replicate,ob,dataset,n_events,b3_event_direction_abs_z,k8_local_event_direction_abs_z,k8_local_non_event_direction_abs_median_z,k8_local_event_minus_non_event_direction_z,k8_p_non_event_direction_ge_event,k8_local_to_b3_direction_ratio,k8_pass,k10_local_event_direction_abs_z,k10_local_non_event_direction_abs_median_z,k10_local_event_minus_non_event_direction_z,k10_p_non_event_direction_ge_event,k10_local_to_b3_direction_ratio,k10_pass,both_pass,any_pass
301,1,Ob1.txt,28,0.11494807887442472,0.04286811106338797,0.17127018890490947,-0.1284020778415215,0.825,0.37293455865599395,False,0.018955057853665774,0.23415614598891954,-0.21520108813525377,0.975,0.1649010408810161,False,False,False
301,2,Ob2.txt,43,0.07332460800168655,0.2291122737416736,0.2745855531014936,-0.045473279359819985,0.625,3.124630052388466,False,0.31989618161392563,0.228288836494307,0.09160734511961863,0.35,4.362739744978488,True,False,True
301,3,Ob3.txt,40,0.3097207691369774,0.11349788528557739,0.2915873579912502,-0.1780894727056728,0.75,0.36645229056428474,False,0.14700589428363742,0.20838173696649226,-0.06137584268285484,0.65,0.47464009176156496,False,False,False
301,4,Ob4.txt,58,0.19559398706513842,0.2840842716817047,0.21163600553291828,0.07244826614878641,0.375,1.452418225858326,False,0.6292570086518716,0.2436042382729084,0.38565277037896323,0.1,3.217159270046021,True,False,True
301,5,Ob5.txt,93,0.10081437018206998,0.07743622044464005,0.2773988397521403,-0.19996261930750026,0.775,0.7681069703137641,False,0.2803138222337673,0.2953399510057526,-0.015026128771985336,0.55,2.78049470256594,False,False,False
301,6,Ob6.txt,112,0.4905776162917675,0.08427979907763192,0.22922252161713103,-0.1449427225394991,0.875,0.17179707405872982,False,0.30328012882022926,0.23031404987922885,0.0729660789410004,0.3,0.6182102867079358,True,False,True
301,7,Ob7.txt,33,0.07103343465726299,0.11305173268016039,0.28603027093351713,-0.17297853825335674,0.775,1.59152845734739,False,0.3348503676520071,0.23647126471767468,0.09837910293433241,0.375,4.713982496660388,False,False,False
301,8,Ob8.txt,84,0.05417464384781659,0.1324264483945953,0.15110461029490524,-0.018678161900309936,0.525,2.4444359757416754,False,0.25796432764168065,0.19341677486196215,0.06454755277971849,0.375,4.7617170934493815,False,False,False
301,9,Ob9.txt,37,0.7049787626914081,0.49104722351426344,0.17887036982755872,0.3121768536867047,0.05,0.6965418669345229,True,0.07055475633866451,0.2765406137179929,-0.20598585737932837,0.875,0.1000806833801724,False,False,True
301,10,Ob10.txt,36,0.196545836386872,0.33870234228762547,0.30710556313118753,0.03159677915643794,0.5,1.7232740642795352,False,0.31285481488614836,0.30539878580673774,0.00745602907941062,0.45,1.5917651609283596,False,False,False
301,11,Ob11.txt,119,0.11975210595102448,0.3112567365591822,0.19501532800661442,0.11624140855256776,0.25,2.5991754724253298,True,0.3764359931481241,0.18537303144108142,0.19106296170704268,0.175,3.1434603187861825,True,True,True
301,12,Ob12.txt,91,0.31741006760482915,0.5599926931252299,0.14192374413048708,0.41806894899474284,0.0,1.7642562422513093,True,0.6590227410416531,0.2649287975395372,0.39409394350211596,0.0,2.0762502778019214,True,True,True
301,13,Ob13.txt,102,0.7221754381787776,0.5816321571013063,0.20506048377689878,0.37657167332440755,0.075,0.8053890043229646,True,0.44982769428311487,0.28028352171669724,0.16954417256641763,0.25,0.6228786947081938,True,True,True
301,14,Ob14.txt,47,0.07996999684475536,0.18400027067449684,0.26710227383856056,-0.08310200316406371,0.7,2.3008662990408015,False,0.03723313179405602,0.24435396089165734,-0.20712082909760132,0.875,0.4655887615743711,False,False,False
301,15,Ob15.txt,96,0.01212067434497116,0.3770073661742629,0.28536510753445143,0.09164225863981146,0.25,31.104487707871,True,0.10649315069054024,0.20088136650270025,-0.09438821581216,0.675,8.786074739704892,False,False,True
301,16,Ob16.txt,84,0.14923366779512426,0.13737877194178086,0.18724228433416396,-0.0498635123923831,0.6,0.9205615192034386,False,0.16865619488255928,0.24060967359824162,-0.07195347871568233,0.75,1.1301484267886472,False,False,False
301,17,Ob17.txt,122,0.21265623229762967,0.08670887935237487,0.17173996125463237,-0.0850310819022575,0.65,0.40774200885407746,False,0.15408933922038454,0.16309085215211072,-0.009001512931726185,0.575,0.724593573183992,False,False,False
301,18,Ob18.txt,103,0.5576175350415808,0.4157859070599777,2.9577603332360303,-2.5419744261760524,0.675,0.7456471164038503,False,0.25273282872018255,2.7511179587988366,-2.498385130078654,0.7,0.4532368744489654,False,False,False
301,19,Ob19.txt,143,0.196367523033377,0.2774268743470898,0.1903144860570549,0.0871123882900349,0.15,1.4127940815342206,True,0.3673789669059403,0.20587879555805833,0.16150017134788197,0.275,1.8708743749010681,True,True,True
302,1,Ob1.txt,28,0.25437285401346943,0.25249335834997383,0.30761766603017393,-0.0551243076802001,0.6,0.9926112569252532,False,0.4812797902482813,0.2066680189690126,0.2746117712792687,0.175,1.8920249651434773,True,False,True
302,2,Ob2.txt,43,0.3068056444515058,0.0707267146624119,0.21731346940974774,-0.14658675474733585,0.9,0.23052611952056531,False,0.2508712052885207,0.2627503467175009,-0.011879141428980222,0.55,0.817687711505496,False,False,False
302,3,Ob3.txt,40,0.09084391484196669,0.06113407841948501,0.21209529574858058,-0.15096121732909557,0.8,0.6729573304478862,False,0.00836290306251325,0.23893228367894465,-0.2305693806164314,1.0,0.09205793340215984,False,False,False
302,4,Ob4.txt,58,0.16557389322159716,0.2338902751096048,0.23659060078609132,-0.002700325676486509,0.5,1.4126035847727265,False,0.03950469601847957,0.21800631666989853,-0.17850162065141895,0.925,0.23859254167327057,False,False,False
302,5,Ob5.txt,93,0.042694716283070394,0.11770403199830387,0.20995375637393968,-0.0922497243756358,0.625,2.7568758442593677,False,0.26842756740584184,0.13048468109342887,0.13794288631241297,0.3,6.287137865635159,True,False,True
302,6,Ob6.txt,112,0.43425061184132835,0.05868543008400576,0.1656824202865422,-0.10699699020253645,0.775,0.13514184778039862,False,0.674710158265708,0.14281241032992753,0.5318977479357805,0.025,1.553734502306796,True,False,True
302,7,Ob7.txt,33,0.22071091605991233,0.01292182248621232,0.24238769164822474,-0.22946586916201242,1.0,0.058546367877448664,False,0.21473414922166004,0.3365011006450227,-0.12176695142336266,0.675,0.9729203840709452,False,False,False
302,8,Ob8.txt,84,0.3149288317429728,0.04302762795796795,0.27019672569542263,-0.2271690977374547,0.875,0.1366265124721406,False,0.3887871539291197,0.10351926819131092,0.2852678857378088,0.05,1.2345238502850888,True,False,True
302,9,Ob9.txt,37,0.19954508959783102,0.14785921885486722,0.20497807510750868,-0.05711885625264146,0.525,0.7409814952242973,False,0.01311669766588397,0.2940100702884608,-0.28089337262257685,0.95,0.06573300146006972,False,False,False
302,10,Ob10.txt,36,1.384639101790854,0.33416050617650656,0.2014132525669682,0.13274725360953835,0.275,0.24133400952227377,False,0.27651377557469564,0.20127239734753993,0.07524137822715571,0.45,0.19970097277843762,False,False,False
302,11,Ob11.txt,119,0.3072126995849573,0.5031032599127258,0.13413795305514425,0.3689653068575815,0.075,1.6376382245669387,True,0.3467532845934883,0.1683023456520139,0.1784509389414744,0.2,1.1287075210821367,True,True,True
302,12,Ob12.txt,91,0.28628529104733647,0.1298090125357477,0.15555748911143757,-0.025748476575689877,0.575,0.45342536482003243,False,0.2864065400900173,0.2131734757370765,0.0732330643529408,0.35,1.0004235252263127,True,False,True
302,13,Ob13.txt,102,0.14243746407937116,0.19825001006833481,0.1497989601123027,0.04845104995603211,0.4,1.3918389473563144,False,0.1122969339271691,0.1456864041489936,-0.03338947022182448,0.6,0.7883946449972832,False,False,False
302,14,Ob14.txt,47,0.49989181162698476,0.29592570826788667,0.21507325192075455,0.08085245634713212,0.4,0.5919795071352439,False,0.029796797967304667,0.27909316262194955,-0.2492963646546449,0.925,0.059606493393692145,False,False,False
302,15,Ob15.txt,96,0.5972287555248066,0.4379085973514858,0.12771412860244097,0.3101944687490448,0.125,0.7332342813377759,True,0.5872722112367953,0.039420603128732176,0.5478516081080631,0.0,0.9833287593808806,True,True,True
302,16,Ob16.txt,84,0.3766867269594564,0.13037494748859596,0.17659907350132473,-0.04622412601272877,0.7,0.34610974626304924,False,0.043679869789319564,0.15455159961955472,-0.11087172983023516,0.9,0.11595808045028601,False,False,False
302,17,Ob17.txt,122,0.05008576391715566,0.29026826142636536,0.16586370567506667,0.12440455575129869,0.225,5.795424462457705,True,0.31011320165716255,0.14784103885850558,0.16227216279865697,0.175,6.191643640897745,True,True,True
302,18,Ob18.txt,103,0.05784212541050806,0.5333819686110182,0.1369657634353456,0.39641620517567255,0.225,9.221341104352293,True,0.0704964745882524,0.23553806922191434,-0.16504159463366194,0.575,1.2187739314199793,False,False,True
302,19,Ob19.txt,143,0.04553555818811433,0.2227305501568637,0.06831445419250351,0.15441609596436018,0.1,4.891354339760805,True,0.10341460167156241,0.14989669429237962,-0.046482092620817206,0.675,2.2710735474975605,False,False,True
303,1,Ob1.txt,28,1.1660495939045838,0.4768192593631532,0.20069682127654023,0.27612243808661296,0.125,0.4089185072879247,True,0.1515572928879351,0.2444936711317765,-0.0929363782438414,0.625,0.1299749973587631,False,False,True
303,2,Ob2.txt,43,0.27743670431478895,0.09558728955509327,0.2017407404303384,-0.10615345087524514,0.825,0.3445372874911199,False,0.12561075926138449,0.20725367582806098,-0.0816429165666765,0.625,0.45275465469364257,False,False,False
303,3,Ob3.txt,40,0.04495308291711239,0.37165853946997274,0.22725031558878522,0.14440822388118751,0.275,8.267698572648788,True,0.2794800242221853,0.21271448640871282,0.0667655378134725,0.325,6.21714921616188,True,True,True
303,4,Ob4.txt,58,0.23982213375477,0.04821672840803447,0.3105071605336679,-0.2622904321256334,0.9,0.20105203657865234,False,0.33020533280807773,0.4379152257522073,-0.10770989294412958,0.7,1.3768759690284844,False,False,False
303,5,Ob5.txt,93,0.2713141264377317,0.20284350941220552,0.2691486648758633,-0.06630515546365778,0.575,0.7476334243095868,False,0.06192414649981692,0.22085789899673977,-0.15893375249692285,0.85,0.22823782643705767,False,False,False
303,6,Ob6.txt,112,0.2194717730876391,0.18226692725954624,0.1621256347438262,0.020141292515720027,0.45,0.8304800416715261,False,0.27835267126078683,0.22538471004390637,0.052967961216880466,0.325,1.2682846060100654,True,False,True
303,7,Ob7.txt,33,0.11057192902875462,0.44619085024072624,0.2642408373614372,0.18195001287928902,0.25,4.0352995028665255,True,0.5936814612522975,0.32996235341911073,0.26371910783318675,0.25,5.369187880387874,True,True,True
303,8,Ob8.txt,84,0.10265162297927685,0.08803945158636733,0.12553114995999817,-0.03749169837363084,0.575,0.8576527972104309,False,0.18420222575692685,0.11148928736346571,0.07271293839346114,0.325,1.7944404619312575,True,False,True
303,9,Ob9.txt,37,0.5914464610550363,0.5406551715107434,0.22610462967008352,0.3145505418406599,0.125,0.9141236056198727,True,0.5007976934186995,0.25249832427171626,0.24829936914698325,0.175,0.8467337728682401,True,True,True
303,10,Ob10.txt,36,0.4257348622293292,0.15598272933879828,0.23456511244348907,-0.07858238310469079,0.6,0.3663846754808996,False,0.051738962197148186,0.2624132266828778,-0.21067426448572962,0.925,0.12152860098470894,False,False,False
303,11,Ob11.txt,119,0.256784604748981,0.02497798232651148,0.16910347211042925,-0.14412548978391776,0.975,0.09727211781613088,False,0.019227076967517215,0.1425390195507535,-0.12331194258323627,0.85,0.07487628390460785,False,False,False
303,12,Ob12.txt,91,0.5789804850112329,0.5571195581550739,0.15251610652783187,0.404603451627242,0.025,0.9622423770367063,True,0.2964964487893369,0.1929320527839522,0.1035643960053847,0.225,0.5121009368451935,True,True,True
303,13,Ob13.txt,102,0.23266853240634966,0.27796652936004906,0.15330849748129924,0.12465803187874983,0.325,1.1946889701207537,True,0.21231399057235764,0.16287434306797793,0.04943964750437971,0.375,0.9125169973632561,False,False,True
303,14,Ob14.txt,47,0.35763399950697666,0.09060098993617927,0.1737509634347154,-0.08314997349853614,0.7,0.25333438672240066,False,0.013202168366872519,0.24044822364286705,-0.22724605527599454,0.975,0.03691530555001098,False,False,False
303,15,Ob15.txt,96,0.46115672925783924,0.3577732517890464,0.16727720624348658,0.19049604554555982,0.25,0.775817046765917,True,0.07311054108414583,0.11430185615180968,-0.04119131506766385,0.575,0.1585372964237256,False,False,True
303,16,Ob16.txt,84,0.24452328565244402,0.4338259420097472,0.22460954743409695,0.20921639457565028,0.1,1.7741702629759797,True,0.43227665749206845,0.22264378806756244,0.209632869424506,0.075,1.7678343244025023,True,True,True
303,17,Ob17.txt,122,0.1503428296816765,0.12088273852006137,0.18550128859952092,-0.06461855007945955,0.725,0.8040472483856297,False,0.27267888613953345,0.16116018408878718,0.11151870205074627,0.3,1.8137139411096705,True,False,True
303,18,Ob18.txt,103,0.024221994898785196,0.34936263211448054,0.013033939208148104,0.33632869290633244,0.0,14.423363293334774,True,0.1424498874754711,0.013076276959352429,0.12937361051611868,0.0,5.881013850044836,True,True,True
303,19,Ob19.txt,143,0.09602613994788811,0.18261055209991497,0.22321787874661442,-0.04060732664669944,0.575,1.9016754416975927,False,0.19437394549510642,0.142432055532068,0.05194188996303842,0.4,2.024177433359189,False,False,False
304,1,Ob1.txt,28,0.33421422840564996,0.17443007331366264,0.1754292372213307,-0.0009991639076680492,0.5,0.521910973526685,False,0.10915701454065713,0.3882051433708972,-0.27904812883024005,0.75,0.3266079216955678,False,False,False
304,2,Ob2.txt,43,0.9321986092452188,0.6976213399110562,0.19345879736346802,0.5041625425475882,0.05,0.7483612751534839,True,0.25464642692320316,0.21715955462023345,0.03748687230296971,0.425,0.27316756793853714,False,False,True
304,3,Ob3.txt,40,1.1090698131696342,0.6538173825879809,0.24770820851298972,0.40610917407499125,0.05,0.5895186892873969,True,0.4022313825440307,0.1854818635945314,0.2167495189494993,0.125,0.3626745383994224,True,True,True
304,4,Ob4.txt,58,0.11022821030306798,0.7598905547861309,0.16879690794914665,0.5910936468369843,0.0,6.893793818268869,True,0.7759257195320377,0.1936523985016786,0.5822733210303591,0.0,7.039266240453887,True,True,True
304,5,Ob5.txt,93,0.38073670994867814,0.2735960935230553,0.17199113195155719,0.10160496157149812,0.325,0.7185965691617575,True,0.32163040500620776,0.21974525189402414,0.10188515311218363,0.3,0.8447580614161485,True,True,True
304,6,Ob6.txt,112,0.2237203999523345,0.09276251786493717,0.17222161809520603,-0.07945910023026886,0.75,0.41463593791491965,False,0.08474243378551594,0.15684589906198665,-0.07210346527647071,0.7,0.37878724427263233,False,False,False
304,7,Ob7.txt,33,0.7697434620978345,0.1971865601423715,0.22950381497916278,-0.03231725483679129,0.625,0.2561717895010962,False,0.31291479535407685,0.2682897807145942,0.04462501463948265,0.425,0.40651828922491756,False,False,False
304,8,Ob8.txt,84,0.3831488126159671,0.08020964075712521,0.21612847462055607,-0.13591883386343084,0.8,0.20934331026498554,False,0.1307476402766731,0.21786947909972576,-0.08712183882305266,0.7,0.3412450618964137,False,False,False
304,9,Ob9.txt,37,0.0450646033013985,0.2977063203345187,0.3889539550891634,-0.0912476347546447,0.625,6.606211938523376,False,0.40045000930313446,0.29375197185819235,0.1066980374449421,0.25,8.886131907671919,True,False,True
304,10,Ob10.txt,36,0.27450923537621463,0.09976800999012166,0.24759073126561162,-0.14782272127548995,0.825,0.3634413605552822,False,0.20243955687688664,0.1938809543558989,0.008558602520987751,0.475,0.7374599131407853,False,False,False
304,11,Ob11.txt,119,0.49767212436821995,0.1693335817034657,0.2081023681859598,-0.0387687864824941,0.625,0.3402512887745716,False,0.05683608432865128,0.20384430761389155,-0.14700822328524027,0.825,0.11420387348558654,False,False,False
304,12,Ob12.txt,91,0.10639553116603934,0.23346806749202925,0.24359179126378197,-0.010123723771752718,0.5,2.194340917643264,False,0.1217909354966992,0.15906566201096536,-0.037274726514266165,0.6,1.1446997271589727,False,False,False
304,13,Ob13.txt,102,0.2311362017397819,0.018090833683459123,0.2825540628293799,-0.2644632291459208,0.6,0.07826914843840072,False,0.11329269272218234,0.11642403626911113,-0.0031313435469287887,0.5,0.4901555527408454,False,False,False
304,14,Ob14.txt,47,0.09077593207409958,0.05887938601036281,0.2391467271347974,-0.1802673411244346,0.8,0.6486233152891241,False,0.29120423129461204,0.23688591979658255,0.05431831149802949,0.45,3.2079453731954484,False,False,False
304,15,Ob15.txt,96,0.010352645012625616,0.02591184991269191,0.2815250786580267,-0.25561322874533476,0.95,2.5029207396844955,False,0.3288563802838972,0.1873351549158752,0.14152122536802197,0.3,31.76544543764795,True,False,True
304,16,Ob16.txt,84,0.026099117285926482,0.17919446433167974,0.19959362580064088,-0.020399161468961147,0.525,6.865920497177404,False,0.2990892893396989,0.14984172550556918,0.14924756383412974,0.3,11.4597473187715,True,False,True
304,17,Ob17.txt,122,0.3553461678686972,0.056882085927708215,0.15601938496190443,-0.09913729903419621,0.875,0.16007513537820542,False,0.12354237245569381,0.1719368889883775,-0.04839451653268369,0.6,0.3476676650171265,False,False,False
304,18,Ob18.txt,103,0.20606114031832734,0.025133315232119063,0.0,0.025133315232119063,0.125,0.12197018415647229,False,0.02323423884990064,0.0,0.02323423884990064,0.15,0.11275410207867397,False,False,False
304,19,Ob19.txt,143,0.08288227121434916,0.09116759007556542,0.12795010531997414,-0.03678251524440872,0.675,1.0999649109492773,False,0.033065340951703694,0.15752543913137618,-0.12446009817967249,0.9,0.39894347086834164,False,False,False
305,1,Ob1.txt,28,0.35913078330511794,0.16624535576639662,0.2170905839164792,-0.05084522815008258,0.625,0.46291034769123196,False,0.11160275056277685,0.23497353529069226,-0.1233707847279154,0.7,0.31075796270006467,False,False,False
305,2,Ob2.txt,43,0.3984279505231263,0.4774085404905242,0.1753991329217996,0.30200940756872463,0.075,1.1982305454818074,True,0.6396898361814852,0.21574667174898687,0.42394316443249835,0.025,1.6055345397871508,True,True,True
305,3,Ob3.txt,40,0.20344775913925056,0.27595332171042475,0.30411387617805824,-0.028160554467633492,0.6,1.3563841788080226,False,0.10902865006564044,0.30214675427942767,-0.19311810421378722,0.775,0.5359048953250716,False,False,False
305,4,Ob4.txt,58,0.40005014290250557,0.5166435246623036,0.23568681400863273,0.28095671065367084,0.225,1.2914469194133307,True,0.26258900316200573,0.24635042925681744,0.01623857390518829,0.475,0.6563902246274166,False,False,True
305,5,Ob5.txt,93,0.33900207758432044,0.4481192030813346,0.16224178627262942,0.2858774168087052,0.075,1.3218774535972375,True,0.5412085645822672,0.14923893503936903,0.39196962954289816,0.025,1.5964756571370913,True,True,True
305,6,Ob6.txt,112,0.38441851497294693,0.5602194269791937,0.14481721520580637,0.4154022117733873,0.0,1.4573164537057186,True,0.6264604518351249,0.12008786542042421,0.5063725864147006,0.0,1.629631319602833,True,True,True
305,7,Ob7.txt,33,0.3333984791453456,0.5044673771803859,0.2380345984731256,0.26643277870726034,0.075,1.5131064139031738,True,0.80187057106954,0.23148266196061298,0.570387909108927,0.025,2.4051416584895793,True,True,True
305,8,Ob8.txt,84,0.23432733411785905,0.04028713814952847,0.22859933158460072,-0.18831219343507224,0.825,0.17192675494385706,False,0.10774011635541146,0.16391573698688863,-0.05617562063147717,0.75,0.4597846715621391,False,False,False
305,9,Ob9.txt,37,1.3183631040604422,0.0973528889840086,0.25826822271701766,-0.16091533373300906,0.825,0.07384376025403797,False,0.22959662938569703,0.4136739739969849,-0.18407734461128789,0.65,0.17415280257658883,False,False,False
305,10,Ob10.txt,36,0.0828751471554815,0.10662844717487228,0.22673838455923556,-0.12010993738436328,0.75,1.2866154792440656,False,0.34396260680262475,0.2180462810990682,0.12591632570355654,0.375,4.150370993095419,False,False,False
305,11,Ob11.txt,119,0.049792421980247054,0.08992465918882928,0.17138754093367084,-0.08146288174484156,0.675,1.8059908639210784,False,0.08749941491534935,0.22380458945423543,-0.13630517453888608,0.7,1.7572837680011002,False,False,False
305,12,Ob12.txt,91,0.04903511965961341,0.35889264358089856,0.10678547240362911,0.25210717117726944,0.175,7.319093867257182,True,0.27660710190185395,0.15937480349257102,0.11723229840928293,0.325,5.640999834852543,True,True,True
305,13,Ob13.txt,102,0.22374009256689825,0.09400608160637147,0.1490383393099925,-0.055032257703621024,0.7,0.42015751637478055,False,0.22157170111033542,0.19729212128636214,0.024279579823973274,0.475,0.9903084358655367,False,False,False
305,14,Ob14.txt,47,0.08962340611634281,0.2570368103539849,0.22488241987504692,0.03215439047893798,0.45,2.8679652056552922,False,0.37560064360604495,0.25290938847788447,0.12269125512816048,0.175,4.190876690386734,True,False,True
305,15,Ob15.txt,96,0.5355779164342274,0.09694939202021648,0.2645578396339701,-0.16760844761375365,0.75,0.18101827772453072,False,0.480064156820562,0.21693499136678976,0.2631291654537723,0.15,0.8963479301326219,True,False,True
305,16,Ob16.txt,84,0.06917581352437985,0.23944769242374953,0.21255640545652196,0.026891286967227562,0.4,3.4614365950226262,False,0.36257715446429295,0.20364380492761497,0.15893334953667798,0.375,5.241386201211912,False,False,False
305,17,Ob17.txt,122,0.23491184891104813,0.20065235695753786,0.22415108659117775,-0.023498729633639887,0.575,0.8541602217498914,False,0.5566538094078454,0.1945888534511271,0.3620649559567183,0.05,2.3696284882531757,True,False,True
305,18,Ob18.txt,103,0.3355639678103784,0.09747066131969928,0.0,0.09747066131969928,0.0,0.29046819882276015,False,0.06008017980870978,0.0,0.06008017980870978,0.0,0.17904240494217807,False,False,False
305,19,Ob19.txt,143,0.0867681447993707,0.15163779256512633,0.12089398108873135,0.030743811476394975,0.4,1.747620545716982,False,0.00037829592363886055,0.12768051759074087,-0.127302221667102,1.0,0.004359848012350314,False,False,False
306,1,Ob1.txt,28,1.0473269505892344,0.3713527938458505,0.25949630004340524,0.11185649380244528,0.275,0.3545719831203852,True,0.37621216421927417,0.33520443610768924,0.04100772811158493,0.425,0.3592117666862428,False,False,True
306,2,Ob2.txt,43,0.8434654258513324,0.7801172436435109,0.22066239299783952,0.5594548506456714,0.0,0.9248953421607263,True,0.23487133887099534,0.26908894683576573,-0.034217607964770386,0.525,0.2784599482947785,False,False,True
306,3,Ob3.txt,40,0.1833841002104592,0.5518127092605659,0.2018760205658161,0.3499366886947498,0.15,3.0090542671217557,True,0.053756099225103104,0.26287174156634635,-0.20911564234124325,0.925,0.2931339148999852,False,False,True
306,4,Ob4.txt,58,0.25373053882638763,0.8334088838393967,0.23234438252381695,0.6010645013155798,0.025,3.2846218972862693,True,0.8343878485855826,0.2846817405551463,0.5497061080304363,0.025,3.288480182342195,True,True,True
306,5,Ob5.txt,93,0.28573289179049655,0.39652471872149,0.26341631409728583,0.13310840462420415,0.15,1.387746143738424,True,0.4415328354268751,0.2497320245387566,0.1918008108881185,0.175,1.545264294425765,True,True,True
306,6,Ob6.txt,112,0.10437082649732615,0.2083559124994622,0.21982590372711372,-0.011469991227651521,0.525,1.996304134899229,False,0.455355777733898,0.1733302966932527,0.2820254810406453,0.075,4.362864538066714,True,False,True
306,7,Ob7.txt,33,0.4526827470989563,0.1085727628350035,0.3888048986718573,-0.2802321358368538,0.925,0.23984294416078009,False,0.039639711941575895,0.379237362229929,-0.3395976502883531,0.95,0.08756620877559239,False,False,False
306,8,Ob8.txt,84,0.0763192308056379,0.3997434442548819,0.20957337338187812,0.19017007087300378,0.25,5.237781356482851,True,0.36761390239289116,0.2502343142314421,0.11737958816144906,0.375,4.816792550348064,False,False,True
306,9,Ob9.txt,37,0.12268194982230479,0.061330443260212086,0.39541458414139896,-0.3340841408811869,0.875,0.49991415484547186,False,0.33287049028549665,0.2715573232571803,0.06131316702831635,0.325,2.7132800772047845,True,False,True
306,10,Ob10.txt,36,0.4734353451537443,0.44936376072549533,0.22891877016055368,0.22044499056494166,0.1,0.9491554978421987,True,0.10949002659786886,0.1726392669817322,-0.06314924038386335,0.725,0.23126711539104217,False,False,True
306,11,Ob11.txt,119,0.5183748266915927,0.22351129866106445,0.18180276100011597,0.04170853766094848,0.4,0.43117699230800527,False,0.0827187821861578,0.195379556194754,-0.1126607740085962,0.75,0.15957330087591495,False,False,False
306,12,Ob12.txt,91,0.26597078988199957,0.08387785625654762,0.2094305959275128,-0.1255527396709652,0.8,0.31536491768047464,False,0.17275075865239625,0.2222132331905451,-0.04946247453814884,0.55,0.6495102666313046,False,False,False
306,13,Ob13.txt,102,0.34901839958632264,0.04754700866523544,0.1448255932911991,-0.09727858462596366,0.775,0.13623066497809566,False,0.05809153352050414,0.1596357131236459,-0.10154417960314177,0.825,0.1664426104450587,False,False,False
306,14,Ob14.txt,47,0.1301946613197618,0.0968788714902615,0.18672800845384113,-0.08984913696357963,0.75,0.7441078651629519,False,0.01660408982833239,0.2518760847708794,-0.23527199494254702,0.975,0.12753280096141786,False,False,False
306,15,Ob15.txt,96,0.34171814954937574,0.06413466898833908,0.1408241148606379,-0.07668944587229881,0.775,0.1876829459392589,False,0.0822062961718576,0.10320959830382323,-0.021003302131965634,0.65,0.24056754456929832,False,False,False
306,16,Ob16.txt,84,0.13369049026374638,0.0733568708575042,0.3161090902339964,-0.24275221937649222,0.725,0.5487067233636796,False,0.0021734027419454682,0.23271188491037828,-0.2305384821684328,0.975,0.016256973384253064,False,False,False
306,17,Ob17.txt,122,0.04823772018814623,0.589803584746582,0.17445284808612915,0.41535073666045286,0.025,12.227020316178173,True,0.5243853725665474,0.1960702047343503,0.32831516783219705,0.075,10.870857298421994,True,True,True
306,18,Ob18.txt,103,0.13724828666207184,0.11621331221052714,0.13719058274231766,-0.02097727053179052,0.625,0.846737799333435,False,0.08274344833263642,0.0033693708165317693,0.07937407751610465,0.3,0.6028741803995308,True,False,True
306,19,Ob19.txt,143,0.03438114589476443,0.22897207139224068,0.24406571494087784,-0.015093643548637153,0.55,6.65981500712891,False,0.3815679352327227,0.24222997792090697,0.13933795731181572,0.225,11.098173877061729,True,False,True
307,1,Ob1.txt,28,0.6969720824212373,0.13476762479369064,0.23645165835340198,-0.10168403355971134,0.6,0.19336158246900848,False,0.27450940093428644,0.27449403327205313,1.5367662233312096e-05,0.5,0.39385996635712867,False,False,False
307,2,Ob2.txt,43,0.24196864910751997,0.2844075663841216,0.17717398304005094,0.10723358334407068,0.225,1.1753901484061422,True,0.11903609158237502,0.23002627624525612,-0.1109901846628811,0.7,0.4919484074545572,False,False,True
307,3,Ob3.txt,40,0.07900752744769046,0.5149982484491289,0.1888771409776016,0.3261211074715273,0.125,6.518344075380671,True,0.03261030230478837,0.22438259509067368,-0.1917722927858853,0.9,0.4127493083033018,False,False,True
307,4,Ob4.txt,58,0.11253487456851935,0.5801200267367356,0.14268867752299488,0.4374313492137407,0.075,5.155024422082744,True,0.45790647861256556,0.3078119419071883,0.15009453670537726,0.225,4.069018429782486,True,True,True
307,5,Ob5.txt,93,0.23185555785196144,0.12499998688727604,0.2206077988870338,-0.09560781199975776,0.7,0.5391287060156992,False,0.0967666009063283,0.2054535985052775,-0.1086869975989492,0.775,0.41735726243885546,False,False,False
307,6,Ob6.txt,112,0.14254583008184346,0.02035169897550021,0.17453503209819204,-0.15418333312269183,0.875,0.14277302228914848,False,0.12749904375934135,0.16491672355624412,-0.037417679796902775,0.55,0.894442465880181,False,False,False
307,7,Ob7.txt,33,0.3405435187811924,0.061893977825447116,0.41309900552295886,-0.3512050276975117,0.9,0.18175056758374405,False,0.08031600920796039,0.2953525383774739,-0.2150365291695135,0.95,0.23584653584191514,False,False,False
307,8,Ob8.txt,84,0.03928208564763924,0.08816154887983885,0.2671066207141166,-0.17894507183427777,0.85,2.244319450617998,False,0.1254243219854551,0.24638193701721145,-0.12095761503175634,0.8,3.1929140196504004,False,False,False
307,9,Ob9.txt,37,0.4023819188516885,0.250600816907096,0.22244597362166005,0.028154843285435965,0.45,0.6227934337165469,False,0.022827248339918088,0.27282859653975056,-0.25000134819983244,0.975,0.056730303401957394,False,False,False
307,10,Ob10.txt,36,0.6417386668581369,0.009105236021173801,0.29763017520898777,-0.28852493918781397,0.975,0.014188386163096216,False,0.44123347887623154,0.21633952137070872,0.22489395750552282,0.1,0.6875594407244451,True,False,True
307,11,Ob11.txt,119,0.3002426670181393,0.2561435881637203,0.15923740447652296,0.09690618368719733,0.3,0.8531218787376588,True,0.33684663894235556,0.18895918183863789,0.14788745710371767,0.175,1.1219146242196312,True,True,True
307,12,Ob12.txt,91,0.02785561593808286,0.06705200001373515,0.19134054036004486,-0.1242885403463097,0.825,2.4071268128759944,False,0.03208232054462723,0.20169436088071285,-0.16961204033608562,0.975,1.1517361747067247,False,False,False
307,13,Ob13.txt,102,0.32685212828947313,0.03372478369715137,0.0,0.03372478369715137,0.275,0.10318055407393087,False,0.230251185206707,0.0,0.230251185206707,0.25,0.7044506224012942,True,False,True
307,14,Ob14.txt,47,0.31374226809495975,0.24524648069590058,0.23397177624911764,0.01127470444678294,0.475,0.7816813532490697,False,0.4783274645986339,0.19275898061691832,0.2855684839817156,0.15,1.5245872591634975,True,False,True
307,15,Ob15.txt,96,0.030542032133525104,0.2172504823977732,0.21617319234108692,0.0010772900566862753,0.5,7.1131639652524505,False,0.13848909759187225,0.10903361837438526,0.029455479217486993,0.4,4.534377312760953,False,False,False
307,16,Ob16.txt,84,0.3429201591935829,0.12492743329691969,0.2086142692957429,-0.0836868359988232,0.675,0.36430472209829035,False,0.036469836565097946,0.13654969224759278,-0.10007985568249483,0.85,0.10635080961953669,False,False,False
307,17,Ob17.txt,122,0.05560141774820733,0.2173033859038298,0.2066148427653332,0.010688543138496598,0.475,3.908234622503596,False,0.018790793618471413,0.18769564412087522,-0.1689048505024038,0.95,0.33795529645603783,False,False,False
307,18,Ob18.txt,103,0.15953749947557547,0.19803842380662148,0.0,0.19803842380662148,0.0,1.2413283676728326,True,0.06313040232381259,0.0,0.06313040232381259,0.0,0.3957088617493193,True,True,True
307,19,Ob19.txt,143,0.013124973512100208,0.1897282911773082,0.23407257477194404,-0.04434428359463585,0.55,14.455518024656843,False,0.2386639181412263,0.12058624070704554,0.11807767743418077,0.2,18.183954270170275,True,False,True
308,1,Ob1.txt,28,0.7115509269369293,0.8075663234260091,0.26767448587341935,0.5398918375525897,0.025,1.1349381932540021,True,0.7416171829862381,0.2510942666243684,0.49052291636186973,0.1,1.0422545385173447,True,True,True
308,2,Ob2.txt,43,0.9096235194721591,0.16907600108978876,0.23457433987475937,-0.0654983387849706,0.6,0.18587470252297458,False,0.004152888513437258,0.31221803000722115,-0.3080651414937839,1.0,0.004565502567311713,False,False,False
308,3,Ob3.txt,40,0.4156576064728202,0.05920670547422657,0.2506639146417988,-0.19145720916757225,0.875,0.14244104896008464,False,0.3397940929027428,0.3068264207373851,0.03296767216535773,0.375,0.8174855641068652,False,False,False
308,4,Ob4.txt,58,0.38927729663066235,0.28578398791041193,0.2004519197310629,0.08533206817934902,0.425,0.7341398801933148,False,0.5300690750646389,0.28914543558500055,0.2409236394796383,0.125,1.3616747743898268,True,False,True
308,5,Ob5.txt,93,0.08389892717846137,0.27717085850990203,0.15309765771569764,0.12407320079420439,0.275,3.3036281610649447,True,0.38185661890154066,0.16083706349856877,0.22101955540297188,0.225,4.551388578417619,True,True,True
308,6,Ob6.txt,112,0.2454196797075383,0.27148303368464044,0.1655903625888611,0.10589267109577935,0.35,1.1061991198430432,True,0.4815254807071333,0.2009703293873187,0.28055515131981457,0.075,1.9620491774781774,True,True,True
308,7,Ob7.txt,33,0.2604084245005397,0.5184276857408356,0.41606802651992664,0.102359659220909,0.425,1.9908253227028805,False,0.440512399171594,0.40499444444535315,0.035517954726240863,0.45,1.691621152489562,False,False,False
308,8,Ob8.txt,84,0.017387708776455776,0.16541177075292027,0.2502865770028162,-0.08487480624989593,0.725,9.513143616535599,False,0.04407535499186957,0.20676549025959617,-0.1626901352677266,0.9,2.534856981936045,False,False,False
308,9,Ob9.txt,37,0.5653894566756559,0.06007436427332069,0.4853617010016727,-0.425287336728352,0.95,0.10625306779957032,False,0.1806495591943135,0.37334724078205506,-0.19269768158774156,0.675,0.3195134912074348,False,False,False
308,10,Ob10.txt,36,0.33664880208459497,0.15872074742981468,0.2542733239591386,-0.09555257652932392,0.75,0.4714727824575192,False,0.007860999270353386,0.19110497774117635,-0.18324397847082297,0.975,0.02335074184632931,False,False,False
308,11,Ob11.txt,119,0.12600598574517435,0.34150517308804496,0.1770092247571317,0.16449594833091324,0.125,2.7102297646294438,True,0.3825973344057402,0.15241256738452302,0.23018476702121715,0.15,3.036342536770262,True,True,True
308,12,Ob12.txt,91,0.3736899125664204,0.11885970596912548,0.2149647899888634,-0.09610508401973791,0.725,0.3180704160645469,False,0.09707846632460287,0.16739883830410038,-0.0703203719794975,0.725,0.25978348106291993,False,False,False
308,13,Ob13.txt,102,0.06171527978377253,0.04988680142524231,0.0,0.04988680142524231,0.25,0.8083379286301087,True,0.1311200341928871,0.0,0.1311200341928871,0.25,2.1245959615233554,True,True,True
308,14,Ob14.txt,47,0.22311940516498371,0.5548436380927502,0.21372366461728123,0.34111997347546896,0.2,2.486756531474597,True,0.37847898995121876,0.22668890037074912,0.15179008958046963,0.275,1.6963069154444712,True,True,True
308,15,Ob15.txt,96,0.23227345692188398,0.2202544698070774,0.09359022020258695,0.12666424960449046,0.275,0.9482550125439057,True,0.09065086925289592,0.11760985869968663,-0.026958989446790704,0.575,0.39027648898936723,False,False,True
308,16,Ob16.txt,84,0.08934023587321177,0.3354428442327759,0.1704408099019659,0.16500203433081004,0.25,3.7546670988066735,True,0.5503771856477595,0.1928737931923628,0.3575033924553967,0.05,6.160462643380902,True,True,True
308,17,Ob17.txt,122,0.03274325160378461,0.2805418084658612,0.16957120841943055,0.11097060004643064,0.35,8.567927579722564,True,0.124420722870417,0.20629255667976526,-0.08187183380934826,0.775,3.7998890389992885,False,False,True
308,18,Ob18.txt,103,0.09896267078880282,0.3356569888550418,0.0,0.3356569888550418,0.3,3.391753538779997,True,0.19450283731549212,0.0,0.19450283731549212,0.475,1.9654162096189025,False,False,True
308,19,Ob19.txt,143,0.13457550331333823,0.3191474738519829,0.09529482867614546,0.22385264517583742,0.125,2.371512392629864,True,0.24916043543310623,0.14168910290139888,0.10747133253170735,0.35,1.8514546057685901,True,True,True
309,1,Ob1.txt,28,0.07847343028767875,0.23953626247503582,0.24621850267053202,-0.0066822401954962085,0.525,3.0524505121913323,False,0.18496280363568904,0.2797018875519491,-0.09473908391626004,0.625,2.3570118313628807,False,False,False
309,2,Ob2.txt,43,0.5165710262636324,0.20430342383652803,0.21984120797240242,-0.015537784135874394,0.525,0.3954991926555742,False,0.10177602180547171,0.2418622459149018,-0.14008622410943009,0.775,0.19702231954745802,False,False,False
309,3,Ob3.txt,40,0.40084082450985226,0.48245572260080183,0.18632997451043248,0.29612574809036935,0.275,1.2036092461159569,True,0.26448034530076403,0.25541701854593835,0.009063326754825685,0.45,0.659813894016834,False,False,True
309,4,Ob4.txt,58,0.49985765180348307,0.36448418647973246,0.1394370706859709,0.22504711579376158,0.05,0.7291759667270791,True,0.3099969928064126,0.1484149796770582,0.16158201312935438,0.275,0.6201705459303174,True,True,True
309,5,Ob5.txt,93,0.3379897055729588,0.23838652645464994,0.23078959624198517,0.007596930212664776,0.45,0.7053070626826875,False,0.42512570941430083,0.1553620357965018,0.26976367361779907,0.125,1.2578066799212995,True,False,True
309,6,Ob6.txt,112,0.23421281158108548,0.40399414113828414,0.14145206874377747,0.26254207239450666,0.15,1.7249019744524934,True,0.5152532383301718,0.18524136077211542,0.3300118775580564,0.025,2.1999361813381797,True,True,True
309,7,Ob7.txt,33,0.3163249540813806,0.0229694102538687,0.25654159741787586,-0.23357218716400716,0.95,0.072613336246496,False,0.24234902427114904,0.29040176054175915,-0.0480527362706101,0.575,0.7661394434559853,False,False,False
309,8,Ob8.txt,84,0.06530028206163763,0.2421567244720713,0.18552084949079148,0.05663587498127981,0.425,3.7083564852521924,False,0.1148179654958035,0.19176642517756748,-0.07694845968176398,0.7,1.7583073437175296,False,False,False
309,9,Ob9.txt,37,0.08163432790816788,0.46521522647230357,0.23044359256298164,0.23477163390932193,0.3,5.698769603341791,True,0.22191214226806233,0.3758695909072004,-0.15395744863913807,0.625,2.718367970367758,False,False,True
309,10,Ob10.txt,36,0.5503227611698807,0.058207785192107064,0.23963843685504915,-0.1814306516629421,0.85,0.10577026664928137,False,0.21877974919660587,0.2538489780482087,-0.03506922885160285,0.55,0.3975480656688124,False,False,False
309,11,Ob11.txt,119,0.05256608433085992,0.31611038696350946,0.2320353705769868,0.08407501638652265,0.325,6.013580638303904,True,0.29585408475239383,0.1727008696174554,0.12315321513493843,0.225,5.628231368542455,True,True,True
309,12,Ob12.txt,91,0.16491895168410453,0.4155893837042329,0.19117875312411492,0.22441063058011795,0.125,2.5199613474397853,True,0.2725667036052063,0.16695101385003142,0.10561568975517488,0.35,1.6527312405386654,True,True,True
309,13,Ob13.txt,102,0.31992124086298906,0.25715812794089876,0.0,0.25715812794089876,0.0,0.803816987103493,True,0.31673358660627005,0.0,0.31673358660627005,0.0,0.9900361281166568,True,True,True
309,14,Ob14.txt,47,0.0478224444984502,0.2811225650254492,0.24570315299829493,0.03541941202715426,0.425,5.878464975468989,False,0.22827336221347136,0.2872187207554607,-0.05894535854198932,0.575,4.773352023459802,False,False,False
309,15,Ob15.txt,96,0.04881333266027427,0.5287578507738924,0.10776052432360504,0.4209973264502873,0.05,10.832242380455435,True,0.1762213536657195,0.14270245359000003,0.03351890007571948,0.475,3.6101069945821105,False,False,True
309,16,Ob16.txt,84,0.39850025239202647,0.06793331302137065,0.2222035859854753,-0.15427027296410464,0.9,0.17047244666369982,False,0.09450485884295576,0.1965699394469425,-0.10206508060398675,0.675,0.23715131490051394,False,False,False
309,17,Ob17.txt,122,0.3674706320917835,0.31686002786541395,0.1524768177389113,0.16438321012650264,0.125,0.8622730640043951,True,0.0813598998409873,0.15815728786193015,-0.07679738802094285,0.775,0.2214051756404467,False,False,True
309,18,Ob18.txt,103,0.7427077497417663,0.17663890852650463,0.0,0.17663890852650463,0.05,0.23783097535729308,False,0.23232199557783753,0.13451207958696754,0.09780991599087,0.075,0.31280405470201983,True,False,True
309,19,Ob19.txt,143,0.04089091907950093,0.04078270916884358,0.11041996956781494,-0.06963726039897136,0.75,0.9973536933604508,False,0.10843331933009284,0.11902860328134798,-0.010595283951255141,0.5,2.651770167338979,False,False,False
310,1,Ob1.txt,28,0.08060064062005093,0.6536047984682167,0.30851419165880534,0.3450906068094114,0.125,8.10917622291975,True,0.1924718185369237,0.2663670047335498,-0.0738951861966261,0.675,2.3879688431290544,False,False,True
310,2,Ob2.txt,43,0.6512122633300428,0.037731535018177054,0.3105341103887964,-0.27280257537061936,0.95,0.05794045527526288,False,0.6341589679679036,0.20907179757062105,0.42508717039728255,0.2,0.9738130002728521,True,False,True
310,3,Ob3.txt,40,0.616702594413886,0.45744397991022234,0.21251976306879675,0.2449242168414256,0.225,0.7417578327929316,True,0.5717848047010846,0.20282651327289722,0.36895829142818737,0.175,0.9271645844858311,True,True,True
310,4,Ob4.txt,58,0.18759455828967705,0.05508484025656084,0.09947904760973661,-0.04439420735317577,0.675,0.293637730000146,False,0.26631773703373474,0.21771796959879894,0.0485997674349358,0.425,1.4196453216009393,False,False,False
310,5,Ob5.txt,93,0.18980952438528503,0.2059180258416788,0.17360544590981292,0.03231257993186587,0.475,1.0848666657195551,False,0.035191359633736485,0.18631254559375393,-0.15112118596001745,0.9,0.18540354994148384,False,False,False
310,6,Ob6.txt,112,0.13283850729418986,0.1982776612721096,0.16029541470383674,0.03798224656827287,0.375,1.4926218708028343,False,0.15805741631040182,0.13447745933192934,0.023579956978472483,0.4,1.1898463745934835,False,False,False
310,7,Ob7.txt,33,0.08923581175922587,0.7983166910870018,0.23071420842033952,0.5676024826666622,0.15,8.946147015964874,True,0.1427266330678602,0.35545568984132037,-0.21272905677346016,0.875,1.599432226301276,False,False,True
310,8,Ob8.txt,84,0.28464113592751566,0.06265158158204756,0.19498757316458215,-0.1323359915825346,0.85,0.22010726375825695,False,0.01305404541076674,0.26875937006759226,-0.2557053246568255,0.975,0.045861415526710705,False,False,False
310,9,Ob9.txt,37,0.6635694894857855,0.35682223299405824,0.1634314385502093,0.19339079444384893,0.25,0.5377315242003782,True,0.26892762400958925,0.22754139286494757,0.04138623114464168,0.425,0.40527424523087574,False,False,True
310,10,Ob10.txt,36,0.04281893335761222,0.005376895441824819,0.1859322861436354,-0.1805553907018106,0.975,0.12557284874236438,False,0.07117576643062107,0.17931953897809588,-0.10814377254747481,0.7,1.6622498705462885,False,False,False
310,11,Ob11.txt,119,0.09210314598926463,0.44872174108189855,0.13144789595028822,0.31727384513161033,0.075,4.871948034589402,True,0.09703985570012942,0.18841259513822062,-0.0913727394380912,0.75,1.0535997946415447,False,False,True
310,12,Ob12.txt,91,0.33586890812334497,0.24582914865949873,0.20095570100977933,0.0448734476497194,0.45,0.731919932788837,False,0.04196432155181919,0.14512542103225456,-0.10316109948043536,0.825,0.12494256103160391,False,False,False
310,13,Ob13.txt,102,0.07049106623634954,0.2760423592226008,0.0,0.2760423592226008,0.0,3.915990691601375,True,0.36246399032706483,0.0,0.36246399032706483,0.0,5.141984788707254,True,True,True
310,14,Ob14.txt,47,0.43684296897047853,0.41981722233259827,0.22146505410116718,0.1983521682314311,0.25,0.9610254763216051,True,0.618441164562094,0.26338563601807785,0.3550555285440161,0.05,1.4157058908824687,True,True,True
310,15,Ob15.txt,96,0.11829112864408216,0.03229819701841102,0.3276774662681079,-0.2953792692496969,0.975,0.2730398922440819,False,0.40626514661987023,0.21644962023634057,0.18981552638352966,0.225,3.4344515203862227,True,False,True
310,16,Ob16.txt,84,0.39749619362709154,0.6099907473358783,0.18817566979997463,0.4218150775359037,0.0,1.5345826126529833,True,0.42454420570077217,0.20989373114820048,0.2146504745525717,0.2,1.0680459649861591,True,True,True
310,17,Ob17.txt,122,0.08433298878897516,0.37683677508800595,0.20063902394102268,0.17619775114698327,0.15,4.468438513793902,True,0.13568302489745743,0.16672763529558648,-0.031044610398129058,0.575,1.6088961964454325,False,False,True
310,18,Ob18.txt,103,0.18787111713452198,0.3290989223049341,0.38099599708446297,-0.05189707477952887,0.575,1.7517270739881123,False,0.5652805498709241,0.48397764156260104,0.0813029083083231,0.475,3.008874160609608,False,False,False
310,19,Ob19.txt,143,0.27447238562277365,0.1278592908039397,0.21312575807999962,-0.08526646727605991,0.75,0.4658366287516645,False,0.05604691958575353,0.10972221131310397,-0.053675291727350444,0.9,0.20419875558185543,False,False,False
311,1,Ob1.txt,28,0.13944250134483013,0.10791411028068643,0.2882650900598154,-0.18035097977912895,0.8,0.7738968337481517,False,0.4860099653196133,0.34719247039772416,0.13881749492188916,0.2,3.4853789958755086,True,False,True
311,2,Ob2.txt,43,0.6613647514882877,0.6143453116222246,0.22190564253675854,0.39243966908546607,0.025,0.928905434164349,True,0.44906282814606197,0.20142232252058545,0.24764050562547651,0.175,0.6789941966751679,True,True,True
311,3,Ob3.txt,40,0.9477107059963601,0.2501937710256661,0.2670929915960706,-0.016899220570404494,0.55,0.26399804227454515,False,0.10492839008447274,0.3761227527823592,-0.27119436269788644,0.8,0.11071774268304588,False,False,False
311,4,Ob4.txt,58,0.2883104861899114,0.4382738488248865,0.26706725318295377,0.17120659564193275,0.275,1.5201453634821787,True,0.17118708974716818,0.3163372299530999,-0.1451501402059317,0.7,0.5937594986899175,False,False,True
311,5,Ob5.txt,93,0.23482950184834542,0.24744584933071676,0.18242244045255815,0.0650234088781586,0.375,1.0537255642202872,False,0.5604193187735325,0.1301626386810327,0.43025668009249973,0.05,2.386494517777648,True,False,True
311,6,Ob6.txt,112,0.09789386182361431,0.1706397851718383,0.17074205919798713,-0.00010227402614881864,0.5,1.7431101602600783,False,0.10431657786464041,0.24945465768867534,-0.14513807982403493,0.775,1.0656089761031042,False,False,False
311,7,Ob7.txt,33,0.5576499397602003,0.41215609410941456,0.24527722780484532,0.16687886630456925,0.225,0.7390946626599642,True,0.6942589210944036,0.2781268793315331,0.4161320417628705,0.075,1.2449726460885975,True,True,True
311,8,Ob8.txt,84,0.28236428807614317,0.31119421686141197,0.1977268650747116,0.11346735178670037,0.35,1.102101894618821,True,0.06155990638571332,0.21734123385584525,-0.15578132747013193,0.925,0.2180159070580232,False,False,True
311,9,Ob9.txt,37,0.2589074063409441,0.4625440119749594,0.21784407611271667,0.24469993586224276,0.225,1.7865229060533516,True,0.4497703901847778,0.25415618035575865,0.19561420982901917,0.15,1.7371862649324694,True,True,True
311,10,Ob10.txt,36,0.656676778407497,0.3713149562031017,0.1857530204440559,0.18556193575904578,0.275,0.5654455409609205,True,0.3562845461883115,0.20517983199365286,0.15110471419465865,0.225,0.5425569441519389,True,True,True
311,11,Ob11.txt,119,0.2671370279808272,0.3647426427655975,0.12775388040614433,0.23698876235945315,0.225,1.3653765841543148,True,0.6317589336204591,0.1994183740260937,0.4323405595943654,0.025,2.364924617136196,True,True,True
311,12,Ob12.txt,91,0.3263159607175392,0.8409080969953693,0.1608870228219338,0.6800210741734355,0.0,2.5769750739322976,True,0.676834217585191,0.23086532254010358,0.4459688950450874,0.05,2.074168287989634,True,True,True
311,13,Ob13.txt,102,0.08518877940357536,0.2573037158830637,0.0,0.2573037158830637,0.0,3.0203944426073646,True,0.29097887951893614,0.0,0.29097887951893614,0.0,3.41569490202983,True,True,True
311,14,Ob14.txt,47,1.006200625465621,0.42531148001774494,0.2864896463397912,0.13882183367795375,0.225,0.4226905343265229,True,0.247041399815916,0.24338168297064927,0.003659716845266725,0.5,0.2455190282768878,False,False,True
311,15,Ob15.txt,96,0.3709155148954594,0.16697388583496986,0.1310753276569711,0.03589855817799875,0.45,0.4501668955045749,False,0.1937260186053195,0.1635604997920396,0.03016551881327989,0.45,0.5222914944928096,False,False,False
311,16,Ob16.txt,84,0.29434409372454406,0.5973572476304951,0.20982088103250118,0.38753636659799395,0.05,2.029452128873086,True,0.5608102753791001,0.1454978041392181,0.415312471239882,0.075,1.9052880194834927,True,True,True
311,17,Ob17.txt,122,0.3107076122201077,0.23338668253859396,0.12250731848560713,0.11087936405298683,0.175,0.7511456860389408,True,0.264644788492285,0.14847593876204712,0.11616884973023789,0.325,0.8517486475510249,True,True,True
311,18,Ob18.txt,103,0.020399043528914917,0.12449460882432958,0.0,0.12449460882432958,0.375,6.102963045687064,False,0.4558074657153873,0.0,0.4558074657153873,0.025,22.34455086432344,True,False,True
311,19,Ob19.txt,143,0.057510278227762446,0.07841363377704541,0.1339523939723122,-0.055538760195266795,0.675,1.363471647041904,False,0.13073962829307248,0.24559949845098838,-0.1148598701579159,0.65,2.273326304826663,False,False,False
312,1,Ob1.txt,28,0.16880672010059283,0.4830957168616501,0.23555288898803212,0.24754282787361798,0.225,2.861827518322557,True,0.03504599195749447,0.23667996203354533,-0.20163397007605086,0.9,0.20761017059398096,False,False,True
312,2,Ob2.txt,43,0.30610190763195244,0.10492802527401074,0.2204801187638445,-0.11555209348983375,0.775,0.34278788422375,False,0.05587075747921311,0.2830819036557789,-0.2272111461765658,0.875,0.18252338873493854,False,False,False
312,3,Ob3.txt,40,0.13836085923004549,0.38250758401746054,0.19688155212073752,0.18562603189672303,0.325,2.7645649654537405,True,0.0002992600972447357,0.28490781686732447,-0.28460855677007973,1.0,0.0021628956260467515,False,False,True
312,4,Ob4.txt,58,0.36325130813945494,0.061010421089840894,0.1653263880632398,-0.1043159669733989,0.775,0.16795650758239947,False,0.18462853626316614,0.20192625162435884,-0.017297715361192706,0.55,0.5082666796406576,False,False,False
312,5,Ob5.txt,93,0.6047618387581067,0.24829810615254033,0.22903837291034265,0.01925973324219768,0.45,0.4105717164006687,False,0.09788624978138002,0.2366797503056804,-0.13879350052430037,0.75,0.1618591708471418,False,False,False
312,6,Ob6.txt,112,0.2195843407871749,0.1393874820532915,0.1587188905976188,-0.0193314085443273,0.55,0.6347787895694637,False,0.04052682096009866,0.15854937343868386,-0.1180225524785852,0.9,0.1845615257208982,False,False,False
312,7,Ob7.txt,33,0.2504249606322994,0.066495537132569,0.3532379418730318,-0.2867424047404628,0.9,0.2655307880040154,False,0.10808585219083963,0.2693550325551197,-0.1612691803642801,0.775,0.4316097401709999,False,False,False
312,8,Ob8.txt,84,0.699197973103499,0.29259783816506824,0.17942436987162158,0.11317346829344666,0.325,0.41847638211296184,True,0.25434865725697753,0.23439779599966348,0.019950861257314045,0.475,0.3637720174273553,False,False,True
312,9,Ob9.txt,37,0.1350782771569592,0.38604785244908724,0.2920290096597593,0.09401884278932793,0.425,2.8579565906108253,False,0.24241879873975095,0.24576561082823511,-0.003346812088484169,0.525,1.7946542097073348,False,False,False
312,10,Ob10.txt,36,0.10757190535931496,0.37261144228471005,0.25866130718092584,0.11395013510378421,0.425,3.463836036371225,False,0.35688265200931796,0.2941526696961928,0.06272998231312515,0.4,3.317619510570605,False,False,False
312,11,Ob11.txt,119,0.13422107047769283,0.005270106399072494,0.16490012159179412,-0.15963001519272163,0.975,0.03926437466424745,False,0.3288437276574648,0.16632476458246853,0.16251896307499625,0.125,2.4500156829856135,True,False,True
312,12,Ob12.txt,91,0.34596993659555897,0.3188076901279978,0.16147449403872932,0.1573331960892685,0.2,0.9214895758433659,True,0.2982653726067156,0.1475421197781533,0.1507232528285623,0.15,0.8621135568648836,True,True,True
312,13,Ob13.txt,102,0.445506816629493,0.000220713521454724,0.0,0.000220713521454724,0.125,0.0004954211994432423,False,0.05729408682185727,0.018702296277879782,0.03859179054397749,0.0,0.12860428770836532,False,False,False
312,14,Ob14.txt,47,0.851423490942024,0.1318854770987148,0.2621456172204429,-0.1302601401217281,0.65,0.15489997457410448,False,0.2774250023270383,0.2653319302885854,0.01209307203845289,0.45,0.32583667854887627,False,False,False
312,15,Ob15.txt,96,0.20660744363036943,0.39743171912700886,0.2953171748207817,0.10211454430622718,0.375,1.923607940467204,False,0.5236350956073225,0.22314004237541987,0.3004950532319026,0.1,2.5344444827657355,True,False,True
312,16,Ob16.txt,84,0.08261679520283918,0.020946207024155727,0.15503328688457854,-0.13408707986042281,0.95,0.2535344898422772,False,0.05331308758034509,0.12397848539344165,-0.07066539781309657,0.85,0.6453056845094488,False,False,False
312,17,Ob17.txt,122,0.10630650755808219,0.23053767775385264,0.12924041054625524,0.10129726720759741,0.3,2.168613032724218,True,0.1289950632528558,0.14429766408589872,-0.015302600833042912,0.525,1.2134258402043485,False,False,True
312,18,Ob18.txt,103,0.35080261961405906,0.30920548923009555,0.0,0.30920548923009555,0.0,0.8814229767447939,True,0.28052107837236806,0.0,0.28052107837236806,0.0,0.7996550273227369,True,True,True
312,19,Ob19.txt,143,0.10652504191074835,0.24921632954471426,0.11739321207109485,0.1318231174736194,0.2,2.3395093310877955,True,0.4864115696682173,0.1350034675334621,0.3514081021347552,0.025,4.566171117545822,True,True,True
313,1,Ob1.txt,28,1.0149007472217852,0.23178768616516368,0.25197236471382967,-0.020184678548665985,0.5,0.22838458519186738,False,0.15275487303067348,0.2547740540464117,-0.1020191810157382,0.6,0.15051212983026024,False,False,False
313,2,Ob2.txt,43,0.047134830409927636,0.025125886432249098,0.2380566876004293,-0.2129308011681802,1.0,0.5330641102074917,False,0.1430244880810211,0.3144195708725639,-0.17139508279154278,0.775,3.034369421447987,False,False,False
313,3,Ob3.txt,40,0.1437451547145173,0.30369887540664275,0.2381871777143453,0.06551169769229745,0.425,2.112759042277278,False,0.12891612686912735,0.24321861645469595,-0.1143024895855686,0.7,0.8968380682128667,False,False,False
313,4,Ob4.txt,58,0.6444691928927654,0.10827369204176862,0.1778307357670127,-0.06955704372524407,0.6,0.1680044496087876,False,0.39000258770042867,0.25033984944466375,0.13966273825576492,0.3,0.6051531896348101,True,False,True
313,5,Ob5.txt,93,0.3773294295464526,0.012808441909796672,0.20532851610879554,-0.19252007419899886,0.875,0.03394498522204412,False,0.26538668870071613,0.21798532078921795,0.04740136791149818,0.375,0.7033288896116826,False,False,False
313,6,Ob6.txt,112,0.44398145465748096,0.1367261116145428,0.1273145652336297,0.0094115463809131,0.475,0.3079545557145469,False,0.34308233487549045,0.18079433271733475,0.1622880021581557,0.225,0.772740237855585,True,False,True
313,7,Ob7.txt,33,0.18472609440260915,0.2987748104817179,0.3209629969850075,-0.02218818650328963,0.525,1.6173936413690446,False,0.3988473101754286,0.3803719103460736,0.018475399829355033,0.4,2.1591281484365923,False,False,False
313,8,Ob8.txt,84,0.26582790036695403,0.6510439327346225,0.2704057805098827,0.3806381522247398,0.125,2.4491181393522226,True,0.5773774593754999,0.25391608052463643,0.32346137885086346,0.1,2.1719972154107103,True,True,True
313,9,Ob9.txt,37,0.41136533105104856,0.04231827835548285,0.4043178957225127,-0.36199961736702985,0.95,0.10287273905012513,False,0.47493841493736677,0.3406410796307817,0.13429733530658505,0.325,1.1545416667075161,True,False,True
313,10,Ob10.txt,36,0.5146402064968127,0.06890145299532834,0.2874392231083037,-0.21853777011297537,0.85,0.13388276338598712,False,0.23204137799836075,0.2345619734853021,-0.0025205954869413627,0.5,0.4508807805318604,False,False,False
313,11,Ob11.txt,119,0.25714718603664954,0.1812927055464862,0.19978975931425946,-0.018497053767773275,0.525,0.7050153195946219,False,0.2658006036616726,0.20207410842804552,0.06372649523362706,0.4,1.0336516131418592,False,False,False
313,12,Ob12.txt,91,0.37257928551343933,0.13866553197584464,0.203372402829258,-0.06470687085341337,0.575,0.37217724486414805,False,0.21241949937432453,0.23876320958164998,-0.026343710207325455,0.6,0.5701323386285315,False,False,False
313,13,Ob13.txt,102,0.07743243596869842,0.13606784263688354,0.18198878766612747,-0.04592094502924393,0.7,1.7572460550238678,False,0.22140993925336047,0.16295202635063327,0.0584579129027272,0.375,2.8593952454610116,False,False,False
313,14,Ob14.txt,47,0.24044209718138992,0.037554022473139215,0.3231438433963948,-0.2855898209232556,0.9,0.15618738529305207,False,0.4550586958108319,0.24358914839401458,0.21146954741681734,0.15,1.8925916099772448,True,False,True
313,15,Ob15.txt,96,0.45388221635556647,0.23920215018438767,0.15045874347683544,0.08874340670755224,0.4,0.5270137087657986,False,0.23209675674151709,0.392982977805142,-0.16088622106362493,0.725,0.5113590010314372,False,False,False
313,16,Ob16.txt,84,0.09151871665173489,0.40715366074125114,0.14654262674877713,0.260611033992474,0.15,4.448856754521949,True,0.4599904646771672,0.20279662586333705,0.2571938388138302,0.075,5.026190068066774,True,True,True
313,17,Ob17.txt,122,0.07485429550188771,0.26209213025361466,0.1910088514441426,0.07108327880947207,0.25,3.5013639297026726,True,0.04324272548276592,0.17175102857345084,-0.12850830309068492,0.925,0.5776919706855754,False,False,True
313,18,Ob18.txt,103,0.20514299408819384,0.08490030278399625,0.050420134653689386,0.03448016813030687,0.5,0.41385913840906713,False,0.47108311498284133,0.0,0.47108311498284133,0.0,2.2963646264240256,True,False,True
313,19,Ob19.txt,143,0.014493293269008195,0.01102368366785883,0.2602511754757796,-0.24922749180792075,0.95,0.7606058514962488,False,0.10736940555214647,0.12748680545205282,-0.020117399899906352,0.6,7.408213134121861,False,False,False
314,1,Ob1.txt,28,0.07196913896938499,0.6909202156968526,0.24163344519908297,0.4492867704977696,0.1,9.600229009141872,True,0.44302516922753093,0.2478609943713769,0.19516417485615403,0.3,6.1557658681450915,True,True,True
314,2,Ob2.txt,43,0.17945873918558355,0.5426364332011346,0.158284031733659,0.3843524014674756,0.1,3.02373924871933,True,0.5503651017754522,0.152734460231643,0.39763064154380917,0.125,3.0668057976619543,True,True,True
314,3,Ob3.txt,40,0.056852798777069335,0.4581589704347522,0.2454528240158047,0.21270614641894747,0.175,8.05868805564491,True,0.08684671911107672,0.24805581932327175,-0.16120910021219503,0.875,1.5275715704273287,False,False,True
314,4,Ob4.txt,58,0.016429463267674638,0.17906731844814,0.143502214278376,0.035565104169763995,0.425,10.899158148425897,False,0.24348669335303863,0.20206835939461898,0.04141833395841965,0.375,14.820124637431372,False,False,False
314,5,Ob5.txt,93,0.06365462938557727,0.0443535196695538,0.21979695395302484,-0.17544343428347103,0.95,0.6967838804133125,False,0.175370571208607,0.19996837239718798,-0.024597801188580987,0.55,2.755032476056519,False,False,False
314,6,Ob6.txt,112,0.10524817770996436,0.07338298428563383,0.16973346559850386,-0.09635048131287002,0.85,0.6972375758168239,False,0.040808730504355184,0.13429540072759777,-0.09348667022324259,0.85,0.3877381194837696,False,False,False
314,7,Ob7.txt,33,0.4487108677958372,0.7432367124051971,0.3965847442495417,0.34665196815565535,0.075,1.6563822402076713,True,0.6153577697169548,0.2977255911814227,0.31763217853553205,0.25,1.371390384948157,True,True,True
314,8,Ob8.txt,84,0.029603225436195146,0.09494520169985872,0.2222696254222278,-0.12732442372236907,0.825,3.2072586787712503,False,0.06955623557108011,0.2574199253303158,-0.18786368975923573,0.825,2.349616791622827,False,False,False
314,9,Ob9.txt,37,0.7990652460458371,0.1117472613937705,0.35334040662158406,-0.24159314522781355,0.75,0.13984748047390402,False,0.2548304741453478,0.3349324975875096,-0.08010202344216177,0.65,0.3189107215041234,False,False,False
314,10,Ob10.txt,36,0.046325841608710006,0.1471316264910655,0.16580572208288535,-0.018674095591819845,0.6,3.1760162661222413,False,0.053541782125800796,0.22115691783640573,-0.16761513571060493,0.825,1.1557649093143314,False,False,False
314,11,Ob11.txt,119,0.4251331121970738,0.11925353157141244,0.1774887784417739,-0.05823524687036147,0.6,0.28050868810268426,False,0.14094242789492312,0.1376421636235338,0.003300264271389325,0.5,0.33152540663449465,False,False,False
314,12,Ob12.txt,91,0.09276677091285548,0.26345874719018464,0.14618378086076264,0.117274966329422,0.3,2.840012049548174,True,0.09019572296565759,0.18732779838722285,-0.09713207542156527,0.775,0.9722848179159634,False,False,True
314,13,Ob13.txt,102,0.06697591250844404,0.4812586741342617,0.0,0.4812586741342617,0.0,7.185548596647887,True,0.22995887940477178,0.0,0.22995887940477178,0.0,3.433456459078173,True,True,True
314,14,Ob14.txt,47,0.04887290398689398,0.29231677031003395,0.24703008453243278,0.04528668577760117,0.425,5.98116228960782,False,0.3124964439025589,0.27534293624469225,0.037153507657866625,0.375,6.394063344104938,False,False,False
314,15,Ob15.txt,96,0.11421474524504945,0.3836586815270138,0.22862237630776436,0.15503630521924947,0.275,3.359099393899346,True,0.42010752875124735,0.20496235271910018,0.21514517603214717,0.15,3.6782249774308946,True,True,True
314,16,Ob16.txt,84,0.23847631662006402,0.061690098844144364,0.12401575607916583,-0.06232565723502147,0.75,0.25868438308038727,False,0.14156861817304783,0.1281703539221894,0.013398264250858438,0.45,0.5936380609173543,False,False,False
314,17,Ob17.txt,122,0.19398944137720375,0.17625668322954424,0.16734977862796818,0.00890690460157606,0.45,0.9085890550446044,False,0.1264844772747964,0.15697254689208076,-0.03048806961728437,0.6,0.6520173282465049,False,False,False
314,18,Ob18.txt,103,0.020050897423873337,0.16862734956113956,0.5991056701199096,-0.43047832055877,0.65,8.409965199880062,False,0.21093574473392804,0.026152553918704746,0.1847831908152233,0.0,10.520015153176145,True,False,True
314,19,Ob19.txt,143,0.19827835044711145,0.13318280393934606,0.14549396043534712,-0.012311156496001063,0.525,0.6716961465486425,False,0.107451224690584,0.08457817707879475,0.02287304761178925,0.375,0.5419211146768412,False,False,False
315,1,Ob1.txt,28,0.17367361755446065,0.17909164018215623,0.3217065161141469,-0.14261487593199068,0.75,1.031196578409479,False,0.14811256016748525,0.2817778720100611,-0.13366531184257585,0.725,0.8528212992456384,False,False,False
315,2,Ob2.txt,43,0.050639443974296455,0.49201936033390437,0.16814447699949167,0.3238748833344127,0.1,9.716128806304495,True,0.3207217329554664,0.33713339122725156,-0.016411658271785146,0.55,6.333437095364992,False,False,True
315,3,Ob3.txt,40,0.5121238174029403,0.13316977983139677,0.21587034253207651,-0.08270056270067974,0.75,0.260034341903334,False,0.02757667684970505,0.21320630649312025,-0.1856296296434152,0.975,0.053847674942264306,False,False,False
315,4,Ob4.txt,58,0.10609708048032751,0.11134307776506916,0.3588964204680579,-0.24755334270298876,0.85,1.0494452558071508,False,0.14063382885057757,0.3327150099921242,-0.19208118114154665,0.825,1.3255202519606923,False,False,False
315,5,Ob5.txt,93,0.6731333177379057,0.2683499730119692,0.22773235684236914,0.04061761616960008,0.45,0.39865798637596955,False,0.15810655575642835,0.233794033024112,-0.07568747726768366,0.6,0.23488148868897532,False,False,False
315,6,Ob6.txt,112,0.2822481163920315,0.11409518050988379,0.2062278836741363,-0.09213270316425251,0.7,0.4042371724862464,False,0.13191714211756533,0.20880523968672232,-0.07688809756915699,0.7,0.46738006192515247,False,False,False
315,7,Ob7.txt,33,0.4647342312429822,0.029412693238514143,0.3105434414276716,-0.28113074818915745,0.95,0.06328927645344028,False,0.28884762454623925,0.33594161295206615,-0.0470939884058269,0.525,0.6215329216737164,False,False,False
315,8,Ob8.txt,84,0.23153128400260464,0.7002345143738367,0.1751840287486553,0.5250504856251814,0.025,3.0243624199223085,True,0.24932455681893181,0.22027580390143447,0.02904875291749734,0.375,1.0768504044409264,False,False,True
315,9,Ob9.txt,37,0.11433858396956259,0.2625489729728557,0.23780296228796877,0.02474601068488691,0.475,2.296241249959395,False,0.3242587378525961,0.29921382664253415,0.02504491121006197,0.5,2.8359520172028296,False,False,False
315,10,Ob10.txt,36,0.7561627440538186,0.7818285513737038,0.2561395198494427,0.525689031524261,0.025,1.0339421738530647,True,0.45122233333387873,0.20842249841057603,0.2427998349233027,0.15,0.5967264810149967,True,True,True
315,11,Ob11.txt,119,0.2324765710813395,0.13150745590580842,0.15539124639649426,-0.02388379049068584,0.575,0.565680469623738,False,0.12807731404459827,0.14450497330139528,-0.01642765925679701,0.575,0.550925684463,False,False,False
315,12,Ob12.txt,91,0.00707459099620264,0.02759505467918333,0.13163832521129615,-0.10404327053211282,0.925,3.900586577230438,False,0.048402450179254666,0.15006912290286384,-0.10166667272360917,0.75,6.841731232976604,False,False,False
315,13,Ob13.txt,102,0.1669455059307765,0.4313393545530545,0.13892623397202808,0.2924131205810264,0.025,2.583713482721171,True,0.09333724909294225,0.13682619414344113,-0.043488945050498884,0.7,0.559088120237536,False,False,True
315,14,Ob14.txt,47,0.18547064276272696,0.0697185016585195,0.23448419527844436,-0.16476569361992485,0.925,0.37590046931422216,False,0.11568114717245104,0.1980805112886629,-0.08239936411621188,0.675,0.6237167534942024,False,False,False
315,15,Ob15.txt,96,0.44007567914053636,0.4121208866034621,0.254498349802962,0.1576225368005001,0.3,0.9364773063767811,True,0.37658226001514666,0.1150360965548477,0.26154616346029896,0.025,0.8557215903196657,True,True,True
315,16,Ob16.txt,84,0.09541680305675229,0.717869313902554,0.2644100540003876,0.45345925990216646,0.05,7.523510439514281,True,0.1833294215388265,0.2520306619222367,-0.06870124038341022,0.7,1.9213536365265276,False,False,True
315,17,Ob17.txt,122,0.14871761820290738,0.2154320435108616,0.14650990072068165,0.06892214279017994,0.35,1.4485979947374519,True,0.24597633679563802,0.17918404055286055,0.06679229624277747,0.375,1.653982492242666,False,False,True
315,18,Ob18.txt,103,0.000609892126165662,0.31957954214813633,0.017120874447122597,0.3024586677010137,0.0,523.9935530194573,True,0.11209962649869618,0.08442751968297735,0.027672106815718828,0.4,183.8023835517547,False,False,True
315,19,Ob19.txt,143,0.04550441962993401,0.22225933935975362,0.2812767531500677,-0.05901741379031411,0.675,4.884346205649561,False,0.26199735876233116,0.12201187042071848,0.13998548834161267,0.15,5.75762444380199,True,False,True
316,1,Ob1.txt,28,0.35818045200415294,0.2345349905601743,0.3010589251248251,-0.06652393456465083,0.6,0.654795618375776,False,0.00019378368152798975,0.23763780685950633,-0.23744402317797836,1.0,0.0005410224942307653,False,False,False
316,2,Ob2.txt,43,0.24532319588644452,0.02500876494088264,0.3046443974585561,-0.2796356325176734,1.0,0.10194211293602552,False,0.18340767297248312,0.273309278794847,-0.0899016058223639,0.575,0.7476165158771985,False,False,False
316,3,Ob3.txt,40,0.36368945400281805,0.11456814662212833,0.2960775369852824,-0.18150939036315406,0.925,0.31501641128488866,False,0.4988083144547999,0.22749494885127625,0.27131336560352365,0.175,1.3715226244941787,True,False,True
316,4,Ob4.txt,58,0.13370535025653996,0.01764128262119273,0.15523196184351645,-0.1375906792223237,0.85,0.1319414861659946,False,0.18540667104887232,0.256185405942664,-0.07077873489379166,0.6,1.3866810168264263,False,False,False
316,5,Ob5.txt,93,0.33987745560255145,0.015626064463828027,0.19291822882564258,-0.17729216436181455,0.925,0.04597558386485321,False,0.36349094591966413,0.23693910605825913,0.126551839861405,0.25,1.0694764831496386,True,False,True
316,6,Ob6.txt,112,0.07322725613281948,0.0762186469889336,0.18627257773635553,-0.11005393074742192,0.85,1.0408507844495545,False,0.4687995302839568,0.16353526412751349,0.3052642661564433,0.075,6.401981380179656,True,False,True
316,7,Ob7.txt,33,0.7971596956725623,0.7223305633739687,0.17920345057620363,0.543127112797765,0.025,0.9061303115237652,True,0.052985600860404186,0.2592790812972944,-0.2062934804368902,1.0,0.06646798771694086,False,False,True
316,8,Ob8.txt,84,0.1624325937497725,0.2943195455829646,0.14112297359098527,0.1531965719919793,0.175,1.8119488138960829,True,0.2110077111626019,0.19485112542492156,0.016156585737680335,0.5,1.2990478468112094,False,False,True
316,9,Ob9.txt,37,0.18071526746735375,0.4879993680355351,0.3003421564002454,0.1876572116352897,0.2,2.700377089742527,True,0.47391602664976995,0.19869357958387035,0.2752224470658996,0.175,2.6224459797531106,True,True,True
316,10,Ob10.txt,36,0.14396981303840872,0.44331539681821613,0.2794314936122577,0.16388390320595841,0.3,3.07922464759989,True,0.3006448155082268,0.2876317496417973,0.01301306586642953,0.475,2.088248981944707,False,False,True
316,11,Ob11.txt,119,0.171945618826912,0.3561792274952829,0.18848788559132076,0.16769134190396215,0.15,2.0714643962741994,True,0.3231496573836186,0.17780588662487598,0.14534377075874264,0.225,1.8793712778975498,True,True,True
316,12,Ob12.txt,91,0.4086741858511766,0.3667106064646429,0.15587036267233928,0.2108402437923036,0.025,0.8973177635403298,True,0.11550108931651551,0.17464788832337302,-0.059146799006857514,0.625,0.28262389285966927,False,False,True
316,13,Ob13.txt,102,0.5048566746735961,0.33759178463806117,0.0,0.33759178463806117,0.0,0.6686883655768713,True,0.2661326356941693,0.0,0.2661326356941693,0.0,0.527144928540821,True,True,True
316,14,Ob14.txt,47,0.5731982405164584,0.7754717840324907,0.24727192242231716,0.5281998616101735,0.0,1.352885841613508,True,0.4237213252837986,0.2237060254526147,0.20001529983118388,0.2,0.7392230040727631,True,True,True
316,15,Ob15.txt,96,0.0034964044561632823,0.04837798728514521,0.15671323151517225,-0.10833524423002704,0.85,13.836496289743303,False,0.04255997711221371,0.06786052254659511,-0.0253005454343814,0.725,12.172498246646256,False,False,False
316,16,Ob16.txt,84,0.41929035855804725,0.20505960698276063,0.21270870396507885,-0.007649096982318221,0.5,0.4890634921536643,False,0.019994004964726753,0.24616627197842783,-0.22617226701370108,0.925,0.047685343954692316,False,False,False
316,17,Ob17.txt,122,0.028228852089782153,0.2162280357756856,0.17232295496857403,0.043905080807111585,0.425,7.659823895352533,False,0.3179700862130481,0.1689590641666463,0.14901102204640182,0.15,11.264010495422946,True,False,True
316,18,Ob18.txt,103,0.022914663593363124,0.16401453118569687,0.040592616179135635,0.12342191500656123,0.15,7.157623349670345,True,0.018996203882659324,0.10560591077382217,-0.08660970689116285,0.7,0.8289977204012403,False,False,True
316,19,Ob19.txt,143,0.2616714290865032,0.11555950919819942,0.19516096358643728,-0.07960145438823786,0.775,0.4416206599307325,False,0.15067003453114164,0.09281457435323548,0.05785546017790616,0.375,0.5757985694392842,False,False,False
317,1,Ob1.txt,28,0.6274809165546966,0.3818995762895771,0.28177997579202574,0.10011960049755136,0.275,0.608623411826561,True,0.19610566957192238,0.1646830429912496,0.03142262658067277,0.475,0.3125284999082966,False,False,True
317,2,Ob2.txt,43,0.34165134690048354,0.03608763542813305,0.25455147862026173,-0.2184638431921287,0.9,0.10562708373763469,False,0.08192043745150028,0.2428166381511423,-0.160896200699642,0.825,0.2397778852467458,False,False,False
317,3,Ob3.txt,40,0.0901439599166367,0.5551442805197184,0.21991743576392922,0.33522684475578923,0.125,6.158419055842505,True,0.5982986582809993,0.2938343781110469,0.30446428016995236,0.175,6.637146391552952,True,True,True
317,4,Ob4.txt,58,0.07746031609994616,0.1319800605631471,0.30404059520329985,-0.17206053464015275,0.775,1.7038409757178725,False,0.071176633270683,0.3202921143481346,-0.24911548107745157,0.85,0.9188786833614855,False,False,False
317,5,Ob5.txt,93,0.5755497637946942,0.32717872466105286,0.168091472485776,0.15908725217527686,0.2,0.5684629640083765,True,0.21418106667552264,0.16537049603442483,0.04881057064109781,0.4,0.3721330111637813,False,False,True
317,6,Ob6.txt,112,0.12512377665466942,0.3495602423626025,0.25064235377338095,0.09891788858922157,0.25,2.793715564767182,True,0.31580238666223864,0.21179549404101353,0.10400689262122512,0.35,2.523919874428226,True,True,True
317,7,Ob7.txt,33,0.6034062328412781,0.36743698130233754,0.4062856502729541,-0.03884866897061656,0.6,0.6089379945118819,False,0.31545133926532093,0.32104905369413095,-0.005597714428810019,0.5,0.5227843567010323,False,False,False
317,8,Ob8.txt,84,0.09283618592598791,0.7305388805704738,0.18002896596784515,0.5505099146026287,0.0,7.869117772167887,True,0.16093637109723746,0.13760251913703425,0.02333385196020321,0.45,1.7335521649450494,False,False,True
317,9,Ob9.txt,37,0.8671362301314304,0.2837472210669389,0.2680434559417648,0.015703765125174074,0.475,0.3272233487740811,False,0.5056832457494004,0.3426070843950072,0.16307616135439318,0.3,0.5831647072026444,True,False,True
317,10,Ob10.txt,36,0.27828334551925527,0.5706183935885449,0.29068947791061883,0.2799289156779261,0.125,2.0504942274709794,True,0.4206411188399592,0.25183725136137763,0.16880386747858156,0.325,1.5115569279040946,True,True,True
317,11,Ob11.txt,119,0.5983651153972396,0.15782486566242393,0.1779119165189499,-0.020087050856525956,0.625,0.26376013841924584,False,0.036092329693533654,0.1589748310732035,-0.12288250137966986,0.875,0.06031823842132385,False,False,False
317,12,Ob12.txt,91,0.19135965887435868,0.27679627607972757,0.2591043072369626,0.01769196884276497,0.5,1.446471412563837,False,0.4353376323724547,0.2154449181267786,0.2198927142456761,0.225,2.2749707798041436,True,False,True
317,13,Ob13.txt,102,0.3581363886343081,0.043922744493960456,0.09005410850387485,-0.0461313640099144,0.675,0.12264250684341889,False,0.4703403541921603,0.17676742616976704,0.29357292802239326,0.0,1.3132995392781026,True,False,True
317,14,Ob14.txt,47,0.9757934955333447,0.48127768786347,0.256688814297948,0.22458887356552204,0.175,0.4932167411101828,True,0.861481112159278,0.24563905831178784,0.6158420538474902,0.05,0.8828518698911942,True,True,True
317,15,Ob15.txt,96,0.3135991915337458,0.06124986113197084,0.1006972868372786,-0.039447425705307765,0.725,0.19531256070020786,False,0.08483820485863158,0.039757431169662114,0.04508077368896947,0.225,0.2705306874156986,False,False,False
317,16,Ob16.txt,84,0.5066369884476752,0.10845810991433781,0.22856423759563288,-0.12010612768129507,0.85,0.2140745985535938,False,0.1315055317212972,0.2694933635179314,-0.1379878317966342,0.8,0.2595655957221507,False,False,False
317,17,Ob17.txt,122,0.13726127673453734,0.3266430470139837,0.2050953481713712,0.12154769884261252,0.225,2.3797173885079754,True,0.36283193451497914,0.13770364944587427,0.22512828506910487,0.2,2.643367038008064,True,True,True
317,18,Ob18.txt,103,0.13036597905580113,0.20723457615274568,0.1726099298313116,0.03462464632143408,0.35,1.5896369409694084,True,0.132717937010014,0.19652297244646333,-0.06380503543644933,0.75,1.0180411942689906,False,False,True
317,19,Ob19.txt,143,0.1949909881030692,0.09603229890959855,0.17612595484356625,-0.0800936559339677,0.775,0.49249608837736325,False,0.3720810466388774,0.10991007382023665,0.26217097281864077,0.05,1.9081961184903642,True,False,True
318,1,Ob1.txt,28,0.6981279468785047,0.011490078015128302,0.20240599385476604,-0.19091591583963774,0.95,0.016458412911992938,False,0.33218230599997367,0.27351951343264047,0.0586627925673332,0.45,0.4758186625893426,False,False,False
318,2,Ob2.txt,43,0.35635199196633427,0.12685903886938654,0.17426796111072454,-0.047408922241338,0.625,0.3559936291344523,False,0.048839466746652266,0.21636376159717352,-0.16752429485052125,0.85,0.13705400235637322,False,False,False
318,3,Ob3.txt,40,0.848707725342004,0.09084601132145595,0.23174762495122536,-0.1409016136297694,0.8,0.10704039636831125,False,0.19906903135985063,0.24233146007745032,-0.043262428717599694,0.525,0.23455546051455078,False,False,False
318,4,Ob4.txt,58,0.18197466090371045,0.31368910766908065,0.1625194413538853,0.15116966631519535,0.275,1.72380652400317,True,0.39786802772128527,0.25286853693053324,0.14499949079075203,0.225,2.1863924666512333,True,True,True
318,5,Ob5.txt,93,0.2921760349589522,0.182254641505997,0.1682958821950527,0.013958759310944285,0.475,0.6237836773012609,False,0.01135375580175655,0.21311596750793843,-0.2017622117061819,0.975,0.03885929865312752,False,False,False
318,6,Ob6.txt,112,0.2945330649933453,0.11593588028352857,0.16056699734246782,-0.044631117058939254,0.65,0.39362602730579005,False,0.24550188197945172,0.19925771643055168,0.04624416554890004,0.325,0.833529104737353,True,False,True
318,7,Ob7.txt,33,0.2585581840325805,0.7209376295122674,0.24709806928588374,0.4738395602263836,0.05,2.788299400422085,True,0.3041344290333912,0.27756186331314825,0.02657256572024297,0.475,1.1762707499332827,False,False,True
318,8,Ob8.txt,84,0.14355693615593185,0.3933444569172807,0.18914115967036213,0.20420329724691857,0.2,2.7399892157772796,True,0.3748250559619954,0.1559348249607833,0.21889023100121208,0.15,2.610985341417844,True,True,True
318,9,Ob9.txt,37,0.39814058103278704,0.22234499519393444,0.2770384731596885,-0.05469347796575405,0.65,0.558458508844202,False,0.44379685172815964,0.2636752820548357,0.18012156967332393,0.25,1.114673743070699,True,False,True
318,10,Ob10.txt,36,0.35015251698464034,0.27870123613663766,0.22785746125547918,0.05084377488115849,0.45,0.795942404003519,False,0.020103794875790948,0.21256817581152304,-0.1924643809357321,0.975,0.05741439487260008,False,False,False
318,11,Ob11.txt,119,0.2725177537943651,0.14949941196737554,0.14490885020303174,0.0045905617643438035,0.5,0.5485859540739645,False,0.18519619664162054,0.16333519563342552,0.02186100100819502,0.425,0.6795747949007566,False,False,False
318,12,Ob12.txt,91,0.09853089894320163,0.2911981520015945,0.2626169945269604,0.028581157474634078,0.45,2.9553993226983177,False,0.5810687304677884,0.3495753843028061,0.2314933461649823,0.1,5.89732496810718,True,False,True
318,13,Ob13.txt,102,0.248358142305147,0.23707563301548334,0.0,0.23707563301548334,0.0,0.9545716150678832,True,0.10341217499653249,0.0,0.10341217499653249,0.0,0.4163832682782527,True,True,True
318,14,Ob14.txt,47,0.08642610914455455,0.519247969323017,0.20304233260382126,0.3162056367191957,0.125,6.007998907535377,True,0.7995366702713271,0.19714681382957192,0.6023898564417552,0.0,9.251101064078199,True,True,True
318,15,Ob15.txt,96,0.10352247206526474,0.23725769533848542,0.2438879247775553,-0.006630229439069879,0.5,2.29184727340078,False,0.13111264345449725,0.16472517759734762,-0.03361253414285037,0.525,1.2665138383851435,False,False,False
318,16,Ob16.txt,84,0.2413209240195229,0.010464082415378967,0.15285038578256757,-0.1423863033671886,1.0,0.04336168717194378,False,0.09279926114797381,0.2320652580248179,-0.1392659968768441,0.725,0.38454709853699354,False,False,False
318,17,Ob17.txt,122,0.17136025838598878,0.09615794861789123,0.14285458537484885,-0.04669663675695762,0.675,0.5611449791426876,False,0.35400938746203675,0.13761723786922883,0.21639214959280792,0.125,2.065877997596333,True,False,True
318,18,Ob18.txt,103,0.19590037163317398,0.200120691151033,0.0,0.200120691151033,0.175,1.0215431930152825,True,0.01957805702284468,0.0,0.01957805702284468,0.325,0.09993884574912829,False,False,True
318,19,Ob19.txt,143,0.20840878772115445,0.10686672890223581,0.29845045725947195,-0.19158372835723614,0.85,0.512774581488477,False,0.07973605816262758,0.10789411753543876,-0.028158059372811184,0.575,0.3825945106945891,False,False,False
319,1,Ob1.txt,28,0.8314828523548963,0.17416863853710837,0.26245937463476476,-0.08829073609765639,0.7,0.20946750500486466,False,0.0041308494126546524,0.3006313980743424,-0.29650054866168774,1.0,0.004968051236360927,False,False,False
319,2,Ob2.txt,43,0.2745373550332196,0.3058008767126885,0.23780414177140585,0.06799673494128267,0.375,1.1138771140112644,False,0.07548551232503478,0.2782343814301138,-0.20274886910507903,0.85,0.27495534192751614,False,False,False
319,3,Ob3.txt,40,0.11615128679815462,0.043091003365742564,0.21911160550694997,-0.1760206021412074,0.975,0.37099032265243215,False,0.028203489667205844,0.2287251827269259,-0.20052169305972006,0.95,0.242816850718299,False,False,False
319,4,Ob4.txt,58,0.49281084386484975,0.10595422319307206,0.21854668928426157,-0.11259246609118952,0.725,0.21499978036629674,False,0.05938422397227966,0.17788552144973524,-0.11850129747745558,0.875,0.12050104966554959,False,False,False
319,5,Ob5.txt,93,0.16334990514285963,0.018595661239290767,0.13348472313625387,-0.1148890618969631,0.975,0.11383943702341123,False,0.36078117676770705,0.1682852678875964,0.19249590888011064,0.15,2.208640258787916,True,False,True
319,6,Ob6.txt,112,0.155767087782769,0.42402989719396655,0.19039054966742272,0.23363934752654383,0.1,2.7222046918236917,True,0.3412122740294379,0.21065372237952143,0.13055855164991645,0.175,2.1905286854004014,True,True,True
319,7,Ob7.txt,33,0.9721973931612378,0.2779034359033985,0.35398928647607153,-0.07608585057267303,0.525,0.2858508342629433,False,0.054198996784664694,0.1754948477098078,-0.12129585092514311,0.825,0.05574896329276194,False,False,False
319,8,Ob8.txt,84,0.19112203283145995,0.24276986603199724,0.1965462203251086,0.04622364570688864,0.375,1.2702348464767674,False,0.2843253685107555,0.08668561224354765,0.19763975626720787,0.125,1.487664003456297,True,False,True
319,9,Ob9.txt,37,0.8667335648321888,0.4714829564113753,0.24323571266906188,0.2282472437423134,0.2,0.5439768061857172,True,0.7635944189580521,0.20574609427862567,0.5578483246794265,0.0,0.881002478663549,True,True,True
319,10,Ob10.txt,36,0.04812351965760875,0.42903569521682383,0.2287090821177431,0.20032661309908073,0.2,8.91530167097804,True,0.6745809726615221,0.1873457009128625,0.48723527174865955,0.075,14.017698153856145,True,True,True
319,11,Ob11.txt,119,0.12274254969094683,0.023097963017781387,0.18674191107595783,-0.16364394805817645,0.95,0.18818219986418477,False,0.2333002207047472,0.12189048782968054,0.11140973287506667,0.25,1.9007281606270463,True,False,True
319,12,Ob12.txt,91,0.13425683815681363,0.4205035586601243,0.22857287831125728,0.191930680348867,0.15,3.1320829868566618,True,0.02682926147816997,0.14952672707639258,-0.12269746559822262,0.95,0.1998353443035286,False,False,True
319,13,Ob13.txt,102,0.3395266430276464,0.4346857431337241,0.026805222462405798,0.4078805206713183,0.0,1.2802699053526978,True,0.30620081964732604,0.02528597272582256,0.2809148469215035,0.15,0.901846220128278,True,True,True
319,14,Ob14.txt,47,1.265247409780033,0.12715532413106126,0.22804053880482733,-0.10088521467376607,0.775,0.10049838723097453,False,0.19586713994089777,0.30765497440183776,-0.11178783446093998,0.625,0.15480540677411847,False,False,False
319,15,Ob15.txt,96,0.08910122377434741,0.017801032158748592,0.3574500845968377,-0.33964905243808907,0.95,0.1997843733755044,False,0.11960854027524899,0.5351199331998913,-0.4155113929246423,0.875,1.3423894219249182,False,False,False
319,16,Ob16.txt,84,0.02409549188723331,0.32676674082937895,0.15910880990804338,0.16765793092133557,0.225,13.561322688851691,True,0.22414352637491602,0.1371867964455639,0.08695672992935213,0.325,9.302301336030231,True,True,True
319,17,Ob17.txt,122,0.10497979305963273,0.15838764520271978,0.182313210012083,-0.023925564809363226,0.6,1.5087441171916698,False,0.02339148506179639,0.13183911259333186,-0.10844762753153547,0.9,0.22281892905341402,False,False,False
319,18,Ob18.txt,103,0.11944175814802052,0.08586803992703054,0.0,0.08586803992703054,0.0,0.7189113862558596,True,0.1126370486266399,0.0,0.1126370486266399,0.0,0.9430290576186282,True,True,True
319,19,Ob19.txt,143,0.41370501005461907,0.017197704311983933,0.19920026309425523,-0.18200255878227128,0.925,0.04156996868303195,False,0.0879685169397546,0.15257958009836994,-0.06461106315861534,0.675,0.2126358511542817,False,False,False
320,1,Ob1.txt,28,0.6904734761122235,0.08889817394795706,0.22160099963445584,-0.13270282568649877,0.85,0.12874958564448655,False,0.1785313997577342,0.14903070613403255,0.02950069362370164,0.4,0.2585637333427667,False,False,False
320,2,Ob2.txt,43,0.0005641113025852407,0.019430721604175,0.3210432030690903,-0.30161248146491526,0.95,34.44483653336994,False,0.06607114806438102,0.2547905918147917,-0.18871944375041066,0.75,117.12431174767549,False,False,False
320,3,Ob3.txt,40,0.13243275786255715,0.030435671197875547,0.25745349068181783,-0.22701781948394228,0.925,0.22981980960830428,False,0.3676671943960129,0.2685812920261107,0.09908590236990222,0.325,2.7762556661214397,True,False,True
320,4,Ob4.txt,58,0.3243735835692613,0.3448902566497132,0.1584249333140812,0.18646532333563198,0.25,1.0632501353984982,True,0.013994737910735688,0.22131685886865926,-0.20732212095792357,0.95,0.04314388908228554,False,False,True
320,5,Ob5.txt,93,0.07844102791824104,0.18478492891532317,0.1471611071868319,0.03762382172849127,0.425,2.35571784076981,False,0.21597180274853467,0.20159513047551902,0.014376672273015645,0.45,2.7533015372215894,False,False,False
320,6,Ob6.txt,112,0.11502108255984356,0.2401290444807216,0.14052028224328045,0.09960876223744114,0.375,2.087695917448755,False,0.22763037469895236,0.15546029703274789,0.07217007766620448,0.4,1.979031753422422,False,False,False
320,7,Ob7.txt,33,0.42472120826666565,0.38577738518131777,0.2785256277342687,0.10725175744704907,0.375,0.9083073264829841,False,0.26225722463658374,0.3460655186884888,-0.08380829405190504,0.55,0.6174808781197543,False,False,False
320,8,Ob8.txt,84,0.17493619944302022,0.04586152841425031,0.23363417906382172,-0.1877726506495714,0.9,0.2621614540630752,False,0.03117490366852263,0.24413461750745147,-0.21295971383892884,0.95,0.17820727652584473,False,False,False
320,9,Ob9.txt,37,0.019493465403137122,0.4041864723987608,0.2628358770923509,0.14135059530640992,0.325,20.7344596786631,True,0.14145248786231904,0.16566532560034272,-0.024212837738023685,0.6,7.256405412634062,False,False,True
320,10,Ob10.txt,36,0.00700382677626693,0.06531398107247033,0.3352841128172749,-0.26997013174480455,0.925,9.325470654670154,False,0.12025589957046279,0.25852422626013716,-0.13826832668967437,0.85,17.170027673722636,False,False,False
320,11,Ob11.txt,119,0.2777150050003151,0.06396651168000035,0.13398439702792617,-0.07001788534792582,0.875,0.23033149281915025,False,0.022694670248436744,0.1636280121876174,-0.14093334193918067,0.925,0.08171927998060816,False,False,False
320,12,Ob12.txt,91,0.30781710907908943,0.22112951596542674,0.3050805539255449,-0.08395103796011816,0.7,0.7183795489048352,False,0.09310206762404782,0.2434841734411115,-0.15038210581706368,0.75,0.3024590410279193,False,False,False
320,13,Ob13.txt,102,0.18935442056518492,0.10705938630434272,0.32023017790280284,-0.2131707915984601,0.8,0.565391533954116,False,0.15457448405228422,0.37952602084400233,-0.22495153679171812,0.75,0.8163236094035218,False,False,False
320,14,Ob14.txt,47,0.25832345379778443,0.45925857893030936,0.21486502657067613,0.24439355235963323,0.3,1.7778431349474637,True,0.24512253515463772,0.2340050127212707,0.011117522433367028,0.5,0.9488977154452248,False,False,True
320,15,Ob15.txt,96,0.004692113267037876,0.23059684779790926,0.10052944174917344,0.13006740604873582,0.275,49.145626858126704,True,0.2198740156010353,0.2597962599772424,-0.03992224437620712,0.525,46.860338420568745,False,False,True
320,16,Ob16.txt,84,0.2847539441304274,0.0901439379943042,0.20020106496377674,-0.11005712696947254,0.875,0.31656782935731725,False,0.032352448821228535,0.24335212658769104,-0.2109996777664625,0.925,0.11361545463408916,False,False,False
320,17,Ob17.txt,122,0.32252963864275164,0.44173599697423355,0.19315325287300308,0.24858274410123046,0.125,1.3695981517640314,True,0.3966454881956821,0.20869981989820088,0.18794566829748124,0.175,1.229795468921306,True,True,True
320,18,Ob18.txt,103,0.20778153314264808,0.6038188390173801,0.0,0.6038188390173801,0.0,2.9060274504897454,True,0.48559043173091326,0.0,0.48559043173091326,0.0,2.3370240097205426,True,True,True
320,19,Ob19.txt,143,0.028794805524301303,0.29022120599292267,0.1620704716121722,0.12815073438075048,0.275,10.078943083952806,True,0.14416190343855817,0.221927204497851,-0.07776530105929283,0.6,5.0065246426788015,False,False,True
321,1,Ob1.txt,28,0.5886544436379836,0.20913098650795714,0.19605412776218334,0.0130768587457738,0.45,0.3552695282745042,False,0.6535171063088091,0.2076497653357186,0.4458673409730905,0.05,1.1101880116116398,True,False,True
321,2,Ob2.txt,43,0.2203939125831917,0.1650800347891653,0.22702159581450895,-0.06194156102534365,0.65,0.7490226606274928,False,0.18547702313689457,0.1679166640409232,0.017560359095971367,0.475,0.8415705359687868,False,False,False
321,3,Ob3.txt,40,0.5804216316250717,0.1706214396880938,0.24902111157072654,-0.07839967188263275,0.65,0.2939612006023721,False,0.07937965378280154,0.2610684928993454,-0.18168883911654388,0.85,0.13676205271770006,False,False,False
321,4,Ob4.txt,58,0.12641474262842178,0.16510419832870651,0.15971628157869072,0.005387916750015792,0.475,1.3060517697212493,False,0.25041850606436244,0.2735916117476929,-0.023173105683330475,0.55,1.980928021982627,False,False,False
321,5,Ob5.txt,93,0.7632070444736735,0.6318689341049635,0.19662214057737185,0.43524679352759166,0.0,0.8279128693586889,True,0.7872125095835408,0.1697898130316546,0.6174226965518862,0.0,1.0314534113432117,True,True,True
321,6,Ob6.txt,112,0.3490871804619315,0.15239339925041973,0.22575817198371137,-0.07336477273329164,0.675,0.43654825436088585,False,0.08523272301187912,0.18161267466087597,-0.09637995164899685,0.775,0.24415884564736653,False,False,False
321,7,Ob7.txt,33,0.8759082309262478,0.2105732567034655,0.25436846306757627,-0.04379520636411077,0.575,0.24040561473065541,False,0.06818803205069929,0.3105950895190939,-0.24240705746839464,0.925,0.07784837457069264,False,False,False
321,8,Ob8.txt,84,0.23088174860507946,0.040251279394199896,0.09989771311163967,-0.05964643371743977,0.775,0.1743372078450828,False,0.2202368053106934,0.1069182494093534,0.11331855590133999,0.15,0.9538943924381216,True,False,True
321,9,Ob9.txt,37,0.27419396345563596,0.49068099537954524,0.27926274611927715,0.2114182492602681,0.225,1.7895397447688028,True,0.33473392278719494,0.2591647554455033,0.07556916734169161,0.325,1.2207924586252032,True,True,True
321,10,Ob10.txt,36,0.6397503645876835,0.04080371184616355,0.22234150952839155,-0.181537797682228,0.875,0.0637806777530504,False,0.5666381669109682,0.18943534608257034,0.3772028208283979,0.1,0.8857176146764124,True,False,True
321,11,Ob11.txt,119,0.43277132746006675,0.09641694530830877,0.18713113945102347,-0.0907141941427147,0.775,0.22278958699546814,False,0.16567090579582383,0.1756101570619876,-0.009939251266163768,0.525,0.38281396036134313,False,False,False
321,12,Ob12.txt,91,0.12079647854955924,0.11985009816578585,0.21677609776528572,-0.09692599959949988,0.75,0.9921654969156645,False,0.10418241031721887,0.2523639300780327,-0.14818151976081384,0.875,0.8624623132078795,False,False,False
321,13,Ob13.txt,102,0.046654525555240224,0.42072718188037966,0.0656953217457017,0.35503186013467797,0.0,9.017928633358993,True,0.2982118663484101,0.11040939842856812,0.187802467919842,0.025,6.391917242740346,True,True,True
321,14,Ob14.txt,47,0.2141015295119984,0.0041036767529715745,0.21372024473068257,-0.209616567977711,1.0,0.01916696607597846,False,0.4205899179970879,0.20745986351626666,0.21313005448082123,0.15,1.9644414449338052,True,False,True
321,15,Ob15.txt,96,0.05021973521172144,0.26514395083487974,0.15473369099550494,0.1104102598393748,0.275,5.279676400464061,True,0.4228255315381247,0.12209111707854846,0.3007344144595762,0.0,8.419509377250478,True,True,True
321,16,Ob16.txt,84,0.13976724222292844,0.2688822518066448,0.21526420475855582,0.05361804704808901,0.425,1.9237859138536784,False,0.3441953595850704,0.14014516191538104,0.20405019766968938,0.175,2.462632546158989,True,False,True
321,17,Ob17.txt,122,0.19407174586199294,0.2879688110732225,0.19682636263222938,0.09114244844099309,0.275,1.4838265600908285,True,0.3583979291054787,0.2043283276225619,0.1540696014829168,0.175,1.8467290409204662,True,True,True
321,18,Ob18.txt,103,0.005651929855998383,0.039275739828529055,0.008791622642266406,0.03048411718626265,0.475,6.949084795673071,False,0.11843073004383484,0.08522469267613442,0.03320603736770042,0.375,20.954033942608913,False,False,False
321,19,Ob19.txt,143,0.162744231830662,0.1654539804568863,0.1961347070575073,-0.03068072660062099,0.575,1.0166503512643315,False,0.2678265457081552,0.20532911192108863,0.06249743378706654,0.375,1.6456899436339656,False,False,False
322,1,Ob1.txt,28,1.1623370459581543,0.11367302861842421,0.19080673022536904,-0.07713370160694483,0.725,0.09779695916404318,False,0.2933668629354776,0.25151159763046604,0.041855265305011546,0.45,0.25239397122858215,False,False,False
322,2,Ob2.txt,43,0.5412627786535423,0.1817615189608645,0.21848545458171745,-0.03672393562085294,0.525,0.3358101205721528,False,0.30272517272447863,0.2228257103127883,0.07989946241169033,0.3,0.5592942738045736,True,False,True
322,3,Ob3.txt,40,0.04669165032503636,0.29757694519205347,0.2691441788196679,0.028432766372385565,0.425,6.373236823297522,False,0.01145633410814928,0.31061882879126945,-0.2991624946831202,1.0,0.2453615159969259,False,False,False
322,4,Ob4.txt,58,0.2577574565263412,0.16966287335150626,0.22950004927307813,-0.05983717592157187,0.65,0.6582268293533063,False,0.4948969182671323,0.33134648496758984,0.16355043329954244,0.175,1.920010093739255,True,False,True
322,5,Ob5.txt,93,0.44007814914060495,0.5381655996428045,0.2737915155555329,0.26437408408727164,0.075,1.222886436633464,True,0.2653359186859404,0.2168380460376425,0.04849787264829791,0.425,0.602929091580881,False,False,True
322,6,Ob6.txt,112,0.16685554053730978,0.7249805225881858,0.13337868775061296,0.5916018348375729,0.0,4.344959239912542,True,0.6391602777779695,0.1532655955195338,0.4858946822584357,0.0,3.830620641782344,True,True,True
322,7,Ob7.txt,33,0.0604168664202448,0.6708904971866786,0.28523131675302343,0.38565918043365516,0.15,11.10435772223157,True,0.5970522353304191,0.38121939398389315,0.21583284134652592,0.2,9.882211221904017,True,True,True
322,8,Ob8.txt,84,0.3651054556249358,0.011990534009322235,0.16099002793711992,-0.14899949392779768,1.0,0.03284128961808729,False,0.07917617220165779,0.1642167324651076,-0.0850405602634498,0.725,0.2168583651157314,False,False,False
322,9,Ob9.txt,37,0.6002704562309827,1.0501511653669993,0.24629925603491448,0.8038519093320848,0.0,1.7494633535036137,True,0.9332308537295391,0.2923746498075177,0.6408562039220214,0.0,1.5546839662727527,True,True,True
322,10,Ob10.txt,36,0.201990159246711,0.12483653293457547,0.16234685739456692,-0.037510324459991445,0.6,0.6180327467443599,False,0.19480351197167478,0.23505569997087883,-0.04025218799920405,0.6,0.9644208049449655,False,False,False
322,11,Ob11.txt,119,0.08170942065370579,0.2424989879150857,0.14870008810724783,0.09379889980783787,0.325,2.967821653549903,True,0.18498033456706092,0.16165537659480417,0.023324957972256755,0.475,2.263880138754496,False,False,True
322,12,Ob12.txt,91,0.32397024392930296,0.23830989839474628,0.2282893876625632,0.010020510732183074,0.45,0.7355919343220622,False,0.21157479558733744,0.16135140377218576,0.050223391815151674,0.4,0.6530686059967515,False,False,False
322,13,Ob13.txt,102,0.6138008391939351,0.07122999017417228,0.15333978152164462,-0.08210979134747234,0.775,0.11604739782974884,False,0.23669469474573435,0.1985174369013906,0.038177257844343754,0.4,0.3856213280134484,False,False,False
322,14,Ob14.txt,47,0.21145852893746558,0.010222028145970813,0.2382253352750558,-0.22800330712908498,1.0,0.04834058099871565,False,0.015658135122821798,0.19867099188112952,-0.18301285675830772,0.975,0.07404825523709362,False,False,False
322,15,Ob15.txt,96,0.6163722032296062,0.3240142562869145,0.15201015807395157,0.17200409821296292,0.025,0.525679540039568,True,0.32232029989173083,0.14462737898846292,0.1776929209032679,0.125,0.522931271402034,True,True,True
322,16,Ob16.txt,84,0.21286242299891725,0.03458263339728662,0.1898377796087125,-0.1552551462114259,0.9,0.16246471739853555,False,0.2238132620336558,0.17929310027550258,0.04452016175815324,0.375,1.051445618632248,False,False,False
322,17,Ob17.txt,122,0.32326294898980734,0.05811195378521461,0.17084070626440953,-0.11272875247919492,0.825,0.1797668243973327,False,0.02321016720166824,0.15705384395610208,-0.13384367675443384,0.85,0.07179965187535324,False,False,False
322,18,Ob18.txt,103,0.025849063212414314,0.06524314374938245,0.0,0.06524314374938245,0.0,2.524004185886654,True,0.19853836176474082,0.0,0.19853836176474082,0.0,7.680679184899454,True,True,True
322,19,Ob19.txt,143,0.0902946917908779,0.18872007448472064,0.1275724779230929,0.06114759656162774,0.425,2.090046167074754,False,0.05974355117747331,0.08549784603547025,-0.02575429485799694,0.75,0.6616507570106015,False,False,False
323,1,Ob1.txt,28,0.8991489903892981,0.41528967911739245,0.16260046861714333,0.2526892105002491,0.225,0.46186970519489484,True,0.35334771372667534,0.23260927452240063,0.12073843920427471,0.225,0.3929801595769895,True,True,True
323,2,Ob2.txt,43,0.09710276437361287,0.08679647461005788,0.19876313483978117,-0.11196666022972329,0.75,0.8938620354421581,False,0.12199320811891746,0.2207834992431852,-0.09879029112426772,0.775,1.2563309490297934,False,False,False
323,3,Ob3.txt,40,0.8411122150278718,0.4288447141881776,0.20009344506755652,0.22875126912062108,0.125,0.5098543411047324,True,0.4857392543942197,0.2176945984599229,0.2680446559342968,0.2,0.5774963741052361,True,True,True
323,4,Ob4.txt,58,0.18008260861537587,0.4131088419786182,0.19049244894455303,0.22261639303406516,0.2,2.293996322881709,True,0.38740411423398347,0.20426805670434128,0.18313605752964218,0.175,2.1512577878156414,True,True,True
323,5,Ob5.txt,93,0.11978278127872169,0.05090563559765186,0.15416417655493558,-0.10325854095728372,0.85,0.4249829153590941,False,0.08627483035800125,0.1503490986424429,-0.06407426828444164,0.675,0.7202607038923982,False,False,False
323,6,Ob6.txt,112,0.26530616526026873,0.001960969510398758,0.22297247483060975,-0.221011505320211,0.975,0.007391345423409297,False,0.10106274375673369,0.22610230417432753,-0.12503956041759384,0.725,0.38092874192195963,False,False,False
323,7,Ob7.txt,33,0.592800257021185,0.2687163721189163,0.26484101830114887,0.003875353817767435,0.5,0.45330002633469363,False,0.24041812707551102,0.2669154860519979,-0.026497358976486862,0.525,0.40556346632440676,False,False,False
323,8,Ob8.txt,84,0.5394426133393571,0.349412752048452,0.20862238074673278,0.14079037130171923,0.25,0.6477292364528876,True,0.8035007189069929,0.24630775731096682,0.557192961596026,0.0,1.4895017542885882,True,True,True
323,9,Ob9.txt,37,0.08018237174441784,0.03617741485872679,0.23746146728913048,-0.2012840524304037,0.875,0.45118913386651477,False,0.22250850835218222,0.2175318416056342,0.0049766667465480086,0.5,2.775030265523081,False,False,False
323,10,Ob10.txt,36,1.120168399202726,0.41183531482767255,0.28373886115055613,0.12809645367711642,0.2,0.3676548232576407,True,0.6966774854540005,0.2084546546495069,0.48822283080449363,0.025,0.6219399564832012,True,True,True
323,11,Ob11.txt,119,0.37042901730652616,0.6086083822992933,0.1830508826573931,0.42555749964190015,0.025,1.6429824713102217,True,0.5931182962418033,0.20863725279459505,0.3844810434472083,0.025,1.6011658604784844,True,True,True
323,12,Ob12.txt,91,0.18996412240025828,0.38808148276196963,0.18349809332720066,0.20458338943476898,0.1,2.0429198832834023,True,0.6787648379320359,0.16017757717891712,0.5185872607531188,0.0,3.5731212260274314,True,True,True
323,13,Ob13.txt,102,0.19656095647160607,0.10721684852415196,0.17856464303097822,-0.07134779450682625,0.725,0.5454636080774252,False,0.22460773607243428,0.21743017042033796,0.007177565652096318,0.5,1.1426874395825382,False,False,False
323,14,Ob14.txt,47,0.13521990486131746,0.2937349390968661,0.21177644383143396,0.08195849526543214,0.425,2.1722758893975174,False,0.2149834162799223,0.22210062725351848,-0.007117210973596189,0.525,1.589879955176798,False,False,False
323,15,Ob15.txt,96,0.033988256868599374,0.4853773587389217,0.1156689591663933,0.3697083995725284,0.1,14.280737038543032,True,0.48596760307638087,0.062121847315947165,0.4238457557604337,0.025,14.298103164135794,True,True,True
323,16,Ob16.txt,84,0.4601683046581835,0.13253854998237385,0.14962149463625848,-0.01708294465388463,0.6,0.28802190120596094,False,0.026758609573973385,0.23689921887245566,-0.21014060929848227,0.9,0.058149614615134966,False,False,False
323,17,Ob17.txt,122,0.13331713913082693,0.06345515520670231,0.17538068142878133,-0.11192552622207902,0.875,0.47597147388853295,False,0.046674020357546864,0.19921582742928196,-0.1525418070717351,0.85,0.3500976743263644,False,False,False
323,18,Ob18.txt,103,0.5803131100014318,0.29785110585639385,0.41983404794563794,-0.1219829420892441,0.6,0.5132593090231219,False,0.5865243988029436,1.0179954753012228,-0.4314710764982792,0.525,1.0107033404802737,False,False,False
323,19,Ob19.txt,143,0.18728357346575214,0.23905634906044784,0.12199327039626756,0.11706307866418028,0.275,1.2764405582220653,True,0.18567127214798682,0.10967363054786239,0.07599764160012443,0.325,0.9913911226279535,True,True,True
324,1,Ob1.txt,28,0.06942684214622544,0.13963050084946008,0.2515043216857781,-0.111873820836318,0.725,2.0111889945299986,False,0.45009929269647075,0.2491934941089698,0.20090579858750096,0.25,6.483073099428612,True,False,True
324,2,Ob2.txt,43,0.4676778954500598,0.38071396051578793,0.29585863965497955,0.08485532086080838,0.35,0.8140516458435908,True,0.2098612531722699,0.19251031616099396,0.017350937011275935,0.475,0.44873032318603473,False,False,True
324,3,Ob3.txt,40,0.36788304686512385,0.4574605013391619,0.28588613265008384,0.17157436868907805,0.3,1.2434943801769687,True,0.49452405092522156,0.25491903833600565,0.2396050125892159,0.125,1.344242566052596,True,True,True
324,4,Ob4.txt,58,0.10420015505295105,0.22636583851499315,0.23369884220674603,-0.007333003691752882,0.55,2.172413643722138,False,0.22062387768193126,0.254536800169185,-0.03391292248725375,0.525,2.117308535383825,False,False,False
324,5,Ob5.txt,93,0.07332423132434407,0.15683887715301764,0.16787013230417924,-0.0110312551511616,0.525,2.1389774474314365,False,0.4809791617398943,0.2184560684560432,0.2625230932838511,0.05,6.559620920024653,True,False,True
324,6,Ob6.txt,112,0.017373146700433634,0.053458096081014705,0.1960800747952675,-0.1426219787142528,0.85,3.077053167327505,False,0.1231257005999652,0.15972489024017233,-0.03659918964020714,0.6,7.087127204013766,False,False,False
324,7,Ob7.txt,33,0.6592535882258149,0.003847887079847123,0.33408532648690503,-0.3302374394070579,1.0,0.005836732857537518,False,0.3306384707985087,0.31897637844867055,0.011662092349838171,0.45,0.5015345789597049,False,False,False
324,8,Ob8.txt,84,0.14733854166188476,0.04487672244752049,0.32128771264029876,-0.27641099019277826,0.95,0.30458237160039514,False,0.08246923568667182,0.3056654785658436,-0.22319624287917178,0.8,0.5597261568933115,False,False,False
324,9,Ob9.txt,37,0.1019573712916858,0.13420019099631728,0.24248309900043313,-0.10828290800411586,0.75,1.3162382405131774,False,0.2911857363883261,0.2648807826516655,0.02630495373666064,0.45,2.855955706775574,False,False,False
324,10,Ob10.txt,36,0.08510823186751183,0.563664717358995,0.21591801874342947,0.34774669861556556,0.175,6.622916549793363,True,0.46608790837557024,0.22408175473922115,0.2420061536363491,0.2,5.476413951368773,True,True,True
324,11,Ob11.txt,119,0.07220934406848023,0.23116733646052556,0.18592634678507788,0.04524098967544768,0.325,3.201349346717461,True,0.050912606537127675,0.16520464610815094,-0.11429203957102327,0.825,0.705069505808616,False,False,True
324,12,Ob12.txt,91,0.10215969705638464,0.1534404420987901,0.13229228401108273,0.02114815808770737,0.475,1.5019664948115719,False,0.5090185704715581,0.15883263771634573,0.35018593275521237,0.05,4.982577133041196,True,False,True
324,13,Ob13.txt,102,0.05326220796874581,0.11732803511950077,0.22011496378227835,-0.10278692866277758,0.625,2.2028383650251353,False,0.24635951036985088,0.14350161208884382,0.10285789828100705,0.3,4.625409267944999,True,False,True
324,14,Ob14.txt,47,0.09538202091438133,0.2726755709266079,0.20836346710590342,0.06431210382070446,0.45,2.8587732605432237,False,0.24560130050019785,0.19134748912678443,0.054253811373413424,0.35,2.5749223820772182,True,False,True
324,15,Ob15.txt,96,0.04294298004798379,0.16350439396810687,0.15357614959669819,0.009928244371408684,0.5,3.807476653585981,False,0.009526572960840078,0.21788803391045108,-0.208361460949611,1.0,0.2218423814601418,False,False,False
324,16,Ob16.txt,84,0.14075176368971962,0.02324572219038712,0.10180703008080341,-0.0785613078904163,0.875,0.16515403843628687,False,0.21773251198700905,0.22747420590697376,-0.009741693919964711,0.525,1.5469256390064832,False,False,False
324,17,Ob17.txt,122,0.22974413175263633,0.5443505708832561,0.16479723468904361,0.3795533361942125,0.0,2.3693774754140575,True,0.3229165909780477,0.1533860619254916,0.1695305290525561,0.125,1.405548809950582,True,True,True
324,18,Ob18.txt,103,0.680441712492831,0.5880739866262213,0.0,0.5880739866262213,0.0,0.864253286988806,True,0.6549855785011438,0.0,0.6549855785011438,0.0,0.9625888102914393,True,True,True
324,19,Ob19.txt,143,0.34429122828667424,0.007737032034997066,0.15024436326235538,-0.1425073312273583,0.975,0.022472347243638814,False,0.060302977809900724,0.15442972852964726,-0.09412675071974654,0.825,0.17515107227678023,False,False,False
325,1,Ob1.txt,28,0.47766666901016175,0.0728660588327294,0.18049464707855223,-0.10762858824582283,0.8,0.15254583072276132,False,0.22088898186448008,0.21091286791437852,0.009976113950101562,0.45,0.46243331635890417,False,False,False
325,2,Ob2.txt,43,0.5659332472591003,0.6919360943667175,0.24731838445224044,0.44461770991447713,0.05,1.222646129588371,True,0.5412546028416191,0.1935580273023199,0.34769657553929917,0.0,0.9563930118313358,True,True,True
325,3,Ob3.txt,40,0.00798226074417982,0.33837410299781034,0.36086821568717475,-0.02249411268936441,0.525,42.39076044271445,False,0.5147949409117984,0.287833329216795,0.22696161169500345,0.275,64.49237345286618,True,False,True
325,4,Ob4.txt,58,0.030377250732479377,0.3449821052092077,0.12404827686293785,0.22093382834626984,0.1,11.356594059394341,True,0.15841190319284718,0.22902187917946384,-0.07060997598661667,0.7,5.214820280739661,False,False,True
325,5,Ob5.txt,93,0.7420765476250661,0.647997327452353,0.18093880158737288,0.4670585258649801,0.0,0.8732216770981331,True,0.590014138241937,0.19251163792873538,0.39750250031320167,0.025,0.7950852781026594,True,True,True
325,6,Ob6.txt,112,0.26460834751280066,0.11531594315949709,0.1226231335101529,-0.007307190350655815,0.575,0.435798583995611,False,0.13777781904419373,0.12956294822051412,0.00821487082367961,0.475,0.520685837537792,False,False,False
325,7,Ob7.txt,33,0.26646518294866567,0.28008503760619446,0.32439390571675025,-0.04430886811055579,0.55,1.05111307416156,False,0.8745507282116852,0.27447949266171723,0.600071235549968,0.025,3.282045025672892,True,False,True
325,8,Ob8.txt,84,0.07407370711034052,0.3314372967330772,0.24477551424682747,0.08666178248624973,0.275,4.47442567224787,True,0.4162476587070059,0.2872150801441547,0.12903257856285122,0.325,5.619371230968117,True,True,True
325,9,Ob9.txt,37,0.6213784149419161,0.19424741120268366,0.21691954622458454,-0.02267213502190088,0.6,0.3126072720450727,False,0.026983630004172476,0.20178224498069053,-0.17479861497651805,0.925,0.04342543827611842,False,False,False
325,10,Ob10.txt,36,0.5391690461141182,0.44661942569229535,0.19029776099515128,0.25632166469714407,0.2,0.8283476748362253,True,0.765935393148483,0.13795417438069998,0.627981218767783,0.0,1.4205848771710987,True,True,True
325,11,Ob11.txt,119,0.24788233170987994,0.20861758829904836,0.23968374307796336,-0.031066154778915,0.55,0.8415992655063984,False,0.2474761572969324,0.2185381796467124,0.028937977650219993,0.4,0.9983614224937059,False,False,False
325,12,Ob12.txt,91,0.12280112465004704,0.2781938379597726,0.14068595671486558,0.137507881244907,0.275,2.2654013857980253,True,0.49064161931088257,0.203252985065704,0.2873886342451786,0.05,3.995416334411353,True,True,True
325,13,Ob13.txt,102,0.05748085042524052,0.28282258556188644,0.0,0.28282258556188644,0.0,4.920292296818484,True,0.27354278709508484,0.0,0.27354278709508484,0.0,4.758850731529347,True,True,True
325,14,Ob14.txt,47,0.1624295067780543,0.07566672932568749,0.25959580936877574,-0.18392908004308825,0.85,0.46584349621328014,False,0.22640491139296018,0.2631570948940982,-0.03675218350113804,0.575,1.3938656583026057,False,False,False
325,15,Ob15.txt,96,0.3572917354799889,0.014522646167844697,0.45609367759547714,-0.44157103142763243,1.0,0.04064646541105924,False,0.05348018047742176,0.36338697542315157,-0.3099067949457298,0.9,0.1496821089510397,False,False,False
325,16,Ob16.txt,84,0.248328367356467,0.19403297175915735,0.22249019672826476,-0.02845722496910741,0.55,0.7813564508344291,False,0.33895062055980396,0.2566016766012446,0.08234894395855935,0.375,1.3649291225486606,False,False,False
325,17,Ob17.txt,122,0.01626541912483498,0.3011560666151638,0.2169883846308704,0.08416768198429342,0.275,18.51511260200737,True,0.31633392691833184,0.20423597629715856,0.11209795062117328,0.275,19.44824934977144,True,True,True
325,18,Ob18.txt,103,0.3456877169638182,0.5077186270395683,0.09563370520957387,0.4120849218299944,0.05,1.468720472624456,True,0.36697766238090174,0.04305234901947297,0.32392531336142877,0.0,1.0615872198297165,True,True,True
325,19,Ob19.txt,143,0.16056415901057827,0.1685026205787338,0.11681966817087325,0.051682952407860555,0.375,1.0494410559434533,False,0.046360813149166985,0.17926443615297083,-0.13290362300380384,0.75,0.28873699731527663,False,False,False
326,1,Ob1.txt,28,0.5602404150283733,0.21809126490767877,0.3743110502834871,-0.15621978537580833,0.8,0.3892815638740264,False,0.05224324228380317,0.3438731004233774,-0.2916298581395742,0.975,0.09325147005175861,False,False,False
326,2,Ob2.txt,43,0.5840741252217988,0.46864242254165445,0.23738497672862272,0.23125744581303173,0.05,0.8023680596425842,True,0.467966607098548,0.19927738149653765,0.26868922560201036,0.05,0.8012109882813938,True,True,True
326,3,Ob3.txt,40,0.20951149577792455,0.13407033480646502,0.1924794108728474,-0.058409076066382376,0.6,0.6399187515160278,False,0.3793739667403771,0.23920972189054335,0.14016424484983375,0.325,1.8107548959628512,True,False,True
326,4,Ob4.txt,58,0.06378670690477861,0.2274056810982512,0.14099345427796273,0.08641222682028848,0.35,3.565095176299421,True,0.07065020479690849,0.21376206818430746,-0.14311186338739895,0.825,1.1076007561007308,False,False,True
326,5,Ob5.txt,93,1.1095156898047445,0.5870002377870394,0.23109936196290376,0.3559008758241356,0.025,0.5290598800728462,True,0.5060049970664244,0.18375142862341765,0.3222535684430068,0.075,0.45605934347397337,True,True,True
326,6,Ob6.txt,112,0.4883258790615663,0.13929905827605576,0.17232907402141145,-0.03303001574535569,0.625,0.2852583986409892,False,0.3180864140057281,0.18118012085054258,0.13690629315518554,0.2,0.6513814394129723,True,False,True
326,7,Ob7.txt,33,0.1030138183319767,0.5243550278384387,0.24454057131691725,0.2798144565215214,0.25,5.090142626774885,True,0.4077332220887976,0.32476622400104993,0.08296699808774766,0.375,3.9580439662455693,False,False,True
326,8,Ob8.txt,84,0.03952300608859516,0.34180185814766206,0.1856451061285203,0.15615675201914175,0.3,8.648174619650025,True,0.1144025091765457,0.23302954709913,-0.11862703792258432,0.75,2.8945801571899645,False,False,True
326,9,Ob9.txt,37,0.1854713612643411,0.09678116742965132,0.2834478407632219,-0.18666667333357057,0.8,0.521811921635249,False,0.17167809054848412,0.3093451386642304,-0.1376670481157463,0.675,0.925631263922206,False,False,False
326,10,Ob10.txt,36,0.25347367802409004,0.23409215636589065,0.21485759021291317,0.019234566152977473,0.45,0.9235363537181269,False,0.2828732690637885,0.295082090976879,-0.012208821913090473,0.525,1.1159867615007517,False,False,False
326,11,Ob11.txt,119,0.044743856734976356,0.30201659187305474,0.16798521425337784,0.1340313776196769,0.175,6.749900744183454,True,0.1866806620242314,0.18647610621572658,0.0002045558085048138,0.5,4.172207664841345,False,False,True
326,12,Ob12.txt,91,0.14899664423961598,0.7242217757681428,0.16719418236910008,0.5570275933990427,0.025,4.860658301830284,True,0.3568758375274407,0.12633176793676312,0.23054406959067755,0.325,2.3951937934488914,True,True,True
326,13,Ob13.txt,102,0.10697520625849018,0.5151767164962364,0.18573548183709226,0.32944123465914416,0.075,4.81585158388371,True,0.6218860642410298,0.18640692876429288,0.4354791354767369,0.05,5.813366349005504,True,True,True
326,14,Ob14.txt,47,0.19531365022659836,0.026361577862644425,0.18352424837895742,-0.157162670516313,0.975,0.13497048379394033,False,0.09247183095913986,0.31917883122499324,-0.2267070002658534,0.875,0.4734529862703205,False,False,False
326,15,Ob15.txt,96,0.4306042940366055,0.08286833078692635,0.17602855540711754,-0.09316022462019119,0.825,0.19244659641011788,False,0.08672702800056985,0.16012798812957807,-0.07340096012900822,0.725,0.2014077174836469,False,False,False
326,16,Ob16.txt,84,0.3771337868274266,0.1551085891498304,0.15702897748100783,-0.0019203883311774417,0.5,0.41128266564142885,False,0.16484887506598034,0.21690154242678483,-0.052052667360804494,0.6,0.43710980247286585,False,False,False
326,17,Ob17.txt,122,0.1547975288889007,0.05863644144462795,0.2056594434389704,-0.14702300199434246,0.8,0.37879442821539966,False,0.028052405988538004,0.15296733649432176,-0.12491493050578376,0.9,0.18121998580914958,False,False,False
326,18,Ob18.txt,103,0.25606147322902584,0.13961617126453146,0.5667494414255984,-0.4271332701610669,0.6,0.5452447394913499,False,0.11848307835735819,0.4873239067748742,-0.368840828417516,0.6,0.4627134135535683,False,False,False
326,19,Ob19.txt,143,0.10789021964736359,0.07258732806916976,0.09498928194014508,-0.022401953870975322,0.6,0.6727887690507961,False,0.025693626763510474,0.10613369732847676,-0.08044007056496628,0.85,0.23814602331415613,False,False,False
327,1,Ob1.txt,28,0.20881837096666023,0.2659595834169206,0.18080131744776393,0.08515826596915668,0.4,1.2736407347004135,False,0.3422754952723723,0.253068836549629,0.0892066587227433,0.35,1.6391062418881703,True,False,True
327,2,Ob2.txt,43,0.14308198343341388,0.25394370751751294,0.22576956865937872,0.028174138858134218,0.425,1.7748126034029352,False,0.00176593551890818,0.25980544203591743,-0.25803950651700924,1.0,0.012342123561139996,False,False,False
327,3,Ob3.txt,40,0.11789239444626298,0.4163545308692765,0.25142777100672237,0.16492675986255412,0.3,3.5316487787433712,True,0.2986424636094909,0.28188513619313293,0.016757327416357992,0.475,2.5331783700908406,False,False,True
327,4,Ob4.txt,58,0.6241679663957224,0.43226067860413486,0.23708079708530266,0.1951798815188322,0.275,0.6925390309602683,True,0.5627230287532303,0.2155168064930637,0.3472062222601666,0.125,0.9015570472203055,True,True,True
327,5,Ob5.txt,93,0.34744256566093545,0.40009427172531264,0.1455997369855731,0.25449453473973954,0.075,1.1515407473583974,True,0.1872151012080902,0.20662352113541343,-0.01940841992732323,0.55,0.5388375510408558,False,False,True
327,6,Ob6.txt,112,0.061995426168963086,0.2263996394476393,0.2092781305213599,0.017121508926279394,0.45,3.651876492156163,False,0.15175970933206215,0.23857136970336268,-0.08681166037130053,0.675,2.447917833784292,False,False,False
327,7,Ob7.txt,33,0.41717836701224054,0.4042883584834239,0.3691024905938286,0.035185867889595324,0.475,0.9691019248645786,False,0.8533899847992024,0.4193863209435219,0.43400366385568045,0.05,2.0456237721793538,True,False,True
327,8,Ob8.txt,84,0.3863657604397627,0.5832132639503534,0.17646985274559734,0.4067434112047561,0.125,1.5094848551966364,True,0.037508672258021125,0.2712614591505694,-0.23375278689254825,0.925,0.09708073566179529,False,False,True
327,9,Ob9.txt,37,0.23599931575430055,0.4003665072352504,0.32350967923498675,0.07685682800026367,0.4,1.6964731696598347,False,0.012347942978821136,0.21165343664641678,-0.19930549366759565,0.95,0.052321943982569036,False,False,False
327,10,Ob10.txt,36,0.02741946218253108,0.3716891226864477,0.2664309235678706,0.10525819911857709,0.25,13.555667876055228,True,0.127565059664421,0.22759945086419975,-0.10003439119977875,0.775,4.652354550764771,False,False,True
327,11,Ob11.txt,119,0.30198690790565474,0.1627320875297982,0.19715182076441978,-0.03441973323462158,0.575,0.5388713327288949,False,0.18146297579134563,0.2232736915563892,-0.04181071576504358,0.55,0.6008968304282827,False,False,False
327,12,Ob12.txt,91,0.34096069609029533,0.2628421047288342,0.19187964345238945,0.07096246127644473,0.375,0.7708868140603123,False,0.03619231884544388,0.20346985288482455,-0.16727753403938067,0.975,0.10614806709527366,False,False,False
327,13,Ob13.txt,102,0.6275152857453379,0.33675382606428356,0.16030995441822152,0.17644387164606204,0.125,0.536646411193475,True,0.10039824797761043,0.16929800796555342,-0.06889975998794298,0.7,0.1599933105348364,False,False,True
327,14,Ob14.txt,47,0.7816925594765574,0.2246956996467374,0.20603328694228512,0.01866241270445229,0.425,0.28744766330793753,False,0.017024857036078367,0.18523394554086714,-0.16820908850478877,0.975,0.021779479450947666,False,False,False
327,15,Ob15.txt,96,0.06269106751729966,0.025851860302343238,0.14554109722401165,-0.11968923692166841,0.9,0.4123691193360105,False,0.18924333889088832,0.14542198443016224,0.043821354460726075,0.425,3.018665120651621,False,False,False
327,16,Ob16.txt,84,0.49811020945433954,0.47314999000669505,0.1747915530537881,0.298358436952907,0.0,0.9498901669271396,True,0.47646022076513367,0.1908308836965997,0.285629337068534,0.075,0.9565357459488281,True,True,True
327,17,Ob17.txt,122,0.1689003291159594,0.4418208499145806,0.14663409202232228,0.29518675789225834,0.0,2.6158673119650713,True,0.24921036793590332,0.20368455116951056,0.04552581676639275,0.325,1.4754877580185568,True,True,True
327,18,Ob18.txt,103,0.2119175703815543,0.4215315402324387,0.17126339493750753,0.2502681452949312,0.025,1.9891297331952125,True,0.21536862184365374,0.1668683845362281,0.04850023730742564,0.425,1.016284876501207,False,False,True
327,19,Ob19.txt,143,0.052787072216287714,0.006177384377058837,0.19913653762332018,-0.19295915324626134,1.0,0.11702456904122018,False,0.00436633086114005,0.20097486120287664,-0.1966085303417366,1.0,0.08271591277594662,False,False,False
328,1,Ob1.txt,28,0.08060354284313812,0.12776779299618374,0.2625937109975135,-0.13482591800132976,0.8,1.5851386736787931,False,0.011311121511479616,0.2793641733486237,-0.26805305183714406,1.0,0.14033032683801624,False,False,False
328,2,Ob2.txt,43,0.3743660221030908,0.34809394420919654,0.2172042480614642,0.13088969614773233,0.2,0.929822482963853,True,0.35713327163020386,0.20848032495140134,0.14865294667880252,0.325,0.9539681769833763,True,True,True
328,3,Ob3.txt,40,0.08854813518262888,0.046724553658503976,0.2734024911952211,-0.2266779375367171,0.925,0.5276740561744802,False,0.29898989046960767,0.30692616147284546,-0.007936271003237794,0.525,3.376580318184528,False,False,False
328,4,Ob4.txt,58,0.15452951183672603,0.13934000763051646,0.2496817059790208,-0.11034169834850435,0.775,0.9017048327813356,False,0.22309032228462775,0.18421043765136724,0.0388798846332605,0.35,1.443674542377007,True,False,True
328,5,Ob5.txt,93,0.021053803792630985,0.27507373917051015,0.2568898436727405,0.018183895497769664,0.45,13.065275134120341,False,0.1557039597889095,0.23778360655517866,-0.08207964676626917,0.6,7.395526305959365,False,False,False
328,6,Ob6.txt,112,0.38793291659240475,0.24678660914660278,0.1875132547972555,0.059273354349347274,0.375,0.6361579504888927,False,0.20519000818692096,0.11704843973393486,0.0881415684529861,0.225,0.5289316771294017,True,False,True
328,7,Ob7.txt,33,0.3313740038530497,0.9101902681765403,0.2725392148950502,0.6376510532814901,0.025,2.746715969247156,True,0.1025102675816775,0.37443276477213927,-0.2719224971904618,0.825,0.30934915349345404,False,False,True
328,8,Ob8.txt,84,0.10733877403487466,0.28119200980539016,0.11131475001377988,0.16987725979161028,0.175,2.619668543205367,True,0.074828588716089,0.1142492097776758,-0.03942062106158681,0.625,0.6971254273108894,False,False,True
328,9,Ob9.txt,37,0.4225229964314913,0.26013771497056615,0.3000915030752079,-0.03995378810464173,0.55,0.6156770570303038,False,0.1678553469393982,0.3164834709703226,-0.1486281240309244,0.7,0.39726913885648013,False,False,False
328,10,Ob10.txt,36,0.5147421547336286,0.407528095340767,0.2997590573001146,0.10776903804065241,0.225,0.7917130773011134,True,0.14747375930719178,0.23268459006730066,-0.08521083076010888,0.675,0.28650025639245974,False,False,True
328,11,Ob11.txt,119,0.06415892293466366,0.431778600677103,0.13612536843359313,0.29565323224350987,0.075,6.729829319560203,True,0.17174291136558179,0.21401590332805043,-0.04227299196246864,0.575,2.676835949077207,False,False,True
328,12,Ob12.txt,91,0.30471424799397184,0.5968220428587216,0.14111340993743576,0.4557086329212859,0.075,1.9586286062689413,True,0.4135892439627099,0.20477451218799986,0.20881473177471005,0.1,1.3573019531757895,True,True,True
328,13,Ob13.txt,102,0.32289435524903276,0.2373110296460868,0.09854298261855254,0.13876804702753426,0.0,0.7349494526253341,True,0.004509016967986362,0.0675483939828958,-0.06303937701490944,0.625,0.013964372231000373,False,False,True
328,14,Ob14.txt,47,0.21337576464281008,0.2909583848065152,0.24420509103487223,0.04675329377164297,0.45,1.3635962139073199,False,0.1186630054381769,0.24292791995603444,-0.12426491451785754,0.625,0.5561222270805598,False,False,False
328,15,Ob15.txt,96,0.0960271057196046,0.00020184691936862842,0.11108787770313598,-0.11088603078376735,1.0,0.0021019785804855303,False,0.23526643913893464,0.1117650148172036,0.12350142432173103,0.25,2.450000313722913,True,False,True
328,16,Ob16.txt,84,0.08805200838673638,0.1906039022372894,0.2566323017186918,-0.06602839948140238,0.625,2.16467410260685,False,0.001298214917538787,0.192862489930755,-0.1915642750132162,1.0,0.014743728636340136,False,False,False
328,17,Ob17.txt,122,0.18896174040869484,0.2695465636044133,0.22010221413407538,0.049444349470337934,0.425,1.4264610551396597,False,0.4581373608400241,0.2034547481556746,0.2546826126843495,0.1,2.424497995462702,True,False,True
328,18,Ob18.txt,103,0.2987894018352612,0.02551462253796477,0.09077915253779612,-0.06526452999983134,0.625,0.08539333182919374,False,0.047354503162484324,0.0,0.047354503162484324,0.45,0.15848789438854805,False,False,False
328,19,Ob19.txt,143,0.35646008689732434,0.04801354485971229,0.1027276143973358,-0.054714069537623505,0.85,0.13469543049722207,False,0.05938788526132821,0.08830638998349372,-0.028918504722165506,0.675,0.16660458616348384,False,False,False
329,1,Ob1.txt,28,0.45873931317058214,0.034932378002404035,0.23610031008833765,-0.20116793208593362,0.975,0.07614864695368813,False,0.28595331799116863,0.2822603200506404,0.003692997940528242,0.5,0.62334600454188,False,False,False
329,2,Ob2.txt,43,0.1780824716980115,0.258945324537325,0.23246303804736873,0.026482286489956264,0.45,1.454075306055045,False,0.43021659047935573,0.2177346584946525,0.21248193198470322,0.225,2.415827826159713,True,False,True
329,3,Ob3.txt,40,0.0998729987336674,0.04789562142660414,0.21580533249437375,-0.1679097110677696,0.85,0.47956526822958434,False,0.036759078501317766,0.17541901347568659,-0.13865993497436882,0.875,0.3680582236180138,False,False,False
329,4,Ob4.txt,58,0.17066304261965184,0.07615436830387273,0.2088346696233433,-0.13268030131947056,0.825,0.44622647724378234,False,0.10324073180118822,0.2451292636304423,-0.1418885318292541,0.8,0.6049390085659943,False,False,False
329,5,Ob5.txt,93,0.37067208692163933,0.1663333699541667,0.23335122324541524,-0.06701785329124854,0.6,0.4487345441506898,False,0.022840440181786964,0.1823629996117393,-0.15952255942995233,0.925,0.06161899152286444,False,False,False
329,6,Ob6.txt,112,0.36416666307246714,0.4013915336247265,0.14964495230317965,0.25174658132154687,0.1,1.1022193251798336,True,0.2013228649178146,0.18316167716789877,0.01816118774991582,0.475,0.5528316711344675,False,False,True
329,7,Ob7.txt,33,0.8334486540431816,0.7627873761795917,0.247873522486217,0.5149138536933747,0.025,0.9152181990806492,True,0.9262070533943316,0.25647517283105076,0.6697318805632808,0.0,1.111294677723895,True,True,True
329,8,Ob8.txt,84,0.49611024601683024,0.07435803967352608,0.13804240028156994,-0.06368436060804386,0.65,0.14988208824657803,False,0.06635741887197494,0.24365242020716443,-0.1772950013351895,0.825,0.13375538885710456,False,False,False
329,9,Ob9.txt,37,0.10873298516031299,0.19997716073046945,0.1847037305816421,0.015273430148827344,0.4,1.839158195055792,False,0.5203318653599293,0.23119433107852444,0.2891375342814048,0.075,4.785409547919299,True,False,True
329,10,Ob10.txt,36,0.26679722260571803,0.06884311332713754,0.24416377212946078,-0.17532065880232323,0.85,0.258035344801457,False,0.5674770172406954,0.1898383832030425,0.37763863403765296,0.075,2.126997469082848,True,False,True
329,11,Ob11.txt,119,0.28106054826018917,0.09655202324307735,0.171312118727357,-0.07476009548427964,0.75,0.3435274848809276,False,0.09733101828842103,0.2618731135691038,-0.16454209528068278,0.75,0.34629911202734065,False,False,False
329,12,Ob12.txt,91,0.1226269732028527,0.3565389447446563,0.15714175993724647,0.19939718480740984,0.2,2.9075083191922255,True,0.41589639587346305,0.15884057698574383,0.2570558188877192,0.175,3.391557216253528,True,True,True
329,13,Ob13.txt,102,0.12023097840869,0.14641743175069466,0.0,0.14641743175069466,0.0,1.217801216363652,True,0.24002283920240539,0.0,0.24002283920240539,0.0,1.9963477165304107,True,True,True
329,14,Ob14.txt,47,0.41099151412165524,0.3452378165434059,0.23202078605578944,0.11321703048761647,0.3,0.840012031102944,True,0.7826754963826339,0.24751827144903993,0.535157224933594,0.025,1.9043592616633895,True,True,True
329,15,Ob15.txt,96,0.30811572378414964,0.3927486491749519,0.21823602458357771,0.17451262459137418,0.15,1.2746790210878423,True,0.3380707586918518,0.23926501541053924,0.09880574328131259,0.3,1.0972200786763067,True,True,True
329,16,Ob16.txt,84,0.46427357876079,0.5328085433472168,0.21601142037346455,0.3167971229737523,0.025,1.1476176283159514,True,0.056510943162898314,0.21558586281896733,-0.159074919656069,0.9,0.12171905908092764,False,False,True
329,17,Ob17.txt,122,0.6959847941746022,0.4408889798169625,0.14429262777213409,0.2965963520448284,0.1,0.6334750177118903,True,0.9303770061689988,0.12889809601183733,0.8014789101571614,0.0,1.3367777772679246,True,True,True
329,18,Ob18.txt,103,0.038863724100305336,0.25806969849303396,0.29548567263290615,-0.03741597413987219,0.55,6.640374911754955,False,0.1264489524094699,0.28119029561773445,-0.15474134320826455,0.7,3.2536499096975744,False,False,False
329,19,Ob19.txt,143,0.2848310745412526,0.41068899652947993,0.16688461627844697,0.24380438025103296,0.05,1.4418686486049088,True,0.20591986250429636,0.19883444845683407,0.007085414047462296,0.475,0.7229543435032494,False,False,True
330,1,Ob1.txt,28,0.04676875259669372,0.2803330056186345,0.22558090834654945,0.05475209727208505,0.425,5.994023574587542,False,0.09155737100330158,0.21183567232802175,-0.12027830132472017,0.8,1.9576611716125643,False,False,False
330,2,Ob2.txt,43,0.005154020615534799,0.07809127806590292,0.29322292038334086,-0.21513164231743792,0.875,15.15152613680415,False,0.4155930042955799,0.31743755954559727,0.09815544474998261,0.35,80.63471904690014,True,False,True
330,3,Ob3.txt,40,0.07542087264207004,0.05303668312573678,0.2860799794616258,-0.233043296335889,0.875,0.7032096191386776,False,0.01097755665344663,0.22718628601479987,-0.21620872936135324,1.0,0.14555064491952469,False,False,False
330,4,Ob4.txt,58,0.2943101021114797,0.014936685221096035,0.25431622851560076,-0.23937954329450473,1.0,0.05075152063736593,False,0.28719540335672916,0.23683704291548596,0.0503583604412432,0.375,0.9758258425255971,False,False,False
330,5,Ob5.txt,93,0.2366851952110977,0.10883140645521704,0.11048162026415069,-0.0016502138089336538,0.5,0.4598150144463034,False,0.32473339234075094,0.14268549062603458,0.18204790171471635,0.175,1.3720055115873375,True,False,True
330,6,Ob6.txt,112,0.2498587554683454,0.19713911591952782,0.15823171982500137,0.03890739609452645,0.4,0.7890022326814293,False,0.5473489708813645,0.20643533313817447,0.34091363774319,0.025,2.1906335435610065,True,False,True
330,7,Ob7.txt,33,0.25620243890867134,0.1909603303480747,0.20453503917068105,-0.013574708822606363,0.525,0.7453493852810139,False,0.07712841982171775,0.23611238322468636,-0.1589839634029686,0.8,0.3010448306044884,False,False,False
330,8,Ob8.txt,84,0.08850775582253853,0.08959695158193809,0.23549217835537634,-0.14589522677343825,0.875,1.0123062182435565,False,0.3021170286928395,0.1735352471112252,0.12858178158161432,0.15,3.413452593901441,True,False,True
330,9,Ob9.txt,37,0.9398020557884108,0.5518022489068659,0.3267162604053212,0.2250859885015447,0.15,0.5871473099129929,True,0.40906062641792934,0.2500498097185644,0.15901081669936495,0.175,0.43526253629522405,True,True,True
330,10,Ob10.txt,36,0.1842413724809403,0.7231768178466229,0.21981561096023772,0.5033612068863852,0.0,3.925159740771228,True,0.0888553722378049,0.19860642553749636,-0.10975105329969145,0.725,0.48227697743077197,False,False,True
330,11,Ob11.txt,119,0.44031784064065105,0.15512895840447952,0.22299551003625812,-0.0678665516317786,0.65,0.3523113171584665,False,0.055479839707986395,0.1750084085402214,-0.119528568832235,0.9,0.12599952713082138,False,False,False
330,12,Ob12.txt,91,0.1217577012228303,0.008570835939185895,0.24061945828433154,-0.23204862234514564,0.975,0.07039255712868872,False,0.4418598549474769,0.23420616965045796,0.20765368529701897,0.2,3.6290095042023145,True,False,True
330,13,Ob13.txt,102,0.09297677706975248,0.047389498222472404,0.0,0.047389498222472404,0.4,0.5096917716014198,False,0.08704770576525508,0.0,0.08704770576525508,0.4,0.936230621329783,False,False,False
330,14,Ob14.txt,47,0.22004358285015901,0.16897742644622865,0.2523727921790258,-0.08339536573279716,0.675,0.7679270817967712,False,0.4401460371016356,0.27718107207819753,0.16296496502343805,0.325,2.000267544277161,True,False,True
330,15,Ob15.txt,96,0.1638010179169978,0.1082436758164886,0.1991803480834033,-0.0909366722669147,0.65,0.6608241950690347,False,0.04937335063326065,0.14154163822538274,-0.09216828759212209,0.8,0.30142273388239504,False,False,False
330,16,Ob16.txt,84,0.23269524344496378,0.4368388745408765,0.34329106001950616,0.09354781452137034,0.275,1.8773004040548684,True,0.39770503739462415,0.32770299395786495,0.0700020434367592,0.375,1.7091240521583237,False,False,True
330,17,Ob17.txt,122,0.35182711085811175,0.25058518376588945,0.1384083458538825,0.11217683791200694,0.25,0.7122395518489417,True,0.1736938563545551,0.1969556480642239,-0.0232617917096688,0.525,0.4936909379465189,False,False,True
330,18,Ob18.txt,103,0.033952971784571406,0.08263592152322571,0.07890839419049334,0.0037275273327323777,0.5,2.433834718431815,False,0.23020510912730036,0.14577879948779238,0.08442630963950798,0.175,6.780116644514399,True,False,True
330,19,Ob19.txt,143,0.4501330370422537,0.21957360516025373,0.16648725154893262,0.05308635361132111,0.375,0.4877971334942085,False,0.15330161068024928,0.13882328447726663,0.014478326202982644,0.45,0.34056956069602806,False,False,False
331,1,Ob1.txt,28,0.23669480680691096,0.004227291524379687,0.15170625702888269,-0.147478965504503,0.975,0.017859671622741574,False,0.3012602359055258,0.2090802282683552,0.0921800076371706,0.3,1.2727792382504004,True,False,True
331,2,Ob2.txt,43,0.2437116975404493,0.21685536640203512,0.17212737115991744,0.04472799524211768,0.4,0.8898028637547987,False,0.08345294652643903,0.26195341556578855,-0.17850046903934952,0.75,0.3424248707331259,False,False,False
331,3,Ob3.txt,40,0.44463976667835825,0.23357832936707085,0.3104960297139245,-0.07691770034685363,0.575,0.5253203758898961,False,0.1622708345240369,0.26354174236231975,-0.10127090783828285,0.75,0.3649489917113503,False,False,False
331,4,Ob4.txt,58,0.13754908578086678,0.2625711433364166,0.2994957866989901,-0.03692464336257345,0.575,1.9089268521546259,False,0.2501132414444913,0.24967078594325862,0.0004424555012327025,0.5,1.818356261872606,False,False,False
331,5,Ob5.txt,93,0.0466213391483343,0.30285313122062407,0.2130264426129968,0.08982668860762727,0.325,6.496019564282389,True,0.034800560754058574,0.19182665357993012,-0.15702609282587154,0.85,0.7464513330115687,False,False,True
331,6,Ob6.txt,112,0.2675136600792825,0.3828933092797625,0.18448945319144416,0.19840385608831834,0.15,1.4313037665676032,True,0.051159762053316626,0.13498185876988877,-0.08382209671657215,0.85,0.19124168103473485,False,False,True
331,7,Ob7.txt,33,0.27905208257749425,0.06794527395043093,0.3447106038816087,-0.27676532993117775,0.875,0.24348599488255804,False,0.06319761431225164,0.3243660882717899,-0.2611684739595383,0.9,0.2264724696856592,False,False,False
331,8,Ob8.txt,84,0.1994527681246013,0.1507824237233507,0.19968983926210843,-0.048907415538757715,0.625,0.7559806020298226,False,0.22887621628823163,0.2290034712686589,-0.00012725498042726047,0.5,1.1475208814612643,False,False,False
331,9,Ob9.txt,37,0.22169276175368713,0.23322983820373785,0.3066068683149318,-0.07337703011119392,0.625,1.052040835067358,False,0.032239391450223226,0.28834409120130144,-0.2561046997510782,0.9,0.14542374408255587,False,False,False
331,10,Ob10.txt,36,0.04425561050461371,0.10478926319867551,0.2766517736676344,-0.17186251046895887,0.8,2.3678187240858666,False,0.12003974130855397,0.27801321362002407,-0.1579734723114701,0.75,2.7124186050046615,False,False,False
331,11,Ob11.txt,119,0.4662856559311365,0.20126355336218993,0.15996568145388984,0.04129787190830009,0.325,0.4316314490959026,True,0.19402505073888252,0.19727053755241625,-0.0032454868135337323,0.5,0.4161076976546264,False,False,True
331,12,Ob12.txt,91,0.014796579695125336,0.09993718751317725,0.11842128371959255,-0.018484096206415307,0.55,6.754073547557824,False,0.10486696739396564,0.1183385517352053,-0.013471584341239656,0.55,7.087243778946669,False,False,False
331,13,Ob13.txt,102,0.3335280661158229,0.09283943541166481,0.0,0.09283943541166481,0.0,0.2783556913001284,False,0.2757355979050239,0.0,0.2757355979050239,0.0,0.8267238230238481,True,False,True
331,14,Ob14.txt,47,0.4155503971796144,0.192520137489953,0.21413197756708363,-0.02161184007713063,0.525,0.46328950422525894,False,0.09873497261244105,0.3075421682095857,-0.20880719559714464,0.875,0.23760047706022183,False,False,False
331,15,Ob15.txt,96,0.23612605710189813,0.2209818907641576,0.07161836092793941,0.1493635298362182,0.2,0.9358640612407924,True,0.043439151655437325,0.09326049264225808,-0.049821340986820756,0.75,0.18396593831527683,False,False,True
331,16,Ob16.txt,84,0.03157741593858315,0.28547538450919696,0.26984996827030305,0.015625416238893908,0.45,9.040492263978646,False,0.04024889295092282,0.2487930896813259,-0.2085441967304031,0.9,1.2746100893501024,False,False,False
331,17,Ob17.txt,122,0.19250488117854947,0.3277098024058801,0.19087830755752788,0.13683149484835222,0.225,1.7023454179425572,True,0.21880718197027138,0.13783583142933936,0.08097135054093202,0.375,1.1366318642451791,False,False,True
331,18,Ob18.txt,103,0.023849817347938895,0.044269425024677164,0.20501792166927763,-0.16074849664460045,0.55,1.8561745936600615,False,0.24537608849528597,0.15497013668246423,0.09040595181282174,0.5,10.288384389513633,False,False,False
331,19,Ob19.txt,143,0.23521695695831676,0.017080383437216545,0.05639326330438216,-0.03931287986716561,0.8,0.07261544260281963,False,0.01993583636094068,0.0820941879877202,-0.06215835162677952,0.95,0.08475509852154726,False,False,False
332,1,Ob1.txt,28,0.38101978324032393,0.45699106087898306,0.20547405068735153,0.25151701019163153,0.225,1.1993893256475376,True,0.23054969117159554,0.263890512914972,-0.033340821743376464,0.575,0.6050858808719098,False,False,True
332,2,Ob2.txt,43,0.23597650881376056,0.24927254550170946,0.1849396059066451,0.06433293959506436,0.275,1.0563447470037897,True,0.08475426700978841,0.23207989192837153,-0.14732562491858311,0.8,0.35916400083992644,False,False,True
332,3,Ob3.txt,40,0.2064710097590846,0.4412131232871984,0.2496671223097162,0.19154600097748223,0.275,2.136925294267784,True,0.11212874896631742,0.2659779458305261,-0.15384919686420867,0.825,0.5430726042225102,False,False,True
332,4,Ob4.txt,58,0.2585750629180539,0.722475492329113,0.2446061211727358,0.4778693711563772,0.025,2.7940648420457923,True,0.16700747997456702,0.2259201806686903,-0.05891270069412327,0.6,0.6458762035668307,False,False,True
332,5,Ob5.txt,93,0.35364855747970236,0.392189619065583,0.2825968320625091,0.1095927870030739,0.275,1.1089812492394873,True,0.14866475594403036,0.23667421133547037,-0.08800945539144,0.675,0.4203742749680605,False,False,True
332,6,Ob6.txt,112,0.04504491620109549,0.3383947592901933,0.18766476655810765,0.15072999273208565,0.2,7.512385144185561,True,0.295520578424221,0.20995340815524421,0.08556717026897681,0.3,6.5605756064661955,True,True,True
332,7,Ob7.txt,33,0.8076038715375439,0.4561518620614866,0.26944093148501563,0.18671093057647098,0.25,0.5648212918953064,True,0.25840800310313194,0.3166872580002706,-0.058279254897138644,0.625,0.31996875226856697,False,False,True
332,8,Ob8.txt,84,0.5828605292212061,0.46800211179262163,0.20821682004403674,0.2597852917485849,0.2,0.8029401346115279,True,0.25703052838304147,0.3072821124392355,-0.05025158405619401,0.55,0.44098118760327604,False,False,True
332,9,Ob9.txt,37,0.04314181402803069,0.26071643522802074,0.284405066164091,-0.023688630936070265,0.575,6.043242295250368,False,0.3978290181606539,0.2238562243685791,0.1739727937920748,0.125,9.221425364778844,True,False,True
332,10,Ob10.txt,36,0.6232871208086823,0.16317624432150615,0.27615936816759756,-0.11298312384609141,0.75,0.26179948032584655,False,0.19393860681591288,0.2693400631124616,-0.07540145629654874,0.6,0.3111545230780442,False,False,False
332,11,Ob11.txt,119,0.3208780090545196,0.16010782545204594,0.20661118757539398,-0.04650336212334805,0.6,0.4989678972510778,False,0.10198059924802155,0.24741904520623387,-0.14543844595821231,0.775,0.31781735229694186,False,False,False
332,12,Ob12.txt,91,0.13209241198633767,0.1615423596824858,0.2715914506226753,-0.11004909094018953,0.675,1.2229495794141008,False,0.3534469398737145,0.16595881506906612,0.18748812480464838,0.225,2.67575506086051,True,False,True
332,13,Ob13.txt,102,0.7078330722809778,0.3598056268088242,0.014370406673227948,0.34543522013559624,0.0,0.5083198862824505,True,0.3507945132454664,0.003906720780864181,0.3468877924646022,0.075,0.49558932322141735,True,True,True
332,14,Ob14.txt,47,0.4246900856737372,0.3964548898649738,0.26572463661515777,0.13073025324981602,0.225,0.9335157641743143,True,0.3141472148926738,0.2413238132196449,0.07282340167302886,0.3,0.7397093209611995,True,True,True
332,15,Ob15.txt,96,0.13823533024986115,0.48749490860668965,0.15878571742162392,0.3287091911850657,0.025,3.526557991546299,True,0.7644679577654315,0.19718872262588108,0.5672792351395505,0.0,5.530192291533947,True,True,True
332,16,Ob16.txt,84,0.22452171644848667,0.42712483850852156,0.22898795311675918,0.19813688539176239,0.1,1.9023765062232603,True,0.6138768404980793,0.22914265840715453,0.3847341820909248,0.0,2.7341535162320243,True,True,True
332,17,Ob17.txt,122,0.05105561216823562,0.24493047223167966,0.15788475401192448,0.08704571821975518,0.325,4.797327107245299,True,0.22748745616624297,0.25121244557782985,-0.023724989411586878,0.55,4.455679728540693,False,False,True
332,18,Ob18.txt,103,0.004364142130065252,0.4048461462064793,0.203625566335773,0.2012205798707063,0.175,92.76648975692873,True,0.3416199392664526,0.16513732146804275,0.17648261779840987,0.2,78.27882985592515,True,True,True
332,19,Ob19.txt,143,0.1871283542263803,0.007855588957247459,0.1307814446216266,-0.12292585566437915,0.95,0.041979682821044244,False,0.054206620409501846,0.1713302756999902,-0.11712365529048836,0.75,0.2896761457321688,False,False,False
333,1,Ob1.txt,28,0.25496909041274207,0.3304400366666313,0.2239570651555258,0.1064829715111055,0.325,1.2960003745227213,True,0.440449722147811,0.28728845946307174,0.15316126268473923,0.175,1.7274632051862218,True,True,True
333,2,Ob2.txt,43,0.008743002547386608,0.14235833722545405,0.19544362088850414,-0.0530852836630501,0.65,16.282545550442133,False,0.15403243317102489,0.19232875902934782,-0.03829632585832293,0.575,17.617795755654573,False,False,False
333,3,Ob3.txt,40,0.041034693026748004,0.4112241634424393,0.3284298855254192,0.0827942779170201,0.375,10.0213778417786,False,0.3475350702080817,0.2484562137232922,0.09907885648478951,0.425,8.469298648866335,False,False,False
333,4,Ob4.txt,58,0.2388364846427718,0.2112644096619945,0.23438659726587988,-0.023122187603885375,0.55,0.8845566873000291,False,0.34862423275072985,0.2876075304796187,0.06101670227111117,0.425,1.459677457873188,False,False,False
333,5,Ob5.txt,93,0.764036103873859,0.4143324148560029,0.21719746665578693,0.197134948200216,0.2,0.542294287868376,True,0.2384610163722075,0.21105636482937892,0.02740465154282859,0.4,0.3121070001314715,False,False,True
333,6,Ob6.txt,112,0.37158731372047094,0.12894339889977868,0.18016133406764964,-0.05121793516787096,0.675,0.3470069998051043,False,0.012922419536385732,0.14660494033956828,-0.13368252080318255,0.95,0.03477626673257933,False,False,False
333,7,Ob7.txt,33,0.49267212341661026,0.33704012268615735,0.2588460198143968,0.07819410287176054,0.375,0.6841063390167736,False,0.14582721628308948,0.21753660410484535,-0.07170938782175587,0.625,0.29599242447857355,False,False,False
333,8,Ob8.txt,84,0.04208784200266413,0.3776133256655285,0.22575794760715714,0.15185537805837138,0.1,8.972028683286394,True,0.366965668438186,0.2422870201856057,0.12467864825258032,0.3,8.719042150342545,True,True,True
333,9,Ob9.txt,37,0.8422233898824822,0.47200032040392054,0.26652591315762336,0.20547440724629717,0.25,0.5604217670442281,True,0.33356039788505354,0.22516086804352076,0.10839952984153278,0.275,0.3960474167448569,True,True,True
333,10,Ob10.txt,36,0.12306706541331912,0.12610782506081153,0.2827542693707359,-0.15664644430992436,0.75,1.0247081510985905,False,0.15362509253116718,0.3096399604535143,-0.1560148679223471,0.7,1.2483038578617223,False,False,False
333,11,Ob11.txt,119,0.11608170684883701,0.14246486601185918,0.14631896883592932,-0.0038541028240701436,0.5,1.2272809375328935,False,0.0522782484260631,0.2104099111289927,-0.1581316627029296,0.875,0.4503573374755806,False,False,False
333,12,Ob12.txt,91,0.7323076804835995,0.21540347982777702,0.362328270301024,-0.14692479047324697,0.675,0.29414341207718786,False,0.16601785260426433,0.33296352895969794,-0.16694567635543361,0.75,0.22670505448560893,False,False,False
333,13,Ob13.txt,102,0.15324183606976582,0.190343071329125,0.18648399075289943,0.003859080576225582,0.5,1.2421090494012892,False,0.16562542104061748,0.26699440173668076,-0.10136898069606329,0.65,1.0808107321633358,False,False,False
333,14,Ob14.txt,47,0.37120034294116167,0.3937663456938336,0.19271079822869824,0.20105554746513538,0.225,1.0607919771136873,True,0.11263985597486997,0.19920448449561537,-0.0865646285207454,0.65,0.303447607516689,False,False,True
333,15,Ob15.txt,96,0.06511640605754931,0.07824114630283319,0.20666439815017534,-0.12842325184734216,0.65,1.2015581178372212,False,0.2915539375283678,0.20495820965392608,0.0865957278744417,0.4,4.477426737444554,False,False,False
333,16,Ob16.txt,84,0.2663513288989655,0.051424984043626415,0.18221815569780414,-0.13079317165417773,0.85,0.19307200101537073,False,0.15632792189634304,0.19827540095080562,-0.04194747905446258,0.6,0.5869237542105246,False,False,False
333,17,Ob17.txt,122,0.3533033420892366,0.32790122666651766,0.15686546752821606,0.1710357591383016,0.1,0.9281011176613696,True,0.27658183741342274,0.14802703556289795,0.12855480185052479,0.25,0.7828452337242944,True,True,True
333,18,Ob18.txt,103,0.6618432080453545,0.09226729160219571,1.3620026194634993,-1.2697353278613037,0.65,0.1394095920009394,False,0.030707169761331143,1.2125321445049162,-1.1818249747435852,0.65,0.046396441616466444,False,False,False
333,19,Ob19.txt,143,0.5367751626288086,0.5586475450733845,0.1615386920156391,0.39710885305774546,0.025,1.0407477543063988,True,0.5017220189219774,0.0641656018748087,0.43755641704716874,0.0,0.9346967852700905,True,True,True
334,1,Ob1.txt,28,0.28533432899721267,0.32778927529894875,0.19557898768696694,0.1322102876119818,0.4,1.1487901804558216,False,0.2870050885060962,0.2056560240327042,0.08134906447339199,0.35,1.0058554451360804,True,False,True
334,2,Ob2.txt,43,0.23048783842869797,0.18045346432766823,0.20042346228842117,-0.01996999796075294,0.6,0.7829196783564439,False,0.0650083588128314,0.2527766793541584,-0.18776832054132697,0.95,0.282046806703608,False,False,False
334,3,Ob3.txt,40,0.010390763547038495,0.1704681028603819,0.24979330265936572,-0.07932519979898384,0.65,16.40573400488625,False,0.2652389152342753,0.3062707338075745,-0.04103181857329924,0.6,25.526412378989402,False,False,False
334,4,Ob4.txt,58,0.01831290139032582,0.2858773748393765,0.23350338098860074,0.052373993850775735,0.425,15.610709015797863,False,0.13041900318143673,0.2743450919254098,-0.14392608874397306,0.65,7.121700728991712,False,False,False
334,5,Ob5.txt,93,0.7683435290621077,0.16032983543320256,0.2144617294799448,-0.054131894046742235,0.675,0.20866946797731487,False,0.2081169674906576,0.19926577105840698,0.00885119643225063,0.45,0.27086447613439174,False,False,False
334,6,Ob6.txt,112,0.02665225772286564,0.25738133605830743,0.1899348147075298,0.06744652135077764,0.425,9.657018130869023,False,0.14603368240625125,0.18141556425760366,-0.03538188185135241,0.625,5.479223708727884,False,False,False
334,7,Ob7.txt,33,0.7983470230020451,0.5484354452524756,0.23446931947814387,0.3139661257743317,0.1,0.6869637256116764,True,1.106064683756653,0.31535160429541004,0.7907130794612429,0.0,1.3854434874667525,True,True,True
334,8,Ob8.txt,84,0.08759126156350668,0.12244019725158355,0.20367661370580628,-0.08123641645422273,0.625,1.3978585884712962,False,0.017467713990982195,0.24482568050338288,-0.2273579665124007,0.975,0.19942302096331266,False,False,False
334,9,Ob9.txt,37,0.008455961439774257,0.1721937765450705,0.2882258154807499,-0.11603203893567937,0.725,20.363595289723488,False,0.09475905066029594,0.22726226947930644,-0.1325032188190105,0.85,11.206182920203295,False,False,False
334,10,Ob10.txt,36,0.8347900489873967,0.18435809666643535,0.22377513774261715,-0.0394170410761818,0.55,0.22084366828529206,False,0.2536279250258774,0.2273867273858579,0.026241197640019476,0.475,0.30382241059716625,False,False,False
334,11,Ob11.txt,119,0.18183904558257674,0.004969056536560129,0.15508931944895427,-0.15012026291239414,1.0,0.027326675195859303,False,0.25719125973515994,0.19385739994514056,0.06333385979001938,0.275,1.4143896263377838,True,False,True
334,12,Ob12.txt,91,0.06829294352594423,0.06002158286762314,0.18968304103711975,-0.12966145816949662,0.875,0.8788841096711723,False,0.02699531442298092,0.23249920601266755,-0.20550389158968663,0.875,0.39528702424029366,False,False,False
334,13,Ob13.txt,102,0.29453098383161413,0.1798385883204102,0.0,0.1798385883204102,0.475,0.6105931063036324,False,0.11305873838474845,0.0,0.11305873838474845,0.475,0.38386025440836163,False,False,False
334,14,Ob14.txt,47,0.019930194086538622,0.23928613062604343,0.2284333864497675,0.010852744176275936,0.475,12.006211760258951,False,0.0715728105962882,0.2238220166990352,-0.152249206102747,0.85,3.5911747916509436,False,False,False
334,15,Ob15.txt,96,0.4645837472761265,0.07647733229724295,0.455735651158959,-0.379258318861716,0.7,0.16461473899083356,False,0.15502034722140223,0.20631215542770476,-0.051291808206302525,0.625,0.33367578640082196,False,False,False
334,16,Ob16.txt,84,0.5016352928849094,0.37762733455045067,0.1459515113192439,0.23167582323120678,0.125,0.7527925963476617,True,0.2874783397294053,0.15418377737640873,0.13329456235299655,0.25,0.5730823644327627,True,True,True
334,17,Ob17.txt,122,0.1801369755259309,0.2306417822527167,0.13839766138361306,0.09224412086910364,0.3,1.2803689058247545,True,0.49257606903913065,0.1552280575342575,0.33734801150487315,0.1,2.7344528662202605,True,True,True
334,18,Ob18.txt,103,0.017529046304189305,0.23483781161928785,0.0,0.23483781161928785,0.0,13.397067218834572,True,0.34334781401492515,0.0,0.34334781401492515,0.0,19.58736419863685,True,True,True
334,19,Ob19.txt,143,0.16691276083000983,0.11572022344003015,0.11409892711807296,0.0016212963219571913,0.5,0.6932976416218046,False,0.051387723475193076,0.10959438758547499,-0.058206664110281914,0.725,0.3078717482094029,False,False,False
335,1,Ob1.txt,28,0.11042334630026897,0.2160097000648598,0.2846946816079562,-0.06868498154309638,0.575,1.956195925067104,False,0.0547069198441541,0.3174643936914468,-0.2627574738472927,0.9,0.4954289258305229,False,False,False
335,2,Ob2.txt,43,0.09378058502001009,0.15211299033474224,0.19935019980230373,-0.04723720946756149,0.65,1.6220093988780906,False,0.4334278609491584,0.24738206626692927,0.18604579468222915,0.175,4.62172272498276,True,False,True
335,3,Ob3.txt,40,0.4209732661559777,0.310179550950981,0.3799066002607418,-0.06972704930976081,0.625,0.7368153179495589,False,0.11815145147518963,0.33612796702033876,-0.21797651554514913,0.9,0.28066260015526145,False,False,False
335,4,Ob4.txt,58,0.3399084567575234,0.7652031832990276,0.2651888281399478,0.5000143551590798,0.025,2.2512037229038167,True,0.36368193875634,0.2421677891165402,0.12151414963979978,0.2,1.0699408370877208,True,True,True
335,5,Ob5.txt,93,0.3105248487377722,0.12276677575014569,0.21627527616417733,-0.09350850041403164,0.825,0.39535250157651025,False,0.24339864990527177,0.18460299058961754,0.058795659315654225,0.4,0.7838298638406672,False,False,False
335,6,Ob6.txt,112,0.2673325132003485,0.3186740501945309,0.1909073695341476,0.12776668066038327,0.25,1.1920512263156902,True,0.14161816618699774,0.17083770294433512,-0.029219536757337378,0.575,0.5297453889600927,False,False,True
335,7,Ob7.txt,33,0.6777234310633018,0.09085718923736008,0.26276954805311264,-0.17191235881575256,0.825,0.13406234028947672,False,0.05187072885997013,0.3777162351108476,-0.3258455062508775,0.9,0.07653672055957766,False,False,False
335,8,Ob8.txt,84,0.7613633422564248,0.10965897230070924,0.13832312190231105,-0.02866414960160181,0.55,0.14402975059938786,False,0.04657236892428007,0.20889427559188264,-0.16232190666760257,0.85,0.061169702216362615,False,False,False
335,9,Ob9.txt,37,0.1637710738904113,0.0478330427135934,0.27416411636964,-0.2263310736560466,0.925,0.2920725960776276,False,0.10357716781118897,0.2996408649239111,-0.19606369711272215,0.725,0.6324509289137253,False,False,False
335,10,Ob10.txt,36,0.04316572599012214,0.40822724244614045,0.2649243259749699,0.14330291647117055,0.275,9.45720784447266,True,0.00662439383175728,0.26130888430247656,-0.2546844904707193,0.95,0.15346420521858425,False,False,True
335,11,Ob11.txt,119,0.03530577543196145,0.24618401047843083,0.2205081754921861,0.025675834986244733,0.425,6.972910450667131,False,0.07744219262103083,0.22903049864323047,-0.15158830602219964,0.8,2.1934709455757857,False,False,False
335,12,Ob12.txt,91,0.31708451376636226,0.5435618617445436,0.22897605597662898,0.3145858057679146,0.1,1.7142491611717652,True,0.8988723565971314,0.2746970891370214,0.62417526746011,0.0,2.834803711856608,True,True,True
335,13,Ob13.txt,102,0.06494895959657895,0.17875240828630726,0.18638565078721495,-0.007633242500907689,0.5,2.7521981783326774,False,0.42108200498851006,0.2531624725757894,0.16791953241272067,0.125,6.483275599855639,True,False,True
335,14,Ob14.txt,47,0.8934451162634487,0.5042887289435697,0.3518805183964501,0.15240821054711956,0.35,0.5644316811004548,True,0.24217979859306177,0.29698666420743614,-0.05480686561437437,0.575,0.2710628713332746,False,False,True
335,15,Ob15.txt,96,0.1873203849308709,0.22729453675714165,0.17387286349231734,0.053421673264824304,0.4,1.213399902210445,False,0.09111188630933714,0.19149972725253617,-0.10038784094319902,0.775,0.486396001924517,False,False,False
335,16,Ob16.txt,84,0.06316805362457745,0.38042120452595896,0.25790936523374874,0.12251183929221021,0.275,6.022367046274551,True,0.3780396773534598,0.2079750703299864,0.17006460702347337,0.25,5.9846655969525075,True,True,True
335,17,Ob17.txt,122,0.2923094835269966,0.36168363150728444,0.16582738642537875,0.1958562450819057,0.175,1.2373311571804708,True,0.12342431815968383,0.16787848604286354,-0.04445416788317971,0.625,0.4222385010244966,False,False,True
335,18,Ob18.txt,103,0.39257139383896983,0.0325604821661913,0.0,0.0325604821661913,0.0,0.08294155579646588,False,0.12920664589043265,0.0,0.12920664589043265,0.0,0.3291290397573705,True,False,True
335,19,Ob19.txt,143,0.07154340704635942,0.28588750274059915,0.08759527787116159,0.19829222486943757,0.1,3.9960006734840974,True,0.36179257956036326,0.20155918717697568,0.16023339238338757,0.125,5.056966036380197,True,True,True
336,1,Ob1.txt,28,0.33296819960772783,0.5116778493887908,0.2206890829585071,0.2909887664302837,0.15,1.536716869633803,True,0.8090960538118566,0.26165296708877916,0.5474430867230774,0.05,2.429949931450085,True,True,True
336,2,Ob2.txt,43,0.3086942742723834,0.14458762323218075,0.25302117552092773,-0.10843355228874699,0.65,0.4683845321491146,False,0.0031648559523148323,0.2763137483820407,-0.27314889242972584,0.975,0.01025239603091002,False,False,False
336,3,Ob3.txt,40,0.4121426312645596,0.13107208460917263,0.3587307868246027,-0.22765870221543005,0.925,0.3180260295010244,False,0.07880891944774361,0.36566641689591317,-0.2868574974481696,0.85,0.19121758699394328,False,False,False
336,4,Ob4.txt,58,0.28817086212803533,0.5489997050694888,0.21053835359464837,0.33846135147484047,0.125,1.905118723715954,True,0.257762849321226,0.335868632981536,-0.07810578366031001,0.6,0.8944792246438193,False,False,True
336,5,Ob5.txt,93,0.20447774711165695,0.4574286401223059,0.23100025872915425,0.22642838139315163,0.25,2.2370582940378485,True,0.464099154713677,0.1765688982956785,0.2875302564179985,0.1,2.2696804971166444,True,True,True
336,6,Ob6.txt,112,0.37562292347614473,0.051253168400212656,0.22236965681527465,-0.171116488415062,0.85,0.13644845720782445,False,0.32601152963936425,0.15842110315083904,0.1675904264885252,0.125,0.8679223478224932,True,False,True
336,7,Ob7.txt,33,0.684902377718268,0.6230419057809369,0.27140106362716465,0.3516408421537722,0.05,0.9096798697890093,True,0.6792761212768023,0.35387557048779716,0.3254005507890051,0.1,0.9917853162370243,True,True,True
336,8,Ob8.txt,84,0.504521891940231,0.4912715600022909,0.14334363993196392,0.34792792007032697,0.075,0.9737368543375124,True,0.5824127147782175,0.23412895368433181,0.3482837610938857,0.025,1.1543854173273693,True,True,True
336,9,Ob9.txt,37,0.38739331230629087,0.32559027722414696,0.18653981605198958,0.13905046117215739,0.25,0.8404643727218513,True,0.2483888941042565,0.22158532970616673,0.026803564398089758,0.4,0.6411801293768047,False,False,True
336,10,Ob10.txt,36,0.6852999279549955,0.5030065502602514,0.24558231053110702,0.2574242397291444,0.15,0.7339947514094654,True,0.38405824908610786,0.2599751882279201,0.12408306085818777,0.275,0.5604235947203098,True,True,True
336,11,Ob11.txt,119,0.0952124836215671,0.12770195414409713,0.14914791282634088,-0.02144595868224375,0.675,1.341231205055664,False,0.25024606740683525,0.12502489794921334,0.1252211694576219,0.25,2.6282905128435345,True,False,True
336,12,Ob12.txt,91,0.0519485142600658,0.44216292329456053,0.2124899069079498,0.22967301638661072,0.225,8.51156052473406,True,0.2052934460838401,0.2564425766743036,-0.0511491305904635,0.55,3.951863667478448,False,False,True
336,13,Ob13.txt,102,0.2597485046801492,0.32176720382064483,0.45659718667373284,-0.134829982853088,0.675,1.2387644125877244,False,0.10922500214274254,0.6216539366839101,-0.5124289345411676,0.825,0.4205029102178691,False,False,False
336,14,Ob14.txt,47,0.2131589780873554,0.1926539599591046,0.2306179631622366,-0.03796400320313201,0.575,0.9038041075621615,False,0.25576778903101743,0.2440201754749158,0.011747613556101627,0.425,1.1998921712141084,False,False,False
336,15,Ob15.txt,96,0.2581234961634792,0.025340156500799793,0.13083891265301054,-0.10549875615221074,0.925,0.09817066976634678,False,0.3028737646121271,0.27161078172465447,0.031262982887472646,0.45,1.1733676674683886,False,False,False
336,16,Ob16.txt,84,0.2747677161255228,0.2780716099356937,0.3040151479622254,-0.02594353802653171,0.575,1.0120243158721804,False,0.05646447671924182,0.24004167568129017,-0.18357719896204835,0.925,0.2054989484042842,False,False,False
336,17,Ob17.txt,122,0.22886694058528645,0.28062438438101645,0.2023337934642907,0.07829059091672574,0.25,1.226146439775747,True,0.456616597968543,0.16776562777014903,0.28885097019839395,0.0,1.9951181975030003,True,True,True
336,18,Ob18.txt,103,0.4930170354160357,0.17826609082880301,0.0,0.17826609082880301,0.0,0.3615820104032957,True,0.18107194994428683,0.0,0.18107194994428683,0.0,0.36727321154630704,True,True,True
336,19,Ob19.txt,143,0.03216576059348156,0.4163499065888864,0.14811635947193905,0.26823354711694736,0.075,12.943885016456298,True,0.18750566285604386,0.06341125295766115,0.12409440989838272,0.225,5.8293557931299835,True,True,True
337,1,Ob1.txt,28,0.32670210765904384,0.1613727664501651,0.2621598550455525,-0.1007870885953874,0.625,0.4939446751858074,False,0.41272277013055153,0.28562320131688457,0.12709956881366696,0.375,1.2632999924239283,False,False,False
337,2,Ob2.txt,43,0.38317204656902715,0.1102500007135671,0.16351241234966338,-0.05326241163609628,0.675,0.28772975925764965,False,0.05771318278537127,0.2174980299893054,-0.15978484720393413,0.9,0.15061950187165973,False,False,False
337,3,Ob3.txt,40,0.37942927246431635,0.3882394109157502,0.27183815461221855,0.11640125630353165,0.3,1.023219448500148,True,0.1386505776664621,0.30411306826955775,-0.16546249060309565,0.775,0.3654187689999632,False,False,True
337,4,Ob4.txt,58,0.5987902151807913,0.3985247371404908,0.17466631207806255,0.22385842506242826,0.125,0.6655498487398716,True,0.5505364141261702,0.15108188453922025,0.39945452958694994,0.05,0.9194145130777529,True,True,True
337,5,Ob5.txt,93,0.035040345829968456,0.10656392678535981,0.1951485345428341,-0.08858460775747429,0.75,3.041177941064166,False,0.12649166200942158,0.19648376284202157,-0.06999210083259999,0.675,3.6098862329503283,False,False,False
337,6,Ob6.txt,112,0.44162642450948797,0.31363691526097603,0.14222752208112577,0.17140939317985027,0.2,0.7101860256875046,True,0.1058319653314784,0.211151885529204,-0.1053199201977256,0.625,0.23964137890758094,False,False,True
337,7,Ob7.txt,33,0.1311845486720794,0.35933619737485273,0.3348076514116256,0.024528545963227122,0.45,2.7391655573178935,False,0.00845432311441427,0.22619719322667017,-0.2177428701122559,0.975,0.06444602813359863,False,False,False
337,8,Ob8.txt,84,0.30099761213562665,0.23308459308648327,0.10103090852578914,0.13205368456069413,0.1,0.7743735620781522,True,0.2890222131097493,0.1482457695106305,0.14077644359911878,0.175,0.9602143055524263,True,True,True
337,9,Ob9.txt,37,1.1420189201596285,0.08404714741030181,0.35154472044510593,-0.26749757303480415,0.8,0.07359523202868996,False,0.09667598119473625,0.24048923467347122,-0.14381325347873497,0.925,0.08465357227288592,False,False,False
337,10,Ob10.txt,36,0.11362436730423803,0.2835008478652518,0.2624729846155003,0.021027863249751533,0.475,2.4950708601629117,False,0.2728172638830102,0.22865847002865342,0.04415879385435678,0.475,2.401045395064959,False,False,False
337,11,Ob11.txt,119,0.4254886439032731,0.3657436033449246,0.18691172190187455,0.17883188144305007,0.15,0.8595848763194478,True,0.2699392134620251,0.2400038145820424,0.0299353988799827,0.375,0.6344216639619429,False,False,True
337,12,Ob12.txt,91,0.17555994520952783,0.09580021407067507,0.16841679429348222,-0.07261658022280715,0.7,0.5456837774490025,False,0.13394839566109062,0.1272294999894648,0.006718895671625813,0.45,0.7629781126966374,False,False,False
337,13,Ob13.txt,102,0.577782312281427,0.17758366253375893,0.12383658777544887,0.05374707475831006,0.375,0.30735392683198176,False,0.03871255793233028,0.14481247190323,-0.10609991397089971,0.675,0.06700197827010342,False,False,False
337,14,Ob14.txt,47,0.20444961929124683,0.2609041329795223,0.27830794482263915,-0.017403811843116845,0.525,1.2761292189439282,False,0.14832582931565572,0.25471902546555625,-0.10639319614990053,0.725,0.7254884104448222,False,False,False
337,15,Ob15.txt,96,0.5351259394198131,0.42634949721407667,0.11416761917574206,0.31218187803833464,0.0,0.7967273978090605,True,0.6614590960114827,0.07611121095491297,0.5853478850565697,0.0,1.2360811676007348,True,True,True
337,16,Ob16.txt,84,0.083724147032159,0.2473706905703047,0.22710005206286188,0.020270638507442817,0.425,2.9545919467568655,False,0.23486716411041614,0.2517273060788515,-0.016860141968435383,0.525,2.805250007745103,False,False,False
337,17,Ob17.txt,122,0.9741428266686172,0.507698429394778,0.17162287100487672,0.33607555838990133,0.025,0.5211745295410222,True,0.649668196126288,0.11758097979369848,0.5320872163325895,0.025,0.6669126727012192,True,True,True
337,18,Ob18.txt,103,0.02723466611600131,0.005957312482327448,0.0,0.005957312482327448,0.0,0.21874005934030233,False,0.2994976361014333,0.0,0.2994976361014333,0.0,10.99692703504333,True,False,True
337,19,Ob19.txt,143,0.8347058144376049,0.11222441955388691,0.142699149781998,-0.030474730228111077,0.65,0.13444787086993007,False,0.17198431160022437,0.09630122089486906,0.07568309070535531,0.225,0.2060418277020165,False,False,False
338,1,Ob1.txt,28,0.6421058242588216,0.2946766158144449,0.3085142727345036,-0.013837656920058727,0.525,0.45892219737235385,False,0.5061707012369524,0.3362854389319717,0.1698852623049807,0.2,0.7882979442231689,True,False,True
338,2,Ob2.txt,43,0.45703033313861213,0.20132230901307788,0.11966194074571906,0.08166036826735881,0.4,0.44050097863421045,False,0.3618392780892125,0.22330611833825825,0.13853315975095426,0.175,0.7917182993179377,True,False,True
338,3,Ob3.txt,40,0.5521643168577375,0.06740153703227636,0.238085836644645,-0.17068429961236864,0.8,0.12206789713584851,False,0.21380872073436308,0.2795318397968527,-0.06572311906248962,0.7,0.3872193733037803,False,False,False
338,4,Ob4.txt,58,0.13462508037382187,0.09109013617281433,0.20729643592127905,-0.11620629974846472,0.775,0.6766208489523546,False,0.1387660378727743,0.20984667219912967,-0.07108063432635536,0.725,1.0307591831139784,False,False,False
338,5,Ob5.txt,93,0.012556447333010867,0.40158767593594646,0.17893599379725122,0.22265168213869524,0.05,31.98258753335217,True,0.07229969883288727,0.1680763605544593,-0.09577666172157202,0.725,5.7579741240033355,False,False,True
338,6,Ob6.txt,112,0.009325624769411456,0.06103695848133134,0.24292627660177857,-0.18188931812044723,0.8,6.545079819374226,False,0.20205153853785443,0.20814868432404235,-0.006097145786187919,0.525,21.666273685018318,False,False,False
338,7,Ob7.txt,33,0.32748853549927687,0.016336861587064516,0.2866516752723628,-0.2703148136852983,1.0,0.04988529312074373,False,0.12220060208399638,0.32776884092149994,-0.20556823883750355,0.7,0.37314467175986443,False,False,False
338,8,Ob8.txt,84,0.5938685089750093,0.5843735760951403,0.12746357365444344,0.45691000244069685,0.025,0.9840117252617808,True,0.6441361368862224,0.2536832924420075,0.3904528444442149,0.125,1.0846443735465496,True,True,True
338,9,Ob9.txt,37,0.24594522198151192,0.13082228178910998,0.21649475379761327,-0.08567247200850328,0.675,0.5319163378540612,False,0.1400030008575492,0.1866233764587119,-0.04662037560116272,0.65,0.5692446461434955,False,False,False
338,10,Ob10.txt,36,0.4883668053486865,0.3684062328003491,0.21630417195167007,0.15210206084867905,0.325,0.7543637871482946,True,0.10777919651364148,0.2042237130321002,-0.09644451651845873,0.725,0.22069312519447093,False,False,True
338,11,Ob11.txt,119,0.4047836269467424,0.26824027336661377,0.24443703588540944,0.02380323748120433,0.425,0.6626757000769359,False,0.24621557556667573,0.20760663872195373,0.038608936844722,0.45,0.6082646608605798,False,False,False
338,12,Ob12.txt,91,0.5509340352976879,0.3842926395634829,0.21759142227760614,0.16670121728587678,0.2,0.6975293137513947,True,0.33007257328153017,0.0938318563635614,0.23624071691796877,0.075,0.5991145076073963,True,True,True
338,13,Ob13.txt,102,0.8218092989225039,0.36497605348565754,0.0,0.36497605348565754,0.0,0.4441128300253932,True,0.2869774396327088,0.0,0.2869774396327088,0.1,0.3492019864084923,True,True,True
338,14,Ob14.txt,47,0.24467501976175163,0.18723710264887292,0.17029749971915464,0.016939602929718273,0.475,0.7652481353886965,False,0.06776350566672704,0.22247513325254467,-0.15471162758581763,0.9,0.2769531018438689,False,False,False
338,15,Ob15.txt,96,0.28147692029206006,0.08956246495070344,0.24392921889608707,-0.15436675394538363,0.7,0.31818759725583734,False,0.10922994761629497,0.2521783497190733,-0.14294840210277837,0.7,0.3880600494809952,False,False,False
338,16,Ob16.txt,84,0.352347819285231,0.34125568572665654,0.2146618865606285,0.12659379916602803,0.2,0.9685193636757116,True,0.3313635993002535,0.18061985030486621,0.15074374899538728,0.3,0.9404445867508251,True,True,True
338,17,Ob17.txt,122,0.1481103319394913,0.024232450526895266,0.16813460393029586,-0.1439021534034006,0.875,0.1636108042536502,False,0.14460359943270615,0.20200503341617232,-0.05740143398346617,0.525,0.9763235119328624,False,False,False
338,18,Ob18.txt,103,0.40105742602477634,0.12096297939514225,0.03315121091355455,0.0878117684815877,0.0,0.30161012250567193,True,0.012825765522808723,0.12867680617498556,-0.11585104065217683,0.7,0.031979872932252795,False,False,True
338,19,Ob19.txt,143,0.15443764910830526,0.14828875024833865,0.13589071297001176,0.01239803727832689,0.45,0.9601852340056377,False,0.27734117935350716,0.18554917270677085,0.09179200664673631,0.275,1.795813268039396,True,False,True
339,1,Ob1.txt,28,0.18751707912385474,0.21187541228562673,0.27476061843672145,-0.06288520615109472,0.6,1.1298992778448909,False,0.46159843952702906,0.2331824331619403,0.22841600636508877,0.125,2.461634117189635,True,False,True
339,2,Ob2.txt,43,0.7707963815168051,0.5785656497238313,0.16531827746043676,0.41324737226339453,0.075,0.7506076359431084,True,0.33405982160382663,0.21978429918901718,0.11427552241480946,0.4,0.4333956796040608,False,False,True
339,3,Ob3.txt,40,0.11895909699792717,0.029168777590489692,0.1877987472040715,-0.1586299696135818,0.925,0.24520005889921936,False,0.22425718655154303,0.23954267780212818,-0.015285491250585148,0.55,1.8851621457369556,False,False,False
339,4,Ob4.txt,58,0.5332019791796475,0.046243513054528076,0.1571686666162999,-0.11092515356177184,0.825,0.08672794711991798,False,0.24824624409548623,0.13847306134572399,0.10977318274976225,0.25,0.4655763740363886,True,False,True
339,5,Ob5.txt,93,0.23220308521072897,0.3312330578611494,0.20149882426446014,0.12973423359668929,0.175,1.4264800037456382,True,0.04064629444494375,0.21631367382661923,-0.17566737938167548,0.875,0.17504631520316113,False,False,True
339,6,Ob6.txt,112,0.1395601209358318,0.19805242669526846,0.16460708636212612,0.03344534033314234,0.425,1.4191190532597113,False,0.17236544666193088,0.16853717500208307,0.0038282716598478095,0.5,1.2350623194227712,False,False,False
339,7,Ob7.txt,33,0.2675726677205261,0.5192357955816362,0.22155249604578398,0.29768329953585226,0.2,1.9405412369097685,True,0.18418557478581676,0.2385627703253957,-0.054377195539578926,0.55,0.6883572091084976,False,False,True
339,8,Ob8.txt,84,0.5486316098594266,0.41972481534560335,0.20073886086054737,0.21898595448505598,0.175,0.7650394322943724,True,0.6144844802599607,0.14194643327954232,0.4725380469804184,0.025,1.1200311269294296,True,True,True
339,9,Ob9.txt,37,0.23725643185372164,0.24778478066601717,0.30495481123201545,-0.05717003056599829,0.55,1.04437539893033,False,0.22498075391736594,0.20385543277697848,0.021125321140387454,0.475,0.9482598729128483,False,False,False
339,10,Ob10.txt,36,0.5820276995770648,0.658120890691962,0.2528027706383418,0.4053181200536202,0.025,1.1307380923110548,True,0.4496102258423863,0.17124298575488064,0.2783672400875057,0.2,0.7724893955547121,True,True,True
339,11,Ob11.txt,119,0.05674289199826815,0.30329445203850725,0.16080512873010017,0.14248932330840708,0.325,5.345065106088779,True,0.1025686923305066,0.14077851888688592,-0.03820982655637932,0.625,1.8076042429003636,False,False,True
339,12,Ob12.txt,91,0.1441681792691215,0.009485767504776449,0.2555524009235377,-0.24606663341876125,0.975,0.06579654090705539,False,0.07891452140387967,0.2119866623362931,-0.13307214093241343,0.875,0.547378220380854,False,False,False
339,13,Ob13.txt,102,0.10201539395810855,0.13829384669118708,0.0,0.13829384669118708,0.0,1.3556174350311863,True,0.06391787865409958,0.0,0.06391787865409958,0.0,0.6265513093087375,True,True,True
339,14,Ob14.txt,47,0.31279772378619336,0.1288709870006144,0.28193950403891377,-0.15306851703829938,0.75,0.41199464446455364,False,0.18524995857351742,0.3407873139838443,-0.1555373554103269,0.75,0.5922356350014277,False,False,False
339,15,Ob15.txt,96,0.20411923392162515,0.13654333103342536,0.2101818919615852,-0.07363856092815985,0.8,0.6689390725709531,False,0.20061806363694,0.2902400162708787,-0.08962195263393868,0.65,0.9828474259019144,False,False,False
339,16,Ob16.txt,84,0.05584161006939857,0.13719799831194446,0.18448030767215678,-0.04728230936021233,0.675,2.4569133687484688,False,0.18460531899470997,0.20811180921963798,-0.02350649022492801,0.575,3.305873859390642,False,False,False
339,17,Ob17.txt,122,0.2490979883303055,0.10461942532058965,0.12187306651945487,-0.017253641198865216,0.575,0.41999305583256513,False,0.08324525313869624,0.1452094940866246,-0.06196424094792835,0.775,0.33418677403493324,False,False,False
339,18,Ob18.txt,103,0.08244328236336428,0.4461276912031231,0.0,0.4461276912031231,0.0,5.411328593600139,True,0.36664832910350187,0.0,0.36664832910350187,0.0,4.447279615669829,True,True,True
339,19,Ob19.txt,143,0.17800096192005344,0.07025365530627717,0.29884730972802154,-0.22859365442174437,0.925,0.3946813239011067,False,0.1071227573969421,0.26459267641355405,-0.15746991901661195,0.725,0.6018099915946227,False,False,False
340,1,Ob1.txt,28,0.10274386401290075,0.18872966451104883,0.2309417444570797,-0.04221207994603088,0.65,1.8368947510807214,False,0.40679337344930144,0.22644728370768819,0.18034608974161326,0.25,3.9592960354131077,True,False,True
340,2,Ob2.txt,43,0.049420808726046095,0.23805354198388787,0.17759090747014955,0.06046263451373832,0.4,4.816868604953186,False,0.01817196043369665,0.2956907588010712,-0.2775187983673746,0.95,0.36769856467604783,False,False,False
340,3,Ob3.txt,40,0.35840588546493923,0.19105558401167855,0.2774480672657529,-0.08639248325407434,0.65,0.5330704426458656,False,0.14688330568455063,0.24214885926244875,-0.09526555357789812,0.625,0.4098239220988445,False,False,False
340,4,Ob4.txt,58,0.6912548646884368,0.047872577490380014,0.19659031203875177,-0.14871773454837175,0.9,0.06925459759615174,False,0.09617714000650092,0.2220106026292818,-0.1258334626227809,0.775,0.139134123923815,False,False,False
340,5,Ob5.txt,93,0.021610456226368036,0.019458114468152307,0.1763274820721895,-0.1568693676040372,0.95,0.9004027617154354,False,0.2556693982430587,0.16285075096209548,0.0928186472809632,0.3,11.830819098168933,True,False,True
340,6,Ob6.txt,112,0.10505926247159886,0.3747441494884356,0.15110607003591636,0.22363807945251923,0.2,3.566978681101458,True,0.4640910177766216,0.19883194016092257,0.265259077615699,0.05,4.417421242625622,True,True,True
340,7,Ob7.txt,33,0.06119033089270873,0.17082823606469763,0.268348397869536,-0.09752016180483838,0.675,2.791752121168102,False,0.1990417029714955,0.28113149968207907,-0.08208979671058356,0.6,3.252829328877069,False,False,False
340,8,Ob8.txt,84,0.058026216070275013,0.20034725476479026,0.17522169301131887,0.025125561753471387,0.35,3.4527023875234524,False,0.3115254560706272,0.34620808385633484,-0.03468262778570763,0.55,5.368701893181206,False,False,False
340,9,Ob9.txt,37,0.5064800715021066,0.47399123612742744,0.31867480285757777,0.15531643326984967,0.35,0.9358536747984485,True,0.6774405759466882,0.36920992739172576,0.3082306485549624,0.2,1.3375463597956598,True,True,True
340,10,Ob10.txt,36,0.2467250345984987,0.6066254194248557,0.2767325570723068,0.3298928623525489,0.15,2.4587104442483154,True,0.3590226129453846,0.19159819361058944,0.16742441933479518,0.25,1.4551527514410134,True,True,True
340,11,Ob11.txt,119,0.018424805790621612,0.17952994607647244,0.1444905059713003,0.035039440105172126,0.375,9.743926102485963,False,0.0037676987758906433,0.19052698023614675,-0.1867592814602561,1.0,0.20449055575980263,False,False,False
340,12,Ob12.txt,91,0.5021683775474577,0.25709647784003653,0.24255284842639108,0.014543629413645454,0.45,0.5119726556571944,False,0.12287427721354469,0.25118418837809364,-0.12830991116454896,0.725,0.2446874050764624,False,False,False
340,13,Ob13.txt,102,0.47692096749171975,0.39254160069031585,0.23958341148661189,0.15295818920370396,0.3,0.8230747386822139,True,0.22182591484870182,0.22043949761268777,0.0013864172360140425,0.45,0.46512091094538244,False,False,True
340,14,Ob14.txt,47,0.12734927334095436,0.42672127556998446,0.2676562196435791,0.15906505592640535,0.325,3.3507947424836604,True,0.30719834554015296,0.2814220341095491,0.025776311430603882,0.475,2.4122504783964147,False,False,True
340,15,Ob15.txt,96,0.18271767755975113,0.04056308055463077,0.1273451400418077,-0.08678205948717692,0.75,0.22199866535281515,False,0.13927281164906735,0.1522293828019416,-0.012956571152874241,0.55,0.762229541821553,False,False,False
340,16,Ob16.txt,84,0.05913863342157902,0.16594457415401395,0.14711528897836143,0.01882928517565252,0.475,2.806026527042856,False,0.4719370822573552,0.2258976669474081,0.2460394153099471,0.125,7.980182411268751,True,False,True
340,17,Ob17.txt,122,0.6636293181868155,0.0612572946560917,0.1537944316270689,-0.09253713697097721,0.8,0.09230649246097264,False,0.14863010928048648,0.18167253717891435,-0.03304242789842787,0.6,0.2239655560826899,False,False,False
340,18,Ob18.txt,103,0.487416229293694,0.47351369456034975,0.0,0.47351369456034975,0.0,0.9714770787310669,True,0.4137595696468508,0.0,0.4137595696468508,0.0,0.8488834486418769,True,True,True
340,19,Ob19.txt,143,0.1330097418736933,0.5007576823961415,0.262625674159785,0.2381320082363565,0.125,3.7648195939787885,True,0.3387675269717434,0.12643277118583643,0.21233475578590696,0.025,2.5469377069646426,True,True,True
341,1,Ob1.txt,28,0.487344340639038,0.42676533264379446,0.2153665495150105,0.21139878312878396,0.125,0.8756956776889862,True,0.1955427126141288,0.23290818357079404,-0.03736547095666523,0.625,0.40124137351778894,False,False,True
341,2,Ob2.txt,43,0.7434101557310648,0.27383433674661,0.2239912983735266,0.049843038373083404,0.4,0.3683489317916609,False,0.7614534215333255,0.2539664676700961,0.5074869538632294,0.0,1.024270943385912,True,False,True
341,3,Ob3.txt,40,0.04857650318850712,0.10777011416330282,0.24435221735608723,-0.1365821031927844,0.75,2.2185646781755284,False,0.039840491478524614,0.2701510848669073,-0.2303105933883827,0.925,0.8201597246289768,False,False,False
341,4,Ob4.txt,58,0.07657350389676226,0.09685038622899073,0.1639229250531819,-0.06707253882419117,0.6,1.2648028534722155,False,0.2697472985685341,0.22084125326047008,0.048906045308064,0.375,3.5227237208866935,False,False,False
341,5,Ob5.txt,93,0.23940045284914752,0.5119612482710191,0.1428913382496709,0.36906991002134815,0.075,2.1385141179896565,True,0.35436562396112237,0.1436943318943823,0.21067129206674007,0.15,1.480221193167155,True,True,True
341,6,Ob6.txt,112,0.3611746697065499,0.22882352560919808,0.14352166902516492,0.08530185658403316,0.35,0.6335536370673903,True,0.2552173482392262,0.18211753987433352,0.07309980836489269,0.35,0.706631360517578,True,True,True
341,7,Ob7.txt,33,0.6941423867482537,0.7907030235456278,0.19324464675913183,0.597458376786496,0.0,1.1391078237560417,True,0.6481017833112744,0.27456362683680935,0.3735381564744651,0.175,0.933672681115673,True,True,True
341,8,Ob8.txt,84,0.005721285140136978,0.3674867167825854,0.35020647323622145,0.017280243546363927,0.5,64.23149830525438,False,0.22911144167801906,0.45194337241490873,-0.22283193073688967,0.725,40.04545064022691,False,False,False
341,9,Ob9.txt,37,0.5239971804830221,0.13699206332072722,0.1938238658686074,-0.05683180254788017,0.675,0.26143664207209577,False,0.14631638610269562,0.32364059213818386,-0.17732420603548824,0.825,0.2792312469464449,False,False,False
341,10,Ob10.txt,36,0.5449234155684021,0.10688623110360772,0.25982725293615094,-0.1529410218325432,0.85,0.19614908820190113,False,0.2512972512094322,0.29562006316823763,-0.04432281195880544,0.575,0.4611606769500032,False,False,False
341,11,Ob11.txt,119,0.10376972506327603,0.003865077959855537,0.17145952130965436,-0.16759444334979884,1.0,0.03724668208862185,False,0.08539397797273551,0.23474421156731692,-0.1493502335945814,0.875,0.8229180324094,False,False,False
341,12,Ob12.txt,91,0.4032668203751474,0.05154293952579822,0.13682627258276667,-0.08528333305696845,0.75,0.12781348953491717,False,0.24569164317255665,0.15881847826931753,0.08687316490323913,0.25,0.6092533051541331,True,False,True
341,13,Ob13.txt,102,0.5134231773411748,0.6392411876930311,0.0,0.6392411876930311,0.0,1.2450571300723514,True,0.6277304977817479,0.0,0.6277304977817479,0.0,1.2226376320456114,True,True,True
341,14,Ob14.txt,47,0.8604836796007977,0.2103484193099311,0.22252874088231991,-0.012180321572388825,0.5,0.24445370004869535,False,0.8260821947677035,0.18714385146908363,0.6389383432986199,0.0,0.9600207585005517,True,False,True
341,15,Ob15.txt,96,0.19845846447187232,0.27928989683992,0.0860580806781662,0.1932318161617538,0.15,1.4072964717486465,True,0.13291599163700557,0.0713227555271427,0.061593236109862864,0.275,0.6697421145059996,True,True,True
341,16,Ob16.txt,84,0.18565346369286068,0.1550726331602817,0.19053560291827198,-0.03546296975799029,0.6,0.8352800431282502,False,0.061719076394388867,0.17323311309559142,-0.11151403670120255,0.825,0.33244236421301027,False,False,False
341,17,Ob17.txt,122,0.04366966708312814,0.16460358916127982,0.21560892003764176,-0.05100533087636194,0.6,3.769288848663441,False,0.009400900044418153,0.247698179361468,-0.23829727931704986,0.975,0.21527299547585077,False,False,False
341,18,Ob18.txt,103,0.0032473860333528254,0.3668642058262006,0.17716753688713274,0.18969666893906786,0.175,112.97215731614904,True,0.21160929710052212,0.2010798376952967,0.010529459405225428,0.5,65.16296335796028,False,False,True
341,19,Ob19.txt,143,0.06233299056152222,0.4272545829533222,0.13590591589266127,0.2913486670606609,0.05,6.854389290557541,True,0.28144753272378864,0.1428454393183645,0.13860209340542415,0.25,4.515225889025842,True,True,True
342,1,Ob1.txt,28,0.2638263224286746,0.04209954291825396,0.2771024726844651,-0.23500292976621112,0.925,0.15957294378628792,False,0.2305868171782525,0.22809791682527125,0.0024889003529812437,0.475,0.8740098980858576,False,False,False
342,2,Ob2.txt,43,0.02250299924539545,0.055911551935407554,0.20027748035125947,-0.1443659284158519,0.925,2.484626663570108,False,0.42110280047352733,0.286379454739331,0.1347233457341963,0.225,18.71318555724047,True,False,True
342,3,Ob3.txt,40,0.12022228352371372,0.10940131736682585,0.26983880427043616,-0.16043748690361032,0.75,0.9099920094700792,False,0.2563736910160145,0.34243865733352485,-0.08606496631751037,0.675,2.132497266743773,False,False,False
342,4,Ob4.txt,58,0.33131844188482945,0.13226838039972788,0.3073430442221252,-0.17507466382239734,0.625,0.39921828572919,False,0.03387823073983284,0.2509334556295377,-0.21705522488970488,0.925,0.1022527769571286,False,False,False
342,5,Ob5.txt,93,0.20751546701216872,0.22414625850646167,0.25707332019441537,-0.0329270616879537,0.575,1.0801424189422841,False,0.15258185916208516,0.19236313751675746,-0.039781278354672295,0.575,0.7352794534256946,False,False,False
342,6,Ob6.txt,112,0.016617293811762524,0.022555885602176973,0.12715078382135658,-0.10459489821917961,0.875,1.3573741824442453,False,0.015306738962678423,0.17715387321072887,-0.16184713424805044,0.975,0.921133075943062,False,False,False
342,7,Ob7.txt,33,0.6039892910924003,0.13212099329447186,0.26439768496004756,-0.1322766916655757,0.825,0.21874724476573468,False,0.5208708314345265,0.19229168097754085,0.32857915045698566,0.075,0.862384216270553,True,False,True
342,8,Ob8.txt,84,0.2739691797504753,0.027434132298391478,0.15023808965463437,-0.12280395735624289,0.95,0.100135833977303,False,0.017031426304775277,0.19568628738630672,-0.17865486108153145,0.975,0.062165482702423315,False,False,False
342,9,Ob9.txt,37,0.17310095801754244,0.5835557950583172,0.18241253409292846,0.40114326096538877,0.0,3.3711875528683,True,0.8010226760271992,0.24163381712215606,0.5593888589050432,0.0,4.627488404460602,True,True,True
342,10,Ob10.txt,36,0.9532895279434744,0.7197569207187854,0.29064517836876935,0.42911174235001603,0.05,0.7550244701329223,True,0.0404062920891725,0.2609180307482303,-0.22051173865905777,0.9,0.04238617010336906,False,False,True
342,11,Ob11.txt,119,0.21045766213265582,0.05655267495410356,0.15535065776094895,-0.09879798280684539,0.875,0.2687128345959542,False,0.1532746535730496,0.2056570210899725,-0.052382367516922906,0.6,0.7282921040738227,False,False,False
342,12,Ob12.txt,91,0.2389823743487464,0.34121128309606585,0.20991769086648981,0.13129359222957604,0.275,1.427767566649652,True,0.0905430465995664,0.31589687289462615,-0.22535382629505973,0.75,0.3788691398112781,False,False,True
342,13,Ob13.txt,102,0.09590814959410432,0.4749409232509265,0.0,0.4749409232509265,0.0,4.9520392715419685,True,0.4226091058024909,0.0,0.4226091058024909,0.0,4.406394113441112,True,True,True
342,14,Ob14.txt,47,0.4567729148448504,0.012396448571370011,0.21683329217558125,-0.20443684360421124,0.95,0.027139193609105845,False,0.09868029493883343,0.22674069497511484,-0.1280604000362814,0.725,0.2160379736446318,False,False,False
342,15,Ob15.txt,96,0.10348348904357019,0.08105660719457453,0.18580868811196827,-0.10475208091739374,0.725,0.7832805788027387,False,0.11059417826287002,0.15167896946260734,-0.04108479119973732,0.575,1.0687132728613933,False,False,False
342,16,Ob16.txt,84,0.08393654274015033,0.7391463683702326,0.17025490174633937,0.5688914666238932,0.0,8.806013974848504,True,0.592969608826037,0.20075658275575706,0.39221302607027997,0.025,7.064498840055215,True,True,True
342,17,Ob17.txt,122,0.21380801631844193,0.46587807306019324,0.130700513761553,0.33517755929864024,0.0,2.1789551256409516,True,0.5111156116452882,0.24030904849171753,0.27080656315357066,0.05,2.390535305673673,True,True,True
342,18,Ob18.txt,103,0.2884849909901213,0.0965662182462168,0.0,0.0965662182462168,0.0,0.33473567520718456,True,0.09734342940501936,0.0,0.09734342940501936,0.0,0.3374297881873263,True,True,True
342,19,Ob19.txt,143,0.23425891656330977,0.1337656648458231,0.09418857357372787,0.039577091272095244,0.425,0.57101632163347,False,0.22759975132186838,0.1877404514661387,0.03985929985572967,0.35,0.9715734822856072,True,False,True
343,1,Ob1.txt,28,0.3519585747023705,0.332140583775734,0.22346886127055465,0.10867172250517937,0.35,0.9436922628084986,True,0.11862600911164876,0.24138539798418374,-0.12275938887253497,0.75,0.3370453730583589,False,False,True
343,2,Ob2.txt,43,0.4481525425084321,0.2997905579855416,0.15392973288486683,0.14586082510067477,0.2,0.6689475782231024,True,0.7143663367211005,0.21122463962945462,0.5031416970916459,0.025,1.594024955705031,True,True,True
343,3,Ob3.txt,40,0.8693047850710076,0.7590108924353303,0.263867135015203,0.4951437574201273,0.1,0.8731240244735704,True,0.7880918793180426,0.2535895255003736,0.534502353817669,0.125,0.9065771785135965,True,True,True
343,4,Ob4.txt,58,0.04062881417031218,0.18469019555401733,0.25340904385645513,-0.0687188483024378,0.625,4.545793406123382,False,0.2568539102649716,0.21372342491184923,0.04313048535312239,0.4,6.321964239179222,False,False,False
343,5,Ob5.txt,93,0.020298937302038578,0.3723478478874752,0.2016161019319541,0.17073174595552112,0.25,18.343218777767305,True,0.3356508998460129,0.2160379750402331,0.11961292480577979,0.25,16.53539270808547,True,True,True
343,6,Ob6.txt,112,0.5074955236740679,0.01846702440680309,0.15515119371628455,-0.13668416930948146,0.875,0.036388546391718096,False,0.1502193892332756,0.1477017527443296,0.0025176364889460123,0.475,0.2960014073537956,False,False,False
343,7,Ob7.txt,33,0.36868272384153855,0.15544921322488459,0.3158289209838663,-0.1603797077589817,0.925,0.42163411294448755,False,0.07182291387076062,0.32335801725913826,-0.25153510338837765,0.875,0.19480954551488672,False,False,False
343,8,Ob8.txt,84,0.34621888157108954,0.3475863601794919,0.2208270253892085,0.1267593347902834,0.25,1.0039497516778892,True,0.19407557922036883,0.2595923241450432,-0.06551674492467435,0.675,0.5605574668246944,False,False,True
343,9,Ob9.txt,37,0.03379210718291856,0.6625288749809763,0.2957606105368065,0.3667682644441698,0.05,19.60602431196938,True,0.34432243891662745,0.41006765448615157,-0.06574521556952412,0.525,10.189433794489078,False,False,True
343,10,Ob10.txt,36,0.053726736595147956,0.026192966722103916,0.2562812519041888,-0.2300882851820849,0.875,0.48752201198219425,False,0.14049155978844968,0.15815561034074602,-0.017664050552296334,0.575,2.614928221810841,False,False,False
343,11,Ob11.txt,119,0.27536475249683573,0.0855656612595084,0.18871629773714485,-0.10315063647763645,0.75,0.3107357077608967,False,0.10984675735542876,0.2327642523996751,-0.12291749504424634,0.675,0.3989136458439467,False,False,False
343,12,Ob12.txt,91,0.1563216095739376,0.005308021537012972,0.24141184824788126,-0.23610382671086827,0.95,0.03395577586157315,False,0.11182204657640349,0.3662466875972846,-0.25442464102088114,0.85,0.7153332599451867,False,False,False
343,13,Ob13.txt,102,0.03901303877207454,0.1083345172403426,0.0012235654144660546,0.10711095182587654,0.0,2.7768797471343922,True,0.1253138414214498,0.004075986482922622,0.12123785493852718,0.0,3.2121015272245135,True,True,True
343,14,Ob14.txt,47,0.21454421776570423,0.13574392604428148,0.18800959470412001,-0.05226566865983853,0.65,0.6327083873801828,False,0.0247897699757125,0.18168105009895463,-0.15689128012324213,0.925,0.11554620410597356,False,False,False
343,15,Ob15.txt,96,0.20448579495902378,0.06889982026767644,0.17030314400976782,-0.10140332374209138,0.8,0.33694184127304805,False,0.09935092877146942,0.19148179342406735,-0.09213086465259793,0.775,0.4858573613457014,False,False,False
343,16,Ob16.txt,84,0.2376810720074417,0.20145798784677138,0.3028257275463304,-0.10136773969955903,0.65,0.8475979435184633,False,0.155832221837764,0.2228363409114184,-0.06700411907365442,0.625,0.6556358086136743,False,False,False
343,17,Ob17.txt,122,0.03515970705349225,0.6960079737420557,0.18431524237090424,0.5116927313711515,0.025,19.79561356080538,True,0.3984934419590527,0.17738786672954027,0.2211055752295124,0.15,11.333810072785353,True,True,True
343,18,Ob18.txt,103,0.08677658103151556,0.40495381647759743,0.0,0.40495381647759743,0.025,4.666625622534335,True,0.42530107975725046,0.0,0.42530107975725046,0.25,4.901104361357466,True,True,True
343,19,Ob19.txt,143,0.18427620783104148,0.1074241021968973,0.09888909087528214,0.00853501132161516,0.475,0.5829515565861434,False,0.23667499755889101,0.066058655972001,0.17061634158689,0.05,1.2843491861732512,True,False,True
344,1,Ob1.txt,28,0.4373696039735976,0.023104658283550683,0.21284519470329966,-0.18974053641974897,0.925,0.052826392309021614,False,0.3310674870917026,0.24536670553688067,0.08570078155482191,0.275,0.7569512926455857,True,False,True
344,2,Ob2.txt,43,0.045915081425348156,0.23423891665617055,0.2819784733158251,-0.04773955665965454,0.65,5.101568142419872,False,0.13992291051988126,0.21165139623405524,-0.07172848571417398,0.7,3.047428125492435,False,False,False
344,3,Ob3.txt,40,0.35480941836541424,0.8911608843229516,0.20017692231751238,0.6909839620054392,0.0,2.511660734454222,True,0.39410309454023035,0.21394621149438822,0.18015688304584213,0.3,1.1107458656420106,True,True,True
344,4,Ob4.txt,58,0.005103399805767517,0.278575708811951,0.21010594075165157,0.06846976806029942,0.375,54.58629921510825,False,0.3875331670771011,0.2787874232424826,0.10874574383461849,0.35,75.93627421452213,True,False,True
344,5,Ob5.txt,93,0.09541955723655193,0.0010993860317966286,0.12636641754479672,-0.1252670315130001,1.0,0.011521600640748853,False,0.07742535052789175,0.20832949188411143,-0.1309041413562197,0.9,0.8114201403801188,False,False,False
344,6,Ob6.txt,112,0.3072129630790754,0.5288679045964043,0.2021024520157238,0.3267654525806805,0.025,1.7215025671305275,True,0.24385362559618923,0.13165265007102017,0.11220097552516906,0.4,0.7937608594121149,False,False,True
344,7,Ob7.txt,33,0.8218755081143383,0.17369367573464098,0.2514061305057764,-0.07771245477113545,0.7,0.21133818202364163,False,0.04789131080271439,0.2912270616777618,-0.2433357508750474,0.9,0.05827076038875198,False,False,False
344,8,Ob8.txt,84,0.05639667499089154,0.40506100347522395,0.3028641834423646,0.10219682003285935,0.375,7.182356114800103,False,0.1613782164089052,0.2971369283343911,-0.1357587119254859,0.725,2.8614845899154324,False,False,False
344,9,Ob9.txt,37,0.7532386175160024,0.1425503387938237,0.2527426834324743,-0.1101923446386506,0.75,0.18924990763739652,False,0.46621008637475037,0.18015495645463003,0.28605512992012033,0.3,0.6189407652945328,True,False,True
344,10,Ob10.txt,36,0.22088811866616034,0.3543667272113841,0.24251729276842116,0.11184943444296297,0.2,1.6042815220268,True,0.017417592751384048,0.20892464865268562,-0.19150705590130157,0.95,0.07885255602048999,False,False,True
344,11,Ob11.txt,119,0.506906290174604,0.16089667187025256,0.1623656270361728,-0.0014689551659202438,0.5,0.317409104974475,False,0.503524852188459,0.20596371815742132,0.2975611340310377,0.1,0.9933292641032719,True,False,True
344,12,Ob12.txt,91,0.43334927192903805,0.0044065431887720385,0.29963295576412374,-0.2952264125753517,0.975,0.010168571806193367,False,0.027435329692018742,0.20785877203395134,-0.18042344234193258,0.825,0.06330997066152066,False,False,False
344,13,Ob13.txt,102,0.458026035416161,0.15155205341939254,0.0,0.15155205341939254,0.0,0.3308808707384785,True,0.36780360534944484,0.0,0.36780360534944484,0.0,0.8030189921742323,True,True,True
344,14,Ob14.txt,47,0.38754523511241495,0.26323883349640764,0.23122412193500153,0.03201471156140612,0.4,0.6792467295335218,False,0.1736607499559149,0.2188778378021784,-0.04521708784626349,0.625,0.44810446425832395,False,False,False
344,15,Ob15.txt,96,0.171017518748301,0.1546855657995469,0.17595326340316556,-0.021267697603618657,0.6,0.9045012869541684,False,0.428904470555596,0.199856106728096,0.2290483638275,0.25,2.5079563409339722,True,False,True
344,16,Ob16.txt,84,0.2202787648488599,0.34724823004497835,0.22240051302704417,0.12484771701793418,0.225,1.5764035642892593,True,0.2164820199983154,0.22034715134230723,-0.003865131343991829,0.55,0.9827639089353458,False,False,True
344,17,Ob17.txt,122,0.22394910347017571,0.11231408258374531,0.18826665984644214,-0.07595257726269683,0.625,0.5015161072020218,False,0.04135742853200389,0.17886310673669858,-0.1375056782046947,0.925,0.18467333823245977,False,False,False
344,18,Ob18.txt,103,0.12367635674497826,0.09768026136520794,0.38099599708446297,-0.28331573571925506,0.675,0.789805456241127,False,0.1460883271130594,0.26953264401926447,-0.12344431690620505,0.65,1.1812146715664888,False,False,False
344,19,Ob19.txt,143,0.093481950149986,0.3380574064849482,0.16834683308569093,0.16971057339925727,0.1,3.6162853464498337,True,0.2026833896260527,0.13718897040461453,0.06549441922143817,0.375,2.1681553422972,False,False,True
345,1,Ob1.txt,28,0.033156394943984285,0.053025539853147674,0.2163702505676162,-0.16334471071446852,0.9,1.599255285224196,False,0.08286210790352483,0.3208743274489918,-0.23801221954546697,0.825,2.499128992868957,False,False,False
345,2,Ob2.txt,43,0.6109291229974737,0.4271174490363432,0.15139628960382318,0.27572115943252,0.1,0.699127661390124,True,0.039531277867034004,0.22300966068904343,-0.18347838282200943,0.875,0.06470681520808343,False,False,True
345,3,Ob3.txt,40,0.758906410392423,0.42679856212917433,0.22761939421798077,0.19917916791119356,0.275,0.5623862920178537,True,0.31386958660505404,0.20704985224448275,0.1068197343605713,0.4,0.41358141439700735,False,False,True
345,4,Ob4.txt,58,0.04293949165249197,0.282048614883055,0.2744732210169106,0.00757539386614442,0.45,6.568513133915651,False,0.43276961636253686,0.35926350284315395,0.07350611351938291,0.3,10.078591983923063,True,False,True
345,5,Ob5.txt,93,0.12744908825139456,0.22152136630581754,0.17554988378691722,0.04597148251890032,0.425,1.7381165243713983,False,0.11333797192015285,0.22520992175910026,-0.11187194983894741,0.725,0.8892803665773787,False,False,False
345,6,Ob6.txt,112,0.18789316299491288,0.027139009352075028,0.16548739659248213,-0.1383483872404071,0.925,0.14443851452332943,False,0.0989338071498459,0.1428939989727418,-0.0439601918228959,0.65,0.5265428798626616,False,False,False
345,7,Ob7.txt,33,0.7534627564659839,0.5062953853080657,0.23882108033799204,0.2674743049700737,0.075,0.6719580775070773,True,0.5706629402068922,0.2386947632722555,0.33196817693463676,0.05,0.7573870577007817,True,True,True
345,8,Ob8.txt,84,0.1417972313200482,0.02818985872213929,0.2332669246343127,-0.2050770659121734,0.95,0.1988040137293825,False,0.04440604442542785,0.3256179902672145,-0.28121194584178666,0.875,0.3131658073435841,False,False,False
345,9,Ob9.txt,37,0.29780394990640247,0.0982046580940171,0.32923071619562516,-0.23102605810160806,0.875,0.3297627789184196,False,0.045188421738268404,0.27736244233880625,-0.23217402060053785,0.95,0.15173882600439242,False,False,False
345,10,Ob10.txt,36,0.7911764396812673,0.06998288129610297,0.25140869555972606,-0.1814258142636231,0.85,0.08845420286313913,False,0.5065962568226793,0.2800014231116311,0.22659483371104816,0.125,0.6403075615178407,True,False,True
345,11,Ob11.txt,119,0.0019835594272791246,0.05766314612077552,0.1694107338004704,-0.11174758767969487,0.85,29.07054123398402,False,0.03501845859142946,0.17038893037481256,-0.1353704717833831,0.825,17.654353133984372,False,False,False
345,12,Ob12.txt,91,0.0934884065431064,0.3515955988115442,0.18082563773037846,0.1707699610811657,0.2,3.760847059142329,True,0.5502444136162451,0.21395619134401617,0.33628822227222893,0.05,5.885696782761335,True,True,True
345,13,Ob13.txt,102,0.1889229329932658,0.1533859125722572,0.01564879432548094,0.13773711824677626,0.0,0.8118967355737838,True,0.08506078007895643,0.005016387167610825,0.0800443929113456,0.0,0.4502406284470951,True,True,True
345,14,Ob14.txt,47,0.012449623618855932,0.4171447688632291,0.27817671995256393,0.13896804891066517,0.275,33.50661687727094,True,0.12690259353198569,0.1960445871706721,-0.06914199363868642,0.675,10.19328755768823,False,False,True
345,15,Ob15.txt,96,0.21826543568652568,0.055801406452881314,0.221706092620315,-0.16590468616743367,0.875,0.2556584659287221,False,0.021545130961965156,0.13245621808019978,-0.11091108711823462,0.95,0.09871068634480643,False,False,False
345,16,Ob16.txt,84,0.11447238489486955,0.2115159503347087,0.17727315262206964,0.03424279771263908,0.475,1.8477465157117425,False,0.23713851344642195,0.2444863298751102,-0.007347816428688259,0.525,2.071578343232806,False,False,False
345,17,Ob17.txt,122,0.15361466302431098,0.4370975751034522,0.15989369011960333,0.27720388498384885,0.05,2.84541570770674,True,0.383613844844507,0.11755128390160868,0.2660625609428983,0.075,2.4972475757981285,True,True,True
345,18,Ob18.txt,103,0.3982764019737544,0.010400353209548685,0.008536689688796173,0.001863663520752512,0.0,0.026113405559574296,False,0.004146992971258701,0.11454354082948726,-0.11039654785822856,0.55,0.010412349189425435,False,False,False
345,19,Ob19.txt,143,0.26307907222764876,0.2756914517715564,0.15715513332305342,0.11853631844850299,0.275,1.047941401940911,True,0.1367227790871226,0.08726153689441679,0.04946124219270581,0.4,0.5197022246179014,False,False,True
346,1,Ob1.txt,28,0.1971903613326631,0.25235401050544937,0.2009769646258311,0.05137704587961828,0.4,1.2797482027010658,False,0.11458816905541055,0.2593259291731378,-0.14473776011772724,0.8,0.581104310986573,False,False,False
346,2,Ob2.txt,43,0.48980164439774754,0.4761778489712001,0.24546423986563431,0.23071360910556576,0.125,0.9721850761785436,True,0.7547605106879708,0.17054634501659097,0.5842141656713798,0.025,1.5409513612719952,True,True,True
346,3,Ob3.txt,40,0.8576960606914539,0.5065983447267925,0.30797956708851687,0.19861877763827568,0.175,0.5906501941006762,True,0.21691213817527882,0.37599429233134296,-0.15908215415606414,0.7,0.252900937892159,False,False,True
346,4,Ob4.txt,58,0.27936909558188383,0.4536934185334473,0.20592729201877377,0.24776612651467353,0.075,1.6239928671726274,True,0.2624287204333797,0.17475469146583045,0.08767402896754928,0.375,0.9393620288843336,False,False,True
346,5,Ob5.txt,93,0.05711376994578804,0.3911425363096357,0.193176484447115,0.1979660518625207,0.125,6.848480439671645,True,0.1423653655315718,0.18595081928343304,-0.043585453751861236,0.6,2.4926627268118344,False,False,True
346,6,Ob6.txt,112,0.18398125253746112,0.14902832384838982,0.13872529823444568,0.010303025613944139,0.5,0.8100190741882551,False,0.025422823274185713,0.1523854330769801,-0.1269626098027944,1.0,0.1381815968940057,False,False,False
346,7,Ob7.txt,33,0.5354584676324627,1.1024363554417809,0.1997742233793596,0.9026621320624213,0.025,2.058864360323255,True,0.880827156260543,0.24253770397657576,0.6382894522839673,0.0,1.6449962219388048,True,True,True
346,8,Ob8.txt,84,0.2954721281792271,0.36578059363262677,0.09027988495383248,0.2755007086787943,0.025,1.2379529530810842,True,0.5773751981996401,0.15494625185916072,0.4224289463404794,0.0,1.954076689932042,True,True,True
346,9,Ob9.txt,37,0.3931199824727273,0.21922312668106297,0.28324042254908444,-0.06401729586802146,0.625,0.5576494110071639,False,0.27986466583979697,0.36548607545412903,-0.08562140961433207,0.55,0.7119064873768216,False,False,False
346,10,Ob10.txt,36,0.9860967722142696,0.7084551604238437,0.24524000283824562,0.46321515758559806,0.075,0.7184438489064469,True,0.9825554898835522,0.23398139753505798,0.7485740923484943,0.0,0.9964087882340742,True,True,True
346,11,Ob11.txt,119,0.18944286495337775,0.10053708569704223,0.1661182232720769,-0.06558113757503467,0.7,0.530698718696978,False,0.019083652526298733,0.13923045122535493,-0.1201467986990562,0.95,0.10073566260199483,False,False,False
346,12,Ob12.txt,91,0.19329675956335599,0.04603614638557699,0.3281469783064157,-0.28211083192083874,0.875,0.23816305296358542,False,0.07305467181439268,0.363016093145351,-0.2899614213309583,0.925,0.37794048891154786,False,False,False
346,13,Ob13.txt,102,0.27929814341087955,0.2182507747776583,0.0,0.2182507747776583,0.15,0.7814257986548319,True,0.4502433439912803,0.12790343972347673,0.32233990426780357,0.0,1.6120527637339888,True,True,True
346,14,Ob14.txt,47,0.7000767760776203,1.0236984543289267,0.20936595428109608,0.8143325000478306,0.0,1.4622659818320058,True,0.8568138102304297,0.2582629448429007,0.598550865387529,0.0,1.2238854930040293,True,True,True
346,15,Ob15.txt,96,0.12294878387014316,0.22429817584674797,0.19587338323431608,0.028424792612431887,0.375,1.8243220370821127,False,0.2615055297343333,0.14618329214158127,0.11532223759275201,0.1,2.126946859519423,True,False,True
346,16,Ob16.txt,84,0.22019341230289913,0.10272742140817859,0.18666770070504032,-0.08394027929686174,0.65,0.4665326738606796,False,0.04114413882645637,0.22325083813954133,-0.18210669931308496,0.85,0.18685454027052498,False,False,False
346,17,Ob17.txt,122,0.3117209972289492,0.14671772101828828,0.2370407895183518,-0.09032306850006352,0.725,0.4706699976021467,False,0.04172916081151706,0.184332321129476,-0.14260316031795894,0.825,0.1338670194900869,False,False,False
346,18,Ob18.txt,103,0.2101529899836002,0.02893821893394488,0.0,0.02893821893394488,0.2,0.1377007242971092,False,0.4934042952398699,0.0,0.4934042952398699,0.0,2.3478338103986713,True,False,True
346,19,Ob19.txt,143,0.3941283210677623,0.1635288367687316,0.07737372110402135,0.08615511566471024,0.225,0.414912676982216,True,0.22321329869446205,0.09636813449615167,0.12684516419831038,0.125,0.56634676262223,True,True,True
347,1,Ob1.txt,28,0.07223032809850383,0.11953736604006343,0.22971035579986693,-0.1101729897598035,0.75,1.6549470172286191,False,0.24033956930149292,0.17874967672403896,0.06158989257745395,0.45,3.327405199845289,False,False,False
347,2,Ob2.txt,43,0.9228871091408561,0.15209445616993159,0.15770135426892423,-0.0056068980989926465,0.55,0.16480288289162578,False,0.5970624135620289,0.22158434811794198,0.37547806544408696,0.025,0.6469506482952748,True,False,True
347,3,Ob3.txt,40,0.6033075591049759,0.4188909771185777,0.23404703336270186,0.18484394375587584,0.25,0.6943240985410734,True,0.10073979996348327,0.27125069364005294,-0.17051089367656969,0.75,0.16697917744132637,False,False,True
347,4,Ob4.txt,58,0.1626027580456072,0.5214578048056772,0.18180836914294868,0.3396494356627285,0.1,3.206943172879131,True,0.5408542095559496,0.188399939191565,0.35245427036438465,0.125,3.3262302316191317,True,True,True
347,5,Ob5.txt,93,0.11744116891736248,0.11402426502939897,0.1572787603442924,-0.04325449531489342,0.6,0.9709053995335502,False,0.07512218971641638,0.13430613067266456,-0.05918394095624818,0.75,0.6396580552538278,False,False,False
347,6,Ob6.txt,112,0.19181198570091598,0.2415998948590431,0.17860961827528676,0.06299027658375633,0.425,1.2595662047717875,False,0.033211318091552006,0.2018442173294921,-0.1686328992379401,0.95,0.1731451659300215,False,False,False
347,7,Ob7.txt,33,0.45865779007321517,0.09307450079792076,0.32832491607112724,-0.23525041527320648,0.95,0.20292798424521113,False,0.31711693226227167,0.3192321355749339,-0.0021152033126622394,0.5,0.6914020411855439,False,False,False
347,8,Ob8.txt,84,0.004837897489332846,0.20203697275508004,0.20031210971846233,0.001724863036617702,0.5,41.7613174319122,False,0.22499387746002264,0.258574233993106,-0.03358035653308333,0.6,46.506540900487266,False,False,False
347,9,Ob9.txt,37,0.4910942822626719,0.1795694513598948,0.30366481919788046,-0.12409536783798567,0.7,0.3656516840972878,False,0.06374696018825395,0.22976255241638327,-0.16601559222812934,0.8,0.12980595069147552,False,False,False
347,10,Ob10.txt,36,0.044719989046225886,0.21313188101550512,0.23641085731548417,-0.02327897629997905,0.55,4.765919794729741,False,0.4082738887061357,0.23704592338509184,0.17122796532104384,0.175,9.129561464876783,True,False,True
347,11,Ob11.txt,119,0.06723861495582442,0.23472020819790038,0.21413126763315782,0.02058894056474256,0.45,3.490854300792943,False,0.68802252208748,0.240067080577068,0.44795544151041206,0.0,10.232550485156615,True,False,True
347,12,Ob12.txt,91,0.2645325705738757,0.4419921569888202,0.2428699576469494,0.1991221993418708,0.15,1.670842104735778,True,0.2429448799455738,0.23527464563416026,0.007670234311413532,0.475,0.918393071289975,False,False,True
347,13,Ob13.txt,102,0.5466541267634397,0.026711007612835708,0.24114842373252765,-0.21443741611969194,0.675,0.048862720146251974,False,0.04784245419628308,0.508792326711972,-0.460949872515689,0.7,0.08751869208331528,False,False,False
347,14,Ob14.txt,47,0.5307216281592484,0.3974210059223021,0.28742083954158704,0.11000016638071508,0.325,0.7488313738045963,True,0.05605523097207343,0.19883364363899897,-0.14277841266692554,0.925,0.10562077744314859,False,False,True
347,15,Ob15.txt,96,0.23592584797117422,0.19161741799318543,0.31463309208046675,-0.12301567408728131,0.7,0.8121934058560533,False,0.19663097056557616,0.27168370781476336,-0.0750527372491872,0.625,0.8334439496837194,False,False,False
347,16,Ob16.txt,84,0.04639481244686583,0.3507989162265034,0.18286544535196186,0.16793347087454152,0.2,7.561166814248031,True,0.2918753236360032,0.2631377205851894,0.028737603050813798,0.475,6.291119809359649,False,False,True
347,17,Ob17.txt,122,0.19505325233034515,0.5623192671569086,0.14154850242613784,0.4207707647307708,0.05,2.882901261264571,True,0.26318099609869,0.1337987042953123,0.1293822918033777,0.3,1.3492776611228336,True,True,True
347,18,Ob18.txt,103,0.29198933891364354,0.5973177941539305,0.1294846160633164,0.4678331780906141,0.025,2.0456835731615137,True,0.3343966358624662,0.1047066265627642,0.229690009299702,0.175,1.1452357716435828,True,True,True
347,19,Ob19.txt,143,0.1144618159978108,0.06502410819636031,0.26948700281392024,-0.20446289461755993,0.825,0.5680855893252993,False,0.2586941634380132,0.13810149071322594,0.12059267272478727,0.325,2.2600913779225817,True,False,True
348,1,Ob1.txt,28,0.4403480860140661,1.1076978678280776,0.2367257684802913,0.8709720993477863,0.0,2.515505126534589,True,1.0520961415084793,0.26709711465917235,0.784999026849307,0.0,2.389237457648157,True,True,True
348,2,Ob2.txt,43,0.6400742988041241,0.07813297197523741,0.1392727646462783,-0.06113979267104089,0.65,0.12206859753815502,False,0.4810487954609368,0.20100918374130966,0.28003961171962716,0.1,0.7515514938807871,True,False,True
348,3,Ob3.txt,40,0.4923837336326088,0.3880496685897554,0.2481742124610572,0.13987545612869823,0.275,0.7881041595888665,True,0.42395134687461056,0.25448438823296193,0.16946695864164862,0.2,0.861018181382371,True,True,True
348,4,Ob4.txt,58,0.5315666709434691,0.22124250238051937,0.33293151978123636,-0.11168901740071699,0.575,0.41620837888094003,False,0.038559962099620954,0.25317699164083507,-0.21461702954121412,0.95,0.07254021782663969,False,False,False
348,5,Ob5.txt,93,0.4370619193168182,0.10261904216645379,0.18061985316979337,-0.07800081100333958,0.675,0.2347929152163612,False,0.011077663623844075,0.16134517147237,-0.15026750784852594,0.975,0.02534575339155567,False,False,False
348,6,Ob6.txt,112,0.28437613482967666,0.22366119294510658,0.22108697303783703,0.0025742199072695537,0.475,0.7864977596627983,False,0.2573008316402734,0.15587721532996004,0.10142361631031335,0.35,0.9047905225745485,True,False,True
348,7,Ob7.txt,33,0.49205178696570284,0.5930205210865644,0.2656513691555572,0.32736915193100724,0.1,1.2051994054192905,True,0.507503469751947,0.2762719648290973,0.23123150492284972,0.225,1.0314025539497151,True,True,True
348,8,Ob8.txt,84,0.7011003939362118,0.33156715345055865,0.13334952271026557,0.19821763074029308,0.075,0.4729239297513868,True,0.16745145695352262,0.2327629471151358,-0.06531149016161317,0.7,0.23884091123297507,False,False,True
348,9,Ob9.txt,37,0.2535541611134444,0.8062086364066606,0.31927229880459235,0.4869363376020683,0.0,3.1796308641369495,True,0.369468357505257,0.30554434056374613,0.06392401694151084,0.4,1.4571575393706537,False,False,True
348,10,Ob10.txt,36,0.18237346259449105,0.17174453034444637,0.257432003838565,-0.08568747349411865,0.55,0.9417188657887239,False,0.34452364488988674,0.25659423093984546,0.08792941395004128,0.375,1.889110619432269,False,False,False
348,11,Ob11.txt,119,0.44938627613518567,0.060968649692919985,0.1957671780617194,-0.1347985283687994,0.85,0.1356709203878296,False,0.1695193104000936,0.16063730890250688,0.008882001497586722,0.475,0.37722404844668267,False,False,False
348,12,Ob12.txt,91,0.34035095009723143,0.2748962230956614,0.17735485508474336,0.09754136801091806,0.25,0.807684606189961,True,0.23487415564379496,0.15825639109553838,0.07661776454825658,0.3,0.6900940208237883,True,True,True
348,13,Ob13.txt,102,0.08315406635391727,0.0324184923048509,0.0,0.0324184923048509,0.025,0.38986057719501666,True,0.061012202970047044,0.0,0.061012202970047044,0.025,0.7337248272425928,True,True,True
348,14,Ob14.txt,47,0.4304149358051423,0.296233531994649,0.22530665253356902,0.07092687946108,0.4,0.6882510511409391,False,0.03243623227139665,0.18370056386532355,-0.15126433159392688,0.975,0.0753603780285199,False,False,False
348,15,Ob15.txt,96,0.06393798243275543,0.11130407635688329,0.4000210680136974,-0.28871699165681414,0.85,1.7408130835836666,False,0.17092923029524554,0.3377442740602903,-0.16681504376504475,0.675,2.673359774450413,False,False,False
348,16,Ob16.txt,84,0.22468802886685102,0.28905541054882067,0.22307522518420092,0.06598018536461975,0.375,1.2864744597502051,False,0.03249169271510939,0.16364827994902525,-0.13115658723391588,0.9,0.14460802775729456,False,False,False
348,17,Ob17.txt,122,0.5389003311667214,0.06352442649277065,0.23629218200092406,-0.1727677555081534,0.875,0.11787787614685634,False,0.17298020210313547,0.14998774400661258,0.022992458096522894,0.45,0.32098737391501064,False,False,False
348,18,Ob18.txt,103,0.06993550978128144,0.0297844575146064,0.1279388722228938,-0.0981544147082874,0.8,0.4258846129492052,False,0.3516799648568594,0.23580346482548176,0.11587650003137762,0.325,5.028632320786888,True,False,True
348,19,Ob19.txt,143,0.010705232710128992,0.06589834897466665,0.23600686998469203,-0.17010852101002538,0.8,6.155713823232957,False,0.08882799351783316,0.12159767294946275,-0.03276967943162959,0.625,8.297623781105345,False,False,False
349,1,Ob1.txt,28,0.08657511788087985,0.1063361374194191,0.2743815225290641,-0.168045385109645,0.8,1.2282528747547161,False,0.014920548546090179,0.1963093050125405,-0.18138875646645033,0.925,0.17234222616502365,False,False,False
349,2,Ob2.txt,43,0.3654239597363599,0.05125986424676471,0.2382512513944732,-0.1869913871477085,0.9,0.14027505006444252,False,0.6287881469300363,0.23112892102527854,0.3976592259047577,0.1,1.7207085911489879,True,False,True
349,3,Ob3.txt,40,0.37213148728534695,0.01924738133223522,0.25182636714591666,-0.23257898581368144,0.975,0.05172199072065221,False,0.12005815640507927,0.27597726627810293,-0.15591910987302365,0.775,0.3226229451339596,False,False,False
349,4,Ob4.txt,58,0.022065129009418927,0.15877382295517597,0.1360035064489772,0.022770316506198762,0.425,7.195689764034477,False,0.07758198640754017,0.3180679095765585,-0.24048592316901835,0.825,3.516044994544233,False,False,False
349,5,Ob5.txt,93,0.11306642909777354,0.30134450817790537,0.22763945785188283,0.07370505032602254,0.325,2.6651987736989504,True,0.39714620150996116,0.2227680550433097,0.17437814646665145,0.15,3.5125032662571427,True,True,True
349,6,Ob6.txt,112,0.2033885791964366,0.5472614671886673,0.1669523951961469,0.3803090719925204,0.05,2.6907187677441398,True,0.5727785537140491,0.19002746515952113,0.38275108855452794,0.1,2.816178548358158,True,True,True
349,7,Ob7.txt,33,0.09595417791519062,0.13302336049580393,0.21916784401064932,-0.08614448351484538,0.725,1.3863217150729696,False,0.05195140584501878,0.2864838741826482,-0.23453246833762942,0.85,0.5414189040412204,False,False,False
349,8,Ob8.txt,84,0.008104474695462195,0.05566022901369655,0.23018700072560563,-0.17452677171190908,0.925,6.867839200591429,False,0.24635640720112978,0.13354655685158717,0.1128098503495426,0.3,30.397578678241548,True,False,True
349,9,Ob9.txt,37,0.18660564083200842,0.040759759179364585,0.28285734760455555,-0.24209758842519097,0.95,0.21842726188571399,False,0.12622034889086536,0.14182472293532083,-0.015604374044455471,0.525,0.67640157247173,False,False,False
349,10,Ob10.txt,36,0.6878845109469116,0.07637745280985812,0.22789628536620513,-0.15151883255634702,0.825,0.11103237766572223,False,0.3962990359249736,0.24485105960875506,0.15144797631621856,0.225,0.5761127480242952,True,False,True
349,11,Ob11.txt,119,0.006225876786663032,0.18105953649533008,0.23473999919621386,-0.05368046270088378,0.575,29.08177317019713,False,0.2190550219002269,0.19400303679285744,0.025051985107369473,0.475,35.18460602520803,False,False,False
349,12,Ob12.txt,91,0.22879826257897662,0.07812171734067591,0.2620930833984204,-0.1839713660577445,0.875,0.3414436650877532,False,0.020246893571895783,0.36612820948825797,-0.3458813159163622,0.95,0.08849233968683201,False,False,False
349,13,Ob13.txt,102,0.11966600847203854,0.0009922101740620914,0.05075062555104175,-0.049758415376979656,0.825,0.008291495527687244,False,0.017962003936349863,0.07695843293210058,-0.05899642899575072,0.775,0.15010113703714711,False,False,False
349,14,Ob14.txt,47,0.31114887048162676,0.2802970278386709,0.25754440097876496,0.022752626859905922,0.45,0.9008453972685153,False,0.21020635992203796,0.3408796139966499,-0.13067325407461194,0.65,0.6755813048482545,False,False,False
349,15,Ob15.txt,96,0.29465047154807134,0.14971829620823876,0.24247191362504805,-0.09275361741680929,0.75,0.5081216921922105,False,0.056251891137328175,0.22872354164274106,-0.17247165050541288,0.875,0.19091057564505154,False,False,False
349,16,Ob16.txt,84,0.5446679096180014,0.06413172342808132,0.1883947872916565,-0.12426306386357519,0.875,0.11774463355672929,False,0.23232959354414787,0.18260218672297623,0.04972740682117163,0.4,0.42655274790668396,False,False,False
349,17,Ob17.txt,122,0.07914391741407487,0.3121743326918305,0.18092386283086873,0.13125046986096175,0.25,3.9443881841046418,True,0.14981708751416956,0.13989717732526105,0.009919910188908504,0.45,1.8929703306236172,False,False,True
349,18,Ob18.txt,103,0.18667335459439902,0.012615237595828444,0.0,0.012615237595828444,0.35,0.0675792087373082,False,0.2793384215149075,0.0,0.2793384215149075,0.225,1.4964022161697887,True,False,True
349,19,Ob19.txt,143,0.22102014497420017,0.004147886610337478,0.13067496468857592,-0.12652707807823843,0.975,0.018767007011155766,False,0.14910362675200292,0.0990548213375746,0.05004880541442833,0.325,0.6746155504033711,True,False,True
350,1,Ob1.txt,28,0.0687392737415013,0.23040302074103533,0.2969665941018782,-0.06656357336084287,0.65,3.3518396136607658,False,0.3274310309721049,0.259368781538996,0.0680622494331089,0.4,4.763376351682614,False,False,False
350,2,Ob2.txt,43,1.4901229476337043,0.8900645072932264,0.21022865528488344,0.679835852008343,0.0,0.5973094426246084,True,1.1068863940788836,0.2542159524792651,0.8526704415996185,0.0,0.7428154809887363,True,True,True
350,3,Ob3.txt,40,1.0160232243774643,0.2230385055782479,0.21749555262776812,0.005542952950479768,0.45,0.21952107021461797,False,0.17541406870967463,0.2028133750953785,-0.02739930638570387,0.575,0.17264769593938561,False,False,False
350,4,Ob4.txt,58,0.2136502975614803,0.5547106959249177,0.25412014884327333,0.3005905470816444,0.05,2.596348810444757,True,0.2508805604881965,0.2310224985971278,0.0198580618910687,0.475,1.1742579502656803,False,False,True
350,5,Ob5.txt,93,0.035052146001649465,0.37646256833128566,0.15597337094182584,0.22048919738945982,0.2,10.74007190069248,True,0.37427001080798883,0.14032102202430852,0.2339489887836803,0.125,10.677520594327566,True,True,True
350,6,Ob6.txt,112,0.5039000988264063,0.04919331138345906,0.17262487362930443,-0.12343156224584537,0.9,0.09762512747671868,False,0.028864447855205824,0.1574886773579799,-0.12862422950277408,0.9,0.057282084132215326,False,False,False
350,7,Ob7.txt,33,0.2683695296960796,0.4419603575739167,0.2995875046503807,0.14237285292353602,0.275,1.6468350862127439,True,0.1519615999494422,0.28230220681228513,-0.13034060686284293,0.725,0.5662401395625433,False,False,True
350,8,Ob8.txt,84,0.043721808484872796,0.3527070762726051,0.2074648370947132,0.14524223917789192,0.175,8.06707427014684,True,0.3320309426158506,0.32932926644537275,0.0027016761704778403,0.475,7.594172201973969,False,False,True
350,9,Ob9.txt,37,0.32818051621981525,0.24143405889025327,0.18341675742252764,0.05801730146772563,0.375,0.7356745661541368,False,0.2365979934574964,0.1795116863837753,0.057086307073721115,0.375,0.7209385742419367,False,False,False
350,10,Ob10.txt,36,0.1411974137205622,0.29252342422877725,0.2947791493820189,-0.002255725153241628,0.5,2.0717335857701893,False,0.09134111468367469,0.253271993234804,-0.1619308785511293,0.85,0.6469035960137628,False,False,False
350,11,Ob11.txt,119,0.295833972469417,0.29308814340228506,0.20098288649051843,0.09210525691176663,0.3,0.9907183443327632,True,0.3057683232649975,0.1705709061709726,0.13519741709402489,0.275,1.0335808315476935,True,True,True
350,12,Ob12.txt,91,0.0834578220906825,0.01349037190548752,0.2720410582902763,-0.2585506863847888,0.975,0.16164299004626945,False,0.05300376394656786,0.2752091081865728,-0.22220534424000493,0.9,0.6350964189908493,False,False,False
350,13,Ob13.txt,102,0.46120316213469187,0.539183343054157,0.26240286983675376,0.2767804732174033,0.075,1.1690798921640773,True,0.5208013342371696,0.26646197715884345,0.2543393570783261,0.075,1.1292232512600866,True,True,True
350,14,Ob14.txt,47,0.7283310481609179,0.3846989775892183,0.2510116643020758,0.1336873132871425,0.3,0.5281924731351322,True,0.1674492994210141,0.2480963805670967,-0.0806470811460826,0.6,0.22990822627132843,False,False,True
350,15,Ob15.txt,96,0.369095172968841,0.05287028317737391,0.06511350938110569,-0.012243226203731777,0.625,0.14324295479701984,False,0.2896475714910706,0.11962708412196221,0.1700204873691084,0.075,0.7847503644148787,True,False,True
350,16,Ob16.txt,84,0.3826220915344542,0.2770534604499175,0.22707269069468625,0.049980769755231275,0.45,0.7240916470317541,False,0.5904350485064414,0.2735653273702028,0.31686972113623857,0.15,1.5431284851812435,True,False,True
350,17,Ob17.txt,122,0.12365843095599016,0.02514650655916889,0.1547921351653656,-0.12964562860619672,0.9,0.2033545659989693,False,0.19702277015991848,0.20892496821733317,-0.011902198057414687,0.525,1.5932821453155797,False,False,False
350,18,Ob18.txt,103,0.030935045347007403,0.1542754788827326,0.17701051854545624,-0.02273503966272364,0.6,4.987077832024478,False,0.1395829453436786,0.19946378717370336,-0.05988084183002476,0.675,4.512129973560281,False,False,False
350,19,Ob19.txt,143,0.2583641484882021,0.45434760884097464,0.12650156024120993,0.32784604859976474,0.075,1.7585551691268104,True,0.16327723126595683,0.12048126241149908,0.04279596885445776,0.3,0.6319655115516645,True,True,True
