replicate,ob,dataset,n_events,b3_event_direction_abs_z,k8_local_event_direction_abs_z,k8_local_non_event_direction_abs_median_z,k8_local_event_minus_non_event_direction_z,k8_p_non_event_direction_ge_event,k8_local_to_b3_direction_ratio,k8_pass,k10_local_event_direction_abs_z,k10_local_non_event_direction_abs_median_z,k10_local_event_minus_non_event_direction_z,k10_p_non_event_direction_ge_event,k10_local_to_b3_direction_ratio,k10_pass,both_pass,any_pass
451,1,Ob1.txt,28,0.3499725651453903,0.0692063780649341,0.25424435877708046,-0.18503798071214636,0.925,0.19774800929376693,False,0.2621508883735983,0.35698660614949523,-0.09483571777589694,0.675,0.7490612536005273,False,False,False
451,2,Ob2.txt,43,0.1907677665185882,0.07020866785649782,0.212472464392178,-0.1422637965356802,0.825,0.3680321321456409,False,0.06679532736860182,0.17938632330131843,-0.11259099593271661,0.8,0.3501394841884536,False,False,False
451,3,Ob3.txt,40,0.5555960810228371,0.2699208271665261,0.2551672665357978,0.014753560630728302,0.475,0.4858220502016668,False,0.03896470240894323,0.31413280101266566,-0.27516809860372243,0.95,0.07013134854589019,False,False,False
451,4,Ob4.txt,58,0.7839109516554509,0.24456886866346894,0.18143367824727819,0.06313519041619076,0.35,0.3119855235431936,True,0.06117826617029962,0.2559251080603824,-0.19474684189008276,0.825,0.07804236698199497,False,False,True
451,5,Ob5.txt,93,0.379795585060321,0.07976303793184611,0.18856196007094395,-0.10879892213909784,0.7,0.21001570599926206,False,0.19069237924992216,0.17257493283164071,0.018117446418281447,0.475,0.5020921431186081,False,False,False
451,6,Ob6.txt,112,0.2730078328996662,0.0757600799543553,0.19470538661431216,-0.11894530665995687,0.8,0.27750148832615396,False,0.18222442865609595,0.20772657080883186,-0.025502142152735913,0.625,0.6674695986582397,False,False,False
451,7,Ob7.txt,33,0.5586894156675819,0.012545948503092985,0.24225347179918882,-0.22970752329609584,1.0,0.022456033981065746,False,0.4049707629624307,0.1489176791627089,0.2560530837997218,0.15,0.7248584841696496,True,False,True
451,8,Ob8.txt,84,0.6184992597668917,0.10800762354350216,0.08662503586562253,0.021382587677879622,0.4,0.1746285413247051,False,0.028014057036006262,0.17759667629284429,-0.14958261925683802,0.9,0.045293598324700625,False,False,False
451,9,Ob9.txt,37,0.3702075675553911,0.08534835961152112,0.23025544398571612,-0.144907084374195,0.775,0.23054190970515792,False,0.5034182463017398,0.2953186022023665,0.20809964409937332,0.3,1.359827000906505,True,False,True
451,10,Ob10.txt,36,0.023984116611385553,0.020392487284637217,0.1690526813467198,-0.14866019406208258,0.975,0.8502496721082758,False,0.18078607383672776,0.2749365103530531,-0.09415043651632535,0.625,7.537741613168542,False,False,False
451,11,Ob11.txt,119,0.46360798924465346,0.39638738986742367,0.1379080492974115,0.2584793405700122,0.1,0.8550055198859906,True,0.3448612428700898,0.19602465660343565,0.14883658626665414,0.25,0.7438638911981754,True,True,True
451,12,Ob12.txt,91,0.379710999319556,0.4474362110527388,0.2079268797429528,0.239509331309786,0.05,1.1783598891118423,True,0.3139508603930408,0.12474815847938633,0.1892027019136545,0.125,0.8268152909861509,True,True,True
451,13,Ob13.txt,102,0.15690644386510755,0.5063678300643041,0.0,0.5063678300643041,0.0,3.2271958855917253,True,0.7385997026103297,0.0,0.7385997026103297,0.0,4.707261756854956,True,True,True
451,14,Ob14.txt,47,0.5723984212646145,0.17336665124947503,0.2527926693253167,-0.07942601807584165,0.575,0.3028775845790274,False,0.14793879919844388,0.2284824547427206,-0.08054365554427673,0.675,0.25845424044252063,False,False,False
451,15,Ob15.txt,96,0.4049151003274063,0.013497109981905675,0.1672443470172004,-0.15374723703529472,0.875,0.03333318508248317,False,0.1933146449930355,0.16369656409649927,0.029618080896536225,0.45,0.47742019212601633,False,False,False
451,16,Ob16.txt,84,0.21303380494643293,0.120826914410954,0.15984773178712855,-0.03902081737617455,0.625,0.5671724937802044,False,0.08069293190275884,0.15123260136880212,-0.07053966946604329,0.7,0.3787799402214544,False,False,False
451,17,Ob17.txt,122,0.15618549773704726,0.5786892214283114,0.1382147759163203,0.44047444551199105,0.0,3.7051405528225687,True,0.4548041980802267,0.1373443228755317,0.317459875204695,0.025,2.9119489624185957,True,True,True
451,18,Ob18.txt,103,0.27132887908855224,0.32142307486329924,0.24762394990521774,0.0737991249580815,0.45,1.1846253739853398,False,0.23669392634740805,0.02104765262395769,0.21564627372345035,0.0,0.8723506585163735,True,False,True
451,19,Ob19.txt,143,0.5530695944991597,0.1883157693709676,0.1844824845203583,0.0038332848506093253,0.5,0.3404919945771015,False,0.32952236491042014,0.19951698436543952,0.13000538054498062,0.225,0.5958063292356977,True,False,True
452,1,Ob1.txt,28,0.42160094134396575,0.2317611870174499,0.291102554358701,-0.05934136734125112,0.6,0.5497169581231226,False,0.47683804799655577,0.24189463800559777,0.234943409990958,0.05,1.1310175126187028,True,False,True
452,2,Ob2.txt,43,0.7881801309179246,0.383753175993478,0.25178620621053,0.13196696978294803,0.175,0.4868851179318035,True,0.43270312947375866,0.2525912026972752,0.18011192677648347,0.15,0.5489901514896437,True,True,True
452,3,Ob3.txt,40,0.0999626132115623,0.04632100514060089,0.29185235367865725,-0.24553134853805636,0.95,0.4633832955383675,False,0.26472881910600565,0.22530667767566825,0.0394221414303374,0.425,2.648278297264296,False,False,False
452,4,Ob4.txt,58,0.6583013272833164,0.5709725595806107,0.1747068473856323,0.39626571219497836,0.1,0.8673422578941246,True,0.13130262249774274,0.2251306544949496,-0.09382803199720685,0.775,0.19945671845992405,False,False,True
452,5,Ob5.txt,93,0.10888384951294863,0.1508345885380827,0.22325698413006043,-0.07242239559197772,0.675,1.3852797197452615,False,0.1151632890956493,0.2061859556564974,-0.09102266656084809,0.75,1.0576709917107945,False,False,False
452,6,Ob6.txt,112,0.22247640227670595,0.17408670374289556,0.1843385257011782,-0.010251821958282642,0.55,0.7824951408840858,False,0.05919406198045045,0.1860675713942321,-0.12687350941378167,0.95,0.26606894652506824,False,False,False
452,7,Ob7.txt,33,0.9946949753128078,0.6505224885719507,0.2717375170808454,0.3787849714911053,0.05,0.6539919319159896,True,0.5992233617042473,0.21825028875563424,0.38097307294861305,0.1,0.6024192104879246,True,True,True
452,8,Ob8.txt,84,0.09468151660564422,0.00028954427144381456,0.1447145391972966,-0.14442499492585278,1.0,0.0030580865392111183,False,0.07929366867854984,0.18529289565143434,-0.1059992269728845,0.775,0.837477804763247,False,False,False
452,9,Ob9.txt,37,0.34296091181796995,0.2387401211543825,0.25384060652168494,-0.015100485367302435,0.525,0.6961146676712134,False,0.04418258266026878,0.24284800226142342,-0.19866541960115464,0.85,0.12882687541873328,False,False,False
452,10,Ob10.txt,36,0.03556859423700337,0.056328733293921115,0.3256059652353982,-0.26927723194147707,0.85,1.5836648735282368,False,0.16918926731500622,0.26891425589480555,-0.09972498857979933,0.625,4.756703798515381,False,False,False
452,11,Ob11.txt,119,0.06578050100172347,0.25552933937273037,0.19192311148333194,0.06360622788939843,0.4,3.8845757554512303,False,0.05661937092394209,0.1989244945216012,-0.1423051235976591,0.85,0.8607318287596905,False,False,False
452,12,Ob12.txt,91,0.41162568842718783,0.09518120899399063,0.13177063805742822,-0.036589429063437595,0.65,0.23123243196428245,False,0.09338483011124199,0.17622316348680306,-0.08283833337556107,0.675,0.22686832415164188,False,False,False
452,13,Ob13.txt,102,0.16886189779255995,0.1859142537350379,0.4089862393126589,-0.22307198557762098,0.5,1.1009840358624068,False,0.14470799626139833,0.5859540100274518,-0.44124601376605355,0.5,0.8569606178367501,False,False,False
452,14,Ob14.txt,47,0.45111802430492265,0.2955871928398984,0.24155522269794708,0.05403197014195135,0.45,0.6552325043880384,False,0.015062919638331701,0.2012945323459434,-0.1862316127076117,0.95,0.033390196859326274,False,False,False
452,15,Ob15.txt,96,0.08422644578069693,0.1414815547338889,0.16501811402327513,-0.023536559289386222,0.625,1.6797759115025335,False,0.01694271677356763,0.2646583559242071,-0.2477156391506395,0.925,0.2011567342836942,False,False,False
452,16,Ob16.txt,84,0.4046031435763171,0.3487806474762831,0.21464850345115077,0.13413214402513235,0.3,0.8620314819934052,True,0.16154909091248731,0.21911788439903487,-0.05756879348654756,0.6,0.3992778936034529,False,False,True
452,17,Ob17.txt,122,0.22108534320148088,0.1371176483232972,0.16947899294804997,-0.032361344624752764,0.6,0.6202023451113098,False,0.05094073128019688,0.14973485990198432,-0.09879412862178744,0.875,0.23041206867238256,False,False,False
452,18,Ob18.txt,103,0.32191052892201744,0.4241087957830925,0.05754927007834287,0.36655952570474964,0.0,1.317474135447842,True,0.34333438683187384,0.03587616254688453,0.3074582242849893,0.0,1.0665522124473483,True,True,True
452,19,Ob19.txt,143,0.2731646577405861,0.2246259121058991,0.11500421400926265,0.10962169809663645,0.35,0.8223095694876371,True,0.3741814664832148,0.15735921961086083,0.216822246872354,0.2,1.3698018974275963,True,True,True
453,1,Ob1.txt,28,1.2071046072289988,0.26560782163320396,0.20898185078229223,0.05662597085091173,0.45,0.2200371202649347,False,0.3335592392433504,0.24717978962715662,0.08637944961619379,0.35,0.2763300191596992,False,False,False
453,2,Ob2.txt,43,0.2937019773822295,0.4378849646908106,0.20532000551136104,0.23256495917944958,0.15,1.4909159570312958,True,0.6344649208066144,0.1930734366593933,0.4413914841472211,0.05,2.1602337391855877,True,True,True
453,3,Ob3.txt,40,0.07964791763890117,0.6084669000687704,0.27782164140174004,0.3306452586670303,0.15,7.639457729797402,True,0.5637442140659517,0.20441406785074795,0.3593301462152037,0.1,7.07795295567917,True,True,True
453,4,Ob4.txt,58,0.6258520695922356,0.09456722934413271,0.20680932944188113,-0.11224210009774842,0.775,0.15110156846768366,False,0.04358790358188927,0.44513539955417947,-0.4015474959722902,0.925,0.06964569696204458,False,False,False
453,5,Ob5.txt,93,0.09192116253959633,0.2984246359483401,0.2149471404095293,0.08347749553881081,0.4,3.2465280867154998,False,0.4992567225981784,0.1765988332322635,0.3226578893659149,0.075,5.431357794056582,True,False,True
453,6,Ob6.txt,112,0.1294602924370194,0.2533042247892232,0.24250150617288285,0.010802718616340357,0.45,1.9566171219059476,False,0.25524313032232726,0.23568832432080666,0.019554806001520597,0.375,1.971593957633762,False,False,False
453,7,Ob7.txt,33,0.0991413024055354,0.26535043496753274,0.24211265331071385,0.02323778165681889,0.375,2.676487281578392,False,0.22466644013598303,0.2555383606731228,-0.030871920537139774,0.55,2.266123549769295,False,False,False
453,8,Ob8.txt,84,0.2901345682632368,0.018444099700511862,0.2379699696874967,-0.21952586998698484,0.9,0.06357084511135425,False,0.44438164662799695,0.20082132463768745,0.2435603219903095,0.2,1.5316397811129248,True,False,True
453,9,Ob9.txt,37,1.0348983676010897,0.7892389594490361,0.268374167097588,0.5208647923514481,0.125,0.7626246056204573,True,0.5942274562798374,0.2767761160927703,0.3174513401870671,0.05,0.5741891908258255,True,True,True
453,10,Ob10.txt,36,0.47288122032199664,0.637844506950394,0.16741479443022572,0.47042971252016824,0.0,1.3488471936273334,True,0.5359050796158045,0.23595405173935227,0.2999510278764522,0.075,1.1332762998092698,True,True,True
453,11,Ob11.txt,119,0.10900117952920764,0.04608472381811703,0.14584305197523906,-0.09975832815712203,0.9,0.4227910561808948,False,0.14094086750844964,0.17571074960315655,-0.03476988209470691,0.55,1.2930214894663918,False,False,False
453,12,Ob12.txt,91,0.14895384477526274,0.2981795288041277,0.3162919854070865,-0.018112456602958793,0.525,2.001824989841735,False,0.08264044551945132,0.22886764304788945,-0.14622719752843813,0.775,0.5548057228340553,False,False,False
453,13,Ob13.txt,102,0.30076174917590814,0.24687456940435143,0.18085102255888189,0.06602354684546954,0.3,0.8208310068710253,True,0.36015357086042993,0.16584306824767908,0.19431050261275085,0.275,1.1974713268800181,True,True,True
453,14,Ob14.txt,47,0.03306155598864102,0.1919866175011972,0.1874613113989445,0.004525306102252685,0.5,5.806944402954239,False,0.348089866655076,0.24736898259918152,0.1007208840558945,0.375,10.52853854714731,False,False,False
453,15,Ob15.txt,96,0.22075242677282678,0.11872013402642534,0.35197870437957957,-0.23325857035315423,0.75,0.5377976394732845,False,0.07757370853496215,0.3171671467729893,-0.23959343823802715,0.925,0.35140591507423,False,False,False
453,16,Ob16.txt,84,0.06674584411192386,0.11960942373608469,0.18641500250641915,-0.06680557877033447,0.65,1.7920130508128067,False,0.14384545971787194,0.1655460621855056,-0.021700602467633667,0.575,2.1551223395521424,False,False,False
453,17,Ob17.txt,122,0.10355907258667821,0.1983415503553914,0.17412417940224004,0.02421737095315135,0.425,1.9152503532646155,False,0.08987251732215751,0.17149007441923275,-0.08161755709707524,0.725,0.8678381823759077,False,False,False
453,18,Ob18.txt,103,0.5371309282626268,0.29148509781328436,0.0,0.29148509781328436,0.0,0.5426704784178144,True,0.1494082995539613,0.0,0.1494082995539613,0.45,0.27815992655129523,False,False,True
453,19,Ob19.txt,143,0.2242789663649898,0.018084334037426694,0.08311934126923565,-0.06503500723180895,0.825,0.08063321465462968,False,0.10405821907461645,0.042662373245937024,0.06139584582867942,0.275,0.46396780206875454,True,False,True
454,1,Ob1.txt,28,0.5145432974445294,0.14310749340615325,0.2095870431846409,-0.06647954977848763,0.65,0.2781252697623197,False,0.3491789544267155,0.28480864542949574,0.06437030899721974,0.35,0.6786191874637312,True,False,True
454,2,Ob2.txt,43,0.12443076795027785,0.36058713924568686,0.2082715866181325,0.15231555262755436,0.25,2.897893705757537,True,0.3749161424403092,0.2792928398075733,0.09562330263273588,0.35,3.013050137166432,True,True,True
454,3,Ob3.txt,40,0.7301832189723754,0.2878872176941052,0.32383101240918255,-0.03594379471507736,0.575,0.3942670965504573,False,0.17711194402075991,0.20777730963964644,-0.030665365618886525,0.6,0.24255822294850699,False,False,False
454,4,Ob4.txt,58,0.441768738803038,0.37007518299632275,0.23820982591060408,0.13186535708571867,0.375,0.8377124737233167,False,0.15532837649332032,0.28045159942774733,-0.12512322293442701,0.65,0.3516056317479116,False,False,False
454,5,Ob5.txt,93,0.22535059694536919,0.3269955017005778,0.20140087788943067,0.1255946238111471,0.225,1.4510522986537726,True,0.11424796144384114,0.18251307458983623,-0.0682651131459951,0.6,0.5069787388738881,False,False,True
454,6,Ob6.txt,112,0.18364038859652349,0.0741246625922855,0.21434102589662696,-0.14021636330434145,0.8,0.4036403057017315,False,0.02718438650923788,0.18101658638850107,-0.1538321998792632,0.975,0.14803054337335741,False,False,False
454,7,Ob7.txt,33,0.17280319751078663,0.37398587016450013,0.1797613678503076,0.19422450231419253,0.15,2.1642300348126104,True,0.27071074123006755,0.24068798810202424,0.03002275312804331,0.45,1.5665840975724388,False,False,True
454,8,Ob8.txt,84,0.4093297391690988,0.04025111739780973,0.12838356399729633,-0.0881324465994866,0.85,0.09833421211836635,False,0.1987034160087838,0.13300410139174196,0.06569931461704184,0.35,0.48543606045369,True,False,True
454,9,Ob9.txt,37,0.04476529899128534,0.2376858062328136,0.34694333863506904,-0.10925753240225544,0.6,5.309599435024101,False,0.05336098328101144,0.19222710713131602,-0.13886612385030458,0.75,1.1920166844278077,False,False,False
454,10,Ob10.txt,36,0.4899640240782038,0.15497983447376348,0.20159854372246927,-0.046618709248705786,0.6,0.3163085999330983,False,0.07455469054892665,0.21552556308963344,-0.14097087254070678,0.825,0.15216360158113748,False,False,False
454,11,Ob11.txt,119,0.28807713918082706,0.09609305096379894,0.13970148308568042,-0.04360843212188148,0.625,0.3335670828898401,False,0.3040301878803198,0.15552083651273,0.14850935136758983,0.25,1.05537769760161,True,False,True
454,12,Ob12.txt,91,0.23508803106080453,0.06340076683490414,0.09891597796406264,-0.035515211129158494,0.625,0.26968947142402927,False,0.03122603577979821,0.13673580547371894,-0.10550976969392073,0.875,0.13282699097395448,False,False,False
454,13,Ob13.txt,102,0.2703115136970964,0.3035516253733785,0.12194099770999262,0.18161062766338587,0.15,1.1229696479504385,True,0.6214810170486388,0.20553681406788013,0.4159442029807586,0.0,2.2991289144459204,True,True,True
454,14,Ob14.txt,47,0.1001305225776701,0.43518386473764503,0.2591029253492426,0.1760809393884024,0.25,4.346165919588384,True,0.5983226629736896,0.19814817067183055,0.4001744923018591,0.1,5.975427347935566,True,True,True
454,15,Ob15.txt,96,0.2386530015686646,0.5700979292773354,0.27853452285793057,0.2915634064194048,0.1,2.38881524862493,True,0.28175837102398804,0.19313271908189103,0.08862565194209701,0.275,1.1806194314422704,True,True,True
454,16,Ob16.txt,84,0.3014458562035676,0.6946357251542051,0.2014544347728176,0.4931812903813875,0.025,2.3043465712300746,True,0.311391156093174,0.19360226418449855,0.11778889190867547,0.3,1.032991994034545,True,True,True
454,17,Ob17.txt,122,0.4694523157300807,0.5275254063553618,0.12331386248071896,0.40421154387464286,0.0,1.1237039176917623,True,0.7573859626334305,0.15393824664727374,0.6034477159861568,0.0,1.6133394963779493,True,True,True
454,18,Ob18.txt,103,0.4094247954620588,0.22278107988141188,0.0,0.22278107988141188,0.0,0.5441318707382902,True,0.09685042408221897,0.0,0.09685042408221897,0.0,0.2365524148895717,False,False,True
454,19,Ob19.txt,143,0.007292525001961349,0.31143172794778073,0.14628628074189823,0.1651454472058825,0.15,42.70560990384265,True,0.12706453924962235,0.10732887617619821,0.019735663073424142,0.45,17.423942902554042,False,False,True
455,1,Ob1.txt,28,0.3205630869120317,0.7045073424063153,0.2807731650129424,0.4237341773933729,0.125,2.1977182375949753,True,0.17988069103791487,0.33686701768965005,-0.15698632665173518,0.75,0.5611397518369836,False,False,True
455,2,Ob2.txt,43,0.30679110142582744,0.015274969774097272,0.15831991089056813,-0.14304494111647087,1.0,0.049789481191292916,False,0.03563741756637295,0.20076068909193018,-0.16512327152555722,0.95,0.11616183585751419,False,False,False
455,3,Ob3.txt,40,0.3777736766872294,0.6499316662742955,0.32853321184022133,0.3213984544340742,0.2,1.7204260285514659,True,0.6255698509591753,0.3461607673093795,0.2794090836497958,0.15,1.6559381702952904,True,True,True
455,4,Ob4.txt,58,0.43926103241083647,0.26157019531030634,0.23351618348153858,0.028054011828767766,0.375,0.5954778047911665,False,0.19012664885408093,0.20062036641041042,-0.010493717556329496,0.525,0.432832950855193,False,False,False
455,5,Ob5.txt,93,0.5330947143226042,0.36708022168033166,0.14447530719148347,0.2226049144888482,0.15,0.6885834952364426,True,0.5404740753534397,0.12815746688861365,0.4123166084648261,0.05,1.0138424952125296,True,True,True
455,6,Ob6.txt,112,0.10184171057683211,0.029596729129168903,0.16798684872115427,-0.13839011959198536,0.85,0.29061500402470497,False,0.17262059863270607,0.15685924584318084,0.01576135278952523,0.475,1.6949891911180779,False,False,False
455,7,Ob7.txt,33,0.1565048559795839,0.01034324958460231,0.30893489985725997,-0.29859165027265766,0.95,0.06608900100806833,False,0.436628816664681,0.33222227220722733,0.10440654445745368,0.325,2.7898739239224586,True,False,True
455,8,Ob8.txt,84,0.09412289499303543,0.07125228926316546,0.22074305461804966,-0.1494907653548842,0.85,0.7570133628851697,False,0.24071638007959364,0.2210601225447669,0.01965625753482675,0.425,2.5574689356654967,False,False,False
455,9,Ob9.txt,37,0.20896288377851568,0.8101353561375113,0.23078572392920532,0.579349632208306,0.05,3.876934226253268,True,0.43702586976766855,0.22573304656411075,0.2112928232035578,0.125,2.0914042813023284,True,True,True
455,10,Ob10.txt,36,0.004671663393294889,0.40601442382792785,0.295651493049889,0.11036293077803883,0.275,86.91003388871493,True,0.45290924455159576,0.21520313887777198,0.23770610567382378,0.175,96.94817593271895,True,True,True
455,11,Ob11.txt,119,0.1449556043108564,0.14251617447332804,0.16959135748597307,-0.027075183012645027,0.55,0.983171193351745,False,0.158407592085814,0.24969786535358612,-0.09129027326777212,0.575,1.0928007429509927,False,False,False
455,12,Ob12.txt,91,0.4226837583379661,0.20114214163533145,0.27430681823124803,-0.07316467659591658,0.575,0.4758691046617027,False,0.12835991426140925,0.29202627497137146,-0.1636663607099622,0.725,0.3036783688262189,False,False,False
455,13,Ob13.txt,102,0.08402685332005008,0.04013205374142999,0.0,0.04013205374142999,0.0,0.4776098610829911,True,0.09668903949618121,0.0,0.09668903949618121,0.0,1.1506921379990525,True,True,True
455,14,Ob14.txt,47,0.4267436871625693,0.023110451252439546,0.2141451049162555,-0.19103465366381595,0.85,0.05415534417416127,False,0.1432074428789692,0.3009924598761169,-0.1577850169971477,0.725,0.3355818660872513,False,False,False
455,15,Ob15.txt,96,0.06266435358438384,0.274881421434765,0.2310574511009822,0.043823970333782825,0.375,4.386567573295232,False,0.3219332615322017,0.39038708575259734,-0.06845382422039564,0.55,5.1374225236152204,False,False,False
455,16,Ob16.txt,84,0.19809282123781857,0.04456123549979513,0.15364713505986535,-0.10908589956007023,0.8,0.22495128910450285,False,0.2550321850351256,0.22048172914196015,0.03455045589316544,0.425,1.2874377952795624,False,False,False
455,17,Ob17.txt,122,0.05887586003798906,0.011007723062213925,0.2360583469235966,-0.22505062386138266,1.0,0.18696496416547126,False,0.009123451552181944,0.15289385455668025,-0.1437704030044983,1.0,0.15496082004229114,False,False,False
455,18,Ob18.txt,103,0.014167890862441732,0.7102388650257716,0.04164497749476892,0.6685938875310027,0.0,50.130176179474546,True,0.8943572585476438,0.08566357174135786,0.808693686806286,0.0,63.12564567521717,True,True,True
455,19,Ob19.txt,143,0.6042408027733388,0.3011239846122592,0.08280917735033272,0.21831480726192648,0.125,0.4983509607927223,True,0.2755839513437408,0.09816431894603465,0.17741963239770614,0.15,0.4560829888992404,True,True,True
456,1,Ob1.txt,28,0.5688777747419363,0.4371383890374585,0.2339031370099219,0.2032352520275366,0.15,0.7684223368293134,True,0.39987134937379554,0.2963722626353107,0.10349908673848485,0.25,0.7029125888336765,True,True,True
456,2,Ob2.txt,43,0.15965272432291852,0.2653248752896886,0.23646270177350492,0.028862173516183698,0.45,1.6618875525921772,False,0.20033498236857436,0.3032905188094714,-0.10295553644089703,0.65,1.2548171866041613,False,False,False
456,3,Ob3.txt,40,0.15236388663658856,0.5813109993344284,0.22534984753461706,0.35596115179981136,0.1,3.8152807214805766,True,0.18982745563436368,0.23777881449419735,-0.047951358859833676,0.6,1.2458822088670627,False,False,True
456,4,Ob4.txt,58,0.3058486835520245,0.56164004789444,0.14996324511114184,0.41167680278329816,0.05,1.8363330565027778,True,0.7265756347081904,0.2571752606594391,0.46940037404875135,0.025,2.3756049111278936,True,True,True
456,5,Ob5.txt,93,0.43115945737195555,0.1751359245049562,0.1617509063844279,0.01338501812052828,0.475,0.4061975714796133,False,0.20768140075036462,0.2008322219518348,0.006849178798529809,0.5,0.4816811905651895,False,False,False
456,6,Ob6.txt,112,0.19671128132958704,0.472336641014679,0.17703825161075126,0.2952983894039277,0.05,2.401167019105963,True,0.454036598632257,0.1544004093543159,0.2996361892779411,0.0,2.308137060383054,True,True,True
456,7,Ob7.txt,33,0.34557222434452695,0.057239683354417425,0.25682529740836946,-0.19958561405395203,0.9,0.1656373959538799,False,0.03151618360146624,0.3135294970837228,-0.28201331348225656,0.975,0.09119999056997528,False,False,False
456,8,Ob8.txt,84,0.3006993314165196,0.012207754895989367,0.23428822514197908,-0.2220804702459897,0.975,0.04059787841390161,False,0.08030376649125337,0.2908104348011584,-0.21050666830990505,0.925,0.2670566845392118,False,False,False
456,9,Ob9.txt,37,0.045916028286600824,0.4793930583453786,0.28903526330091844,0.19035779504446015,0.175,10.440647334588272,True,0.04368790516539319,0.2583485438037767,-0.2146606386383835,0.95,0.9514739579107315,False,False,True
456,10,Ob10.txt,36,0.0723466159787515,0.0021198316487119444,0.30989068691444,-0.30777085526572806,1.0,0.029301047741259214,False,0.12169199079078971,0.3088952205801922,-0.1872032297894025,0.9,1.682068872807142,False,False,False
456,11,Ob11.txt,119,0.14799797418872523,0.2200698371498838,0.23647074640919624,-0.01640090925931245,0.55,1.4869787127576042,False,0.2101383911453235,0.24822314902480255,-0.03808475787947904,0.55,1.419873429330577,False,False,False
456,12,Ob12.txt,91,0.13258783472327323,0.09115512938097228,0.23753631480484075,-0.14638118542386847,0.8,0.6875074894406716,False,0.12197042295322012,0.1342921749038119,-0.012321751950591778,0.525,0.9199216746226158,False,False,False
456,13,Ob13.txt,102,0.2884832809799572,0.12187967061833688,0.0,0.12187967061833688,0.45,0.4224843471147455,False,0.3021587306457051,0.0,0.3021587306457051,0.45,1.0474046524266272,False,False,False
456,14,Ob14.txt,47,0.06838698905074944,0.13654083039470566,0.2847969857998238,-0.14825615540511816,0.775,1.9965907592945757,False,0.1505248830763215,0.20399557437329885,-0.053470691296977346,0.7,2.2010748706105216,False,False,False
456,15,Ob15.txt,96,0.2887272709843324,0.4976244368944352,0.16308844772904332,0.33453598916539184,0.125,1.7235103396985265,True,0.6971987928434537,0.19211075895867216,0.5050880338847815,0.075,2.4147313499918295,True,True,True
456,16,Ob16.txt,84,0.14626236145386395,0.0017689217519176736,0.20090022195338053,-0.19913130020146286,1.0,0.012094169233522535,False,0.03669106503365649,0.16835994024396628,-0.1316688752103098,0.9,0.25085787395296555,False,False,False
456,17,Ob17.txt,122,0.1847796196989748,0.0030782239255785493,0.13477684783495364,-0.1316986239093751,0.975,0.01665889306728359,False,0.08418578484665329,0.1425949954118421,-0.0584092105651888,0.675,0.45560102885697396,False,False,False
456,18,Ob18.txt,103,0.029943614697188523,0.016617826620284437,0.2001945952733265,-0.18357676865304207,0.675,0.5549706269044641,False,0.19317138365533887,0.22455621392665037,-0.031384830271311503,0.675,6.451171163162081,False,False,False
456,19,Ob19.txt,143,0.107162540700417,0.10443069167823751,0.15708201926173704,-0.052651327583499524,0.7,0.9745074257821431,False,0.011280382149412849,0.12125511992054708,-0.10997473777113423,0.925,0.10526422829921718,False,False,False
457,1,Ob1.txt,28,0.15420500679147955,0.39156812190098816,0.2691897802775331,0.12237834162345507,0.175,2.5392698333749815,True,0.2601498952326466,0.20611955074291394,0.05403034448973265,0.375,1.6870392255449187,False,False,True
457,2,Ob2.txt,43,0.02540941629532159,0.4201121384964551,0.2618474886062089,0.15826464989024625,0.3,16.533718587380797,True,0.439050896203951,0.23808403954516533,0.20096685665878566,0.25,17.279062655397933,True,True,True
457,3,Ob3.txt,40,0.04924698206965278,0.08118245745115482,0.23359792465229376,-0.15241546720113894,0.775,1.648475785507707,False,0.5106949429596768,0.2330915696925615,0.27760337326711526,0.175,10.370075921350312,True,False,True
457,4,Ob4.txt,58,0.12569100865488292,0.3947899107347354,0.2746576043971292,0.12013230633760619,0.25,3.1409558643827333,True,0.10086902578411452,0.14385862258816723,-0.042989596804052704,0.625,0.8025158431266667,False,False,True
457,5,Ob5.txt,93,0.09349628748713176,0.4277224818632113,0.16040246317354132,0.26732001868967004,0.125,4.574753643796609,True,0.38394015740660453,0.23523654585022563,0.1487036115563789,0.175,4.106474895695165,True,True,True
457,6,Ob6.txt,112,0.20292271837021475,0.24627257377446765,0.15520281861117796,0.09106975516328969,0.35,1.2136274131966085,True,0.2702545859825662,0.20237882948561323,0.06787575649695296,0.325,1.3318103963574464,True,True,True
457,7,Ob7.txt,33,0.026086953517855366,0.40235167554310447,0.33041472712848796,0.07193694841461651,0.375,15.423482671815723,False,0.3337544275791865,0.1986067474582304,0.1351476801209561,0.4,12.793921197074482,False,False,False
457,8,Ob8.txt,84,0.34684300739953994,0.3744144500458254,0.14925037636380514,0.22516407368202027,0.1,1.0794925717344073,True,0.08829180221353614,0.22360529626766273,-0.1353134940541266,0.8,0.25455840345609126,False,False,True
457,9,Ob9.txt,37,0.10181843154290958,0.8362969669102647,0.2407051937340559,0.5955917731762088,0.0,8.213610779869676,True,0.5953511735691294,0.20722970015286002,0.38812147341626935,0.225,5.847184685006949,True,True,True
457,10,Ob10.txt,36,0.33590791370339657,0.003014818302584432,0.24819458660213575,-0.24517976829955132,0.975,0.008975133301701512,False,0.035936892270164805,0.22011650766939056,-0.18417961539922575,0.95,0.10698435733162492,False,False,False
457,11,Ob11.txt,119,0.29792433714053745,0.25130786259633386,0.2075485694076825,0.04375929318865138,0.425,0.84352914907313,False,0.11751074477745149,0.17884279294972938,-0.061332048172277887,0.65,0.3944315053456646,False,False,False
457,12,Ob12.txt,91,0.17349181488770243,0.031816935814352146,0.1854651279621592,-0.15364819214780706,0.925,0.1833915671177143,False,0.20521548841593068,0.15332069382101848,0.0518947945949122,0.375,1.1828540069672007,False,False,False
457,13,Ob13.txt,102,0.09395344210867652,0.031727289883190166,0.0,0.031727289883190166,0.075,0.33769161800896036,True,0.12869576965240315,0.03099281836228948,0.09770295129011367,0.0,1.3697823811876946,True,True,True
457,14,Ob14.txt,47,0.45356110835630037,0.6147786888471498,0.24550779360081057,0.36927089524633927,0.075,1.3554484225402392,True,0.6977739034551504,0.2723639589425345,0.42540994451261593,0.05,1.5384341615705854,True,True,True
457,15,Ob15.txt,96,0.5177329713726737,0.018394506135030242,0.18059961556048154,-0.1622051094254513,0.925,0.035528944749762786,False,0.015303560235336244,0.1431265096463162,-0.12782294941097996,0.95,0.029558790112906408,False,False,False
457,16,Ob16.txt,84,0.17285370043323572,0.5797317276937619,0.22113294642077594,0.35859878127298594,0.15,3.3538867044254093,True,0.011525205266767147,0.13799541768266294,-0.1264702124158958,0.975,0.06667606905655298,False,False,True
457,17,Ob17.txt,122,0.23389646276382325,0.019933877873464234,0.23228316767448123,-0.212349289801017,0.925,0.08522522161266051,False,0.21811938305872047,0.21817768543456278,-5.830237584231179e-05,0.5,0.9325467366257963,False,False,False
457,18,Ob18.txt,103,0.2550249560706682,0.420651770770985,0.12645226360610268,0.2941995071648823,0.0,1.6494533603778803,True,0.5433566171365278,0.07512999077073534,0.4682266263657925,0.0,2.1306017477989956,True,True,True
457,19,Ob19.txt,143,0.1106282817244148,0.013429084054062651,0.11815282808973962,-0.10472374403567697,0.9,0.12138924915706213,False,0.2868621891059657,0.15387391187927404,0.13298827722669168,0.3,2.593027611335099,True,False,True
458,1,Ob1.txt,28,0.20254642925201127,0.058102038684273966,0.32298462427093044,-0.26488258558665645,0.975,0.2868578769758639,False,0.05804394183088135,0.24819007620296132,-0.19014613437207997,0.9,0.28657104469939687,False,False,False
458,2,Ob2.txt,43,0.36642603314105104,0.20856139951758196,0.14546235823575698,0.06309904128182497,0.375,0.5691773527381961,False,0.4016380751688114,0.31264362642328214,0.08899444874552925,0.325,1.096095907067296,True,False,True
458,3,Ob3.txt,40,0.09540741083824286,0.007914159815857469,0.26849549193225064,-0.26058133211639317,1.0,0.08295120626714647,False,0.14271876207051265,0.3006125777260781,-0.15789381565556543,0.7,1.4958875921335204,False,False,False
458,4,Ob4.txt,58,0.11433081382216272,0.15135168721939615,0.26015743116774637,-0.10880574394835021,0.8,1.323804862045485,False,0.6084245746389602,0.2514646568352966,0.35695991780366354,0.15,5.3216150073535005,True,False,True
458,5,Ob5.txt,93,0.035944556727312005,0.2869947403433031,0.22537250889167543,0.06162223145162765,0.325,7.984372780572749,True,0.04055427178485904,0.26623037088906565,-0.2256760991042066,0.8,1.1282451496764294,False,False,True
458,6,Ob6.txt,112,0.3861041612964328,0.7291464878859852,0.1956357694381699,0.5335107184478154,0.025,1.8884709386133254,True,0.9246339441044029,0.1709029242584743,0.7537310198459286,0.0,2.3947784996663426,True,True,True
458,7,Ob7.txt,33,0.5444202587079816,0.15196637112080538,0.3504336087585493,-0.1984672376377439,0.8,0.2791343060624747,False,0.10262668769341515,0.2999481257388147,-0.19732143804539953,0.85,0.18850637178155136,False,False,False
458,8,Ob8.txt,84,0.2914110098774394,0.19907664712155687,0.19913576076988057,-5.911364832369981e-05,0.5,0.6831473086939434,False,0.07844492167173733,0.25392111501691694,-0.1754761933451796,0.8,0.2691899722825483,False,False,False
458,9,Ob9.txt,37,0.0489598150536594,0.3639125774374413,0.2213961923799353,0.14251638505750602,0.2,7.432883009026837,True,0.05909634257448676,0.2334284742405604,-0.17433213166607364,0.825,1.2070377004022144,False,False,True
458,10,Ob10.txt,36,0.2967227819209446,0.019734243197298468,0.19621731101577042,-0.17648306781847195,1.0,0.06650734085715142,False,0.2107981667638846,0.244640919312554,-0.03384275254866939,0.575,0.7104212403213692,False,False,False
458,11,Ob11.txt,119,0.5851517673382844,0.19622657251450312,0.2266516676792381,-0.03042509516473499,0.55,0.33534303998959264,False,0.1570160386951038,0.20151653355393015,-0.044500494858826345,0.625,0.2683338707312331,False,False,False
458,12,Ob12.txt,91,0.0994932575644813,0.16416699790811007,0.15944157243920964,0.004725425468900424,0.475,1.6500313883251225,False,0.12879935593119815,0.1889496876666661,-0.06015033173546794,0.625,1.294553611813581,False,False,False
458,13,Ob13.txt,102,0.10989315114504385,0.13856758680245648,0.0,0.13856758680245648,0.0,1.2609301431311795,True,0.1638665423414089,0.0,0.1638665423414089,0.0,1.4911442672630946,True,True,True
458,14,Ob14.txt,47,0.570317101917108,0.32052300565545905,0.29833828378877614,0.02218472186668291,0.425,0.5620084065128473,False,0.1203863171745894,0.2162528478629927,-0.0958665306884033,0.8,0.2110866336813564,False,False,False
458,15,Ob15.txt,96,0.3405984623074374,0.19973955714475916,0.15647697616825973,0.04326258097649943,0.35,0.5864370490447678,True,0.2325845184062615,0.2320988837702876,0.0004856346359738972,0.5,0.6828701363787182,False,False,True
458,16,Ob16.txt,84,0.15447493668551293,0.11496889762177886,0.17995598618067843,-0.06498708855889956,0.65,0.7442559944584263,False,0.05338885452551524,0.1317235040024054,-0.07833464947689016,0.75,0.3456149953581576,False,False,False
458,17,Ob17.txt,122,0.16598147902720928,0.12767897009411228,0.10224975061729281,0.025429219476819462,0.425,0.7692362475766462,False,0.2117936285210022,0.1499310648054902,0.06186256371551199,0.3,1.2760075989338724,True,False,True
458,18,Ob18.txt,103,0.016256381400768266,0.12648932488279596,0.0,0.12648932488279596,0.0,7.7809028814258845,True,0.18428778954151603,0.0,0.18428778954151603,0.0,11.336335251878792,True,True,True
458,19,Ob19.txt,143,0.1636358306714988,0.07967825082154574,0.1435773424244154,-0.06389909160286965,0.625,0.4869242298253182,False,0.08060471998504182,0.20626296102398262,-0.1256582410389408,0.8,0.49258600426490273,False,False,False
459,1,Ob1.txt,28,0.9786648596390339,0.2410994316829534,0.2337700273793917,0.007329404303561687,0.5,0.24635546000075997,False,0.7074730627830584,0.2906149207446508,0.41685814203840765,0.075,0.722896153688403,True,False,True
459,2,Ob2.txt,43,0.37568659399417825,0.5992310347068526,0.1757434272706554,0.4234876074361972,0.05,1.5950290595573884,True,0.20584084016210724,0.1915684558974567,0.01427238426465055,0.5,0.5479057369965589,False,False,True
459,3,Ob3.txt,40,0.3493110793805017,0.031071704620209473,0.3576693496997658,-0.32659764507955635,0.975,0.08895138589739182,False,0.4039931386179546,0.3969704630901013,0.007022675527853295,0.475,1.1565425847197024,False,False,False
459,4,Ob4.txt,58,0.25046734036797674,0.4467269631812182,0.17254126601990455,0.27418569716131364,0.125,1.7835737087514265,True,0.03292586553959209,0.3023331154284936,-0.2694072498889015,0.95,0.13145772016111446,False,False,True
459,5,Ob5.txt,93,0.35314274824760444,0.6054434911301918,0.17654599193166284,0.42889749919852893,0.05,1.7144440715109568,True,0.6155256933291293,0.18835611597221036,0.42716957735691896,0.0,1.7429940056352404,True,True,True
459,6,Ob6.txt,112,0.3845832851604811,0.17314755207402321,0.2062424802617675,-0.03309492818774429,0.625,0.4502212102165886,False,0.12840204712907738,0.21800598008972366,-0.08960393296064628,0.675,0.333873187118616,False,False,False
459,7,Ob7.txt,33,0.03472691435525699,0.1679783068914647,0.25943077096863876,-0.09145246407717406,0.7,4.837121581636752,False,0.17884150674469979,0.2949461167476772,-0.1161046100029774,0.625,5.149939465255905,False,False,False
459,8,Ob8.txt,84,0.057267239000934944,0.07374154747602545,0.20219879749257996,-0.1284572500165545,0.725,1.2876742228627704,False,0.2565955148973162,0.2611992604868778,-0.004603745589561614,0.5,4.480668517878556,False,False,False
459,9,Ob9.txt,37,0.3060454776461079,0.4823276517367156,0.19146640588141203,0.2908612458553036,0.1,1.5759999312731212,True,0.35348748419410897,0.2831917938291741,0.07029569036493488,0.425,1.1550161986149656,False,False,True
459,10,Ob10.txt,36,0.20976908293577562,0.12237909717944309,0.24762992749103024,-0.12525083031158715,0.75,0.583399114238925,False,0.05699139081523186,0.3024064095843716,-0.24541501876913974,0.95,0.27168632296819806,False,False,False
459,11,Ob11.txt,119,0.05115689889962989,0.1226489645009746,0.2270358333020102,-0.10438686880103559,0.75,2.3975058523702253,False,0.0974653774779208,0.1968565988782473,-0.0993912214003265,0.75,1.905224506848009,False,False,False
459,12,Ob12.txt,91,0.16819863404756635,0.13628471287524138,0.3007438657406162,-0.1644591528653748,0.725,0.8102605211211182,False,0.09576544938958875,0.24921856354859973,-0.15345311415901097,0.75,0.569359257474745,False,False,False
459,13,Ob13.txt,102,0.1708773076621696,0.36486398196739167,0.0061093535778495855,0.3587546283895421,0.0,2.1352395292225723,True,0.5753589562164617,0.06837285560412742,0.5069861006123343,0.0,3.367088141123843,True,True,True
459,14,Ob14.txt,47,0.1504452164894155,0.1403899454169206,0.17883817920653405,-0.038448233789613456,0.6,0.9331632383725385,False,0.06005677346317173,0.2615083626112472,-0.20145158914807548,0.875,0.3991936391503481,False,False,False
459,15,Ob15.txt,96,0.2190910825421563,0.12518681318241884,0.08881203599634586,0.036374777186072974,0.325,0.5713916410008658,True,0.3335050802402193,0.23618206041100648,0.09732301982921282,0.375,1.5222211528214438,False,False,True
459,16,Ob16.txt,84,0.01061210128543838,0.13530853106832907,0.3251030892415966,-0.1897945581732675,0.75,12.750399513619,False,0.10386102405777253,0.21531459047519236,-0.11145356641741982,0.75,9.787036635269175,False,False,False
459,17,Ob17.txt,122,0.038798021543417605,0.07087366319406099,0.20436666552850558,-0.13349300233444458,0.925,1.8267339512337912,False,0.3032483497321891,0.2113741906260591,0.09187415910613,0.35,7.816077667590182,True,False,True
459,18,Ob18.txt,103,0.3705111047344861,0.006003161950867766,0.26351055654998773,-0.25750739459912,0.975,0.016202380641653705,False,0.020899702417935095,0.10488419955608197,-0.08398449713814687,0.975,0.056407762549821924,False,False,False
459,19,Ob19.txt,143,0.11273771887138193,0.1402960650397957,0.1553063769610905,-0.015010311921294817,0.55,1.244446547653266,False,0.04688724635253411,0.09633425524486294,-0.049447008892328836,0.775,0.4158967098316575,False,False,False
460,1,Ob1.txt,28,0.36065435288307557,0.06879086040131777,0.22008751745412886,-0.1512966570528111,0.825,0.19073902713610064,False,0.22131605690385864,0.3135712920581687,-0.09225523515431006,0.7,0.613651423127588,False,False,False
460,2,Ob2.txt,43,0.5495256196400315,0.37817474102352483,0.183919337386018,0.19425540363750682,0.125,0.6881840036343517,True,0.2751727328776398,0.24200938543557887,0.03316334744206095,0.475,0.5007459580463102,False,False,True
460,3,Ob3.txt,40,0.046679973740683084,0.18626888879808945,0.3717352402370643,-0.18546635143897483,0.675,3.990338337224688,False,0.030938275635386966,0.3547959472848383,-0.32385767164945134,0.95,0.6627740582558056,False,False,False
460,4,Ob4.txt,58,0.33296661623628276,0.19080331850762244,0.31150474864571853,-0.12070143013809609,0.725,0.5730403866441159,False,0.04054523613505473,0.26668721322360606,-0.22614197708855133,0.9,0.12176967346865385,False,False,False
460,5,Ob5.txt,93,0.012705486406366859,0.48576242278877546,0.21470278270202703,0.27105964008674843,0.075,38.23249321217286,True,0.23505090129322212,0.22312307791802916,0.011927823375192964,0.475,18.49995299475001,False,False,True
460,6,Ob6.txt,112,0.18652195047944814,0.16526403895741326,0.20578852063847541,-0.04052448168106215,0.575,0.8860299741269477,False,0.22295251926996684,0.22641633106786188,-0.003463811797895039,0.5,1.1953151824590897,False,False,False
460,7,Ob7.txt,33,0.48085725410622404,0.19243638289470866,0.2703352048301185,-0.07789882193540987,0.65,0.40019440541121254,False,0.2993702983823765,0.3012998500980775,-0.0019295517157010278,0.5,0.6225762340610212,False,False,False
460,8,Ob8.txt,84,0.3731634261888435,0.4527695666413496,0.14431880774809258,0.308450758893257,0.025,1.2133278206429066,True,0.5564214754033154,0.253983150136622,0.30243832526669345,0.0,1.4910932753675923,True,True,True
460,9,Ob9.txt,37,0.2141082096667708,0.3450508235815795,0.25462085904573506,0.09042996453584445,0.325,1.6115721303662405,True,0.2718115214476665,0.3195196896091552,-0.04770816816148871,0.55,1.2695053677329924,False,False,True
460,10,Ob10.txt,36,0.27581773973184576,0.3073031623127392,0.26276904516570304,0.044534117147036145,0.425,1.1141530004977347,False,0.2591772954452218,0.18041414966115804,0.07876314578406374,0.375,0.9396686946140518,False,False,False
460,11,Ob11.txt,119,0.08818958347663436,0.06020521784610472,0.10642820187884698,-0.04622298403274226,0.725,0.6826794670376911,False,0.06596327175901565,0.18875620079388522,-0.12279292903486957,0.825,0.7479712360416406,False,False,False
460,12,Ob12.txt,91,0.12609286770950295,0.1772018319050595,0.2104903630951106,-0.033288531190051096,0.575,1.4053279548951423,False,0.20962287436057503,0.18643350498112238,0.02318936937945265,0.425,1.6624483063031872,False,False,False
460,13,Ob13.txt,102,0.10419673317927541,0.11101814751736078,0.1501716585957436,-0.03915351107838283,0.625,1.065466681439511,False,0.37067661510589467,0.1504854350287066,0.22019118007718808,0.15,3.5574686825174067,True,False,True
460,14,Ob14.txt,47,0.39465368351202157,0.013863996428677972,0.2341615588226527,-0.22029756239397472,0.975,0.03512952496807409,False,0.3184348698239632,0.23507372807643595,0.08336114174752723,0.425,0.806871652609986,False,False,False
460,15,Ob15.txt,96,0.4320586514063255,0.09215975876051609,0.3425877039006714,-0.2504279451401553,0.95,0.21330381525874206,False,0.40045798101079955,0.21177089697150464,0.1886870840392949,0.175,0.9268602299880638,True,False,True
460,16,Ob16.txt,84,0.24889774952367671,0.31172060995361334,0.16323282272307474,0.1484877872305386,0.175,1.2524042927272852,True,0.11581973794283734,0.18867301292774313,-0.07285327498490579,0.725,0.46533059525240844,False,False,True
460,17,Ob17.txt,122,0.0702147364952651,0.03951517457455225,0.10269704515976275,-0.06318187058521049,0.7,0.5627760858607928,False,0.20441579349104588,0.1795588315894317,0.024856961901614183,0.4,2.911294746578313,False,False,False
460,18,Ob18.txt,103,0.0636647310480285,0.5702287699228632,0.0,0.5702287699228632,0.0,8.956745132445217,True,0.2222985087547913,0.0,0.2222985087547913,0.0,3.4917057701396694,True,True,True
460,19,Ob19.txt,143,0.16900882376447157,0.08343487297397228,0.0730510227450098,0.010383850228962488,0.4,0.4936716978176595,False,0.12822987827468207,0.12762502585484725,0.0006048524198348226,0.5,0.7587170623314999,False,False,False
461,1,Ob1.txt,28,0.490758336032591,0.06259326337485367,0.2827608215051845,-0.22016755813033084,0.925,0.127543963656069,False,0.3837939314840813,0.26562276185727896,0.11817116962680235,0.4,0.7820426130440579,False,False,False
461,2,Ob2.txt,43,0.002066641901540822,0.17502394909469104,0.22840281443024218,-0.05337886533555114,0.6,84.69002247762361,False,0.2766358444449347,0.18962608406264028,0.08700976038229444,0.425,133.85765779677837,False,False,False
461,3,Ob3.txt,40,0.22703963700463137,0.3997917207144851,0.27420323313755124,0.12558848757693386,0.25,1.760889534483927,True,0.08397195295376458,0.2118344629105083,-0.12786250995674373,0.75,0.36985591618106595,False,False,True
461,4,Ob4.txt,58,0.11905157907440084,0.1590362223245838,0.22931814172853143,-0.07028191940394762,0.625,1.335859831184555,False,0.42160503437989133,0.3060520285633389,0.11555300581655242,0.35,3.5413644880460664,True,False,True
461,5,Ob5.txt,93,0.25498014573549305,0.048249916153442735,0.205465489483953,-0.15721557333051026,0.875,0.1892300908930196,False,0.1459953672594111,0.19640029590171448,-0.05040492864230339,0.6,0.5725754326411802,False,False,False
461,6,Ob6.txt,112,0.10178870404142443,0.23010926529306203,0.19955233740128436,0.030556927891777663,0.425,2.260656204046135,False,0.052727342238682764,0.21436965032728353,-0.16164230808860075,0.825,0.5180077960047963,False,False,False
461,7,Ob7.txt,33,0.6226041179921967,0.4819301582954226,0.18995474858793882,0.29197540970748376,0.15,0.7740555264066897,True,0.10530988281580039,0.1928513890366641,-0.08754150622086371,0.625,0.16914421182341147,False,False,True
461,8,Ob8.txt,84,0.007579519039250138,0.2505073719102533,0.17675701358967297,0.07375035832058033,0.275,33.050563051958065,True,0.25323785996401504,0.17679785637971007,0.07644000358430497,0.25,33.41080860838745,True,True,True
461,9,Ob9.txt,37,0.24909610057480278,0.4866792271171052,0.2349799674187033,0.2516992596984019,0.075,1.9537809945401252,True,0.15414549328804308,0.18561934607922542,-0.03147385279118234,0.625,0.6188193750618496,False,False,True
461,10,Ob10.txt,36,0.6949138025287546,0.033778016984071235,0.2793538534580094,-0.24557583647393816,0.95,0.04860749183733985,False,0.07981784585185424,0.21033594642750836,-0.1305181005756541,0.875,0.1148600669052785,False,False,False
461,11,Ob11.txt,119,0.2508966318421322,0.22568333679979563,0.17413158500834064,0.05155175179145499,0.35,0.8995072398652162,True,0.3031110949662817,0.18808781483921916,0.11502328012706253,0.275,1.208111455067295,True,True,True
461,12,Ob12.txt,91,0.18124309260186883,0.005494507700183254,0.19573731761588423,-0.19024280991570097,0.95,0.030315680566391966,False,0.04130245908013347,0.08535340116192315,-0.04405094208178968,0.75,0.227884320926157,False,False,False
461,13,Ob13.txt,102,0.4377952942006526,0.18445512296101654,0.0,0.18445512296101654,0.025,0.42132733129944544,True,0.27174063347622623,0.0,0.27174063347622623,0.0,0.6207024997205216,True,True,True
461,14,Ob14.txt,47,0.4212683488807968,0.46207807110306615,0.3688776905305776,0.09320038057248853,0.3,1.096873459234928,True,0.08911380424150656,0.30017088350485854,-0.211057079263352,0.875,0.21153690866702743,False,False,True
461,15,Ob15.txt,96,0.01210204183621709,0.004728007508280535,0.17508192990777194,-0.1703539223994914,1.0,0.3906784964278753,False,0.315657580959843,0.20327145434477842,0.11238612661506456,0.275,26.083001962131096,True,False,True
461,16,Ob16.txt,84,0.03621589081064297,0.539775865874816,0.17141919139220363,0.36835667448261233,0.05,14.90439290026214,True,0.4310525254430392,0.193136913458185,0.23791561198485417,0.1,11.902303541194776,True,True,True
461,17,Ob17.txt,122,0.031129318935727124,0.11101521993003016,0.13655121539867138,-0.025535995468641215,0.575,3.566259196330119,False,0.2690125885131096,0.131613816730308,0.1373987717828016,0.2,8.641775590032708,True,False,True
461,18,Ob18.txt,103,0.668769950550224,0.4764217901615412,0.007733695951286923,0.46868809421025426,0.05,0.7123851628943103,True,0.09931226104459334,0.01417110421461737,0.08514115682997597,0.425,0.14849988544324566,False,False,True
461,19,Ob19.txt,143,0.23029647282895027,0.389642732925636,0.09240787591970348,0.29723485700593255,0.15,1.6919179357776708,True,0.030373282267281358,0.1390053284085866,-0.10863204614130523,0.85,0.13188774406389073,False,False,True
462,1,Ob1.txt,28,0.4583430087213039,0.506010382248203,0.25673882671910697,0.24927155552909608,0.125,1.1039993468208071,True,0.440009257821837,0.26261999772299305,0.17738926009884393,0.25,0.9599999333455203,True,True,True
462,2,Ob2.txt,43,0.6518889789081896,0.17200952839213524,0.20531127667562432,-0.033301748283489085,0.6,0.26386322511576105,False,0.30476809874956357,0.22396870766494595,0.08079939108461762,0.325,0.46751534173810033,True,False,True
462,3,Ob3.txt,40,0.048409877923410394,0.2337862270085786,0.361477575814574,-0.12769134880599542,0.55,4.8293083361716675,False,0.08871065329239936,0.33177467485764944,-0.2430640215652501,0.85,1.8324907456438766,False,False,False
462,4,Ob4.txt,58,0.2477717393317775,0.13718926301680268,0.22448016017297961,-0.08729089715617694,0.7,0.5536921336823651,False,0.01727919122619115,0.2506696289541184,-0.23339043772792722,0.975,0.0697383457564284,False,False,False
462,5,Ob5.txt,93,0.07455252652652933,0.04648060511762802,0.1928524029648889,-0.14637179784726087,0.85,0.6234611660154538,False,0.23334732088986943,0.19912438208308778,0.03422293880678165,0.35,3.129972004460954,True,False,True
462,6,Ob6.txt,112,0.11243291892908025,0.2022711235506593,0.15141599420342688,0.05085512934723241,0.375,1.7990382663483693,False,0.18798645859435797,0.15508140427991327,0.03290505431444471,0.375,1.6719877095153504,False,False,False
462,7,Ob7.txt,33,1.0969292886785602,0.33917450323467424,0.2141385725010143,0.12503593073365993,0.35,0.3092036166189602,True,0.13617337417768993,0.27421914015652293,-0.138045765978833,0.75,0.12414052171196391,False,False,True
462,8,Ob8.txt,84,0.31690982706272514,0.004601515611288368,0.1318449866802508,-0.12724347106896244,1.0,0.01451995242286255,False,0.05758347795285623,0.10831881219091641,-0.050735334238060176,0.7,0.18170303674886953,False,False,False
462,9,Ob9.txt,37,0.4123806908937583,0.19484546407086045,0.29900582500693085,-0.1041603609360704,0.6,0.4724893002351037,False,0.13960471823942555,0.26325482431641173,-0.12365010607698618,0.75,0.3385335960732263,False,False,False
462,10,Ob10.txt,36,0.4952757299587861,0.4802969452469369,0.22125683534573642,0.25904010990120047,0.025,0.9697566753107493,True,0.3920412848444922,0.2338434123255782,0.15819787251891398,0.2,0.7915616718733937,True,True,True
462,11,Ob11.txt,119,0.5410692226537932,0.24949399173075984,0.203853298239086,0.04564069349167385,0.375,0.46111288775040943,False,0.38930617935560263,0.1506805727193538,0.23862560663624882,0.125,0.7195127038388263,True,False,True
462,12,Ob12.txt,91,0.264295882876357,0.017334678983756457,0.17625394868103683,-0.15891926969728037,0.9,0.06558815368253758,False,0.1599445377062011,0.15645511200688927,0.003489425699311821,0.5,0.6051722636217772,False,False,False
462,13,Ob13.txt,102,0.02268502188887317,0.04676729008767287,0.15328404164697468,-0.1065167515593018,0.8,2.061593341931571,False,0.08557048075014748,0.1977822503899358,-0.11221176963978832,0.7,3.7721136514361993,False,False,False
462,14,Ob14.txt,47,0.5510402411063915,0.6800803905215538,0.19854267702595318,0.4815377134956006,0.0,1.2341755461562525,True,0.15593795037134278,0.27967413295176985,-0.12373618258042707,0.75,0.28298831689360276,False,False,True
462,15,Ob15.txt,96,0.6626316281039429,0.7845286281214544,0.27368434039137096,0.5108442877300834,0.05,1.1839589220428672,True,0.8139888712437859,0.3496578182296144,0.46433105301417155,0.05,1.228418380168386,True,True,True
462,16,Ob16.txt,84,0.24831933923384103,0.1303096150607444,0.25280760552651105,-0.12249799046576665,0.75,0.5247662766130048,False,0.0009881762647513392,0.19933139026336166,-0.19834321399861032,1.0,0.003979457531581053,False,False,False
462,17,Ob17.txt,122,0.17146076097621687,0.41956807107456057,0.17075544900072048,0.24881262207384008,0.075,2.447020931703192,True,0.38491932388401295,0.21957505067978902,0.16534427320422393,0.225,2.2449411847495804,True,True,True
462,18,Ob18.txt,103,0.1888639497233705,0.14017921765492108,0.0,0.14017921765492108,0.0,0.7422232663260613,True,0.2843434940101339,0.0,0.2843434940101339,0.0,1.5055466881139177,True,True,True
462,19,Ob19.txt,143,0.0031700009812459795,0.1973020085615296,0.22948174034179436,-0.03217973178026476,0.6,62.24036198373017,False,0.26111563862574416,0.20488644518378585,0.056229193441958314,0.3,82.37083842261518,True,False,True
463,1,Ob1.txt,28,0.22033754808168338,0.05237628592854657,0.17627630362410862,-0.12390001769556205,0.875,0.2377093073084832,False,0.18976222378341087,0.21521560175195473,-0.025453377968543855,0.525,0.861234162926522,False,False,False
463,2,Ob2.txt,43,0.5044293462667254,0.2619398398315656,0.24312417800087804,0.018815661830687558,0.45,0.519279541862857,False,0.617497308922373,0.1625402365314217,0.4549570723909513,0.025,1.2241502471901407,True,False,True
463,3,Ob3.txt,40,0.3499573231998397,0.14970057581379873,0.23348370072885694,-0.08378312491505821,0.625,0.42776809024886064,False,0.06230786527815721,0.3154488051657971,-0.25314093988763986,0.825,0.17804418181178314,False,False,False
463,4,Ob4.txt,58,0.6522941412431502,0.11695406976732844,0.25975341425444565,-0.1427993444871172,0.75,0.1792965203465356,False,0.18567325973864468,0.18669348623376994,-0.0010202264951252593,0.5,0.2846465237059868,False,False,False
463,5,Ob5.txt,93,0.14075956898089856,0.03611604775220301,0.1831217119398877,-0.14700566418768468,0.9,0.2565796983727909,False,0.058717351829856324,0.0904421747710046,-0.03172482294114827,0.625,0.4171464310026725,False,False,False
463,6,Ob6.txt,112,0.2316241785014341,0.18109378535088466,0.2174486586410076,-0.036354873290122935,0.6,0.7818431846041644,False,0.2314611200780597,0.1577681556282563,0.07369296444980339,0.425,0.9992960215793127,False,False,False
463,7,Ob7.txt,33,0.45499387776139677,0.14196837239381743,0.24060873621335455,-0.09864036381953711,0.725,0.3120225992760875,False,0.1691114710782255,0.163170033085211,0.005941437993014498,0.5,0.3716785639188517,False,False,False
463,8,Ob8.txt,84,0.7776450419613515,0.47846683078956526,0.15511242773877823,0.323354403050787,0.175,0.615276642904829,True,0.3112395840964922,0.2566481909469964,0.05459139314949579,0.375,0.400233483533173,False,False,True
463,9,Ob9.txt,37,0.2837093725655469,0.02693374288481573,0.3398622236456013,-0.3129284807607856,0.95,0.09493427249603142,False,0.0019442169176282775,0.3587832346237763,-0.356839017706148,1.0,0.006852846982272659,False,False,False
463,10,Ob10.txt,36,0.8555401312734796,0.3820166567430909,0.30048799494787526,0.08152866179521562,0.35,0.4465210254654629,True,0.4921351179742432,0.24855477496250805,0.24358034301173515,0.125,0.575233235689009,True,True,True
463,11,Ob11.txt,119,0.269704729109359,0.2561966647357282,0.18222604454874808,0.07397062018698014,0.3,0.9499153595925507,True,0.30190163185820473,0.17033051707832425,0.13157111477988048,0.2,1.1193783396204027,True,True,True
463,12,Ob12.txt,91,0.16497563736838977,0.20870281961709108,0.2880657744710959,-0.0793629548540048,0.625,1.2650523613438676,False,0.22948910441259895,0.21884840063315494,0.01064070377944401,0.475,1.391048448566687,False,False,False
463,13,Ob13.txt,102,0.04674368567041541,0.08665758865936929,0.12797019345309743,-0.04131260479372814,0.625,1.853888657184254,False,0.04603867733734218,0.2109696749915444,-0.16493099765420222,0.9,0.9849175707272173,False,False,False
463,14,Ob14.txt,47,0.09792630150190067,0.2540928532271508,0.23093839320811801,0.02315446001903279,0.475,2.594735523859431,False,0.02462304699214754,0.3279225250621266,-0.30329947806997903,0.975,0.2514446743571708,False,False,False
463,15,Ob15.txt,96,0.5323196034759978,0.32481785441522104,0.10525250862597028,0.21956534578925074,0.175,0.6101932979627097,True,0.6247136264695274,0.18336812793199098,0.44134549853753646,0.1,1.173568702693279,True,True,True
463,16,Ob16.txt,84,0.04546423397021049,0.20695026514019618,0.19691867108936806,0.010031594050828124,0.475,4.551935600098225,False,0.11609185344154871,0.15097135166486095,-0.03487949822331224,0.6,2.553476508976606,False,False,False
463,17,Ob17.txt,122,0.18321553819667147,0.12542143256129057,0.19095830457429902,-0.06553687201300845,0.575,0.684556745545554,False,0.02977489676453396,0.1574069051026214,-0.12763200833808744,0.875,0.16251294544992304,False,False,False
463,18,Ob18.txt,103,0.5127397028466532,0.23127794946594163,0.5694994114427174,-0.33822146197677583,0.7,0.4510630797301662,False,0.035953013967871074,0.6269900949481753,-0.5910370809803042,0.7,0.0701194266179611,False,False,False
463,19,Ob19.txt,143,0.009266612332509572,0.24502080956984643,0.16684148506394855,0.07817932450589787,0.275,26.441249593473625,True,0.12255219015700478,0.1773990311003884,-0.05484684094338363,0.65,13.225134035990836,False,False,True
464,1,Ob1.txt,28,0.6528050315608664,0.04028704656381382,0.2067645070199679,-0.16647746045615408,0.85,0.061713750072493925,False,0.4061852159731309,0.25617611526794104,0.15000910070518986,0.225,0.622215204135201,True,False,True
464,2,Ob2.txt,43,0.039407979305273136,0.15168619186000284,0.15573381051074636,-0.0040476186507435175,0.5,3.8491238204569878,False,0.36909818615627016,0.1823397220278252,0.18675846412844496,0.275,9.366077445815183,True,False,True
464,3,Ob3.txt,40,0.00543401577703545,0.6649281652207513,0.2655852825769678,0.3993428826437835,0.15,122.36404760376047,True,0.7184977606186103,0.18673861469018643,0.5317591459284239,0.075,132.22224411917142,True,True,True
464,4,Ob4.txt,58,0.1797351999991548,0.02625442174310845,0.19987708664867165,-0.17362266490556322,0.925,0.1460727878747842,False,0.3149965628809799,0.2945308182980394,0.02046574458294048,0.45,1.752559114088176,False,False,False
464,5,Ob5.txt,93,0.1016995628787338,0.11566286492877398,0.20977788611708967,-0.09411502118831569,0.7,1.1372995286783087,False,0.0533099717228126,0.21470518795938726,-0.16139521623657466,0.825,0.5241907655628689,False,False,False
464,6,Ob6.txt,112,0.0386414904630982,0.058069948762265275,0.12390606229575599,-0.06583611353349071,0.875,1.5027874977472941,False,0.34284237981004106,0.22715544404136662,0.11568693576867445,0.275,8.87239016148842,True,False,True
464,7,Ob7.txt,33,0.8795679787775356,0.36850987616433734,0.2811236306449024,0.08738624551943491,0.425,0.41896690768177974,False,0.751518998449016,0.3848151735486529,0.36670382490036313,0.175,0.8544183242021977,True,False,True
464,8,Ob8.txt,84,0.42739749775715075,0.20760366871942937,0.20229696516702253,0.0053067035524068384,0.475,0.48573908319273956,False,0.2217919523002919,0.23536272662747104,-0.013570774327179153,0.55,0.5189360103046629,False,False,False
464,9,Ob9.txt,37,0.4131056305634772,0.6642503514162439,0.307530099033263,0.3567202523829809,0.1,1.6079431076991242,True,0.8168078619283353,0.20357024283741965,0.6132376190909157,0.0,1.9772373008186965,True,True,True
464,10,Ob10.txt,36,0.27956829354980856,0.2046063399207121,0.2402097237942558,-0.0356033838735437,0.575,0.731865324650125,False,0.09262214483381544,0.22755091310043815,-0.1349287682666227,0.8,0.3313041820935737,False,False,False
464,11,Ob11.txt,119,0.11417516261974459,0.21434732349585167,0.23252965697015784,-0.018182333474306173,0.525,1.8773550970076225,False,0.06018510227776391,0.16606792735065418,-0.10588282507289026,0.775,0.5271295516189259,False,False,False
464,12,Ob12.txt,91,0.019174126628792587,0.11131162287387181,0.18527668276535542,-0.07396505989148361,0.725,5.805303418968878,False,0.4921655000075892,0.18853171108687286,0.30363378892071635,0.1,25.668209537561676,True,False,True
464,13,Ob13.txt,102,0.26987156032909004,0.3301004501650212,0.13571405301589923,0.19438639714912198,0.05,1.2231761277938518,True,0.39342154847026267,0.027976574091366113,0.36544497437889656,0.275,1.4578103301826684,True,True,True
464,14,Ob14.txt,47,0.025943439304157018,0.24962645100144837,0.24405774715714992,0.005568703844298445,0.5,9.621949043643175,False,0.39720479416552623,0.23181678531543634,0.1653880088500899,0.325,15.31041391654963,True,False,True
464,15,Ob15.txt,96,0.30008540166492026,0.1677620246119247,0.2124261253858452,-0.04466410077392052,0.6,0.5590476033860862,False,0.31685771881774655,0.18224679398208274,0.1346109248356638,0.2,1.0558918129964698,True,False,True
464,16,Ob16.txt,84,0.11515039950066452,0.21042397824835463,0.10640091059530703,0.1040230676530476,0.3,1.8273838315874908,True,0.09291984596733585,0.15619859696221924,-0.06327875099488339,0.65,0.8069433225613744,False,False,True
464,17,Ob17.txt,122,0.5539111917299876,0.4603734821966782,0.22064674110556837,0.2397267410911098,0.125,0.8311322989499988,True,0.3151473241893881,0.19300578369681815,0.12214154049256998,0.175,0.5689491905825428,True,True,True
464,18,Ob18.txt,103,0.04501010043769835,0.2273076662441365,0.09426796733443998,0.13303969890969652,0.0,5.0501479453210525,True,0.023484554672221065,0.056499926720744,-0.03301537204852294,0.55,0.5217618810855064,False,False,True
464,19,Ob19.txt,143,0.021261401621977608,0.05491830055305513,0.1623249171603481,-0.10740661660729298,0.9,2.5830047110481593,False,0.12847961702045652,0.16611662041295575,-0.03763700339249923,0.55,6.042857348014581,False,False,False
465,1,Ob1.txt,28,0.1457243147427374,0.5470510789150526,0.16841039070624958,0.378640688208803,0.15,3.7540137339524975,True,0.02638361367096992,0.24891933833834873,-0.2225357246673788,0.875,0.18105155421418664,False,False,True
465,2,Ob2.txt,43,0.7814592153886515,0.3575084204945213,0.19041966970889931,0.167088750785622,0.2,0.4574882648440172,True,0.4996284671023727,0.34042458408646864,0.15920388301590405,0.175,0.6393532218490597,True,True,True
465,3,Ob3.txt,40,0.3360799338698804,0.07184153198220716,0.24126168437689985,-0.16942015239469269,0.9,0.21376322934537934,False,0.02942727088963866,0.23120140278846857,-0.20177413189882992,0.9,0.08756033289697081,False,False,False
465,4,Ob4.txt,58,0.3257576650513219,0.04618476926617136,0.2610844868080064,-0.214899717541835,0.925,0.14177646214063797,False,0.26317404936412586,0.26630005562530135,-0.0031260062611754846,0.525,0.8078829068309529,False,False,False
465,5,Ob5.txt,93,0.21831269026617978,0.1389615268557357,0.2121807236205619,-0.07321919676482619,0.725,0.6365251909373916,False,0.14468027030613867,0.21817464652255503,-0.07349437621641636,0.65,0.6627203857445754,False,False,False
465,6,Ob6.txt,112,0.300307886745842,0.22457373144845572,0.1514201426849517,0.07315358876350403,0.375,0.7478116338600125,False,0.20574309822638384,0.17323123795017564,0.0325118602762082,0.475,0.6851072093238407,False,False,False
465,7,Ob7.txt,33,0.18998403742210268,0.33082548886473473,0.2146658741950596,0.11615961466967512,0.325,1.7413330791034478,True,0.265354974074301,0.3068154742133947,-0.04146050013909375,0.575,1.39672247034492,False,False,True
465,8,Ob8.txt,84,0.0992340197282561,0.12644209776918702,0.2526421656651955,-0.12620006789600846,0.725,1.2741809524136776,False,0.29576286462759604,0.17441858149499723,0.12134428313259882,0.425,2.9804583693930513,False,False,False
465,9,Ob9.txt,37,0.2814501242460069,0.7679326958444117,0.334841063058274,0.4330916327861377,0.125,2.7284859010159304,True,0.2482205139922972,0.33766219271428477,-0.08944167872198758,0.675,0.8819342846526345,False,False,True
465,10,Ob10.txt,36,0.13659042037026956,0.31173238001300446,0.2627004320807917,0.04903194793221277,0.475,2.2822418963786757,False,0.1541269001548099,0.19647752079674774,-0.04235062064193784,0.575,1.1283873329989207,False,False,False
465,11,Ob11.txt,119,0.11157691295446598,0.16566897180542417,0.20303415764012553,-0.03736518583470136,0.525,1.484796159157342,False,0.23733288816937642,0.23685972503136343,0.0004731631380129886,0.5,2.127078818413186,False,False,False
465,12,Ob12.txt,91,0.0573689335099912,0.07147410148950825,0.2494589217864835,-0.17798482029697524,0.825,1.245867704287383,False,0.027510365943271747,0.18930307826424692,-0.16179271232097517,0.925,0.4795342053636159,False,False,False
465,13,Ob13.txt,102,0.2670782776532079,0.04884631456373967,0.4269358598943159,-0.37808954533057626,0.7,0.18289137923513551,False,0.11845550785402492,0.5132717070070371,-0.39481619915301214,0.7,0.44352355756852446,False,False,False
465,14,Ob14.txt,47,0.16400905286485656,0.04783167826132417,0.2361378632184242,-0.18830618495710003,0.9,0.29164047609455723,False,0.1724285125480446,0.2444369347053868,-0.07200842215734221,0.65,1.0513353350691297,False,False,False
465,15,Ob15.txt,96,0.6843804445631385,0.17632345280945033,0.32427344428527366,-0.14794999147582333,0.675,0.2576395252234349,False,0.2544078657718378,0.40257168443300634,-0.1481638186611685,0.6,0.37173456341850086,False,False,False
465,16,Ob16.txt,84,0.02479691935441586,0.17546193623815468,0.20804353426009925,-0.032581598021944574,0.625,7.075957046531599,False,0.18989834708705972,0.21755557284656674,-0.02765722575950702,0.575,7.658142706071367,False,False,False
465,17,Ob17.txt,122,0.10681359238825508,0.6479516999521742,0.14333557808007547,0.5046161218720987,0.0,6.066191441225425,True,0.07522624782528814,0.193433530166795,-0.11820728234150685,0.775,0.7042759834520818,False,False,True
465,18,Ob18.txt,103,0.07039314109642089,0.279323079076191,0.0,0.279323079076191,0.0,3.9680439702724546,True,0.14915412854854965,0.019556728894343012,0.12959739965420664,0.0,2.118873035431762,True,True,True
465,19,Ob19.txt,143,0.30958896647708317,0.05389671945243241,0.1701731294713447,-0.11627641001891229,0.775,0.17409121541294342,False,0.08917904806505977,0.08262570555397702,0.006553342511082749,0.475,0.2880562866301668,False,False,False
466,1,Ob1.txt,28,0.8115692892466455,0.3249610514734933,0.27640527458037134,0.04855577689312196,0.375,0.40041072990224225,False,0.16100880404468404,0.2791994273473378,-0.11819062330265379,0.7,0.19839193791345097,False,False,False
466,2,Ob2.txt,43,0.5149324292932118,0.10862174889779155,0.28298553157404227,-0.17436378267625072,0.875,0.21094369419864284,False,0.3803121634898372,0.31004076930992835,0.07027139417990885,0.25,0.738567124257153,True,False,True
466,3,Ob3.txt,40,0.19559121848201494,0.49591507554235936,0.20324142609263093,0.2926736494497284,0.175,2.5354669774602376,True,0.24772857317565095,0.21973414279308803,0.027994430382562913,0.475,1.2665628605326684,False,False,True
466,4,Ob4.txt,58,0.4935522752812985,0.23322230057647728,0.18431634993550214,0.04890595064097514,0.35,0.47253819353492593,True,0.6688648616007462,0.2113951731475046,0.4574696884532416,0.025,1.3552057099109285,True,True,True
466,5,Ob5.txt,93,0.31058347847080514,0.5857417446614193,0.16474656674031424,0.420995177921105,0.0,1.8859398044782958,True,0.4462122740170379,0.16165155099205453,0.28456072302498336,0.1,1.4366903101672288,True,True,True
466,6,Ob6.txt,112,0.325887292813662,0.14132925813138109,0.1476872078423,-0.006357949710918909,0.5,0.433675265184983,False,0.10491778132613444,0.1650490716037005,-0.06013129027756606,0.65,0.32194499030720114,False,False,False
466,7,Ob7.txt,33,0.116830427612018,0.06889075159731348,0.28258026146866,-0.21368950987134652,0.825,0.5896644650321119,False,0.17911253434285396,0.27201159899595784,-0.09289906465310388,0.65,1.5330983375124545,False,False,False
466,8,Ob8.txt,84,0.05005739761622352,0.4161651508113879,0.17336798033465647,0.2427971704767314,0.05,8.313759217009505,True,0.5663609497987678,0.19828729750649066,0.3680736522922772,0.075,11.314230798430703,True,True,True
466,9,Ob9.txt,37,0.6025319939384898,0.49318056232930585,0.28890141163535077,0.20427915069395508,0.3,0.8185134852434953,True,0.7650230950303804,0.31115910483974796,0.4538639901906324,0.175,1.269680453032472,True,True,True
466,10,Ob10.txt,36,0.9139985730869238,0.11100338339327409,0.23920854894241586,-0.12820516554914177,0.725,0.12144809265770852,False,0.20785239309146206,0.22928523952432303,-0.021432846432860975,0.575,0.22740997547672837,False,False,False
466,11,Ob11.txt,119,0.43186192642599763,0.2691326127083519,0.20635424558776583,0.0627783671205861,0.425,0.6231913401943979,False,0.32213479412813517,0.1977648977430831,0.12436989638505208,0.2,0.7459208011089514,True,False,True
466,12,Ob12.txt,91,0.03661932755947567,0.046359722111914456,0.19375414163118798,-0.1473944195192735,0.8,1.2659905356432017,False,0.08803743502097777,0.14607889974056837,-0.058041464719590596,0.6,2.404124840304368,False,False,False
466,13,Ob13.txt,102,0.4160589592704269,0.6377724884946465,0.0,0.6377724884946465,0.0,1.5328896885503958,True,0.5215522707715727,0.06673027064683767,0.45482200012473506,0.0,1.2535537551844378,True,True,True
466,14,Ob14.txt,47,0.4867550888618389,0.09355449753841394,0.23327960198150655,-0.1397251044430926,0.825,0.19220034814051745,False,0.2104772905158433,0.2476574488849117,-0.037180158369068406,0.575,0.43240901909827884,False,False,False
466,15,Ob15.txt,96,0.3960485901497463,0.38083157868460027,0.10975550890522928,0.271076069779371,0.05,0.9615779178524724,True,0.40726308684434265,0.09738323558897763,0.309879851255365,0.025,1.0283159616610582,True,True,True
466,16,Ob16.txt,84,0.561541754345238,0.3538798528841143,0.20602476568667066,0.1478550871974436,0.2,0.630193302894708,True,0.07488834764371863,0.11907198717106687,-0.044183639527348245,0.6,0.1333620288504441,False,False,True
466,17,Ob17.txt,122,0.01794382292019492,0.15476610279415015,0.15164683237153334,0.00311927042261681,0.475,8.62503511556438,False,0.22747233608674977,0.16581284845861433,0.061659487628135445,0.35,12.676916011623169,True,False,True
466,18,Ob18.txt,103,0.06911962689279497,0.025282595044382114,0.0,0.025282595044382114,0.325,0.36578025925393953,False,0.2709323111500995,0.0,0.2709323111500995,0.0,3.9197594566058274,True,False,True
466,19,Ob19.txt,143,0.188278252668969,0.33663088868234464,0.1882305443001883,0.14840034438215635,0.3,1.7879435564669777,True,0.4090415870117627,0.2277424984767606,0.1812990885350021,0.3,2.172537620321663,True,True,True
467,1,Ob1.txt,28,0.47075617572962775,0.27273196482024586,0.2736092566706579,-0.0008772918504120208,0.5,0.5793486710982325,False,0.1538100004970305,0.2756726286717629,-0.1218626281747324,0.75,0.3267296499268214,False,False,False
467,2,Ob2.txt,43,0.7018934279997313,0.1549183465074229,0.1929109115356723,-0.03799256502824941,0.65,0.22071491244605612,False,0.1739172305275296,0.21274715701519128,-0.038829926487661676,0.525,0.2477829590500115,False,False,False
467,3,Ob3.txt,40,0.5961265280455351,0.22045685351020392,0.15813252759469235,0.06232432591551157,0.45,0.36981553938388784,False,0.09059530043656427,0.21230140047201757,-0.12170610003545329,0.875,0.15197327442143987,False,False,False
467,4,Ob4.txt,58,0.08520522263791318,0.2752826708163155,0.16817145576034961,0.10711121505596591,0.3,3.230819218513783,True,0.23404720833221546,0.24700507001208455,-0.012957861679869093,0.5,2.7468645827828997,False,False,True
467,5,Ob5.txt,93,0.30705822853464754,0.08521520312770511,0.21477676076507138,-0.12956155763736626,0.825,0.27752131422880816,False,0.5096366766234766,0.1917785575954314,0.31785811902804517,0.125,1.6597395192943696,True,False,True
467,6,Ob6.txt,112,0.31709300579173605,0.20440622124967261,0.16350343432018377,0.040902786929488844,0.425,0.6446254490517677,False,0.01263110292369235,0.2513224509195143,-0.23869134799582192,0.95,0.03983406348605604,False,False,False
467,7,Ob7.txt,33,0.35189006506243564,0.050273406815959265,0.30582628091989805,-0.2555528741039388,0.875,0.14286679792178641,False,0.37730742380074134,0.2954657589426447,0.08184166485809663,0.35,1.0722309643319878,True,False,True
467,8,Ob8.txt,84,0.5812553088278237,0.15983648469926845,0.228843535682304,-0.06900705098303556,0.625,0.27498498899149726,False,0.09361513287996866,0.4017489401483694,-0.3081338072684008,0.85,0.16105682211962183,False,False,False
467,9,Ob9.txt,37,0.29358944398182557,0.5069296721739118,0.2153710628967197,0.2915586092771921,0.2,1.726661780814207,True,0.3692893613248433,0.24283859278767325,0.12645076853717005,0.325,1.2578427763489477,True,True,True
467,10,Ob10.txt,36,0.17554586693775265,0.3862479039259214,0.20908907618737302,0.17715882773854838,0.275,2.2002677172848633,True,0.3460142979092983,0.2646410986136294,0.08137319929566889,0.4,1.9710763001443523,False,False,True
467,11,Ob11.txt,119,0.18404465556279348,0.18250699716450036,0.1537244542213676,0.02878254294313276,0.45,0.9916451885354068,False,0.3018289158973033,0.22849182745930247,0.07333708843800085,0.35,1.6399765316430146,True,False,True
467,12,Ob12.txt,91,0.2704367577596742,0.7701921081443046,0.17016274989157906,0.6000293582527255,0.0,2.8479564483935356,True,0.376364552977546,0.14781069703892125,0.22855385593862476,0.05,1.3916915588523857,True,True,True
467,13,Ob13.txt,102,0.40703892454263124,0.6317196274750017,0.0,0.6317196274750017,0.0,1.5519882482611034,True,0.5508332208805541,0.0,0.5508332208805541,0.0,1.35326915355699,True,True,True
467,14,Ob14.txt,47,0.017220649858602735,0.25565902120967793,0.17216272223919407,0.08349629897048386,0.375,14.846072785224251,False,0.17240170355229234,0.19394843831301073,-0.02154673476071839,0.6,10.011335516828215,False,False,False
467,15,Ob15.txt,96,0.48395200578631564,0.43080161350718243,0.17834051833565528,0.25246109517152715,0.075,0.8901742494221602,True,0.5518450925326934,0.3156606905088363,0.23618440202385715,0.3,1.140288883886464,True,True,True
467,16,Ob16.txt,84,0.06729724373894003,0.07923361462853934,0.26245450725208025,-0.1832208926235409,0.85,1.177367901364623,False,0.19002678335099255,0.25374887969746385,-0.0637220963464713,0.65,2.82369340545574,False,False,False
467,17,Ob17.txt,122,0.07351035966213998,0.3567454172240444,0.1604505865543242,0.1962948306697202,0.2,4.852995126995398,True,0.20659501736109567,0.17440173044006785,0.032193286921027825,0.45,2.81042044020223,False,False,True
467,18,Ob18.txt,103,0.17782892592575514,0.21150133729736192,0.0,0.21150133729736192,0.05,1.1893528355767344,True,0.30314114281511284,0.0,0.30314114281511284,0.05,1.7046784781328346,True,True,True
467,19,Ob19.txt,143,0.19613022387632634,0.3589234927186425,0.1990553751654638,0.1598681175531787,0.35,1.8300264264469945,True,0.19996382045382147,0.15401362759393852,0.04595019285988294,0.4,1.0195461795827678,False,False,True
468,1,Ob1.txt,28,0.07280957469628438,0.4874697015803356,0.2490321088013792,0.2384375927789564,0.1,6.695131836901282,True,0.024909501346835797,0.291165825135286,-0.2662563237884502,0.975,0.34211848442656784,False,False,True
468,2,Ob2.txt,43,0.05321642837927404,0.19440803022693837,0.2089178119585957,-0.014509781731657345,0.525,3.6531581721604898,False,0.1903593449700047,0.25221427228247195,-0.06185492731246725,0.6,3.5770785595251087,False,False,False
468,3,Ob3.txt,40,0.10790686604896002,0.22138766709110058,0.32865550808570665,-0.10726784099460607,0.675,2.0516550540041774,False,0.43652480009962313,0.29829303033911997,0.13823176976050316,0.175,4.045384840493477,True,False,True
468,4,Ob4.txt,58,0.0030751053222673463,0.40929762358949584,0.1915525352810487,0.21774508830844713,0.175,133.1003594009298,True,0.16754021035430178,0.23879873210957192,-0.07125852175527014,0.625,54.48275515674712,False,False,True
468,5,Ob5.txt,93,0.21977118306764964,0.8782976740089353,0.18375706429333077,0.6945406097156046,0.0,3.996418737658517,True,0.7526944009769075,0.22260946238487755,0.53008493859203,0.0,3.424900346216975,True,True,True
468,6,Ob6.txt,112,0.17349865291615169,0.19799368544888263,0.16295852855202142,0.03503515689686121,0.425,1.1411828398723585,False,0.007459837172194755,0.20635059097281133,-0.19889075380061658,0.975,0.042996513499156334,False,False,False
468,7,Ob7.txt,33,0.5881417097476784,0.06133747039602716,0.26229832663585806,-0.2009608562398309,0.925,0.10429029157333843,False,0.025695437567554436,0.3612586487289982,-0.3355632111614438,0.95,0.04368919452860801,False,False,False
468,8,Ob8.txt,84,0.08375739886620573,0.4450098027334551,0.14084108154937636,0.3041687211840787,0.05,5.313080501035077,True,0.6095587291415439,0.1471032905443746,0.46245543859716925,0.0,7.2776702403957705,True,True,True
468,9,Ob9.txt,37,0.610562335839758,0.5464184470620417,0.27068588331395366,0.275732563748088,0.175,0.8949429320930944,True,0.304558115451044,0.3858368844023394,-0.08127876895129538,0.625,0.49881575978996384,False,False,True
468,10,Ob10.txt,36,0.7004715870254334,0.2564085982069479,0.21881193442827535,0.037596663778672545,0.425,0.36605139017242955,False,0.1298491382362723,0.19672378309462085,-0.06687464485834854,0.675,0.1853738833114977,False,False,False
468,11,Ob11.txt,119,0.14314490617334596,0.389203758409942,0.2018313390938788,0.1873724193160632,0.125,2.718949411574751,True,0.41110350445551314,0.19083559553659868,0.22026790891891446,0.075,2.8719394594291328,True,True,True
468,12,Ob12.txt,91,0.5429603059968231,0.02715800356435094,0.3149622899857615,-0.28780428642141054,0.95,0.05001839593870762,False,0.15752310450746093,0.1983763662149478,-0.040853261707486876,0.625,0.2901190064313516,False,False,False
468,13,Ob13.txt,102,0.040570952603120214,0.4300454193307786,0.19081480266513684,0.23923061666564177,0.1,10.599835393012311,True,0.17972227149587014,0.1657508577227958,0.013971413773074343,0.4,4.4298262664418715,False,False,True
468,14,Ob14.txt,47,0.2750408264103664,0.0014817893078655775,0.24175880807658237,-0.2402770187687168,1.0,0.005387524925680372,False,0.16442369349599983,0.30438945744434986,-0.13996576394835003,0.7,0.5978155884780407,False,False,False
468,15,Ob15.txt,96,0.476976495587423,0.016374159236692318,0.3425391835212593,-0.32616502428456695,1.0,0.034329069436695475,False,0.20100299131128307,0.27001516898178446,-0.06901217767050138,0.65,0.42141068411292837,False,False,False
468,16,Ob16.txt,84,0.48633534425602365,0.433991386458625,0.12599319576663248,0.3079981906919925,0.1,0.8923706483281154,True,0.38022401323643173,0.23691624924201493,0.1433077639944168,0.125,0.7818144778642054,True,True,True
468,17,Ob17.txt,122,0.5503313388298919,0.25291750118461565,0.14134095487579187,0.11157654630882377,0.225,0.4595731395605525,True,0.17234441753709395,0.1524304245212449,0.019913993015849063,0.425,0.3131648252188048,False,False,True
468,18,Ob18.txt,103,0.6770786796070911,0.7254809344940352,0.0,0.7254809344940352,0.0,1.0714868985610828,True,0.7189726057202704,0.111223701398659,0.6077489043216114,0.0,1.0618745315352278,True,True,True
468,19,Ob19.txt,143,0.08450054391524622,0.049248792632208466,0.10366564707861012,-0.05441685444640165,0.725,0.5828221967612995,False,0.07667423430262674,0.14448974998829486,-0.06781551568566813,0.825,0.9073815475025906,False,False,False
469,1,Ob1.txt,28,0.08379208830028093,0.3102648911070205,0.22818623727285503,0.08207865383416546,0.4,3.702794588376195,False,0.2468390977834479,0.22970098347862702,0.017138114304820873,0.45,2.9458520821066627,False,False,False
469,2,Ob2.txt,43,0.2947826164210582,0.09216664542024236,0.28971384316635707,-0.1975471977461147,0.825,0.3126597034086787,False,0.28085034600664166,0.2559065883930845,0.02494375761355716,0.45,0.9527371370009278,False,False,False
469,3,Ob3.txt,40,0.14038822091914324,0.4505613970518816,0.1824912324586542,0.2680701645932274,0.125,3.2093960170019034,True,0.19956675676492638,0.26594177888361015,-0.06637502211868376,0.65,1.4215349084013758,False,False,True
469,4,Ob4.txt,58,0.00080038336280569,0.11593111023068625,0.19080090108661593,-0.07486979085592968,0.725,144.84447780660702,False,0.06043473168031144,0.24513444243541643,-0.184699710755105,0.9,75.5072312703522,False,False,False
469,5,Ob5.txt,93,0.4975991505751644,0.3990842220821066,0.11796009618405529,0.2811241258980513,0.075,0.8020195002761028,True,0.41407473680296936,0.17729717952587187,0.23677755727709748,0.075,0.8321451841795732,True,True,True
469,6,Ob6.txt,112,0.3589397454060418,0.2926617877424974,0.1250608438780333,0.1676009438644641,0.125,0.8153507419787991,True,0.03664182769957308,0.15566841979628587,-0.11902659209671279,0.875,0.10208350612753378,False,False,True
469,7,Ob7.txt,33,0.7535511396910595,0.5660939622964096,0.3118213842171941,0.25427257807921555,0.125,0.7512349626708766,True,0.5801415407293458,0.171569127934233,0.40857241279511275,0.075,0.7698768008859915,True,True,True
469,8,Ob8.txt,84,0.13343590470859396,0.5268653166770672,0.2591808498430219,0.26768446683404523,0.225,3.948452388640599,True,0.23612395225798394,0.2846549691089353,-0.04853101685095135,0.6,1.7695683389987638,False,False,True
469,9,Ob9.txt,37,0.03568298190036323,0.005347396225727913,0.36694064461783676,-0.3615932483921088,1.0,0.14985844626604705,False,0.1352593742792934,0.33840105858503267,-0.20314168430573926,0.775,3.7905849532691818,False,False,False
469,10,Ob10.txt,36,0.10635642318699212,0.3180375318956537,0.2110933201388354,0.10694421175681831,0.275,2.9902992444235483,True,0.28834878830175303,0.19883151592735582,0.08951727237439722,0.325,2.711155374177903,True,True,True
469,11,Ob11.txt,119,0.2978464244022291,0.18471677324383162,0.1952761648198194,-0.010559391575987787,0.525,0.6201745534281767,False,0.03550723761878777,0.1716045895845373,-0.13609735196574954,0.875,0.11921324115288601,False,False,False
469,12,Ob12.txt,91,0.3719760475938044,0.14398783896304654,0.17543873646371227,-0.031450897500665737,0.575,0.3870890071940341,False,0.6096075449866902,0.17047016672946003,0.4391373782572302,0.0,1.6388354812898542,True,False,True
469,13,Ob13.txt,102,0.04825931657485398,0.4268215336678061,0.0,0.4268215336678061,0.0,8.844334399260969,True,0.64591392548217,0.0,0.64591392548217,0.0,13.384232751831595,True,True,True
469,14,Ob14.txt,47,0.003035572987315438,0.016506765504384208,0.25564873328136345,-0.23914196777697924,0.975,5.437775857592624,False,0.3298400756573934,0.23084725948685442,0.09899281617053896,0.325,108.65825893025,True,False,True
469,15,Ob15.txt,96,0.040425291183477416,0.04705939455162082,0.03287031358048087,0.014189080971139953,0.425,1.1641077447787165,False,0.0033410493634012384,0.07110750481110562,-0.06776645544770438,0.925,0.08264750272885577,False,False,False
469,16,Ob16.txt,84,0.05157747642859864,0.34552036510701206,0.17961513420402891,0.16590523090298315,0.2,6.699055266601376,True,0.3236852177202479,0.1996546251848898,0.12403059253535809,0.375,6.275708703358956,False,False,True
469,17,Ob17.txt,122,0.5807585318480392,0.29781942507988507,0.18132696059672726,0.11649246448315781,0.3,0.512811106075687,True,0.023901981484387158,0.15427829425006723,-0.13037631276568007,0.9,0.04115648789235753,False,False,True
469,18,Ob18.txt,103,0.23405641709014713,0.21291081781043605,0.017648836448213967,0.1952619813622221,0.025,0.9096559729376409,True,0.09961605883067008,0.029260844266080666,0.07035521456458942,0.05,0.4256070398287898,True,True,True
469,19,Ob19.txt,143,0.17292829508827068,0.09765534082866628,0.09852959225177646,-0.0008742514231101783,0.525,0.5647158018808803,False,0.29509660998036047,0.1544173712415558,0.14067923873880467,0.225,1.706468046942401,True,False,True
470,1,Ob1.txt,28,0.31450303654547984,0.00015452926497548647,0.22027664769628658,-0.22012211843131108,1.0,0.0004913442702265935,False,0.1193884931657374,0.2581025421719146,-0.13871404900617718,0.725,0.379609985573137,False,False,False
470,2,Ob2.txt,43,0.8085483001950906,0.6161507496063148,0.2615665508363364,0.3545841987699784,0.1,0.7620456928270665,True,0.7390045319455416,0.2972071877783614,0.4417973441671802,0.075,0.9139893458031275,True,True,True
470,3,Ob3.txt,40,0.5664421700975737,0.04625565297191381,0.2687136404260648,-0.22245798745415102,0.925,0.08165997415754894,False,0.06310196689853964,0.2729125820881435,-0.20981061518960387,0.825,0.11140054577446075,False,False,False
470,4,Ob4.txt,58,0.04489609395115385,0.35873511276742964,0.2067599988039727,0.15197511396345695,0.25,7.990341279081584,True,0.17632195851417942,0.23985684054303036,-0.06353488202885094,0.625,3.9273340506195167,False,False,True
470,5,Ob5.txt,93,0.3426812041714675,0.5690124936752031,0.20720713781843175,0.36180535585677137,0.05,1.6604718518220396,True,0.41515781027101467,0.21936433816056855,0.19579347211044612,0.15,1.211498632598717,True,True,True
470,6,Ob6.txt,112,0.25221371605778986,0.2565620675475885,0.1529297892774956,0.10363227827009289,0.325,1.0172407415336693,True,0.3244205315173554,0.18122603063641826,0.14319450088093713,0.275,1.2862921834236039,True,True,True
470,7,Ob7.txt,33,0.7256520476131777,0.29155636449156946,0.36312877385864056,-0.0715724093670711,0.675,0.40178535353212286,False,0.06248299356955972,0.25062218757797117,-0.18813919400841145,0.9,0.08610599773690357,False,False,False
470,8,Ob8.txt,84,0.21359795597474632,0.5076467725525632,0.19407614193150546,0.3135706306210577,0.125,2.3766462101003545,True,0.8126734313862269,0.32262300379731423,0.4900504275889127,0.025,3.8046873046028087,True,True,True
470,9,Ob9.txt,37,0.8300434034755664,0.007567071957708976,0.22121152442587438,-0.2136444524681654,1.0,0.009116477434823352,False,0.10996651394518281,0.21179700133087032,-0.10183048738568751,0.8,0.13248284786642467,False,False,False
470,10,Ob10.txt,36,0.9655010116515526,0.5324791525998591,0.2690070638649348,0.26347208873492434,0.125,0.5515055356482939,True,0.5894819800892419,0.21492140675109883,0.3745605733381431,0.075,0.6105451708236892,True,True,True
470,11,Ob11.txt,119,0.3008485252139813,0.40502796427812626,0.20484090279269151,0.20018706148543475,0.025,1.3462853573573157,True,0.06263690935604554,0.17687075017333415,-0.1142338408172886,0.725,0.20820081903839968,False,False,True
470,12,Ob12.txt,91,0.2823123776064569,0.33867862496149626,0.11250657809422729,0.22617204686726897,0.025,1.1996591429427648,True,0.24342124076258817,0.15179751026389357,0.0916237304986946,0.225,0.8622407661555566,True,True,True
470,13,Ob13.txt,102,0.27825841346030233,0.17839294860699723,0.0,0.17839294860699723,0.075,0.6411053178539293,True,0.003203271255625084,0.0,0.003203271255625084,0.15,0.011511857685776958,False,False,True
470,14,Ob14.txt,47,0.18043121734056114,0.30144776612066404,0.2591799881321256,0.042267777988538424,0.475,1.6707073784892004,False,0.13753441771137098,0.24028576918751982,-0.10275135147614883,0.65,0.7622540031516658,False,False,False
470,15,Ob15.txt,96,0.12799676994469628,0.13685422110204257,0.3296638398376473,-0.19280961873560473,0.8,1.0692005834301392,False,0.25053982172426664,0.15329717099689544,0.0972426507273712,0.3,1.957391751624027,True,False,True
470,16,Ob16.txt,84,0.7329288992489911,0.9409090419420807,0.21073081605833585,0.7301782258837448,0.0,1.2837657826102917,True,0.7712130796204497,0.18162232586141944,0.5895907537590303,0.025,1.05223450789113,True,True,True
470,17,Ob17.txt,122,0.29266901357520114,0.19273183339258537,0.17182842155259836,0.020903411839987007,0.375,0.6585317353490961,False,0.2858376929829617,0.18686846017224312,0.09896923281071857,0.2,0.9766585450615729,True,False,True
470,18,Ob18.txt,103,0.005285246885852107,0.44472251689660336,0.2844364238058404,0.16028609309076297,0.275,84.14413299917275,True,0.41939103334812206,0.2978791217169714,0.12151191163115066,0.175,79.35126634685227,True,True,True
470,19,Ob19.txt,143,0.02637126430904872,0.2629457407563451,0.08524283859004386,0.17770290216630122,0.05,9.970919015290482,True,0.11326019855672059,0.11068639551566299,0.0025738030410576013,0.45,4.294833847532211,False,False,True
471,1,Ob1.txt,28,0.0036240648767643657,0.1633003365566934,0.2587163393821852,-0.09541600282549179,0.625,45.05999260766299,False,0.06724264372913727,0.25853630146368733,-0.19129365773455007,0.8,18.554481229147527,False,False,False
471,2,Ob2.txt,43,0.3691670210164439,1.1409460705501528,0.15106673085114752,0.9898793396990053,0.0,3.0905958701531238,True,0.6857166457817225,0.19801251707958467,0.48770412870213786,0.025,1.8574699438040498,True,True,True
471,3,Ob3.txt,40,0.026150631344023623,0.2496503071778861,0.22511862724978998,0.02453167992809613,0.425,9.546626385176753,False,0.2991383812640729,0.2289777628464335,0.07016061841763938,0.4,11.439050068381503,False,False,False
471,4,Ob4.txt,58,0.16732969267364628,0.0907445294990939,0.2084937465869578,-0.1177492170878639,0.85,0.5423097840505732,False,0.06387563952991826,0.27286294411314177,-0.2089873045832235,0.85,0.381735234848599,False,False,False
471,5,Ob5.txt,93,0.4547609837882744,0.16211624344619824,0.2145444935739288,-0.05242825012773056,0.625,0.35648670230178675,False,0.37042348104236134,0.14987763362251136,0.22054584741984998,0.2,0.8145454299017469,True,False,True
471,6,Ob6.txt,112,0.13333885621563296,0.3778489717175403,0.15316457329163968,0.2246843984259006,0.2,2.8337499093774317,True,0.18711356120168432,0.17521692760014673,0.011896633601537587,0.425,1.40329358232298,False,False,True
471,7,Ob7.txt,33,0.7432010612903238,0.14627025749741093,0.36058491640378537,-0.21431465890637444,0.825,0.19681115261523013,False,0.41907103813791624,0.46570558308895427,-0.046634544951038026,0.55,0.5638730351250272,False,False,False
471,8,Ob8.txt,84,0.45504020519026345,0.32205933653410734,0.21135457313477546,0.11070476339933188,0.275,0.7077601778054896,True,0.3876332649550542,0.2045613925423151,0.1830718724127391,0.3,0.8518659681796145,True,True,True
471,9,Ob9.txt,37,0.1862720408878793,0.42190382292074347,0.39583394847092984,0.026069874449813624,0.475,2.2649873857059175,False,0.9582075788749408,0.3656989600257237,0.592508618849217,0.075,5.144129920451691,True,False,True
471,10,Ob10.txt,36,0.5504268759725143,0.8015043947218277,0.3569081038438703,0.4445962908779574,0.025,1.4561505437133688,True,0.7034694282269793,0.2926192742677247,0.4108501539592546,0.025,1.2780433858431492,True,True,True
471,11,Ob11.txt,119,0.17618855261699262,0.32064129530433616,0.11753773009743398,0.20310356520690218,0.2,1.8198758690149526,True,0.041956798897744896,0.1715360439645279,-0.129579245066783,0.85,0.23813578279942316,False,False,True
471,12,Ob12.txt,91,0.27296982214347554,0.014677454532210282,0.2908816446819884,-0.27620419014977815,1.0,0.053769513483053345,False,0.10188264501177852,0.27899143174624047,-0.17710878673446195,0.85,0.3732377601734599,False,False,False
471,13,Ob13.txt,102,0.10986899031905606,0.01828309597417608,0.0,0.01828309597417608,0.0,0.16640815503157488,False,0.14091905875483535,0.0,0.14091905875483535,0.0,1.282609937031467,True,False,True
471,14,Ob14.txt,47,0.262531159704115,0.37325856473267016,0.2791370136543744,0.09412155107829578,0.3,1.4217686203548188,True,0.2626805352000544,0.28258840561655457,-0.019907870416500162,0.55,1.000568981968113,False,False,True
471,15,Ob15.txt,96,0.1562610248215836,0.33098984563160083,0.34444895511862217,-0.013459109487021337,0.525,2.118185555288146,False,0.1303754597850883,0.2363962433157153,-0.106020783530627,0.625,0.8343440722595347,False,False,False
471,16,Ob16.txt,84,0.15707719320154176,0.09230939669828186,0.22841938026488656,-0.1361099835666047,0.8,0.5876689977509467,False,0.07891927290307248,0.26425290068578633,-0.18533362778271384,0.875,0.5024234982465797,False,False,False
471,17,Ob17.txt,122,0.30958479826362867,0.3521296409776241,0.1553209803430579,0.1968086606345662,0.175,1.1374254903749057,True,0.5846424166812667,0.14772681548832914,0.4369156011929376,0.025,1.8884726251429542,True,True,True
471,18,Ob18.txt,103,0.12536932665734926,0.24583536334664036,0.07448916506775305,0.1713461982788873,0.3,1.9608892374331761,True,0.07906741652531059,0.23550151002737751,-0.15643409350206694,0.75,0.630675928741423,False,False,True
471,19,Ob19.txt,143,0.21616458057037838,0.29072228072851053,0.14308786869799223,0.1476344120305183,0.2,1.3449117332793465,True,0.07166235384674596,0.21123579247718613,-0.13957343863044017,0.85,0.33151755786103126,False,False,True
472,1,Ob1.txt,28,0.20598385541375383,0.7767453312073471,0.25401959772197785,0.5227257334853692,0.0,3.7709039363649213,True,0.5110982234725625,0.17192036839145158,0.3391778550811109,0.15,2.481253797516967,True,True,True
472,2,Ob2.txt,43,0.5256926417706327,0.8644991953426124,0.1912889698733769,0.6732102254692356,0.0,1.6444955220046735,True,0.3603993598266589,0.22647375773026263,0.13392560209639626,0.3,0.6855704858503733,True,True,True
472,3,Ob3.txt,40,0.5148498750016046,0.09460120501615205,0.23276381382350664,-0.1381626088073546,0.75,0.18374522284939315,False,0.27245949089289634,0.2201012086852948,0.052358282207601525,0.35,0.5292018200296682,True,False,True
472,4,Ob4.txt,58,0.07879957249866931,0.019567534301125095,0.20497708142260912,-0.18540954712148403,0.975,0.24832031038563732,False,0.2659739808218023,0.18949702677589747,0.07647695404590482,0.35,3.3753226367604188,True,False,True
472,5,Ob5.txt,93,0.3404010054555698,0.19403221227770187,0.16961596250388206,0.024416249773819815,0.425,0.570010690826316,False,0.15547690407427978,0.14256247953122406,0.01291442454305572,0.475,0.4567463126796584,False,False,False
472,6,Ob6.txt,112,0.09573941293537441,0.32106412021634156,0.16466230274169547,0.1564018174746461,0.175,3.353520878941098,True,0.44609619672309014,0.21158125534781363,0.2345149413752765,0.05,4.659483310433624,True,True,True
472,7,Ob7.txt,33,0.017475313797565672,0.0004508990840763616,0.22622681206129108,-0.22577591297721472,1.0,0.02580205936783649,False,0.05828304197752973,0.31896821727285785,-0.2606851752953281,0.85,3.335164258146175,False,False,False
472,8,Ob8.txt,84,0.473345104991376,0.2829793493277752,0.16737703340676158,0.11560231592101361,0.25,0.5978288279392492,True,0.27184720146945834,0.16611145826596327,0.10573574320349508,0.275,0.5743107905899042,True,True,True
472,9,Ob9.txt,37,0.4479461912645945,0.19467280812181675,0.21842271576230754,-0.023749907640490786,0.55,0.4345897161715718,False,0.21083496552186748,0.35682686839530664,-0.14599190287343916,0.625,0.4706702939624521,False,False,False
472,10,Ob10.txt,36,0.26612012239299365,0.022804647381357013,0.2383648649607526,-0.21556021757939559,0.975,0.085693059120423,False,0.008564709959749506,0.22750269378559218,-0.21893798382584267,1.0,0.03218362400683683,False,False,False
472,11,Ob11.txt,119,0.4745081319712283,0.5627643489993197,0.12277833280813395,0.43998601619118577,0.0,1.1859951623198794,True,0.5915546598903737,0.21315482307876185,0.3783998368116118,0.0,1.2466691717861698,True,True,True
472,12,Ob12.txt,91,0.06568263721208392,0.11343432402880041,0.20968965630717223,-0.09625533227837182,0.725,1.727006235491583,False,0.03582030775489911,0.19885666124386317,-0.16303635348896406,0.9,0.5453542865405698,False,False,False
472,13,Ob13.txt,102,0.07633045465798811,0.2277900321453238,0.0,0.2277900321453238,0.0,2.9842614349145005,True,0.21447934382528128,0.0,0.21447934382528128,0.0,2.80987902910173,True,True,True
472,14,Ob14.txt,47,0.6005414598719119,0.15825110191093195,0.27665131288581507,-0.11840021097488312,0.7,0.26351403272754054,False,0.04924403721763898,0.2874640972072451,-0.2382200599896061,0.975,0.08199939639161988,False,False,False
472,15,Ob15.txt,96,0.07550645608569079,0.32070830662597877,0.29318236364769323,0.027525942978285534,0.45,4.2474289385534565,False,0.3125511222509546,0.17995113334191717,0.13259998890903743,0.175,4.139395999412905,True,False,True
472,16,Ob16.txt,84,0.20872252223900958,0.10545899365376271,0.21147271372752952,-0.1060137200737668,0.675,0.5052592912469738,False,0.10905721298601911,0.17546921956596584,-0.06641200657994673,0.65,0.5224985392862249,False,False,False
472,17,Ob17.txt,122,0.047923419831017444,0.10920146523398178,0.19157839532408155,-0.08237693009009978,0.575,2.2786659553728965,False,0.13293448949760814,0.18975593135256394,-0.0568214418549558,0.6,2.773894057776925,False,False,False
472,18,Ob18.txt,103,0.3842811908298126,0.5709963033127403,0.0,0.5709963033127403,0.0,1.4858814767377428,True,0.3526984885466937,0.0,0.3526984885466937,0.0,0.9178135619520708,True,True,True
472,19,Ob19.txt,143,0.4480963305928054,0.5639653896005995,0.24459755680587864,0.31936783279472086,0.0,1.2585806914653956,True,0.45952951593801006,0.128892960237281,0.33063655570072903,0.05,1.025515016670811,True,True,True
473,1,Ob1.txt,28,0.9410139795581074,0.21107072999138188,0.2253351936036276,-0.014264463612245731,0.55,0.22430137551250726,False,0.7170600295433756,0.28742570285607916,0.4296343266872964,0.025,0.7620078395435753,True,False,True
473,2,Ob2.txt,43,0.37105156859034094,0.09193414968705159,0.2953062775537427,-0.20337212786669112,0.875,0.2477665032823278,False,0.22169278715323207,0.27980454403038957,-0.0581117568771575,0.65,0.5974716344562654,False,False,False
473,3,Ob3.txt,40,0.5538091877224343,0.6873683852125169,0.23950150664733239,0.4478668785651845,0.075,1.2411646474110531,True,0.7099022950290447,0.2707247514223567,0.439177543606688,0.1,1.281853589227276,True,True,True
473,4,Ob4.txt,58,0.3266814868711407,0.491609016149139,0.1353009368274457,0.3563080793216933,0.025,1.5048572873156227,True,0.34243163532771376,0.19867228315237712,0.14375935217533664,0.375,1.048212552867392,False,False,True
473,5,Ob5.txt,93,0.023440607914190614,0.05444265070664611,0.24376790644185922,-0.1893252557352131,0.95,2.3225784461710695,False,0.06556377681346376,0.19577917330163427,-0.13021539648817052,0.85,2.7970169141292778,False,False,False
473,6,Ob6.txt,112,0.1171116329084469,0.35654923702074093,0.18537032002900494,0.17117891699173599,0.2,3.044524511919978,True,0.09979116525030493,0.23262291843880584,-0.1328317531885009,0.775,0.8521029275402351,False,False,True
473,7,Ob7.txt,33,0.9671155520015222,0.25694378970036885,0.37208720943996304,-0.11514341973959419,0.6,0.26568054786070117,False,0.17266483250173548,0.2875199726309538,-0.11485514012921832,0.75,0.1785358865798321,False,False,False
473,8,Ob8.txt,84,0.13467458438074678,0.05122339318048502,0.1938968700858717,-0.14267347690538668,0.85,0.38034936893265786,False,0.2296278681266154,0.3066581417777174,-0.07703027365110199,0.525,1.7050571879057772,False,False,False
473,9,Ob9.txt,37,0.6511321846162565,0.22335280688497383,0.28746428875274355,-0.06411148186776972,0.675,0.34302221908537106,False,0.1702180123431901,0.3085380886864282,-0.1383200763432381,0.7,0.2614185204859866,False,False,False
473,10,Ob10.txt,36,0.7497308681371779,0.22177479302360084,0.28725345496116333,-0.0654786619375625,0.55,0.29580587174519646,False,0.2601405417519949,0.2329006158983539,0.027239925853641017,0.475,0.3469785663198772,False,False,False
473,11,Ob11.txt,119,0.38952839566965025,0.16483692285203155,0.195263520846078,-0.030426597994046456,0.65,0.4231704920219111,False,0.16580612136800685,0.18296152221051623,-0.017155400842509383,0.55,0.42565862517664327,False,False,False
473,12,Ob12.txt,91,0.432481078964997,0.3714706008949855,0.2644994139097747,0.1069711869852108,0.275,0.858929139244611,True,0.041324726935427214,0.19480641024456027,-0.15348168330913306,0.9,0.09555268182905141,False,False,True
473,13,Ob13.txt,102,0.10448259858743257,0.13221816617128007,0.171186816276753,-0.03896865010547293,0.65,1.2654563339620422,False,0.31365422128643705,0.15538154371588858,0.15827267757054847,0.2,3.001975692861109,True,False,True
473,14,Ob14.txt,47,0.650047188451661,0.3190631963822149,0.2083431659944251,0.11072003038778983,0.275,0.4908308228240898,True,0.6528104068031992,0.24370504124788697,0.4091053655553123,0.05,1.0042507965585081,True,True,True
473,15,Ob15.txt,96,0.49462846057145715,0.4434861656919046,0.22696713209828126,0.21651903359362332,0.175,0.8966046255800434,True,0.4073137197673049,0.21279747984766606,0.19451623991963884,0.225,0.8234740865835435,True,True,True
473,16,Ob16.txt,84,0.08746143818350527,0.3008622533430013,0.26989265767441917,0.03096959566858215,0.475,3.439941757094754,False,0.16247473519397104,0.22575962388769322,-0.06328488869372217,0.525,1.8576728049346536,False,False,False
473,17,Ob17.txt,122,0.5297106179601314,0.41527588632210943,0.15016622031026683,0.2651096660118426,0.025,0.7839674574040068,True,0.4466662922439674,0.16716541370894403,0.27950087853502337,0.05,0.8432269943238814,True,True,True
473,18,Ob18.txt,103,0.11113035230010535,0.02491666464474379,0.04047533905290962,-0.015558674408165829,0.55,0.22421115499982242,False,0.14212988133451937,0.20696491942972284,-0.06483503809520347,0.55,1.2789474557832805,False,False,False
473,19,Ob19.txt,143,0.057004814873622564,0.03801446606552614,0.03281408155828561,0.00520038450724053,0.45,0.6668641262988524,False,0.01103072085606771,0.06845747206157513,-0.057426751205507415,0.85,0.19350507287011431,False,False,False
474,1,Ob1.txt,28,0.14275811063236576,0.05511637781934692,0.2942355347375782,-0.23911915691823127,0.925,0.38608228685012497,False,0.07827208246930867,0.24931683572792016,-0.1710447532586115,0.825,0.5482846622345464,False,False,False
474,2,Ob2.txt,43,0.24035553055582803,0.46891067109922735,0.21708647860376823,0.2518241924954591,0.15,1.9509044373343936,True,0.11046701465710985,0.29505015488759634,-0.1845831402304865,0.825,0.4595983891098831,False,False,True
474,3,Ob3.txt,40,0.19572325703988502,0.4347496567350561,0.26062877632398124,0.17412088041107487,0.2,2.2212467915678595,True,0.04468972946483522,0.23294832921280034,-0.1882585997479651,0.925,0.22833121694744854,False,False,True
474,4,Ob4.txt,58,0.9371961915625221,0.52013232238837,0.25149619947468005,0.26863612291369,0.2,0.5549876611440232,True,0.3651645165620103,0.24704411863499784,0.11812039792701248,0.325,0.38963508372051414,True,True,True
474,5,Ob5.txt,93,0.1828007049895226,0.3180190751243505,0.2411538332792328,0.07686524184511773,0.25,1.7397037672397273,True,0.08361020644142468,0.15610120419978807,-0.07249099775836339,0.625,0.45738448572294554,False,False,True
474,6,Ob6.txt,112,0.4321812368820531,0.26171355217389874,0.19273557598217117,0.06897797619172757,0.3,0.6055643555051493,True,0.05887601884379309,0.21933280354691062,-0.16045678470311753,0.925,0.1362299281397563,False,False,True
474,7,Ob7.txt,33,0.00228315721481296,0.325868658341755,0.3558838560458757,-0.0300151977041207,0.6,142.7272095971064,False,0.30281455543345115,0.3082699545654693,-0.005455399132018146,0.5,132.629743352237,False,False,False
474,8,Ob8.txt,84,0.4061092491440601,0.5491613188682265,0.19960057659118197,0.34956074227704453,0.025,1.3522502135217835,True,0.3544795546675552,0.22184535480223302,0.13263419986532218,0.2,0.8728674744903676,True,True,True
474,9,Ob9.txt,37,0.18701737028906892,0.22661513567287203,0.3854589142862398,-0.15884377861336776,0.7,1.2117330883361137,False,0.22139463693242195,0.306514730532999,-0.08512009360057704,0.625,1.183818575730248,False,False,False
474,10,Ob10.txt,36,0.4675666153765816,0.182440200191807,0.159801518051642,0.022638682140165012,0.475,0.3901908181465615,False,0.29095071656444554,0.20805785074111077,0.08289286582333477,0.35,0.6222658055475404,True,False,True
474,11,Ob11.txt,119,0.19051873345380133,0.5358376593044368,0.21694264379336942,0.3188950155110674,0.025,2.8125195333317263,True,0.5921915265274051,0.21391061616665005,0.37828091036075506,0.0,3.1083112709806304,True,True,True
474,12,Ob12.txt,91,0.13863148150542082,0.1243814138448677,0.246874640024391,-0.1224932261795233,0.65,0.8972090068878337,False,0.08657764609664301,0.23061524855564863,-0.14403760245900563,0.75,0.6245164890144929,False,False,False
474,13,Ob13.txt,102,0.1801121408745694,0.021505059321022937,0.08700750042723726,-0.06550244110621432,0.65,0.11939816614582979,False,0.005584064754844242,0.21986617410856457,-0.21428210935372033,0.65,0.03100326678551337,False,False,False
474,14,Ob14.txt,47,0.683113749039941,0.3329499143543949,0.24408575909900804,0.08886415525538688,0.275,0.4874003997464961,True,0.5782441489492185,0.2170343457416372,0.3612098032075813,0.125,0.8464829609444869,True,True,True
474,15,Ob15.txt,96,0.16826645610985552,0.1316628557799684,0.41433906090586137,-0.282676205125893,0.75,0.7824664453265131,False,0.06553445030367847,0.36680912507119245,-0.301274674767514,0.925,0.3894682981906579,False,False,False
474,16,Ob16.txt,84,0.24010967919071186,0.3796984616717183,0.13208876304171752,0.24760969863000076,0.15,1.5813542500722566,True,0.2915981788969244,0.20299765359942523,0.08860052529749918,0.325,1.2144374182654951,True,True,True
474,17,Ob17.txt,122,0.12177294189575605,0.08913050399688982,0.16332945577350194,-0.07419895177661212,0.7,0.7319401388297752,False,0.18211937132920178,0.16815186636673543,0.013967504962466348,0.475,1.4955651764174787,False,False,False
474,18,Ob18.txt,103,0.2082991939837442,0.10630336144205688,1.1111241925836515,-1.0048208311415947,0.75,0.5103397637263679,False,0.09009977813405495,0.11931553141857731,-0.02921575328452236,0.525,0.43254981649658425,False,False,False
474,19,Ob19.txt,143,0.011531511062687363,0.4411210758443559,0.06017922941196158,0.3809418464323943,0.0,38.253536197150794,True,0.11339709366167483,0.06685864537355007,0.046538448288124756,0.35,9.833671671060964,True,True,True
475,1,Ob1.txt,28,0.19885720666947615,0.4985819407967338,0.28522414501958004,0.21335779577715375,0.2,2.507235966687569,True,0.6442126463423561,0.21039169633027424,0.4338209500120819,0.075,3.239574049801034,True,True,True
475,2,Ob2.txt,43,0.12596654060062565,0.19182191446658406,0.12692012157920374,0.06490179288738032,0.35,1.5228005274412635,True,0.1461515743506769,0.13195694667350596,0.014194627677170946,0.425,1.1602412327416969,False,False,True
475,3,Ob3.txt,40,0.8109152920614464,0.7038866317106702,0.2759394457748421,0.42794718593582814,0.025,0.8680149931829548,True,0.4526379154553098,0.22858100431367914,0.22405691114163065,0.2,0.5581815016765174,True,True,True
475,4,Ob4.txt,58,0.3966146295591976,0.25671542354603644,0.2136839569362942,0.04303146660974225,0.425,0.6472666523455102,False,0.5895608054353909,0.24870919222719898,0.3408516132081919,0.025,1.4864827504992342,True,False,True
475,5,Ob5.txt,93,0.21189237861131682,0.11219929712185522,0.1911592406835323,-0.07895994356167707,0.7,0.529510772672325,False,0.0545465339939209,0.23684166487868757,-0.18229513088476668,0.95,0.2574256533028869,False,False,False
475,6,Ob6.txt,112,0.5344981632952581,0.047050521474454654,0.16736646898316393,-0.12031594750870928,0.85,0.08802747082306404,False,0.26056252764738164,0.22119686778414704,0.03936565986323459,0.425,0.487490033718687,False,False,False
475,7,Ob7.txt,33,0.5129350626221036,0.13821290422274568,0.35480729268515454,-0.21659438846240886,0.75,0.2694549745073125,False,0.6314132966546763,0.3119754748162272,0.31943782183844904,0.15,1.2309809616580247,True,False,True
475,8,Ob8.txt,84,0.09043148831077563,0.3311922779889388,0.22439489942757226,0.10679737856136653,0.3,3.6623557145357144,True,0.42507131260070885,0.16022974045972993,0.2648415721409789,0.125,4.700479009478585,True,True,True
475,9,Ob9.txt,37,0.3074029413189709,0.1285278639793888,0.21980132003543618,-0.09127345605604736,0.8,0.41810876443769707,False,0.04892156273767817,0.2554049909355301,-0.20648342819785193,0.925,0.1591447450950563,False,False,False
475,10,Ob10.txt,36,0.22541406191937374,0.012150559797164132,0.30382183840415644,-0.2916712786069923,0.975,0.05390329109774062,False,0.13879128332300328,0.22455341002493176,-0.08576212670192848,0.75,0.6157170592695599,False,False,False
475,11,Ob11.txt,119,0.3139798587213535,0.4865594639445277,0.1965543585723793,0.2900051053721484,0.05,1.5496518341207766,True,0.6181730670067223,0.1743198849555515,0.44385318205117075,0.075,1.9688303240983682,True,True,True
475,12,Ob12.txt,91,0.49257617762072126,0.0931812722589335,0.19049035006059292,-0.09730907780165943,0.9,0.18917129266994748,False,0.10042127983149102,0.2102822190663453,-0.1098609392348543,0.725,0.20386954220269743,False,False,False
475,13,Ob13.txt,102,0.06328905899735707,0.17144809444902895,0.12514824067573527,0.04629985377329368,0.35,2.7089689302567854,True,0.0634523057232514,0.17817454415605666,-0.11472223843280525,0.8,1.0025793830478844,False,False,True
475,14,Ob14.txt,47,0.1481716816926162,0.099341665864209,0.2587439518980542,-0.1594022860338452,0.825,0.6704497426862874,False,0.03830807143104875,0.35265090223856355,-0.3143428308075148,0.95,0.2585384129642213,False,False,False
475,15,Ob15.txt,96,0.5760470130003035,0.2997490682123228,0.3551731075736402,-0.0554240393613174,0.55,0.5203552165839715,False,0.08806472546267663,0.3107009477633809,-0.2226362223007043,0.8,0.15287767052900286,False,False,False
475,16,Ob16.txt,84,0.06618741368748715,0.1876429926571702,0.14651642815129973,0.04112656450587046,0.425,2.8350253047075085,False,0.10202837725152464,0.15478502508161487,-0.052756647830090236,0.7,1.5415072378151147,False,False,False
475,17,Ob17.txt,122,0.39509325791117367,0.17340043456751464,0.1587272005004522,0.014673234067062446,0.45,0.43888482300171056,False,0.08906095389681923,0.21558110170498232,-0.1265201478081631,0.85,0.22541754918238124,False,False,False
475,18,Ob18.txt,103,0.09018262342770844,0.142237958437881,0.13784997995570047,0.004387978482180532,0.125,1.577221342999639,False,0.03627786331814209,0.0513129435050661,-0.01503508018692401,0.5,0.4022711021178364,False,False,False
475,19,Ob19.txt,143,0.003148186141520154,0.16723280542333407,0.13730293840507915,0.029929867018254924,0.4,53.12036769928189,False,0.12022997002100477,0.18477865214186234,-0.06454868212085757,0.7,38.19023546141072,False,False,False
476,1,Ob1.txt,28,0.31446476918740834,0.15406392640828467,0.3904326864488471,-0.23636876004056243,0.725,0.48992428247651737,False,0.36924505154697196,0.3530542686570269,0.016190782889945077,0.45,1.1742016522267928,False,False,False
476,2,Ob2.txt,43,0.2596005190428562,0.2622600915976676,0.17607597814335776,0.08618411345430985,0.325,1.0102448660912438,True,0.1701865315976392,0.22874968081208236,-0.058563149214443166,0.725,0.6555708448700902,False,False,True
476,3,Ob3.txt,40,0.4126610750045487,0.2830507707903621,0.2830653191252922,-1.4548334930086781e-05,0.5,0.685915847011357,False,0.03753245138201611,0.2085486552295807,-0.17101620384756458,0.975,0.09095224545131231,False,False,False
476,4,Ob4.txt,58,0.7075186686875775,0.17868422447196186,0.2731664154422009,-0.09448219097023902,0.675,0.2525505437240474,False,0.04365945866573839,0.350843865346361,-0.3071844066806226,0.95,0.06170785393793943,False,False,False
476,5,Ob5.txt,93,0.3647281065282521,0.19608743703393827,0.26036365791711136,-0.06427622088317309,0.575,0.5376263400713518,False,0.05304124133284767,0.18472464317428755,-0.1316834018414399,0.825,0.1454267998091314,False,False,False
476,6,Ob6.txt,112,0.2029497904913029,0.4643326080204161,0.14820034153826572,0.31613226648215037,0.075,2.2879186369020386,True,0.2713710223204089,0.1809659721435786,0.09040505017683029,0.275,1.3371337889212458,True,True,True
476,7,Ob7.txt,33,0.8954387569750742,0.24740550399720856,0.2459835911632969,0.0014219128339116593,0.5,0.27629528213965326,False,0.2750376860330714,0.22415508122327402,0.050882604809797366,0.425,0.3071541005910775,False,False,False
476,8,Ob8.txt,84,0.4483398302878744,0.5167000930708664,0.15053364246477513,0.36616645060609126,0.075,1.1524742130073489,True,0.559883531127469,0.17306890631789146,0.38681462480957757,0.05,1.2487927534075516,True,True,True
476,9,Ob9.txt,37,0.43523337047417776,0.4410624901893101,0.2922722647028754,0.14879022548643472,0.25,1.0133930900307153,True,0.5802044580130172,0.22861824589901125,0.351586212114006,0.075,1.3330881714811906,True,True,True
476,10,Ob10.txt,36,0.3108912440462902,0.21066066633322864,0.24710179243305638,-0.03644112609982775,0.625,0.6776024425501745,False,0.5550360717564787,0.26772067306039965,0.2873153986960791,0.15,1.7853062200549994,True,False,True
476,11,Ob11.txt,119,0.5186071708656731,0.23120652418445575,0.19543805052920965,0.0357684736552461,0.4,0.44582207337881496,False,0.6188835822703596,0.18116313521257632,0.43772044705778324,0.0,1.1933571632596256,True,False,True
476,12,Ob12.txt,91,0.09129631605641038,0.020845897956476706,0.2404997958520173,-0.2196538978955406,0.95,0.22833230142163013,False,0.24628990835706194,0.2595816912173248,-0.013291782860262835,0.525,2.697698209475219,False,False,False
476,13,Ob13.txt,102,0.16098591727595718,0.1781677123224768,0.0,0.1781677123224768,0.225,1.106728559474349,True,0.20002777463696192,0.0,0.20002777463696192,0.0,1.2425172215162172,True,True,True
476,14,Ob14.txt,47,0.13508024339510283,0.2927058115626764,0.20957409722171952,0.08313171434095687,0.375,2.1669031992082424,False,0.1379924142703175,0.22709121161341106,-0.08909879734309356,0.7,1.021558821645714,False,False,False
476,15,Ob15.txt,96,0.12281459406108686,0.2007003191762003,0.24180445310017762,-0.041104133923977326,0.625,1.6341732080828586,False,0.09256770666133322,0.18145937673254442,-0.0888916700712112,0.65,0.7537191110633878,False,False,False
476,16,Ob16.txt,84,0.424935413644846,0.20983852756379878,0.22276702342007298,-0.012928495856274203,0.55,0.4938127555995565,False,0.24889991206612477,0.2813308991708374,-0.03243098710471265,0.575,0.5857358649664139,False,False,False
476,17,Ob17.txt,122,0.12602968854885993,0.08431757262238768,0.15905202719546027,-0.0747344545730726,0.7,0.669029445309618,False,0.08786242750277473,0.12129768218675917,-0.033435254683984436,0.625,0.6971565867887685,False,False,False
476,18,Ob18.txt,103,0.2358142525819112,0.13920145989193738,0.1553522034446999,-0.016150743552762525,0.75,0.5903013001454825,False,0.009389828168669762,0.16600768121830212,-0.15661785304963236,0.775,0.03981874745000055,False,False,False
476,19,Ob19.txt,143,0.34729066259512864,0.13863916518775174,0.18476547448799394,-0.046126309300242196,0.65,0.3992021097019163,False,0.1378695403879448,0.09489564224732067,0.042973898140624134,0.325,0.39698602708669156,True,False,True
477,1,Ob1.txt,28,0.07261828557813532,0.3044465941580913,0.20836704461784486,0.09607954954024642,0.375,4.192423323331076,False,0.005816423613317301,0.2418299677715557,-0.2360135441582384,1.0,0.08009585419169646,False,False,False
477,2,Ob2.txt,43,0.15515974105073516,0.10287553756009946,0.15648248160018316,-0.053606944040083704,0.675,0.6630298353389268,False,0.09902883441023125,0.2206260969282129,-0.12159726251798164,0.85,0.6382379458718621,False,False,False
477,3,Ob3.txt,40,0.455416277551931,0.1486865088276754,0.2292600271677689,-0.08057351834009349,0.7,0.3264848363060996,False,0.0029614697876453877,0.17875518954846184,-0.17579371976081645,1.0,0.0065027754465971895,False,False,False
477,4,Ob4.txt,58,0.3919376659117635,0.14615583776029625,0.2167953994120438,-0.07063956165174753,0.6,0.37290582271620754,False,0.05963359020587575,0.21658622866809268,-0.15695263846221694,0.775,0.15215069995161168,False,False,False
477,5,Ob5.txt,93,0.22731778004396047,0.12584847210730848,0.18338771764524536,-0.05753924553793688,0.6,0.5536235312652223,False,0.07265905268284399,0.14293811143453503,-0.07027905875169103,0.8,0.3196364695660525,False,False,False
477,6,Ob6.txt,112,0.13338165260269363,0.18171831715774833,0.16998912690414228,0.011729190253606053,0.475,1.362393654688295,False,0.08740697627503513,0.15877818020436082,-0.0713712039293257,0.725,0.6553148395559012,False,False,False
477,7,Ob7.txt,33,0.1879821213014593,0.12065684656325082,0.28521013748881163,-0.1645532909255608,0.75,0.6418527768912573,False,0.08144569427034964,0.21252711165300375,-0.1310814173826541,0.75,0.4332629811094561,False,False,False
477,8,Ob8.txt,84,0.0866756449154263,0.053857592931963,0.2653611612523412,-0.2115035683203782,0.85,0.6213693937266289,False,0.06807214879555673,0.18255329341122625,-0.11448114461566952,0.725,0.7853665105345116,False,False,False
477,9,Ob9.txt,37,0.3664754501998774,0.12256989313554692,0.3408772269652178,-0.2183073338296709,0.875,0.3344559453264789,False,0.5338124110950844,0.37724061081321947,0.1565718002818649,0.325,1.4566116524420412,True,False,True
477,10,Ob10.txt,36,0.0012893131919338163,0.4453546903313616,0.21150117541441416,0.23385351491694745,0.125,345.42009894693047,True,0.6667919915977336,0.2886454461020118,0.3781465454957218,0.075,517.1683620157683,True,True,True
477,11,Ob11.txt,119,0.15396352591770004,0.1341350527449151,0.17225882258162206,-0.038123769836706956,0.6,0.8712131782212881,False,0.053877655031687205,0.16750943648102143,-0.11363178144933422,0.825,0.34993778370915635,False,False,False
477,12,Ob12.txt,91,0.13860826593472983,0.5525648763289646,0.23452156717949046,0.3180433091494741,0.2,3.986521818180494,True,0.42593197629160073,0.3049643117534948,0.12096766453810592,0.325,3.072919016908924,True,True,True
477,13,Ob13.txt,102,0.061204881577802434,0.3880254141320908,0.21896886489295608,0.1690565492391347,0.15,6.339778856345642,True,0.3484949655916267,0.2048085280149728,0.1436864375766539,0.225,5.693908012037027,True,True,True
477,14,Ob14.txt,47,0.47008728673768463,0.30949322256884315,0.1972729948249563,0.11222022774388685,0.225,0.6583739473506434,True,0.3414955870187525,0.24188477234172012,0.09961081467703237,0.275,0.7264514413667006,True,True,True
477,15,Ob15.txt,96,0.39599332481715516,0.07175717394922419,0.1359481988553292,-0.064191024906105,0.7,0.18120803925762421,False,0.4480641908885074,0.11457177412246301,0.3334924167660444,0.125,1.1314943025754167,True,False,True
477,16,Ob16.txt,84,0.05826080907395276,0.1704647948630516,0.16734055062235076,0.0031242442407008464,0.5,2.9258913079403666,False,0.24763236204672104,0.1523505569372702,0.09528180510945083,0.3,4.250410627363438,True,False,True
477,17,Ob17.txt,122,0.2652136392049627,0.29674534001030256,0.1486401317376959,0.14810520827260665,0.175,1.118891701421779,True,0.15434965425580455,0.20562585694040653,-0.05127620268460198,0.575,0.5819823396658717,False,False,True
477,18,Ob18.txt,103,0.26562889746263424,0.39985411671473386,0.0,0.39985411671473386,0.0,1.5053110581501432,True,0.3960195771071433,0.0,0.3960195771071433,0.0,1.4908753561455075,True,True,True
477,19,Ob19.txt,143,0.25539798813429704,0.06511677106724684,0.1506309700585945,-0.08551419899134766,0.725,0.25496195777785924,False,0.12811399385208905,0.1252476696384452,0.002866324213643856,0.475,0.5016249140722373,False,False,False
478,1,Ob1.txt,28,0.7495834595063577,0.12474925507787982,0.30885546721205087,-0.18410621213417105,0.8,0.16642477031181308,False,0.0322819548352031,0.26523540028292164,-0.23295344544771854,1.0,0.043066525049075335,False,False,False
478,2,Ob2.txt,43,0.3501297693102997,0.2935966308885931,0.26413863611557065,0.029457994773022467,0.45,0.8385366130590154,False,0.5381390276826343,0.2158298842640419,0.3223091434185924,0.1,1.5369702174787454,True,False,True
478,3,Ob3.txt,40,0.15112947742808594,0.04790145899137388,0.24579895350740238,-0.1978974945160285,0.925,0.31695642575200134,False,0.31806649391974434,0.29270279099674434,0.025363702922999998,0.45,2.1045960016046132,False,False,False
478,4,Ob4.txt,58,0.16406510569367894,0.070548773455328,0.3149800127109016,-0.24443123925557358,0.85,0.43000474206287054,False,0.08718627019412747,0.370050376030567,-0.2828641058364395,0.9,0.5314126354016457,False,False,False
478,5,Ob5.txt,93,0.6484818162494943,0.1116476689559932,0.27750619445852537,-0.16585852550253216,0.775,0.17216777118240478,False,0.32754601007615913,0.21558189516553528,0.11196411491062386,0.375,0.5050966763733286,False,False,False
478,6,Ob6.txt,112,0.04173696416150533,0.005720422444792983,0.20016547846481247,-0.1944450560200195,0.95,0.13705890113754415,False,0.20330553567603454,0.13469862790765386,0.06860690776838069,0.325,4.87111460453433,True,False,True
478,7,Ob7.txt,33,0.6244285481091068,1.2566593538102395,0.32210743521573115,0.9345519185945084,0.025,2.0124950366469516,True,0.5538103597143668,0.22643934221295572,0.32737101750141107,0.125,0.8869074954875368,True,True,True
478,8,Ob8.txt,84,0.20230802255058233,0.6375124662731237,0.15844275483481463,0.4790697114383091,0.025,3.1511971608230653,True,0.3801470288816596,0.19588931595190395,0.18425771292975562,0.15,1.8790506876049011,True,True,True
478,9,Ob9.txt,37,0.23165460378813033,0.03039686104696953,0.31974467629419195,-0.2893478152472224,0.9,0.13121630457545444,False,0.21367426322802885,0.22524696459136795,-0.0115727013633391,0.575,0.9223829776482829,False,False,False
478,10,Ob10.txt,36,0.48781531234637865,0.6715953500498428,0.23008406800447612,0.4415112820453667,0.1,1.3767410186848934,True,0.3798592930008273,0.23264023599367412,0.1472190570071532,0.325,0.7786948941264559,True,True,True
478,11,Ob11.txt,119,0.038456138737268865,0.0010771390221220312,0.1883831628588341,-0.18730602383671208,1.0,0.028009546914759466,False,0.13988072752195949,0.15068044227473826,-0.010799714752778772,0.525,3.6374095817996768,False,False,False
478,12,Ob12.txt,91,0.2828180203507139,0.004071849735138938,0.14449772425935103,-0.1404258745242121,0.975,0.014397419690900753,False,0.04753565527994397,0.13933170325528754,-0.09179604797534358,0.825,0.16807859421756954,False,False,False
478,13,Ob13.txt,102,0.3701435697672537,0.08255386120493748,0.047249615244592036,0.03530424596034544,0.35,0.22303200149295407,False,0.03454159566561571,0.1680735773960585,-0.13353198173044278,0.6,0.0933194535497009,False,False,False
478,14,Ob14.txt,47,0.19226052104546504,0.5770536773168209,0.19293472979022308,0.3841189475265978,0.125,3.001415340907983,True,0.10742289422928178,0.23076043171757177,-0.12333753748828999,0.8,0.5587361026857866,False,False,True
478,15,Ob15.txt,96,0.11070331944684,0.5347680566403197,0.1858473651208053,0.3489206915195144,0.0,4.830641568043644,True,0.03390106160392878,0.1844506727153211,-0.1505496111113923,0.825,0.3062334695411563,False,False,True
478,16,Ob16.txt,84,0.361248348567392,0.4862455416479378,0.15588178025048688,0.33036376139745094,0.075,1.3460145730111959,True,0.5810413327937456,0.18332957685979634,0.39771175593394925,0.05,1.608426267131711,True,True,True
478,17,Ob17.txt,122,0.2770850337506023,0.2199381642954165,0.15430224201264478,0.06563592228277171,0.375,0.7937569247907401,False,0.19597092707608543,0.20087414135169582,-0.004903214275610385,0.5,0.7072591558751392,False,False,False
478,18,Ob18.txt,103,0.2826459927967115,0.3996391101448977,0.0,0.3996391101448977,0.0,1.41392101897702,True,0.1379885039464788,0.0,0.1379885039464788,0.0,0.4882025836669999,True,True,True
478,19,Ob19.txt,143,0.6528753127705208,0.2994260665396251,0.13797765297988496,0.16144841355974016,0.2,0.4586267250158231,True,0.28349326159474947,0.09447603046165232,0.18901723113309715,0.125,0.43422267016304616,True,True,True
479,1,Ob1.txt,28,0.08535783863404794,0.4351724683962413,0.22293537689281123,0.21223709150343006,0.2,5.098213302494021,True,0.4205563866775445,0.2873380318829926,0.1332183547945519,0.225,4.926980268099138,True,True,True
479,2,Ob2.txt,43,0.18971527655066284,0.23899722129533818,0.1812863871337413,0.05771083416159689,0.3,1.2597679303464777,True,0.21283563208094822,0.21338725081791407,-0.0005516187369658532,0.5,1.1218687074159321,False,False,True
479,3,Ob3.txt,40,0.6604568472428454,0.05670092262956955,0.19632539891521095,-0.1396244762856414,0.875,0.08585106334543159,False,0.4176265799931601,0.20190869436269238,0.21571788563046773,0.275,0.6323298512788402,True,False,True
479,4,Ob4.txt,58,0.5534476606210935,0.0017976557220982792,0.3852235245224177,-0.3834258688003194,1.0,0.0032481042924292114,False,0.27267397960448037,0.4133642141569126,-0.14069023455243224,0.725,0.4926825046084366,False,False,False
479,5,Ob5.txt,93,0.06475505164805426,0.08014464023059212,0.22014246375213276,-0.13999782352154064,0.85,1.2376585021687692,False,0.11603012119275888,0.16744344949388718,-0.0514133283011283,0.575,1.7918311890690202,False,False,False
479,6,Ob6.txt,112,0.605254034670554,0.17041746577938993,0.20294526149795192,-0.032527795718561986,0.575,0.28156353533793443,False,0.1152999721343661,0.16488434459288506,-0.04958437245851896,0.6,0.19049847754773755,False,False,False
479,7,Ob7.txt,33,1.0605587835177233,0.6484195719543207,0.3067282803329875,0.34169129162133316,0.05,0.611394278215871,True,0.9483455948686467,0.29125633891215486,0.6570892559564918,0.025,0.8941942772121679,True,True,True
479,8,Ob8.txt,84,0.053615178685858744,0.17617887857625045,0.19950001633517805,-0.023321137758927607,0.55,3.285988835522028,False,0.05891321444830534,0.2190582987392053,-0.16014508429089996,0.925,1.0988159676476836,False,False,False
479,9,Ob9.txt,37,0.7109813907349157,0.030593114663111,0.28837149247296134,-0.25777837780985036,0.975,0.04302941689020581,False,0.10233192679352202,0.23775326483211093,-0.1354213380385889,0.75,0.14393052775649331,False,False,False
479,10,Ob10.txt,36,0.5511998856341525,0.20215834353060846,0.20861188937409703,-0.006453545843488562,0.5,0.36676049614565215,False,0.46483875312130246,0.20466683558172663,0.2601719175395758,0.225,0.8433215703347036,True,False,True
479,11,Ob11.txt,119,0.16352294696274902,0.0005550199126056199,0.17191386949936738,-0.17135884958676176,1.0,0.0033941408402580644,False,0.194680865946782,0.2088613013307793,-0.014180435383997297,0.675,1.1905415696252761,False,False,False
479,12,Ob12.txt,91,0.16809888201531736,0.41611724880659295,0.290976715010492,0.12514053379610096,0.175,2.475431387870122,True,0.3485449425079651,0.12532183827616233,0.22322310423180275,0.175,2.073451877426557,True,True,True
479,13,Ob13.txt,102,0.18391610275756493,0.18840600405118121,0.19229217941542134,-0.0038861753642401298,0.525,1.0244127687912938,False,0.3936941554473362,0.15749393296773956,0.23620022247959666,0.225,2.140618192449941,True,False,True
479,14,Ob14.txt,47,0.2268139290818561,0.1369490528726391,0.12932315894363475,0.00762589392900434,0.475,0.6037947203110917,False,0.2467089973126121,0.1971801663520381,0.04952883096057398,0.3,1.0877153722934536,True,False,True
479,15,Ob15.txt,96,0.05698330744081588,0.10829354081067571,0.2147489581393991,-0.10645541732872338,0.675,1.9004432293290763,False,0.1051308221961495,0.1718453903344297,-0.0667145681382802,0.675,1.844940683819392,False,False,False
479,16,Ob16.txt,84,0.011025814189930094,0.18896152067354421,0.20363257158774672,-0.01467105091420251,0.575,17.138101315558472,False,0.04021321545590267,0.17358643197709117,-0.1333732165211885,0.875,3.6471878414774586,False,False,False
479,17,Ob17.txt,122,0.1817849079321946,0.06261779624823943,0.17003538406382673,-0.1074175878155873,0.875,0.34446091790851935,False,0.03614562814821495,0.1600138455428617,-0.12386821739464673,0.9,0.19883734331618552,False,False,False
479,18,Ob18.txt,103,0.1175778327225426,0.022924837939046927,0.20088958091736234,-0.1779647429783154,0.9,0.194975850534211,False,0.051437179980799275,0.15400941468893659,-0.10257223470813731,0.575,0.4374734487765183,False,False,False
479,19,Ob19.txt,143,0.4949115517745359,0.08499886256492013,0.17806995321541308,-0.09307109065049295,0.675,0.1717455619295033,False,0.15587835367771952,0.13460845023939022,0.021269903438329296,0.45,0.3149620434576806,False,False,False
480,1,Ob1.txt,28,0.18553877420360015,0.06413129182466171,0.2595783033795447,-0.19544701155488298,0.925,0.34564900032317514,False,0.0828692905199006,0.28957116645114445,-0.20670187593124384,0.85,0.4466413604143162,False,False,False
480,2,Ob2.txt,43,0.11542962783867136,0.2584273887264926,0.12674708282821212,0.1316803058982805,0.3,2.238830650027566,True,0.01652555573286306,0.1985633843688973,-0.18203782863603424,0.975,0.1431656329686844,False,False,True
480,3,Ob3.txt,40,0.2768958342081218,0.34856506296755463,0.2308513729552834,0.11771369001227122,0.325,1.258831011179332,True,0.02274952388783047,0.30322058222168596,-0.2804710583338555,1.0,0.08215914101015821,False,False,True
480,4,Ob4.txt,58,0.09460203457338152,0.053166822749500825,0.31337700378215183,-0.26021018103265103,0.85,0.562005066690823,False,0.17701090636292205,0.3965443271150433,-0.21953342075212123,0.825,1.871110987846853,False,False,False
480,5,Ob5.txt,93,0.049981843548723814,0.07232945143856151,0.1881422353748635,-0.11581278393630198,0.85,1.447114518055993,False,0.14668033670715774,0.21252392921124752,-0.06584359250408978,0.625,2.9346723988715886,False,False,False
480,6,Ob6.txt,112,0.17706245724355657,0.2630416422634852,0.17834181962887502,0.08469982263461018,0.25,1.4855867605048583,True,0.18334706960602398,0.16787641440242562,0.01547065520359836,0.475,1.035493760000307,False,False,True
480,7,Ob7.txt,33,0.22488857622140757,0.2054963309099278,0.2739234244445543,-0.0684270935346265,0.625,0.9137695402883085,False,0.15838524008069543,0.18922231228548358,-0.030837072204788152,0.575,0.7042831732135731,False,False,False
480,8,Ob8.txt,84,0.0768909714658533,0.24584012165844912,0.1960912705283911,0.04974885113005803,0.425,3.197256023324206,False,0.2757386544416309,0.3526513305894561,-0.07691267614782515,0.55,3.5860992413665156,False,False,False
480,9,Ob9.txt,37,0.3506529016322091,0.2549779530516958,0.303555455820957,-0.048577502769261205,0.575,0.7271519838131432,False,0.24355908047689498,0.3233856409895392,-0.07982656051264422,0.6,0.6945873806923689,False,False,False
480,10,Ob10.txt,36,0.17690746757495396,0.21171962434289854,0.21222486325694662,-0.0005052389140480784,0.5,1.19678172575273,False,0.20012559480497077,0.27160367301143185,-0.07147807820646107,0.675,1.1312444723125072,False,False,False
480,11,Ob11.txt,119,0.03373201223501776,0.0977465134805996,0.16707720082228236,-0.06933068734168277,0.625,2.897737401480227,False,0.11062655025534693,0.23829581140745404,-0.1276692611521071,0.775,3.2795716272302213,False,False,False
480,12,Ob12.txt,91,0.033929895169069135,0.12587564505937787,0.14428052312609696,-0.018404878066719088,0.575,3.709874269641938,False,0.0018741018366490864,0.1911358835465528,-0.1892617817099037,1.0,0.05523453070841015,False,False,False
480,13,Ob13.txt,102,0.2299830492142923,0.24419219560921807,0.03749353082238338,0.20669866478683468,0.1,1.061783450751999,True,0.2061749442128469,0.0543234781215276,0.1518514660913193,0.1,0.8964788705829289,True,True,True
480,14,Ob14.txt,47,0.4233338747210095,0.6893771324217823,0.273361851650359,0.41601528077142336,0.075,1.6284478365358876,True,0.48975539485618286,0.26276110679508363,0.22699428806109923,0.225,1.1569010280099774,True,True,True
480,15,Ob15.txt,96,0.2685648976362771,0.049179689923198766,0.24529710726747425,-0.19611741734427549,0.825,0.18312031972921428,False,0.09558218921261619,0.12026928329164689,-0.024687094079030705,0.55,0.35589978457298277,False,False,False
480,16,Ob16.txt,84,0.04015178902299826,0.027006451638764306,0.14456675566865304,-0.11756030402988873,0.925,0.6726089246806778,False,0.6395713037852375,0.18122231151868606,0.45834899226655146,0.025,15.928837029376249,True,False,True
480,17,Ob17.txt,122,0.19899029342498978,0.3328356354308909,0.12759026380694316,0.20524537162394774,0.125,1.6726224666649616,True,0.503465731229052,0.17272019095387176,0.33074554027518027,0.0,2.53010195906282,True,True,True
480,18,Ob18.txt,103,0.10608406597005524,0.18769890873600623,0.026558749037998916,0.16114015969800732,0.425,1.7693412014297107,False,0.2543167347295547,0.2305465436981471,0.023770191031407595,0.3,2.397313228938092,False,False,False
480,19,Ob19.txt,143,0.00018367290533979896,0.10572280915628765,0.19291322455154541,-0.08719041539525776,0.725,575.6037285994802,False,0.18749904769501427,0.08857505512404618,0.0989239925709681,0.275,1020.8312834608722,True,False,True
481,1,Ob1.txt,28,0.04080125304324228,0.045088714266934116,0.21866355440483398,-0.17357484013789987,0.875,1.1050816066640863,False,0.18325703757621828,0.32120704060134253,-0.13795000302512425,0.675,4.491456117340256,False,False,False
481,2,Ob2.txt,43,0.15448232197810294,0.03388384231267086,0.2591743611239653,-0.22529051881129444,0.95,0.21933799206794494,False,0.02333781971397896,0.2534985525155039,-0.23016073280152494,0.9,0.15107113496965027,False,False,False
481,3,Ob3.txt,40,0.3458245067716199,0.05562349217541465,0.2007428181092482,-0.14511932593383356,0.825,0.16084311865193526,False,0.11473792200628025,0.22565248281047473,-0.11091456080419448,0.8,0.3317807725004647,False,False,False
481,4,Ob4.txt,58,0.4174088528956609,0.28670502981939877,0.14591954333871068,0.1407854864806881,0.275,0.6868685889876562,True,0.18897329167957433,0.2438542732912829,-0.05488098161170857,0.625,0.45272947703102917,False,False,True
481,5,Ob5.txt,93,1.1578988745532204,0.5238365838361325,0.25000012523095844,0.2738364586051741,0.15,0.45240270575291547,True,0.4106683157152077,0.26271267291142425,0.14795564280378343,0.225,0.35466682345093875,True,True,True
481,6,Ob6.txt,112,0.2824129526439493,0.3941573619524409,0.14579765917770682,0.24835970277473407,0.05,1.3956773521268793,True,0.23517717436455995,0.14488054592435462,0.09029662844020533,0.175,0.8327421676762057,True,True,True
481,7,Ob7.txt,33,0.21397715258985023,0.6416113693351875,0.31687808757715397,0.3247332817580335,0.15,2.998504099944835,True,0.36636893706747453,0.32325486132479064,0.04311407574268389,0.425,1.7121871780849787,False,False,True
481,8,Ob8.txt,84,0.2245724899943357,0.45336632634507895,0.1917956668483851,0.2615706594966939,0.15,2.018797254982184,True,0.24962295500276638,0.13176668794883387,0.11785626705393251,0.35,1.1115473449533488,True,True,True
481,9,Ob9.txt,37,0.25206062601744217,0.25261127872314065,0.27114118978903323,-0.01852991106589258,0.55,1.002184604213672,False,0.43743574090361165,0.23210473840524126,0.20533100249837039,0.325,1.7354386038593026,True,False,True
481,10,Ob10.txt,36,0.8064539931419937,0.08758849943383103,0.20883411619452405,-0.12124561676069302,0.925,0.10860941873767767,False,0.4493574549104683,0.2384252081831818,0.2109322467272865,0.2,0.5572015995106483,True,False,True
481,11,Ob11.txt,119,0.024562413816499873,0.028078179337423133,0.18105593303144157,-0.15297775369401845,0.9,1.1431359941734038,False,0.2012996735277973,0.22254639652465097,-0.02124672299685368,0.55,8.19543531151542,False,False,False
481,12,Ob12.txt,91,0.31604689570296896,0.43660633969930984,0.2978865203423022,0.13871981935700767,0.275,1.3814606175079995,True,0.16189528388958657,0.43992391339548703,-0.27802862950590046,0.8,0.5122508276168641,False,False,True
481,13,Ob13.txt,102,0.3154860236238022,0.3484029719710251,0.05147092608800674,0.29693204588301836,0.0,1.1043372634043351,True,0.40224124432134756,0.1439543878795036,0.25828685644184396,0.15,1.2749891095048815,True,True,True
481,14,Ob14.txt,47,0.01445235147534292,0.4563476762880199,0.29880811412963376,0.15753956215838616,0.175,31.5760156446923,True,0.10146322890214403,0.38612962806471424,-0.2846663991625702,0.85,7.020534276048427,False,False,True
481,15,Ob15.txt,96,0.12597553912727694,0.38370933554292214,0.08314324026094864,0.3005660952819735,0.075,3.0459035000060517,True,0.29362535365914794,0.08815493203642756,0.2054704216227204,0.1,2.330812439409283,True,True,True
481,16,Ob16.txt,84,0.07368889639752962,0.03071213413720103,0.23473429371494986,-0.20402215957774883,0.925,0.41678102996031074,False,0.07865871062184535,0.2112711459461696,-0.13261243532432426,0.8,1.067443189778621,False,False,False
481,17,Ob17.txt,122,0.15190830565633895,0.13368294475412767,0.13423180630804377,-0.0005488615539160913,0.5,0.880023934020814,False,0.18561396490473497,0.20252289976629573,-0.016908934861560754,0.6,1.221881608795296,False,False,False
481,18,Ob18.txt,103,0.4048054595827513,0.21702411859667414,0.0019634824868106082,0.21506063610986353,0.375,0.5361195444853173,False,0.1933112386951425,0.39740258241928095,-0.20409134372413845,0.525,0.4775410857709179,False,False,False
481,19,Ob19.txt,143,0.3690499007289309,0.3440145791016463,0.09029770140340238,0.2537168776982439,0.0,0.9321627737120753,True,0.27596406662880646,0.11510723428788527,0.16085683234092119,0.175,0.7477689767257343,True,True,True
482,1,Ob1.txt,28,0.8751016980099698,0.008651252952073585,0.31909580972858237,-0.3104445567765088,1.0,0.009885997218091358,False,0.1647986089012552,0.24026132024238195,-0.07546271134112675,0.6,0.18831937965154957,False,False,False
482,2,Ob2.txt,43,0.33232488256113635,0.1694026163852261,0.18885916788193535,-0.019456551496709246,0.575,0.5097500225673347,False,0.004966372347005449,0.23292706248440082,-0.22796069013739537,1.0,0.014944328901077117,False,False,False
482,3,Ob3.txt,40,0.26431364062295737,0.9183750047366005,0.18543559638922422,0.7329394083473763,0.0,3.4745653026915084,True,0.6119549874807233,0.25695693208494674,0.35499805539577656,0.025,2.315260710867644,True,True,True
482,4,Ob4.txt,58,0.1180915849731087,0.04221940951420325,0.1628626588882577,-0.12064324937405446,0.875,0.3575141236678064,False,0.37547630934039045,0.24618815821666476,0.1292881511237257,0.325,3.1795348451449126,True,False,True
482,5,Ob5.txt,93,0.004222292381258763,0.05657115594755026,0.21184610433568768,-0.15527494838813743,0.85,13.398209038921433,False,0.19662306657264422,0.16180054778179523,0.034822518790848994,0.35,46.567847230424704,True,False,True
482,6,Ob6.txt,112,0.161592027354158,0.11526138127958341,0.22417968234015562,-0.10891830106057221,0.8,0.7132863122446466,False,0.09826666603973647,0.18364956243242034,-0.08538289639268387,0.75,0.6081158065079992,False,False,False
482,7,Ob7.txt,33,0.19371233861555073,0.22014205017299654,0.20583554205783444,0.014306508115162098,0.475,1.1364379354786442,False,0.22262763032535215,0.3253606772535547,-0.10273304692820256,0.65,1.1492692304292906,False,False,False
482,8,Ob8.txt,84,0.08027518976858118,0.1890812340825711,0.21675480231601973,-0.02767356823344863,0.625,2.35541310618708,False,0.024561761612171037,0.22800598959254004,-0.20344422798036899,0.9,0.305969524120443,False,False,False
482,9,Ob9.txt,37,0.15284849444940357,0.6240689364972742,0.2723593652490187,0.3517095712482555,0.175,4.082924982318722,True,0.06854550843949198,0.30527423487450805,-0.23672872643501608,0.9,0.4484539326763349,False,False,True
482,10,Ob10.txt,36,0.4633369518729454,0.3945378193587985,0.27640475199013004,0.11813306736866847,0.3,0.8515138232855368,True,0.18068081067202754,0.24971208050455604,-0.0690312698325285,0.65,0.3899555387103535,False,False,True
482,11,Ob11.txt,119,0.09568699826255335,0.07170710417817573,0.24666553446213105,-0.1749584302839553,0.825,0.7493923467159066,False,0.11952224650303693,0.1989575904180585,-0.07943534391502156,0.7,1.249095997087113,False,False,False
482,12,Ob12.txt,91,0.13033893792415407,0.16210418201958848,0.20699625404133604,-0.04489207202174755,0.6,1.2437126203523234,False,0.2073708008115475,0.22506969495520185,-0.01769889414365436,0.6,1.5910118964773157,False,False,False
482,13,Ob13.txt,102,0.03584110798010582,0.5352189646053972,0.044258644912735456,0.49096031969266174,0.0,14.933103209378434,True,0.5881418065716484,0.4350125593310935,0.15312924724055488,0.475,16.409699356897836,False,False,True
482,14,Ob14.txt,47,0.21194145723796504,0.12827594924558333,0.226084241065232,-0.09780829181964867,0.775,0.6052423670068325,False,0.28441050311952265,0.19951050139126492,0.08490000172825773,0.325,1.3419295442523562,True,False,True
482,15,Ob15.txt,96,0.36330751388080695,0.3130842412235026,0.121773415884597,0.1913108253389056,0.1,0.8617609855606193,True,0.08184513271212547,0.15689368239013257,-0.0750485496780071,0.625,0.2252778420073553,False,False,True
482,16,Ob16.txt,84,0.3881174698272257,0.077097245843737,0.231458038658235,-0.154360792814498,0.875,0.19864410091629628,False,0.36295109283621363,0.1857144808741683,0.17723661196204532,0.125,0.9351578350693279,True,False,True
482,17,Ob17.txt,122,0.17592355516352465,0.04356893369487125,0.16768773735056397,-0.12411880365569272,0.875,0.24765832895073664,False,0.3061411608574418,0.14060073619261565,0.16554042466482616,0.225,1.7401942597901523,True,False,True
482,18,Ob18.txt,103,0.03574258597785143,0.056635976600687254,0.07993953313786417,-0.023303556537176917,0.525,1.5845517343312205,False,0.012369846088952197,0.009778364447171506,0.0025914816417806907,0.4,0.34608145299328386,False,False,False
482,19,Ob19.txt,143,0.126875998344481,0.32557954546812196,0.12549984715468981,0.20007969831343214,0.225,2.566124008609895,True,0.4489327581684382,0.07213933477605444,0.37679342339238375,0.05,3.5383584289089964,True,True,True
483,1,Ob1.txt,28,0.0953380378894293,0.16878171749982973,0.2618741832769941,-0.09309246577716435,0.625,1.7703502320404223,False,0.1383150893767922,0.30593924931314775,-0.16762415993635554,0.7,1.450785986776932,False,False,False
483,2,Ob2.txt,43,0.01861377536358548,0.071455092096231,0.2184366639466631,-0.14698157185043212,0.825,3.8388285396427473,False,0.464525874251331,0.18951911266366325,0.2750067615876678,0.125,24.956026661850274,True,False,True
483,3,Ob3.txt,40,0.5673630720956695,0.41181711875036703,0.20880936838937533,0.2030077503609917,0.2,0.7258440652988531,True,0.4088496607741504,0.24380905191034682,0.1650406088638036,0.3,0.7206138024880295,True,True,True
483,4,Ob4.txt,58,0.20009677787937544,0.6211649740296117,0.2438650364875493,0.37729993754206237,0.05,3.104322721298737,True,0.5255362086229504,0.22212483228566127,0.3034113763372891,0.175,2.6264101510907882,True,True,True
483,5,Ob5.txt,93,0.5697491091521336,0.10737980146730852,0.16358333829080532,-0.0562035368234968,0.675,0.18846857281989382,False,0.009735282697468123,0.18106665907528985,-0.17133137637782173,0.95,0.01708696431654906,False,False,False
483,6,Ob6.txt,112,0.08952964971831108,0.22439675299408185,0.15989185874698253,0.06450489424709932,0.425,2.5063959671472613,False,0.07718028062844698,0.17167496367178842,-0.09449468304334144,0.75,0.8620639181687947,False,False,False
483,7,Ob7.txt,33,1.1122155271270238,0.8103603845458213,0.22816607664634225,0.582194307899479,0.025,0.7286001361975877,True,0.5826838220175423,0.2679286387704013,0.314755183247141,0.2,0.5238947018863146,True,True,True
483,8,Ob8.txt,84,0.18972851843628105,0.1603922228560233,0.10316185131925551,0.0572303715367678,0.35,0.8453775119204858,True,0.05561288227076508,0.1566148762404932,-0.10100199396972812,0.775,0.2931182024142684,False,False,True
483,9,Ob9.txt,37,0.22008580774501357,0.1460725798983569,0.23000672711113557,-0.08393414721277867,0.675,0.6637074030125254,False,0.4449899545322047,0.2645359888440416,0.18045396568816308,0.25,2.0218930020592696,True,False,True
483,10,Ob10.txt,36,0.3147133766311479,0.07486537992240658,0.3062341845647637,-0.23136880464235712,0.85,0.2378843273959426,False,0.21244785970223007,0.3106245844918145,-0.09817672478958445,0.625,0.6750518899971143,False,False,False
483,11,Ob11.txt,119,0.18396883176115325,0.05201502386665273,0.2391415636551976,-0.18712653978854488,0.9,0.28273824086780003,False,0.1407862251157801,0.19692454818886695,-0.05613832307308686,0.7,0.765272159245773,False,False,False
483,12,Ob12.txt,91,0.2291456638534347,0.05693573520098888,0.22508805870397847,-0.1681523235029896,0.85,0.24846961641572193,False,0.05569395686669765,0.26951879521805,-0.21382483835135235,0.925,0.243050450661464,False,False,False
483,13,Ob13.txt,102,0.49279835220321716,0.32915233552554213,0.18117894579599636,0.14797338972954577,0.1,0.667924992147312,True,0.37413565945026195,0.1621326867033524,0.21200297274690955,0.075,0.7592063929953609,True,True,True
483,14,Ob14.txt,47,0.11785602751724142,0.5235390857617161,0.21296515815882144,0.3105739276028947,0.125,4.4421918572228005,True,0.07379605727068363,0.22238225711695264,-0.14858619984626903,0.775,0.6261542903258626,False,False,True
483,15,Ob15.txt,96,0.2952873471689919,0.03942713807905954,0.06945492394103292,-0.030027785861973383,0.625,0.1335212580459654,False,0.06277837079298981,0.06517243676078333,-0.0023940659677935128,0.525,0.2126009508868728,False,False,False
483,16,Ob16.txt,84,0.042263734635272596,0.10445545969561956,0.1759756399406134,-0.07152018024499385,0.675,2.4715151322297677,False,0.021869183224906052,0.2032035330988251,-0.18133434987391905,0.9,0.517445592861886,False,False,False
483,17,Ob17.txt,122,0.31012091415825005,0.12022788729818212,0.15944531721303434,-0.03921742991485222,0.625,0.38768068133847833,False,0.231754832130133,0.1639069675766322,0.06784786455350081,0.325,0.7473047496947336,True,False,True
483,18,Ob18.txt,103,0.2189056403719587,0.020117992005690616,0.01950807411081501,0.0006099178948756057,0.5,0.0919025748788686,False,0.029604219723446124,0.0,0.029604219723446124,0.475,0.13523735465720943,False,False,False
483,19,Ob19.txt,143,0.3233126075553329,0.31042163572286086,0.19954254168219948,0.11087909404066137,0.225,0.9601284591716213,True,0.32360118447048336,0.1641034488339983,0.15949773563648506,0.35,1.00089256313675,True,True,True
484,1,Ob1.txt,28,0.30116608630956493,0.319335195844183,0.2639383842077046,0.055396811636478416,0.375,1.0603292015952364,False,0.03852598718192721,0.23004368956795174,-0.19151770238602453,0.9,0.1279227274691441,False,False,False
484,2,Ob2.txt,43,0.6164275738681246,0.42173552248513424,0.22072763947861632,0.20100788300651792,0.25,0.6841607033227203,True,0.41455586679951006,0.2996424620770522,0.11491340472245787,0.35,0.6725135025971405,True,True,True
484,3,Ob3.txt,40,0.23195950003461974,0.29139033108696455,0.20520119165687778,0.08618913943008677,0.4,1.2562121018689678,False,0.28006358979912993,0.28641272504868315,-0.006349135249553217,0.5,1.2073814168306567,False,False,False
484,4,Ob4.txt,58,0.1310915078396565,0.3091737278127883,0.25167291256026975,0.057500815252518545,0.45,2.3584573318887414,False,0.36009375210816263,0.2432421748465508,0.11685157726161183,0.325,2.746888475404588,True,False,True
484,5,Ob5.txt,93,0.6072381237084121,0.3511480670979995,0.2096571936840903,0.1414908734139092,0.2,0.5782707860197135,True,0.47423419024900326,0.2145729300710304,0.25966126017797286,0.125,0.7809690658960081,True,True,True
484,6,Ob6.txt,112,0.32882588865486756,0.05102802139977025,0.1418865348784649,-0.09085851347869464,0.825,0.1551824937157815,False,0.009864147150296543,0.17742173703121042,-0.16755758988091388,1.0,0.02999808558458685,False,False,False
484,7,Ob7.txt,33,0.40012272298774776,0.44682029451977745,0.31115267109606193,0.13566762342371552,0.3,1.1167081219065371,True,0.23976337664852,0.2575182701964108,-0.017754893547890838,0.5,0.5992245950397119,False,False,True
484,8,Ob8.txt,84,0.8550468345389528,0.3796565662197888,0.11515710807931773,0.2644994581404711,0.125,0.4440184454042243,True,0.2732584204249838,0.2254886083382089,0.04776981208677486,0.45,0.3195829858516775,False,False,True
484,9,Ob9.txt,37,0.09273593291767301,0.004842850391613834,0.23957178683598868,-0.23472893644437484,1.0,0.05222194072186786,False,0.13875005146108654,0.15893362101145242,-0.020183569550365876,0.55,1.4961843494286393,False,False,False
484,10,Ob10.txt,36,0.9424406614424115,0.41324247372236744,0.2748790243105126,0.13836344941185486,0.175,0.43848115921685427,True,0.11417013401774656,0.18201889956964007,-0.06784876555189351,0.675,0.12114304771507677,False,False,True
484,11,Ob11.txt,119,0.023200096648486435,0.17610498517589407,0.15860762313663734,0.017497362039256725,0.45,7.590700497680172,False,0.06942164023865904,0.2216940080559209,-0.15227236781726186,0.9,2.992299613682346,False,False,False
484,12,Ob12.txt,91,0.11142195155644635,0.1426778152646328,0.24615416344717184,-0.10347634818253904,0.725,1.2805180062956645,False,0.14645374699611452,0.3124834512102467,-0.16602970421413216,0.725,1.3144065864069978,False,False,False
484,13,Ob13.txt,102,0.2264102784468428,0.09959720374790354,0.16008630408375454,-0.060489100335851004,0.6,0.43989700658085285,False,0.06973824958010796,0.26868951173933625,-0.1989512621592283,0.725,0.30801715389648837,False,False,False
484,14,Ob14.txt,47,0.48729913078967946,0.19599573831274747,0.30652600040532324,-0.11053026209257577,0.7,0.40220826578354835,False,0.15374574291860413,0.261843215717918,-0.10809747279931389,0.675,0.31550588376682637,False,False,False
484,15,Ob15.txt,96,0.03693657277490134,0.026640217731362312,0.3241820939241421,-0.2975418761927798,1.0,0.721242273713725,False,0.0950454099237931,0.3250015499234166,-0.22995613999962353,0.8,2.573205979423655,False,False,False
484,16,Ob16.txt,84,0.34151186649600473,0.5186761074882256,0.26653006385048594,0.2521460436377396,0.125,1.5187645243779353,True,0.36947360805064267,0.21035704032981356,0.1591165677208291,0.275,1.0818763395882323,True,True,True
484,17,Ob17.txt,122,0.1923738269630121,0.2990484372449714,0.17914401096167648,0.1199044262832949,0.25,1.554517274860211,True,0.5539001922853444,0.18767426961851474,0.36622592266682963,0.025,2.8792908111759052,True,True,True
484,18,Ob18.txt,103,0.096855092239235,0.04558938430372167,0.0,0.04558938430372167,0.0,0.47069682398437573,True,0.04485961775492625,0.0,0.04485961775492625,0.0,0.4631622015714119,True,True,True
484,19,Ob19.txt,143,0.019012999682784013,0.2736940042965827,0.1597279067322671,0.11396609756431558,0.15,14.395098556931472,True,0.1523366333716069,0.18950218874473498,-0.03716555537312807,0.525,8.012235623689904,False,False,True
485,1,Ob1.txt,28,0.5404224813625542,0.1180030585767334,0.33323016256931315,-0.21522710399257974,0.85,0.21835334880816787,False,0.38446791962700366,0.3106645442506839,0.07380337537631976,0.45,0.7114210324071899,False,False,False
485,2,Ob2.txt,43,0.21870349884131474,0.0013308217963014513,0.2850019832553762,-0.2836711614590747,1.0,0.006085050323164053,False,0.15986865280075424,0.2801294956102782,-0.12026084280952398,0.7,0.7309835171715774,False,False,False
485,3,Ob3.txt,40,0.22269143329476576,0.10546482345793745,0.1668161602995858,-0.06135133684164834,0.675,0.47359174036272345,False,0.07376880664674844,0.21382372662469,-0.14005491997794156,0.9,0.3312601906383362,False,False,False
485,4,Ob4.txt,58,0.30484401485974294,0.2536075476720645,0.2575964462943602,-0.003988898622295678,0.525,0.8319256252701827,False,0.10826552447382395,0.3070391292285702,-0.19877360475474623,0.85,0.3551505661793502,False,False,False
485,5,Ob5.txt,93,0.3853929112692869,0.36221847255783785,0.17078653009642095,0.1914319424614169,0.275,0.939868020314322,True,0.07190650506314597,0.2380813775906433,-0.16617487252749732,0.75,0.18657972931137412,False,False,True
485,6,Ob6.txt,112,0.031013436780610013,0.1241208920448571,0.17308572157444355,-0.048964829529586446,0.675,4.002165026820214,False,0.06988133968710031,0.18311264274586658,-0.11323130305876627,0.825,2.2532601008215574,False,False,False
485,7,Ob7.txt,33,0.011540000862999777,0.018053582024108172,0.3145215350610471,-0.2964679530369389,1.0,1.5644350670711489,False,0.11929146448845618,0.2581397441183307,-0.1388482796298745,0.8,10.337214520575593,False,False,False
485,8,Ob8.txt,84,0.02680831988858773,0.4975787743438412,0.19116336870437986,0.30641540563946135,0.0,18.560610154299894,True,0.6023700455182319,0.1587220645461392,0.4436479809720927,0.0,22.46951871738371,True,True,True
485,9,Ob9.txt,37,0.37433199307371867,0.7370110242988751,0.24913637653744447,0.48787464776143064,0.05,1.9688699815560051,True,0.46359262170574594,0.16003377046356596,0.30355885124217996,0.1,1.2384531118996522,True,True,True
485,10,Ob10.txt,36,0.7195378542403511,0.2649455993589597,0.2989723663396455,-0.034026766980685796,0.625,0.3682163458080671,False,0.22196328585324634,0.20165211724963938,0.02031116860360696,0.45,0.30848034546783243,False,False,False
485,11,Ob11.txt,119,0.16653286978742082,0.16542507655076472,0.18853939702885325,-0.023114320478088535,0.65,0.9933479003990612,False,0.025258486432925775,0.20065728199683314,-0.17539879556390736,0.95,0.15167267858392297,False,False,False
485,12,Ob12.txt,91,0.045467258974260724,0.333131608164581,0.13499871201939506,0.19813289614518592,0.225,7.326846079574946,True,0.3262925917404024,0.1857467056457644,0.14054588609463803,0.2,7.176429789293402,True,True,True
485,13,Ob13.txt,102,0.6254430171784187,0.30622556706805215,0.13863258682375446,0.1675929802442977,0.25,0.48961385555080217,True,0.6271864560490338,0.14368597455583293,0.48350048149320085,0.0,1.0027875263177137,True,True,True
485,14,Ob14.txt,47,0.6103371514861471,0.4158928576657396,0.25765021181265335,0.15824264585308623,0.3,0.6814149468913316,True,0.5700955906109807,0.21773256766445892,0.3523630229465218,0.2,0.9340666699099346,True,True,True
485,15,Ob15.txt,96,0.03978682009205845,0.3801084791059509,0.21384288804929738,0.16626559105665353,0.25,9.553628016173665,True,0.34593708359335656,0.11438213540613067,0.23155494818722588,0.075,8.694765824283767,True,True,True
485,16,Ob16.txt,84,0.023345619832063874,0.24468742549650532,0.2045476093385155,0.04013981615798981,0.4,10.481084985391613,False,0.10578164975740253,0.21147312494643805,-0.10569147518903552,0.75,4.5311133530975045,False,False,False
485,17,Ob17.txt,122,0.1824723432267376,0.3045334607473706,0.1918374084645748,0.11269605228279578,0.225,1.66892941342328,True,0.40094042114955075,0.17357976345966725,0.2273606576898835,0.175,2.1972667970364568,True,True,True
485,18,Ob18.txt,103,0.2253565328302173,0.11541993535180367,0.13784997995570047,-0.022430044603896804,0.625,0.5121659172790015,False,0.19924140389704875,0.11235171521328091,0.08688968868376784,0.45,0.8841163883505273,False,False,False
485,19,Ob19.txt,143,0.0014943289838955098,0.3748067231968406,0.1238156467883279,0.2509910764085127,0.1,250.819416096562,True,0.10653053285876415,0.0533386244336132,0.05319190842515095,0.275,71.28987927481252,True,True,True
486,1,Ob1.txt,28,0.4006129652542193,0.19421044720251074,0.249421739682739,-0.05521129248022827,0.625,0.4847832298170118,False,0.16500950691298258,0.2933158916457426,-0.12830638473276004,0.825,0.41189257768597565,False,False,False
486,2,Ob2.txt,43,0.523877311459919,0.5368717775228532,0.22574690893723898,0.3111248685856142,0.2,1.0248044070217925,True,0.6213438221827169,0.2394253160584737,0.38191850612424316,0.075,1.186048352525866,True,True,True
486,3,Ob3.txt,40,0.32585121945611634,0.08982797089631733,0.26233715541193314,-0.1725091845156158,0.8,0.27567173462247796,False,0.2308630672362583,0.2931038446871234,-0.06224077745086512,0.6,0.708492261043539,False,False,False
486,4,Ob4.txt,58,0.012667840078977755,0.01118124235033624,0.2610187491616401,-0.24983750681130384,0.975,0.882647892665734,False,0.13650219472500705,0.19664669726130096,-0.060144502536293915,0.675,10.77549083932091,False,False,False
486,5,Ob5.txt,93,0.4626623382012614,0.1206649134886376,0.1858658673260571,-0.06520095383741949,0.725,0.2608055670962081,False,0.18615025973276217,0.20824457463148183,-0.022094314898719658,0.55,0.4023458240765331,False,False,False
486,6,Ob6.txt,112,0.22250667716483574,0.4182399032719628,0.15108142566462135,0.26715847760734146,0.125,1.8796734938526156,True,0.2088009902252941,0.18023439462375618,0.02856659560153793,0.45,0.9384032555149422,False,False,True
486,7,Ob7.txt,33,0.6601645518624458,0.824826016546237,0.3116472703065396,0.5131787462396974,0.05,1.2494248808410735,True,0.14812478541441476,0.2937989729685967,-0.14567418755418193,0.775,0.22437555151443295,False,False,True
486,8,Ob8.txt,84,0.029645752689279742,0.206385266390388,0.21408849358982535,-0.007703227199437335,0.525,6.961714501012463,False,0.016857151674329787,0.2791694771544305,-0.26231232548010075,0.925,0.5686194528778328,False,False,False
486,9,Ob9.txt,37,0.23492111083902936,0.3750835642209496,0.2095513370218387,0.16553222719911087,0.375,1.5966362617702805,False,0.13979487255432943,0.26906143837019836,-0.12926656581586893,0.725,0.5950715627686541,False,False,False
486,10,Ob10.txt,36,0.4029689820167059,0.5925488598621995,0.2713243942337322,0.3212244656284673,0.025,1.4704577431660342,True,0.45249128475908995,0.20266283197953144,0.2498284527795585,0.2,1.122893584748245,True,True,True
486,11,Ob11.txt,119,0.47350978250297976,0.30192000477714054,0.2593601813629547,0.04255982341418585,0.425,0.637621472530487,False,0.17689216351048032,0.22603164467592174,-0.04913948116544142,0.575,0.3735765765501733,False,False,False
486,12,Ob12.txt,91,0.37755284804622746,0.20419940023565952,0.2194057244207876,-0.015206324185128073,0.6,0.5408498473587395,False,0.011595359422062745,0.2390964572034389,-0.22750109778137614,0.975,0.030711884394639802,False,False,False
486,13,Ob13.txt,102,0.008378497270591326,0.08814385304821709,0.21453673339016033,-0.12639288034194324,0.75,10.520246077730858,False,0.046388723817142735,0.20541699243353295,-0.15902826861639022,0.9,5.5366400822219015,False,False,False
486,14,Ob14.txt,47,0.4676018433576245,0.16432920388951033,0.2504482120779592,-0.08611900818844886,0.7,0.35142976064752257,False,0.1519305200066555,0.3170236047168705,-0.16509308471021503,0.75,0.32491428800989175,False,False,False
486,15,Ob15.txt,96,0.35463521054852976,0.35722934509308146,0.20503827812311642,0.15219106696996504,0.225,1.0073149379063044,True,0.613371594322729,0.259949325085443,0.35342226923728604,0.15,1.7295845874243576,True,True,True
486,16,Ob16.txt,84,0.08210568088673253,0.15452265225385417,0.2018916836848916,-0.047369031431037434,0.6,1.8819970869862612,False,0.16157462819889984,0.17853355047735214,-0.016958922278452304,0.55,1.9678861006194845,False,False,False
486,17,Ob17.txt,122,0.1776986870741922,0.2912442220792286,0.15572948062812064,0.13551474145110798,0.3,1.6389779062218353,True,0.26750726041099426,0.15539756256591064,0.11210969784508362,0.4,1.5053980691444584,False,False,True
486,18,Ob18.txt,103,0.4311313707215614,0.5266057877909606,0.0,0.5266057877909606,0.0,1.221450869858087,True,0.4297068957820497,0.0,0.4297068957820497,0.0,0.9966959608225038,True,True,True
486,19,Ob19.txt,143,0.06977612152615081,0.051190376090573864,0.09753552567115309,-0.046345149580579226,0.65,0.7336374531993534,False,0.14214429783502933,0.1162465528377491,0.02589774499728023,0.45,2.0371481636702358,False,False,False
487,1,Ob1.txt,28,0.9078270933834822,0.039387494800656245,0.26130444364747063,-0.2219169488468144,0.85,0.043386560158563445,False,0.13087308820095112,0.2775293938147815,-0.14665630561383036,0.9,0.14416080898531633,False,False,False
487,2,Ob2.txt,43,0.8303517675873703,0.43653107065730834,0.2534530933878663,0.18307797726944203,0.15,0.5257182409879994,True,0.27857897749907773,0.27373119050336303,0.004847786995714698,0.5,0.3354951339581094,False,False,True
487,3,Ob3.txt,40,0.27080028514818655,0.17307036990412386,0.32735076776882865,-0.1542803978647048,0.7,0.6391070445491474,False,0.2838837462348224,0.3485049490935055,-0.06462120285868311,0.6,1.0483140594902858,False,False,False
487,4,Ob4.txt,58,0.31162299668986293,0.1113009625556109,0.1376995513313492,-0.026398588775738308,0.575,0.3571654330324701,False,0.03887376976592689,0.2220597083689846,-0.1831859386030577,0.8,0.12474615217379253,False,False,False
487,5,Ob5.txt,93,0.2995599089463155,0.4367936845506023,0.20757173047996347,0.22922195407063883,0.175,1.4581179640726911,True,0.3274879315453471,0.18811417977047745,0.13937375177486966,0.225,1.0932301745492805,True,True,True
487,6,Ob6.txt,112,0.22881218237766063,0.5223955574141257,0.20922253529997273,0.313173022114153,0.05,2.2830758047309643,True,0.4756122908049118,0.2203082055349547,0.25530408526995707,0.05,2.0786143721137234,True,True,True
487,7,Ob7.txt,33,0.17592380845818195,0.254478377544585,0.2250103969997641,0.029467980544820915,0.3,1.4465260829382052,False,0.5436211671480522,0.1704608016698096,0.3731603654782426,0.075,3.0900943534159215,True,False,True
487,8,Ob8.txt,84,0.3760576300569746,0.008911022078465503,0.13574802799305025,-0.12683700591458474,0.95,0.02369589490077741,False,0.17730225896760032,0.11519448027912918,0.062107778688471144,0.35,0.47147629723863904,True,False,True
487,9,Ob9.txt,37,0.4574358606655853,0.15542417843153927,0.24786370568815672,-0.09243952725661744,0.625,0.33977261469048714,False,0.17191820312919567,0.2635840395818199,-0.09166583645262424,0.75,0.3758301827911975,False,False,False
487,10,Ob10.txt,36,0.07655019225078652,0.40062771443104306,0.24709621787248714,0.1535314965585559,0.2,5.233529827313096,True,0.243865976611854,0.2691334394305881,-0.0252674628187341,0.525,3.185700380907252,False,False,True
487,11,Ob11.txt,119,0.13469469182978877,0.08419661529037654,0.20972150951965352,-0.12552489422927698,0.775,0.6250923042815546,False,0.2012350660938179,0.22311422448290796,-0.021879158389090075,0.55,1.4940088830532015,False,False,False
487,12,Ob12.txt,91,0.30256962469555265,0.4038646438837865,0.2818504448062219,0.12201419907756461,0.4,1.3347825125874995,False,0.1637615019758678,0.22394741549269132,-0.06018591351682351,0.625,0.5412357639688571,False,False,False
487,13,Ob13.txt,102,0.522806898212638,0.12070487491970783,0.1476930105301122,-0.026988135610404362,0.6,0.23087850472587734,False,0.0713085004104559,0.1355516474320823,-0.06424314702162641,0.85,0.1363954849376395,False,False,False
487,14,Ob14.txt,47,0.25441071930297543,0.06431776521728698,0.203497078281121,-0.13917931306383402,0.875,0.25281075181699214,False,0.20638936202846275,0.30632959317118313,-0.09994023114272038,0.675,0.811244756486363,False,False,False
487,15,Ob15.txt,96,0.0015044389554972754,0.32451482967342604,0.2744549572916454,0.05005987238178067,0.425,215.70488352992783,False,0.10078885828458038,0.1604242865989356,-0.05963542831435521,0.675,66.99431566584619,False,False,False
487,16,Ob16.txt,84,0.02809930246769965,0.10840389443174558,0.15103447106114667,-0.04263057662940109,0.6,3.8578856025467765,False,0.003929888104390655,0.24361350380608685,-0.2396836157016962,0.975,0.13985714089907,False,False,False
487,17,Ob17.txt,122,0.1445123904867729,0.24457222750476004,0.13007078020640642,0.11450144729835363,0.25,1.6923962483835984,True,0.08515346474749633,0.1914306271974029,-0.10627716244990656,0.725,0.5892468075620848,False,False,True
487,18,Ob18.txt,103,0.11352005054811504,0.10095083860008885,0.23502429830199179,-0.13407345970190293,0.6,0.8892776043761647,False,0.31829660870441034,0.052390945582262316,0.26590566312214803,0.0,2.8038800825718586,True,False,True
487,19,Ob19.txt,143,0.09499273778627815,0.09815690103476776,0.1490795094547721,-0.050922608420004345,0.675,1.0333095278884223,False,0.10789435562304983,0.22268603705149617,-0.11479168142844634,0.75,1.1358168859792075,False,False,False
488,1,Ob1.txt,28,0.174772654254075,0.01775218500775387,0.23248928362426258,-0.2147370986165087,0.975,0.10157301257178773,False,0.08385524756695886,0.21650705412181528,-0.13265180655485642,0.75,0.47979615532447456,False,False,False
488,2,Ob2.txt,43,0.27303235499278883,0.3525531284723826,0.2607288957009569,0.0918242327714257,0.3,1.29125036657906,True,0.5686847218478274,0.2326296610198027,0.33605506082802467,0.1,2.082847367532127,True,True,True
488,3,Ob3.txt,40,0.46390644138479614,0.17723694171561766,0.19000740156535534,-0.012770459849737681,0.55,0.38205320276767846,False,0.17609428802251514,0.3480901742368189,-0.17199588621430373,0.8,0.37959009040025454,False,False,False
488,4,Ob4.txt,58,0.057710747645463564,0.5428421039966412,0.33086521329150276,0.21197689070513848,0.05,9.406256653119483,True,0.527305017305977,0.25882196720832973,0.2684830500976473,0.175,9.13703320125721,True,True,True
488,5,Ob5.txt,93,0.28722766326430005,0.12317731941897278,0.20663903269492964,-0.08346171327595686,0.7,0.42884908096622976,False,0.2152468719016248,0.19213624641532723,0.02311062548629758,0.425,0.7493946420598067,False,False,False
488,6,Ob6.txt,112,0.1829498477321693,0.3479321642296356,0.12268546882368608,0.2252466954059495,0.125,1.9017898541188911,True,0.06179433296570375,0.18361243698213725,-0.1218181040164335,0.825,0.33776651760961285,False,False,True
488,7,Ob7.txt,33,0.15186042053148852,0.23976665062059627,0.19041000825090482,0.04935664236969145,0.425,1.5788620219899907,False,0.19189485997219538,0.314983368141684,-0.1230885081694886,0.625,1.2636265545728924,False,False,False
488,8,Ob8.txt,84,0.20877851662199,0.08708900572356312,0.16486198490825024,-0.07777297918468712,0.725,0.41713585828969485,False,0.025043883387866117,0.0934095477664475,-0.06836566437858138,0.95,0.11995431231657827,False,False,False
488,9,Ob9.txt,37,0.0017043745355721507,0.23577428583041782,0.15075841794757291,0.0850158678828449,0.35,138.33478552369328,True,0.2665060959240918,0.25959367255674265,0.006912423367349152,0.5,156.36592213848522,False,False,True
488,10,Ob10.txt,36,0.6758207296388807,0.06564949192120409,0.24698311241747395,-0.18133362049626986,0.8,0.0971403939566686,False,0.033593592589898705,0.26672807294654866,-0.23313448035664996,0.9,0.049707845759406,False,False,False
488,11,Ob11.txt,119,0.07763161423930355,0.004879651089079617,0.1763581210629368,-0.17147846997385718,1.0,0.06285649392833485,False,0.13961231744403046,0.1943784725494474,-0.054766155105416936,0.675,1.7983951359515484,False,False,False
488,12,Ob12.txt,91,0.04683251972956688,0.04857577070658187,0.19140457724359983,-0.14282880653701796,0.9,1.0372230874418318,False,0.02634325163268436,0.18756225816077363,-0.16121900652808926,0.875,0.5624991306212597,False,False,False
488,13,Ob13.txt,102,0.2225336891967338,0.015020120888172894,0.16546061834777892,-0.15044049745960603,1.0,0.06749594159154106,False,0.015128349752934894,0.1935722972191371,-0.1784439474662022,0.975,0.06798228981662403,False,False,False
488,14,Ob14.txt,47,0.527342936293679,0.5831070916719807,0.15729786048507924,0.4258092311869015,0.075,1.1057455244782997,True,0.265211701373758,0.2685448291041592,-0.0033331277304012308,0.575,0.5029207430704272,False,False,True
488,15,Ob15.txt,96,0.07471260387860168,0.03640470514304184,0.12485694962440023,-0.0884522444813584,0.85,0.4872632360959441,False,0.05102955804321124,0.12598411224591416,-0.07495455420270292,0.675,0.6830113714966711,False,False,False
488,16,Ob16.txt,84,0.25334631095313304,0.231736460266119,0.17970434741207983,0.052032112854039164,0.375,0.9147023273963848,False,0.028107136468922822,0.1529903317944448,-0.12488319532552197,0.875,0.1109435395493973,False,False,False
488,17,Ob17.txt,122,0.4579364103584894,0.06003376845628166,0.1476531698609151,-0.08761940140463342,0.75,0.13109629874000414,False,0.3458143382667921,0.14016968750301045,0.20564465076378163,0.15,0.7551579879749591,True,False,True
488,18,Ob18.txt,103,0.021067938190065055,0.08104323520269677,0.6944060478496141,-0.6133628126469174,0.525,3.846756833609569,False,0.047801935949504853,0.8555722172260808,-0.8077702812765759,0.525,2.2689422912796786,False,False,False
488,19,Ob19.txt,143,0.3125160135097055,0.2104612628702481,0.053519136574072396,0.1569421262961757,0.175,0.6734415318647728,True,0.15483520919638416,0.0564822537839407,0.09835295541244346,0.025,0.4954472811089266,True,True,True
489,1,Ob1.txt,28,0.3102177263408529,0.4484544090562125,0.25303522431699743,0.19541918473921505,0.125,1.4456118106012792,True,0.13808756214559437,0.2211801403061527,-0.08309257816055834,0.675,0.44513111411908857,False,False,True
489,2,Ob2.txt,43,0.4297346703388435,0.54964320200543,0.2814667486423591,0.26817645336307094,0.125,1.2790292241769539,True,0.561789800138271,0.3293071875513936,0.23248261258687736,0.15,1.3072945678208898,True,True,True
489,3,Ob3.txt,40,0.818600722440172,0.7465948580877311,0.25942740357272853,0.48716745451500254,0.125,0.9120378685498857,True,0.5056997149130951,0.2307429026086794,0.27495681230441565,0.2,0.6177611392836933,True,True,True
489,4,Ob4.txt,58,1.046322422306498,0.5867346294394615,0.1836810412925541,0.4030535881469074,0.0,0.560758918026503,True,0.7208214694436551,0.1905441626345157,0.5302773068091394,0.05,0.6889095120934967,True,True,True
489,5,Ob5.txt,93,0.014497239203157541,0.03017118251479048,0.1549420845838999,-0.12477090206910943,0.975,2.0811674617481035,False,0.15773806555590708,0.16956443640792876,-0.011826370852021678,0.55,10.880558935769734,False,False,False
489,6,Ob6.txt,112,0.08863567937514727,0.4404762061941085,0.20353817674151725,0.23693802945259124,0.15,4.969513510804256,True,0.5767908308751216,0.1712415622781847,0.4055492685969369,0.075,6.507433969495236,True,True,True
489,7,Ob7.txt,33,0.6262040392176806,0.22113598172091464,0.26419514343190453,-0.04305916171098989,0.55,0.35313726496747094,False,0.1842178008242522,0.22071498404190232,-0.03649718321765011,0.575,0.2941817511340174,False,False,False
489,8,Ob8.txt,84,0.64134219140982,0.42141066616487244,0.10549508399179075,0.3159155821730817,0.1,0.6570761627868477,True,0.46476868015605394,0.1532890900489898,0.31147959010706416,0.05,0.724681279948827,True,True,True
489,9,Ob9.txt,37,0.027784022433907984,0.38321273185676574,0.25670033232964296,0.1265123995271228,0.25,13.792557674769508,True,0.45673802053329027,0.19980986835577907,0.2569281521775112,0.175,16.438873155237637,True,True,True
489,10,Ob10.txt,36,0.9692297101415682,0.7649878684958622,0.27274074124839875,0.49224712724746345,0.1,0.789274060102972,True,0.694616708458728,0.3001379724106981,0.3944787360480299,0.125,0.7166688156487387,True,True,True
489,11,Ob11.txt,119,0.28604440568570244,0.10078328991172325,0.11897384874395732,-0.01819055883223407,0.55,0.3523344204901567,False,0.24276861835141045,0.14365035360288558,0.09911826474852486,0.3,0.848709548328513,True,False,True
489,12,Ob12.txt,91,0.3474406508716038,0.15444845227875842,0.2594485072004724,-0.10500005492171399,0.7,0.44453189887626193,False,0.06116151171272871,0.17592155915169677,-0.11476004743896806,0.75,0.1760344149692802,False,False,False
489,13,Ob13.txt,102,0.409306037207146,0.16556446812438147,0.1418873113402462,0.02367715678413526,0.45,0.4045004301771167,False,0.12251390247436397,0.19348340411679907,-0.0709695016424351,0.75,0.29932102470396943,False,False,False
489,14,Ob14.txt,47,0.23101257728421165,0.41329376016757635,0.2866332104944703,0.12666054967310603,0.275,1.789053068132765,True,0.0864872202481777,0.2699825082429399,-0.1834952879947622,0.875,0.37438316677352873,False,False,True
489,15,Ob15.txt,96,0.29234635486751903,0.08123588086551514,0.19083103286986108,-0.10959515200434594,0.775,0.2778754703554568,False,0.21093746913365263,0.15721149886960967,0.053725970264042966,0.3,0.721532749157218,True,False,True
489,16,Ob16.txt,84,0.19168184606138228,0.06765125845534081,0.15830119533983442,-0.0906499368844936,0.8,0.352935136244863,False,0.2162445496112866,0.19416068880599227,0.022083860805294342,0.4,1.1281430873847,False,False,False
489,17,Ob17.txt,122,0.39101459816498046,0.39790477692491916,0.17782077133742152,0.22008400558749763,0.175,1.0176212826638036,True,0.18320735663892335,0.22132068847131237,-0.03811333183238902,0.6,0.46854352113376296,False,False,True
489,18,Ob18.txt,103,0.07231710884401199,0.0013420714210646278,0.7685760037457953,-0.7672339323247306,0.675,0.01855814540317805,False,0.050940440690554575,0.3669865413393112,-0.3160461006487566,0.675,0.7044037227820198,False,False,False
489,19,Ob19.txt,143,0.10482122281246403,0.12295959996959843,0.22462353502052967,-0.10166393505093124,0.7,1.1730410757522436,False,0.25663912815644335,0.15150491552166553,0.10513421263477782,0.15,2.448350832689647,True,False,True
490,1,Ob1.txt,28,0.2341916514211332,0.6007818011574521,0.21196618534526862,0.38881561581218343,0.05,2.565342519734408,True,0.6342027045695104,0.18802445303325455,0.4461782515362559,0.025,2.7080500125474614,True,True,True
490,2,Ob2.txt,43,0.19859705484234957,0.09562681289193764,0.14462321721258853,-0.04899640432065089,0.625,0.48151173726039476,False,0.07910655885285,0.23678016897495324,-0.15767361012210324,0.85,0.39832694858262835,False,False,False
490,3,Ob3.txt,40,0.20056853526132418,0.36468863346402136,0.23322992130587464,0.13145871215814672,0.3,1.8182744017592904,True,0.20619831873539152,0.3298532360417589,-0.1236549173063674,0.625,1.0280691259311048,False,False,True
490,4,Ob4.txt,58,0.21276311567118722,0.35999394996071565,0.2844137805376854,0.07558016942303025,0.4,1.6919941636738622,False,0.06611543098954584,0.2734438569014955,-0.20732842591194964,0.85,0.3107466760908094,False,False,False
490,5,Ob5.txt,93,0.3598892733945675,0.2427566771727985,0.17756362245314347,0.06519305471965503,0.25,0.6745315715665976,True,0.2334022900051308,0.18363264604990892,0.049769643955221876,0.375,0.648539168182538,False,False,True
490,6,Ob6.txt,112,0.2810872727138048,0.24671843843838348,0.2025714152342682,0.04414702320411529,0.475,0.8777289560512592,False,0.06725392315021778,0.22977554355083019,-0.1625216204006124,0.825,0.23926349457555782,False,False,False
490,7,Ob7.txt,33,0.4583603637908201,0.40784256231536276,0.2696444956414151,0.13819806667394763,0.3,0.8897858421752367,True,0.013822180828179181,0.271690864864141,-0.25786868403596186,1.0,0.030155706994087185,False,False,True
490,8,Ob8.txt,84,0.38907549438123734,0.09990412123877397,0.15389803515286826,-0.05399391391409429,0.65,0.25677310106013124,False,0.23837452647330346,0.26375384511736044,-0.025379318644056986,0.55,0.6126690832903784,False,False,False
490,9,Ob9.txt,37,0.33446638339823176,0.46328573645308646,0.26476887761912576,0.1985168588339607,0.2,1.3851488802731968,True,0.4922509488125115,0.25037408959218566,0.24187685922032587,0.25,1.4717501466400402,True,True,True
490,10,Ob10.txt,36,0.01087660003669591,0.5942914489152401,0.2695913309309186,0.3247001179843215,0.15,54.6394504633981,True,0.14349471951251777,0.31588249686646674,-0.17238777735394897,0.75,13.192975656766777,False,False,True
490,11,Ob11.txt,119,0.4910152363409489,0.19811052814743568,0.132383061002621,0.06572746714481467,0.4,0.4034712438329971,False,0.12136922906956255,0.20216316704243817,-0.08079393797287562,0.675,0.24718016893733769,False,False,False
490,12,Ob12.txt,91,0.4482606281626077,0.3470712433812809,0.14173093759069422,0.2053403057905867,0.2,0.7742621626260247,True,0.38113039372717306,0.20171647090941208,0.17941392281776097,0.275,0.8502428493205008,True,True,True
490,13,Ob13.txt,102,0.17773216202590303,0.10088045803817425,0.14470288522226582,-0.04382242718409157,0.525,0.5675982156986968,False,0.2508292978531145,0.1998808731705508,0.050948424682563664,0.3,1.4112769179984326,True,False,True
490,14,Ob14.txt,47,0.2927203254190637,0.03849026705061348,0.2749889940807698,-0.23649872703015634,0.9,0.13149161062017173,False,0.022048445193895816,0.2758883488801206,-0.2538399036862248,0.95,0.07532256314053651,False,False,False
490,15,Ob15.txt,96,0.36196366682554815,0.4378790383402631,0.16583455410962056,0.27204448423064254,0.2,1.2097320213945757,True,0.2990614785933445,0.26508337161246476,0.03397810698087972,0.375,0.8262196071117823,False,False,True
490,16,Ob16.txt,84,0.07830672876041445,0.3681147483945949,0.18791778643031165,0.18019696196428325,0.275,4.700933805074028,True,0.38300970587651056,0.16387313557516306,0.2191365703013475,0.175,4.891146801041309,True,True,True
490,17,Ob17.txt,122,0.5412363894743635,0.27370585228876854,0.13788447757800668,0.13582137471076186,0.25,0.5057048225352797,True,0.19606017169532497,0.15002404491854265,0.046036126776782316,0.4,0.3622449922218537,False,False,True
490,18,Ob18.txt,103,0.18601030528206408,0.3419604224562459,0.0,0.3419604224562459,0.05,1.838395039122702,True,0.5083246188283326,0.0,0.5083246188283326,0.0,2.732776649430871,True,True,True
490,19,Ob19.txt,143,0.008195764353516238,0.12116888493380625,0.09367363769929465,0.02749524723451159,0.325,14.784330015762473,False,0.2319315726361878,0.13453460544450946,0.09739696719167834,0.325,28.298955732747725,True,False,True
491,1,Ob1.txt,28,0.6022354870309599,0.21559994212107225,0.20518133834876517,0.010418603772307078,0.475,0.3579993985143367,False,0.21223808731848307,0.25115494128871785,-0.03891685397023478,0.575,0.35241710574848983,False,False,False
491,2,Ob2.txt,43,0.17449965230282335,0.45526257722336394,0.22785266031033352,0.22740991691303042,0.075,2.608959795709564,True,0.22078622068202147,0.1879029995813516,0.03288322110066988,0.425,1.2652530693807533,False,False,True
491,3,Ob3.txt,40,0.4962657326163025,0.5476017916041455,0.22187773822055226,0.3257240533835932,0.1,1.103444698301453,True,0.29851998022792614,0.20077858184626862,0.09774139838165752,0.425,0.6015325270478279,False,False,True
491,4,Ob4.txt,58,0.16162420205391687,0.477379642756793,0.14914997905971009,0.32822966369708295,0.15,2.9536395953716266,True,0.34852850764989024,0.20602870015045727,0.14249980749943297,0.225,2.156412859094105,True,True,True
491,5,Ob5.txt,93,0.1814939551485345,0.02024569288057032,0.17577899982462505,-0.15553330694405473,0.925,0.11155023242510342,False,0.21741393046223356,0.23574624788955828,-0.018332317427324718,0.55,1.1979127915544194,False,False,False
491,6,Ob6.txt,112,0.2353115585133015,0.03627269576773742,0.15026588883382738,-0.11399319306608996,0.925,0.15414753103038512,False,0.14129663792652503,0.15682499105340109,-0.01552835312687606,0.575,0.6004662024221727,False,False,False
491,7,Ob7.txt,33,0.43820875846548746,0.16092464235377837,0.26108946261740773,-0.10016482026362936,0.75,0.3672328296616018,False,0.21240451874265692,0.3225060281462142,-0.11010150940355728,0.575,0.4847108019621783,False,False,False
491,8,Ob8.txt,84,0.13359740379095691,0.3481469800106408,0.16850417427760628,0.17964280573303454,0.175,2.6059412094219647,True,0.16881759650424033,0.139811542873918,0.029006053630322326,0.425,1.2636293199858382,False,False,True
491,9,Ob9.txt,37,0.658993721466821,0.0039967029320347736,0.22447320379978952,-0.22047650086775475,0.975,0.006064857375482597,False,0.1576506431566042,0.2934546525652453,-0.13580400940864107,0.65,0.23922935533543108,False,False,False
491,10,Ob10.txt,36,0.6742938199531997,0.17401918990427354,0.24818367459370952,-0.07416448468943598,0.675,0.2580762046971624,False,0.3152888355128061,0.25654794849765744,0.05874088701514868,0.425,0.4675837538221679,False,False,False
491,11,Ob11.txt,119,0.47983924319546284,0.49151017395329843,0.1731491852770665,0.31836098867623197,0.075,1.0243225849559816,True,0.3372589603186988,0.16745137826270234,0.16980758205599644,0.225,0.7028582282531571,True,True,True
491,12,Ob12.txt,91,0.13631159887924357,0.2549499496128151,0.20379823238613248,0.0511517172266826,0.4,1.8703467035015229,False,0.15687024546343056,0.2288026934776907,-0.07193244801426013,0.6,1.150820962803023,False,False,False
491,13,Ob13.txt,102,0.46987001088246827,0.016085842783932214,0.04392825482422946,-0.02784241204029725,0.55,0.03423466578282195,False,0.023318124869501494,0.014931462997629263,0.00838666187187223,0.45,0.04962675703798899,False,False,False
491,14,Ob14.txt,47,0.48703253736309227,0.1687925163950809,0.2333641113687001,-0.06457159497361922,0.65,0.34657338770210905,False,0.28415941988675864,0.2232326802530198,0.06092673963373885,0.4,0.5834505871522753,False,False,False
491,15,Ob15.txt,96,0.592268666673587,0.3128524848852244,0.18040075418283397,0.1324517307023904,0.275,0.5282273104912447,True,0.043600443114709744,0.11451037817655102,-0.07090993506184128,0.825,0.07361598809470526,False,False,True
491,16,Ob16.txt,84,0.3098752944221639,0.04459894691979119,0.20379049853338746,-0.15919155161359627,0.875,0.14392546847904258,False,0.43142841696824574,0.10912065122672773,0.322307765741518,0.075,1.3922646455979866,True,False,True
491,17,Ob17.txt,122,0.07661382599478372,0.22757299800210834,0.17899889683437353,0.04857410116773481,0.4,2.9703907231783817,False,0.10326798858130817,0.18578373228396072,-0.08251574370265255,0.8,1.3479027739502163,False,False,False
491,18,Ob18.txt,103,0.05759927072693058,0.10551073610113156,0.23759248631997143,-0.1320817502188399,0.625,1.8318068053559564,False,0.2160265115850699,0.3512201560710778,-0.1351936444860079,0.675,3.750507755718278,False,False,False
491,19,Ob19.txt,143,0.02419423825828483,0.2643624089512968,0.14071585515386448,0.12364655379743233,0.125,10.926667999591647,True,0.19925220300632768,0.25167508643064557,-0.05242288342431789,0.575,8.235522890996487,False,False,True
492,1,Ob1.txt,28,0.4098500665275162,0.08745279026916394,0.2732659623362359,-0.18581317206707196,0.9,0.2133775187841591,False,0.15124519413180298,0.2554705851302096,-0.10422539099840661,0.8,0.36902566690604355,False,False,False
492,2,Ob2.txt,43,0.3643726934596534,0.17337390561021307,0.2757211930239999,-0.10234728741378682,0.7,0.4758147597836131,False,0.10549821765041881,0.28061594937425816,-0.17511773172383935,0.725,0.2895338194767894,False,False,False
492,3,Ob3.txt,40,0.39526756459707707,0.2528607787186868,0.3090686610325446,-0.056207882313857815,0.6,0.6397205370909825,False,0.3124742678746287,0.24836398634913248,0.0641102815254962,0.4,0.790538601853544,False,False,False
492,4,Ob4.txt,58,0.32261434883212664,0.10901395499820515,0.1834824903753614,-0.07446853537715625,0.625,0.33790795540507995,False,0.17410749143619808,0.2922472375869424,-0.1181397461507443,0.65,0.5396768372717218,False,False,False
492,5,Ob5.txt,93,0.34827068925663374,0.013217775602729423,0.1678255395180013,-0.15460776391527187,0.975,0.03795259265412803,False,0.30782183191510415,0.1700577791097959,0.13776405280530826,0.25,0.8838579915299055,True,False,True
492,6,Ob6.txt,112,0.7389748124576072,0.05631451402274473,0.09686740356664224,-0.040552889543897505,0.725,0.07620626992070224,False,0.014774806456438194,0.21801911253375938,-0.2032443060773212,0.925,0.019993653650117852,False,False,False
492,7,Ob7.txt,33,0.7415772701080539,0.22381940324992372,0.2764541040407809,-0.05263470079085719,0.625,0.3018153498924143,False,0.3881651229018436,0.394189254435608,-0.00602413153376441,0.525,0.5234317967233337,False,False,False
492,8,Ob8.txt,84,0.2477991224303603,0.20543217638194483,0.22664698569575706,-0.021214809313812227,0.575,0.8290270537163748,False,0.05776221062214526,0.23041545807447683,-0.17265324745233157,0.9,0.2331009490898352,False,False,False
492,9,Ob9.txt,37,0.14864899014055477,0.7171838345707031,0.2644187466724381,0.45276508789826503,0.05,4.824680166966297,True,0.5147157429903354,0.288916430830775,0.2257993121595604,0.225,3.4626252253960614,True,True,True
492,10,Ob10.txt,36,0.7906064282229421,0.30285005439651547,0.21622955603996913,0.08662049835654634,0.325,0.3830604502890725,True,0.1440545154979084,0.2709328783777963,-0.12687836287988788,0.8,0.18220761981622371,False,False,True
492,11,Ob11.txt,119,0.585006857517697,0.08916663309401046,0.17622299925332352,-0.08705636615931306,0.65,0.15241980832902133,False,0.046233735115160435,0.15018314282524137,-0.10394940771008093,0.825,0.07903109941538049,False,False,False
492,12,Ob12.txt,91,0.40785555308581045,0.2697440073966405,0.1636818617478345,0.106062145648806,0.325,0.6613714226906405,True,0.03025059838741584,0.2290710596703588,-0.19882046128294295,0.925,0.074169882348154,False,False,True
492,13,Ob13.txt,102,0.45679237726540545,0.4169732936449974,0.19753386316159124,0.21943943048340617,0.225,0.9128289227180506,True,0.5154275910413866,0.22675036557174233,0.28867722546964425,0.05,1.1283629427596882,True,True,True
492,14,Ob14.txt,47,0.33689042454721285,0.10117298025184149,0.24558103710799772,-0.14440805685615624,0.85,0.3003142056881548,False,0.2298479427385203,0.20283701141209245,0.027010931326427845,0.425,0.6822632107975176,False,False,False
492,15,Ob15.txt,96,0.09072215765521185,0.41111766648467235,0.23096282126146167,0.18015484522321068,0.15,4.531612531164863,True,0.14663041175872032,0.2200919222419846,-0.07346151048326427,0.675,1.6162579853533348,False,False,True
492,16,Ob16.txt,84,0.12109016695964378,0.37493604501086103,0.18492534287826734,0.1900107021325937,0.125,3.096337666590364,True,0.5619961240036844,0.19018846728203298,0.3718076567216514,0.025,4.641137576356495,True,True,True
492,17,Ob17.txt,122,0.3341093785477198,0.24456622940995765,0.1385343535789268,0.10603187583103085,0.35,0.7319945057304849,True,0.15828556395380247,0.17957792653643412,-0.021292362582631646,0.55,0.4737537289190313,False,False,True
492,18,Ob18.txt,103,0.002985050136111417,0.13696079749559897,0.007879723222340207,0.12908107427325877,0.025,45.88224359742778,True,0.23814182523529642,0.01325143921423827,0.22489038602105815,0.0,79.77816598602276,True,True,True
492,19,Ob19.txt,143,0.17478055302590015,0.08741621753971468,0.11033823879843915,-0.022922021258724473,0.55,0.5001484205554652,False,0.22953212862564387,0.15736684071111212,0.07216528791453175,0.4,1.3132589676131203,False,False,False
493,1,Ob1.txt,28,0.7591857437691346,0.7242421778033783,0.23280207542740827,0.49144010237597,0.075,0.9539723101328645,True,0.7206278372339108,0.248881638953106,0.4717461982808048,0.05,0.949211498171982,True,True,True
493,2,Ob2.txt,43,0.573308604093817,0.19463107441027389,0.2049783312204161,-0.010347256810142202,0.525,0.3394874471104644,False,0.0028010216361839674,0.3323343129701777,-0.3295332913339937,1.0,0.004885713586335091,False,False,False
493,3,Ob3.txt,40,0.013078996887961214,0.2682174921104178,0.16381305226210147,0.10440443984831632,0.375,20.507497203956305,False,0.0634905367742492,0.29262031656529713,-0.22912977979104793,0.85,4.854388858574479,False,False,False
493,4,Ob4.txt,58,0.8762451293904995,0.2521819052229707,0.30262240695358666,-0.05044050173061598,0.6,0.2877983531827263,False,0.21470522084922786,0.32869888214871323,-0.11399366129948538,0.75,0.24502871816083358,False,False,False
493,5,Ob5.txt,93,0.4874091486323064,0.10973600737617337,0.16666814751815234,-0.056932140141978976,0.6,0.22514146007332422,False,0.20350023126389954,0.15677188883039056,0.046728342433508985,0.475,0.4175141805091903,False,False,False
493,6,Ob6.txt,112,0.04952243350445686,0.061186299606828365,0.2403684739470961,-0.17918217434026773,0.9,1.235526917337812,False,0.057339369984302335,0.20909218109975783,-0.1517528111154555,0.9,1.157846372374693,False,False,False
493,7,Ob7.txt,33,0.716900277771806,0.6340729450225857,0.30120787943316735,0.33286506558941836,0.3,0.8844646385036208,True,0.3653740469550643,0.3493303877747661,0.01604365918029821,0.475,0.509658118826068,False,False,True
493,8,Ob8.txt,84,0.45081251182523985,0.5749038644963087,0.1536995452228947,0.421204319273414,0.0,1.2752615542293857,True,0.10406764626830242,0.1867601810808756,-0.08269253481257319,0.7,0.23084462728630936,False,False,True
493,9,Ob9.txt,37,0.4708075634953122,0.8403341480125053,0.20988577059602226,0.6304483774164831,0.025,1.7848781820194195,True,0.4748769370842538,0.1771500430567377,0.2977268940275161,0.125,1.0086433904305407,True,True,True
493,10,Ob10.txt,36,0.3273100542689914,0.13330710065401905,0.27269588171782944,-0.1393887810638104,0.8,0.40728079970456393,False,0.1084893408703607,0.2238248901653116,-0.11533554929495089,0.775,0.3314574039366402,False,False,False
493,11,Ob11.txt,119,0.15225868444767057,0.09824552330454922,0.18924711612083955,-0.09100159281629033,0.725,0.6452539877179551,False,0.004277153993128779,0.21700494104752618,-0.2127277870543974,1.0,0.028091363120891697,False,False,False
493,12,Ob12.txt,91,0.1766627165888422,0.18637796770051596,0.20897895600744154,-0.022600988306925585,0.525,1.0549932170141176,False,0.0455843618659974,0.23675775527472565,-0.19117339340872824,0.875,0.2580304590927844,False,False,False
493,13,Ob13.txt,102,0.021978539227126198,0.14160869768027293,0.12835087559312158,0.013257822087151344,0.375,6.443044108477311,False,0.2052451734441227,0.2198661741085646,-0.014621000664441886,0.725,9.338435613173347,False,False,False
493,14,Ob14.txt,47,0.03197353262578889,0.3522233375361722,0.2622192168816033,0.09000412065456886,0.225,11.016090766651146,True,0.2583374315230302,0.23594351003484446,0.022393921488185725,0.375,8.079727521714725,False,False,True
493,15,Ob15.txt,96,0.4995575235484775,0.08015100548362569,0.2481166771931002,-0.16796567170947452,0.925,0.16044399634759535,False,0.06005082830275721,0.29735678454826764,-0.23730595624551043,0.725,0.12020803505510577,False,False,False
493,16,Ob16.txt,84,0.10434940760104347,0.16960719678503716,0.21412511617537727,-0.04451791939034011,0.65,1.6253776680121865,False,0.5310585563245696,0.1745555144200507,0.35650304190451887,0.025,5.089234031447047,True,False,True
493,17,Ob17.txt,122,0.05952095900928783,0.5084696528212604,0.1604114293990747,0.34805822342218573,0.125,8.542699265680804,True,0.21262580918471607,0.16055773174488513,0.05206807743983094,0.4,3.572284666171748,False,False,True
493,18,Ob18.txt,103,0.19857108847609983,0.15328372498208154,0.6197533753647789,-0.4664696503826974,0.675,0.7719337500661929,False,0.27965423539391615,0.8378845324590877,-0.5582302970651716,0.675,1.4083330939064451,False,False,False
493,19,Ob19.txt,143,0.0023253281860898256,0.05456310974250014,0.10206131274424701,-0.04749820300174687,0.7,23.46469202450566,False,0.04321136603283263,0.1173126957134552,-0.07410132968062258,0.825,18.582910701089055,False,False,False
494,1,Ob1.txt,28,0.7489814925017195,0.4257734068448358,0.2579190908952826,0.1678543159495532,0.225,0.5684698635512122,True,0.31621974203103975,0.25333522456543345,0.0628845174656063,0.425,0.42219967408649123,False,False,True
494,2,Ob2.txt,43,0.4915828069919239,0.15303390091897812,0.22383467942563115,-0.07080077850665303,0.675,0.3113084891138031,False,0.21688863114302848,0.2512747609896112,-0.034386129846582736,0.6,0.44120467204743324,False,False,False
494,3,Ob3.txt,40,0.4490605525114125,0.074247321242558,0.27681805810600446,-0.20257073686344645,0.925,0.16533921946009958,False,0.3984526530542809,0.21442581867907506,0.18402683437520584,0.225,0.8873027274960976,True,False,True
494,4,Ob4.txt,58,0.06911152059890034,0.2054798814800677,0.22673746281867307,-0.021257581338605364,0.55,2.973163948636042,False,0.025950230316778594,0.29708696501369114,-0.2711367346969126,0.95,0.37548342290694003,False,False,False
494,5,Ob5.txt,93,0.27325411117394144,0.23418554319702456,0.15899218906725693,0.07519335412976763,0.325,0.8570247751842696,True,0.8416767077403358,0.22719495973414716,0.6144817480061886,0.0,3.080197784122493,True,True,True
494,6,Ob6.txt,112,0.3823363678916683,0.15302593374981938,0.18588909778655563,-0.03286316403673625,0.575,0.40023902145028994,False,0.021246220935512317,0.16839480181797842,-0.1471485808824661,0.975,0.055569448056095594,False,False,False
494,7,Ob7.txt,33,0.05733526368967323,0.08371021529644482,0.2835498912896671,-0.1998396759932223,0.775,1.4600127375279175,False,0.23940337746726248,0.20304749658631807,0.03635588088094441,0.325,4.175499719736736,True,False,True
494,8,Ob8.txt,84,0.008889754169860625,0.10085652149744352,0.17304281917280268,-0.07218629767535915,0.65,11.345254274790005,False,0.009701156020987894,0.3017352457942749,-0.29203408977328704,0.975,1.091273823282786,False,False,False
494,9,Ob9.txt,37,0.2209101117006842,0.13688871107565892,0.3158206140890897,-0.17893190301343076,0.75,0.6196579686724903,False,0.427699255136035,0.2619434761096344,0.1657557790264006,0.25,1.9360782168067245,True,False,True
494,10,Ob10.txt,36,0.6497316566428323,0.03823693177285295,0.25989154947282656,-0.2216546176999736,0.95,0.05885034441822248,False,0.05571562754737373,0.22160379626705035,-0.1658881687196766,0.85,0.08575175147730486,False,False,False
494,11,Ob11.txt,119,0.11796343758897912,0.0503471255725485,0.16292572517916823,-0.11257859960661973,0.8,0.42680280094899714,False,0.016796796924537255,0.2208576974265533,-0.20406090050201606,0.9,0.14238985627955722,False,False,False
494,12,Ob12.txt,91,0.022813800772580883,0.1498319344282938,0.21818284007548422,-0.06835090564719043,0.675,6.567600722119551,False,0.13839140865318889,0.1908524523734798,-0.05246104372029092,0.625,6.0661268165152356,False,False,False
494,13,Ob13.txt,102,0.4464121630949236,0.2856633349128785,0.0,0.2856633349128785,0.0,0.6399093898616198,True,0.5301436542462217,0.0,0.5301436542462217,0.0,1.1875654340840478,True,True,True
494,14,Ob14.txt,47,0.5604195642739199,0.09002331195399901,0.20366513810692194,-0.11364182615292293,0.725,0.1606355625193658,False,0.0480851627047294,0.18722051627600658,-0.13913535357127718,0.925,0.08580207717592547,False,False,False
494,15,Ob15.txt,96,0.0705915252336258,0.076911769482199,0.13936071504370212,-0.06244894556150313,0.675,1.0895326206319536,False,0.06848564562596693,0.2681572031054323,-0.19967155747946536,0.9,0.970168095947929,False,False,False
494,16,Ob16.txt,84,0.1470403077886141,0.18638714460286698,0.20361979336160377,-0.017232648758736785,0.55,1.2675921820758027,False,0.41014839960107563,0.17403369477837177,0.23611470482270386,0.1,2.7893603173811843,True,False,True
494,17,Ob17.txt,122,0.2527193420528889,0.5710362923467442,0.19135737013987325,0.379678922206871,0.0,2.2595670268373773,True,0.4613736099351058,0.20537651088489162,0.25599709905021417,0.1,1.8256363212537565,True,True,True
494,18,Ob18.txt,103,0.10313544653877177,0.15845195968957493,0.027105452447531764,0.13134650724204316,0.025,1.5363482198141063,True,0.07093288131198378,0.015400694269514764,0.05553218704246901,0.075,0.6877643302326513,True,True,True
494,19,Ob19.txt,143,0.0946613776135089,0.08793369881179064,0.08748322687479018,0.0004504719370004573,0.5,0.9289289996477067,False,0.20815077927611306,0.07022347078479896,0.1379273084913141,0.125,2.1988986905088983,True,False,True
495,1,Ob1.txt,28,0.35611653050745107,0.14348187664371745,0.27980269500276084,-0.1363208183590434,0.7,0.4029070945941819,False,0.43668511678428246,0.33176166617956504,0.10492345060471742,0.275,1.226242197075279,True,False,True
495,2,Ob2.txt,43,0.02700174709619954,0.40510161918611653,0.17107175849513756,0.23402986069097897,0.125,15.002792883840247,True,0.35766001698587735,0.2495616862627042,0.10809833072317315,0.275,13.245810195600917,True,True,True
495,3,Ob3.txt,40,0.5219528246820531,0.18942877196406016,0.3370810495947215,-0.14765227763066135,0.7,0.3629231666280386,False,0.23419583776057207,0.3403406466948382,-0.10614480893426614,0.6,0.4486915803228619,False,False,False
495,4,Ob4.txt,58,0.18181330966918596,0.1976053403390594,0.16081437967105078,0.03679096066800863,0.425,1.086858496215747,False,0.06128598530040391,0.16493299662029554,-0.10364701131989162,0.9,0.33708195187643497,False,False,False
495,5,Ob5.txt,93,0.40888289428025504,0.021100384125770408,0.16640939966764995,-0.14530901554187953,0.975,0.051604956873808124,False,0.05872004415038527,0.20672208909697287,-0.14800204494658759,0.825,0.14361090906908322,False,False,False
495,6,Ob6.txt,112,0.1645381938388652,0.25210779267856925,0.19695417893274797,0.055153613745821284,0.35,1.5322144165838014,True,0.48614413915528587,0.18188685957071055,0.3042572795845753,0.125,2.9545975181383985,True,True,True
495,7,Ob7.txt,33,0.41206802644970575,0.39138878735133104,0.19045798465345712,0.20093080269787392,0.3,0.9498159581160838,True,0.07531063077034016,0.31186484887332333,-0.23655421810298316,0.85,0.18276261669511518,False,False,True
495,8,Ob8.txt,84,0.036527975178267065,0.29116440159593826,0.19270472397127458,0.09845967762466368,0.375,7.97099757582981,False,0.4921014086070016,0.14408348586479852,0.34801792274220306,0.1,13.47190492233431,True,False,True
495,9,Ob9.txt,37,0.5972078667281191,0.39703627429984256,0.31265716932991905,0.08437910496992351,0.45,0.6648209047798673,False,0.2384094731622899,0.2589421180129079,-0.02053264485061801,0.55,0.39920685316562754,False,False,False
495,10,Ob10.txt,36,0.284084747905819,0.5153015067140416,0.26468583020986014,0.2506156765041815,0.2,1.8139006423705528,True,0.04613276548850444,0.23949719136237066,-0.1933644258738662,0.85,0.16239085635036826,False,False,True
495,11,Ob11.txt,119,0.12600457642852447,0.36357972986348414,0.20180807075721635,0.16177165910626778,0.15,2.885448609636199,True,0.12088317782440082,0.17899607958206776,-0.05811290175766694,0.6,0.9593554555772128,False,False,True
495,12,Ob12.txt,91,0.18038509530896593,0.1997280845450904,0.15569434129654186,0.04403374324854853,0.425,1.1072316379742657,False,0.008649695896877321,0.27638299204244254,-0.26773329614556524,0.975,0.04795127824758476,False,False,False
495,13,Ob13.txt,102,0.1518712931539654,0.1011467431373916,0.0006011683354959496,0.10054557480189565,0.025,0.6660030413703674,True,0.12104503059364728,0.005501823309547044,0.11554320728410024,0.3,0.797023769797846,True,True,True
495,14,Ob14.txt,47,0.4863466216118979,0.21820997103614712,0.24224700068197652,-0.024037029645829405,0.525,0.44867171136695494,False,0.42579084942043455,0.22710838237823955,0.198682467042195,0.25,0.8754884489774732,True,False,True
495,15,Ob15.txt,96,0.03566820846207286,0.0378654728184131,0.16817296631546,-0.1303074934970469,0.9,1.0616028797374744,False,0.01930950295511466,0.2459240364667369,-0.22661453351162225,0.95,0.5413645312645032,False,False,False
495,16,Ob16.txt,84,0.2548882648215014,0.15520195741975723,0.2322260112824271,-0.07702405386266986,0.675,0.6089019340629329,False,0.17289279123864681,0.2801430717176353,-0.10725028047898849,0.65,0.6783081651865137,False,False,False
495,17,Ob17.txt,122,0.037288837676283076,0.133697021851097,0.1642826078981756,-0.03058558604707859,0.675,3.5854435317015176,False,0.14059051435267234,0.13773801087988533,0.0028525034727870102,0.475,3.7703109861773063,False,False,False
495,18,Ob18.txt,103,0.19321954391950694,0.09085628361835776,0.0,0.09085628361835776,0.325,0.47022305184721613,True,0.21589404972786674,0.0,0.21589404972786674,0.325,1.117350995393125,True,True,True
495,19,Ob19.txt,143,0.28314368757962094,0.18181219386755096,0.09009673112687187,0.09171546274067909,0.1,0.6421198912175105,True,0.15796309401736008,0.06999654060052012,0.08796655341683997,0.125,0.5578902195124528,True,True,True
496,1,Ob1.txt,28,0.6132981157534857,0.17300399874224512,0.29266250541885996,-0.11965850667661485,0.6,0.2820879345596813,False,0.2978657911234962,0.27562443158822425,0.022241359535271954,0.475,0.4856786340482137,False,False,False
496,2,Ob2.txt,43,0.00032091600757433447,0.8169209078302893,0.23361242013771813,0.5833084876925712,0.0,2545.5910224143745,True,0.43641787992709724,0.2531453715406986,0.18327250838639864,0.15,1359.9130913592985,True,True,True
496,3,Ob3.txt,40,0.6056517450598407,0.2549363661209022,0.2808136396753718,-0.025877273554469615,0.55,0.42092897147636144,False,0.30205243568642004,0.2758080079358003,0.026244427750619748,0.45,0.49872296769585983,False,False,False
496,4,Ob4.txt,58,0.02903359239558584,0.2141566476817182,0.25425973151338344,-0.04010308383166525,0.675,7.376167742655152,False,0.19155821181413843,0.2563075557162712,-0.06474934390213274,0.65,6.597812947296947,False,False,False
496,5,Ob5.txt,93,0.1984359928453035,0.19041643051079893,0.22848066079080065,-0.03806423028000172,0.575,0.9595861505792629,False,0.010238054888212056,0.18401758540922444,-0.1737795305210124,0.925,0.05159373932829528,False,False,False
496,6,Ob6.txt,112,0.25423659850893476,0.4675306842024213,0.17243470703379146,0.2950959771686298,0.125,1.8389590127638158,True,0.12298572983837486,0.18080317465373882,-0.057817444815363966,0.625,0.4837451828716655,False,False,True
496,7,Ob7.txt,33,0.17675806428739926,0.1828933340691616,0.20081035228275998,-0.017917018213598368,0.55,1.0347099851228667,False,0.11744538498474671,0.2936116532957126,-0.17616626831096588,0.775,0.6644414525483077,False,False,False
496,8,Ob8.txt,84,0.26629067600346495,0.31870855695975997,0.1810305933566719,0.13767796360308807,0.25,1.1968445975765707,True,0.5294280860910923,0.14585274363307688,0.3835753424580154,0.025,1.9881585567952946,True,True,True
496,9,Ob9.txt,37,0.3953606241700579,0.09576321153467798,0.24378391330718177,-0.1480207017725038,0.8,0.2422173723943915,False,0.06833088201314791,0.3041636831079394,-0.2358328010947915,0.95,0.1728317840366331,False,False,False
496,10,Ob10.txt,36,0.41474424810053057,0.23660634898116656,0.22749954203587278,0.009106806945293783,0.45,0.570487354712669,False,0.27972596921515763,0.2838244523335588,-0.004098483118401164,0.5,0.6744541256358891,False,False,False
496,11,Ob11.txt,119,0.14421224530525023,0.0891650623187516,0.17396571502020386,-0.08480065270145226,0.725,0.6182905073700107,False,0.14063578246156683,0.20512946530761123,-0.0644936828460444,0.625,0.9752000058239632,False,False,False
496,12,Ob12.txt,91,0.4382615324366878,0.28708573161303014,0.19755241818171568,0.08953331343131446,0.35,0.6550557381042863,True,0.5315419739831617,0.13665337806003575,0.394888595923126,0.05,1.2128419554138017,True,True,True
496,13,Ob13.txt,102,0.3347099346966935,0.0058830361821179955,0.0,0.0058830361821179955,0.425,0.01757652095821138,False,0.04084397550117702,0.0,0.04084397550117702,0.425,0.12202797487379302,False,False,False
496,14,Ob14.txt,47,0.47119797856339163,0.058186986573069185,0.24693414740388908,-0.18874716083081988,0.825,0.12348734336779656,False,0.4165132032817951,0.2510310055872206,0.1654821976945745,0.25,0.8839452252144167,True,False,True
496,15,Ob15.txt,96,0.44592696599799275,0.12800162458667608,0.2403595209102385,-0.11235789632356241,0.725,0.2870461630419817,False,0.45815979643355287,0.17804847760127313,0.28011131883227974,0.05,1.0274323630735873,True,False,True
496,16,Ob16.txt,84,0.232256762860935,0.21070295631597835,0.1803968448533254,0.03030611146265294,0.45,0.9071983683942839,False,0.4223744135125912,0.1513361084119403,0.27103830510065086,0.05,1.8185666945056416,True,False,True
496,17,Ob17.txt,122,0.071388599802995,0.11402315765357685,0.1908092433602789,-0.07678608570670206,0.7,1.5972180147563726,False,0.11989865667704724,0.22522054930426752,-0.10532189262722028,0.725,1.679521058095008,False,False,False
496,18,Ob18.txt,103,0.4037639901570898,0.02433479093618443,0.13152886198411376,-0.10719407104792933,0.5,0.060269839632594906,False,0.008382861750811085,0.13590367166191916,-0.1275208099111081,0.6,0.020761786477168555,False,False,False
496,19,Ob19.txt,143,0.3106560850067901,0.29401543457162455,0.23953284181323603,0.054482592758388515,0.3,0.9464338500409486,True,0.20274652252146055,0.12272089940352662,0.08002562311793393,0.225,0.6526397914176671,True,True,True
497,1,Ob1.txt,28,0.6194645868509511,0.6446223553238425,0.21895614105042732,0.42566621427341517,0.0,1.0406121173137288,True,0.6343371550575827,0.2917312536059049,0.3426059014516778,0.125,1.0240087464599652,True,True,True
497,2,Ob2.txt,43,0.27260667401195493,0.44797931837174604,0.17090941056548675,0.2770699078062593,0.075,1.6433175012879555,True,0.4680608637629178,0.14164658892840937,0.3264142748345084,0.15,1.7169824086639616,True,True,True
497,3,Ob3.txt,40,0.8970496774829975,0.00706138580263771,0.26595854911925604,-0.25889716331661833,1.0,0.007871789021151005,False,0.24717148514893092,0.3449158674064534,-0.0977443822575225,0.6,0.2755382353432882,False,False,False
497,4,Ob4.txt,58,0.16012967876651762,0.2560044576984857,0.1952198130912905,0.06078464460719518,0.325,1.5987321005730701,True,0.24007019924742537,0.24674900190972,-0.0066788026622946195,0.55,1.4992236360972637,False,False,True
497,5,Ob5.txt,93,0.1767500378959318,0.16957949760616717,0.17645100536638902,-0.006871507760221857,0.5,0.9594311810332592,False,0.07844324826568469,0.26195696626750226,-0.18351371800181757,0.85,0.44380894736707827,False,False,False
497,6,Ob6.txt,112,0.03332294221844162,0.2418552479564781,0.1547029527853297,0.08715229517114839,0.375,7.257919975104428,False,0.331217923778194,0.19234702776039508,0.1388708960177989,0.2,9.939636230407379,True,False,True
497,7,Ob7.txt,33,0.6542203981966224,0.30332294510034286,0.2644965957688793,0.03882634933146356,0.475,0.4636403052189467,False,0.16756584537443894,0.2636943968076997,-0.09612855143326074,0.675,0.2561305728716792,False,False,False
497,8,Ob8.txt,84,0.5780648368629648,0.2921898330664369,0.2293878712384052,0.06280196182803172,0.35,0.5054620423758849,True,0.3064699301955286,0.1761479939108127,0.1303219362847159,0.325,0.5301653216941474,True,True,True
497,9,Ob9.txt,37,0.12048604028333904,0.32042836050533763,0.278999036187184,0.041429324318153604,0.425,2.659464613093828,False,0.05588954858522896,0.16246490822121273,-0.10657535963598377,0.8,0.4638674194437564,False,False,False
497,10,Ob10.txt,36,0.12048002907175814,0.18221806653155037,0.27114035832215216,-0.08892229179060179,0.725,1.5124337862088406,False,0.21549981679690972,0.2548368342705368,-0.03933701747362711,0.575,1.7886766666412206,False,False,False
497,11,Ob11.txt,119,0.3697545835113556,0.12854914923495353,0.13262689507619677,-0.0040777458412432355,0.5,0.34766073219212884,False,0.3012410680737051,0.13423984235503783,0.16700122571866727,0.2,0.8147054330279956,True,False,True
497,12,Ob12.txt,91,0.22113890495834998,0.08000608188291947,0.2798204821003042,-0.19981440021738472,0.925,0.36179107379584824,False,0.219798171854859,0.20584490718308485,0.013953264671774157,0.475,0.9939371450548536,False,False,False
497,13,Ob13.txt,102,0.4795657710966555,0.36378928164409596,0.0,0.36378928164409596,0.0,0.7585805817879671,True,0.41020029739955743,0.0,0.41020029739955743,0.0,0.8553577467831465,True,True,True
497,14,Ob14.txt,47,0.5270266327385532,0.5056794620645972,0.26092970185135234,0.2447497602132449,0.15,0.9594950817513128,True,0.3542118348921989,0.23277834330590108,0.12143349158629779,0.375,0.6720947536401181,False,False,True
497,15,Ob15.txt,96,0.6391879618686752,0.13326586751827185,0.17230413548623566,-0.03903826796796381,0.6,0.20849245522188367,False,0.20521457979202914,0.28312486991572605,-0.07791029012369691,0.625,0.32105513876087616,False,False,False
497,16,Ob16.txt,84,0.1543942139355636,0.46361451943938475,0.26434957225152544,0.1992649471878593,0.15,3.002797239751965,True,0.3873514433944749,0.20984338861991605,0.17750805477455886,0.3,2.5088468895352256,True,True,True
497,17,Ob17.txt,122,0.6568552249788298,0.2869191321093069,0.17523557713583748,0.11168355497346943,0.3,0.4368072616283965,True,0.41792730637085357,0.16721834620502704,0.25070896016582656,0.025,0.6362548252308159,True,True,True
497,18,Ob18.txt,103,0.17062993764350562,0.03873816000957753,0.14775194698783006,-0.10901378697825254,0.675,0.22703026528974382,False,0.2785898347875574,0.05128456331832648,0.2273052714692309,0.025,1.6327136880845063,True,False,True
497,19,Ob19.txt,143,0.05327562975914332,0.38195789492547777,0.20332741053802403,0.17863048438745374,0.1,7.1694674779498975,True,0.4481002836303659,0.1062138151648489,0.341886468465517,0.15,8.4109805112808,True,True,True
498,1,Ob1.txt,28,0.48936368626731686,0.34944321563043984,0.2381641171449032,0.11127909848553663,0.35,0.7140767192920708,True,0.33514244300397605,0.2692128251024478,0.06592961790152824,0.425,0.6848535198030676,False,False,True
498,2,Ob2.txt,43,0.5713062563516107,0.20516876652468877,0.2915615480181501,-0.08639278149346133,0.6,0.3591222120249591,False,0.02417979960826283,0.26953828897027404,-0.2453584893620112,0.925,0.0423237087629255,False,False,False
498,3,Ob3.txt,40,0.13502400477882692,0.26122325991202744,0.15893436492387353,0.10228889498815391,0.275,1.9346431054235016,True,0.29431695642941236,0.23964219592246466,0.054674760506947695,0.3,2.1797380170400937,True,True,True
498,4,Ob4.txt,58,0.16052977329774376,0.2761678640448525,0.2137451952059671,0.06242266883888539,0.425,1.7203529187861504,False,0.1457455321551746,0.24905300644860978,-0.10330747429343518,0.7,0.9079034322489948,False,False,False
498,5,Ob5.txt,93,0.07582545210915631,0.08291340969008272,0.22067721825801417,-0.13776380856793147,0.75,1.0934772874248448,False,0.11070144193998466,0.20422509336021974,-0.09352365142023508,0.8,1.4599509644943731,False,False,False
498,6,Ob6.txt,112,0.2937370966264836,0.3505939985610539,0.11576389241111695,0.23483010614993693,0.05,1.1935639134027036,True,0.49284786064920605,0.09629328252397472,0.3965545781252313,0.05,1.677853653179911,True,True,True
498,7,Ob7.txt,33,0.5968325369865594,0.4986719697866425,0.20829839758701207,0.29037357219963045,0.225,0.8355308045108684,True,0.22750675466445158,0.23026962446107385,-0.0027628697966222693,0.525,0.3811902678985061,False,False,True
498,8,Ob8.txt,84,0.11768867713499931,0.25192400451004027,0.1615792099042536,0.09034479460578668,0.25,2.1405967901318252,True,0.21667061550452082,0.18610822656948686,0.030562388935033963,0.425,1.8410489503249365,False,False,True
498,9,Ob9.txt,37,0.06460251486231178,0.35000655257311164,0.3499388107043513,6.774186876035149e-05,0.5,5.417847173892307,False,0.4757607272369597,0.2896715267813281,0.1860892004556316,0.15,7.364430444402282,True,False,True
498,10,Ob10.txt,36,0.4276574172332444,0.033706262410761634,0.21740016788283387,-0.18369390547207223,0.925,0.07881603604311681,False,0.2955959575696646,0.23510217452959842,0.060493783040066196,0.4,0.691198014247106,False,False,False
498,11,Ob11.txt,119,0.09699867950779575,0.03745936208233136,0.14325289734424457,-0.10579353526191321,0.9,0.3861842477898966,False,0.11263273146945849,0.14084975178390013,-0.02821702031444165,0.55,1.1611779875869983,False,False,False
498,12,Ob12.txt,91,0.20263814095722077,0.15651534379236115,0.2038646347625182,-0.047349290970157054,0.65,0.7723883719669701,False,0.01519603591241176,0.23307436072229848,-0.21787832480988673,0.975,0.07499099547907824,False,False,False
498,13,Ob13.txt,102,0.0119392944923718,0.24805114004436954,0.1599960561677745,0.08805508387659505,0.225,20.776029957452952,True,0.36480992132132994,0.13230810361791806,0.23250181770341188,0.175,30.555400200105012,True,True,True
498,14,Ob14.txt,47,0.332050141110485,0.10535242298517242,0.27313859068100294,-0.16778616769583052,0.825,0.31727865747275164,False,0.010741324451359793,0.2341027767456753,-0.22336145229431553,0.975,0.032348501390293855,False,False,False
498,15,Ob15.txt,96,0.15027234732888256,0.06260396520927682,0.11694475628207557,-0.05434079107279875,0.75,0.416603362641719,False,0.17697950406444463,0.05189668827050087,0.12508281579394376,0.125,1.1777250253309173,True,False,True
498,16,Ob16.txt,84,0.7627428720994764,0.5257806731239757,0.12161959071018344,0.4041610824137922,0.05,0.6893288581992855,True,0.41057192044860213,0.18863060207341104,0.2219413183751911,0.15,0.5382835231465206,True,True,True
498,17,Ob17.txt,122,0.08882837954951697,0.3308234113230233,0.17370901639609918,0.1571143949269241,0.175,3.7242986194362273,True,0.04097919299669428,0.16114778270265367,-0.1201685897059594,0.9,0.461329962389448,False,False,True
498,18,Ob18.txt,103,0.15559854935256082,0.1020896445411878,0.12743331450046042,-0.02534366995927262,0.6,0.6561092308763714,False,0.0007852090774825293,0.05261193075690185,-0.05182672167941932,0.8,0.005046377879162448,False,False,False
498,19,Ob19.txt,143,0.009872804771351863,0.2500181864958911,0.17955237374049887,0.07046581275539221,0.325,25.323926917037234,True,0.2303736747869511,0.12148487660929627,0.10888879817765482,0.275,23.33416694873087,True,True,True
499,1,Ob1.txt,28,0.07531700481106735,0.12291245115684893,0.31248341490102394,-0.189570963744175,0.75,1.6319349324256154,False,0.5651831166922806,0.2732151191795177,0.2919679975127629,0.15,7.504057259181271,True,False,True
499,2,Ob2.txt,43,0.013978104916768791,0.07230188023094258,0.16472596037834505,-0.09242408014740247,0.825,5.172509482612758,False,0.20036684659485232,0.26510042625818114,-0.06473357966332882,0.625,14.33433557609679,False,False,False
499,3,Ob3.txt,40,0.6944523950241943,0.7269046033787845,0.2975990370874573,0.4293055662913272,0.15,1.0467306450191731,True,0.27032835190220655,0.25434546152233817,0.015982890379868386,0.475,0.38926837006990017,False,False,True
499,4,Ob4.txt,58,0.35063286320541354,0.10094454074435949,0.20311709046367546,-0.10217254971931597,0.625,0.2878924120846667,False,0.05798206277230295,0.2626827222722166,-0.20470065949991367,0.875,0.1653640284662506,False,False,False
499,5,Ob5.txt,93,0.15017326854577712,0.024978116474195067,0.20956898330192963,-0.18459086682773457,0.9,0.16632864634348038,False,0.19903194239963978,0.13654583807679171,0.06248610432284807,0.375,1.325348674414509,False,False,False
499,6,Ob6.txt,112,0.37866888983591096,0.11694130533831809,0.24078267037534853,-0.12384136503703044,0.675,0.3088220566231158,False,0.3710759967368148,0.2464720335361637,0.12460396320065109,0.325,0.9799484634124911,True,False,True
499,7,Ob7.txt,33,0.38427088820102995,0.3628773290054234,0.31345081303632405,0.04942651596909936,0.375,0.944326880197038,False,0.18730383597344122,0.34732911149579704,-0.16002527552235582,0.725,0.48742655695389,False,False,False
499,8,Ob8.txt,84,0.02440513073119513,0.17837583254906303,0.2737741840444144,-0.09539835149535136,0.775,7.3089480451362405,False,0.41131650507257744,0.23347117027816455,0.1778453347944129,0.175,16.853689890168233,True,False,True
499,9,Ob9.txt,37,0.029780484467671862,0.07605032206654111,0.3059198066172967,-0.22986948455075557,0.825,2.553696604536349,False,0.2450793687973168,0.2958354379921172,-0.05075606919480041,0.575,8.22952927657581,False,False,False
499,10,Ob10.txt,36,0.01618229657984427,0.3961926551512044,0.22502876834599306,0.17116388680521133,0.275,24.48309195152677,True,0.21529073006627397,0.2570307892362457,-0.041740059169971755,0.575,13.304089997610577,False,False,True
499,11,Ob11.txt,119,0.22038150211223592,0.2873383655418408,0.14404829105253394,0.14329007448930683,0.175,1.3038225204377865,True,0.10533857940934138,0.16759707690809855,-0.06225849749875717,0.725,0.47798285427646525,False,False,True
499,12,Ob12.txt,91,0.8971500390378506,0.33573769473750376,0.2204322174846876,0.11530547725281615,0.325,0.37422691871870833,True,0.8254852999019882,0.16957804836053203,0.6559072515414561,0.0,0.9201195608120138,True,True,True
499,13,Ob13.txt,102,0.00856467453143353,0.0506160963078614,0.05197619434512929,-0.0013600980372678872,0.5,5.909868042515029,False,0.03915781117482309,0.0794519720149662,-0.04029416084014312,0.725,4.572013919630985,False,False,False
499,14,Ob14.txt,47,0.18503644490906104,0.278700588415981,0.15820444757702606,0.12049614083895493,0.3,1.506192947843073,True,0.2290214716455388,0.18060249769863118,0.04841897394690761,0.375,1.2377100725108228,False,False,True
499,15,Ob15.txt,96,0.26539645364656506,0.013204163418651105,0.36961278621487503,-0.35640862279622393,1.0,0.04975259931783192,False,0.07904805078587601,0.19704871709503347,-0.11800066630915745,0.775,0.29784893392413686,False,False,False
499,16,Ob16.txt,84,0.29182682594854686,0.09540539785624275,0.20201707483193088,-0.10661167697568813,0.725,0.32692470113444627,False,0.038999042046969745,0.19097089692497632,-0.15197185487800657,0.85,0.13363761854383402,False,False,False
499,17,Ob17.txt,122,0.02512854984916546,0.20001493096058598,0.14783907071816735,0.05217586024241863,0.45,7.959668670145271,False,0.16891709179727737,0.21924502763020826,-0.05032793583293088,0.65,6.722118578716442,False,False,False
499,18,Ob18.txt,103,0.35601240804003237,0.1716552718484089,0.0,0.1716552718484089,0.0,0.4821609246526791,True,0.010952888824382945,0.0,0.010952888824382945,0.45,0.030765469340471217,False,False,True
499,19,Ob19.txt,143,0.42428047348567477,0.09084946207833008,0.14654393413519187,-0.05569447205686179,0.625,0.2141259561910937,False,0.012259929662274863,0.06088129121306597,-0.04862136155079111,0.875,0.02889581403912712,False,False,False
500,1,Ob1.txt,28,0.32986661068464995,0.25153267272671137,0.23607420392753137,0.015458468799180003,0.475,0.7625284420410005,False,0.1467262375037237,0.24401749682003382,-0.09729125931631011,0.7,0.4448047566838855,False,False,False
500,2,Ob2.txt,43,0.6083429054465033,0.4144667642110028,0.24554361375355999,0.16892315045744283,0.225,0.681304508526812,True,0.11985736963276233,0.22653204504586924,-0.1066746754131069,0.625,0.197022712946395,False,False,True
500,3,Ob3.txt,40,0.35922194377465066,0.36000020840382374,0.3098473005620932,0.05015290784173054,0.375,1.0021665286396348,False,0.08751757489451395,0.2687983732322092,-0.18128079833769523,0.85,0.24363092625938246,False,False,False
500,4,Ob4.txt,58,0.014052255246554762,0.1048808490397114,0.18239236375376247,-0.07751151471405107,0.7,7.463631082663786,False,0.07922567080766318,0.20559991294603214,-0.12637424213836895,0.825,5.637932802785318,False,False,False
500,5,Ob5.txt,93,0.2153224843922018,0.005175126502842159,0.22972783480071524,-0.22455270829787308,0.975,0.02403430611275997,False,0.22334776367068876,0.17734316047190105,0.046004603198787714,0.375,1.0372709766058115,False,False,False
500,6,Ob6.txt,112,0.38280998899375895,0.13692607373645282,0.20366395464610781,-0.06673788090965499,0.65,0.3576867837131731,False,0.027121079757040478,0.17809204816609958,-0.1509709684090591,0.9,0.07084736693608755,False,False,False
500,7,Ob7.txt,33,0.8656787036102993,0.3173124914688298,0.32542710033615474,-0.008114608867324957,0.5,0.3665476465407813,False,0.2717207609569392,0.33315982376274583,-0.06143906280580663,0.65,0.3138817667845265,False,False,False
500,8,Ob8.txt,84,0.026935227190607876,0.15712851177546985,0.31312722506977775,-0.1559987132943079,0.8,5.83356920153469,False,0.12239384246489945,0.3326211591516832,-0.21022731668678377,0.8,4.544006315550118,False,False,False
500,9,Ob9.txt,37,0.2797828395347035,0.2617841530038696,0.3375037055511974,-0.07571955254732782,0.725,0.9356690833477604,False,0.09499784197900737,0.2796123371536936,-0.18461449517468623,0.775,0.33954134619905485,False,False,False
500,10,Ob10.txt,36,0.14481493973433857,0.494170132042305,0.3154851468602358,0.17868498518206916,0.175,3.4124250781642744,True,0.1110561859437059,0.26894422322966277,-0.15788803728595685,0.75,0.7668834869346856,False,False,True
500,11,Ob11.txt,119,0.35022789108370433,0.1566743103109669,0.12084201540248325,0.03583229490848365,0.425,0.4473496094961832,False,0.07591755506803505,0.21299516209993752,-0.13707760703190247,0.75,0.21676615997979093,False,False,False
500,12,Ob12.txt,91,0.06835960027201216,0.42239729644778806,0.22836932899073126,0.1940279674570568,0.2,6.179048659837268,True,0.39124613914104606,0.1963332334208749,0.19491290572017117,0.275,5.723353231795159,True,True,True
500,13,Ob13.txt,102,0.04841779545069014,0.2071522985288283,0.17274419821026754,0.03440810031856076,0.425,4.278433096769085,False,0.2995864812051149,0.15782940690147063,0.14175707430364426,0.225,6.18752833367271,True,False,True
500,14,Ob14.txt,47,0.14966089206690944,0.18877333022113615,0.23347079896461942,-0.044697468743483265,0.65,1.261340405058795,False,0.2626082591030972,0.2754601766535141,-0.01285191755041687,0.55,1.754688586151765,False,False,False
500,15,Ob15.txt,96,0.0684000629505661,0.011319572651948467,0.18110067322133117,-0.1697811005693827,0.95,0.16549067593884112,False,0.05622853413194734,0.10641357252495062,-0.050185038393003284,0.65,0.8220538360115935,False,False,False
500,16,Ob16.txt,84,0.31729819632896433,0.3194000882841948,0.16890913393609566,0.15049095434809914,0.2,1.0066243425886081,True,0.22139614142388103,0.19991893484119533,0.021477206582685704,0.35,0.6977541756787826,False,False,True
500,17,Ob17.txt,122,0.46949524734501613,0.031111118859695322,0.1297733699832733,-0.09866225112357797,0.975,0.0662650347061614,False,0.006391833284035531,0.13202303421725076,-0.12563120093321523,0.95,0.013614266215006835,False,False,False
500,18,Ob18.txt,103,0.19467304854378453,0.09392403684871037,0.0073863753659568765,0.08653766148275349,0.1,0.4824706735282137,True,0.1765217137743985,0.04567239757547947,0.130849316198919,0.175,0.9067598986857003,True,True,True
500,19,Ob19.txt,143,0.07368112508262843,0.17625106656328987,0.13888621882330374,0.037364847739986135,0.325,2.392078926124379,True,0.08187466580769981,0.12114732502932667,-0.03927265922162686,0.725,1.1112027091861434,False,False,True
