path,bytes,sha256
.gitignore,78,fba4c47f21ba0a81903a92e040fd0303ec140ead1fa94ade75e697154322d13c
DATA.md,990,8c6dddd23f6eaaccc386c724d67a74bae81a6ac6628b4d54f052ce233d5b33a3
docs/4155_highB_summary.md,5169,1f49d66dd35f0c557c0e4663220af24f8b3ef902b9ecec066e9a18d457239a0f
docs/4156_summary.md,3061,0f5c21453f0c81a032cf2b3d0fd9d42fd65de3c27946d4be1ddc634225b0dab2
docs/4157_summary.md,907,f707998cf826f853c21dcf580298098bbd959810e61d1b1600bdb362664ca58c
docs/pseudo_event_omnibus_algorithm.md,1202,846716360bf6948434eec217129edd47e8a4bdea2a72b97ba013cd0e6c4a0301
Experiment/run_3013_quiet_mobile_first_passage.py,18561,18d38a5703034f3825ccef4d888591f12bb5b6aad83c4969c1c90250045015d8
Experiment/run_3032_transfer_operator_metastability.py,45393,cfcd3363305f98e4877045f61a8b35b0f74360ce86b87cb9dbb7c098066319f6
Experiment/run_3032b_state_meaning_residence_audit.py,34686,4a8810848f427d02849e1f95dbd39a86d07c1089884a4f5c3a1548cf23abb500
Experiment/run_3032c_smooth_null_audit.py,22797,5cde6f94b08164e88fa85db04a7908194243d43c87f7bebd2a54160cd1cfe791
Experiment/run_3045_residual_event_trigger_search.py,38002,cdf2de3f50c8d588531523cc43cd66ef7ce8a70810687508d66376472dcc9825
Experiment/run_4001_geometric_baseline_residual_audit.py,46775,a4ec7098a7dd9251656a16b6594230b4e7ae671bd367df392642ec0b3af0bb6a
Experiment/run_4002a_residual_spatial_structure_audit.py,33186,c858b941c2968504388392f58b142d8d4b4bb4048916974853f4a425649ac00c
Experiment/run_4002b_edge_core_timing_audit.py,25254,1934e3a30838cd4bcf739b0f2ece647e306cc5f6dbd043ce5cb0f402c771567a
Experiment/run_4010_empirical_residual_cumulant_audit.py,37402,50b9a25209d87d6ac1de7e89b4aa40ae1def84e76338f9dfe1b4946b8f54b704
Experiment/run_4020_one_fish_residual_state_redistribution_audit.py,35642,6895888e3fdecd21dea4bc7ec36ddfc384d758a9112748fd5afe476b8cb00216
Experiment/run_4030_coarse_grained_stochastic_state_transition_pilot.py,20340,c2abb230f6bbd7157399ad502fa35ffe5d98d14b9b6b1ece1b5586b8255a852c
Experiment/run_4070_bounded_result_negative_mechanism_map.py,28054,0aedeac3f59e14baa54977b447c1ce7c99469b5d685de20a8661b23cea3f0b6c
Experiment/run_4071_cross_dataset_baseline_audit.py,16630,5070baf91d7d5b9bc44b31a3806b4998df7808b16641d303b64ae2ac95061202
Experiment/run_4072_residual_observable_taxonomy.py,11736,85b92cf71860d807783349959ec19723061b287f38e1f9149decaec408ff866b
Experiment/run_4073_null_and_baseline_registry.py,16469,093fad1ee135439220fa915b5762959b423312548abfa6cb6283e7acdcfdb723
Experiment/run_4074_event_free_vs_event_conditioned_audit.py,20148,11376d52a001ec54835a6f433b97a6aad6b180a45bff8ebe0d0985ebfb22f8dc
Experiment/run_4075_m0_review_before_4080.py,11398,416ad130f8caa2b8c1fcfc960c17a1a778c605eff76f1c36be648966fa89e1d0
Experiment/run_4080_local_affine_feasibility.py,18480,960274e6b28505eb94d5c87bb6883cb67383bf605c55f2d4f0fae5ab0cc4dc94
Experiment/run_4081_global_vs_local_geometry_ladder.py,23479,9ba8915e34afd58b7067b9975858629e4d697f4172b131405e635abc55a9a92d
Experiment/run_4081c_full_observation_adjudication.py,19809,ebf890c35c8ce242f9d25dafaa758174b519341a3b0ec1e2befa372986f09f8d
Experiment/run_4081d_explain_observation_heterogeneity.py,20434,2c24fc37e5c3db470405cb349c658696441eddfeea83e81becfc6f02d40c0bf4
Experiment/run_4082_scale_robustness_on_surviving_observation_class.py,23659,ba1a632585538cd29113e0facf1088acd7e72f7c912a3f728cbdde3d388bbd55
Experiment/run_4082b_early_failure_condition_or_artifact_audit.py,23431,45c4e5013a24b885bc557d8fa7d272d0cbceed7ddc3ee02d727a56cd3add6859
Experiment/run_4084_spatial_taxonomy_of_t1_local_nonaffine_signal.py,43429,a88045bbb55ce03b0e894b5f2d4c6e247935ae05ea6e6b3ee276b04d36480825
Experiment/run_4085_event_phase_profile_of_t1_signal.py,39351,ba4b380b8a2ad210bb7df5ab24d6d305837033781328ef028e735ea248ccf53f
Experiment/run_4085b_phase_space_projection_of_t1_edge_core_signal.py,19310,d78ea8337dc38937c1133d7805e19ecd596e0b7a13e2fed1322cd8f2805ea4b3
Experiment/run_4086_signed_direction_and_state_decomposition.py,31945,5f91aee1584c0b046f0c67560daec4e45f35ec97b618fc7d2ee480637e1a2aff
Experiment/run_4087_failure_boundary_sensitivity.py,32380,aaa538beed3057bf4434a46bd142d5f97a336f711a47a59d17a944bbff3f23fd
Experiment/run_4090_continuous_moment_classification.py,38747,843af76f42c7c857852bcd6d0e9c9beb632f7f95f9e74dae88dfe418ebb410a4
Experiment/run_4090A_observation_regime_boundary_audit.py,32485,ba462cd0b3694fec6c0dc0f2f936aa92a945aa2b623857bc94072dc72201e1b5
Experiment/run_4090B_vector_state_feasibility_check.py,24275,e4e6678a921f882bb31ba06b13071aeb19a4a8118ed6512f4314f792effa2b3a
Experiment/run_4100_state_matched_event_locality_challenge.py,46002,fb1c15ae6935df6a6bf00179346840539c4dc1c52ecd6182eb80e3bd37100d85
Experiment/run_4100A_spatial_unit_overlap_audit.py,37024,f5966522ea840a970dde87d0e306b9794b8adf1cd0d6e9eb7e21986b794b3ce7
Experiment/run_4120_state_path_feasibility.py,32709,40c2abfe87d76885ec34f9952a3c9e316253467bfcef25c73557427ec9a7cae1
Experiment/run_4121_same_current_state_different_history.py,52357,3784cbf03e79a229838c58e7084a0d6aadedbabd2c41198e5b4048807e570b74
Experiment/run_4125_state_path_history_synthesis.py,10072,9b9c7d8c842191b213a739a07056cbc92fa873024c9fe3c9ca97a27c3a124674
Experiment/run_4130_definition_and_evidence_registry.py,55109,7c5ec56d5acdc0787bd57f721c4dd52e38c19c4db24ff646ba0384e60d1c5960
Experiment/run_4131_positive_phenomenon_atlas.py,32735,830c3f451d7c0709d1dfb21f07ac49484537dba20a10970c4891780ff534863f
Experiment/run_4132_negative_mechanism_boundary_atlas.py,27988,da927658fee5c4e14176cf12213d18577fd3a77c8c697d15a66160ea494deb32
Experiment/run_4133_m5_review_before_4134.py,38440,c4ca5194586c832d56136986ad7601f01bef90c00f4e67dfd1c14adad53ed2f5
Experiment/run_4133_observation_heterogeneity_map.py,32698,df87ee267fd5004f27dcc69dffcacc6d6c329bd2378b8b2dda0c7f0930f59ad4
Experiment/run_4134_figure_ready_evidence_panels.py,58847,f2ca5df223b53f91926b7521f3ddfec6c6303c982abd1ee6fd850203d0a0a338
Experiment/run_4135_manuscript_style_technical_synthesis.py,45408,5a4dbabe4cdfb9aca33ff7a399ccae26de5e19054c639a4cd008492d93887b2d
Experiment/run_4140_manuscript_freeze_reproducibility_audit.py,35787,05b41742d360d5f7f418da1f83225356dbdf15ad2ba631c437b2f7a5cfa390ff
Experiment/run_4141_full_pipeline_omnibus_survival_null.py,39779,893863373b67f38154951734cac7c751dc7cf38c7d6d897810c7b8e07c7eb11a
Experiment/run_4142_detrending_challenge.py,32212,04abfdfd8c58d4c65f9664bc9b68223303d393597c7df3de85f21ae75f7fe878
Experiment/run_4143_local_affine_conditioning_qc.py,31878,dda62f6f41c0dac125f4683d5e4bb1f5ab7d3c211bc3765ea1d5be0c01db2fd1
Experiment/run_4144_definition_notation_figure_cleanup.py,23757,f86512c9c94d03f417d5d0ac8ba6d7cc7b6d425ed13e8769dbb2e406bd54d7ce
Experiment/run_4145_manuscript_reintegration_audit.py,10256,50877fc1e7afb23c761aaf26e877358299d882e7c21b2e9e2121ef2802c2e8b1
Experiment/run_4146_near_pre_definition_audit.py,18116,cc4fd753935bb490fd0775b9ca5d9dc0ef250b9bc9ab05258f7415db5fbeed8d
Experiment/run_4147_spectral_set_publication_provenance.py,30229,180c1b9cbf0979434572de912362a7642567dfdc969c4e260525a3fc657dd7ea
Experiment/run_4148_notation_and_equation_consistency_audit.py,18784,c5fe098f3ec3f1dc4afbc538b24150e7039536fb6f81d6958178d96a815d5ada
Experiment/run_4149_highB_full_pipeline_omnibus_null.py,7077,ce9642ec9f1ab61035808f8b59ed6e9ccc5a1d52f2dbc4083d7968161f923a5f
Experiment/run_4150_final_figure_cleanup.py,35975,4acd324a683950eda9667cda7a594befeca2781e4214d516b70d8d91b2cbddcb
Experiment/run_4153_final_consistency_audit.py,15161,e55f35a03f4ccb81c8ef8ded64569b1e1084b050710be4ae1f87d97b6f7c87ae
Experiment/run_4155_parallel_highB_omnibus_null.py,39372,a5ab5f2b48622cc5cd718c9601c8448abb5e54940ac71723b55b45d31550a941
idea/413x_phenomenon_boundary_evidence_synthesis_roadmap.md,34532,060e34e1c72ce790974b457390afd0dc22ac8167550b5f30c43ece678d126a43
idea/4146_4154_submission_hardening_route_from_review008.md,11465,ee85066d7b9edd21c83d58884b8ea17db648642e21cd82b45d03d0d05df8c16c
idea/4155_parallel_highB_omnibus_null_result_and_routing.md,3517,079817b20e0feca701101735764cd070ed51a0ff79371d61fe77a87b994523e4
idea/4156_highB_manuscript_integration_and_refreeze_plan.md,3692,b4f304edbc642ac0b3c8865fd5d871bc6b08e333d2c09045356d0355f92375ad
idea/4156_highB_manuscript_integration_and_refreeze_result.md,4158,427c0528cdd7a3f2a5a8992496d9a9cf4ee04ca1a95ffe5b8caa92405b0043fb
LICENSE,1090,e96810e610667c187659286d992c226f51149227f97967954303b95ebd56486e
manuscript/code_data_availability_statement.md,1170,bf3c0e57d527c59c71d5c1153671e57998e2e653cfa1d6fee9e76e3dddb54149
manuscript/latex/00_abstract.tex,2339,e479adc333e7de89de52407d6fc8da7c05dd603dd92a3820d391719849d2cbaf
manuscript/latex/01_introduction_v2.tex,8093,a785364b110146ad7e61e0db9648ddeaac26965af178bbd13ee0ec920bd36e71
manuscript/latex/02_data_v2.tex,113,89c9728a862f67cfce616064221e6f34d3f712c6430776072a0ad257866b8901
manuscript/latex/03_methods_v2.tex,485,3c6e285e42bc9406685cc7e092870d452e07f98c1ae7b9359e75ab1d37d07a7a
manuscript/latex/04_results_v2.tex,784,24f4959661cb2a8fc5789aa311e78e3966742242ed545dbd43ebb304e9070468
manuscript/latex/05_discussion_conclusion_v2.tex,216,87137f82b4fb82dc64d50949f770424be041eec69ab9c895e8c2c619d7012eb8
manuscript/latex/06_data_code_availability.tex,698,8bbb2e24c3222f94b2f16e46b304797313c1b32804d85d9bf8142ee65e6c6eba
manuscript/latex/bibitems.tex,2795,8bf5a4e7aded9a2301994b90c546346522a7b938a466f73585c1e6e94f2d8d5d
manuscript/latex/figures/Fig1_final.pdf,21052,a7b548220272ca8ad690d701744252e6a9257aa459d8a78af717685844dc4ac0
manuscript/latex/figures/Fig2_final.pdf,16847,01c582d7c0d08d224f99da155d5e2bb5eca7069b683bdbecfab911fd05d9c149
manuscript/latex/figures/Fig3_final.pdf,17061,695c48c7d9c7e16b871a559aa14f44936d4e6131df71913b6f450d7ab0b19653
manuscript/latex/figures/Fig4_final.pdf,26298,eb27729a08e18332b86221c48e97c2fe5c5e32cd5053c09649c298be52fb3834
manuscript/latex/figures/Fig5_final.pdf,28400,70546b6dadb0e109569f0dfe9bcf50996e91879ec92860a9f82c54750e7feb0a
manuscript/latex/main_final.tex,810,8d69b9cfd5ef7ca5f43b24358145bbc79826ca1e94037b7eab2254527c458974
manuscript/latex/Part2/02_data_t1_observable.tex,1062,7d19adcf6cea1b92b1c1fdb437fd6e4ac6f534745d02e22f0a20242c4a643d7f
manuscript/latex/Part2/02_data_t1_observable_v2.tex,3931,c902840c0207dba3dce1a210d7b4955c9e6b58c789e6e6c6b68de171ef23c97a
manuscript/latex/Part2/02_data_trajectory_dataset.tex,1533,7b86ce2911d37af2bac515a8975bceeafc22171681a21c27f12a3dfcbfb37ebe
manuscript/latex/Part3/03_methods_affine_reduction_and_controls.tex,1384,b0b277024f6273ddc83c900257f657127c4528ed7d41f372a5a3f4b32aac86c6
manuscript/latex/Part3/03_methods_affine_reduction_and_controls_v2.tex,5011,3323d939d35b9010dc6e1e7dd5813f8372467525050aee13bd35b974157a0f0d
manuscript/latex/Part3/03_methods_reduction_boundary_tests.tex,1848,480cb11bf5581b84b29e732ef0b2d5e65688b6ccfaf9bf60d6a1bd0985f037dd
manuscript/latex/Part3/03_methods_reduction_boundary_tests_v2.tex,2811,d1505fbcf6bb754ca1537aaf5e472253fdd6452300910f5ee68506f6e5ac5fac
manuscript/latex/Part4/04_results_diffuse_phenotype_v2.tex,2191,07e8ede0dbdc00141c7e333cbeb84a62c3ad5d710ad7205016577ce3fc9746c5
manuscript/latex/Part4/04_results_empirical_boundary_v2.tex,3557,a2b059ce8fb512cd53c4bdaed236f40f91d1578aa59fb9f167272d6a018aa6e0
manuscript/latex/Part4/04_results_failed_reductions_v2.tex,1581,3d7bcc2b2a88c5b059265ada1ccc01f056e9f0a4b5af64bdc26fa56fac7eb902
manuscript/latex/Part4/04_results_observation_heterogeneity.tex,2754,4d847f8705f9264d72277ba9e835a9752ab0a8f99916e88aa8b0a19c4246ec9b
manuscript/latex/Part4/04_results_reduction_boundaries.tex,1888,c2f6e335098930d32f386e8960ccd5cefa188c7f65aa7c9eacb867ab6338cfb9
manuscript/latex/Part4/04_results_scale_lag_robustness_v2.tex,672,68d672f455045e4dc2d4c26dde1d54e3b508069664729e4393d6ad44f3a1fa81
manuscript/latex/Part4/04_results_spatial_timing.tex,1215,d85b4d1a7f996aff8d17146c916ec9031cc72b0d7e8b8c9e833cb8d6e8e420af
manuscript/latex/Part4/04_results_t1_survival.tex,1187,e8bf9a44aed6865d9435abaa62efc957236656c03c7a62354a64fd58775b270d
manuscript/latex/Part4/04_results_t1_survival_v2.tex,2612,78399e624ab550d188323815a7085cf55a53a09ac640869db48d4756718e5adb
manuscript/latex/Part5/05_conclusion_v2.tex,756,33680f7efa658552b33b77e0d19c82a515ec4c03d655de28f4efa3bc148b77fd
manuscript/latex/Part5/05_discussion_context_transfer_v2.tex,1747,6782c83e53433ece9ca8be2c9cd90bf20506d61c744ad15cca646707c014eded
manuscript/latex/Part5/05_discussion_future_work.tex,726,9928193a9b5239a542119e84e94937bb3f061dac91985b1dda904a8c6602bc89
manuscript/latex/Part5/05_discussion_interpretive_value_v2.tex,1267,84137a8ec40e03978b46cdcbbf6e4851b066f55fae1d200b5bdf4959abe95376
manuscript/latex/Part5/05_discussion_limitations.tex,1018,e27f63075f8bfce0ab06e37e986d0b7d820a398e094d8ea97b6613a0a2a12f13
manuscript/latex/Part5/05_discussion_limitations_future_v2.tex,2478,ba4c58c800bf5f9ab57484594a7909fd03c51d47be87d0b4deb88d5f56c640b6
manuscript/latex/Part5/05_discussion_main_contribution.tex,1399,9afd6774be9e3b6ff6caa69deeb601785f1267e86cfbdebf147e835c4572dec3
manuscript/main_final.pdf,396241,8bfd5ba58a7a5fee56537841f0151a0c9a4db2d44df709dcc7f09c4c8dbce808
manuscript/Supplement_submission.md,9285,2adf82f582f3756cd4671de21c66e9789cdc0c9dac2fec83422f43347a018fc3
Output/3032/3032_egrt_node.json,3312,e0952359ad320863d9fc25f91d864930f5cc7cb30abf93994fd24853d91048be
Output/3032/3032_summary.md,6454,df1cfb85223088d91b14ef549a422ee3946db242c31532a8475e458d8dd8f969
Output/3032/tables/best_partition_interpretation.csv,604,499caf950cd0340e8ab54ae955a7f80c526e37e882fff6adeb59ce88de22bd8d
Output/3032/tables/coarse_state_composition.csv,209,753fe125b1036452cf4f6e2bb06369fe2abb96426e0725c203222e1a71e63df9
Output/3032/tables/coarse_state_overlap.csv,153,c37219b23bdfc3638c0047a99a3abed06513a7e11305e0bf728d433a53766c50
Output/3032/tables/egrt_decision_summary.csv,1009,848349fdea904099bc645e260557238b05afe0474af908e5053e74ef335d4835
Output/3032/tables/eigenvalue_spectrum.csv,1415,b052cffc50b73da8943789818b1dd71f1a14ed989ce2bb9c10382c6bf9f06dbd
Output/3032/tables/partition_residence_runs.csv,1780082,696aa2c8797e9e28f54efe1b9b3451fd959f4c39a975afc12e0df3992e671840
Output/3032/tables/partition_retention_by_ob.csv,17432,06ca03b7bcd8ea3fa7c53ce04ea9b65fe9107bd93678c4d3999a48328cfc2743
Output/3032/tables/spectral_cell_mapping.csv,13258,876bf161301b287d46dc5bbae2745fbfe38ee1866d0ada54c15b34b4363eaa57
Output/3032/tables/spectral_partition_summary.csv,2501,ebdd7d4621369dbe476b00a1818940cda8596cb5b9850584f1d8ca4540299314
Output/3032/tables/transition_metadata_by_ob.csv,1157,9fbf9982174f7ecd1a0352782b8f8f7661a35f25f2a8dc39f3ff80f7a20c531d
Output/3032/tables/ulam_bin_edges.json,271,d23c7e69e13c51e87aba188f3caab5659fe4bfdef1e17fe438466b4ec1d8fc7b
Output/3032/tables/ulam_state_summary.csv,9431,c3990b93f030756f3aa3ad8932b7afc2e53944f73b48e59dc2cbc3a2178723b5
Output/3032b/3032b_egrt_node.json,2761,7a6726fbae86015e11f876463097ec07eed327d17e6acce12e66893ff2895268
Output/3032b/3032b_summary.md,6082,f1563d96c8106e1b8dac7b2b5f70955b5ecc673646016be7dd5d4dddf94a4f7a
Output/3032b/tables/coarse_state_composition.csv,209,753fe125b1036452cf4f6e2bb06369fe2abb96426e0725c203222e1a71e63df9
Output/3032b/tables/coarse_state_overlap.csv,135,349d6165ffdd0761e1f932e5a97f2a284a98cf67bdae6186977dd17e89f18b15
Output/3032b/tables/egrt_decision_summary.csv,949,0ba611c938aa0fda36599322300e32152841eaf424ba73bd7c66156de511712f
Output/3032b/tables/emission_effect_by_ob.csv,13752,1d56d3839312563961aa946585c19d845380aa14f4a6cd70b60c3cbc171fce6f
Output/3032b/tables/emission_effect_summary.csv,2726,bfdf486ede3f01ac1e27c6bc032702fdc48ef83714dfdde0277a86443313fef4
Output/3032b/tables/lag_retention_by_ob.csv,16618,f0491b431e14e4fe7250bb74b37f39f81b493d569468c4c95c6f80bcf10cc042
Output/3032b/tables/lag_retention_summary.csv,1520,4fa636644b81f1641d9b9776c8d3a09274775f11febff6695c15ec08b098fe0c
Output/3032b/tables/residence_runs.csv,351145,68e068359ef21d76245fd9c3ff7cb39b0ee59563fe5c3bc6c6b338f2d6ccb285
Output/3032b/tables/residence_summary.csv,816,ea585ebb7cd94943a6dd8046fb9d47dfbf75ffdc8ed586d9ab466615f3773bf8
Output/3032b/tables/two_state_transition_summary.csv,1004,e220d9529c9e2868a251ffd6ef9c17c994f0b78fe7907863fea2f539af42052b
Output/3032c/3032c_egrt_node.json,2583,171e704c623e6e50363365df033cea5a41a44306ccfd21a1fdae5e66a9540f98
Output/3032c/3032c_summary.md,6550,d16a3e06de6ad3715eb283e9406e8f6d0c6670685c5d17fbb99afb0d7789030d
Output/3032c/tables/egrt_decision_summary.csv,912,0b856d7c2c92b2907dfe5593b4a40cf792f6207ebf2bd5970b30e3a4762c086c
Output/3032c/tables/null_comparison_summary.csv,3684,3414c322482aea98d3b15e1efa4c6de0caa016a306e2135c78c891a48237fcca
Output/3032c/tables/real_lag_summary.csv,1615,e9b2bbaf7b94c41c98d21588fe1808024955ca9d80222fe901a0f3cf637a9081
Output/3032c/tables/real_metric_values.csv,312,b5a86920139876a99b7feb356a293125a6715f5570a0a73f770c3a7ba8a3eddd
Output/3032c/tables/real_residence_summary.csv,862,ae076e9ccba8cf6be3a430eb9d18911dcca49cf42c6fbe4dc914cd3e304a095c
Output/3032c/tables/surrogate_lag_summary.csv,118310,4c9bd0750dd7aad9f3d63dcdb64a5ad3d04610c7a4d33778fe1e910b1baa8360
Output/3032c/tables/surrogate_metric_summary.csv,11616,ccb6d277c476695555d4a0d7e7ca42aeccaf1b80dde1df15beae3b3662b5794c
Output/3032c/tables/surrogate_residence_summary.csv,44534,4ceca5325d20278dc95b96fceb0399dcfad3ea4b695ee8ee458c0761c8b2c92a
Output/4001/4001_egrt_node.json,3398,dad682e718b9d4ff72c774e6033475c6ac94079372650e790965c89d0b54426d
Output/4001/4001_summary.md,6996,8ec51221665bf5d2a151d3e063134c570db19fe4d9ca84a748e6feb6d0f3520b
Output/4001/tables/component_aligned_velocity_profiles.csv,24239,0bba295cbe67024bb26fdd0bc883aed7f88be842fb9fe24fd8e895e4568321f3
Output/4001/tables/component_direction_null_comparison.csv,3030,4137027c91838480a15fbfafa33d877918cab28d20c42d8024c9b80fec915a25
Output/4001/tables/component_retention_summary.csv,757,465742a3ac39060f7161e3d068c4c5429dc1b15fe5b1ceedb4b9f507bad4f8ce
Output/4001/tables/egrt_decision_summary.csv,898,f9cac9cc702d8d099a4201f38c3a9c8ede88b7caccd132b8a447557e9bedefb9
Output/4001/tables/geometric_event_summary.csv,437,70e798999e822b6a0f3b0feadd17fb16694e3658387069d974d6a8c48c73f4f0
Output/4001/tables/real_component_direction_summary.csv,2115,1a9e87959dbf9c4401c2323580c382699477c5f6cad10520462d5dbfa0d492a8
Output/4001/tables/shift_null_component_direction_summary.csv,316907,8752947fc0fd5c337b83dcdb7b6ee60d0d2c6fd92be928e650020b38484a7640
Output/4002A/4002A_egrt_node.json,2943,bd11fcc351764486af02967283b6862e83e67aa405a898352e0de82142eb4cc6
Output/4002A/4002A_summary.md,6258,adab31bf4446fefc5afd0bf8dd30242d2d655da5abf630d440ddedc485818811
Output/4002A/tables/egrt_decision_summary.csv,694,8a0585adcac1c8bb3d9d12e471ed905c84b9ee69e663f96c6974447fe86f4e8e
Output/4002A/tables/real_residual_structure_direction_summary.csv,1960,8d8f206f22a50effff903751d7f0d705995b122974d797c7cf56c4caedd3fd6d
Output/4002A/tables/residual_structure_aligned_profiles.csv,13916,cccc5e06b0c03ee3824a96dea2a39d5b2cec342578f2c91ad77953c6c9287ad1
Output/4002A/tables/residual_structure_direction_null_comparison.csv,2874,b08da90d7ecaa6637603bfba92b9fb571e5bcd4ff41e1b074e5502d0e6a919a1
Output/4002A/tables/shift_null_residual_structure_direction_summary.csv,289837,2ddf0596d348c3341e1babf1a5a1cd216fbcb1f99e93d85793dcc26818abf025
Output/4002B/4002B_egrt_node.json,2538,e015e481434d21c56d38ab9b62cdbe93d8c3efacb8795335ea11f0d1ea7744c2
Output/4002B/4002B_summary.md,4529,cabf36129c4289b0f24e7f055313ceb3974b9b517af5557a912fbe617f2a72ca
Output/4002B/tables/edge_core_aligned_timing_profiles.csv,6316,3eedd8e012b70d785e55cb62ccd832d5d85453afb5427e6c9ec43a838c35190d
Output/4002B/tables/edge_core_timing_null_comparison.csv,2295,bfd7450a7800783d015174a3a680c8b50bf3056601047d6d45d9f9c58faf12f2
Output/4002B/tables/egrt_decision_summary.csv,401,a1f5977cf86a5be52fda353c9b9a967345302b98cf849c8e955ebe39900f2c3a
Output/4002B/tables/real_edge_core_timing_summary.csv,944,3d4a2354e032ce3f5c68b6b527438e613dfa2fe0964c31b5c7fea45f1737c94b
Output/4002B/tables/selected_edge_core_variables.csv,195,bfaffe32cc02cedf96f4c69c1581dca4b4bb9a0002b608e8569d646611892ae4
Output/4002B/tables/shift_null_edge_core_timing_summary.csv,83707,7091bdcbfdfe4732e341a061fc09c4259cf59aa7f5ed8308fb74624843eedb90
Output/4010/4010_egrt_node.json,2580,5377e40ffab63706712001df9cce322065dff0b7037899c855e1042696b3cb0a
Output/4010/4010_summary.md,5158,ff4f7f361d683afa1dfe22cdeee36239b65eca7f76b65923173893338beb87f0
Output/4010/tables/egrt_decision_summary.csv,524,175ca35f2dc6395e9fab03817c1456ae11cdeb4d1bc4076c96636aaa96a25124
Output/4010/tables/empirical_cumulant_aligned_profiles.csv,22139,422036cf08dfc4e18a5d21e8a5b1e1a524e06fb81576c4a4f046378b9bd1c9b6
Output/4010/tables/empirical_cumulant_direction_null_comparison.csv,3075,f529d182fcf906bf9e15826ae0e4fb7bfa2fd443f468bfb545575f287a4986de
Output/4010/tables/real_empirical_cumulant_direction_summary.csv,2155,81edbff36ec602cb3537b58353da57387a006a3456888caa2fe48cc6d17cddf0
Output/4010/tables/shift_null_empirical_cumulant_direction_summary.csv,317564,2c0b7a2c5be8bdeada348e4bd9ac5b5615dfd5aa5e79b15028e481b3daebaad9
Output/4020/4020_egrt_node.json,3095,1050b2792e45702bdb3dbc0df86efa99dc2f0b45fc328c51d1f2b8addcdaec5c
Output/4020/4020_summary.md,5427,6ec68499caa1bbfc571efcb4902d3cf5b49bd518ff0aabb6e21be9dba9f81bdd
Output/4020/tables/egrt_decision_summary.csv,588,73cd6b0cb1bffefd688bb417b00932ad26585e097f0c0b0a581bede30c055a3c
Output/4020/tables/one_fish_state_aligned_profiles.csv,15448,42a3a756fd8dc6896e43d8811bf1dc2fef38755827464b16c632a44cd0847f2c
Output/4020/tables/one_fish_state_direction_null_comparison.csv,3911,11795d791411864fc303cac2e892c713bf975917fa86cb35bf49439d9631e5da
Output/4020/tables/one_fish_state_event_features.csv,68362,3328a9d50efe02734deb0fbdf8bcf9dc44c1a68fa19d24a92afac19dd131a3bf
Output/4020/tables/real_one_fish_state_direction_summary.csv,2842,5be9414041ca03a285e5ba8d32a3d9591ee1d22fdf27b58140a27b65e6828626
Output/4020/tables/shift_null_one_fish_state_direction_summary.csv,171339,8ea8ad4c6ef37a55267d33bb6e2fac676632d4eb9ea9735ab02f8cc4edb72449
Output/4030/Ob3/4030_egrt_node.json,2578,b32024842bf6ccd9624fc1bd8ce1380463c9c6191d2f72a262e547d2f78cd9fe
Output/4030/Ob3/4030_summary.md,4838,7f5b5b7a5b2ca609771857ab88d78eee1a300f9973092447c375c03c0157e20c
Output/4030/Ob3/processed/run_config.csv,249,23ebd62be870c1620b5e2e76d84408d413707b4c35ece9694fc1542d0be1ea1d
Output/4030/Ob3/tables/coarse_state_transition_modulation_comparison.csv,5292,49c6ebea0b0412131e8dfa2b20b227a3953994361572feb0b690007725c7af03
Output/4030/Ob3/tables/egrt_decision_summary.csv,404,5f5bea7d5644f301cddc6ded80523b903badeebc64b1e887b98676fb8d0e261c
Output/4030/Ob3/tables/real_coarse_state_transition_modulation.csv,4183,e5f5adbdfb1def85548dce0d8b9b7c24935b878a3152a96681edbd50b90a9508
Output/4030/Ob3/tables/shift_null_coarse_state_transition_modulation.csv,49863,aa33ead1c3b3af44c645a7e75f00592e271f2beaebc9bdc2450117fac363f180
Output/4030/Ob3_quick/4030_egrt_node.json,2602,685c3b198e6d7c40de07cdba8bd8589159292417ac931411ae7a8103a7283757
Output/4030/Ob3_quick/4030_summary.md,4847,ad1ef68f717cb563fbe3d9225db8b123350a07b31a45396d8897a3e32dc3026a
Output/4030/Ob3_quick/processed/run_config.csv,255,a3ad57e10734bbe09bc79f95b4883faf48ed3379f4db4d30f09ace107ea9b8d9
Output/4030/Ob3_quick/tables/coarse_state_transition_modulation_comparison.csv,5101,243ad1d5dc34883a2515523d1be0eaa131cf822c15320dff1e7475ab486c7126
Output/4030/Ob3_quick/tables/egrt_decision_summary.csv,404,5f5bea7d5644f301cddc6ded80523b903badeebc64b1e887b98676fb8d0e261c
Output/4030/Ob3_quick/tables/real_coarse_state_transition_modulation.csv,4183,e5f5adbdfb1def85548dce0d8b9b7c24935b878a3152a96681edbd50b90a9508
Output/4030/Ob3_quick/tables/shift_null_coarse_state_transition_modulation.csv,18654,571b8ac33ff6ebf94dad9b7063d75af14279009d0abb78a27e4f2143cca97f7a
Output/4070/4070_summary.md,3577,cea3b412df463c0ed55a921deaad57384e0c23aef7c0e6a9ca08f3711ca8e730
Output/4070/config.yaml,470,1fde5ff2a61e7494b6c439c22a08060a9eca0a45e1bd7c2694b0706f253d8c73
Output/4070/decision.json,1616,fe3a7378f4d9f571d9cea1dac8bc1ccb99ea4dd3b6e29569af7c9e49386baf91
Output/4070/excluded_or_bounded_claims.md,1174,60918e5030b5fa05355836930db5755be428cfe7ae28994d25aab9a0784ca741
Output/4070/mechanism_map.csv,9033,b1520faaf177352eaca9cd8c1138f9a1ac41a92defb90df7645f09be9c131ccb
Output/4070/mechanism_map.json,12598,1024ba635f7512e9b40681fc0dde4b82499d1a7db42ceaf440a5506f5628bd22
Output/4070/open_explanation_space.md,1616,40ef3f11a200c6aea403bfa2cb85fd8405872344be6173538b3f80f45775bec4
Output/4070/surviving_claims.md,1441,3ebde741864ca5cc14b6567e86d59478f47409502d322f622ed325a270ccae1c
Output/4070/tables/mechanism_map.csv,9033,b1520faaf177352eaca9cd8c1138f9a1ac41a92defb90df7645f09be9c131ccb
Output/4071/4071_summary.md,3738,acdc7cb5a613937ae57e637fc34d3cbffd549b08dcd6b4c5ed820deb4e55a1ee
Output/4071/config.yaml,497,0516ee573f4a98ddfd5be3dc1971c65e08ec94a5d02d5978a98f9fe1d536aca5
Output/4071/decision.json,776,82033e79e854a3e0e7ca5939a918c667813a9c2a32f237036b66e90e63058d29
Output/4071/metric_replication_summary.csv,1217,069aa7707a1b0bd235b7528c48da6e904b0726d52b93f34f12422b0df557074b
Output/4071/metric_replication_summary.json,3160,7654d88275416faf02319df6477cd9b1fa99524cee8bf40fa606d17046315a73
Output/4071/ob_level_effects.csv,3782,5bac96723774baabdc22690aa688e32ef744d8f931f65a82fa8582ea74fbeb63
Output/4071/ob_level_effects.json,10769,22057e639cfcb96d72fb0c376833b0c8f0ba3b8749d734e7fbd947ab86a61662
Output/4071/tables/metric_replication_summary.csv,1217,069aa7707a1b0bd235b7528c48da6e904b0726d52b93f34f12422b0df557074b
Output/4071/tables/ob_level_effects.csv,3782,5bac96723774baabdc22690aa688e32ef744d8f931f65a82fa8582ea74fbeb63
Output/4072/4072_summary.md,5024,4283974349d4d8e5d2918d30c6eccc472196d65092a61a3a7f72ff5613d5db72
Output/4072/config.yaml,342,0e9ce3957d57e54362f9f2eba72545a639ab5c4f7947d023e3cece4f1724c28c
Output/4072/decision.json,1042,eeca6184f189b6695e64748a57f84e45b5f84bce43b3d1403301dfc883ae8a86
Output/4072/primary_metrics.csv,2016,0a6754b18bd10063e59f143cd9577c88ad4665cf49d219f6366327d9ad7c258e
Output/4072/residual_observable_taxonomy.csv,3747,9f5de8940e282970df2410667409eb4d1a8d7d14a360846d667484a59b982d4a
Output/4072/residual_observable_taxonomy.json,8719,c84d3a773791010460c1c5e7252f7577630f5e3405d7d684a0356ae158b1efcb
Output/4072/retired_metrics.csv,585,410f30e2765a3263b10a06fb62c81f3a3e258c2e7c9701a875b7be5e21984a90
Output/4072/secondary_diagnostics.csv,1696,9c51d73f57092098bc5a9adef76ac8fd9802a0f4692b8348e474de3e902cace1
Output/4072/tables/residual_observable_taxonomy.csv,3747,9f5de8940e282970df2410667409eb4d1a8d7d14a360846d667484a59b982d4a
Output/4073/4073_summary.md,5864,86799d9dbd3b472dae935c124cbf0ad58b1dd785830429609933c1ce56acb803
Output/4073/baseline_registry.csv,1999,9dd3c055917bc4f9cd64c73d9b68a2576eb69ef64deee49fe3c2c5b9a05c89b2
Output/4073/baseline_registry.json,2939,723eaef6c617edae9af5493a28e38ce6dc50f624c3afd75e93f21d2267565bf7
Output/4073/config.yaml,298,d80fb0f5a8b5e35d46d06d22ba6355466058269a3acab2c360efcab23de49ad6
Output/4073/decision.json,1002,5b8f8135eb6321c766eeaf60e14edd52223ff9df1e4bd55d59c55b0ea1052ec1
Output/4073/future_node_control_rules.csv,1957,35c8b021b015b97c6301d33ef23ce24137b76fbc33d748eb901f0d51560f02c7
Output/4073/future_node_control_rules.json,3178,d7b30695ef0520dfda15039d1de98dcce02da058b101b554642e875ae3c14e70
Output/4073/null_registry.csv,2401,dd0c292d8c5ce6a4c3b9a308a2c284f6c56469fc5d480567062ffdc6dda10bbe
Output/4073/null_registry.json,3275,7cb5579eb9662ce3267e2b75c228024e207393c6710ddfa8e755c62f3dc58d80
Output/4073/tables/baseline_registry.csv,1999,9dd3c055917bc4f9cd64c73d9b68a2576eb69ef64deee49fe3c2c5b9a05c89b2
Output/4073/tables/future_node_control_rules.csv,1957,35c8b021b015b97c6301d33ef23ce24137b76fbc33d748eb901f0d51560f02c7
Output/4073/tables/null_registry.csv,2401,dd0c292d8c5ce6a4c3b9a308a2c284f6c56469fc5d480567062ffdc6dda10bbe
Output/4074/4074_summary.md,3370,220b0121db071975f1a5da77da6f10923b2707e16cedda968e76a36dfd6613fe
Output/4074/config.yaml,505,425e7fb2d2603e5208f3d3d29b28a614b92f6387fd51d88eed80e86f8187daf9
Output/4074/decision.json,913,eb5b418a8c98486c78edcd8e69b9eac28df15d2a820d0bca239816bc9804cb7a
Output/4074/event_conditioning_summary.csv,1145,f53a605c999c9fea9de7cbafbe6bd091d8e671af3bd4270f4c8d75f758184f1a
Output/4074/event_conditioning_summary.json,3606,e544d6ef3b1733eda63ad5a0da57e2d8acf1b5bac03786757279667279f4010e
Output/4074/ob_level_event_conditioning.csv,4123,a77d141b4f9063734086f14f49ebcf9b6738d3b4e9037911d1c4703759615b99
Output/4074/ob_level_event_conditioning.json,12990,1bbf5c8e8acc1461e1e4ae173dcaf5bdb2af68fa78ff2ca5f06802245923e9ef
Output/4074/tables/event_conditioning_summary.csv,1145,f53a605c999c9fea9de7cbafbe6bd091d8e671af3bd4270f4c8d75f758184f1a
Output/4074/tables/ob_level_event_conditioning.csv,4123,a77d141b4f9063734086f14f49ebcf9b6738d3b4e9037911d1c4703759615b99
Output/4075/4075_summary.md,3591,6ee1bb9018b8298bbe9e9b4d5b18ac499ddd77aa5b87d5e722ae05da4ca1b653
Output/4075/config.yaml,320,9bba2fb882cb1c36f60945ded1e32c26b5209fcb634c775cfed7dcb2e8c8ea89
Output/4075/decision.json,1228,1423b8f0bfb2c7b861235f73a50c655321604e89bf803f5f9b4aa8c887c09efb
Output/4075/m0_target_decision.csv,2123,ae031bbdfcca71b3ee02b1d02adbe9af190876a2a873b7d8c986d3ac81f37f1f
Output/4075/tables/m0_target_decision.csv,2123,ae031bbdfcca71b3ee02b1d02adbe9af190876a2a873b7d8c986d3ac81f37f1f
Output/4075/target_config_for_4080.json,3571,95e05c88c386b0a0254068153829b2511a85e2cbe9276778fc5903d3d84a3108
Output/4080/4080_summary.md,2880,53392bc2c8f69bd08946d1f0c4d4413ec2a56e5c86cfbb751e6fcbaafa9788fc
Output/4080/config.yaml,310,4254a812cba25dde34c824f52aeda6212644be9a6dac219247e7393f599cc7d5
Output/4080/decision.json,1059,3ce637b35dea1197bac9ec18c5ff5574aec8bf022ea1e61ce5ee50841462e969
Output/4080/local_affine_feasibility_by_k_lag.csv,2342,39e4e0ba826702a418390dcb6792b6cfce962dcf6a78d7351f90fde378ebc811
Output/4080/local_affine_feasibility_by_k_lag.json,7551,b4fb3ebcb33d939c03748a4c335cdc50ab2751db109e21d4a145c06b0bc66011
Output/4080/tables/local_affine_feasibility_by_k_lag.csv,2342,39e4e0ba826702a418390dcb6792b6cfce962dcf6a78d7351f90fde378ebc811
Output/4081/4081_summary.md,2853,7ecf6621703e41a749b7e5f17807ba455a4ae54be95a39c79e42418a8bb4594f
Output/4081/config.yaml,278,31915bbccc7aaca0a54b55c85fd3997bd6f30ebc4714d3356fed267bf62006bb
Output/4081/decision.json,548,7c187596bccf55bd91b81e60a6f81fc759a766c563e81df42592b1af9943fd86
Output/4081/geometry_ladder_pilot_summary.csv,2603,7800eb5f61db03019acb3a37920c6b386c57a90338f6b6e4d6b0041696b77dbb
Output/4081/geometry_ladder_pilot_summary.json,6198,a14732917bfcb4ce08d787d4e143c82f7273e586e358a87c37476353d822e89d
Output/4081/tables/geometry_ladder_pilot_summary.csv,2603,7800eb5f61db03019acb3a37920c6b386c57a90338f6b6e4d6b0041696b77dbb
Output/4081c/4081c_summary.md,2580,223726fbac222eeccb2538bbd8a74aba102d44529bbeb802cf6055b9240ae452
Output/4081c/decision.json,910,24d5975386d87e3669bfa7f24ef8a619859cac0ae61dd4633fc413310c976804
Output/4081c/full_geometry_ladder_rows.csv,46569,b794c4f7247f7abf71cc9f3438a6b58939816a02812e1b1cbd9c57c3eaad94e2
Output/4081c/full_geometry_ladder_rows.json,134964,a4bd99843172873e14f4d253ef9a28d728b319ce6e81a82f3847460c20c758d7
Output/4081c/Ob1/4081c_ob_summary.md,1527,ee17bac3049c76b0003c86807278cda8aa20408c0ccc6fb40a8fd31838057a94
Output/4081c/Ob1/decision.json,642,ce9d8cd092ffa9364bb7442ace7e3a1997b1576a65391d74dc422a57955a0990
Output/4081c/Ob1/geometry_ladder_pilot_summary.csv,2821,0fb0c10426ce1a859de9d6eb01729829ba7936f2a6a57b49f434f90e0721d481
Output/4081c/Ob1/geometry_ladder_pilot_summary.json,6912,0b79e465aa2fee0e3b3dc31e113ad70c6e08cf97297c3935579220c9b7d03f5c
Output/4081c/Ob1/tables/geometry_ladder_pilot_summary.csv,2821,0fb0c10426ce1a859de9d6eb01729829ba7936f2a6a57b49f434f90e0721d481
Output/4081c/Ob10/4081c_ob_summary.md,1515,6e375b80614a7e7b0638f77e3bc2027e93e93be102fb98708174524213f4260a
Output/4081c/Ob10/decision.json,621,f0bf8710ace3594589ec7039e2ec9ec4bba3446e6d6f4b1a28884d4fc0385ee1
Output/4081c/Ob10/geometry_ladder_pilot_summary.csv,2805,a748772ff3cbd81b3facafbe74a64491f39bea51ee2e08b27385d52fc01a2135
Output/4081c/Ob10/geometry_ladder_pilot_summary.json,6896,cc08574a91097e9c6b8370655735d28f6ddad42222edc2540a17a238134f20c6
Output/4081c/Ob10/tables/geometry_ladder_pilot_summary.csv,2805,a748772ff3cbd81b3facafbe74a64491f39bea51ee2e08b27385d52fc01a2135
Output/4081c/Ob11/4081c_ob_summary.md,1460,36befd1f0ea469ebc55ff15773ac3fa7429cacdae5fe4e5ffa1c58d4cd650e8d
Output/4081c/Ob11/decision.json,621,fc48a1d7f29136d3850fb6f4cb5dbea74c8fe429df7a7e2f7390f6f76030249f
Output/4081c/Ob11/geometry_ladder_pilot_summary.csv,2761,7bc72dfb2f804a169d65e30a1b826a41f67ed425a415b1e18a1a9c6f43cd3e93
Output/4081c/Ob11/geometry_ladder_pilot_summary.json,6852,ed91d16d7f82362a9306c806523ebb65ba6c31d34b05335db2cf340f17bde32d
Output/4081c/Ob11/tables/geometry_ladder_pilot_summary.csv,2761,7bc72dfb2f804a169d65e30a1b826a41f67ed425a415b1e18a1a9c6f43cd3e93
Output/4081c/Ob12/4081c_ob_summary.md,1514,fc3b49d3400b40681abe9995e8505aa31638854ec185326ca1676e607f80a579
Output/4081c/Ob12/decision.json,620,ecb329cb90ea7ac01af78a1c0a8bfb803e2e85c0327b73d92460f776bd29a4a3
Output/4081c/Ob12/geometry_ladder_pilot_summary.csv,2835,bb4713e63cd4e01a26b4ac9f53049d7a93c369f5679ea9bfc408fcbd831b4ee4
Output/4081c/Ob12/geometry_ladder_pilot_summary.json,6926,99ecee52984ad3fb635a4585aa9156092345839597c82144f63005b8dd0f05bc
Output/4081c/Ob12/tables/geometry_ladder_pilot_summary.csv,2835,bb4713e63cd4e01a26b4ac9f53049d7a93c369f5679ea9bfc408fcbd831b4ee4
Output/4081c/Ob13/4081c_ob_summary.md,1513,55c925589eae58b9204b6546f8ec7a8779a20a9f414938b61cfeaa4ee1dfe1e2
Output/4081c/Ob13/decision.json,620,82f62afd36c05c9ff2f5220768bdfd2e9b10c48ed5c5f6f353453e42b60d660a
Output/4081c/Ob13/geometry_ladder_pilot_summary.csv,2819,bab8b5d8e1e0bfeaf4f7028e0362d203605bdd0283ebbe458e3082acc4d6c961
Output/4081c/Ob13/geometry_ladder_pilot_summary.json,6910,9765ec51880f53c4708de787ca04e6edd8fcd689da7dbbea758604ffe836eebf
Output/4081c/Ob13/tables/geometry_ladder_pilot_summary.csv,2819,bab8b5d8e1e0bfeaf4f7028e0362d203605bdd0283ebbe458e3082acc4d6c961
Output/4081c/Ob14/4081c_ob_summary.md,1519,dbc94a7884ea7277e1fd8569b62c850d44ef836e862134f8a04bc1acc530c899
Output/4081c/Ob14/decision.json,618,cae3b4d21d5c9c80334c3d2760e887e68c7438073737eaf2925265eb1ebf0bf9
Output/4081c/Ob14/geometry_ladder_pilot_summary.csv,2813,65cbb0082c319aad9f353c8f62baa8ae927fb1f3f6fca82209e5db1ac39a53b9
Output/4081c/Ob14/geometry_ladder_pilot_summary.json,6904,75273370fbf6f60bb09d2fff65f27f9a5c15e287c2f203029f0d667dde9c0dea
Output/4081c/Ob14/tables/geometry_ladder_pilot_summary.csv,2813,65cbb0082c319aad9f353c8f62baa8ae927fb1f3f6fca82209e5db1ac39a53b9
Output/4081c/Ob15/4081c_ob_summary.md,1486,a19dd740bb15708d29606361061ee162e48c3492fbbb59d68a1da8af7304ad0d
Output/4081c/Ob15/decision.json,620,d123224b8db1505da18d0824dca5233ff00e4683d07a7ac5df0ffc2aed80eba6
Output/4081c/Ob15/geometry_ladder_pilot_summary.csv,2788,4f5424835320e929c719eecc8c3a035f4efb794dbe9a720a3b232950449fb636
Output/4081c/Ob15/geometry_ladder_pilot_summary.json,6879,e6c5b415bc878c9b5d5cff59d73548e8e88a32d6b34272f6a50a2e24050d072c
Output/4081c/Ob15/tables/geometry_ladder_pilot_summary.csv,2788,4f5424835320e929c719eecc8c3a035f4efb794dbe9a720a3b232950449fb636
Output/4081c/Ob16/4081c_ob_summary.md,1483,263d5936d2c6d06f72f7013e0da15322c20f6ec9106e08b8564f0d9615a8f6ac
Output/4081c/Ob16/decision.json,620,afc645891c7a3c3ca354817bca0614adbf483c2037c62b18f5c56ac6e343c5b7
Output/4081c/Ob16/geometry_ladder_pilot_summary.csv,2787,0b9f77112bf910ff25048fb728d4c4ce25570ef34b1a9ebcfe1e8eb59678d698
Output/4081c/Ob16/geometry_ladder_pilot_summary.json,6878,5be4680e3e8615abe3064c7ae3f6a1d4d0645abeca6aa4923cd73a422b66cb27
Output/4081c/Ob16/tables/geometry_ladder_pilot_summary.csv,2787,0b9f77112bf910ff25048fb728d4c4ce25570ef34b1a9ebcfe1e8eb59678d698
Output/4081c/Ob17/4081c_ob_summary.md,1516,d51c070e4f340809b8e7c85b5980b19d9c4ddd9a2ed3ad953ff40115a26be34d
Output/4081c/Ob17/decision.json,621,ea15d4a9d622ae7a078470f5300211fb4225afbfabcc72b6f79583f3b935a0b8
Output/4081c/Ob17/geometry_ladder_pilot_summary.csv,2844,a6f47159b2a84e8cb2c0dbb7db91552386860f42124aaa17ee14780c9978e5f7
Output/4081c/Ob17/geometry_ladder_pilot_summary.json,6935,3ede5cf5dd899fbc5edef081ffd262d3613427bcd8934d6b595f4fd145e40b28
Output/4081c/Ob17/tables/geometry_ladder_pilot_summary.csv,2844,a6f47159b2a84e8cb2c0dbb7db91552386860f42124aaa17ee14780c9978e5f7
Output/4081c/Ob18/4081c_ob_summary.md,1513,24dad6c064dc04a36a9d73f12e932b39b4753b820493d741adf67dd169ca6aa3
Output/4081c/Ob18/decision.json,620,3110e02e76db897b3e18e5e33536c86a60f0c7902d7728bf79e69db70da04f12
Output/4081c/Ob18/geometry_ladder_pilot_summary.csv,2814,39c2db9a17c1c1b82312d9d20ae8ffa7f17dd709000c69e2beed4a8cf7b0172d
Output/4081c/Ob18/geometry_ladder_pilot_summary.json,6905,fba417b044eb0f9d73186686842590d7aa9a107d91907e08c3c826c4b3dbf2aa
Output/4081c/Ob18/tables/geometry_ladder_pilot_summary.csv,2814,39c2db9a17c1c1b82312d9d20ae8ffa7f17dd709000c69e2beed4a8cf7b0172d
Output/4081c/Ob19/4081c_ob_summary.md,1510,d342a268402585fa9a20cdd2a910b30c9411fa4b3a312d4e4741629600652cfd
Output/4081c/Ob19/decision.json,620,fe0ca0c22b90fec5791356cb59dfe7127c698e5fbddb4290f9cb2c0c5f82960e
Output/4081c/Ob19/geometry_ladder_pilot_summary.csv,2806,0e7fb951d391444f251a9be5d2f9765b12617d02c06b252d49ba4de55df08dc7
Output/4081c/Ob19/geometry_ladder_pilot_summary.json,6897,f3714af7711220d589c805e77cc6819220ab85bf1a7a80f419caf4d90fbd5f64
Output/4081c/Ob19/tables/geometry_ladder_pilot_summary.csv,2806,0e7fb951d391444f251a9be5d2f9765b12617d02c06b252d49ba4de55df08dc7
Output/4081c/Ob2/4081c_ob_summary.md,1518,bbb3a3f1ff86394c960ff4e8800a02092aff0e3f16007ef1097abba2ef254d0a
Output/4081c/Ob2/decision.json,617,05771050d71d7a1be41bad5f43c637bd7a2ee90f44dc482b6e80aa32dda41186
Output/4081c/Ob2/geometry_ladder_pilot_summary.csv,2817,ac74134f8ce367c28130f53466543e1da020dffcdf3192e88670e0b8011a6432
Output/4081c/Ob2/geometry_ladder_pilot_summary.json,6908,d70006875063941e72da515d158fc34ee3b3798f174035dc4766739eaeb625ae
Output/4081c/Ob2/tables/geometry_ladder_pilot_summary.csv,2817,ac74134f8ce367c28130f53466543e1da020dffcdf3192e88670e0b8011a6432
Output/4081c/Ob3/4081c_ob_summary.md,1534,274262aab118296f5c3127640296cf0efb0df75ee8e2bacf560f0890cdc623ca
Output/4081c/Ob3/decision.json,639,14ceb8a1f18620bec3718531054b35c082edc853a8c23b56e0c1d87312a23993
Output/4081c/Ob3/geometry_ladder_pilot_summary.csv,2827,ddb6b0b2ad625b1c3eae67f8f3646c4c6b590f2ce0a7fd9debc0f7e79bcf1e66
Output/4081c/Ob3/geometry_ladder_pilot_summary.json,6918,0169d2f79487456174510cbbd5ddab0aadccdf987caedd5cc44d5dda52dca92a
Output/4081c/Ob3/tables/geometry_ladder_pilot_summary.csv,2827,ddb6b0b2ad625b1c3eae67f8f3646c4c6b590f2ce0a7fd9debc0f7e79bcf1e66
Output/4081c/Ob4/4081c_ob_summary.md,1489,cfc7bc03fdd1444edc7ede9a71ef4d84ea74d5b56bb7d3002278eed8f0fba755
Output/4081c/Ob4/decision.json,617,37cadb9857dd06e7d48fafb56d03403f89d33acf001babde07f2c2c4837a6b5a
Output/4081c/Ob4/geometry_ladder_pilot_summary.csv,2798,3f9c60ba0696444ce49285ed23bdfae47734d401805cc51d451281033875bd10
Output/4081c/Ob4/geometry_ladder_pilot_summary.json,6889,0039ccbe2cfa99f848e0e7aeacb3c874af20eaac30d979798ca85cad1a2fe102
Output/4081c/Ob4/tables/geometry_ladder_pilot_summary.csv,2798,3f9c60ba0696444ce49285ed23bdfae47734d401805cc51d451281033875bd10
Output/4081c/Ob5/4081c_ob_summary.md,1509,5e62ad90ef994ee9f05f5160287f441c304155c82ae816af5f9b5415ff541132
Output/4081c/Ob5/decision.json,618,be22de039d38b525e6ae622b2a29fbf01344ec1d4cd8ff8b255c869a1340b569
Output/4081c/Ob5/geometry_ladder_pilot_summary.csv,2821,616d5abcc6a61d05e7d5220afc536a7062acf1604b41e6c97fb6234fccd6ff3f
Output/4081c/Ob5/geometry_ladder_pilot_summary.json,6912,4e31087c60bf348fefbeb2785bd5b9fa20ef91ea0871de77aa4e22ae09b4fbe1
Output/4081c/Ob5/tables/geometry_ladder_pilot_summary.csv,2821,616d5abcc6a61d05e7d5220afc536a7062acf1604b41e6c97fb6234fccd6ff3f
Output/4081c/Ob6/4081c_ob_summary.md,1499,fd64bb50c5965eaea8cd4a18485994ebd76b315092bb906904642864c365372b
Output/4081c/Ob6/decision.json,640,9beef929c72461bd66251da3e557c76568b7892b92cee4b9f95a812e23923af0
Output/4081c/Ob6/geometry_ladder_pilot_summary.csv,2820,96640459ef7fd1d8094d2490fb31f826ff17adc99898debabde9ee468a372edf
Output/4081c/Ob6/geometry_ladder_pilot_summary.json,6911,ada8b8412eb6854ceb7556a7a6063aeddaa9d3afe10c7d8ea697e990c96a3a90
Output/4081c/Ob6/tables/geometry_ladder_pilot_summary.csv,2820,96640459ef7fd1d8094d2490fb31f826ff17adc99898debabde9ee468a372edf
Output/4081c/Ob7/4081c_ob_summary.md,1525,d4237a41ecaf39757c52cbb7a5ad39bba7da18007760f0a77c18e5888c36f49f
Output/4081c/Ob7/decision.json,620,786366a846a39a8daf2aaf57278791c14f758db86db9488a54224d1453a0dd27
Output/4081c/Ob7/geometry_ladder_pilot_summary.csv,2820,56492ecd08e92195fcdbda59fc2243cf5be5f631a39f7275abc3227cb05a40f4
Output/4081c/Ob7/geometry_ladder_pilot_summary.json,6911,b63b1384b981da0047312a09b342cf26df1f5d293282e28c71adbd06ec3ad27a
Output/4081c/Ob7/tables/geometry_ladder_pilot_summary.csv,2820,56492ecd08e92195fcdbda59fc2243cf5be5f631a39f7275abc3227cb05a40f4
Output/4081c/Ob8/4081c_ob_summary.md,1486,04eb5c86178a41eefcde4e8220e194d9e6d878788cf5530ded4e39cff66c7d2b
Output/4081c/Ob8/decision.json,638,39d4c1efa281a1c1a3bfe605590fedf8069e371aa5056e5d3f596c9a1357cbde
Output/4081c/Ob8/geometry_ladder_pilot_summary.csv,2784,e1eccb593c2fec5039d1b91633366c10b7a8fbbcc4cb3f7d072b77e040306b85
Output/4081c/Ob8/geometry_ladder_pilot_summary.json,6875,98efd257a90721b2879279da50182ba051b576cd93323b680699a4b5b3cec30a
Output/4081c/Ob8/tables/geometry_ladder_pilot_summary.csv,2784,e1eccb593c2fec5039d1b91633366c10b7a8fbbcc4cb3f7d072b77e040306b85
Output/4081c/Ob9/4081c_ob_summary.md,1499,3ee452badb9b388265345f58d4f5cac3bea9ced7b7d79049e0bd7e35db26b5ec
Output/4081c/Ob9/decision.json,618,66ba2b3f638280e32f6c06aeeb7cc6b7221b3c32a106580e4ae5286560d570cc
Output/4081c/Ob9/geometry_ladder_pilot_summary.csv,2793,0208face2cca36d60dd2cd74f0dd77b94f8b7053ca473ec23ec6a065733e9e5d
Output/4081c/Ob9/geometry_ladder_pilot_summary.json,6884,753b4deb759bc60902d8b9ab1dafeb772ccb7ca56ac9b098bc682519cbdda055
Output/4081c/Ob9/tables/geometry_ladder_pilot_summary.csv,2793,0208face2cca36d60dd2cd74f0dd77b94f8b7053ca473ec23ec6a065733e9e5d
Output/4081c/ob_route_a_classification.csv,3223,7382b128c4028778f175ae7610c6f598adf4749537f825be86e46f183274ad16
Output/4081c/ob_route_a_classification.json,8200,1b8439570aafc13cd948f5e8de221eac756bda2f289f85df0bc40d05b03a6cdf
Output/4081c/tables/full_geometry_ladder_rows.csv,46569,b794c4f7247f7abf71cc9f3438a6b58939816a02812e1b1cbd9c57c3eaad94e2
Output/4081c/tables/ob_route_a_classification.csv,3223,7382b128c4028778f175ae7610c6f598adf4749537f825be86e46f183274ad16
Output/4081d/4081d_summary.md,7843,09d5ba3521cf73b0fabc4a487bf66f5860edca7f3821f5d4c8df86d222f9843c
Output/4081d/decision.json,1551,ae41c82e7ea52618e5464a52950cc9dfa9863c13b0e9ceb6e208d2213ec5626f
Output/4081d/feature_contrasts.csv,3033,804aa2347c2d641f9f2d7dea57899ca436507e267a7e04dfffdd1a469d8d8253
Output/4081d/heterogeneity_features.csv,4960,7bb7804a7156d541d40fa8aaad3e8b349d1c992301882d6948671526f9292585
Output/4081d/tables/feature_contrasts.csv,3033,804aa2347c2d641f9f2d7dea57899ca436507e267a7e04dfffdd1a469d8d8253
Output/4081d/tables/heterogeneity_features.csv,4960,7bb7804a7156d541d40fa8aaad3e8b349d1c992301882d6948671526f9292585
Output/4082/4082_summary.md,3738,59cdaa598fe8de00fd7d5888dd24e5420c988a8561c6efae14aacecc5caec6a7
Output/4082/conditions/Ob10_k12_lag0p100.json,563,27b25258b69ed4732a2cd32544638c2e99e3c9a40ab3d2bbe8842c4e68057b68
Output/4082/conditions/Ob10_k6_lag0p100.json,563,5d8832ef446f1cbd59ffc26474621a1e55670ab4e37e3144a67188cc8e0781fe
Output/4082/conditions/Ob10_k8_lag0p050.json,568,53b0089cdd6a92725429de7a3ffc9733eb1ca673c65b4870eb65348145511759
Output/4082/conditions/Ob10_k8_lag0p150.json,566,7e4a44c90e95da287877a72c98b2937b80588a27a018090057d437ef604cc83b
Output/4082/conditions/Ob11_k12_lag0p100.json,564,4f1295ef76a540af818182320a657a6512114cc5d40c75ff63f8b088f69d192b
Output/4082/conditions/Ob11_k6_lag0p100.json,563,8b8bc45d4db1c21c9bdda6953377e51b41187038eb05f3a4d359476acb240049
Output/4082/conditions/Ob11_k8_lag0p050.json,565,86981feb83125c839ec0d3ea92554556a236c8c3f7727d862ed9407e17aaf144
Output/4082/conditions/Ob11_k8_lag0p150.json,564,f13cb4776aa4469d6ba9b1a76aa679d22184aec3c0505fa86140534fb29f192a
Output/4082/conditions/Ob12_k12_lag0p100.json,564,d50ea5a9be07d454468cf932e56a456cc10647d45f1808fcb924068065dd31df
Output/4082/conditions/Ob12_k6_lag0p100.json,563,0a59d0d5822dbc446b7c5ffd76e94159bbfd99811e1cd7d5bd48c88b4dc9871f
Output/4082/conditions/Ob12_k8_lag0p050.json,566,f9bec3345a29b37852a76b47b9b3583455cee3f57ee1aa65b0bc49135c49e754
Output/4082/conditions/Ob12_k8_lag0p150.json,565,f2d4a2b545fe7604e4a0e2dc681eeccc387d61a2e87db4844dae1da5696e00e3
Output/4082/conditions/Ob13_k12_lag0p100.json,563,9945333307a1037c78e9f367391d780d15f1223673a982da304bc4936801ae02
Output/4082/conditions/Ob13_k6_lag0p100.json,566,7cb6be85b59c4197b703bbd7b6080f548ee561999ce0efd86d1eebbf6d1da13e
Output/4082/conditions/Ob13_k8_lag0p050.json,566,034016718e9ff1db5a8356a87a23600506e3b1925a67609e4df99974d64f7512
Output/4082/conditions/Ob13_k8_lag0p150.json,564,96f0405f5e4dc06d16ab246ffeff68341936de955b254cd039c70cddb05e6bf9
Output/4082/conditions/Ob14_k12_lag0p100.json,564,ff4ead6c61788611a12ec93a66af6cef35eb6e9b517e3ce992717af3c94a061f
Output/4082/conditions/Ob14_k6_lag0p100.json,565,ee2eb874903722a7e641ce3932be1f1337357120aba7428b756aaba3fde88eb5
Output/4082/conditions/Ob14_k8_lag0p050.json,565,d97a3e9f0866bb30c3b14b7772c7cf4c011eb96a060aa8eff1be8b793ba9aa9e
Output/4082/conditions/Ob14_k8_lag0p150.json,562,fcb912f4771859e1ef663b4f373a363b7718d033e5f20d3a3c960f74ef1247e7
Output/4082/conditions/Ob15_k12_lag0p100.json,561,c9cde77725a46c5cd405d07c7bf314b16b203eda6ad9ab14239eaece950917d0
Output/4082/conditions/Ob15_k6_lag0p100.json,562,47204999da47f8a520c570706aee9c9fc4054a1537ca1210e7524c8b69cdfe05
Output/4082/conditions/Ob15_k8_lag0p050.json,563,fc499f4f978ff886cba91ba4ac7a306473ef49d91e993941a81f700e94776973
Output/4082/conditions/Ob15_k8_lag0p150.json,564,36e9fa6919da05737c0902a8f700a8c145faebf119b75903105677ff7073533d
Output/4082/conditions/Ob16_k12_lag0p100.json,562,98c3548fa655b8aba31a09c09fc8b70a9c704ab40b4863d220bc03d92da1423a
Output/4082/conditions/Ob16_k6_lag0p100.json,562,12d100966930a8d4af15c6fada758dad565c106c9388822febff7213ac7f783e
Output/4082/conditions/Ob16_k8_lag0p050.json,563,59b655390beecbaa09e522debca460651581e5f231af79a9b0db17258c5b2239
Output/4082/conditions/Ob16_k8_lag0p150.json,564,3500a34bb83b49a4facefe810e3f7fa232836706a61ecbdc372b398b645b67b4
Output/4082/conditions/Ob17_k12_lag0p100.json,568,01728ee1c33f7885e18f08190efd37f4665b257be44e84913ad0a25119424d51
Output/4082/conditions/Ob17_k6_lag0p100.json,567,4e22ef74ebe0e39536373f78daa8b3f8d525da615cb14fb7ef99a24e15b83c2b
Output/4082/conditions/Ob17_k8_lag0p050.json,568,705cc565f03d275ead20ff4a06d8f2f54254694fe27cc34beb2aa241d98e3ddc
Output/4082/conditions/Ob17_k8_lag0p150.json,563,159b3e2ddcfc8be4001dd4c78f05fc53182cca07ebb139165bdef3d294daf1b0
Output/4082/conditions/Ob18_k12_lag0p100.json,569,47e3d0d70def4133e03c3071ec36e160a2df59295b2adca5146b816767bfe295
Output/4082/conditions/Ob18_k6_lag0p100.json,565,3d26d671435a091953ea340e5dcb1b98aff09f5b249cae5fb00c03a97abc6c01
Output/4082/conditions/Ob18_k8_lag0p050.json,565,7c51c2064f22dc994a9bc1423b14e2375e6397490e6cb9322f159dfa3c0d0408
Output/4082/conditions/Ob18_k8_lag0p150.json,569,7098b79b93c41919832830520646ce3e3dba65265fd6eb209b29f4ef80e1d5fc
Output/4082/conditions/Ob19_k12_lag0p100.json,561,314343a5e268fb5b2e8dc1c9860b156e35143fd342cb615ca424319a5335b096
Output/4082/conditions/Ob19_k6_lag0p100.json,562,23e06652a8461380bd780c5b54ce658f783778f3a7e7c42c07611a20fe5f847f
Output/4082/conditions/Ob19_k8_lag0p050.json,563,4332c318fa9c3e44a196947567f4d2acfa6e18b09fb34bf87685b505d3f75bfb
Output/4082/conditions/Ob19_k8_lag0p150.json,562,e7afb28af46e8a64cd801347e4bccf09d082b3295f6e431a9e341fba134d8e52
Output/4082/conditions/Ob2_k12_lag0p100.json,564,ec890e6352c560faafc875e1bd1203bdeb15769b5cb1a9c2d7dc19eaf94de284
Output/4082/conditions/Ob2_k6_lag0p100.json,564,656ffd2d618a1c7993f1b03bbf334ef79a1fb7225e53aa4d17a91d8d2f60f53a
Output/4082/conditions/Ob2_k8_lag0p050.json,565,e70177342b13f4186c0a06857a28040fc02a0a9f2d4ab80424825b6b99f3982f
Output/4082/conditions/Ob2_k8_lag0p150.json,564,637a39629b8d8a09cd295fbb034d3f98d58df49fc259bdd14289f2d39054c77a
Output/4082/conditions/Ob4_k12_lag0p100.json,565,6d93a06a8caaa395de27f1c83d1eec7cb7aeeb77e3515a6e39468e0190d3483f
Output/4082/conditions/Ob4_k6_lag0p100.json,540,6c22ed59c2d8852d660b2093a452a8bc7ab279a82116bf9d932664940c9c631c
Output/4082/conditions/Ob4_k8_lag0p050.json,570,52c502f2d508d3c779e42cc842fa7794755c20b446dd112542bc6475c314b3ee
Output/4082/conditions/Ob4_k8_lag0p150.json,567,fbc27e50df673f455812b95f5f3780324ffee3879e04d8ac557c8982b77a439b
Output/4082/conditions/Ob5_k12_lag0p100.json,563,45083afb9ac4305039fc127a89dbcd523d4e8dbe4b5b1a50eebe2e0a640569fd
Output/4082/conditions/Ob5_k6_lag0p100.json,564,6fb082a329c9d1f3aaa79ce4cd8cb84a8e6ad2cf20717815f261aa883ede9fcc
Output/4082/conditions/Ob5_k8_lag0p050.json,566,515aebdadf128bdcbeadb5b0a19593a70c634f3e2e353f734277468cd8c156c2
Output/4082/conditions/Ob5_k8_lag0p150.json,568,cff260ff2f1ec00ef5db0f0920991557ebc764e2ef9a4cc8361bb6ffce07a58c
Output/4082/conditions/Ob7_k12_lag0p100.json,563,c304639118fc5a958ab7e6b0a83a0902255a2594e1f392e32d14c2894f750025
Output/4082/conditions/Ob7_k6_lag0p100.json,559,186f075740d0ad781b84b6ca79c9db511b16d7df332119cbea9b37fbde69de11
Output/4082/conditions/Ob7_k8_lag0p050.json,563,37846dd63abb3e3dcf39240509f9e64920309c6486bf11f4547951a588ac3039
Output/4082/conditions/Ob7_k8_lag0p150.json,561,a2ed481d01b92f1e11d478737a9d4bb0a5c57fdf061f70735e4c47b83330b64f
Output/4082/conditions/Ob9_k12_lag0p100.json,561,16bd1d080d4cd761bd8a98f9c725473058a0638ea58967c597e21338ce81c751
Output/4082/conditions/Ob9_k6_lag0p100.json,560,bb463c4961a80239a8c87e27a461b36f393fa5ecec5834d71dbd02ca00da9db3
Output/4082/conditions/Ob9_k8_lag0p050.json,565,719fb6b1ef27c5e94fd4e652e33ccb2855fcc43b75d24baf8d68489b2f4d1c4b
Output/4082/conditions/Ob9_k8_lag0p150.json,562,7a9aa559a4f26e4abe335060d127f17e9dccae898c86316a30f5b36f03a5ca57
Output/4082/config.yaml,373,ac8ad05b771320810626cc1c8a9203ec56bddc7b8220acac52596949af78e1ca
Output/4082/decision.json,1154,d76201cfd2a0380760fb80ee04d75b1d16c34cc5cd8bb7b6254815338af3864e
Output/4082/ob_scale_timing_robustness.csv,2218,571050c5b14c9b5d73865b2a1f14e42d11317f49be97ff4d8da2f995754b03f7
Output/4082/ob_scale_timing_robustness.json,6557,61d3531ea5db710ba37eaff094cf8a3e73f8d620f2d1df13f1ae627f2b3fa402
Output/4082/scale_timing_condition_rows.csv,16183,d01b65014a8b84d0c2e5e4781aade1f5b9858defa1c301174786a44e8effbe4c
Output/4082/scale_timing_condition_rows.json,53619,4e5417554f83338c490ca2d26b482ff1c6f158587f667299afdc533ac1c51114
Output/4082/tables/ob_scale_timing_robustness.csv,2218,571050c5b14c9b5d73865b2a1f14e42d11317f49be97ff4d8da2f995754b03f7
Output/4082/tables/scale_timing_condition_rows.csv,16183,d01b65014a8b84d0c2e5e4781aade1f5b9858defa1c301174786a44e8effbe4c
Output/4082b/4082b_summary.md,5606,ddb085d14cba5c716eaff38bdcc8aac8c9e0b508d7efa4b281c98b468d073c47
Output/4082b/config.yaml,366,224f3fbc10b4e6512b99fa2309650cf458da3af0eeddc12b4acb2fdfa1f612f3
Output/4082b/decision.json,1377,6d499e72ad1e708b349957a76014af0f716d6abcc2b5c1f2e7c7cdaaf26b4ce0
Output/4082b/failure_audit_feature_contrasts.csv,6066,ddb2890fc12988e34ebaf8f1c8901cedad7a106df2b87c7e4d528c415e922bc9
Output/4082b/failure_audit_feature_contrasts.json,14696,d70357bd7e214b0a45dd6d4b6ceb23613c72a94744d573aed833636246a58c14
Output/4082b/failure_audit_features.csv,8768,53da6fd652d9151e1e0d25405b48dbc2f018b2d441da054e5698b01da2320e77
Output/4082b/failure_audit_features.json,30613,a848a49842395f5c44a8f8ddd2498548cdcc7aa765fcf74d628432d0ad60ab3e
Output/4082b/raw_quality/Ob10_raw_quality.json,663,9fd4ce6e7519dd597948fde358a8c5034251eb1ff739cd866d1ddd34c0bb69e3
Output/4082b/raw_quality/Ob11_raw_quality.json,650,ddc76948837da63a30e1bb1696d7151f7314e4490fb3521051e1e16d4dc0d96e
Output/4082b/raw_quality/Ob12_raw_quality.json,647,3a2573de09eb5b8a0f20d5adb3e85a5c3b6411ab287965bb3707bfa109e9633e
Output/4082b/raw_quality/Ob13_raw_quality.json,636,b7cda9655303a608ddb06b25084fcc68b9632b1d959ba0bbb3367ca4ab92539c
Output/4082b/raw_quality/Ob14_raw_quality.json,648,b7b29d8d1a6ccd4265ec7f8aa7f90fba1efd116aea6da0f4c9f0574a468bff11
Output/4082b/raw_quality/Ob15_raw_quality.json,650,32928117aed758054db285c57460131289703e7985f6617cb876a07dfcfd7978
Output/4082b/raw_quality/Ob16_raw_quality.json,651,78f5c41e5d46641b65859612a7739b9bcd73204ce5f4b61283229e44850db34a
Output/4082b/raw_quality/Ob17_raw_quality.json,661,b26b2fe843883543a2855c6cb4768f1c102f631ba31dd8c5d372bb54ede2cbcf
Output/4082b/raw_quality/Ob18_raw_quality.json,648,1a277d1bf8810b0d8c352875be8dca29c6fab89ca46d6d4caa3c9a0489bf6ec4
Output/4082b/raw_quality/Ob19_raw_quality.json,649,cf4dbedc3f16683afec8437a7515234904946f3bb5136d2cdfa606e516b42a6f
Output/4082b/raw_quality/Ob1_raw_quality.json,662,09b65438a7e6469a71e5300614ffe4c8474230dde4ff1b7103c24fe20acb5b76
Output/4082b/raw_quality/Ob2_raw_quality.json,649,f9172a177fc9742fbb47197090feaa9d74ce2943d93fc5d24b98529ba6703850
Output/4082b/raw_quality/Ob3_raw_quality.json,649,b2920ac13bbc39809745c4a7ededd7261da60013c042b529a011a151a6686179
Output/4082b/raw_quality/Ob4_raw_quality.json,647,2f515ae8c615fababac3c2096d93b1809f2b822a9cfb8ae60302f654b3e800e7
Output/4082b/raw_quality/Ob5_raw_quality.json,648,8b28c5228c76a96d8c84ac829f9228c05acc3bff3e86c9d5c54a4fe71490f21a
Output/4082b/raw_quality/Ob6_raw_quality.json,660,35b87c69b2b4aef8a902b93bd5d96239989b0185d37cce2c186488c93ce64846
Output/4082b/raw_quality/Ob7_raw_quality.json,645,047cece8c9d73a0f23b2a986efc81e22bc8651a1fea9e568ecf87e784e2881ab
Output/4082b/raw_quality/Ob8_raw_quality.json,633,04406514a0287506d07895cf8c44e391cc2082647a0b59632c164ba0a94e9ccd
Output/4082b/raw_quality/Ob9_raw_quality.json,659,000706a12c9ea842f015a240cbb2520f1eb2888f70ae6f44a9844aa53e14cd85
Output/4082b/tables/failure_audit_feature_contrasts.csv,6066,ddb2890fc12988e34ebaf8f1c8901cedad7a106df2b87c7e4d528c415e922bc9
Output/4082b/tables/failure_audit_features.csv,8768,53da6fd652d9151e1e0d25405b48dbc2f018b2d441da054e5698b01da2320e77
Output/4084/4084_summary.md,6060,f0fbfbae49db219329cb3d33882bc3c9067aa64d584bbdc0c9e5ce52576d66f2
Output/4084/config.yaml,581,c2c50384bfffd5c985a7cd33ad3f4bdb9cbc5008d699d6061651f5c83c05bee8
Output/4084/decision.json,1315,8ef4a6633a5391a675c1fea51c9c24ddb56ecf46a2552ef6496ee03d6596ec7a
Output/4084/ob_spatial_taxonomy.csv,3840,b76d7b0205b62df12b4df21d317dd1731c3c250a90320bc1086e2172eb3d2f59
Output/4084/ob_spatial_taxonomy.json,8339,f528e84a3bc0149b954db81fed7cb8b529d1ccb462fff38680a893dcc1780c5f
Output/4084/per_ob/Ob10/decision.json,792,04696458f1ba2d07135799d3f64e1726a81c0b334e2b2af6c0f4aa34666d54b4
Output/4084/per_ob/Ob10/spatial_taxonomy_rows.csv,2455,92b656014c78612107e9c71f6857699cf322f5676b1b2814c2b8d6c89ddcf072
Output/4084/per_ob/Ob10/spatial_taxonomy_rows.json,7130,ae2cf8e5f264d079531dccd840fde2ef538bf1d2bf09528b4fde6bc490da2022
Output/4084/per_ob/Ob11/decision.json,788,caf67b9bb3595f98ce2a974bd6411de6a8b3b831633e879a96c837260219fa21
Output/4084/per_ob/Ob11/spatial_taxonomy_rows.csv,2456,c0b3802a682bee27d32433d7a89deecac571f1b5b141528cfd02aef2ec59a9fd
Output/4084/per_ob/Ob11/spatial_taxonomy_rows.json,7131,100614d9495b194848f1667f8dfecd0b7b46aa98d650b9812f562f9f249c85dd
Output/4084/per_ob/Ob12/decision.json,794,bd7397584188a5cc07f9f0034e799ad1df5f83743b85c99a02407ca7add48cf5
Output/4084/per_ob/Ob12/spatial_taxonomy_rows.csv,2460,044f4f56afa56f530d7908c7df6cceb534e4c782aa227da28df229b1bab54093
Output/4084/per_ob/Ob12/spatial_taxonomy_rows.json,7135,0251e0d2a7d8a6d4fbcced96e7800e7497c9edf7a1412538a5aacc54195ffa60
Output/4084/per_ob/Ob13/decision.json,797,a4e1278dfe72c32eb9b6ccb83840a2167c6014eb7ec0eff799a00a31025b4035
Output/4084/per_ob/Ob13/spatial_taxonomy_rows.csv,2465,a17c6b09660a0846a17537e4b620e19adbba5cca54acd89e177adfd065e7db00
Output/4084/per_ob/Ob13/spatial_taxonomy_rows.json,7140,cfe72940591e57a12b45df1a97c6170982b43107a7b7c0ff5ef82d135241ba8f
Output/4084/per_ob/Ob14/decision.json,791,5299ef67ef6dcc9bd601d3f76f52e7272a77afac314954753e52f7ccfc39cc09
Output/4084/per_ob/Ob14/spatial_taxonomy_rows.csv,2451,a32d6f3d025b59cacbd646ea57a5a19d0b8b137aab97e41a1a808e4a8dfa52a7
Output/4084/per_ob/Ob14/spatial_taxonomy_rows.json,7126,969812220c43e0a1c5b14eb9ff270b94ee7920be52d6bf0b094813db42f57457
Output/4084/per_ob/Ob15/decision.json,785,f5a31d471e40b85c6b048866cc8f269fa93509935565ae8a01525fdcf2808076
Output/4084/per_ob/Ob15/spatial_taxonomy_rows.csv,2449,d73165b2ccf6c714b93416c2014bc39dced0212434cc2f3cc67fa2ede5a40a1b
Output/4084/per_ob/Ob15/spatial_taxonomy_rows.json,7124,f2a269495306286d8f26f95592033b836b82764c864fad57944b5c9d0ae822e5
Output/4084/per_ob/Ob16/decision.json,777,55203d977f8369538ae30de518a7b7bb903544cb45e33cb70cd9e6d6f2dad4e2
Output/4084/per_ob/Ob16/spatial_taxonomy_rows.csv,2469,d12132159904338174d85abf3bddfbb2d6fe7c1170f98028519a6aab2d4a446c
Output/4084/per_ob/Ob16/spatial_taxonomy_rows.json,7144,5c97d0a39e94fa3cd66f37039ae5e0ed6d06fb727367a5fdad51a4175ef209f9
Output/4084/per_ob/Ob17/decision.json,804,44f53b2b57e50f26a1b150ddd95a5a2b9f9f8c24625578be2fa8310e7c73e38c
Output/4084/per_ob/Ob17/spatial_taxonomy_rows.csv,2478,7176e03843caef638acb65c7674dd83808e41c218bdf014102ac6adefd197217
Output/4084/per_ob/Ob17/spatial_taxonomy_rows.json,7153,5af6c61afe667d2d6ca645bbfc9ef2246cfc5dbd22f49ef12a02bf511d60f921
Output/4084/per_ob/Ob18/decision.json,803,68fc8e3458aeaefa256a03ea2cab253f1879530a7034ed937b09a5242b47e798
Output/4084/per_ob/Ob18/spatial_taxonomy_rows.csv,2479,9ddc2a5c4667dfe002ed4f06e6670c1d64de294671378df6c9106646639389d0
Output/4084/per_ob/Ob18/spatial_taxonomy_rows.json,7154,b79f3d70b2bbfde2abaafbcf8a30129558ec4ba6a090a30dac01e5f92ce3f7da
Output/4084/per_ob/Ob19/decision.json,793,69316e23567c97076c03e7d51be54c90048ce1d96ce0fe312e097f1753bcfa7f
Output/4084/per_ob/Ob19/spatial_taxonomy_rows.csv,2466,9a7839da09e54bae87d6e0a47267424768f4177c59214413d7c864c48bfb54d9
Output/4084/per_ob/Ob19/spatial_taxonomy_rows.json,7141,e820d26113ff83852e5492695840593365e5c0e7e52e0b708e6510560b9a0810
Output/4084/per_ob/Ob2/decision.json,788,ba544fdd574f4b96a0c1e579302a921c2a009e67829c6f84dec1f70d4b0eeff8
Output/4084/per_ob/Ob2/spatial_taxonomy_rows.csv,2458,d7741648cbe94945bed0a646260335d4721c32ab61fc38ad10b244a61494d785
Output/4084/per_ob/Ob2/spatial_taxonomy_rows.json,7133,8a58478c51305591028f3ad6ac8d44903e4aa1e2230a0e9cd9afe979f673736b
Output/4084/per_ob/Ob5/decision.json,791,4c7dc90c1934310e558c301b66b0bdf996fedbb96bfbedf14757f5b451d54da3
Output/4084/per_ob/Ob5/spatial_taxonomy_rows.csv,2447,dc447a7e8998f75e9ef3c98638b67fdb0b8293026c503130b8009bd6725f03ae
Output/4084/per_ob/Ob5/spatial_taxonomy_rows.json,7122,9f83a31fc73e1332870fd212d6eb98080973a0d2b2409851123082e9be139494
Output/4084/per_ob/Ob7/decision.json,791,c49118767e4b703c40b350b6887f034ad4430602f318487234a5e8c3d3cf1782
Output/4084/per_ob/Ob7/spatial_taxonomy_rows.csv,2451,8c56f8642192783a3ebac62b5dcb23edd58b854fe6395b33df133b967cbcdcab
Output/4084/per_ob/Ob7/spatial_taxonomy_rows.json,7126,5764afa4a92eb20a50886da135e73835fdfe208c58943ccf9921cf7e69284b6d
Output/4084/per_ob/Ob9/decision.json,794,e69d3dbfe6eb34cbe029225d464fe11680f3ff72e6b23d54b5b6a0734f7bc060
Output/4084/per_ob/Ob9/spatial_taxonomy_rows.csv,2440,beba5f28732f75c8c8d6b62fabf624be876f6c62ec6ee6528cf86dab87034e76
Output/4084/per_ob/Ob9/spatial_taxonomy_rows.json,7115,3e63dbab71e2f383193352c43bb05328dc93001bb5148881ef380609cb6bd6fb
Output/4084/spatial_taxonomy_condition_rows.csv,30862,9e20a16d74c2deaf7a96e6b58b1dfd052c403d60d8b04ffcbb1110a59943df08
Output/4084/spatial_taxonomy_condition_rows.json,103841,cd564955d718398e1e30b43cbd8b90d68097355ae3bcfd7c957c3cb7e4184677
Output/4084/tables/ob_spatial_taxonomy.csv,3840,b76d7b0205b62df12b4df21d317dd1731c3c250a90320bc1086e2172eb3d2f59
Output/4084/tables/spatial_taxonomy_condition_rows.csv,30862,9e20a16d74c2deaf7a96e6b58b1dfd052c403d60d8b04ffcbb1110a59943df08
Output/4084/tables/variable_spatial_taxonomy.csv,2171,05961b05ee90c6d819f5d27157bd4b12ef92edb99c640bfab00680113fb44eae
Output/4084/variable_spatial_taxonomy.csv,2171,05961b05ee90c6d819f5d27157bd4b12ef92edb99c640bfab00680113fb44eae
Output/4084/variable_spatial_taxonomy.json,5613,5a6a29fc96fbda880862e4d22d8b075525e62f92ba541a92addcbb54511c9b40
Output/4085/4085_summary.md,4995,5756f7a8751483d2802f59ec410b1bbf9573f89e483c261861efb6d84b8c0e27
Output/4085/aggregate_profiles.csv,22768,97bc2f2916591c87490f9cdbd7404a81d2e05e10d2f2e7012e32d405148853ad
Output/4085/config.yaml,599,2e6c25a7229b4619f91c4bda806375c63edcacc7b3064dfad736d07d71053e49
Output/4085/decision.json,1514,82d73eb5e8d0e95b2326114263a51b50ab79fe77067107b1d81b9d19707b5d8f
Output/4085/event_type_profile_rows.csv,499363,f0e8b497cb8dd1b8fa0415109c3d3f44c08a58ff9da8e3350330e8fada64f15c
Output/4085/ob_phase_classification.csv,2565,dc5a9b25e875e4618d9ac80a13da01e249e2decffc76d6ae218b8d7ca06fe438
Output/4085/ob_phase_classification.json,6160,ab187e522611abaa65cf41eaf92f43fe0ffe39c86dd2b91c969fc5f9c2371bc9
Output/4085/per_ob/Ob10/event_type_profile_rows.csv,35911,6f43cc32f0273f10902f3ffe783e2073ab3e3c8dec1ad115ffe9f6cee41f14ba
Output/4085/per_ob/Ob10/phase_rows.csv,5141,e0dc44d09093fc10de93c86c502898dcc51e60a503b8d09ea0430a71c4c50440
Output/4085/per_ob/Ob10/real_profile_rows.csv,29837,4cc7a1dfdc75d89184fe83e3b37db1d53ebdafb59614869c04ec3873a655b314
Output/4085/per_ob/Ob11/event_type_profile_rows.csv,35817,33eeb07c385f0fd9c9ce438945a0ef98fd95b1741c1a6218736e0001f1781fb5
Output/4085/per_ob/Ob11/phase_rows.csv,5156,a18c37f210cbccca36f6a6c406a00b16e71d7f128feeb86155ca51ea44029f4c
Output/4085/per_ob/Ob11/real_profile_rows.csv,30092,5ba2a47bf81ae74cd4959e09cba0e9246fe2f9d3f117a7ef1e916a10e30bb598
Output/4085/per_ob/Ob12/event_type_profile_rows.csv,35855,1b61f3ba005a637daa4e9c8ba6a376270e6fa0f663464e1fc7d603e64b2effc8
Output/4085/per_ob/Ob12/phase_rows.csv,5113,13460d0f7de28d355015fb299bf85c7f7545a6d9d3ab3596c80d80f12b9e9e65
Output/4085/per_ob/Ob12/real_profile_rows.csv,29897,d113e3435903b4426f4bb78cb5e6ad1fbeeb3ab803cbabf1e1f84b1ef8c44ca6
Output/4085/per_ob/Ob13/event_type_profile_rows.csv,35913,7007a4d298b61ffd1763e1d7532f10886df87fbdb895fe2fe811347f44f5ee5f
Output/4085/per_ob/Ob13/phase_rows.csv,5145,0ce3c639fbc63a20e3a9e2b4d1a8bb03e7a4f13d2f44b35a7461116823a0255d
Output/4085/per_ob/Ob13/real_profile_rows.csv,30193,4700e0023d92b90c9bf4d554122f3e6a3fd03db449abbfa58cbbc8b10737debf
Output/4085/per_ob/Ob14/event_type_profile_rows.csv,35833,b37e791fdc97b74616e4d93c12d7517523bfd3719d99bb1f57cb193e8757cc90
Output/4085/per_ob/Ob14/phase_rows.csv,5115,6171df7638de0e5adfdd4b3836b9f77a70128680c3a51c0ff725988c399bb11a
Output/4085/per_ob/Ob14/real_profile_rows.csv,29855,9e7c484748e8a163c533497b91b3064d0cac5d4890ca880907a145593a23da67
Output/4085/per_ob/Ob15/event_type_profile_rows.csv,35914,61cb8dac840739fa62e9a261e0426c12d98f24e5a654104506f7389f620ccb4c
Output/4085/per_ob/Ob15/phase_rows.csv,5102,11be6b4a94778700f614b25b2e2c8ac107dba948b0366dc76404bd204d87b65f
Output/4085/per_ob/Ob15/real_profile_rows.csv,29916,7bbc3f1d8d964e0d4364b2834b06835cd07750f963a09b3dd7da2905aca8589a
Output/4085/per_ob/Ob16/event_type_profile_rows.csv,35808,d7abc86debd0d399dac38322c2392a02d6b915e1a1fe7529ae51885aafee04f8
Output/4085/per_ob/Ob16/phase_rows.csv,5128,37b2fc5cfa85df631a16fe7a20688161e48da365fcf9484b8e07e77b2e581501
Output/4085/per_ob/Ob16/real_profile_rows.csv,30003,15c0a33554750ef23af773dccc8457f4735640b91517e4552954fd8bfb1edef6
Output/4085/per_ob/Ob17/event_type_profile_rows.csv,35758,89c7fe09dcc31ab5a9ee7cc5790769b2df344ac2851a237c649ca2926ad9bdb6
Output/4085/per_ob/Ob17/phase_rows.csv,5147,f11dabd2a690f9cbe42371feb3d1bb8b44446457f107998d70e581d75beadf96
Output/4085/per_ob/Ob17/real_profile_rows.csv,30128,e2cdff5e7e99e29df7bbde852b4a53e86ff357b666052991dfe6226dad18d33d
Output/4085/per_ob/Ob18/event_type_profile_rows.csv,35816,9ab081a7c321f60bd6a8f7d352394d7b8ac7f9b0283e3a716ef42b6e5d2388bd
Output/4085/per_ob/Ob18/phase_rows.csv,5147,ccf5e23f718198c4a98934ca07dc75c476787001800cc81ce87cdf844cbe475b
Output/4085/per_ob/Ob18/real_profile_rows.csv,30072,defc4493cf82c9e96afdab9dbb27c877b235b79e2f65f4f443b94c692a7319c0
Output/4085/per_ob/Ob19/event_type_profile_rows.csv,35851,b17aa4b8fa098930e45599de43c46346f4a870af4ba4c58c091728e1c41c523a
Output/4085/per_ob/Ob19/phase_rows.csv,5127,f830d2ad0b6a363a1c33a527370b51e9cebdb11bbbb32c5999d02b24ed589577
Output/4085/per_ob/Ob19/real_profile_rows.csv,30113,ff783efcad51fc17f27ca5d598b6a954ef184faa31c3d20a3d76ce0e43468ee1
Output/4085/per_ob/Ob2/event_type_profile_rows.csv,35489,9059539529f858ab4d8301497cea3b038666be950744b09be88c4f8bde029734
Output/4085/per_ob/Ob2/phase_rows.csv,5079,625317d08bd4d466b21a2bb61dd11be840ca71411079f70f5d9c340f78829f44
Output/4085/per_ob/Ob2/real_profile_rows.csv,29686,3e38f8a3e9482998a6c73776f2033d6b0ec889d0022e4f838dfd4b41d88151df
Output/4085/per_ob/Ob5/event_type_profile_rows.csv,35467,9b65d88648991c2c7c72a62efbf6960c6ad99f8b16a03598144b02d54ebbdf07
Output/4085/per_ob/Ob5/phase_rows.csv,5084,b9535ed403194d19216ed5d5533b5d31ef533fa245f744bd06a331c293672cee
Output/4085/per_ob/Ob5/real_profile_rows.csv,29748,44d3a178fb35ed48e35c59048570f3d4580b70f2d6b4be6e3b9abed9fa3c225c
Output/4085/per_ob/Ob7/event_type_profile_rows.csv,35577,ae4c59235e967ee65ad98bc1aa8ce6c04954d49054fae8e328794ef4c5d53cb3
Output/4085/per_ob/Ob7/phase_rows.csv,5083,7d40d115bdb9d5f411de5bfe21cb5b15d98787212a65db0eab056502ce5aca3a
Output/4085/per_ob/Ob7/real_profile_rows.csv,29604,a15a1222f45d3073cbcf1be92b62469130d14028743eb118339280d48aa893fc
Output/4085/per_ob/Ob9/event_type_profile_rows.csv,35524,5fda684798fec55124b8aafa3de4d0203c8dc6818b722cf0b86b2341b688e422
Output/4085/per_ob/Ob9/phase_rows.csv,5067,512738b1ea826bfcc6e0190d5edb8387bd50815c17aa9fd76cf7fbe670a8ffcc
Output/4085/per_ob/Ob9/real_profile_rows.csv,29682,ca995627f8f157ed6d25930c9d560a0162c021160ab6180afe5e86527482a831
Output/4085/phase_profile_rows.csv,69203,b30b30db069d322f203495c7a889626b23e1f23f725a04088d98d2c85d210fba
Output/4085/phase_profile_rows.json,210589,ac44c41be434299858edfe082172303c41f064a52533f33600a979687b85b020
Output/4085/profile_rows.csv,416408,fdbdf545b96eda44b11aad9f504b6cc4b473f2668d21c81a512573f4bd2bf09c
Output/4085/profile_rows.json,1157107,de6456a71f61a40f0a94f6d3b3659b398daceb7c86453923d94eafad8c928f85
Output/4085/tables/aggregate_profiles.csv,22768,97bc2f2916591c87490f9cdbd7404a81d2e05e10d2f2e7012e32d405148853ad
Output/4085/tables/event_type_profile_rows.csv,499363,f0e8b497cb8dd1b8fa0415109c3d3f44c08a58ff9da8e3350330e8fada64f15c
Output/4085/tables/ob_phase_classification.csv,2565,dc5a9b25e875e4618d9ac80a13da01e249e2decffc76d6ae218b8d7ca06fe438
Output/4085/tables/phase_profile_rows.csv,69203,b30b30db069d322f203495c7a889626b23e1f23f725a04088d98d2c85d210fba
Output/4085/tables/profile_rows.csv,416408,fdbdf545b96eda44b11aad9f504b6cc4b473f2668d21c81a512573f4bd2bf09c
Output/4085/tables/variable_phase_summary.csv,4564,8d3975e79f6a714c0e247ff4c6dcb9cb49643d650f6294482c1191fa7ea3091a
Output/4085/variable_phase_summary.csv,4564,8d3975e79f6a714c0e247ff4c6dcb9cb49643d650f6294482c1191fa7ea3091a
Output/4085/variable_phase_summary.json,12569,903d5d119fbdf3204d9187f4fb1055a4993564171164dfa80e4b0dd6828ee496
Output/4085b/4085b_summary.md,2264,1b100e4c1e770168c6ba2c19b7bb2c559af2c7db5efcb3bfc023fd4f0cae4169
Output/4085b/config.yaml,431,46b95bfa11eddc7d179b711b9920cbad6df44b9afd5dd19c51c44abc24468a58
Output/4085b/decision.json,891,2216682fdd49ec097feb1e77d820e01b01dc1ff2863bc0efc5a6e577096438ad
Output/4085b/phase_space_metrics.csv,889,82d1ecdb98af7a1afe7598dc428db6031bb460aa76f9c68d129e877b0768cb3d
Output/4085b/phase_space_trajectory_by_event_type.csv,6109,51b41b889d4169621125eb9757ef0233f95a99d30da459a91b33b8429d65b4e5
Output/4085b/tables/phase_space_metrics.csv,889,82d1ecdb98af7a1afe7598dc428db6031bb460aa76f9c68d129e877b0768cb3d
Output/4085b/tables/phase_space_trajectory_by_event_type.csv,6109,51b41b889d4169621125eb9757ef0233f95a99d30da459a91b33b8429d65b4e5
Output/4086/4086_summary.md,4155,14625f44f74e8dbd0810f93b5e93218c16512cd0bf1e3da94a00762ffa1b3ae3
Output/4086/config.yaml,573,4eec0f434ce1be854dc3dd60ee0aacd4c298dfb6bc96fdd3535571981c79455e
Output/4086/decision.json,1705,ed54f6bde3619dd7456f552dd5cd3e065b169a1f521f7e385ddaa47ee7158f47
Output/4086/ob_signed_classification.csv,3028,27de58b5a4cb32b5ddbdbc23b8158c08b1e4e3c3ac11cdbca4382e2d0a3681f1
Output/4086/ob_signed_classification.json,6877,16fa76f945d8f4f50ee4ca3962ac8dc3e2812e9781f6184f003fb3ef76270f6d
Output/4086/per_ob/Ob10/signed_decomposition_rows.csv,2249,08f7590e977bb2b9e46ee93c693d88fb00a8fe54524ccb5994c6f0ab19b45351
Output/4086/per_ob/Ob10/signed_decomposition_rows.json,5105,aaca4e5a799defe46d2fc0d9531ee6f6a48007ac1021eed8a3aa292fe6f105fa
Output/4086/per_ob/Ob10/signed_event_type_phase_rows.csv,2594,cd6b5eafb9f1acf2af3c47a85baf835e4b741fbd5938974a7bbcd18a050aa527
Output/4086/per_ob/Ob10/signed_event_type_phase_rows.json,7548,ab4cc961e9184a6fd3f8f2dd17d7d0e00eed2cfc961318405702a5b53733a61a
Output/4086/per_ob/Ob11/signed_decomposition_rows.csv,2329,2eac2df709e99c100f2d7049eb2c09b9311be07d1e398ad3cc65a3f151d76201
Output/4086/per_ob/Ob11/signed_decomposition_rows.json,5183,4e998dac13028dcbc3a061f0e398be6677481bdf78e63d8b164bdf0d5d6e6a51
Output/4086/per_ob/Ob11/signed_event_type_phase_rows.csv,2594,67ae193ece683c0a33e16576aeac248435c9125cd7500e0153c27f571e48cddd
Output/4086/per_ob/Ob11/signed_event_type_phase_rows.json,7548,a3b6cbcaaf7a91ad0955aff6cf75230126d19ede939701b527dfd6845962ef9f
Output/4086/per_ob/Ob12/signed_decomposition_rows.csv,2194,aba5e66625387c48651f7948c620a5bbd60631c30a31c034723cea1e7da32f6e
Output/4086/per_ob/Ob12/signed_decomposition_rows.json,5050,2cac894d5c1beb219eae90985b37f80ee05bf564f26530e80fd9d7f7da277410
Output/4086/per_ob/Ob12/signed_event_type_phase_rows.csv,2598,d327720cdfe41712b6d89aed2e0a71781bff9c6e05a21546d3caca18179f0f93
Output/4086/per_ob/Ob12/signed_event_type_phase_rows.json,7552,437493ddfb048626833d9575a1eff14602aac7e436dc74887ff056b392f11614
Output/4086/per_ob/Ob13/signed_decomposition_rows.csv,2278,00686ebd592160e8ebc5981cd7ba5aa35b657a5b4d76261ed957576ea3212659
Output/4086/per_ob/Ob13/signed_decomposition_rows.json,5134,16b5270fa24028377f1b6e6dc766f9bab32c64bca9bd1d55095692aaa3e288c6
Output/4086/per_ob/Ob13/signed_event_type_phase_rows.csv,2587,6c814e0c5670adf650965d07507b8b9535c2eba2ef13c64431c89ce6de7b589e
Output/4086/per_ob/Ob13/signed_event_type_phase_rows.json,7541,d6d0a5437786929c5070901d7410350dacb113a9a59a17f776c9666e97c92ea9
Output/4086/per_ob/Ob14/signed_decomposition_rows.csv,2249,b19bced1749bd27bb8f210e86fc160806a8ba070a8b28f9a614d13dc36e0f383
Output/4086/per_ob/Ob14/signed_decomposition_rows.json,5105,7715eb9e0de0956ce9470cdec631e183adda41eb22083a1adda5394eb68cc482
Output/4086/per_ob/Ob14/signed_event_type_phase_rows.csv,2598,ec202d742c6edbd889528cac5b3098019ad06df9ed503a036f1090e8b88724e0
Output/4086/per_ob/Ob14/signed_event_type_phase_rows.json,7552,0e0bc9e316be4b73437bbe4b1699b471bebf5a784868422dcd9190df4cabfa4a
Output/4086/per_ob/Ob15/signed_decomposition_rows.csv,2302,c101e39ba9cf055747d0db6029fadd026dbe47fc0475f42b1ee84414ace2602d
Output/4086/per_ob/Ob15/signed_decomposition_rows.json,5158,14ab5c7bcb81185813631660690250b47cfc9be48d4f67f9f205a46274f959e0
Output/4086/per_ob/Ob15/signed_event_type_phase_rows.csv,2579,fa2447b73d9684d15fcf5d11e6508f6a99a661f6e18a4241f677a638a604118e
Output/4086/per_ob/Ob15/signed_event_type_phase_rows.json,7533,81f8904554a3425ad98fb4d3317f6c591c9ed5190716bf35c6b3d729089dfb01
Output/4086/per_ob/Ob16/signed_decomposition_rows.csv,2220,2881f0112557b6be449b9fbb25c919f71646db6b18722b4dc059cebdb5ecb906
Output/4086/per_ob/Ob16/signed_decomposition_rows.json,5076,ede1a1b70e090bc0367798a6739ce229ed46bce188c9d1a1eb509f4f8259b252
Output/4086/per_ob/Ob16/signed_event_type_phase_rows.csv,2585,15f4743a036a5c8a7b475e7b45749f7a6cb426138fa7fc841b330e5adf8d612e
Output/4086/per_ob/Ob16/signed_event_type_phase_rows.json,7539,caccc0ef3867315f3a5c233b20f6ff9b5aa673a42cc8917fb3f1cc91ba83d7b1
Output/4086/per_ob/Ob17/signed_decomposition_rows.csv,2239,c4db6c22d3bb54232f94a0f91ffef8b0b5597f5dd511a113df828abcc5cc0c94
Output/4086/per_ob/Ob17/signed_decomposition_rows.json,5095,f42943af8869d3420aa7aefa8d8e6b941cd3e7125fc78dfda13717f94d2c0daf
Output/4086/per_ob/Ob17/signed_event_type_phase_rows.csv,2584,791a573b93ccec89b14c1bc7cd233ee8238daa299ecb47b3e845c5503990daac
Output/4086/per_ob/Ob17/signed_event_type_phase_rows.json,7538,6eff1c92a3cca48b191f5e60e9fbe6454d20df053b7844e74f0ed846b29d8978
Output/4086/per_ob/Ob18/signed_decomposition_rows.csv,2224,66c25a60b881d3d59120087a60ad9846beb410af76fdee27bf79524a4054e427
Output/4086/per_ob/Ob18/signed_decomposition_rows.json,5080,83cf98058e080035fcad7199d404582c99f2f2e7ce106645a462c1bd17292769
Output/4086/per_ob/Ob18/signed_event_type_phase_rows.csv,2588,82e4dad6afd6c4653d4202975f07d552ea894167119ad04116137e421fec2812
Output/4086/per_ob/Ob18/signed_event_type_phase_rows.json,7542,450909a645dd2992eb17b09afaac6f91eac74fe51c0393a4b2bcc30e96601df7
Output/4086/per_ob/Ob19/signed_decomposition_rows.csv,2340,7d6214d61ade435a91fef8162bf61b1215ee02ec18ca9fbf2a71949d3e9615d3
Output/4086/per_ob/Ob19/signed_decomposition_rows.json,5192,50affe36df0a4043f3ad081a54fc11e00a76d80fd6e6a986ce882ee24ca3308f
Output/4086/per_ob/Ob19/signed_event_type_phase_rows.csv,2584,7abe704ae90e5315f97abf8240046b1b65c8c7cfeac06e92d95311ba1ebcf557
Output/4086/per_ob/Ob19/signed_event_type_phase_rows.json,7538,b9b4ba303834c4268783e14ec78fd49dc6a06386c9dfc6990356c8d8ec94fae5
Output/4086/per_ob/Ob2/signed_decomposition_rows.csv,2254,9cb86bdf43494185a3e78f1e67d27493e3601d3ccbb61c7f1fb7bc76853a1807
Output/4086/per_ob/Ob2/signed_decomposition_rows.json,5110,090a3a94c5fbcdc397437d6fcf31a6b16ffb21394220929a01ee1f552389b3e9
Output/4086/per_ob/Ob2/signed_event_type_phase_rows.csv,2565,c7c5e0ef3da3bd73fdd827c9f4ed4b5152cd50ae61c8d9d8c1748d7a4dd1bf6d
Output/4086/per_ob/Ob2/signed_event_type_phase_rows.json,7519,95b32cd6ac7aec192fe3971d448cedebdf82a6578adeac3a75988633109ee170
Output/4086/per_ob/Ob5/signed_decomposition_rows.csv,2287,137f8c0558142c8333c0e2680f221ca0f5c8c86f4c6b8d69531004471e98de31
Output/4086/per_ob/Ob5/signed_decomposition_rows.json,5143,c9a4160f2478fbca2791953b174a7102003bb83d31fcf579a53129c66e95761a
Output/4086/per_ob/Ob5/signed_event_type_phase_rows.csv,2573,3a4710e8f8ff1857147b7937f8b06806769d7000319c5f84f2fe3746675713e8
Output/4086/per_ob/Ob5/signed_event_type_phase_rows.json,7527,5e84cf4d0bf83d6fd1e6228e88d24c53ec2435a14bbf01cd5ca6f53fc76d8ede
Output/4086/per_ob/Ob7/signed_decomposition_rows.csv,2221,77ce72109910bda7804050f4ba65fbb24e5b0e387b985bb48836db421377d4a6
Output/4086/per_ob/Ob7/signed_decomposition_rows.json,5077,6f95b9a819936ee995e01f86de5b06fe10ca8e16d2d7e4059e8775d2d1d4e7e7
Output/4086/per_ob/Ob7/signed_event_type_phase_rows.csv,2571,cb854d374b8124d6f757ffc3c09894ea7e4c0c9d3bd816974159331f25d5d3ae
Output/4086/per_ob/Ob7/signed_event_type_phase_rows.json,7525,8a9311d0d006d79e1eb2b01505fb223461c3a8dcc946eb719d3bd0a599103448
Output/4086/per_ob/Ob9/signed_decomposition_rows.csv,2229,068561cefed22d6db24ab6b61513361f42c14dceecc9c21d370c04940fa806c7
Output/4086/per_ob/Ob9/signed_decomposition_rows.json,5085,be605e448cb1c27079e0b0effd0c2363aebfca10feff9b8f4c75bef03721bd96
Output/4086/per_ob/Ob9/signed_event_type_phase_rows.csv,2556,2cdc6f8cec323736cfd2ee0d702c05a9b49b006f4cf8dd420a6c6d5b2d944cd2
Output/4086/per_ob/Ob9/signed_event_type_phase_rows.json,7510,b23fb1b3b838413aeeff329eb97a5a413547803b4ddd377c5c6c5e81a1e20ea4
Output/4086/signed_decomposition_rows.csv,29288,6da9fcec2ffa90448c54d52ebd0a45400a342d36bd9521f8f2295ed24eac4073
Output/4086/signed_decomposition_rows.json,71528,bb7c7f6bed063fb7032f8be2c8c3e2eb49660c98e5c3c24e877de83831ffb8db
Output/4086/signed_event_type_phase_rows.csv,34193,723c30404f1524d11b1f4c0cd0334a8e75b1a84de359b258c6d715d02eef840f
Output/4086/signed_event_type_phase_rows.json,105447,ba734b0349af670259b07c11e07faed1b58e645e51473c56175ef447f47be8b0
Output/4086/tables/ob_signed_classification.csv,3028,27de58b5a4cb32b5ddbdbc23b8158c08b1e4e3c3ac11cdbca4382e2d0a3681f1
Output/4086/tables/signed_decomposition_rows.csv,29288,6da9fcec2ffa90448c54d52ebd0a45400a342d36bd9521f8f2295ed24eac4073
Output/4086/tables/signed_event_type_phase_rows.csv,34193,723c30404f1524d11b1f4c0cd0334a8e75b1a84de359b258c6d715d02eef840f
Output/4086/tables/variable_phase_signed_summary.csv,2101,eb89b5f9a779d0cf83157554a3a8e0e5dd79020735f0e7a36b4cadd39760c2d4
Output/4086/variable_phase_signed_summary.csv,2101,eb89b5f9a779d0cf83157554a3a8e0e5dd79020735f0e7a36b4cadd39760c2d4
Output/4086/variable_phase_signed_summary.json,6208,81d3691af66571563c1f0a452e8f97bff39139e1fd264c40a0007609949f17bf
Output/4087/4087_summary.md,15738,d2e6732f7ac52efab053fddfcd3ce971062d448bc19dbfecd7dd5a9f1c47937d
Output/4087/condition_rows.csv,14093,9d4b018ad5ee58c2ba0d9baa3f65fca82236756b93f2c75091660cf92c93a232
Output/4087/condition_rows.json,43826,e1234aa8b668ba1c37406136a48f4d731e312f666d7c0c4c767852c605a875ab
Output/4087/conditions/Ob1_scale_k12_lag0p100_window0p200_minrun0p200.json,704,2b7d21681bf6b86879dba8675c44b1fa1be7ae66ed36a47d75ab35b4a1116528
Output/4087/conditions/Ob1_scale_k6_lag0p100_window0p200_minrun0p200.json,696,a8f28a486cb5eea10a681f8ab15c11f7318a67f3c346d9c91b4716ebc8a4ff3d
Output/4087/conditions/Ob1_state_k8_lag0p100_window0p200_minrun0p150.json,706,dd4f499404ee612800cbe167c5464465d9387447f2f3d41c78504ae9bab3e747
Output/4087/conditions/Ob1_state_k8_lag0p100_window0p200_minrun0p250.json,707,6383793825f801c54f2269fe8c4c51f4ad480ee02d6da423c25874a5f5e0dde9
Output/4087/conditions/Ob1_timing_k8_lag0p050_window0p200_minrun0p200.json,701,214255901cbdc1e288e612509eef2f9f0758f81f36a744335acb7cdc97ac2adb
Output/4087/conditions/Ob1_timing_k8_lag0p150_window0p200_minrun0p200.json,698,e1bb19e170b1b6bc3e466dfa70680d8dab53076900bd3e984e48d9cedfcbef53
Output/4087/conditions/Ob1_window_k8_lag0p100_window0p150_minrun0p200.json,698,219e4e7e77f9577a029d2bb6b95b87122426c20665215ae6bc4ab21609216e79
Output/4087/conditions/Ob1_window_k8_lag0p100_window0p300_minrun0p200.json,692,ceb104a338102a2329ea319a2ef5dec6e0ae35b031a112ef50af4268b37f0f2e
Output/4087/conditions/Ob3_scale_k12_lag0p100_window0p200_minrun0p200.json,702,066add4b8de976d5c9f35a94b211e4dc75c5acc6fd952853e5ebed5f72b1f3b2
Output/4087/conditions/Ob3_scale_k6_lag0p100_window0p200_minrun0p200.json,692,d4d32991f9c4c37e901caf23f93fdb5ea2ea610378be8317749e5353d7676160
Output/4087/conditions/Ob3_state_k8_lag0p100_window0p200_minrun0p150.json,700,b64c23917aecb804c4b0d196efc9d8f3b6a7ae3db2ca412536381b49e4cafa9d
Output/4087/conditions/Ob3_state_k8_lag0p100_window0p200_minrun0p250.json,706,9c4d09065dc63448d52868a568224d853821cc1223fe3ea782671e710ba243dc
Output/4087/conditions/Ob3_timing_k8_lag0p050_window0p200_minrun0p200.json,705,b105ce320394506a64c228b269522a3c97b42f04669a02fa49741bbe1907ab72
Output/4087/conditions/Ob3_timing_k8_lag0p150_window0p200_minrun0p200.json,673,4bdcf091a3ec72dc89411041b7bbf39c1614f5bf935b97d69d7b3b46b6911a84
Output/4087/conditions/Ob3_window_k8_lag0p100_window0p150_minrun0p200.json,693,8075256abd7296d07ee8d1a05f97bc84f85dd090f03e5756b624ba2cbc7043c9
Output/4087/conditions/Ob3_window_k8_lag0p100_window0p300_minrun0p200.json,694,2bc313fa8372d2058383b6fbfab6cc00b0911df6ef86e8269bfcf2b779c1ef72
Output/4087/conditions/Ob6_scale_k12_lag0p100_window0p200_minrun0p200.json,677,041dda2c720b677bc5096a9bc7ef4c756cf49fb3fd2774bfc91cf5d1dc5827a7
Output/4087/conditions/Ob6_scale_k6_lag0p100_window0p200_minrun0p200.json,700,1c6e872b43badfdfe8256cbd254ab0f5eb4336b65dd921a360ec25de4c6bb900
Output/4087/conditions/Ob6_state_k8_lag0p100_window0p200_minrun0p150.json,704,5c898f9e8198a9458c08f84c44b3cf8c456fe3bb2effe98e9602b6f4f48d041a
Output/4087/conditions/Ob6_state_k8_lag0p100_window0p200_minrun0p250.json,704,69eb6bfb14714b0bd1a4cc61f13c0a0e06c2500cd5523ab8bf4aba1905482080
Output/4087/conditions/Ob6_timing_k8_lag0p050_window0p200_minrun0p200.json,701,876055a7b85868e1492a34075ce487f8597ddbe493257f1fd57990d7a8da94c4
Output/4087/conditions/Ob6_timing_k8_lag0p150_window0p200_minrun0p200.json,699,e3525211b492fd39518ac116a5a0fe1f52c46757e380ea33b5e8d8ba8d9329a0
Output/4087/conditions/Ob6_window_k8_lag0p100_window0p150_minrun0p200.json,693,8cc402450814d2ea09ff46b851da8fbead3a958df632aa0dd8da54fdda874887
Output/4087/conditions/Ob6_window_k8_lag0p100_window0p300_minrun0p200.json,693,51e7102652979620268239b35f251c045807e488bab3d6f1aa88297840f5fbaf
Output/4087/conditions/Ob8_scale_k12_lag0p100_window0p200_minrun0p200.json,701,176f0642a6c745d953d47d5d9d4b179479a3a0cc91aa5f8ff22c6c555aaceb40
Output/4087/conditions/Ob8_scale_k6_lag0p100_window0p200_minrun0p200.json,698,f8fe9cab92172b5f5b92376e6da6f44350ba2565452a4eca763d6256a12faffa
Output/4087/conditions/Ob8_state_k8_lag0p100_window0p200_minrun0p150.json,679,a7c1524eef9305ebdd72d1af5cf7ee0d1a484b82bddf1805ff766c15620a42f9
Output/4087/conditions/Ob8_state_k8_lag0p100_window0p200_minrun0p250.json,679,0112e7937679c51a520f81877364eda3bdf59bb0d7227a4a4bb4f6f7463d6aca
Output/4087/conditions/Ob8_timing_k8_lag0p050_window0p200_minrun0p200.json,697,e6b30f8a24d2d0d639832e063b4e0422fad3b4513df1b41ee086278dc6557e0d
Output/4087/conditions/Ob8_timing_k8_lag0p150_window0p200_minrun0p200.json,698,a264e66d66fa81fac6dfcaf52ab35522363cba35d954ccd23fbc1f4944cb7259
Output/4087/conditions/Ob8_window_k8_lag0p100_window0p150_minrun0p200.json,666,b5bc0d7da412baf395620d8bf1b81dc3f0742c088d7f8576a772282f6778b661
Output/4087/conditions/Ob8_window_k8_lag0p100_window0p300_minrun0p200.json,692,bae987a3b35d08fa7d73f472aa5646941cbd3db5228d116424f625ace0bdb9c6
Output/4087/config.yaml,577,f165e34427e3c675df72a276f077145f2dcde2d82a6599076218111cbb7cf3e9
Output/4087/decision.json,978,2a4e811de6e2a81543f4295b13bae352303d02b95f600071acf6bc45c9f70715
Output/4087/ob_failure_boundary_sensitivity.csv,1077,12b734f94f9c7a389f3063ce76d755f994ac0a77b80688520c483e4831e85ce6
Output/4087/ob_failure_boundary_sensitivity.json,2394,1f0a7c3ab37e993dc8c4fdf23266b7a7794911f4ee36654993de26ed91e19e29
Output/4087/tables/condition_rows.csv,14093,9d4b018ad5ee58c2ba0d9baa3f65fca82236756b93f2c75091660cf92c93a232
Output/4087/tables/ob_failure_boundary_sensitivity.csv,1077,12b734f94f9c7a389f3063ce76d755f994ac0a77b80688520c483e4831e85ce6
Output/4090/4090_summary.md,10484,71b0a67666a410f89f463526fb48426834812ce1ff96d14db0ed9b425847b965
Output/4090/config.yaml,699,b2b485d1c171b4d96479ebec8468b6f9207ce7fe7970a3a3a653cc87d36e784c
Output/4090/dataset_level_effects.csv,3095,3feb307d09befa56d7168c5564ab9e4b3b9ec3dbda5c8c4e2778dfc2883568d7
Output/4090/decision.json,2640,ea29e4ecde99b94853a9ba7466aae2ba66ed79d041e198fd4c2e496a8f91a937
Output/4090/grouped_oos_results.csv,6753,1da643bb5d57a391fbc885b5b171c581e2de7b73744bcbadaeabaff6b6426e18
Output/4090/null_results.csv,3168,e8256883b70551739ff54509ac6eb1a35c591074114f4c2d8b1c093f78fcd845
Output/4090/primary_metrics.csv,522,0b8ad59145098f082f213334b36f404c3440bbcff291d10803f9089ea196c460
Output/4090/primary_metrics.json,882,17ca08b6cde55a0f879bfd99896fa6fb084e4675bb9f7d3a2a0a763d72c86396
Output/4090/state_bin_profiles.csv,3961,51e0e8eb4bd64faca43f9a18a386dd853087944a0e7b760ac2d853e665af7adf
Output/4090/tables/dataset_level_effects.csv,3095,3feb307d09befa56d7168c5564ab9e4b3b9ec3dbda5c8c4e2778dfc2883568d7
Output/4090/tables/grouped_oos_results.csv,6753,1da643bb5d57a391fbc885b5b171c581e2de7b73744bcbadaeabaff6b6426e18
Output/4090/tables/null_results.csv,3168,e8256883b70551739ff54509ac6eb1a35c591074114f4c2d8b1c093f78fcd845
Output/4090/tables/primary_metrics.csv,522,0b8ad59145098f082f213334b36f404c3440bbcff291d10803f9089ea196c460
Output/4090/tables/state_bin_profiles.csv,3961,51e0e8eb4bd64faca43f9a18a386dd853087944a0e7b760ac2d853e665af7adf
Output/4090A/4090A_summary.md,11912,0962b50c7028ea2620c68d879da4482def0d84b86098c2efc17d81a701858d16
Output/4090A/config.yaml,759,337adae65582605df2e85b404d36fdee9d2997536245088d1a274ff33c4e690c
Output/4090A/covariate_association_table.csv,17341,6db700f73da7cf32f49e15d0b6f82e497831451e9fc4516a6db91143ab56a7e7
Output/4090A/covariate_association_table.json,43811,0e9d58ab480c98771c7c46c1cd6418711a9135a3eaeb6abca89b7dfcae3ca6c1
Output/4090A/decision.json,1643,b0a857606717f4cca2da3d8b7f329a317c6022215fc9f588a796b8f862cf67a3
Output/4090A/leave_one_out_sensitivity.csv,128673,6d3137c95313397d749573ef04c58e59090d248e08d00b52e68f6a680c65cbab
Output/4090A/observation_regime_table.csv,4349,9571e6379d08277893472717341e1531bb18178313bb3cef2302acc40693dbdf
Output/4090A/observation_regime_table.json,47478,5969d96a3d6efad523de815b243033233ca33b2317844d0e25582a8f28afde01
Output/4090A/t1_continuous_effects.csv,2373,39f7da3e5af3288a99d3fd01292b36ed47e4eb94e1d08046935e95f1b8fed7c9
Output/4090A/tables/covariate_association_table.csv,17341,6db700f73da7cf32f49e15d0b6f82e497831451e9fc4516a6db91143ab56a7e7
Output/4090A/tables/leave_one_out_sensitivity.csv,128673,6d3137c95313397d749573ef04c58e59090d248e08d00b52e68f6a680c65cbab
Output/4090A/tables/observation_regime_table.csv,4349,9571e6379d08277893472717341e1531bb18178313bb3cef2302acc40693dbdf
Output/4090A/tables/t1_continuous_effects.csv,2373,39f7da3e5af3288a99d3fd01292b36ed47e4eb94e1d08046935e95f1b8fed7c9
Output/4090B/4090B_summary.md,6632,4b8101bb2a4666dc9abe8e217bca5d01e0b42e6cf9397e4b233a5d5bd1defb84
Output/4090B/config.yaml,341,d834202c6ec6b3813ede5e900cec43670e683397870342a60f0b9935d4bc29c5
Output/4090B/continuous_state_coverage.csv,2662,c574b64462b78e03b355271378cd0d808d9614381a5afd556fc199886346c1fe
Output/4090B/continuous_state_coverage.json,8349,2db1e163811c1de83b6eab449ec328151a3afe06981883f728d517ccf5e24e22
Output/4090B/decision.json,1207,a52fe61ef7a053fd87ca6c11db36afcd8eb0ebf841d88fa78a3f41502e71c77c
Output/4090B/tables/continuous_state_coverage.csv,2662,c574b64462b78e03b355271378cd0d808d9614381a5afd556fc199886346c1fe
Output/4090B/tables/technical_feasibility_table.csv,1143,aa71a42f1d944eaffb2869141af81710a5e6333ba2d4b3cfd5bb92e423626260
Output/4090B/technical_feasibility_table.csv,1143,aa71a42f1d944eaffb2869141af81710a5e6333ba2d4b3cfd5bb92e423626260
Output/4090B/technical_feasibility_table.json,1441,9f5ae453ae5aa07fe5ae2ffa7d6e89771facbf7436e61c4105a80b0112c878a6
Output/4100/4100_summary.md,7321,0654bf4e309f113b1d99e239dff82efd40255538551163cebbf6f460517a71f1
Output/4100/config.yaml,904,4e9c961893818c0790373707dc1a2983f1e99fedd3267f78e867c165a12cb315
Output/4100/decision.json,1970,f2278d38b54e6702956d2223756bfdceabe49fd92f1f8a7754012965f90ea6e8
Output/4100/event_centered_profile.csv,16634,b9498cd04b83362257cca207c43640f4642f01c831f6371e5fb5b35b21e61758
Output/4100/event_control_matches.csv,1365974,f19142e2a958132288504f229d6356041e653355595ba0350d0b23d8c1e3273b
Output/4100/event_local_effects.csv,293815,6c5743dcc928ba5aa425ba2faf64b21e67c063823463c3dad1ccf17e81d98776
Output/4100/matching_quality.csv,2547,e5fe6495c1fa53db427f0dd50861c6609f5bc3d111cf5f787ddc870c81a39c4f
Output/4100/observation_level_effects.csv,2681,97de5b0ef8fb63791091be758ad43f4fc9b3561af616a82419d0f066419c2501
Output/4100/shifted_event_null.csv,7424,13c851dcf2b6c3f31bb870f1c91a42a99fae6c9101211119676e355fbeaa8ccd
Output/4100/tables/event_centered_profile.csv,16634,b9498cd04b83362257cca207c43640f4642f01c831f6371e5fb5b35b21e61758
Output/4100/tables/event_control_matches.csv,1365974,f19142e2a958132288504f229d6356041e653355595ba0350d0b23d8c1e3273b
Output/4100/tables/event_local_effects.csv,293815,6c5743dcc928ba5aa425ba2faf64b21e67c063823463c3dad1ccf17e81d98776
Output/4100/tables/matching_quality.csv,2547,e5fe6495c1fa53db427f0dd50861c6609f5bc3d111cf5f787ddc870c81a39c4f
Output/4100/tables/observation_level_effects.csv,2681,97de5b0ef8fb63791091be758ad43f4fc9b3561af616a82419d0f066419c2501
Output/4100/tables/shifted_event_null.csv,7424,13c851dcf2b6c3f31bb870f1c91a42a99fae6c9101211119676e355fbeaa8ccd
Output/4100A/4100A_summary.md,7851,2d4b0ce17c494231cae9361f15deed612610d6c3f51a32e9fa9286463a4a421d
Output/4100A/config.yaml,578,b284cd13209de699eb52299eb723d4a0b8c33d5444143273c020c1cab94660b3
Output/4100A/decision.json,1527,4993afc86d8af8481ff5555a964c2ab323561ab1785685f171825f09969d896d
Output/4100A/focal_activity_qc.csv,3030,2ece8eb7f2d53aa0c22c7c92d14bf480dae8c74be4af0b898b7105c6aaa3371e
Output/4100A/overlap_audit.csv,1869394,a919d8f622db599b327ac970cdd3503402edc74936cfc17f6e5eedcafa105a76
Output/4100A/tables/focal_activity_qc.csv,3030,2ece8eb7f2d53aa0c22c7c92d14bf480dae8c74be4af0b898b7105c6aaa3371e
Output/4100A/tables/overlap_audit.csv,1869484,8e34c1fa68946b9d212884f181375c55af82235458c3dd5fa80e7cc3021d5665
Output/4100A/tables/upstream_reproduction.csv,2998,689c30935f4babfa38c1b252519d47cd3739d5bf2adafe65a916b3252e73ab96
Output/4100A/upstream_reproduction.csv,2998,689c30935f4babfa38c1b252519d47cd3739d5bf2adafe65a916b3252e73ab96
Output/4120/4120_summary.md,9061,b3815afbbe5259c0ced72a2063ae9e669c8d7bcc01655f6f0fa1bf3442f3df03
Output/4120/config.yaml,672,2f06666a842da781c91941949b7409dcf3ea8bbb4a6a2da4b84801fbd09126c6
Output/4120/decision.json,2281,809bb24cc0c71ee35fc9ee652b64bb9349eed6cf6bc9eb3842d51c2b1f8f2fc0
Output/4120/frozen_hypotheses.yaml,588,08240ece4d3671227a21434cdce8adff3e834b0167fe9125559ca1718ce676ef
Output/4120/history_window_sensitivity.csv,595,c814019c75f8d2d2c6dd986fa53004a4b82265af846be1ff3b04c4de62f603cb
Output/4120/observation_coverage.csv,2204,9cfa5fd6f7470732524c4b7a59f2aa53952e569b2d9b50c9efb80d49b3133d9a
Output/4120/path_feature_qc.csv,14239,b7b93baf1b83816394d6e8acda45896b9e5f2feffd42629c46df329936423974
Output/4120/state_leakage_audit.csv,76941,2f47f3b294d3323950b6a4f8c369b23fcfede4f1ec57d96d55a4f05594ce8127
Output/4120/tables/history_window_sensitivity.csv,595,c814019c75f8d2d2c6dd986fa53004a4b82265af846be1ff3b04c4de62f603cb
Output/4120/tables/observation_coverage.csv,2204,9cfa5fd6f7470732524c4b7a59f2aa53952e569b2d9b50c9efb80d49b3133d9a
Output/4120/tables/path_feature_qc.csv,14239,b7b93baf1b83816394d6e8acda45896b9e5f2feffd42629c46df329936423974
Output/4120/tables/state_leakage_audit.csv,76941,2f47f3b294d3323950b6a4f8c369b23fcfede4f1ec57d96d55a4f05594ce8127
Output/4121/4121_summary.md,11088,d276782c904288e03bf49543e046b0bc6b4dc6cc44d236ea2630c151da699718
Output/4121/config.yaml,688,01c56447c1e0d4b5ca4ffb3746778a935db7d225101476cfe1de2a3522c2afa1
Output/4121/decision.json,2800,8d27333e29dc4528696aa20edeb4ad3264a45b52c15a6f3210e1ea9f6a891add
Output/4121/frozen_hypotheses.yaml,628,57e5043019d54eb63635aa9d80b2cc21db6ddda4466ff09a1fac383e98b3f581
Output/4121/history_shuffle_null.csv,161745,5938578761b50294aa1372b093ec4019d2749e38b86499be1245cddc88271525
Output/4121/matching_quality.csv,2503,7a9a0d30857a7ae7e2fa3d1ca08bf0fac9a1a03407eca99b28150a60baf6d58e
Output/4121/observation_level_effects.csv,6385,4feec0adde40b8260aca7a7010755a1523c76a9857a0cedfe2d3152db71c906c
Output/4121/sensitivity.csv,4439,f6ed3d020e42c3517764e624379ba9e8c6a4961e72b0a18211523c0b977e4837
Output/4121/tables/history_shuffle_null.csv,161745,5938578761b50294aa1372b093ec4019d2749e38b86499be1245cddc88271525
Output/4121/tables/matching_quality.csv,2503,7a9a0d30857a7ae7e2fa3d1ca08bf0fac9a1a03407eca99b28150a60baf6d58e
Output/4121/tables/observation_level_effects.csv,6385,4feec0adde40b8260aca7a7010755a1523c76a9857a0cedfe2d3152db71c906c
Output/4121/tables/sensitivity.csv,4439,f6ed3d020e42c3517764e624379ba9e8c6a4961e72b0a18211523c0b977e4837
Output/4125/4125_summary.md,3007,93b3a5e4375d07c967ab1d11757065cb8cc4e19629f2dfc087916150c832937f
Output/4125/decision.json,1925,89a4b052711027105825e02eacd444308ea72f2596fe771265d34e44c395e4bc
Output/4125/tables/4121_primary_sensitivity_h500.csv,1649,6b3e780dd184b697710cf85f45b72cdb0b0289583861d1c579af9e82c67829e5
Output/4125/tables/strongest_observation_effects.csv,3222,638e6edcc755385d69e6e9d1dc1cd3ba066794b0ae98f447639784e8da1a7c15
Output/4130/4130_summary.md,5414,5a5456dc866f595a134394845e1d8973f9bc8dbaf3359b6f03c556f46c4d8ae3
Output/4130/claim_dependency_graph.md,806,f976a3267a920a391d9be9356629e62184101486604686c6d89e3cdad8c68611
Output/4130/claim_strength_registry.csv,2761,3a457bcb2642b9068deb8b0fd7b2edefe5e3330b31e52f53b74b9372ed10e0fa
Output/4130/config.yaml,431,9e0c4b1394914fb6e17da9b05e3b3303b8cf46a5432675af1709bbd069ea4b66
Output/4130/decision.json,1914,a6ac78e671cd835082748acee2f9c3ab755e1f9aba608d7fd8720e354634417d
Output/4130/definition_dictionary.csv,3329,6d74e931afd37974bc2958d515f6e6b0504c5178317b22b57c0bd3322db378bd
Output/4130/evidence_registry.csv,15454,04fb23273cc6a45af8cbeabb328d91674efc4555febfc624a8aa596552dd91ed
Output/4130/evidence_registry.json,25809,2e31084ddce7f5fbfee8bae97fe989d9557379534109f4c5afba8cd10dd63507
Output/4130/metadata_source_audit.csv,1222,eb6232eebc6aa0515bc81d1dab1b5ab22fc183068006d22add27126b80c9f655
Output/4130/route_timeline.md,2991,affdbda2a4a2a99344540a307eeee8e72b54eb1ac0465a77f70a22345139265b
Output/4130/source_map.csv,2429,dd1311a70fc3c64749782714143f29f2426685a0a6f1bbfb30153f2c20cee29b
Output/4130/tables/claim_strength_registry.csv,2761,3a457bcb2642b9068deb8b0fd7b2edefe5e3330b31e52f53b74b9372ed10e0fa
Output/4130/tables/definition_dictionary.csv,3329,6d74e931afd37974bc2958d515f6e6b0504c5178317b22b57c0bd3322db378bd
Output/4130/tables/evidence_registry.csv,15454,04fb23273cc6a45af8cbeabb328d91674efc4555febfc624a8aa596552dd91ed
Output/4130/tables/metadata_source_audit.csv,1222,eb6232eebc6aa0515bc81d1dab1b5ab22fc183068006d22add27126b80c9f655
Output/4130/tables/source_map.csv,2429,dd1311a70fc3c64749782714143f29f2426685a0a6f1bbfb30153f2c20cee29b
Output/4131/4131_summary.md,5289,f8bff1469f8dda42196eb2527ae53973b0915b969486118abdeb9c4bf8592429
Output/4131/decision.json,2527,e543d1f8258beeecf09ebb45e24b3d33490915ae8196234ff6c4e4f02a854981
Output/4131/observation_positive_coverage_matrix.csv,6550,ec0e91bff8ef5e539388655af0639e8e61636104825cc02a20c9811b1bf45092
Output/4131/positive_claims_from_4130.csv,1803,2b8d893db4d7cb731969c13b8ea932aa03b877a3f4fa9dc598f18b155cb4aa59
Output/4131/positive_figure_plan.csv,1154,c928a06ecb93390ad348d86ddf5923af7e78c346f41ae1bf7ae991c25decca66
Output/4131/positive_phenomenon_atlas.csv,3288,3feba440d0c052138fc0bd963a025daa7b87c7723e478738473c5f85a027359a
Output/4131/tables/observation_positive_coverage_matrix.csv,6550,ec0e91bff8ef5e539388655af0639e8e61636104825cc02a20c9811b1bf45092
Output/4131/tables/positive_claims_from_4130.csv,1803,2b8d893db4d7cb731969c13b8ea932aa03b877a3f4fa9dc598f18b155cb4aa59
Output/4131/tables/positive_figure_plan.csv,1154,c928a06ecb93390ad348d86ddf5923af7e78c346f41ae1bf7ae991c25decca66
Output/4131/tables/positive_phenomenon_atlas.csv,3288,3feba440d0c052138fc0bd963a025daa7b87c7723e478738473c5f85a027359a
Output/4132/4132_summary.md,7625,2bf1a32268f0b5edaba7c113269a38b363a30ebe77df2c8fcee4ae17bf69c604
Output/4132/bounded_negative_claims.csv,1751,4a57cff5813a48b4f2178160b4dca3bd2e698af009420d56678421a62b0a9277
Output/4132/decision.json,1977,5bd3c1b3d6029c22b9ec9abe421c47c8edd21cedab8375d7ee4b167c46d2414a
Output/4132/forbidden_overclaims.csv,2111,2c1412481f6c6ac0193fe1eb626d60622b47a9b1fb569b664d873a745de22a01
Output/4132/mechanism_space_remaining.csv,835,860a824a81212ef3d1af9d81eef1acf48384806ada15d0301bc86d8df0760353
Output/4132/negative_boundary_atlas.csv,5968,392c1cd94c8c2b1f020ca7190801592b9376567873e7916a6095c1e5fe062272
Output/4132/tables/bounded_negative_claims.csv,1751,4a57cff5813a48b4f2178160b4dca3bd2e698af009420d56678421a62b0a9277
Output/4132/tables/forbidden_overclaims.csv,2111,2c1412481f6c6ac0193fe1eb626d60622b47a9b1fb569b664d873a745de22a01
Output/4132/tables/mechanism_space_remaining.csv,835,860a824a81212ef3d1af9d81eef1acf48384806ada15d0301bc86d8df0760353
Output/4132/tables/negative_boundary_atlas.csv,5968,392c1cd94c8c2b1f020ca7190801592b9376567873e7916a6095c1e5fe062272
Output/4133/4133_summary.md,6182,86eafef3536e304827c0706faf349d31c85a1cf38f917639519a045d0b708d22
Output/4133/decision.json,2390,69823d54b599477287cea2218ac80658399ae9f61e34bf8b9553f143f1608e9a
Output/4133/heterogeneity_associations.csv,3011,4b291595ebbf28061d73d20b93670de4f8eb9cada9a62c977965886f45f4af66
Output/4133/leave_one_out_sensitivity.csv,30566,3cb393e8b5330d414e8e9dcf095b5ed9dc78e4722b319120edd088169118d266
Output/4133/observation_classes.csv,3478,677161d50d4e7bbbd15978b763eee0fa952082def4cf891981b28458d3ddfd46
Output/4133/observation_master_table.csv,23898,0df84ac376842009cfbb87d2c2ea44e7d2de87bbeb0d9bd2ee3dbc4a396a3087
Output/4133/raw_metadata_by_ob.csv,2963,a952d4540320e2c2291068629a934aaafeed1c1e96fe59be0177088e05c041f7
Output/4133/tables/heterogeneity_associations.csv,3011,4b291595ebbf28061d73d20b93670de4f8eb9cada9a62c977965886f45f4af66
Output/4133/tables/leave_one_out_sensitivity.csv,30566,3cb393e8b5330d414e8e9dcf095b5ed9dc78e4722b319120edd088169118d266
Output/4133/tables/observation_classes.csv,3478,677161d50d4e7bbbd15978b763eee0fa952082def4cf891981b28458d3ddfd46
Output/4133/tables/observation_master_table.csv,23898,0df84ac376842009cfbb87d2c2ea44e7d2de87bbeb0d9bd2ee3dbc4a396a3087
Output/4133/tables/raw_metadata_by_ob.csv,2963,a952d4540320e2c2291068629a934aaafeed1c1e96fe59be0177088e05c041f7
Output/4133_M5_review_before_4134/4134_action_checklist.csv,1562,19a831036cd9ac09489c3c3cdd30f24b61ae93540d9850b35b5cdf3649a4a1d1
Output/4133_M5_review_before_4134/artifact_audit.csv,2928,e80d8f23be6935ba9ee9b72625827c3a953de87ef9c1e25af47c6c485cc95f9b
Output/4133_M5_review_before_4134/claim_storyline_review.csv,3113,fff12aa6265c058b40b04951545c85df0d2b90a6c952132fb618b5747c7441a6
Output/4133_M5_review_before_4134/decision.json,2405,18330b22b6e9a4f6e89a89894a21696fee034581f62beae598c9c8bf5ce5f6d8
Output/4133_M5_review_before_4134/m5_gate_review.csv,2121,d64887a77c23dd1bdf3a982e06a1f6a49fddc9a78f32a61f91d3b0eb68cdee67
Output/4133_M5_review_before_4134/M5_review_before_4134.md,10664,1c9c67d308511aed452af13e2f0e3eba80455bb298f4c3f62ea8d318a11e1eb9
Output/4133_M5_review_before_4134/main_vs_supplement_figure_candidates.csv,5673,0df377e288d72a47cc6ba93b7c53fa06f1e0bf548b2bb52875546f42e9115403
Output/4133_M5_review_before_4134/overclaim_risk_register.csv,1860,fd5639854bb99617b36fdc580a0e189978a964ffb2dabe8d6fdf835d4e14677a
Output/4133_M5_review_before_4134/source_map.csv,1275,60db586e781a4618a111efd93c981616a7abdb033012b0c023ba1c3ea091694c
Output/4133_M5_review_before_4134/tables/4134_action_checklist.csv,1562,19a831036cd9ac09489c3c3cdd30f24b61ae93540d9850b35b5cdf3649a4a1d1
Output/4133_M5_review_before_4134/tables/artifact_audit.csv,2928,e80d8f23be6935ba9ee9b72625827c3a953de87ef9c1e25af47c6c485cc95f9b
Output/4133_M5_review_before_4134/tables/claim_storyline_review.csv,3113,fff12aa6265c058b40b04951545c85df0d2b90a6c952132fb618b5747c7441a6
Output/4133_M5_review_before_4134/tables/m5_gate_review.csv,2121,d64887a77c23dd1bdf3a982e06a1f6a49fddc9a78f32a61f91d3b0eb68cdee67
Output/4133_M5_review_before_4134/tables/main_vs_supplement_figure_candidates.csv,5673,0df377e288d72a47cc6ba93b7c53fa06f1e0bf548b2bb52875546f42e9115403
Output/4133_M5_review_before_4134/tables/overclaim_risk_register.csv,1860,fd5639854bb99617b36fdc580a0e189978a964ffb2dabe8d6fdf835d4e14677a
Output/4133_M5_review_before_4134/tables/source_map.csv,1275,60db586e781a4618a111efd93c981616a7abdb033012b0c023ba1c3ea091694c
Output/4134/4134_summary.md,4559,f057c3aae1922e0981891a02e58a477b10a41dd85ea59ec131d669fc3ec1f881
Output/4134/decision.json,2699,cb38ffd8f4f82e94a8057b77dc728c660d579c816c1195aac2a1c9272d1b081f
Output/4134/figure_caption_drafts.csv,2501,9c64c68332d4fad8a16e09541d1ec8a5657c78bc700493ff04962adbdfd72f31
Output/4134/figure_caption_drafts.md,5611,f513ebfaac6f7e0ca70ca8cf9e40e66f1d14e53388a9e88ff77ea588bf4d8a84
Output/4134/figure_source_map.csv,9158,192f44c60e1889efeebf89b04c427a0ebd5b0004896a98ca3147b7496624fae3
Output/4134/main_figure_manifest.csv,1990,c51afd7906ee83eaa39d211886623b0de5ea2bc7be1a46fb38e97eb55f552acb
Output/4134/main_figure_plan.md,7347,5bd43805e8d3da4f807e70de4650665b141940321bbdc19dcfa997f533cd6117
Output/4134/panel_metadata.csv,8986,06b37723ec5582046300edf46651aba654f31520c6b8b037f760cffdb55894e2
Output/4134/source_map.csv,1940,9fe938867079b9ece69820685a62d1af8b901ee0a30c1e2581918d679607af8f
Output/4134/supplementary_figure_plan.md,1753,321092ec047c39e16f5a133cc9e5736bef3fe6980c137eb674814949a6ec7775
Output/4134/tables/figure_caption_drafts.csv,2501,9c64c68332d4fad8a16e09541d1ec8a5657c78bc700493ff04962adbdfd72f31
Output/4134/tables/figure_source_map.csv,9158,192f44c60e1889efeebf89b04c427a0ebd5b0004896a98ca3147b7496624fae3
Output/4134/tables/main_figure_manifest.csv,1990,c51afd7906ee83eaa39d211886623b0de5ea2bc7be1a46fb38e97eb55f552acb
Output/4134/tables/panel_metadata.csv,8986,06b37723ec5582046300edf46651aba654f31520c6b8b037f760cffdb55894e2
Output/4134/tables/source_map.csv,1940,9fe938867079b9ece69820685a62d1af8b901ee0a30c1e2581918d679607af8f
Output/4135/4135_summary.md,4051,afdcdb23f4d2fde4d96f55681a0d6d11958aba56d8383b3cfb7b6089689c5457
Output/4135/abstract_skeleton.md,2390,09bfb87c12b6f76192ee64175875f5a01f8de1da58e0a215c99ec6775b4e63dc
Output/4135/decision.json,2413,a14f1c26b7a51403c0dd1b70ebb4786108c60ea8e131c12d619480ab402de570
Output/4135/discussion_outline.md,2356,68957e165bbd3be7c53677b1983694d50b5d4c14d10ff3d50a7310dc3f8e381f
Output/4135/evidence_to_claim_map.csv,3095,2b7fbb09f13a393daec7a9ae50de07d6064dd4ad51c10464e49ed369618692d5
Output/4135/limitations.md,1579,8239e3015b44b431bf1ad51c70764b2ed43a5dbe9cf5832b21c343426e0e1b89
Output/4135/limitations_table.csv,1310,8d73f8bfbdeb2d8c7982ba1adc9d3a43470c2a6325e63e8b21b88d015d2e749d
Output/4135/main_claim_registry.csv,2977,1f5071ffc08c7fbdbd4fb3fa7fd75d7837de0c4b5e075c6c74a5d4b0b45546ac
Output/4135/manuscript_story.md,7360,f11fd950dfa8e418e0b495dcea6eca5c70532ba9ff90f65dc65891608f94c55a
Output/4135/results_outline.md,3643,9464df01d0218b169c4bb878b6c0475105ea7ff04ef7ea3eb42da0a027f81615
Output/4135/section_to_figure_map.csv,797,7aed5dd1d847ec9ea5766265a06b421db0cfa0be2498bee4584da89d5eca0401
Output/4135/source_map.csv,1415,53e0030f56faa906afcb3fe9c2c387d3b818b0d4f8ea19b1a3a0154a473f5296
Output/4135/tables/evidence_to_claim_map.csv,3095,2b7fbb09f13a393daec7a9ae50de07d6064dd4ad51c10464e49ed369618692d5
Output/4135/tables/limitations_table.csv,1310,8d73f8bfbdeb2d8c7982ba1adc9d3a43470c2a6325e63e8b21b88d015d2e749d
Output/4135/tables/main_claim_registry.csv,2977,1f5071ffc08c7fbdbd4fb3fa7fd75d7837de0c4b5e075c6c74a5d4b0b45546ac
Output/4135/tables/section_to_figure_map.csv,797,7aed5dd1d847ec9ea5766265a06b421db0cfa0be2498bee4584da89d5eca0401
Output/4135/tables/source_map.csv,1415,53e0030f56faa906afcb3fe9c2c387d3b818b0d4f8ea19b1a3a0154a473f5296
Output/4135/tables/title_candidates.csv,847,231352371e2b6e8e1c49ece472f688c6ee1b50b38213cc67066a3e870e8aefd5
Output/4135/tables/writing_boundary_checklist.csv,918,fc4aad0bbeb05400f68de33d885428ce6fd29fd8b90019d414931b0717197fe5
Output/4135/title_candidates.csv,847,231352371e2b6e8e1c49ece472f688c6ee1b50b38213cc67066a3e870e8aefd5
Output/4135/title_candidates.md,1389,9941e2975cdd5dd1c5cb29e862d2f0eb49dc7adf366fec197b6f29788dba473c
Output/4135/writing_boundary_checklist.csv,918,fc4aad0bbeb05400f68de33d885428ce6fd29fd8b90019d414931b0717197fe5
Output/4140/4140_summary.md,2646,1d1e0e66e545907429003786257daf1d10632b67fd9d42b638efb1fc94994b06
Output/4140/code_source_map.csv,1728,603ad4b788eb23316cac6c36021b116f790390d270e571711ddfed4f9f317aeb
Output/4140/decision.json,1668,c6993e1e9ba5a1080b1ec3da8a8f5178a6655ee67ac790f99e398be0fd932d09
Output/4140/definition_mismatches.csv,615,24964e80abd6d69d6cd6e863e441c9e9fa4caba79fc910e4eb2cfbefbb8ed4d6
Output/4140/frozen_analysis_contract.yaml,1865,aa1f74f78a653c12bb18e2b057bb9638a75e4da32790bde101b7fe5842380f27
Output/4140/reproducibility_registry.csv,7041,c7aa0a0a5054e9cfa30b75c67c6582fbc148ee577696ba423f8428f1956216bf
Output/4140/spectral_set_provenance.md,2305,f96cb04b8c1d10a355635e1258363ef46415f4973d98c09c65f3d85abfa62623
Output/4140/tables/code_source_map.csv,1728,603ad4b788eb23316cac6c36021b116f790390d270e571711ddfed4f9f317aeb
Output/4140/tables/definition_mismatches.csv,615,24964e80abd6d69d6cd6e863e441c9e9fa4caba79fc910e4eb2cfbefbb8ed4d6
Output/4140/tables/reproducibility_registry.csv,7041,c7aa0a0a5054e9cfa30b75c67c6582fbc148ee577696ba423f8428f1956216bf
Output/4141/4141_compute_boundary.md,2146,5374cb614bb6b87d515c2b3f79e7632c52ba422ae1aa7ce443c5ad1e5ea0fdca
Output/4141/4141_summary.md,4805,a9169c2d57386b851a73163dcf88956ca09c3225bdee3589c063ab6c18aaf935
Output/4141/cache_manifest.csv,3208,6ebad4ef057f29aff50f048735f63ede0467b758c08aeba2391595ee293a02bc
Output/4141/cache_only_decision.json,376,6386639d22b813b8f25299aa78d98f41ee6932d14c8b65ccdc0bc18b28ffaef7
Output/4141/decision.json,1962,2ab588e40565428577ed4aa49fa6dbefcf59402d320a0fb4f32b48a10b1b9912
Output/4141/N_any_distribution.csv,154,c59e83aa07ea0b4073e932c913fb2c9d1d90a69fccca0c83d6de0d04b861475e
Output/4141/N_both_distribution.csv,137,d7882452c6f7514e9d346c5f03d9c06dc0fa64524088a895b6aee34534410ef4
Output/4141/observation_null_pass_rates.csv,1247,5335c2cb77dfd9ee3c60b30206870bf4c77042149067ca91ccebe4d866d09b6c
Output/4141/observation_replicate_passes.csv,431465,ff91debc323f644b1a4b75386b3104de4613857b8eae5d73f226582cc3bc9755
Output/4141/omnibus_null_config.yaml,776,b2533f7ecff4b9508406ff22d89bda5d08ebcfbef2142af5662276422deda382
Output/4141/omnibus_replicates.csv,2159,0d962ee06102b9d6b3aafb99ffb8b1cb0d5eb586a99a24d62d516b45aece74e3
Output/4141/p_omnibus.json,602,ed03197fbc8a5bd219be1a1eec279b09847d7791f5a0e16dd254a06e9ac55f03
Output/4141/partial_compute_boundary.json,943,e21e35e61852cd58483663b5670793543f0d312cfa5804270c23a63410cd97ed
Output/4141/tables/cache_manifest.csv,3208,6ebad4ef057f29aff50f048735f63ede0467b758c08aeba2391595ee293a02bc
Output/4141/tables/observation_null_pass_rates.csv,1247,5335c2cb77dfd9ee3c60b30206870bf4c77042149067ca91ccebe4d866d09b6c
Output/4141/tables/observation_replicate_passes.csv,431465,ff91debc323f644b1a4b75386b3104de4613857b8eae5d73f226582cc3bc9755
Output/4141/tables/omnibus_replicates.csv,2159,0d962ee06102b9d6b3aafb99ffb8b1cb0d5eb586a99a24d62d516b45aece74e3
Output/4142/4142_summary.md,3070,37200c6fbc9c2d32752c08d09aa9e7760dc45c6eb84981c6cca9333e4b6e64e7
Output/4142/config.yaml,473,f5ef8cf26e2027d5f3603f5896d77df9077a463e78847975eedde913286555e5
Output/4142/decision.json,3432,add1e3333df43afe737846c9bd3e868e3b5f9e7c51e24ad69426c7b0e6a212ca
Output/4142/phase_detrending_rows.csv,27474,5a51d458e845897651e34eceeaff68b036722c1242d214336f40ba2271894388
Output/4142/phase_variant_summary.csv,1399,8cdfb501686575e33bed2c41c8f85efbedd9fb2e00257a42299c5e3cf8d73c5e
Output/4142/phase_variant_summary.json,4260,08d05f6b50c7b69fa8df9c43f04bd64500b4a1294d6b11962ffa2d5abc9366c4
Output/4142/survival_detrending_rows.csv,13277,4d1419e73ed955ca20f5b2046e01f25d9e62fa5406d2f76ab41b9323e2b33de3
Output/4142/survival_variant_summary.csv,592,a4d89b4d6bb31aa6345879d8407dae3867c81cb0cd99de1d7a3447e29d745856
Output/4142/survival_variant_summary.json,1249,b140eb33db94db71fdf970f5e1c41d8f10ce6800f6cada9d5bf59ad948d3aab7
Output/4142/tables/phase_detrending_rows.csv,27474,5a51d458e845897651e34eceeaff68b036722c1242d214336f40ba2271894388
Output/4142/tables/phase_variant_summary.csv,1399,8cdfb501686575e33bed2c41c8f85efbedd9fb2e00257a42299c5e3cf8d73c5e
Output/4142/tables/survival_detrending_rows.csv,13277,4d1419e73ed955ca20f5b2046e01f25d9e62fa5406d2f76ab41b9323e2b33de3
Output/4142/tables/survival_variant_summary.csv,592,a4d89b4d6bb31aa6345879d8407dae3867c81cb0cd99de1d7a3447e29d745856
Output/4143/4143_summary.md,4920,e07574259c0d8ea86a0ad934963bb7949d933d297bc39eb56430f5141c61e103
Output/4143/config.yaml,388,edd8baf4978e3539d735b9eac345a4a7ca9287a3448caa1c86ba02d654abcda7
Output/4143/decision.json,6023,1a59b661a1430420a5fecb868da20152c51dfe581a09dbe12bc717388eb691ca
Output/4143/local_affine_conditioning_summary.csv,14121,23ce0c13d079fdc3007165681ea861a9334e6d7d5654aefb622b72d297ae78c8
Output/4143/local_affine_conditioning_summary.json,48927,d8ec56ba253c873905b0f72b762149fe9cdaef4bb62980483fe663bfa2ff9be6
Output/4143/tables/local_affine_conditioning_summary.csv,14121,23ce0c13d079fdc3007165681ea861a9334e6d7d5654aefb622b72d297ae78c8
Output/4144/4144_summary.md,1737,10ea35546cfe509e00db07a3bb549c305b9c2d87b1287e707487387a7297e725
Output/4144/claim_boundary_updates.csv,3101,268089dd6f6cbb919d82b3e28600b120d06345a91fe6f42aabe3f65135698df1
Output/4144/decision.json,779,2fb8ed7060b2107a467586654763460e2259b5fe5af19afc3b89ffed6680f3ae
Output/4144/figure_source_manifest.csv,1908,ae19d19fc5b505d8c09574193ffb08abba5bfb190e806e3598e353e9e33a9f41
Output/4144/manuscript_update_targets.csv,1157,2c1d0718c34fedd6714773960f51a3a46fb83c04bfaef8030a6854bbcfbc04f5
Output/4144/review007_gap_resolution.csv,1372,f6fbf7181fc0a0aae6d26b377ef44c1881d62d3ad64db93faa1b828ac32584bd
Output/4144/reviewer_defense_table.md,4579,3c581c70d5ca6ed7ef425ba39684b18c5f5da6da3d3e810006e0e2befebabe58
Output/4144/tables/claim_boundary_updates.csv,3101,268089dd6f6cbb919d82b3e28600b120d06345a91fe6f42aabe3f65135698df1
Output/4144/tables/figure_source_manifest.csv,1908,ae19d19fc5b505d8c09574193ffb08abba5bfb190e806e3598e353e9e33a9f41
Output/4144/tables/manuscript_update_targets.csv,1157,2c1d0718c34fedd6714773960f51a3a46fb83c04bfaef8030a6854bbcfbc04f5
Output/4144/tables/review007_gap_resolution.csv,1372,f6fbf7181fc0a0aae6d26b377ef44c1881d62d3ad64db93faa1b828ac32584bd
Output/4145/4145_summary.md,1708,7a0cc80e9566c265cefe18563d76edec99a44b883a6ef2f64a0d6ed9d294756e
Output/4145/compile_audit.json,272,37c04b5ce4bf79175db865e6b8be7df4bf3b4e7831fe800071716c2b29db9947
Output/4145/decision.json,1480,2f806eb8fa8ae76824654ef4e620aac3841fc71ecb3adc540d2b4f24d63185d1
Output/4145/manuscript_integration_audit.csv,787,eb1023e77d51ca1a15850764a530bd4d638e13f4a89d3dac973541d676c1b7e4
Output/4145/tables/manuscript_integration_audit.csv,787,eb1023e77d51ca1a15850764a530bd4d638e13f4a89d3dac973541d676c1b7e4
Output/4146/4146_summary.md,2925,68a1120ad56795a899f8880c6ae7d96219b2ced6db44cb807b387f1c7f710ce7
Output/4146/definition_dimension_comparison.csv,761,63e8910c35744ed94aacc4d056f75531c6fb949ec7411bc1e47b4b1ab2e321b3
Output/4146/discrepancy_decision.json,767,d92363073cbaca8128778e9c4fd24004d3199c5db36aeef6704d8ac5afd3b7f7
Output/4146/manuscript_replacement_text.md,721,01eabaf46e2f397e8861812eb9c2196b07b9f614a101e9525f61bc6b324fccc3
Output/4146/near_pre_definition_audit.csv,2082,fac0b4b60c6013947bcb128c07366b2a36c7c0cb5f7c1214c37ea35a21ae92f6
Output/4146/near_pre_observation_comparison.csv,3531,316c4d89d2fd58780720e474abe8f0928caf3a2b014a9a55c141a4f3c9d3bee5
Output/4146/source_trace.md,2925,68a1120ad56795a899f8880c6ae7d96219b2ced6db44cb807b387f1c7f710ce7
Output/4146/tables/definition_dimension_comparison.csv,761,63e8910c35744ed94aacc4d056f75531c6fb949ec7411bc1e47b4b1ab2e321b3
Output/4146/tables/near_pre_definition_audit.csv,2082,fac0b4b60c6013947bcb128c07366b2a36c7c0cb5f7c1214c37ea35a21ae92f6
Output/4146/tables/near_pre_observation_comparison.csv,3531,316c4d89d2fd58780720e474abe8f0928caf3a2b014a9a55c141a4f3c9d3bee5
Output/4147/4147_summary.md,5119,9b046e882ea38c087aeb06e81775616ab6d5f6cc75f1e7ef77e7c40093ce31f4
Output/4147/decision.json,1129,ce7e56925aa560c843ffcba491a83344af758b163f6130f389021a0a87754f60
Output/4147/example_label_trace.csv,1002,13c1b562cc3e8266feee5f30ac424bdc502b76dcc9ca0366307f5303dbcaee09
Output/4147/label_distribution.csv,348,0825547cf7e045d8e130facc3491720b7e05f1aec2b6d0bba5125a6623d7635d
Output/4147/label_propagation_checks.csv,583,c38b2a5fde0d2233c7730fcb1f17f0172790897fd5c21d6e032705ae7d97c640
Output/4147/selected_partition_summary.csv,662,b729465a71fb68fdb09d2f7ec2f99d34a153f309f54db16c23003e7dd3fc62ae
Output/4147/source_code_map.csv,2117,900c7ca53aa0e85abcff93c9c0906551153f80e37af3604102ead0562675f02a
Output/4147/spectral_set_algorithm.md,2052,f4433bdd775f8cc47e8600bced7da28a795f73ea946c28f432895a4e4aba8fee
Output/4147/spectral_set_provenance.md,5119,9b046e882ea38c087aeb06e81775616ab6d5f6cc75f1e7ef77e7c40093ce31f4
Output/4147/t1_independence_scan.csv,792,d4250b9f79721e36e6ad6f676b641dca4c27884894b92e688b9fe7b79ed4c9e8
Output/4147/tables/example_label_trace.csv,1002,13c1b562cc3e8266feee5f30ac424bdc502b76dcc9ca0366307f5303dbcaee09
Output/4147/tables/label_distribution.csv,348,0825547cf7e045d8e130facc3491720b7e05f1aec2b6d0bba5125a6623d7635d
Output/4147/tables/label_propagation_checks.csv,583,c38b2a5fde0d2233c7730fcb1f17f0172790897fd5c21d6e032705ae7d97c640
Output/4147/tables/selected_partition_summary.csv,662,b729465a71fb68fdb09d2f7ec2f99d34a153f309f54db16c23003e7dd3fc62ae
Output/4147/tables/source_code_map.csv,2117,900c7ca53aa0e85abcff93c9c0906551153f80e37af3604102ead0562675f02a
Output/4147/tables/t1_independence_scan.csv,792,d4250b9f79721e36e6ad6f676b641dca4c27884894b92e688b9fe7b79ed4c9e8
Output/4148/4148_summary.md,7394,d7c2bfdab3a7313dd4620adff0cbca10b0f8064716b9ed7727e2546620b979d6
Output/4148/decision.json,347,fef2e2f96a1d4b0546c05da18fe0812cb740edb4e30a9d94b3cea368212ef243
Output/4148/equation_consistency_check.md,7394,d7c2bfdab3a7313dd4620adff0cbca10b0f8064716b9ed7727e2546620b979d6
Output/4148/notation_errors.csv,1912,3fe51e9cd2c7c6f74cc0a0b38a36a5ae950c7dd1737f651084e655cf9b62bd5d
Output/4148/notation_occurrences.csv,2498,af10c39a5fff7036c7a28867a8f9cf6b4d13ade21b9bc7f0d8b3f0d8ef2df307
Output/4148/notation_registry.csv,2409,4d4d17254076b1152e0946cd522cc945816a4880801667b221ea1835129015c5
Output/4148/tables/notation_errors.csv,1912,3fe51e9cd2c7c6f74cc0a0b38a36a5ae950c7dd1737f651084e655cf9b62bd5d
Output/4148/tables/notation_occurrences.csv,2498,af10c39a5fff7036c7a28867a8f9cf6b4d13ade21b9bc7f0d8b3f0d8ef2df307
Output/4148/tables/notation_registry.csv,2409,4d4d17254076b1152e0946cd522cc945816a4880801667b221ea1835129015c5
Output/4149/4149_boundary_summary.md,1735,03cebc6f9cb5a165e1155c5cbcf4729e1cec31eb139b1bd337cf5093c07c1432
Output/4149/cache_manifest.csv,3208,6ebad4ef057f29aff50f048735f63ede0467b758c08aeba2391595ee293a02bc
Output/4149/decision.json,994,44cc9a734842fb7f94784988bbea65d64489bbdfa02213b987d76b548f1285ff
Output/4149/status.json,750,0082f1fa81913ebd9c62a7a149040809d3ca02c38b3e39e5fd7cbefae8341849
Output/4149/tables/cache_manifest.csv,3208,6ebad4ef057f29aff50f048735f63ede0467b758c08aeba2391595ee293a02bc
Output/4150/4150_summary.md,6125,a5934eb9f05ef0640cc72714c8ab943915a470c937b460b853f67a352407922e
Output/4150/decision.json,534,94186817e7c91dd095c55d67876edfe989d6b6482b60096f62e31628a19ab9eb
Output/4150/figure_caption_final.csv,1810,7ae8e81298da08905cd72cecb3e6a0f9e7aa6001a61bc1be6e0becb8dec70a3e
Output/4150/figure_caption_final.md,2094,0f9102fcd07ce93f1914e4749e6df044c0e156660abf96734e89f16b6995d7aa
Output/4150/figure_cleanup_audit.csv,614,c1526322f2472071cfec94b255c8b90b37416fdde26352db720773a64031758b
Output/4150/figure_source_map.csv,2064,f8de4c25a26e593c2dcbb4162d2f6a0077a44db56a4a9b23b48a75a569220ac1
Output/4150/tables/figure_caption_final.csv,1810,7ae8e81298da08905cd72cecb3e6a0f9e7aa6001a61bc1be6e0becb8dec70a3e
Output/4150/tables/figure_cleanup_audit.csv,614,c1526322f2472071cfec94b255c8b90b37416fdde26352db720773a64031758b
Output/4150/tables/figure_source_map.csv,2064,f8de4c25a26e593c2dcbb4162d2f6a0077a44db56a4a9b23b48a75a569220ac1
Output/4151/4151_summary.md,1552,1d5e81cfc196e5ce202f9882ee576b6e431c3c454c2d2e57922e52f147b6040f
Output/4151/active_text_audit.csv,523,63c8137b195a6163e93467e7770454fe17785aef2955c43ba9176fc17fac6077
Output/4151/decision.json,614,2a0b91733e8246355742ed1f76f377938b9592ca783a6401b3f7d9bdcce4fbb8
Output/4151/manuscript_change_log.csv,1649,ea4a5331cc852c1c7b923672e2dd7c37fef8b4bda48a960d07e9138f00908906
Output/4151/tables/active_text_audit.csv,523,63c8137b195a6163e93467e7770454fe17785aef2955c43ba9176fc17fac6077
Output/4151/tables/manuscript_change_log.csv,1649,ea4a5331cc852c1c7b923672e2dd7c37fef8b4bda48a960d07e9138f00908906
Output/4152/4152_summary.md,1518,08a94ba35391140b14b6f0bfaf9373111df399c649724da072405dce96eb7164
Output/4152/decision.json,498,0d30f25ff3e8e33917e249c2a6041da30b3229269e5521b04eca6809b3b06f24
Output/4152/supplement_audit.csv,600,bde9834db59410a7cf34feae711407b75ac7055b3937684b85f7668f68a660fc
Output/4152/supplement_index.csv,1272,ff7634452fda39cce06c9962a2c33d5e69108949f1d87205e056ba36fcc69e8a
Output/4152/tables/supplement_audit.csv,600,bde9834db59410a7cf34feae711407b75ac7055b3937684b85f7668f68a660fc
Output/4152/tables/supplement_index.csv,1272,ff7634452fda39cce06c9962a2c33d5e69108949f1d87205e056ba36fcc69e8a
Output/4153/causal_language_audit.csv,3975,5a7fdbe1068e14980c86b65fbdb398c82a5540401d0696967a6dbde6b383ab40
Output/4153/claim_audit.csv,2745,5d8a0599cd998c8b0af96d390fcc66bc633d3f33144dbe484557bcb4e422f9b6
Output/4153/decision.json,352,9f30b0408237965d85443356c19233b960ded252b82419728c3c94d7794a5600
Output/4153/figure_text_consistency.csv,365,a05bbb2fc99e7b04efa81c567b9cc97e5e0506f9da346c1e57e923250f6fd6cc
Output/4153/final_audit_summary.md,5810,0c8a1a4e25a3aabc676a52ae17886d6a27fd5d653413c0f40e4323258c95c821
Output/4153/number_audit.csv,2510,fc6ade9c727210d1aca117526fc47686673f57bd466ce2e08762a5f81c5cd263
Output/4153/reference_audit.csv,795,14091717bd6fbe0d67afcde81aad370a6a00c54f5dbec612068ed489bfcd215b
Output/4153/review_item_resolution.csv,514,21945b4b06bb719992c9c69176f86030128eabd0611752f36d871b335665364d
Output/4153/tables/causal_language_audit.csv,3975,5a7fdbe1068e14980c86b65fbdb398c82a5540401d0696967a6dbde6b383ab40
Output/4153/tables/claim_audit.csv,2745,5d8a0599cd998c8b0af96d390fcc66bc633d3f33144dbe484557bcb4e422f9b6
Output/4153/tables/figure_text_consistency.csv,365,a05bbb2fc99e7b04efa81c567b9cc97e5e0506f9da346c1e57e923250f6fd6cc
Output/4153/tables/number_audit.csv,2510,fc6ade9c727210d1aca117526fc47686673f57bd466ce2e08762a5f81c5cd263
Output/4153/tables/reference_audit.csv,795,14091717bd6fbe0d67afcde81aad370a6a00c54f5dbec612068ed489bfcd215b
Output/4153/tables/review_item_resolution.csv,514,21945b4b06bb719992c9c69176f86030128eabd0611752f36d871b335665364d
Output/4153/tables/terminology_audit.csv,361,2d5c8fd894cc11bf6e9f5fc0e9ab744a7e9f11a23995edb822c5fa8014989ff7
Output/4153/terminology_audit.csv,361,2d5c8fd894cc11bf6e9f5fc0e9ab744a7e9f11a23995edb822c5fa8014989ff7
Output/4154/4154_summary.md,2655,911649f7979e98832a5f51c6ec466ee71a12242c739a95fd576c581a994113ae
Output/4154/code_data_availability_statement.md,1003,c0e8d752ee67f684fa0380852a823953caf977f94cc0b361ce141608235a9326
Output/4154/compile_log_audit.csv,693,b7d0d9957b056d2ec6a4b8325aaaeef43303b8876be74c8d65b01b525d996a9f
Output/4154/decision.json,729,b26556c9fa1c5ab891139a8d7ea23888671be7ccc1f5368d1dd6024746d93aa3
Output/4154/package/4154_summary.md,2655,911649f7979e98832a5f51c6ec466ee71a12242c739a95fd576c581a994113ae
Output/4154/package/code_data_availability_statement.md,1003,c0e8d752ee67f684fa0380852a823953caf977f94cc0b361ce141608235a9326
Output/4154/package/compile_log_audit.csv,693,b7d0d9957b056d2ec6a4b8325aaaeef43303b8876be74c8d65b01b525d996a9f
Output/4154/package/decision.json,729,b26556c9fa1c5ab891139a8d7ea23888671be7ccc1f5368d1dd6024746d93aa3
Output/4154/package/final_audit_summary.md,5810,0c8a1a4e25a3aabc676a52ae17886d6a27fd5d653413c0f40e4323258c95c821
Output/4154/package/submission_package_manifest.csv,5228,5037395af498d5a32a98bbb0e28e316935127fef769ca75b3f96206e3e0a46bc
Output/4154/package/Supplement_submission.md,9253,472107827e9cd3d25b36d8cca626f47120433c11147ece930b4ff0c208f9b2b5
Output/4154/submission_package_manifest.csv,5228,5037395af498d5a32a98bbb0e28e316935127fef769ca75b3f96206e3e0a46bc
Output/4154/tables/compile_log_audit.csv,693,b7d0d9957b056d2ec6a4b8325aaaeef43303b8876be74c8d65b01b525d996a9f
Output/4154/tables/submission_package_manifest.csv,5228,5037395af498d5a32a98bbb0e28e316935127fef769ca75b3f96206e3e0a46bc
Output/4155/4155_summary.md,5169,1f49d66dd35f0c557c0e4663220af24f8b3ef902b9ecec066e9a18d457239a0f
Output/4155/chunk_status.csv,1205,4cb3f65861a87f31c0027c88efac338ea7a2f43f0c84e362c1f8da677b6cc53f
Output/4155/decision.json,1297,14c0687773103314e8913c7494a447d011958eaed4f93b3c2175bbcc04af2533
Output/4155/latest_run.json,245,903a90a72caa05b97ea28d1f8385751d246b830eda3fb7cb281eaf65656dc393
Output/4155/N_any_distribution.csv,210,c52cb0ffce4066896c22e80ac0cb86b732b045bcdf83024b2063a5351c0637a8
Output/4155/N_both_distribution.csv,170,7bea08a02ab3ded2d23bad3d041e686045807cced3259f771424ef0aaa6a8f79
Output/4155/observation_null_pass_rates.csv,1346,95782a83e13e99f4f34c356d1578c22dc1213522c467e5061b54d4a37c9064d8
Output/4155/p_omnibus.json,589,69dfddef658eb12ab4dcf7f079e6d42e8244a7499c9cd2ae6bb72d023fffc529
Output/4155/runs/benchmark_n8_c40_fast/4155_summary.md,4347,a082bc9a6a594f90a87dd9ebe7f7423ce97cc84809d578b458416efd70939d5f
Output/4155/runs/benchmark_n8_c40_fast/chunk_status.csv,264,271fea2470a5ee2b8a34734897e28f590d4ae5568d148e5a6bef06f7d3c2785f
Output/4155/runs/benchmark_n8_c40_fast/chunks/chunk_0001_0002/observation_replicate_passes.csv,9064,d1aaf5a4f5bc0c30a9959d3d96bb48c4798546df7e9ec57b621daf604e3ba9c3
Output/4155/runs/benchmark_n8_c40_fast/chunks/chunk_0001_0002/omnibus_replicates.csv,138,391e22b5444d6101c4fbff95a3b36bb1fddefb452b85f1324d28ad06230deaed
Output/4155/runs/benchmark_n8_c40_fast/chunks/chunk_0001_0002/status.json,520,645ec42f2bb701f2abc932d267f020ffb9723a757a8813e2ac8b912f5d2adc19
Output/4155/runs/benchmark_n8_c40_fast/chunks/chunk_0001_0002/worker.log,0,e3b0c44298fc1c149afbf4c8996fb92427ae41e4649b934ca495991b7852b855
Output/4155/runs/benchmark_n8_c40_fast/chunks/chunk_0003_0004/observation_replicate_passes.csv,9039,7de44e9a34f12724280c55c26e90832759194c0260608d6cd2aad62817ec0d5c
Output/4155/runs/benchmark_n8_c40_fast/chunks/chunk_0003_0004/omnibus_replicates.csv,138,a57e3587f233c0fba0b170cdbf43f28eb6a5f4682175a5d4a24fe8a2cb3dbb58
Output/4155/runs/benchmark_n8_c40_fast/chunks/chunk_0003_0004/status.json,521,11c66855845c637f3451c476f44f81f4e0f0577c561552663736cd70b674f696
Output/4155/runs/benchmark_n8_c40_fast/chunks/chunk_0003_0004/worker.log,0,e3b0c44298fc1c149afbf4c8996fb92427ae41e4649b934ca495991b7852b855
Output/4155/runs/benchmark_n8_c40_fast/chunks/chunk_0005_0006/observation_replicate_passes.csv,9065,488340b8b72513785605814a93cd8c1b8fb303a848e9658d94db975e7c5869b3
Output/4155/runs/benchmark_n8_c40_fast/chunks/chunk_0005_0006/omnibus_replicates.csv,136,a4bbb0b48ad5dca0f9c9b25a4ddf9e15a30723346d218febc21e859c54909638
Output/4155/runs/benchmark_n8_c40_fast/chunks/chunk_0005_0006/status.json,521,477ab1c161114a65c02465cf5635640dd059b3199f7fb1118476313684382b24
Output/4155/runs/benchmark_n8_c40_fast/chunks/chunk_0005_0006/worker.log,0,e3b0c44298fc1c149afbf4c8996fb92427ae41e4649b934ca495991b7852b855
Output/4155/runs/benchmark_n8_c40_fast/chunks/chunk_0007_0008/observation_replicate_passes.csv,9094,c2f3688e7a02e6012e9eaf877d59a56bc1a78ff1a647696ef8275112b24f2c88
Output/4155/runs/benchmark_n8_c40_fast/chunks/chunk_0007_0008/omnibus_replicates.csv,137,bce71e4d9cb66ae90a0272f997bd388c08d421a299b7ec22a31c7558701f8afd
Output/4155/runs/benchmark_n8_c40_fast/chunks/chunk_0007_0008/status.json,521,631634c26f2de53dda806deb4a751eceb3716f3248091ea6a9de9ff5379534ba
Output/4155/runs/benchmark_n8_c40_fast/chunks/chunk_0007_0008/worker.log,0,e3b0c44298fc1c149afbf4c8996fb92427ae41e4649b934ca495991b7852b855
Output/4155/runs/benchmark_n8_c40_fast/decision.json,1427,0c57f2c09c7f51f2dbe3cf453dafa99cbc5625d60942bb5542a2acb37ed50dd7
Output/4155/runs/benchmark_n8_c40_fast/fast_equivalence_check.csv,854,40ad628f615aa41e54aec047183efad91dd9938d3bc2555e9e4eee0248f46dea
Output/4155/runs/benchmark_n8_c40_fast/fast_equivalence_check.json,88,93e683b36e2bfee0bc56e2f96907d17a3988350712fba31ca95640c4235f2442
Output/4155/runs/benchmark_n8_c40_fast/figures/4141_N_any_distribution.png,33455,9557cd293a9c6e95cc04e0a7d2d2d2510b234cb3e0cb8d4372426ffffee8ac68
Output/4155/runs/benchmark_n8_c40_fast/figures/4141_N_both_distribution.png,34569,4cb4377cbf1c7d250598b24e86b9eb4daafd303875eaf148a1e009a60d732ea1
Output/4155/runs/benchmark_n8_c40_fast/figures/4141_observation_null_pass_rates.png,43965,59af49a712a4221e7ba4a1af739e8a645c0a143d8a18863951e451cddd9f0e8c
Output/4155/runs/benchmark_n8_c40_fast/figures/4141_observed_class_vs_null_pass.png,34782,736bbaa6291fecc89fdf2889aebd6b8e3f45b88c97be95afca5721635729f8ef
Output/4155/runs/benchmark_n8_c40_fast/latest_worker_complete.json,77,be03d6e6c2ffd02239d16126689627d487163a2c51bea8a903c4a08cf753ee0d
Output/4155/runs/benchmark_n8_c40_fast/manager_status.json,366,adf9ceca3121f9f472ec3d941e15a300926dd8e15402bb6e802ac779d2160e71
Output/4155/runs/benchmark_n8_c40_fast/N_any_distribution.csv,79,226640479e4f8cde2f61b9b1d057520aa27a8a3113ecd0142e2f4dfe7d258ddb
Output/4155/runs/benchmark_n8_c40_fast/N_both_distribution.csv,55,483001ea33ba7e8416c7c99bd90b1183af7ff30b8725274d78a61737f8017d3f
Output/4155/runs/benchmark_n8_c40_fast/observation_null_pass_rates.csv,1239,fba04f75c5494a4bd831dbe1d3cbdf23e28b6fd12e30a70ea18319f36cae3e14
Output/4155/runs/benchmark_n8_c40_fast/observation_replicate_passes.csv,33931,9eb4b414ba93ed6a9a15238aa9703f465015021836647a55f7a1c2140fcccd02
Output/4155/runs/benchmark_n8_c40_fast/omnibus_replicates.csv,255,284aa832cd0662ba36588ab693841cdcba00aea6092164d92ce44b995a870f3a
Output/4155/runs/benchmark_n8_c40_fast/p_omnibus.json,598,30f86db9dab8eda028e3a536bf9c42080a5267db7f762946cdcf628aff55d5d5
Output/4155/runs/benchmark_n8_c40_fast/run_config.json,671,8fbd808c5d1b7ca454589982cfd16392db89e4ccfc6ac6a71cdaca07852fb591
Output/4155/runs/benchmark_n8_c40_fast/tables/chunk_status.csv,264,271fea2470a5ee2b8a34734897e28f590d4ae5568d148e5a6bef06f7d3c2785f
Output/4155/runs/benchmark_n8_c40_fast/tables/fast_equivalence_check.csv,854,40ad628f615aa41e54aec047183efad91dd9938d3bc2555e9e4eee0248f46dea
Output/4155/runs/benchmark_n8_c40_fast/tables/observation_null_pass_rates.csv,1239,fba04f75c5494a4bd831dbe1d3cbdf23e28b6fd12e30a70ea18319f36cae3e14
Output/4155/runs/benchmark_n8_c40_fast/tables/observation_replicate_passes.csv,33931,9eb4b414ba93ed6a9a15238aa9703f465015021836647a55f7a1c2140fcccd02
Output/4155/runs/benchmark_n8_c40_fast/tables/omnibus_replicates.csv,255,284aa832cd0662ba36588ab693841cdcba00aea6092164d92ce44b995a870f3a
Output/4155/runs/benchmark_n8_c40_interval/4155_summary.md,4389,813caa8f82ec32e1c4fe292fdd0083d45360c61f763d4f8d67f309a13412e949
Output/4155/runs/benchmark_n8_c40_interval/chunk_status.csv,266,71fc24363cd9924c91b5ca8ed7e5069b8f6e45bcd0ba35d6c2573a8129272b39
Output/4155/runs/benchmark_n8_c40_interval/chunks/chunk_0001_0002/observation_replicate_passes.csv,9064,d1aaf5a4f5bc0c30a9959d3d96bb48c4798546df7e9ec57b621daf604e3ba9c3
Output/4155/runs/benchmark_n8_c40_interval/chunks/chunk_0001_0002/omnibus_replicates.csv,138,391e22b5444d6101c4fbff95a3b36bb1fddefb452b85f1324d28ad06230deaed
Output/4155/runs/benchmark_n8_c40_interval/chunks/chunk_0001_0002/status.json,533,ded953718ce3daebc8a4c4a1655cb267cd28d8c5f169e5085a1041f19f1fe59a
Output/4155/runs/benchmark_n8_c40_interval/chunks/chunk_0001_0002/worker.log,0,e3b0c44298fc1c149afbf4c8996fb92427ae41e4649b934ca495991b7852b855
Output/4155/runs/benchmark_n8_c40_interval/chunks/chunk_0003_0004/observation_replicate_passes.csv,9039,7de44e9a34f12724280c55c26e90832759194c0260608d6cd2aad62817ec0d5c
Output/4155/runs/benchmark_n8_c40_interval/chunks/chunk_0003_0004/omnibus_replicates.csv,138,a57e3587f233c0fba0b170cdbf43f28eb6a5f4682175a5d4a24fe8a2cb3dbb58
Output/4155/runs/benchmark_n8_c40_interval/chunks/chunk_0003_0004/status.json,534,fb3dd76a354ce7654db7f3c378392979b484b085aa485e80fa9c347c99a145c4
Output/4155/runs/benchmark_n8_c40_interval/chunks/chunk_0003_0004/worker.log,0,e3b0c44298fc1c149afbf4c8996fb92427ae41e4649b934ca495991b7852b855
Output/4155/runs/benchmark_n8_c40_interval/chunks/chunk_0005_0006/observation_replicate_passes.csv,9065,488340b8b72513785605814a93cd8c1b8fb303a848e9658d94db975e7c5869b3
Output/4155/runs/benchmark_n8_c40_interval/chunks/chunk_0005_0006/omnibus_replicates.csv,136,a4bbb0b48ad5dca0f9c9b25a4ddf9e15a30723346d218febc21e859c54909638
Output/4155/runs/benchmark_n8_c40_interval/chunks/chunk_0005_0006/status.json,532,0ce796e839cfdd5d8a3b5cf936975947d62b50b56f1073073d7c77cd86c8ea90
Output/4155/runs/benchmark_n8_c40_interval/chunks/chunk_0005_0006/worker.log,0,e3b0c44298fc1c149afbf4c8996fb92427ae41e4649b934ca495991b7852b855
Output/4155/runs/benchmark_n8_c40_interval/chunks/chunk_0007_0008/observation_replicate_passes.csv,9094,c2f3688e7a02e6012e9eaf877d59a56bc1a78ff1a647696ef8275112b24f2c88
Output/4155/runs/benchmark_n8_c40_interval/chunks/chunk_0007_0008/omnibus_replicates.csv,137,bce71e4d9cb66ae90a0272f997bd388c08d421a299b7ec22a31c7558701f8afd
Output/4155/runs/benchmark_n8_c40_interval/chunks/chunk_0007_0008/status.json,534,27da4db1d2f2b392e26e6aee20d26dc5a3b4df010173ba6b83dbc296b961ead3
Output/4155/runs/benchmark_n8_c40_interval/chunks/chunk_0007_0008/worker.log,0,e3b0c44298fc1c149afbf4c8996fb92427ae41e4649b934ca495991b7852b855
Output/4155/runs/benchmark_n8_c40_interval/decision.json,1431,9fed219f2a0c8eb2fdbea657a2a38df4835275ee7c5ee5d1d90f74da65a72b8c
Output/4155/runs/benchmark_n8_c40_interval/fast_equivalence_check.csv,854,40ad628f615aa41e54aec047183efad91dd9938d3bc2555e9e4eee0248f46dea
Output/4155/runs/benchmark_n8_c40_interval/fast_equivalence_check.json,88,93e683b36e2bfee0bc56e2f96907d17a3988350712fba31ca95640c4235f2442
Output/4155/runs/benchmark_n8_c40_interval/figures/4141_N_any_distribution.png,33455,9557cd293a9c6e95cc04e0a7d2d2d2510b234cb3e0cb8d4372426ffffee8ac68
Output/4155/runs/benchmark_n8_c40_interval/figures/4141_N_both_distribution.png,34569,4cb4377cbf1c7d250598b24e86b9eb4daafd303875eaf148a1e009a60d732ea1
Output/4155/runs/benchmark_n8_c40_interval/figures/4141_observation_null_pass_rates.png,43965,59af49a712a4221e7ba4a1af739e8a645c0a143d8a18863951e451cddd9f0e8c
Output/4155/runs/benchmark_n8_c40_interval/figures/4141_observed_class_vs_null_pass.png,34782,736bbaa6291fecc89fdf2889aebd6b8e3f45b88c97be95afca5721635729f8ef
Output/4155/runs/benchmark_n8_c40_interval/latest_worker_complete.json,77,36fe3372ea03123bd225df9ca2730bbc0b1db4e2cd65ab518144d2dde07f8736
Output/4155/runs/benchmark_n8_c40_interval/manager_status.json,370,6206ebda326cce821117d4b2cd3108a5cbf97f16272bca027351e2e7dedc3bd5
Output/4155/runs/benchmark_n8_c40_interval/N_any_distribution.csv,79,226640479e4f8cde2f61b9b1d057520aa27a8a3113ecd0142e2f4dfe7d258ddb
Output/4155/runs/benchmark_n8_c40_interval/N_both_distribution.csv,55,483001ea33ba7e8416c7c99bd90b1183af7ff30b8725274d78a61737f8017d3f
Output/4155/runs/benchmark_n8_c40_interval/observation_null_pass_rates.csv,1239,fba04f75c5494a4bd831dbe1d3cbdf23e28b6fd12e30a70ea18319f36cae3e14
Output/4155/runs/benchmark_n8_c40_interval/observation_replicate_passes.csv,33931,9eb4b414ba93ed6a9a15238aa9703f465015021836647a55f7a1c2140fcccd02
Output/4155/runs/benchmark_n8_c40_interval/omnibus_replicates.csv,255,284aa832cd0662ba36588ab693841cdcba00aea6092164d92ce44b995a870f3a
Output/4155/runs/benchmark_n8_c40_interval/p_omnibus.json,598,30f86db9dab8eda028e3a536bf9c42080a5267db7f762946cdcf628aff55d5d5
Output/4155/runs/benchmark_n8_c40_interval/run_config.json,675,0f32f5414b323e128549d4c0ad2993ac7edb6b2e48b658ebaa4b6bacc191106f
Output/4155/runs/benchmark_n8_c40_interval/tables/chunk_status.csv,266,71fc24363cd9924c91b5ca8ed7e5069b8f6e45bcd0ba35d6c2573a8129272b39
Output/4155/runs/benchmark_n8_c40_interval/tables/fast_equivalence_check.csv,854,40ad628f615aa41e54aec047183efad91dd9938d3bc2555e9e4eee0248f46dea
Output/4155/runs/benchmark_n8_c40_interval/tables/observation_null_pass_rates.csv,1239,fba04f75c5494a4bd831dbe1d3cbdf23e28b6fd12e30a70ea18319f36cae3e14
Output/4155/runs/benchmark_n8_c40_interval/tables/observation_replicate_passes.csv,33931,9eb4b414ba93ed6a9a15238aa9703f465015021836647a55f7a1c2140fcccd02
Output/4155/runs/benchmark_n8_c40_interval/tables/omnibus_replicates.csv,255,284aa832cd0662ba36588ab693841cdcba00aea6092164d92ce44b995a870f3a
Output/4155/runs/highB_n1000_c40/4155_summary.md,5169,1f49d66dd35f0c557c0e4663220af24f8b3ef902b9ecec066e9a18d457239a0f
Output/4155/runs/highB_n1000_c40/chunk_status.csv,1205,4cb3f65861a87f31c0027c88efac338ea7a2f43f0c84e362c1f8da677b6cc53f
Output/4155/runs/highB_n1000_c40/chunks/chunk_0001_0050/observation_replicate_passes.csv,216143,dba7fa1491038a5788a0a7f3e8be60aa68a5ecb5b6edb20343cc4f98993e2c11
Output/4155/runs/highB_n1000_c40/chunks/chunk_0001_0050/omnibus_replicates.csv,1123,2805eb751c748d455e7d3890b4bbb1f206fa30d377f9164470377191e99b44fb
Output/4155/runs/highB_n1000_c40/chunks/chunk_0001_0050/status.json,506,ce7d02ee378a2e67088c0eabc511ffb9d563cbd08cf51c03f6bbaf678778327b
Output/4155/runs/highB_n1000_c40/chunks/chunk_0001_0050/worker.log,0,e3b0c44298fc1c149afbf4c8996fb92427ae41e4649b934ca495991b7852b855
Output/4155/runs/highB_n1000_c40/chunks/chunk_0051_0100/observation_replicate_passes.csv,216068,29d437cc4aceffccf66e6456ff141e7f11f04eb92fcef84d3867e8c38b7eefa7
Output/4155/runs/highB_n1000_c40/chunks/chunk_0051_0100/omnibus_replicates.csv,1130,e63499656008a986c85639a581aced57fdb6f9cc48e3d1bacf4caefbe3745fec
Output/4155/runs/highB_n1000_c40/chunks/chunk_0051_0100/status.json,508,59a4881639f79ae0598abddfca70741a2b08cfeb5fdba0c62bfe31e8fc75e568
Output/4155/runs/highB_n1000_c40/chunks/chunk_0051_0100/worker.log,0,e3b0c44298fc1c149afbf4c8996fb92427ae41e4649b934ca495991b7852b855
Output/4155/runs/highB_n1000_c40/chunks/chunk_0101_0150/observation_replicate_passes.csv,216837,87a5ef2d361033e1b20ea68a77647eca597477aa56851fc5d9cd74c100cd78d8
Output/4155/runs/highB_n1000_c40/chunks/chunk_0101_0150/omnibus_replicates.csv,1181,8a8b97aaa32774d4c9a3bd103860f9c50d5ffc2d866713e448a2c5a5b4429b0a
Output/4155/runs/highB_n1000_c40/chunks/chunk_0101_0150/status.json,508,50707ee8d905311804d7a493706cd55b297bb1470d563caa60f6f340eb7cfec0
Output/4155/runs/highB_n1000_c40/chunks/chunk_0101_0150/worker.log,0,e3b0c44298fc1c149afbf4c8996fb92427ae41e4649b934ca495991b7852b855
Output/4155/runs/highB_n1000_c40/chunks/chunk_0151_0200/observation_replicate_passes.csv,216969,f7f0417c23ee1c213b41de87ab72af701f4fe68e7612eb941911d04eb83e2551
Output/4155/runs/highB_n1000_c40/chunks/chunk_0151_0200/omnibus_replicates.csv,1181,800f29fe27117e8c4c8ab1423ac3a10ab88a09917b789a2e7e2a1b615a2ab32f
Output/4155/runs/highB_n1000_c40/chunks/chunk_0151_0200/status.json,509,5c45971a034ad69a641ec003d7264e9a99d4f628703e6889be48890e42aedb42
Output/4155/runs/highB_n1000_c40/chunks/chunk_0151_0200/worker.log,0,e3b0c44298fc1c149afbf4c8996fb92427ae41e4649b934ca495991b7852b855
Output/4155/runs/highB_n1000_c40/chunks/chunk_0201_0250/observation_replicate_passes.csv,217177,167788adc59ae4571a23aedd26b9fa240f8d5bf355482e4425f4e94450a301a6
Output/4155/runs/highB_n1000_c40/chunks/chunk_0201_0250/omnibus_replicates.csv,1181,6521cb98242e5e446e7503c6b3985b366751d5a521d925bb5f3c6e24664ce2b1
Output/4155/runs/highB_n1000_c40/chunks/chunk_0201_0250/status.json,509,448949b3320e989e9ca1d5a2ff03e3d3b29e071ab7dc8a34bf9b54293dc37169
Output/4155/runs/highB_n1000_c40/chunks/chunk_0201_0250/worker.log,0,e3b0c44298fc1c149afbf4c8996fb92427ae41e4649b934ca495991b7852b855
Output/4155/runs/highB_n1000_c40/chunks/chunk_0251_0300/observation_replicate_passes.csv,217013,2d4b344c59991a2d12091add8f806e5ccefd96e1aff887764ab9fcdf8fe73c41
Output/4155/runs/highB_n1000_c40/chunks/chunk_0251_0300/omnibus_replicates.csv,1181,ffb4a867756b66fe53fe6152cc5c24c7e9775b07cb8dddb7228d8b624f32de31
Output/4155/runs/highB_n1000_c40/chunks/chunk_0251_0300/status.json,509,414e76fde3c98a337a758df5191ba384c54c67d7f7d6b8812d86c60f1a1c99c4
Output/4155/runs/highB_n1000_c40/chunks/chunk_0251_0300/worker.log,0,e3b0c44298fc1c149afbf4c8996fb92427ae41e4649b934ca495991b7852b855
Output/4155/runs/highB_n1000_c40/chunks/chunk_0301_0350/observation_replicate_passes.csv,216595,c478fb31c5e8b53781d5c342bcee723854dee15e55c52f090da86a8b35466ea3
Output/4155/runs/highB_n1000_c40/chunks/chunk_0301_0350/omnibus_replicates.csv,1182,7fb0393f1b4c32b2386d9b4f1b5dcbf9cd6d1116902f33a8ab80f5b9c70ed23b
Output/4155/runs/highB_n1000_c40/chunks/chunk_0301_0350/status.json,508,d5e50239f0c81cd678b369d57de845179517cdfa0d7cd0701dc2d6e46c0f6a8c
Output/4155/runs/highB_n1000_c40/chunks/chunk_0301_0350/worker.log,0,e3b0c44298fc1c149afbf4c8996fb92427ae41e4649b934ca495991b7852b855
Output/4155/runs/highB_n1000_c40/chunks/chunk_0351_0400/observation_replicate_passes.csv,216759,1d99c2d312c0154a14551d4154cb6753ad6694558ee75f3cb6a780e2a26653e1
Output/4155/runs/highB_n1000_c40/chunks/chunk_0351_0400/omnibus_replicates.csv,1173,16904bf5e63430e4820483b867a6b84d9ef4c1ca4ce7d75356cfe7f2c4fb461c
Output/4155/runs/highB_n1000_c40/chunks/chunk_0351_0400/status.json,509,e836b736c5c29d6ec96be1744d1c4a96a92cb3280aacf5a60459175a89d1faea
Output/4155/runs/highB_n1000_c40/chunks/chunk_0351_0400/worker.log,0,e3b0c44298fc1c149afbf4c8996fb92427ae41e4649b934ca495991b7852b855
Output/4155/runs/highB_n1000_c40/chunks/chunk_0401_0450/observation_replicate_passes.csv,216798,eeb1d80cacb13ecf5e6b1d7df28c9cd00fd831186f3c25b1479bcff47d7936bf
Output/4155/runs/highB_n1000_c40/chunks/chunk_0401_0450/omnibus_replicates.csv,1183,d7d1d4a14c227ae5a7bbc4b0b3f88ee5c27ec6bafd29db29b695d7130e984ea6
Output/4155/runs/highB_n1000_c40/chunks/chunk_0401_0450/status.json,509,388f70ddbd9972868aeb14e02aa6e65ef4b1189a47060bf58881eccf077e0766
Output/4155/runs/highB_n1000_c40/chunks/chunk_0401_0450/worker.log,0,e3b0c44298fc1c149afbf4c8996fb92427ae41e4649b934ca495991b7852b855
Output/4155/runs/highB_n1000_c40/chunks/chunk_0451_0500/observation_replicate_passes.csv,217196,09b8890ed31b2461f7ae566d5d79629b64320f4211291f3226242b213fe5d803
Output/4155/runs/highB_n1000_c40/chunks/chunk_0451_0500/omnibus_replicates.csv,1172,43d06c8f6bb4cd182f4e3fb50f022ad37a4afa29a1646c30d80a86fad31a33a6
Output/4155/runs/highB_n1000_c40/chunks/chunk_0451_0500/status.json,509,9488cf50655b8515513133fe43d605b9852608c1b8d3483c4a68f97fd2219422
Output/4155/runs/highB_n1000_c40/chunks/chunk_0451_0500/worker.log,0,e3b0c44298fc1c149afbf4c8996fb92427ae41e4649b934ca495991b7852b855
Output/4155/runs/highB_n1000_c40/chunks/chunk_0501_0550/observation_replicate_passes.csv,217203,1fce419bc4424af33d46a0ccd8aa49a4934661f70b84f84d34f9de59e7197798
Output/4155/runs/highB_n1000_c40/chunks/chunk_0501_0550/omnibus_replicates.csv,1178,16fd913f96b67f4e67f42cdd80e80f58ceaf45857b1cb61238a64d91eb539e28
Output/4155/runs/highB_n1000_c40/chunks/chunk_0501_0550/status.json,509,4557ee7e2c3adaad81255bdd904abf3ab76ea3beb939c05f1474c6a71ac06059
Output/4155/runs/highB_n1000_c40/chunks/chunk_0501_0550/worker.log,0,e3b0c44298fc1c149afbf4c8996fb92427ae41e4649b934ca495991b7852b855
Output/4155/runs/highB_n1000_c40/chunks/chunk_0551_0600/observation_replicate_passes.csv,216680,733e31ee3417cbc30e67e297a1e3be04c5b4d90db02221ed231ff8f9f5ce98c7
Output/4155/runs/highB_n1000_c40/chunks/chunk_0551_0600/omnibus_replicates.csv,1183,82e71b857afdc3cf1615434d582fd450c11dcea0a66b953e6ddf8e7cfe46fa05
Output/4155/runs/highB_n1000_c40/chunks/chunk_0551_0600/status.json,509,97fb01d66379179000b7ca4beca680c7bdc4929d33799a184e26274227f2ce87
Output/4155/runs/highB_n1000_c40/chunks/chunk_0551_0600/worker.log,0,e3b0c44298fc1c149afbf4c8996fb92427ae41e4649b934ca495991b7852b855
Output/4155/runs/highB_n1000_c40/chunks/chunk_0601_0650/observation_replicate_passes.csv,216894,53892036c072f19e097d66208948c627bf51612fb6ad0653195d6855a1c414a7
Output/4155/runs/highB_n1000_c40/chunks/chunk_0601_0650/omnibus_replicates.csv,1181,c3ee3f92ca6b560a7281a0dc259d02b77baad2164a606264ea14b51c5cc9d43b
Output/4155/runs/highB_n1000_c40/chunks/chunk_0601_0650/status.json,509,e801ca299b86f6f6efa8b87f5d2edec716128d16ddb51b81b1de9f3337e05a5d
Output/4155/runs/highB_n1000_c40/chunks/chunk_0601_0650/worker.log,0,e3b0c44298fc1c149afbf4c8996fb92427ae41e4649b934ca495991b7852b855
Output/4155/runs/highB_n1000_c40/chunks/chunk_0651_0700/observation_replicate_passes.csv,217221,19f613c1ae7b981653b7b1468c7f72b7e5d5bce5272c63ce411b84fb932230d1
Output/4155/runs/highB_n1000_c40/chunks/chunk_0651_0700/omnibus_replicates.csv,1178,dff629dbb7d16d0af1d2d3a2213a9c31b6b3ca6ca5d3a9ff6ff11e9032a724a7
Output/4155/runs/highB_n1000_c40/chunks/chunk_0651_0700/status.json,508,70eb6d7e5dce9553c4b8a41e4a2f26ee32d87d46d7733704c4eb5ef148c1fffe
Output/4155/runs/highB_n1000_c40/chunks/chunk_0651_0700/worker.log,0,e3b0c44298fc1c149afbf4c8996fb92427ae41e4649b934ca495991b7852b855
Output/4155/runs/highB_n1000_c40/chunks/chunk_0701_0750/observation_replicate_passes.csv,216942,52b2f1309bed34efaaedd201903eb61be28d0c027c7c36234e36cc2a34711bbe
Output/4155/runs/highB_n1000_c40/chunks/chunk_0701_0750/omnibus_replicates.csv,1179,96a10817e8d1cc2dc307d18a90694b0863d33bacaebe38bd7ae3e718f5991ce5
Output/4155/runs/highB_n1000_c40/chunks/chunk_0701_0750/status.json,509,aa8b45ba73afe484183419e4dcd46ec24c6185d99f774468f81ef1042525e3a5
Output/4155/runs/highB_n1000_c40/chunks/chunk_0701_0750/worker.log,0,e3b0c44298fc1c149afbf4c8996fb92427ae41e4649b934ca495991b7852b855
Output/4155/runs/highB_n1000_c40/chunks/chunk_0751_0800/observation_replicate_passes.csv,217262,124945007afe20142bfa87dd8bb6188b21fa1852f059d9834f28d04d2f47134f
Output/4155/runs/highB_n1000_c40/chunks/chunk_0751_0800/omnibus_replicates.csv,1174,71a78ef5f68624a813a82d0a5f261ff93b98f6388ef739a28175bba2b07bb442
Output/4155/runs/highB_n1000_c40/chunks/chunk_0751_0800/status.json,509,abd6380af78c2910c9e293e949609f6dd0860d210bc1bdd5bb4dfb757ab49c8f
Output/4155/runs/highB_n1000_c40/chunks/chunk_0751_0800/worker.log,0,e3b0c44298fc1c149afbf4c8996fb92427ae41e4649b934ca495991b7852b855
Output/4155/runs/highB_n1000_c40/chunks/chunk_0801_0850/observation_replicate_passes.csv,216870,04d2aae432c94edd63381e8ee6adaf8ab901aca80f65494dd45738a48baf4cc1
Output/4155/runs/highB_n1000_c40/chunks/chunk_0801_0850/omnibus_replicates.csv,1183,93a184700a5ad84d449198f6b0743bf73b0aaa38a6c92444e53695bc89eb0700
Output/4155/runs/highB_n1000_c40/chunks/chunk_0801_0850/status.json,509,163bf1887cafed2f4199cbca5d29b834d88e237dcff611e6b31808422b966252
Output/4155/runs/highB_n1000_c40/chunks/chunk_0801_0850/worker.log,0,e3b0c44298fc1c149afbf4c8996fb92427ae41e4649b934ca495991b7852b855
Output/4155/runs/highB_n1000_c40/chunks/chunk_0851_0900/observation_replicate_passes.csv,216840,6d118f10a5f52eadad0cd237fba42511067dc1d5ecce96f0f650f9a559e30532
Output/4155/runs/highB_n1000_c40/chunks/chunk_0851_0900/omnibus_replicates.csv,1180,9624c3aaf3236e19bd13043cb052f03ef5e28687640b80c409cbf52d9ebb660d
Output/4155/runs/highB_n1000_c40/chunks/chunk_0851_0900/status.json,508,4c6a0301293c9d4b9b6b8b8705edb407692c78410c38730347be952d6880fb7f
Output/4155/runs/highB_n1000_c40/chunks/chunk_0851_0900/worker.log,0,e3b0c44298fc1c149afbf4c8996fb92427ae41e4649b934ca495991b7852b855
Output/4155/runs/highB_n1000_c40/chunks/chunk_0901_0950/observation_replicate_passes.csv,217135,2eab8f6e67002c01b681db3087599ecb670930d306698c6ab62bc9bc432df7a8
Output/4155/runs/highB_n1000_c40/chunks/chunk_0901_0950/omnibus_replicates.csv,1182,f766dc7025d5ebffaf03a47c8d920acbfee5963f0cdcb3d1a63d93cbab277977
Output/4155/runs/highB_n1000_c40/chunks/chunk_0901_0950/status.json,508,dc28bd7b0a7b495a148ec1c3eb8ead40c5700ba95b14e55b20af0452997518f2
Output/4155/runs/highB_n1000_c40/chunks/chunk_0901_0950/worker.log,0,e3b0c44298fc1c149afbf4c8996fb92427ae41e4649b934ca495991b7852b855
Output/4155/runs/highB_n1000_c40/chunks/chunk_0951_1000/observation_replicate_passes.csv,217344,506f9a23781e15cf9662a8dde791d3b372db0223a73c346c67315b5b45180a8a
Output/4155/runs/highB_n1000_c40/chunks/chunk_0951_1000/omnibus_replicates.csv,1178,5b8c483a2f763b0f9212d095434e25939c67866266f61521648b18e88fcca112
Output/4155/runs/highB_n1000_c40/chunks/chunk_0951_1000/status.json,510,0abc00f91597bbc0e9c7925276730525c3f3f6099a4c7fde11d5cd82aac7f525
Output/4155/runs/highB_n1000_c40/chunks/chunk_0951_1000/worker.log,0,e3b0c44298fc1c149afbf4c8996fb92427ae41e4649b934ca495991b7852b855
Output/4155/runs/highB_n1000_c40/decision.json,1297,14c0687773103314e8913c7494a447d011958eaed4f93b3c2175bbcc04af2533
Output/4155/runs/highB_n1000_c40/fast_equivalence_check.csv,854,40ad628f615aa41e54aec047183efad91dd9938d3bc2555e9e4eee0248f46dea
Output/4155/runs/highB_n1000_c40/fast_equivalence_check.json,88,93e683b36e2bfee0bc56e2f96907d17a3988350712fba31ca95640c4235f2442
Output/4155/runs/highB_n1000_c40/figures/4141_N_any_distribution.png,36992,96828c4a7494cafd15e5203da70b5dceeb626064be632486c8f5dce7252f516b
Output/4155/runs/highB_n1000_c40/figures/4141_N_both_distribution.png,34287,d60bff6aca701fbd78e3f3a6a4c7d3221ed1c5f3663e82aed4652428f713a3da
Output/4155/runs/highB_n1000_c40/figures/4141_observation_null_pass_rates.png,43319,77b2fae06363dc8592885b2d94b2f9183ef4f02b808b40f2287c6f9eba9a3bcb
Output/4155/runs/highB_n1000_c40/figures/4141_observed_class_vs_null_pass.png,34859,80e35e8f2e07c53f653fc893bcfc6ebdeb71aba0118e02bbdc5236630337f9f8
Output/4155/runs/highB_n1000_c40/latest_worker_complete.json,77,e79dcf8354909bc62c4cd0f190e69b5a53a71ebb461169f1ef136aca2434b6eb
Output/4155/runs/highB_n1000_c40/manager_status.json,347,5f44e1a662939e5958b92faa25ebfb90044c2caf8f388be1697ad8b47acce299
Output/4155/runs/highB_n1000_c40/manager_stderr.log,0,e3b0c44298fc1c149afbf4c8996fb92427ae41e4649b934ca495991b7852b855
Output/4155/runs/highB_n1000_c40/manager_stdout.log,1297,14c0687773103314e8913c7494a447d011958eaed4f93b3c2175bbcc04af2533
Output/4155/runs/highB_n1000_c40/N_any_distribution.csv,210,c52cb0ffce4066896c22e80ac0cb86b732b045bcdf83024b2063a5351c0637a8
Output/4155/runs/highB_n1000_c40/N_both_distribution.csv,170,7bea08a02ab3ded2d23bad3d041e686045807cced3259f771424ef0aaa6a8f79
Output/4155/runs/highB_n1000_c40/observation_null_pass_rates.csv,1346,95782a83e13e99f4f34c356d1578c22dc1213522c467e5061b54d4a37c9064d8
Output/4155/runs/highB_n1000_c40/observation_replicate_passes.csv,4210754,cef17e62e4e86690fb3f7ca170259b5cd24a9f85dd923bbdb1b138b3808d2ff9
Output/4155/runs/highB_n1000_c40/omnibus_replicates.csv,21621,52fb41379943fca6989f80085cccf79493728ae05ae580ee464391068b39b0aa
Output/4155/runs/highB_n1000_c40/p_omnibus.json,589,69dfddef658eb12ab4dcf7f079e6d42e8244a7499c9cd2ae6bb72d023fffc529
Output/4155/runs/highB_n1000_c40/run_config.json,672,b8e9ccd3e2f07c35dca5c6ab2d9e7805aedf1b3ad1791fa6aa775fb65fdc9806
Output/4155/runs/highB_n1000_c40/tables/chunk_status.csv,1205,4cb3f65861a87f31c0027c88efac338ea7a2f43f0c84e362c1f8da677b6cc53f
Output/4155/runs/highB_n1000_c40/tables/fast_equivalence_check.csv,854,40ad628f615aa41e54aec047183efad91dd9938d3bc2555e9e4eee0248f46dea
Output/4155/runs/highB_n1000_c40/tables/observation_null_pass_rates.csv,1346,95782a83e13e99f4f34c356d1578c22dc1213522c467e5061b54d4a37c9064d8
Output/4155/runs/highB_n1000_c40/tables/observation_replicate_passes.csv,4210754,cef17e62e4e86690fb3f7ca170259b5cd24a9f85dd923bbdb1b138b3808d2ff9
Output/4155/runs/highB_n1000_c40/tables/omnibus_replicates.csv,21621,52fb41379943fca6989f80085cccf79493728ae05ae580ee464391068b39b0aa
Output/4155/runs/smoke_n8_c4/4155_summary.md,4258,3d6a621942a0895ab938ac15373abd777125e9f6da32ffd559fe0b979726952d
Output/4155/runs/smoke_n8_c4/chunk_status.csv,267,9e2ce0ccaaa4fbfebeba71b2db9c4e0065081f8ddfdf3620bbff6eff90872595
Output/4155/runs/smoke_n8_c4/chunks/chunk_0001_0002/observation_replicate_passes.csv,9053,17ded741721d1ea00441bd2faccfa74412409020ac78775398ae4e7c8203f818
Output/4155/runs/smoke_n8_c4/chunks/chunk_0001_0002/omnibus_replicates.csv,137,f53ca599fd92fa7f74eb3f42061f4beb25a3b64fc26dc3a4c4ccbfb37f2a2a51
Output/4155/runs/smoke_n8_c4/chunks/chunk_0001_0002/status.json,491,59203cee836474bef52333e4edf92f951e62cef6014d2d6dc3550a872e644a73
Output/4155/runs/smoke_n8_c4/chunks/chunk_0001_0002/worker.log,0,e3b0c44298fc1c149afbf4c8996fb92427ae41e4649b934ca495991b7852b855
Output/4155/runs/smoke_n8_c4/chunks/chunk_0003_0004/observation_replicate_passes.csv,9000,b259adac4c6a048e8300f78dfc62773d528a31a5ac9fb83d3959a3261e700050
Output/4155/runs/smoke_n8_c4/chunks/chunk_0003_0004/omnibus_replicates.csv,138,fbaed2f1562330a9603c88481052218cc5eec99fc53cbcefb9ae0e395b7f18aa
Output/4155/runs/smoke_n8_c4/chunks/chunk_0003_0004/status.json,491,a8151e2eda0fb06203c7093d8140902b630e41c6e16e090c0ba456ef72aad124
Output/4155/runs/smoke_n8_c4/chunks/chunk_0003_0004/worker.log,0,e3b0c44298fc1c149afbf4c8996fb92427ae41e4649b934ca495991b7852b855
Output/4155/runs/smoke_n8_c4/chunks/chunk_0005_0006/observation_replicate_passes.csv,8980,ea173884ae72356d370504527fa82ffc2b1105d4388a3654efed88888da251d2
Output/4155/runs/smoke_n8_c4/chunks/chunk_0005_0006/omnibus_replicates.csv,138,4998020a59ae37e835d599448af065e2b414973338bbaf6f512548ffd0f2bd02
Output/4155/runs/smoke_n8_c4/chunks/chunk_0005_0006/status.json,492,228ac3ecf77108a48f46984709d68313fdc46ecd611e2f45714386e533622d48
Output/4155/runs/smoke_n8_c4/chunks/chunk_0005_0006/worker.log,0,e3b0c44298fc1c149afbf4c8996fb92427ae41e4649b934ca495991b7852b855
Output/4155/runs/smoke_n8_c4/chunks/chunk_0007_0008/observation_replicate_passes.csv,8969,dcad5a4c15810c91c18360d0dac2da7387656dbc4788b9cccf4984abecbd2fad
Output/4155/runs/smoke_n8_c4/chunks/chunk_0007_0008/omnibus_replicates.csv,136,a93a2b92051540f304ac424961597f7d8e0bf12ae77652e282b7eb3d6704522d
Output/4155/runs/smoke_n8_c4/chunks/chunk_0007_0008/status.json,492,925375bfc9065014013e1abaca08e5a8b612489836fdd098fd010dcf830d62f7
Output/4155/runs/smoke_n8_c4/chunks/chunk_0007_0008/worker.log,0,e3b0c44298fc1c149afbf4c8996fb92427ae41e4649b934ca495991b7852b855
Output/4155/runs/smoke_n8_c4/decision.json,1414,cf35499cf2b0dc7990eccbc12c0ee8c64021f7f647faaa76cbb366ba0c914972
Output/4155/runs/smoke_n8_c4/fast_equivalence_check.csv,854,40ad628f615aa41e54aec047183efad91dd9938d3bc2555e9e4eee0248f46dea
Output/4155/runs/smoke_n8_c4/fast_equivalence_check.json,88,93e683b36e2bfee0bc56e2f96907d17a3988350712fba31ca95640c4235f2442
Output/4155/runs/smoke_n8_c4/figures/4141_N_any_distribution.png,38177,d163cbfe56b0abb7bf4755000544592d5d753f60ff3232f768d22f653c88183f
Output/4155/runs/smoke_n8_c4/figures/4141_N_both_distribution.png,34918,0ee31fadf947c6907396780fa71492edc79ab083a0e878d1edbdffbb49704394
Output/4155/runs/smoke_n8_c4/figures/4141_observation_null_pass_rates.png,43991,834d87a62ad83376e95a9bb47b6bb87813f5e75e2409101dc45eccb96374d9ae
Output/4155/runs/smoke_n8_c4/figures/4141_observed_class_vs_null_pass.png,32770,b0cf230837158ab7054b18127db6895859b2a6b01e20a3ec97107f41da826b35
Output/4155/runs/smoke_n8_c4/latest_worker_complete.json,77,c92346066be9f91f747f8f40c3d1a03c5b07ea995b8bdd87dfe7adb54f23e7a8
Output/4155/runs/smoke_n8_c4/manager_status.json,356,fb7f6a5dcb755b188caa62059e2faa6f69ccab522d87a9fe6d2fa1467aac0729
Output/4155/runs/smoke_n8_c4/N_any_distribution.csv,77,80ea8a259a2fc01dc68ff362dd6f598b55b00800db1645b0e78f36d7ce89dfeb
Output/4155/runs/smoke_n8_c4/N_both_distribution.csv,67,0d2fc291d86e2c4da8f9c9c49d7a1277f04f1c9065704494d8520883eb8a8fc7
Output/4155/runs/smoke_n8_c4/observation_null_pass_rates.csv,1248,77f476860dc4fd267c6d0f97064ab279e5ef3f9076a17e719026fcff2b883a4f
Output/4155/runs/smoke_n8_c4/observation_replicate_passes.csv,33705,d5a17903a5000dc23eb99c6e54bd37c3216331c99fac9bdf8c3937465b8948d5
Output/4155/runs/smoke_n8_c4/omnibus_replicates.csv,255,1d59ac21672d8e9a73aa4e25d5ff988ed9efcf3ac5a70398cdded4f94d63014c
Output/4155/runs/smoke_n8_c4/p_omnibus.json,596,e71f5a6f16a5c115b70af297425d8fb89e067fa1133e6cac93ce0c0c116fe83f
Output/4155/runs/smoke_n8_c4/run_config.json,660,2c1ddad8f0ede47aa6d183d1c123120eb3d8b6e73ce5aa82367b204f91fbbff9
Output/4155/runs/smoke_n8_c4/tables/chunk_status.csv,267,9e2ce0ccaaa4fbfebeba71b2db9c4e0065081f8ddfdf3620bbff6eff90872595
Output/4155/runs/smoke_n8_c4/tables/fast_equivalence_check.csv,854,40ad628f615aa41e54aec047183efad91dd9938d3bc2555e9e4eee0248f46dea
Output/4155/runs/smoke_n8_c4/tables/observation_null_pass_rates.csv,1248,77f476860dc4fd267c6d0f97064ab279e5ef3f9076a17e719026fcff2b883a4f
Output/4155/runs/smoke_n8_c4/tables/observation_replicate_passes.csv,33705,d5a17903a5000dc23eb99c6e54bd37c3216331c99fac9bdf8c3937465b8948d5
Output/4155/runs/smoke_n8_c4/tables/omnibus_replicates.csv,255,1d59ac21672d8e9a73aa4e25d5ff988ed9efcf3ac5a70398cdded4f94d63014c
Output/4155/tables/chunk_status.csv,1205,4cb3f65861a87f31c0027c88efac338ea7a2f43f0c84e362c1f8da677b6cc53f
Output/4155/tables/N_any_distribution.csv,210,c52cb0ffce4066896c22e80ac0cb86b732b045bcdf83024b2063a5351c0637a8
Output/4155/tables/N_both_distribution.csv,170,7bea08a02ab3ded2d23bad3d041e686045807cced3259f771424ef0aaa6a8f79
Output/4155/tables/observation_null_pass_rates.csv,1346,95782a83e13e99f4f34c356d1578c22dc1213522c467e5061b54d4a37c9064d8
Output/4155/tables/omnibus_replicates.csv,21621,52fb41379943fca6989f80085cccf79493728ae05ae580ee464391068b39b0aa
Output/4156/4156_summary.md,3061,0f5c21453f0c81a032cf2b3d0fd9d42fd65de3c27946d4be1ddc634225b0dab2
Output/4156/code_data_availability_statement.md,1114,d0eedaa3a487c7bb6539abefa6a6d5b452db55b73b85334ff0c10931df4634f2
Output/4156/compile_log_audit.csv,197,6818b274584693edd5c8a1be8a82b40f44f1f51d29d3f253f3fd9d685d28af01
Output/4156/decision.json,1452,efe6e90e73b816932f0b81cd25b79f9cdec0e6623c551fdc828be7681a5f4055
Output/4156/manuscript_highB_update_audit.csv,1270,45de67007f8885abfa4eaff9173c2193cd17f2a02f4060307e5a46fdb7db0072
Output/4156/mypaper2_4156_submission_package.zip,516593,7d10634057d4760ebab5c17d87b39a3d1951e41a40a6b028bf57285b54469fcf
Output/4156/package/4156_summary.md,3061,0f5c21453f0c81a032cf2b3d0fd9d42fd65de3c27946d4be1ddc634225b0dab2
Output/4156/package/active_latex/00_abstract.tex,2339,e479adc333e7de89de52407d6fc8da7c05dd603dd92a3820d391719849d2cbaf
Output/4156/package/active_latex/01_introduction_v2.tex,8093,a785364b110146ad7e61e0db9648ddeaac26965af178bbd13ee0ec920bd36e71
Output/4156/package/active_latex/02_data_v2.tex,113,89c9728a862f67cfce616064221e6f34d3f712c6430776072a0ad257866b8901
Output/4156/package/active_latex/03_methods_v2.tex,485,3c6e285e42bc9406685cc7e092870d452e07f98c1ae7b9359e75ab1d37d07a7a
Output/4156/package/active_latex/04_results_v2.tex,784,24f4959661cb2a8fc5789aa311e78e3966742242ed545dbd43ebb304e9070468
Output/4156/package/active_latex/05_discussion_conclusion_v2.tex,216,87137f82b4fb82dc64d50949f770424be041eec69ab9c895e8c2c619d7012eb8
Output/4156/package/active_latex/bibitems.tex,2795,8bf5a4e7aded9a2301994b90c546346522a7b938a466f73585c1e6e94f2d8d5d
Output/4156/package/active_latex/figures/Fig1_final.pdf,21052,a7b548220272ca8ad690d701744252e6a9257aa459d8a78af717685844dc4ac0
Output/4156/package/active_latex/figures/Fig2_final.pdf,16847,01c582d7c0d08d224f99da155d5e2bb5eca7069b683bdbecfab911fd05d9c149
Output/4156/package/active_latex/figures/Fig3_final.pdf,17061,695c48c7d9c7e16b871a559aa14f44936d4e6131df71913b6f450d7ab0b19653
Output/4156/package/active_latex/figures/Fig4_final.pdf,26298,eb27729a08e18332b86221c48e97c2fe5c5e32cd5053c09649c298be52fb3834
Output/4156/package/active_latex/figures/Fig5_final.pdf,28400,70546b6dadb0e109569f0dfe9bcf50996e91879ec92860a9f82c54750e7feb0a
Output/4156/package/active_latex/main_final.tex,759,9c2d23fc5b04f57408bcc05e3544e06a5fe30545b1851aef64c74469b86fd5ce
Output/4156/package/active_latex/Part2/02_data_t1_observable.tex,1062,7d19adcf6cea1b92b1c1fdb437fd6e4ac6f534745d02e22f0a20242c4a643d7f
Output/4156/package/active_latex/Part2/02_data_t1_observable_v2.tex,3931,c902840c0207dba3dce1a210d7b4955c9e6b58c789e6e6c6b68de171ef23c97a
Output/4156/package/active_latex/Part2/02_data_trajectory_dataset.tex,1533,7b86ce2911d37af2bac515a8975bceeafc22171681a21c27f12a3dfcbfb37ebe
Output/4156/package/active_latex/Part3/03_methods_affine_reduction_and_controls.tex,1384,b0b277024f6273ddc83c900257f657127c4528ed7d41f372a5a3f4b32aac86c6
Output/4156/package/active_latex/Part3/03_methods_affine_reduction_and_controls_v2.tex,5011,3323d939d35b9010dc6e1e7dd5813f8372467525050aee13bd35b974157a0f0d
Output/4156/package/active_latex/Part3/03_methods_reduction_boundary_tests.tex,1848,480cb11bf5581b84b29e732ef0b2d5e65688b6ccfaf9bf60d6a1bd0985f037dd
Output/4156/package/active_latex/Part3/03_methods_reduction_boundary_tests_v2.tex,2811,d1505fbcf6bb754ca1537aaf5e472253fdd6452300910f5ee68506f6e5ac5fac
Output/4156/package/active_latex/Part4/04_results_diffuse_phenotype_v2.tex,2191,07e8ede0dbdc00141c7e333cbeb84a62c3ad5d710ad7205016577ce3fc9746c5
Output/4156/package/active_latex/Part4/04_results_empirical_boundary_v2.tex,3557,a2b059ce8fb512cd53c4bdaed236f40f91d1578aa59fb9f167272d6a018aa6e0
Output/4156/package/active_latex/Part4/04_results_failed_reductions_v2.tex,1581,3d7bcc2b2a88c5b059265ada1ccc01f056e9f0a4b5af64bdc26fa56fac7eb902
Output/4156/package/active_latex/Part4/04_results_observation_heterogeneity.tex,2754,4d847f8705f9264d72277ba9e835a9752ab0a8f99916e88aa8b0a19c4246ec9b
Output/4156/package/active_latex/Part4/04_results_reduction_boundaries.tex,1888,c2f6e335098930d32f386e8960ccd5cefa188c7f65aa7c9eacb867ab6338cfb9
Output/4156/package/active_latex/Part4/04_results_scale_lag_robustness_v2.tex,672,68d672f455045e4dc2d4c26dde1d54e3b508069664729e4393d6ad44f3a1fa81
Output/4156/package/active_latex/Part4/04_results_spatial_timing.tex,1215,d85b4d1a7f996aff8d17146c916ec9031cc72b0d7e8b8c9e833cb8d6e8e420af
Output/4156/package/active_latex/Part4/04_results_t1_survival.tex,1187,e8bf9a44aed6865d9435abaa62efc957236656c03c7a62354a64fd58775b270d
Output/4156/package/active_latex/Part4/04_results_t1_survival_v2.tex,2612,78399e624ab550d188323815a7085cf55a53a09ac640869db48d4756718e5adb
Output/4156/package/active_latex/Part5/05_conclusion_v2.tex,756,33680f7efa658552b33b77e0d19c82a515ec4c03d655de28f4efa3bc148b77fd
Output/4156/package/active_latex/Part5/05_discussion_context_transfer_v2.tex,1747,6782c83e53433ece9ca8be2c9cd90bf20506d61c744ad15cca646707c014eded
Output/4156/package/active_latex/Part5/05_discussion_future_work.tex,726,9928193a9b5239a542119e84e94937bb3f061dac91985b1dda904a8c6602bc89
Output/4156/package/active_latex/Part5/05_discussion_interpretive_value_v2.tex,1267,84137a8ec40e03978b46cdcbbf6e4851b066f55fae1d200b5bdf4959abe95376
Output/4156/package/active_latex/Part5/05_discussion_limitations.tex,1018,e27f63075f8bfce0ab06e37e986d0b7d820a398e094d8ea97b6613a0a2a12f13
Output/4156/package/active_latex/Part5/05_discussion_limitations_future_v2.tex,2646,89c550b6555d4b6df524cffed817340ccff3546e6690b2886e19caee7976110b
Output/4156/package/active_latex/Part5/05_discussion_main_contribution.tex,1399,9afd6774be9e3b6ff6caa69deeb601785f1267e86cfbdebf147e835c4572dec3
Output/4156/package/bibitems.tex,2795,8bf5a4e7aded9a2301994b90c546346522a7b938a466f73585c1e6e94f2d8d5d
Output/4156/package/code_data_availability_statement.md,1114,d0eedaa3a487c7bb6539abefa6a6d5b452db55b73b85334ff0c10931df4634f2
Output/4156/package/compile_log_audit.csv,197,6818b274584693edd5c8a1be8a82b40f44f1f51d29d3f253f3fd9d685d28af01
Output/4156/package/decision.json,1452,efe6e90e73b816932f0b81cd25b79f9cdec0e6623c551fdc828be7681a5f4055
Output/4156/package/highB_evidence_4155/4155_summary.md,5169,1f49d66dd35f0c557c0e4663220af24f8b3ef902b9ecec066e9a18d457239a0f
Output/4156/package/highB_evidence_4155/chunk_status.csv,1205,4cb3f65861a87f31c0027c88efac338ea7a2f43f0c84e362c1f8da677b6cc53f
Output/4156/package/highB_evidence_4155/decision.json,1297,14c0687773103314e8913c7494a447d011958eaed4f93b3c2175bbcc04af2533
Output/4156/package/highB_evidence_4155/N_any_distribution.csv,210,c52cb0ffce4066896c22e80ac0cb86b732b045bcdf83024b2063a5351c0637a8
Output/4156/package/highB_evidence_4155/N_both_distribution.csv,170,7bea08a02ab3ded2d23bad3d041e686045807cced3259f771424ef0aaa6a8f79
Output/4156/package/highB_evidence_4155/observation_null_pass_rates.csv,1346,95782a83e13e99f4f34c356d1578c22dc1213522c467e5061b54d4a37c9064d8
Output/4156/package/highB_evidence_4155/p_omnibus.json,589,69dfddef658eb12ab4dcf7f079e6d42e8244a7499c9cd2ae6bb72d023fffc529
Output/4156/package/main_final.log,19400,7dcb33e7fc37e657ca07bf6ea4161661e41f41fa242cbd20b44d24f5fa84e162
Output/4156/package/main_final.pdf,395114,3ed0be24659f3e2a165cd13fd3f087ccba7883e2f28c389a152c8be2049a3f97
Output/4156/package/main_final.tex,759,9c2d23fc5b04f57408bcc05e3544e06a5fe30545b1851aef64c74469b86fd5ce
Output/4156/package/manuscript_highB_update_audit.csv,1270,45de67007f8885abfa4eaff9173c2193cd17f2a02f4060307e5a46fdb7db0072
Output/4156/package/submission_package_manifest.csv,7030,76d7bb331933874cf5a3ca3660f8b66ac5c7de1d8866a5b13622d0a5005ae163
Output/4156/package/Supplement_submission.md,9285,2adf82f582f3756cd4671de21c66e9789cdc0c9dac2fec83422f43347a018fc3
Output/4156/submission_package_manifest.csv,7030,76d7bb331933874cf5a3ca3660f8b66ac5c7de1d8866a5b13622d0a5005ae163
Output/4156/tables/compile_log_audit.csv,197,6818b274584693edd5c8a1be8a82b40f44f1f51d29d3f253f3fd9d685d28af01
Output/4156/tables/manuscript_highB_update_audit.csv,1270,45de67007f8885abfa4eaff9173c2193cd17f2a02f4060307e5a46fdb7db0072
Output/4156/tables/submission_package_manifest.csv,7030,76d7bb331933874cf5a3ca3660f8b66ac5c7de1d8866a5b13622d0a5005ae163
Output/4157/4157_summary.md,2698,dc5c1f44db26c30e129324b5c98d52f7da61812f7465b368c2c3b0d817bf9752
Output/4157/code_data_availability_statement.md,655,b2134755c69239c193d0c63f7305b03a0c63df7be69cfdcd30b4c00f3d190227
Output/4157/compile_log_audit.csv,186,0bc5876cb3f04ffd508573c9e55493c745b30ebb8c47d77dcb4722ca2ec86678
Output/4157/compile_log_audit.json,257,c1cbb8afbeba3bbba63acafed77260a11f52353e672ab6caf2820bacf74937f0
Output/4157/decision.json,1458,8ef20d7f62c58138acd157177c0cef51d2118e6aac03b7d890adce429f66e47f
README.md,3786,a24ad3cf6e3da8101742e00322ce56b922c1fa9a6713b396e908518bb1cb8cf9
RELEASE_MANIFEST.csv,164303,d4850807627ec26f8a01dc38fba936ccc0160d17c765c1301be95cb05ef21696
REPRODUCIBILITY.md,4279,dcac6ded1ce3080bafdafb24e884eaba8fd2319eb1ed3fa4d2decbac5e7f3ac3
requirements.txt,56,f1ff2b901a5a0abaa9a0130b2781182beab7b53aabfdbb6f693ade76fb38dfc5
Status/CURRENT.md,47052,9db7e6ff841bd48731310a60f8541d2340c1ee7378a1059a3f61c6a3eb615943
Status/history/2026-09-02_4154_submission_package_freeze.md,1604,45c49e7ed2271eb9485655c41fd7e143dbe23c0bc2d713dddee51a1d9e76627c
Status/history/2026-09-02_4155_parallel_highB_omnibus_null.md,1948,c48f4ead2caed0c36ba85d8a2892f5f8d33a8b6d28bd934fd50d36dd2431e444
Status/history/2026-09-02_4156_highB_manuscript_integration_and_refreeze.md,2472,8ca44d14354b5708e97bab6c5f53ef296148b5467e60095fb1a8a2ef3a44a6f2
Status/history/2026-09-04_4157_repository_availability_manuscript_polish.md,2304,b8ff6e1699de15103d68fd54cfcefa1f5df98f421ad259184e49eb6621de985f
Supplement/README.md,1523,591fd082266d60e3948109967c8ef88d37349559818ccbb5caa2c8dd679fb919
Supplement/S1_omnibus.md,2998,08f212f29724834d85214aa4739a6da7785052d55272bc8a909e7e78275d4d77
Supplement/S2_detrending.md,2252,f9cdc1b036907f809d161ec08dfcffed637adca5b0e456db2ff7c9a44f469cc0
Supplement/S3_affine_qc.md,2083,df8cf190b1c1e8b109aa73c535f5f59544c3f4fa01612e637e3a992d6926aff1
Supplement/S4_scale_lag.md,1149,b926a86f0cd379dc7079b8e75956514cbd8932cdb625aa594d0c599941e887ec
Supplement/S5_state_matching.md,2361,4a1e5ea6519ceec3a26410f52ae4a01e63e271c7f3d727a6a275e2e432c72988
Supplement/S6_history.md,1995,9df8fc046b8fac3dbde1e880a71278d0bb1767d580d95830f678849e1b88f045
Supplement/S7_spectral_set.md,2152,4f4f21dbb45f1a44a78597d9f277df458e74708588bc7fa2d89129c39cd13337
Supplement/S8_parameter_registry.md,3238,f321e99f6d48c086bb6f1a0d32a90873c707438c39bda4380376840f4cec79c5
Supplement/Supplement_submission.md,9285,2adf82f582f3756cd4671de21c66e9789cdc0c9dac2fec83422f43347a018fc3
tools/verify_release.py,3338,3e2f6f40ca1d16e0f8ac2344f74f7fa2842a9048399c518ab0a1024149be46d7
