replicate,ob,dataset,n_events,b3_event_direction_abs_z,k8_local_event_direction_abs_z,k8_local_non_event_direction_abs_median_z,k8_local_event_minus_non_event_direction_z,k8_p_non_event_direction_ge_event,k8_local_to_b3_direction_ratio,k8_pass,k10_local_event_direction_abs_z,k10_local_non_event_direction_abs_median_z,k10_local_event_minus_non_event_direction_z,k10_p_non_event_direction_ge_event,k10_local_to_b3_direction_ratio,k10_pass,both_pass,any_pass
851,1,Ob1.txt,28,0.2238765012014972,0.030054486154105553,0.2086888743725731,-0.17863438821846755,0.925,0.13424582746652536,False,0.19040221123957643,0.2745875751499033,-0.08418536391032685,0.65,0.8504787694006676,False,False,False
851,2,Ob2.txt,43,0.1451872532272922,0.16412255984745733,0.24152073612911346,-0.07739817628165613,0.65,1.130419897058881,False,0.1777651500558643,0.3021076262889354,-0.1243424762330711,0.65,1.2243853789118184,False,False,False
851,3,Ob3.txt,40,0.08612401990360186,0.44066740306017965,0.263929259623341,0.17673814343683864,0.25,5.116660875251948,True,0.21870201092900177,0.23256189112132403,-0.01385988019232226,0.525,2.539384612722371,False,False,True
851,4,Ob4.txt,58,0.19443110826158544,0.26995874738467723,0.2134407204875732,0.05651802689710403,0.45,1.388454500920078,False,0.1300573910902379,0.2612661516127666,-0.13120876052252872,0.75,0.6689124608355373,False,False,False
851,5,Ob5.txt,93,0.2465305414505451,0.48163646537734195,0.15870940987679666,0.3229270555005453,0.025,1.953658408988486,True,0.567133869891633,0.16283254206236253,0.4043013278292704,0.05,2.3004608944381117,True,True,True
851,6,Ob6.txt,112,0.31099760096149537,0.26805595424139594,0.1878691140095526,0.08018684023184333,0.3,0.8619229004103603,True,0.09517113173891473,0.29680225029353124,-0.20163111855461652,0.825,0.3060188613824641,False,False,True
851,7,Ob7.txt,33,0.44070910899039917,0.659193792201115,0.3509917752264876,0.30820201697462735,0.125,1.495757130392046,True,0.6881199648893814,0.21889979852137703,0.4692201663680044,0.0,1.5613926530036213,True,True,True
851,8,Ob8.txt,84,0.16749149737412225,0.1109282254938295,0.10080988861526949,0.010118336878560008,0.475,0.6622916818640139,False,0.10525937554734877,0.17374628785849744,-0.06848691231114867,0.725,0.628446083518097,False,False,False
851,9,Ob9.txt,37,0.2888587089552793,0.4028929612188847,0.32732680458326796,0.07556615663561672,0.35,1.3947751919131508,True,0.1385083917641012,0.32097063471136117,-0.18246224294725996,0.775,0.4795022184549917,False,False,True
851,10,Ob10.txt,36,0.09279904209198153,0.2385291284348778,0.24150677219292285,-0.0029776437580450454,0.5,2.5703835196752354,False,0.30297223107031857,0.25440284639165456,0.04856938467866401,0.3,3.264820673148925,True,False,True
851,11,Ob11.txt,119,0.13056948491318393,0.26114245843164163,0.16244026367312192,0.09870219475851971,0.3,2.0000267183812213,True,0.13858915155220186,0.15224564098361132,-0.013656489431409458,0.65,1.0614206806770374,False,False,True
851,12,Ob12.txt,91,0.6952276873948594,0.3912004765254664,0.23670585345095743,0.15449462307450898,0.375,0.5626940405543449,False,0.2012800719330085,0.28810974081739177,-0.08682966888438326,0.6,0.2895167663521003,False,False,False
851,13,Ob13.txt,102,0.3270343377302488,0.06559638277101988,0.1612880506587942,-0.09569166788777432,0.7,0.20057949641094397,False,0.1429107256321302,0.1690610102654567,-0.026150284633326498,0.625,0.4369899706067219,False,False,False
851,14,Ob14.txt,47,0.39836227776026484,0.041238401205205166,0.22699912163761304,-0.18576072043240788,0.875,0.10351984489360339,False,0.02747967937182416,0.1933873683168328,-0.16590768894500862,0.925,0.06898163030476867,False,False,False
851,15,Ob15.txt,96,0.7088183285125091,0.7429128907878535,0.23225853315561762,0.5106543576322359,0.0,1.0481005652702202,True,0.6053239268983623,0.2521042190177405,0.35321970788062185,0.05,0.8539902292998899,True,True,True
851,16,Ob16.txt,84,0.5495750078264751,0.10972674432982787,0.1469064796841465,-0.03717973535431862,0.675,0.19965744942403463,False,0.02756385635934111,0.16056646573852765,-0.13300260937918654,0.85,0.050154857784297624,False,False,False
851,17,Ob17.txt,122,0.13651771054490358,0.0383655487978245,0.14702294671219251,-0.10865739791436801,0.85,0.2810298286185019,False,0.009204812970687454,0.162777581331118,-0.15357276836043054,0.975,0.0674257789260229,False,False,False
851,18,Ob18.txt,103,0.3691074797860108,0.2908103262568539,0.28033107270899826,0.010479253547855616,0.425,0.7878743785562149,False,0.0907947214978089,0.03919130905976598,0.05160341243804292,0.375,0.2459845071425996,False,False,False
851,19,Ob19.txt,143,0.0564340487941728,0.3675008446745948,0.10420090183563943,0.2632999428389554,0.025,6.512041090919243,True,0.182094830519523,0.08538082450402915,0.09671400601549385,0.275,3.226683791263361,True,True,True
852,1,Ob1.txt,28,1.029733905590973,0.5729048485339152,0.21755064806490182,0.3553542004690134,0.15,0.5563620323884744,True,0.5619238550955125,0.2632068450221571,0.2987170100733554,0.1,0.5456981187513871,True,True,True
852,2,Ob2.txt,43,0.2985117062154877,0.38975597131369283,0.22106194684599947,0.16869402446769335,0.3,1.3056639428148198,True,0.6403887676025684,0.2146859351154168,0.4257028324871516,0.125,2.1452718746657413,True,True,True
852,3,Ob3.txt,40,0.8155603550655911,0.32770675626420065,0.24349653210389846,0.08421022416030219,0.4,0.40181790866703543,False,0.6269960338380944,0.2512042860327931,0.37579174780530133,0.075,0.7687917024702219,True,False,True
852,4,Ob4.txt,58,0.18223410413372532,0.32884472029378664,0.29099223594805523,0.03785248434573141,0.45,1.8045179954487383,False,0.5183932973582325,0.2719260633630759,0.24646723399515658,0.25,2.8446557784696,True,False,True
852,5,Ob5.txt,93,0.04931422786104496,0.6446507931282184,0.1690603597271947,0.4755904334010237,0.025,13.072308359864856,True,0.20991208875129103,0.2063777503091206,0.003534338442170437,0.475,4.256623247610614,False,False,True
852,6,Ob6.txt,112,0.16863532851727428,0.3150949071918618,0.17535757346667788,0.1397373337251839,0.225,1.8684987894430722,True,0.35510706609895376,0.1749139459389683,0.18019312015998545,0.15,2.1057691126837526,True,True,True
852,7,Ob7.txt,33,0.41825442089508647,0.9825453981929251,0.2563450498881634,0.7262003483047617,0.0,2.3491572332701858,True,0.6204461058614085,0.27684259703042724,0.34360350883098123,0.1,1.4834179266620091,True,True,True
852,8,Ob8.txt,84,0.42778054661706394,0.09879947886379545,0.1777341216834394,-0.07893464281964396,0.75,0.23095832581708706,False,0.20676466479787012,0.2565353418513077,-0.0497706770534376,0.6,0.48334284116701437,False,False,False
852,9,Ob9.txt,37,0.016541780703152043,0.1276491999945577,0.252912007137136,-0.12526280714257831,0.75,7.716775012634166,False,0.04244836202411062,0.1582841781900838,-0.11583581616597319,0.825,2.5661301395455007,False,False,False
852,10,Ob10.txt,36,0.2058796124298624,0.23701082322055528,0.21382395637544316,0.02318686684511212,0.425,1.1512107509008374,False,0.2361889719387632,0.2507115149283483,-0.014522542989585108,0.5,1.1472188486814174,False,False,False
852,11,Ob11.txt,119,0.049811551513289476,0.05394077163934981,0.15384112249995305,-0.09990035086060324,0.85,1.082896838195427,False,0.04780191505771325,0.15525544079756204,-0.10745352573984879,0.825,0.9596552126058538,False,False,False
852,12,Ob12.txt,91,0.13424315406753695,0.2613642698268976,0.27659461355606396,-0.015230343729166373,0.575,1.9469467299271495,False,0.4951298823074892,0.2235415412360064,0.27158834107148283,0.0,3.6883063851315074,True,False,True
852,13,Ob13.txt,102,0.14071752136127877,0.3835730809544685,0.054567804266188014,0.3290052766882805,0.0,2.7258373885770864,True,0.04024560368589622,0.5492022700052627,-0.5089566663193664,0.85,0.28600278982010696,False,False,True
852,14,Ob14.txt,47,0.44675620430344537,0.41702497898641017,0.2505848914779234,0.16644008750848677,0.25,0.9334508955205439,True,0.19000642273486507,0.20357981003402442,-0.013573387299159356,0.55,0.4253022586023429,False,False,True
852,15,Ob15.txt,96,0.02437364559881415,0.1808287466535669,0.18158832704674954,-0.000759580393182635,0.5,7.419027486900227,False,0.19540950527480366,0.23539582603092968,-0.039986320756126015,0.575,8.017245696077197,False,False,False
852,16,Ob16.txt,84,0.36745976214398246,0.2526792110353825,0.13969019978784158,0.1129890112475409,0.3,0.687637768992989,True,0.38401927628992777,0.19294904972632881,0.19107022656359895,0.225,1.045064836621368,True,True,True
852,17,Ob17.txt,122,0.032007476452525885,0.07179600156620719,0.1996576902460973,-0.12786168867989012,0.875,2.24310097275855,False,0.2694396969781195,0.20988280257150363,0.05955689440661585,0.4,8.418023750724544,False,False,False
852,18,Ob18.txt,103,0.04468362939289924,0.25144174804772546,0.0,0.25144174804772546,0.175,5.62715588379852,True,0.20686842738007694,0.0,0.20686842738007694,0.025,4.629624544620155,True,True,True
852,19,Ob19.txt,143,0.10706549340952734,0.1759238746808336,0.12388775861545581,0.05203611606537778,0.4,1.6431426137263643,False,0.11016320722995793,0.25241455903842547,-0.14225135180846754,0.8,1.0289328869814458,False,False,False
853,1,Ob1.txt,28,0.6424970005431454,0.5181528621440655,0.21740894490340185,0.3007439172406637,0.075,0.806467363592416,True,0.21839827082344743,0.27989113714922514,-0.06149286632577772,0.625,0.3399210745557113,False,False,True
853,2,Ob2.txt,43,0.1702837836566472,0.11915237973565096,0.1999067529642013,-0.08075437322855034,0.725,0.6997282840267669,False,0.0770841698353436,0.26857609973836205,-0.19149192990301844,0.825,0.4526806263053959,False,False,False
853,3,Ob3.txt,40,0.6274257303243133,0.012508730441447846,0.25847915040551694,-0.2459704199640691,0.975,0.01993659143526381,False,0.06638459037337227,0.24325169818685344,-0.17686710781348117,0.775,0.10580469873152701,False,False,False
853,4,Ob4.txt,58,0.6488426476481118,0.13124167421211813,0.29281445777105314,-0.161572783558935,0.8,0.20227041901119713,False,0.07381679934216895,0.22856810583933415,-0.1547513064971652,0.75,0.11376687338561346,False,False,False
853,5,Ob5.txt,93,0.38887773663617253,0.21241656462812278,0.20029207100159957,0.012124493626523208,0.475,0.5462296876790768,False,0.09858407684462733,0.19537074060760024,-0.0967866637629729,0.75,0.2535091818250859,False,False,False
853,6,Ob6.txt,112,0.20224572220321588,0.5406163582312296,0.20760216040483928,0.3330141978263903,0.025,2.6730669620196954,True,0.5998544660649652,0.21098280119172375,0.38887166487324143,0.0,2.9659686223782438,True,True,True
853,7,Ob7.txt,33,0.6011482371883411,0.008245252939517611,0.2549368490821606,-0.24669159614264297,0.975,0.013715839836912562,False,0.12729797762543346,0.2735728839787663,-0.14627490635333282,0.725,0.21175804859850353,False,False,False
853,8,Ob8.txt,84,0.5619974926921603,0.38358800144900157,0.18283921679560394,0.20074878465339763,0.2,0.6825439729481422,True,0.3403092167615757,0.31177191124012493,0.028537305521450784,0.475,0.6055351157019903,False,False,True
853,9,Ob9.txt,37,0.1600942795399845,0.273182906177226,0.23507130711071686,0.038111599066509155,0.475,1.7063876795735038,False,0.05108806252514503,0.32292298298915045,-0.2718349204640054,0.95,0.3191123547446021,False,False,False
853,10,Ob10.txt,36,0.5078233914154892,0.34773626513957223,0.29400801836816826,0.053728246771403976,0.325,0.6847582663931733,True,0.42767946502880105,0.229481900659185,0.19819756436961605,0.25,0.8421814990378885,True,True,True
853,11,Ob11.txt,119,0.6443086780386567,0.2499647675416129,0.17753927557728758,0.07242549196432532,0.375,0.38795809533798603,False,0.3402064777656688,0.19780523414720258,0.14240124361846623,0.275,0.52801784200904,True,False,True
853,12,Ob12.txt,91,0.03465280009934382,0.29396066611375893,0.25283575819415205,0.04112490791960688,0.425,8.483027786240147,False,0.09074613744359147,0.33324764133887796,-0.2425015038952865,0.825,2.6187245239471952,False,False,False
853,13,Ob13.txt,102,0.03863540978881902,0.4053481711449618,0.1409040628361776,0.2644441083087842,0.125,10.49162344493285,True,0.15132852046008832,0.1281190958087924,0.023209424651295912,0.475,3.9168348747237145,False,False,True
853,14,Ob14.txt,47,0.4414967897828578,0.10959528447389466,0.2435410985731839,-0.13394581409928924,0.825,0.2482357448800412,False,0.3168384706288762,0.18776938314055835,0.12906908748831786,0.325,0.7176461481967004,True,False,True
853,15,Ob15.txt,96,0.09723151030861671,0.22133849678856424,0.10212236441501087,0.11921613237355337,0.175,2.2764070627518485,True,0.16801620958635413,0.1806273976203972,-0.01261118803404307,0.55,1.728001643223107,False,False,True
853,16,Ob16.txt,84,0.21031469172857165,0.022134906285549483,0.10602127143562372,-0.08388636515007424,0.875,0.10524660024282276,False,0.17772474123099474,0.25219598721640435,-0.0744712459854096,0.625,0.8450419691096193,False,False,False
853,17,Ob17.txt,122,0.30139401099025465,0.12434955022826841,0.1833304230665525,-0.0589808728382841,0.65,0.4125813576046445,False,0.06166183183043439,0.1671080665467088,-0.1054462347162744,0.725,0.20458877609359058,False,False,False
853,18,Ob18.txt,103,0.43906311764750805,0.3268280184469133,0.0,0.3268280184469133,0.1,0.7443759343714673,True,0.31472347753262897,0.23688313480598144,0.07784034272664753,0.1,0.7168069119968706,True,True,True
853,19,Ob19.txt,143,0.06715560730876438,0.11982236412688885,0.2854442573374397,-0.16562189321055087,0.65,1.7842495798746354,False,0.14823167575729687,0.12221826789072009,0.026013407866576785,0.45,2.207286654050575,False,False,False
854,1,Ob1.txt,28,0.8040734176248601,0.1023525366525976,0.20739865467047727,-0.10504611801787968,0.7,0.12729252629061555,False,0.602104637208075,0.2586143875432215,0.34349024966485353,0.125,0.7488179860324479,True,False,True
854,2,Ob2.txt,43,0.5183328722490682,0.21435314585435528,0.15672085314752543,0.057632292706829846,0.3,0.4135434145325723,True,0.1924172052617369,0.23516642625819598,-0.042749220996459086,0.65,0.3712232342641718,False,False,True
854,3,Ob3.txt,40,0.3665709527746493,0.36659378466505543,0.22401437347315045,0.14257941119190498,0.325,1.0000622850507748,True,0.394828751884172,0.1487079732714264,0.2461207786127456,0.225,1.0770868474319466,True,True,True
854,4,Ob4.txt,58,0.13537175530151652,0.28077366891866273,0.2690750356362526,0.01169863328241011,0.475,2.0740934347293445,False,0.1495545252977813,0.32284894727469904,-0.17329442197691775,0.75,1.1047690484966763,False,False,False
854,5,Ob5.txt,93,0.21263259747391977,0.475450808815022,0.21797022998529697,0.257480578829725,0.1,2.236020320794595,True,0.5512823688760384,0.1598422964241775,0.39144007245186097,0.175,2.5926521870366344,True,True,True
854,6,Ob6.txt,112,0.3040324284550934,0.48695231320770915,0.15909033995619698,0.3278619732515122,0.075,1.601645968103148,True,0.7039735752698448,0.22008873829765885,0.483884836972186,0.0,2.3154555546821354,True,True,True
854,7,Ob7.txt,33,0.6510963446315575,0.5292840999346214,0.2624689037628086,0.2668151961718128,0.15,0.8129121047886282,True,0.07810043546112377,0.3051019903860609,-0.22700155492493712,0.825,0.11995219464074745,False,False,True
854,8,Ob8.txt,84,0.3032406643692949,0.24363015823843137,0.16144271618137393,0.08218744205705744,0.375,0.8034217928692169,False,0.5293583293317008,0.22674965286159252,0.30260867647010825,0.05,1.7456706554600918,True,False,True
854,9,Ob9.txt,37,0.2581199371204048,0.47857318764476087,0.19032243118738568,0.2882507564573752,0.1,1.8540729282043857,True,0.18953588104800045,0.23681920242109242,-0.04728332137309196,0.575,0.7342938448012558,False,False,True
854,10,Ob10.txt,36,0.3097323943308112,0.6110588124353178,0.30442262634925166,0.30663618608606613,0.05,1.9728605196609608,True,0.3341699763802073,0.23326893992331466,0.10090103645689263,0.275,1.078899018948904,True,True,True
854,11,Ob11.txt,119,0.3210605692179094,0.15345680997089955,0.16394194031025744,-0.010485130339357884,0.575,0.47796841058593453,False,0.11558402669453113,0.18889788533711732,-0.07331385864258619,0.7,0.360006920115071,False,False,False
854,12,Ob12.txt,91,0.07011832141985212,0.46434708440429057,0.26533799054422436,0.1990090938600662,0.275,6.622336002938358,True,0.559189621823694,0.2634314292627479,0.29575819256094615,0.075,7.974943074797773,True,True,True
854,13,Ob13.txt,102,0.2551531688074382,0.06523453239768166,0.15511069804268302,-0.08987616564500135,0.75,0.2556681255521211,False,0.05437574849953386,0.25275912054804317,-0.1983833720485093,0.825,0.2131102221997907,False,False,False
854,14,Ob14.txt,47,0.5548467116399274,0.528318386990523,0.2778659941525795,0.2504523928379435,0.125,0.9521880114040936,True,0.3123802216818455,0.17407217079118845,0.13830805089065704,0.275,0.5630027449537582,True,True,True
854,15,Ob15.txt,96,0.23158912810102025,0.08724167330974308,0.2146610677151891,-0.12741939440544603,0.85,0.37670884650374376,False,0.008213983239808514,0.20725978374357618,-0.19904580050376766,1.0,0.035467913831540215,False,False,False
854,16,Ob16.txt,84,0.1509373407566095,0.0026035994515013205,0.12834473485983316,-0.12574113540833184,1.0,0.017249538374335707,False,0.21117869163180386,0.2032847489867806,0.007893942645023272,0.475,1.399114961037608,False,False,False
854,17,Ob17.txt,122,0.1594763051723987,0.34101088830271054,0.16315572597621328,0.17785516232649726,0.125,2.138316961470028,True,0.20777030301924598,0.1316309417884952,0.0761393612307508,0.3,1.302828672852936,True,True,True
854,18,Ob18.txt,103,0.20482453484793836,0.39755115360812543,0.17189309228974137,0.22565806131838406,0.125,1.940935220008029,True,0.3156021440812552,0.18900867367853819,0.126593470402717,0.2,1.5408415027797235,True,True,True
854,19,Ob19.txt,143,0.3630479676605304,0.1911735455492774,0.1877180695079702,0.0034554760413071928,0.5,0.5265793024023621,False,0.051337277216319414,0.11800784957717383,-0.06667057236085441,0.75,0.14140632034696463,False,False,False
855,1,Ob1.txt,28,0.3959168469247665,0.7582849689431315,0.2217253252732877,0.5365596436698438,0.025,1.9152632044658193,True,0.12826213460537594,0.17137341671636258,-0.04311128211098664,0.625,0.32396230572564844,False,False,True
855,2,Ob2.txt,43,0.12331460962630811,0.6593647242866126,0.22653923907572704,0.4328254852108856,0.1,5.347012217650024,True,0.4776893270255079,0.26909464563861324,0.2085946813868947,0.3,3.8737447936874223,True,True,True
855,3,Ob3.txt,40,0.22644663814751165,0.03989432952960226,0.1942722589035217,-0.15437792937391945,1.0,0.17617541093109243,False,0.25893943547254705,0.265615222609156,-0.006675787136608935,0.525,1.1434898640617883,False,False,False
855,4,Ob4.txt,58,0.8094804836341949,0.6700935914570298,0.23259221201522892,0.4375013794418009,0.075,0.8278069762085158,True,0.8905708267238452,0.23461570698967937,0.6559551197341659,0.0,1.1001757852463496,True,True,True
855,5,Ob5.txt,93,0.4654480768460249,0.020852504976493005,0.21030012897730005,-0.18944762400080706,0.925,0.04480092627687714,False,0.38116348342907835,0.19783823753860136,0.183325245890477,0.125,0.8189173022518927,True,False,True
855,6,Ob6.txt,112,0.3567781664343811,0.13552122564586852,0.18851308546951845,-0.05299185982364993,0.6,0.3798473068020368,False,0.13094276357550644,0.14612235011333857,-0.015179586537832135,0.575,0.36701450899908006,False,False,False
855,7,Ob7.txt,33,0.056000034284106326,0.3159853192272759,0.18664102262589793,0.12934429660137797,0.275,5.642591531715498,True,0.1284863728927224,0.28318891711244876,-0.15470254421972635,0.8,2.2943981112738143,False,False,True
855,8,Ob8.txt,84,0.3627226744535078,0.039477269201976514,0.2168374398249219,-0.1773601706229454,0.95,0.10883595645476124,False,0.18726772837988087,0.18992478527309292,-0.002657056893212051,0.5,0.5162834903057157,False,False,False
855,9,Ob9.txt,37,0.6298489023524034,0.07120759050381578,0.2659555763562206,-0.1947479858524048,0.875,0.11305503627594607,False,0.07331227041595267,0.1343350750400335,-0.06102280462408083,0.775,0.11639659947352597,False,False,False
855,10,Ob10.txt,36,0.3106214799248535,0.4023020481487377,0.25389416827816647,0.14840787987057125,0.325,1.2951520553120275,True,0.6744435297438679,0.285028751873563,0.3894147778703049,0.1,2.171271381190481,True,True,True
855,11,Ob11.txt,119,0.08051585356951568,0.12432542392778885,0.11903446999530586,0.005290953932482995,0.475,1.544111108757593,False,0.34480591428590446,0.12409483927477775,0.2207110750111267,0.15,4.282459900747451,True,False,True
855,12,Ob12.txt,91,0.09333730788672227,0.004895938478207962,0.18215728312146884,-0.17726134464326088,0.975,0.052454249957046756,False,0.078404432496552,0.16855022240246303,-0.09014578990591103,0.75,0.8400117195549139,False,False,False
855,13,Ob13.txt,102,0.15443795162106616,0.509660764651212,0.2137047516104501,0.2959560130407619,0.2,3.300100521287227,True,0.4926174120055301,0.20394745167291983,0.2886699603326103,0.025,3.189743238852531,True,True,True
855,14,Ob14.txt,47,0.4431454335540347,0.26688912026454403,0.24669571909650584,0.020193401168038194,0.425,0.6022607930856655,False,0.012490458617004707,0.30508220790737395,-0.29259174929036924,1.0,0.02818591295600407,False,False,False
855,15,Ob15.txt,96,0.3779689856936982,0.26212989472923603,0.30728832900168823,-0.0451584342724522,0.55,0.6935222323814239,False,0.08761847667665706,0.15677078897062807,-0.06915231229397101,0.775,0.23181393181201934,False,False,False
855,16,Ob16.txt,84,0.4389924827226402,0.4103732860501584,0.18344002142232219,0.2269332646278362,0.2,0.9348070916955458,True,0.40309617946417764,0.20693183815348137,0.19616434131069627,0.125,0.9182302552521333,True,True,True
855,17,Ob17.txt,122,0.08059749887537462,0.1113807743478537,0.17134777396638579,-0.05996699961853208,0.725,1.3819383467479343,False,0.14408055441729162,0.11929459830356204,0.02478595611372958,0.425,1.7876554040476968,False,False,False
855,18,Ob18.txt,103,0.4133000471471417,0.053573588233965005,0.0,0.053573588233965005,0.0,0.12962395868029483,False,0.3221900386294735,0.0,0.3221900386294735,0.0,0.7795548073450097,True,False,True
855,19,Ob19.txt,143,0.0016798817922797638,0.23117288102318553,0.21151310473138826,0.01965977629179727,0.425,137.61258803184083,False,0.3335948479844671,0.11653412956715332,0.21706071841731378,0.125,198.58233449375405,True,False,True
856,1,Ob1.txt,28,1.0974427544402066,0.11537555140124817,0.27885664424234713,-0.16348109284109896,0.775,0.1051312707969902,False,0.2083694442943106,0.3918122297560877,-0.1834427854617771,0.675,0.1898681671105456,False,False,False
856,2,Ob2.txt,43,0.4110376291623451,0.6018938561465235,0.20096322369555786,0.4009306324509656,0.025,1.4643278703536824,True,0.4547161990596097,0.19743215858190694,0.25728404047770276,0.15,1.1062641636637436,True,True,True
856,3,Ob3.txt,40,0.29232735777182195,0.4321415291476427,0.23119415443873667,0.20094737470890603,0.175,1.4782794619070638,True,0.013255530544104513,0.29545583418519644,-0.28220030364109194,0.95,0.04534481700632072,False,False,True
856,4,Ob4.txt,58,0.18074757597811628,0.2673377201512962,0.15166316112015535,0.11567455903114085,0.2,1.4790666967708805,True,0.11140103066587795,0.16838604652780087,-0.05698501586192292,0.625,0.6163348529739932,False,False,True
856,5,Ob5.txt,93,0.4015593073302185,0.01931742254003413,0.14189030644532608,-0.12257288390529195,0.925,0.04810602615206881,False,0.11284338459755655,0.19398047336273405,-0.0811370887651775,0.7,0.28101299742695507,False,False,False
856,6,Ob6.txt,112,0.23061030967381557,0.1555032544554308,0.25052788728068226,-0.09502463282525145,0.675,0.6743118062474346,False,0.25924611293179484,0.22957956226732934,0.029666550664465496,0.425,1.1241739942090312,False,False,False
856,7,Ob7.txt,33,0.3645768822842522,0.17231341634581407,0.2985552192727595,-0.12624180292694545,0.675,0.47263944786127515,False,0.1549592369468409,0.2889492931465375,-0.1339900561996966,0.725,0.42503857067388806,False,False,False
856,8,Ob8.txt,84,0.030788200803202964,0.40647182129564924,0.26813815094282245,0.1383336703528268,0.3,13.20219469444811,True,0.07676436803009215,0.22787706567154725,-0.1511126976414551,0.8,2.4933047734996645,False,False,True
856,9,Ob9.txt,37,0.7970587079310738,0.7861146896307495,0.27663239764543635,0.5094822919853131,0.05,0.986269495344036,True,0.6525302164173951,0.23937058347666004,0.413159632940735,0.1,0.8186727149762513,True,True,True
856,10,Ob10.txt,36,0.3837658861670551,0.3559759215001897,0.19254605433832658,0.1634298671618631,0.35,0.9275861516915334,True,0.4464395080152328,0.28253927361646747,0.16390023439876533,0.3,1.163312123633875,True,True,True
856,11,Ob11.txt,119,0.26862138543188974,0.3276710837236656,0.1999885818419065,0.12768250188175911,0.225,1.219825008335936,True,0.23436991948302294,0.15312485931348346,0.08124506016953947,0.375,0.8724916637080207,False,False,True
856,12,Ob12.txt,91,0.247083936383288,0.27628951238524807,0.3578069410333206,-0.08151742864807254,0.65,1.1182010309106256,False,0.13255624398031787,0.25313771311849764,-0.12058146913817977,0.775,0.5364826460215144,False,False,False
856,13,Ob13.txt,102,0.26755508090448643,0.07478540531645878,0.15309958180208788,-0.0783141764856291,0.65,0.2795140539422466,False,0.09217732016298466,0.12606046281541022,-0.03388314265242556,0.6,0.34451717325409614,False,False,False
856,14,Ob14.txt,47,0.3107891696001971,0.4306288355365908,0.2745691491344854,0.15605968640210544,0.275,1.3855979476072378,True,0.6170513153166081,0.17836301911661162,0.43868829619999644,0.075,1.9854337785013239,True,True,True
856,15,Ob15.txt,96,0.2350124344819868,0.1298176065578342,0.16011350279110403,-0.030295896233269837,0.575,0.5523861188195318,False,0.23912105513242632,0.1829269428517952,0.05619411228063112,0.375,1.0174825670798897,False,False,False
856,16,Ob16.txt,84,0.32737989773681464,0.15253766874924113,0.14557623733144073,0.0069614314178003955,0.475,0.4659347437143753,False,0.03236174680708079,0.1813805060048322,-0.1490187591977514,0.8,0.09885074505428815,False,False,False
856,17,Ob17.txt,122,0.1454275853127085,0.09367214080734815,0.14227871442402562,-0.04860657361667747,0.7,0.6441153554597486,False,0.06876899526773744,0.1819865824156977,-0.11321758714796026,0.775,0.4728744902135697,False,False,False
856,18,Ob18.txt,103,0.19033070368121802,0.111328978875256,0.05231253735026875,0.05901644152498725,0.35,0.5849239072941127,True,0.022652218626090764,0.019641534239885072,0.003010684386205692,0.45,0.11901505215906005,False,False,True
856,19,Ob19.txt,143,0.06624031783648263,0.08099380193722674,0.09020317211361839,-0.009209370176391646,0.55,1.2227266502126968,False,0.05674794520482393,0.08050135618752408,-0.023753410982700146,0.55,0.8566979606726666,False,False,False
857,1,Ob1.txt,28,0.039476274404297795,0.1977443084871096,0.31676398659470617,-0.11901967810759656,0.775,5.009193787182236,False,0.34396849237805616,0.19969248119246147,0.1442760111855947,0.275,8.71329672236264,True,False,True
857,2,Ob2.txt,43,0.40457870584432837,0.06351766940739478,0.2449030060734284,-0.18138533666603363,0.875,0.15699706507004046,False,0.24253439298706425,0.24705687398051596,-0.004522480993451705,0.5,0.5994739453252029,False,False,False
857,3,Ob3.txt,40,0.06258375488763829,0.037767623337394696,0.22832206761971036,-0.19055444428231566,0.875,0.6034732720208621,False,0.12391780740362607,0.2222188996151825,-0.09830109221155645,0.7,1.9800315213765265,False,False,False
857,4,Ob4.txt,58,0.03173186213367248,0.11277547543776474,0.32477751690988577,-0.21200204147212104,0.825,3.5540137847155298,False,0.19710758173633344,0.3014443486686736,-0.10433676693234015,0.575,6.211661354949963,False,False,False
857,5,Ob5.txt,93,0.3872006654704193,0.09396946661000657,0.2532089249519144,-0.1592394583419078,0.8,0.24268932104194818,False,0.2738526910597081,0.225835806738298,0.0480168843214101,0.3,0.7072629659016674,True,False,True
857,6,Ob6.txt,112,0.39231963720531554,0.08063102503424133,0.1768843281909227,-0.09625330315668137,0.825,0.20552380606949863,False,0.016703832334418675,0.16821769613805515,-0.15151386380363646,1.0,0.0425770997684649,False,False,False
857,7,Ob7.txt,33,0.34829733921576195,0.5675297542473907,0.3006971674701896,0.2668325867772011,0.1,1.629440395741351,True,0.44389765687434135,0.3245892779084815,0.11930837896585983,0.375,1.2744790352801325,False,False,True
857,8,Ob8.txt,84,0.2829054829899329,0.8991649040920531,0.1975425646518822,0.7016223394401708,0.0,3.1783226489252936,True,0.6922983953529055,0.1447236289715345,0.547574766381371,0.0,2.447101371229135,True,True,True
857,9,Ob9.txt,37,0.2777186425013284,0.2972185222083354,0.17821384736775142,0.11900467484058397,0.25,1.0702145147022808,True,0.08339904675517834,0.18638501577691924,-0.1029859690217409,0.825,0.3003004983894066,False,False,True
857,10,Ob10.txt,36,0.7282296243344718,0.597712281458253,0.28926478849292203,0.3084474929653309,0.075,0.8207744665763927,True,0.6868502283216182,0.27107978645480535,0.4157704418668129,0.1,0.9431780929666653,True,True,True
857,11,Ob11.txt,119,0.5130860277136335,0.7214266036010404,0.26086601529276043,0.46056058830827995,0.0,1.406053886939379,True,0.391704666461316,0.19886211928030523,0.1928425471810108,0.1,0.7634288312367306,True,True,True
857,12,Ob12.txt,91,0.5574927166483331,0.18555747451341148,0.2067278119505483,-0.02117033743713681,0.575,0.33284286766828075,False,0.4388147838749817,0.3585091200402416,0.08030566383474008,0.425,0.7871220031593461,False,False,False
857,13,Ob13.txt,102,0.2937569699432913,0.11366867118658058,0.1988336962920449,-0.08516502510546431,0.65,0.38694799721185813,False,0.16416083007828774,0.1893515169989579,-0.02519068692067014,0.575,0.5588321193195123,False,False,False
857,14,Ob14.txt,47,0.35918934740226643,0.16061165934520422,0.19514128385355728,-0.03452962450835306,0.55,0.44715039715621246,False,0.5233235701685053,0.18655802587195897,0.3367655442965463,0.1,1.4569573790350197,True,False,True
857,15,Ob15.txt,96,0.19016215545071377,0.29074712355592314,0.268879509595406,0.021867613960517118,0.475,1.5289431425869537,False,0.1336036691415785,0.16730562128074666,-0.033701952139168156,0.625,0.7025775913452238,False,False,False
857,16,Ob16.txt,84,0.08192318162575471,0.4105967571688751,0.21828665809403702,0.1923100990748381,0.1,5.0119727898823845,True,0.26211622443314436,0.20784091856487008,0.05427530586827428,0.375,3.199536678525938,False,False,True
857,17,Ob17.txt,122,0.2601345580643337,0.06223780010523966,0.1869001124416741,-0.12466231233643443,0.825,0.23925233374739724,False,0.32101773109102394,0.20073120539071135,0.12028652570031259,0.325,1.234044924594883,True,False,True
857,18,Ob18.txt,103,0.36788738270121435,0.09101951138796771,0.0019634824868106082,0.0890560289011571,0.325,0.24741134289427552,False,0.1113999683935635,0.2275583440669492,-0.11615837567338569,0.75,0.30280997292054124,False,False,False
857,19,Ob19.txt,143,0.029213637514580892,0.28815899851651705,0.10573975515663392,0.18241924335988313,0.025,9.863852057885406,True,0.05466804331832903,0.066233384848606,-0.011565341530276968,0.525,1.8713192867900659,False,False,True
858,1,Ob1.txt,28,0.6149585941665577,0.036980568222930665,0.22676109968640903,-0.18978053146347837,0.95,0.06013505392676032,False,0.12922799821340544,0.22820319235502823,-0.09897519414162279,0.775,0.21014097443185717,False,False,False
858,2,Ob2.txt,43,0.7459993936283165,0.09875508003492114,0.19533407115782833,-0.09657899112290719,0.8,0.1323795714559581,False,0.1496943067179542,0.20955531025860621,-0.05986100354065202,0.675,0.2006627726463505,False,False,False
858,3,Ob3.txt,40,0.550188248439198,0.9656155814842947,0.24949752946369141,0.7161180520206033,0.025,1.7550639880506391,True,0.8026898069974805,0.24543813348668161,0.5572516735107989,0.025,1.4589366626324567,True,True,True
858,4,Ob4.txt,58,0.09487638029935516,0.3288373149787933,0.22513564298824867,0.10370167199054464,0.275,3.465955530146087,True,0.3677700188755128,0.29837924024850315,0.06939077862700965,0.45,3.8763074404305917,False,False,True
858,5,Ob5.txt,93,0.1847024440913103,0.2084420186882227,0.16062341579722847,0.04781860289099424,0.325,1.1285287518186624,True,0.3245665611710654,0.1581204224344315,0.16644613873663391,0.225,1.7572402074474514,True,True,True
858,6,Ob6.txt,112,0.6035684322200294,0.0213032828503201,0.17952982173829524,-0.15822653888797514,0.9,0.03529555509051878,False,0.3104620619480557,0.1919399119781247,0.11852214996993099,0.225,0.5143775674385792,True,False,True
858,7,Ob7.txt,33,0.764609446354416,0.579986991911922,0.4449267480921705,0.13506024381975157,0.15,0.7585401863359706,True,0.3767291762340002,0.3300838122374431,0.04664536399655711,0.45,0.49270798056472953,False,False,True
858,8,Ob8.txt,84,0.054622027769628254,0.18550049545203057,0.2110919197530242,-0.02559142430099362,0.55,3.3960748625882267,False,0.21814903826119403,0.27125538200807564,-0.05310634374688161,0.625,3.9937923795368957,False,False,False
858,9,Ob9.txt,37,0.036245843052006566,0.2369472660740755,0.2732363244140105,-0.03628905833993501,0.575,6.537225958135305,False,0.014590213165373789,0.23903357855414378,-0.22444336538877,0.975,0.4025347994924366,False,False,False
858,10,Ob10.txt,36,0.5888863516480335,0.1853449075295373,0.3473688857412903,-0.16202397821175302,0.75,0.31473799148314197,False,0.21649388806635117,0.3679088918926905,-0.15141500382633932,0.675,0.36763271463242464,False,False,False
858,11,Ob11.txt,119,0.12508130973821857,0.13073849920079608,0.18970851793918245,-0.058970018738386365,0.675,1.0452280958235678,False,0.03650624590264251,0.18093647754193232,-0.1444302316392898,0.85,0.29186011866238104,False,False,False
858,12,Ob12.txt,91,0.0007456373612727829,0.48552392317648085,0.19633340164889002,0.28919052152759084,0.075,651.1528906594817,True,0.3736934102913778,0.22631351888233342,0.1473798914090444,0.2,501.17313013056804,True,True,True
858,13,Ob13.txt,102,0.11872152901342334,0.09776862910343381,0.12701738401792828,-0.029248754914494468,0.625,0.8235122131250477,False,0.00998797298816248,0.2294039744234119,-0.21941600143524942,1.0,0.0841294167213192,False,False,False
858,14,Ob14.txt,47,0.1832558521867707,0.2739351708000386,0.23367083412461498,0.04026433667542362,0.4,1.4948235897036966,False,0.10631683905362127,0.22322035898495957,-0.1169035199313383,0.725,0.5801552189736635,False,False,False
858,15,Ob15.txt,96,0.3471030923062087,0.5287675398848549,0.20885066305704927,0.3199168768278057,0.175,1.5233731753054645,True,0.1961928773474654,0.19089081411665987,0.005302063230805537,0.475,0.5652294136705277,False,False,True
858,16,Ob16.txt,84,0.029028870526341066,0.36028248987906875,0.20847894895001068,0.15180354092905807,0.175,12.41117836645229,True,0.10033810301000634,0.230599335980709,-0.13026123297070266,0.725,3.4564935249188773,False,False,True
858,17,Ob17.txt,122,0.20854477993926257,0.3351459959198749,0.18205400817132594,0.15309198774854893,0.175,1.6070696951392605,True,0.08908713655496286,0.19551253722701709,-0.10642540067205422,0.725,0.42718468705334633,False,False,True
858,18,Ob18.txt,103,0.03887511116786801,0.015266954459250831,0.0,0.015266954459250831,0.475,0.39271796274295007,False,0.2935172279165031,0.0,0.2935172279165031,0.425,7.550260799231052,False,False,False
858,19,Ob19.txt,143,0.03787831949960711,0.41709096100720233,0.07215803496834558,0.3449329260388567,0.075,11.011337528095156,True,0.33537930830323637,0.11995519559294082,0.21542411271029555,0.1,8.854123222301745,True,True,True
859,1,Ob1.txt,28,0.9094648067854898,0.04132767832627131,0.21514468426824737,-0.17381700594197608,0.9,0.04544175653409206,False,0.14111951443204146,0.2710632701002066,-0.12994375566816513,0.75,0.15516764736705915,False,False,False
859,2,Ob2.txt,43,0.3772919438259852,0.20602205783071803,0.22774578074545138,-0.021723722914733345,0.525,0.5460547493845764,False,0.010795489231123445,0.19164054449456663,-0.1808450552634432,0.975,0.0286130923487265,False,False,False
859,3,Ob3.txt,40,0.10205245296339614,0.43198456044644995,0.1869390133248377,0.24504554712161225,0.175,4.232965968994325,True,0.22841907921426102,0.2698523731537822,-0.041433293939521165,0.6,2.2382517282185237,False,False,True
859,4,Ob4.txt,58,0.4172264372172639,0.3739264150554284,0.21304750863561822,0.16087890641981017,0.075,0.8962193708274346,True,0.34438750385562983,0.2247005918999916,0.11968691195563824,0.375,0.8254210978397221,False,False,True
859,5,Ob5.txt,93,0.4119992459165267,0.6113604022767092,0.15695458496601908,0.4544058173106901,0.025,1.4838871875036737,True,0.5712345650270749,0.25071724600608014,0.3205173190209948,0.125,1.3864942003869836,True,True,True
859,6,Ob6.txt,112,0.004365014016173063,0.16286786806107328,0.15281706349518626,0.010050804565887028,0.475,37.31210654939989,False,0.33214227071859015,0.2064697788730115,0.12567249184557866,0.2,76.09191390633588,True,False,True
859,7,Ob7.txt,33,0.6475812260810714,0.6811047341148755,0.2665527218997021,0.4145520122151734,0.125,1.051767263601319,True,0.8959827227969597,0.30420962307493726,0.5917730997220224,0.0,1.383583536260192,True,True,True
859,8,Ob8.txt,84,0.007678864953121256,0.07836020643916758,0.1843944651913157,-0.10603425875214811,0.825,10.204660052956944,False,0.15348952882074868,0.18213061307575418,-0.0286410842550055,0.6,19.988569893830366,False,False,False
859,9,Ob9.txt,37,0.2651705101947144,0.1515603108110496,0.2872383413946126,-0.13567803058356298,0.725,0.5715579409631902,False,0.39886777221322844,0.202792462391714,0.19607530982151444,0.2,1.5041935542543563,True,False,True
859,10,Ob10.txt,36,0.03788265065380508,0.38755051632038284,0.27314870535694596,0.11440181096343688,0.25,10.230290373872128,True,0.552028687234986,0.16675884392898102,0.385269843306005,0.1,14.572071323090958,True,True,True
859,11,Ob11.txt,119,0.14188612264802386,0.3789294681752182,0.18174884710204098,0.19718062107317724,0.15,2.670659125101519,True,0.6280729516535097,0.17859985356752972,0.44947309808598,0.05,4.426598880368075,True,True,True
859,12,Ob12.txt,91,0.29610045494197007,0.3279882363047769,0.251257859573169,0.07673037673160793,0.325,1.107692442988837,True,0.2269632783902153,0.24351930684657505,-0.016556028456359756,0.55,0.7665076989992997,False,False,True
859,13,Ob13.txt,102,0.21651073452580535,0.11878236485867291,0.0,0.11878236485867291,0.0,0.5486211347387746,True,0.24269819822765154,0.0,0.24269819822765154,0.0,1.1209522648343562,True,True,True
859,14,Ob14.txt,47,0.45899379010594393,0.2649950568893709,0.22511410782661742,0.039880949062753496,0.45,0.5773390895510925,False,0.16900657814222272,0.28519003155372896,-0.11618345341150624,0.625,0.3682110341911445,False,False,False
859,15,Ob15.txt,96,0.20746964026365614,0.2662979798100579,0.07594260398830022,0.1903553758217577,0.075,1.2835515570935665,True,0.26832155583900175,0.08435524019029156,0.1839663156487102,0.15,1.2933051577956847,True,True,True
859,16,Ob16.txt,84,0.1707787011568524,0.16362389766129298,0.18886679674801216,-0.025242899086719173,0.625,0.9581048254431443,False,0.1684746598431218,0.24315511682341223,-0.07468045698029044,0.6,0.9865086143756624,False,False,False
859,17,Ob17.txt,122,0.1592856228207807,0.2186956955199122,0.16391940438954933,0.054776291130362864,0.35,1.372978249053754,True,0.4293623459839488,0.21079496705680617,0.21856737892714262,0.1,2.695549908274166,True,True,True
859,18,Ob18.txt,103,0.1323595787166255,0.21356829917733933,0.1733896537263159,0.040178645451023426,0.45,1.6135462295069494,False,0.2643180070529903,0.22118151765762756,0.04313648939536274,0.375,1.9969692380094415,False,False,False
859,19,Ob19.txt,143,0.24867841175610003,0.21571161355425658,0.23348818089710047,-0.017776567342843885,0.525,0.8674320059829851,False,0.1291077946417584,0.18656176809327185,-0.05745397345151346,0.55,0.5191757247041827,False,False,False
860,1,Ob1.txt,28,0.5339581529946886,0.34590549941800536,0.23882720344390818,0.10707829597409718,0.375,0.6478138735741827,False,0.17610108004117397,0.2576043417438893,-0.08150326170271532,0.6,0.3298031485304911,False,False,False
860,2,Ob2.txt,43,0.3354471673998806,0.1489515469656319,0.21495534874386993,-0.06600380177823803,0.75,0.4440387680724381,False,0.2365045404551457,0.23050241149540496,0.0060021289597407546,0.475,0.7050425922160578,False,False,False
860,3,Ob3.txt,40,0.3098832667201861,0.18527733825979703,0.2948457768982671,-0.10956843863847004,0.675,0.597893975433969,False,0.29390034209607163,0.39922384564056335,-0.10532350354449171,0.625,0.9484227567584457,False,False,False
860,4,Ob4.txt,58,0.2713316541599795,0.28129020195476606,0.22616937667089537,0.05512082528387069,0.375,1.0367024917369756,False,0.044970157282978235,0.2147387948223487,-0.16976863753937046,0.85,0.1657387060945843,False,False,False
860,5,Ob5.txt,93,0.2354636905406392,0.23139941912018858,0.20429303831170315,0.02710638080848543,0.425,0.9827392859972643,False,0.11797035431526126,0.22039780096989658,-0.10242744665463532,0.7,0.5010129334352742,False,False,False
860,6,Ob6.txt,112,0.05135267145473106,0.09921820109227603,0.19061339652761686,-0.09139519543534083,0.75,1.9320942471267515,False,0.2918549343715199,0.25401471337907683,0.03784022099244305,0.35,5.683344723921498,True,False,True
860,7,Ob7.txt,33,0.5011935987061601,0.2779582308002776,0.2824173449802479,-0.004459114179970303,0.525,0.554592539724832,False,0.6223295906178052,0.2187564898092796,0.40357310080852565,0.125,1.2416950101205597,True,False,True
860,8,Ob8.txt,84,0.09583898040571442,0.16207731409988677,0.2497908452223797,-0.08771353112249294,0.625,1.6911418862530267,False,0.01631310714996423,0.2648433925686472,-0.24853028541868297,0.975,0.17021369677459086,False,False,False
860,9,Ob9.txt,37,0.45428888653052213,0.06346537337599872,0.21265002478929046,-0.14918465141329174,0.85,0.13970267655168514,False,0.15802745684264885,0.25937445854863705,-0.1013470017059882,0.65,0.347856752670157,False,False,False
860,10,Ob10.txt,36,0.879444029996884,0.33588047498241685,0.2388052321712494,0.09707524281116744,0.4,0.3819236512227014,False,0.36890781392195965,0.27886000786646764,0.09004780605549201,0.375,0.41947844472065693,False,False,False
860,11,Ob11.txt,119,0.020474669920800853,0.2227000462265707,0.1991387141472598,0.02356133207931088,0.375,10.87685648110609,False,0.5314300420183244,0.1648651795446128,0.3665648624737117,0.05,25.955487637846026,True,False,True
860,12,Ob12.txt,91,0.12354071611312856,0.181900373290728,0.24744658637214273,-0.06554621308141473,0.65,1.4723920907513472,False,0.18125995672628753,0.24130550741602724,-0.06004555068973971,0.625,1.4672082405634137,False,False,False
860,13,Ob13.txt,102,0.2833318764691183,0.0525119220489685,0.18599401199609636,-0.13348208994712785,0.825,0.1853371484471569,False,0.07755769873746918,0.198601585814137,-0.12104388707666783,0.725,0.2737344618755686,False,False,False
860,14,Ob14.txt,47,0.229388359381694,0.0830015250172495,0.22111339871830488,-0.13811187370105538,0.825,0.3618384352238988,False,0.014451621028804984,0.20284884580961046,-0.18839722478080548,0.95,0.0630006730409454,False,False,False
860,15,Ob15.txt,96,0.501683645657895,0.39247534768659553,0.15112856217004092,0.2413467855165546,0.05,0.7823164081259086,True,0.3382873326861677,0.1673033523412794,0.17098398034488826,0.25,0.6743040870757235,True,True,True
860,16,Ob16.txt,84,0.3481830642709149,0.25783978781724026,0.21918627269688917,0.03865351512035109,0.425,0.7405293774329582,False,0.2843832112532084,0.21297135051749477,0.07141186073571365,0.425,0.8167634800064113,False,False,False
860,17,Ob17.txt,122,0.1269290957907117,0.5888968819068978,0.21996754356825715,0.36892933833864067,0.05,4.639573600034986,True,0.4864496413991287,0.2188480190444832,0.2676016223546455,0.075,3.832451798137883,True,True,True
860,18,Ob18.txt,103,0.26161487163390085,0.13942333607700794,0.1532198170897836,-0.013796481012775669,0.575,0.5329335263177027,False,0.17017115656281587,0.20318437278135612,-0.03301321621854025,0.55,0.6504643849182639,False,False,False
860,19,Ob19.txt,143,0.0576921212327611,0.06702519206032498,0.08346005232062376,-0.016434860260298778,0.6,1.1617737505249501,False,0.024023971575246245,0.1620050294395679,-0.13798105786432166,0.875,0.4164168531491605,False,False,False
861,1,Ob1.txt,28,0.52322588001691,0.5269122640343911,0.3022269715785337,0.2246852924558574,0.125,1.0070454925076755,True,0.39390616026999264,0.31242518203341263,0.08148097823658002,0.3,0.7528415074905357,True,True,True
861,2,Ob2.txt,43,0.6757084669888739,0.983728207076429,0.23402393077027878,0.7497042763061503,0.0,1.455847092548904,True,0.6970351769537105,0.25723433958291686,0.4398008373707937,0.075,1.0315619990080542,True,True,True
861,3,Ob3.txt,40,0.44494329355692913,0.22741835458972026,0.22136545995939658,0.006052894630323685,0.475,0.5111176140485479,False,0.08472261591742125,0.30228757971501496,-0.2175649637975937,0.8,0.19041216520006105,False,False,False
861,4,Ob4.txt,58,0.5071482493934834,0.4299568528737964,0.2710022025109551,0.15895465036284134,0.2,0.8477932308511311,True,0.7860896860806448,0.2625740948418689,0.5235155912387759,0.1,1.5500195199742037,True,True,True
861,5,Ob5.txt,93,0.16873237937710683,0.03411560534889446,0.17682913196777295,-0.14271352661887848,0.975,0.20218766234931182,False,0.06049957265569933,0.22579731578709622,-0.1652977431313969,0.875,0.3585534257208949,False,False,False
861,6,Ob6.txt,112,0.09744589148660548,0.5745861685802282,0.18654352039065977,0.38804264818956835,0.025,5.8964637689133195,True,0.2929335719141445,0.2078836742442185,0.08504989766992599,0.425,3.006115162427448,False,False,True
861,7,Ob7.txt,33,0.3114746712696003,0.5490890889315655,0.3018234968076803,0.24726559212388521,0.275,1.7628691498201965,True,0.24999031112841258,0.29437703942609256,-0.04438672829767998,0.55,0.8026023756905444,False,False,True
861,8,Ob8.txt,84,0.35647316285836134,0.7950515493434238,0.13853929916662136,0.6565122501768025,0.0,2.2303265215489008,True,1.0841335004367165,0.20181924157106396,0.8823142588656525,0.0,3.0412766328428456,True,True,True
861,9,Ob9.txt,37,0.29646492617101466,0.2560501469964081,0.2982252437454695,-0.04217509674906139,0.55,0.8636777048247068,False,0.15716055624066627,0.3090669936523486,-0.1519064374116823,0.625,0.5301151750747365,False,False,False
861,10,Ob10.txt,36,0.24771179393443282,0.044308703084960765,0.28734303120847426,-0.2430343281235135,0.875,0.1788719962873019,False,0.1536540951899571,0.23717464986325226,-0.08352055467329517,0.6,0.6202938210952846,False,False,False
861,11,Ob11.txt,119,0.004658070421327515,0.002447702968682075,0.17091283258003467,-0.1684651296113526,1.0,0.5254757329290222,False,0.2632159354692389,0.23582746487455494,0.02738847059468394,0.4,56.50750453751713,False,False,False
861,12,Ob12.txt,91,0.16859567916813561,0.13105953081710164,0.269115157889253,-0.13805562707215135,0.875,0.7773599623890701,False,0.1326584338920611,0.2453715128299464,-0.11271307893788529,0.75,0.7868436163169086,False,False,False
861,13,Ob13.txt,102,0.3940841599275814,0.4772124147448963,0.0,0.4772124147448963,0.1,1.2109403606391866,True,0.2220038954913837,0.0,0.2220038954913837,0.1,0.563341331791108,True,True,True
861,14,Ob14.txt,47,0.05079580714560278,0.709175086054644,0.1850854585322369,0.5240896275224071,0.025,13.96129180547995,True,0.5196296864038712,0.23031495496164728,0.2893147314422239,0.125,10.229775164599461,True,True,True
861,15,Ob15.txt,96,0.11154441485806893,0.6433244228355377,0.19500087669353047,0.4483235461420072,0.05,5.767428370610173,True,0.4315714157578486,0.22012390526889933,0.21144751048894925,0.2,3.869054459669609,True,True,True
861,16,Ob16.txt,84,0.2497103011287855,0.11210583714143355,0.16625897006794055,-0.054153132926507,0.675,0.44894358236193116,False,0.18951039416418214,0.23607483966620357,-0.046564445502021434,0.65,0.7589210108975204,False,False,False
861,17,Ob17.txt,122,0.053938103519226455,0.35946509543454686,0.21128246130910072,0.14818263412544613,0.275,6.664399969242783,True,0.1635324945904123,0.17012826351012578,-0.006595768919713474,0.5,3.0318547357179604,False,False,True
861,18,Ob18.txt,103,0.039751259599581715,0.168749723632148,0.0,0.168749723632148,0.0,4.245141546003329,True,0.40148199229254145,0.0,0.40148199229254145,0.0,10.099855862096156,True,True,True
861,19,Ob19.txt,143,0.05344772394696462,0.41978944583074734,0.0933101776950673,0.32647926813568007,0.0,7.854206219282568,True,0.4272319519703615,0.1181750627480725,0.309056889222289,0.0,7.993454546245925,True,True,True
862,1,Ob1.txt,28,0.37571154445143123,0.2598489343310707,0.23601756978584618,0.023831364545224526,0.475,0.6916181793414702,False,0.4199563455640209,0.27247668936841674,0.14747965619560416,0.3,1.1177626872690074,True,False,True
862,2,Ob2.txt,43,0.3342674477868721,0.1507988794726302,0.2344322514157307,-0.0836333719431005,0.7,0.4511324105025599,False,0.2569674286349837,0.20701312807035202,0.049954300564631654,0.4,0.7687479900789661,False,False,False
862,3,Ob3.txt,40,0.4111000304241798,0.5207732224173611,0.2715059428627386,0.24926727955462252,0.1,1.2667798196950233,True,0.9389384678761048,0.31189881752385273,0.6270396503522521,0.0,2.283965941105119,True,True,True
862,4,Ob4.txt,58,0.4011615321265954,0.2957907184875985,0.21322037059515025,0.08257034789244827,0.375,0.7373356984643663,False,0.5347524652611078,0.2085164806762469,0.32623598458486086,0.05,1.3330103273520124,True,False,True
862,5,Ob5.txt,93,0.24262049899460647,0.22348338562752232,0.16545682798219608,0.05802655764532624,0.425,0.9211232626823113,False,0.5506020777363971,0.21334049912145703,0.3372615786149401,0.075,2.269396361882172,True,False,True
862,6,Ob6.txt,112,0.31812458325895104,0.2551348890123283,0.1803045308360845,0.07483035817624378,0.325,0.8019967724551811,True,0.4410171005921285,0.15144140684307977,0.28957569374904873,0.1,1.3863031145667353,True,True,True
862,7,Ob7.txt,33,0.6745134395355393,0.05132912088071606,0.234697006070971,-0.18336788519025493,0.9,0.07609799578798696,False,0.2726019326021117,0.191865488745335,0.0807364438567767,0.4,0.4041460356813967,False,False,False
862,8,Ob8.txt,84,0.05414991310040542,0.3357828704754553,0.1451252533118506,0.1906576171636047,0.2,6.200986322043447,True,0.3579724006890611,0.17538326221541603,0.18258913847364508,0.175,6.6107659309684275,True,True,True
862,9,Ob9.txt,37,0.07534433135532195,0.013789913639187995,0.29532012176224676,-0.28153020812305873,0.975,0.1830252308452392,False,0.24514606895759988,0.23470436538424594,0.010441703573353944,0.45,3.2536763489411995,False,False,False
862,10,Ob10.txt,36,0.48218247196295605,0.2690753695064756,0.27444782682097824,-0.005372457314502643,0.5,0.558036397322936,False,0.4821154521046353,0.2064233396288997,0.2756921124757356,0.175,0.9998610072696175,True,False,True
862,11,Ob11.txt,119,0.1876372712105052,0.04689629394760997,0.09714101284828125,-0.05024471890067128,0.9,0.24993059025569755,False,0.05091816749742961,0.1752892924191329,-0.1243711249217033,0.875,0.2713648901891453,False,False,False
862,12,Ob12.txt,91,0.04476996241211917,0.04127998604290184,0.2928279948877681,-0.2515480088448663,0.925,0.9220464753333678,False,0.11314764916646208,0.2523750486140623,-0.1392273994476002,0.775,2.5273116855651674,False,False,False
862,13,Ob13.txt,102,0.0906778823496403,0.1482141072407338,0.0,0.1482141072407338,0.0,1.634512225034573,True,0.23030597943137493,0.0,0.23030597943137493,0.0,2.539825296573972,True,True,True
862,14,Ob14.txt,47,0.5424811228971269,0.13477719479411504,0.20898785992298693,-0.0742106651288719,0.75,0.24844587047441544,False,0.5876520466081616,0.21221567728631857,0.37543636932184304,0.05,1.0832672729141226,True,False,True
862,15,Ob15.txt,96,0.16149202464839327,0.24945909139917435,0.1457839776528963,0.10367511374627805,0.225,1.5447146194513717,True,0.4635135829447044,0.09323273674028948,0.3702808462044149,0.05,2.870194883950983,True,True,True
862,16,Ob16.txt,84,0.21289639719770861,0.21485986310248215,0.22643186297242368,-0.011571999869941535,0.5,1.0092226356604341,False,0.28021530412965767,0.2455902724906844,0.034625031638973264,0.325,1.316205007778655,True,False,True
862,17,Ob17.txt,122,0.04921818793330879,0.09903659499249134,0.257452478669034,-0.15841588367654263,0.775,2.012195067536559,False,0.09497601702792692,0.21116648557873816,-0.11619046855081124,0.75,1.9296934937267605,False,False,False
862,18,Ob18.txt,103,0.08144941424280384,0.02888444333331465,0.04146711717495799,-0.012582673841643341,0.65,0.35463046114989866,False,0.1575658536458764,0.10214701863217412,0.05541883501370229,0.425,1.9345240860316875,False,False,False
862,19,Ob19.txt,143,0.058272471220818814,0.08779715155551172,0.11902740877288276,-0.031230257217371035,0.625,1.5066660073984424,False,0.1824588765741552,0.11775031754079938,0.0647085590333558,0.3,3.1311333250780122,True,False,True
863,1,Ob1.txt,28,0.3390512761108532,0.1077751200347137,0.28529054937843745,-0.17751542934372375,0.8,0.3178726276183562,False,0.12344851539357751,0.27715730859654364,-0.15370879320296613,0.775,0.36409984002896334,False,False,False
863,2,Ob2.txt,43,0.508071997467939,0.06743737918532791,0.2442911085670383,-0.1768537293817104,0.875,0.13273193468920402,False,0.008054642519052108,0.23044436719436862,-0.2223897246753165,0.95,0.01585334865765827,False,False,False
863,3,Ob3.txt,40,0.536022905767986,0.36911543399540675,0.2612476541968373,0.10786777979856943,0.325,0.6886187698761813,True,0.2581713237597899,0.30651383667232546,-0.04834251291253555,0.6,0.48164233464966455,False,False,True
863,4,Ob4.txt,58,0.31098285314187823,0.025175949048268392,0.22070832347452515,-0.19553237442625676,0.95,0.08095606813660072,False,0.12714528274317374,0.25088513910966603,-0.12373985636649229,0.725,0.40884981746941157,False,False,False
863,5,Ob5.txt,93,0.402911350074991,0.43337238880804485,0.2051143775834786,0.22825801122456624,0.075,1.0756023346758148,True,0.2024646981519233,0.1972579645839912,0.005206733567932109,0.475,0.5025043303303319,False,False,True
863,6,Ob6.txt,112,0.10181650408065068,0.0948050597205139,0.174634796266681,-0.0798297365461671,0.8,0.9311364653162428,False,0.074556674135286,0.1822582949040838,-0.1077016207687978,0.8,0.7322651156459694,False,False,False
863,7,Ob7.txt,33,0.9723325838504533,0.5891575235525182,0.3041367829450594,0.28502074060745874,0.225,0.6059218145497547,True,0.4337046170910497,0.2756584561209264,0.1580461609701233,0.4,0.44604554480070197,False,False,True
863,8,Ob8.txt,84,0.4760557282009414,0.3760364672012023,0.18316827675466574,0.19286819044653658,0.225,0.7899000997683169,True,0.506668182338747,0.1580137042276373,0.3486544781111097,0.05,1.064304349941325,True,True,True
863,9,Ob9.txt,37,0.05073013376624541,0.21027875720465944,0.21244300470866653,-0.002164247504007094,0.525,4.145046377633914,False,0.003936170959670471,0.18251765665209463,-0.17858148569242416,1.0,0.07759039189227415,False,False,False
863,10,Ob10.txt,36,0.04900880514445566,0.007621916525329564,0.19250557221489473,-0.18488365568956516,1.0,0.15552137014692813,False,0.4062482819798802,0.21982996535931043,0.1864183166205698,0.25,8.289291705489353,True,False,True
863,11,Ob11.txt,119,0.2907685637289944,0.010669254215333213,0.1779077295858762,-0.16723847537054298,1.0,0.03669328650423606,False,0.006940376270102827,0.22371840832252896,-0.21677803205242613,1.0,0.023869073675280385,False,False,False
863,12,Ob12.txt,91,1.0045932857314017,0.7459712440309558,0.09972204747018489,0.646249196560771,0.0,0.7425604517034432,True,0.4825067864972685,0.16393099296692124,0.31857579353034726,0.025,0.4803006284737169,True,True,True
863,13,Ob13.txt,102,0.40604887545331114,0.16597552296443546,0.17428940415170263,-0.00831388118726717,0.525,0.4087574993998965,False,0.16674373176406185,0.2155136974431997,-0.048769965679137856,0.625,0.41064941154660234,False,False,False
863,14,Ob14.txt,47,0.44630744880972195,0.5958104205214241,0.2560817553583131,0.33972866516311095,0.075,1.3349775409539288,True,0.49278571622245404,0.25483990824286906,0.23794580797958498,0.2,1.1041395735981712,True,True,True
863,15,Ob15.txt,96,0.022445299404397906,0.17703294258724322,0.16809884323053537,0.008934099356707859,0.45,7.887305907470123,False,0.0418021414141066,0.1581563129342501,-0.11635417152014349,0.85,1.8624007040830979,False,False,False
863,16,Ob16.txt,84,0.047651300912884303,0.2059152451248098,0.10799263642918647,0.09792260869562333,0.4,4.321293252859188,False,0.5451001725858529,0.23877157579199215,0.3063285967938607,0.075,11.439355529503807,True,False,True
863,17,Ob17.txt,122,0.09004786779193669,0.027641160947959542,0.15808797213965395,-0.1304468111916944,0.85,0.3069607490521243,False,0.024163514072037623,0.156838782005336,-0.13267526793329837,0.875,0.2683407687994289,False,False,False
863,18,Ob18.txt,103,0.5798115973454145,0.05381540009921218,0.08514345364599885,-0.031328053546786666,0.65,0.09281532198665633,False,0.31941736487510325,0.056363842450838586,0.26305352242426466,0.0,0.550898544177989,True,False,True
863,19,Ob19.txt,143,0.0009434318955179599,0.11136596056991258,0.18525660485240603,-0.07389064428249345,0.65,118.04345506971735,False,0.07911622925370311,0.24955155310588692,-0.1704353238521838,0.8,83.86003232407886,False,False,False
864,1,Ob1.txt,28,0.6778270572549023,0.44086410235849094,0.21583012184309924,0.2250339805153917,0.175,0.6504079435009931,True,0.3639142393113204,0.2612153413909135,0.10269889792040687,0.3,0.5368836127390936,True,True,True
864,2,Ob2.txt,43,0.42391748373738986,0.499497595902205,0.21915201922095723,0.28034557668124777,0.125,1.17828967915755,True,0.4509626627436729,0.26178269243492447,0.18917997030874845,0.225,1.0637982155580001,True,True,True
864,3,Ob3.txt,40,0.2158053386651364,0.25881778257372334,0.3074209949527974,-0.04860321237907406,0.6,1.1993113060809355,False,0.6089026319640084,0.2906488195606304,0.318253812403378,0.075,2.8215364630475537,True,False,True
864,4,Ob4.txt,58,0.15500962270720992,0.05391749512085474,0.3436311532563984,-0.2897136581355437,0.95,0.34783321305604914,False,0.47150750083204596,0.41917972084297517,0.05232777998907079,0.4,3.0417950356711296,False,False,False
864,5,Ob5.txt,93,0.061605698737398934,0.020986662852398016,0.2177202201265816,-0.19673355727418357,0.975,0.34066106354634457,False,0.06799881967815083,0.24182622895130387,-0.17382740927315304,0.9,1.1037748304422823,False,False,False
864,6,Ob6.txt,112,0.0056724103527244635,0.09793962616428614,0.18411180049315398,-0.08617217432886784,0.675,17.2659628049028,False,0.14874136163031587,0.22771391637010377,-0.0789725547397879,0.675,26.22189728549439,False,False,False
864,7,Ob7.txt,33,0.13280689067260168,0.29441707747233364,0.28135991983316844,0.013057157639165207,0.475,2.216881036678562,False,0.3369883447793621,0.27540039604602085,0.06158794873334128,0.45,2.5374311759930652,False,False,False
864,8,Ob8.txt,84,0.21361361427759223,0.2749100801335599,0.19062792882448407,0.08428215130907582,0.3,1.2869501836915342,True,0.4542253982883096,0.19230869638392598,0.26191670190438365,0.075,2.1263878701010173,True,True,True
864,9,Ob9.txt,37,0.5573043965538353,0.05360916397407996,0.11836694735567262,-0.06475778338159266,0.8,0.09619368572288185,False,0.12416860124324386,0.16475499213450795,-0.04058639089126409,0.625,0.2228021203691495,False,False,False
864,10,Ob10.txt,36,0.2500697046211864,0.27509535841384536,0.32418449638468205,-0.049089137970836694,0.625,1.1000747124909378,False,0.258623066369983,0.32698550249981306,-0.06836243612983006,0.6,1.0342039103127407,False,False,False
864,11,Ob11.txt,119,0.08325031204695543,0.18932677133152084,0.17344551188779184,0.015881259443729007,0.425,2.274186927068038,False,0.09207842923994386,0.21346981570140394,-0.12139138646146008,0.75,1.106043052283205,False,False,False
864,12,Ob12.txt,91,0.16008567859342332,0.18731254087819027,0.17992898244310584,0.007383558435084425,0.475,1.1700768146407163,False,0.11920894084012877,0.22835851140760466,-0.10914957056747589,0.65,0.744657122907846,False,False,False
864,13,Ob13.txt,102,0.22092049903510455,0.15221031152643144,0.0,0.15221031152643144,0.075,0.6889822908748954,True,0.16545286828645606,0.0,0.16545286828645606,0.375,0.7489249255233911,False,False,True
864,14,Ob14.txt,47,0.1808058215279322,0.6275380278037317,0.21017904228314083,0.41735898552059086,0.1,3.4707844166775628,True,0.5779499072171972,0.20815186893983406,0.36979803827736313,0.05,3.196522669088458,True,True,True
864,15,Ob15.txt,96,0.3635870416487705,0.16220478221386966,0.15472920733448772,0.007475574879381941,0.5,0.4461236612787797,False,0.25743266187490865,0.25419137062017116,0.0032412912547374884,0.5,0.7080358549290426,False,False,False
864,16,Ob16.txt,84,0.16660104252160476,0.49406341722628044,0.1848844227736886,0.30917899445259184,0.1,2.9655481727385378,True,0.45940285346498955,0.18872078268683834,0.2706820707781512,0.1,2.7575028734013736,True,True,True
864,17,Ob17.txt,122,0.17835373827211928,0.0038618354236718277,0.1497039910449146,-0.14584215562124278,1.0,0.0216526744047255,False,0.1768852789450477,0.19874568666059816,-0.02186040771555045,0.625,0.9917665907017261,False,False,False
864,18,Ob18.txt,103,0.2061253477199101,0.07352325075970081,0.0,0.07352325075970081,0.45,0.3566919429026586,False,0.07469083460603357,0.0,0.07469083460603357,0.325,0.3623563789327159,True,False,True
864,19,Ob19.txt,143,0.3695236098681109,0.009202174928157128,0.14457311984860088,-0.13537094492044377,0.95,0.024902806430802994,False,0.05038896222915809,0.11831013882740257,-0.06792117659824448,0.75,0.13636195599827233,False,False,False
865,1,Ob1.txt,28,0.7479334704884365,0.30849091204082774,0.26416556759005033,0.044325344450777404,0.4,0.4124576907079293,False,0.3875592313727242,0.25154822780829733,0.13601100356442686,0.275,0.5181734026685948,True,False,True
865,2,Ob2.txt,43,0.10937461513850187,0.24217927797399022,0.28015503614357584,-0.03797575816958562,0.575,2.2142183327211424,False,0.12577880034624014,0.23458041688816056,-0.10880161654192042,0.825,1.1499816496448059,False,False,False
865,3,Ob3.txt,40,0.1300328764705525,0.2750949766486826,0.26088696200238976,0.014208014646292844,0.475,2.1155801833775563,False,0.5099676460488396,0.22551179882008748,0.2844558472287521,0.175,3.921836230119295,True,False,True
865,4,Ob4.txt,58,0.6656426973251572,0.022285524005624807,0.2551787861177289,-0.23289326211210407,0.925,0.03347970930226947,False,0.01812557954967997,0.2310276351422832,-0.21290205559260322,0.95,0.02723019364971096,False,False,False
865,5,Ob5.txt,93,0.1191195521986391,0.22687895369207,0.21891617537071842,0.007962778321351588,0.45,1.9046323588736764,False,0.05580085572472785,0.21852926654998936,-0.16272841082526152,0.95,0.4684441361202948,False,False,False
865,6,Ob6.txt,112,0.2707826065310712,0.22790401621258283,0.19258201848859002,0.035321997723992804,0.45,0.8416493922272358,False,0.1803761537062811,0.19950867146129728,-0.019132517755016176,0.55,0.6661290251136704,False,False,False
865,7,Ob7.txt,33,0.41114711799820264,0.24317231343030304,0.2854799989310852,-0.04230768550078218,0.55,0.5914484202498194,False,0.2516425608549753,0.3224072586913778,-0.07076469783640255,0.6,0.6120499204279364,False,False,False
865,8,Ob8.txt,84,0.2451929866006091,0.024576863601727353,0.15186280947469621,-0.12728594587296888,0.925,0.10023477401399009,False,0.05932061442728337,0.1591626187523104,-0.09984200432502702,0.8,0.24193438503161496,False,False,False
865,9,Ob9.txt,37,0.211170199616473,0.28386647724615266,0.27915497561660024,0.004711501629552417,0.475,1.344254434393255,False,0.09346695435511371,0.2381037275125663,-0.1446367731574526,0.775,0.44261432022543074,False,False,False
865,10,Ob10.txt,36,0.11072547187166515,0.18721994357283406,0.26228832767792415,-0.07506838410509009,0.575,1.6908480082146662,False,0.03101981189341646,0.2328689369308993,-0.20184912503748284,0.925,0.2801506407610487,False,False,False
865,11,Ob11.txt,119,0.23336215794480775,0.110471380263711,0.20341603440077788,-0.09294465413706687,0.775,0.47339029273905875,False,0.012144192360362793,0.2370321259453816,-0.2248879335850188,0.975,0.05204010996176597,False,False,False
865,12,Ob12.txt,91,0.3162284266027166,0.6439150056719924,0.22442219053666265,0.41949281513532977,0.05,2.0362337838810243,True,0.3479174499841595,0.312888276852991,0.035029173131168545,0.45,1.1002092813789142,False,False,True
865,13,Ob13.txt,102,0.09517144727526804,0.16291597711081707,0.1870008742960655,-0.02408489718524842,0.55,1.7118156944656828,False,0.12867889581732042,0.2079125712333919,-0.07923367541607149,0.675,1.3520745927624438,False,False,False
865,14,Ob14.txt,47,0.6505661100418674,0.37196976781243907,0.20372569026305953,0.16824407754937953,0.175,0.5717632106420374,True,0.30914233929427015,0.1983826578179916,0.11075968147627854,0.225,0.47518973786441965,True,True,True
865,15,Ob15.txt,96,0.1676840610244842,0.1933674825169788,0.22654380766714718,-0.033176325150168384,0.65,1.1531655503545115,False,0.1342063241098558,0.20479594737649032,-0.07058962326663451,0.6,0.8003523011662976,False,False,False
865,16,Ob16.txt,84,0.04266540677823176,0.03334238623125352,0.17053706028985577,-0.13719467405860225,0.975,0.7814852534879634,False,0.06496675483579431,0.23841408052629165,-0.17344732569049734,0.85,1.5227032798135862,False,False,False
865,17,Ob17.txt,122,0.17877554487523634,0.04204188835661489,0.1296509606291096,-0.08760907227249472,0.85,0.2351657682596075,False,0.1954581561664781,0.14540218562768958,0.05005597053878852,0.375,1.093315958303381,False,False,False
865,18,Ob18.txt,103,0.1307991332452867,0.003405106822467363,0.10479142304714273,-0.10138631622467537,0.975,0.026033099287300247,False,0.014462058116824744,0.18309629597371604,-0.1686342378568913,0.875,0.11056692623263908,False,False,False
865,19,Ob19.txt,143,0.07205256374551185,0.054024563262512953,0.1448266542709797,-0.09080209100846676,0.9,0.7497937679681542,False,0.1185200021319453,0.0695522096818095,0.0489677924501358,0.25,1.6449102706540113,True,False,True
866,1,Ob1.txt,28,0.3071195269095288,0.3235047821825097,0.21481191471969757,0.10869286746281215,0.35,1.0533513952624955,True,0.453972847403606,0.2574146021701179,0.19655824523348808,0.225,1.4781634107470385,True,True,True
866,2,Ob2.txt,43,0.1541700713746517,0.20745898375225807,0.21336442425633084,-0.0059054405040727675,0.525,1.3456501764736681,False,0.088859356462786,0.2769162828672018,-0.18805692640441582,0.775,0.5763722859467786,False,False,False
866,3,Ob3.txt,40,0.10520110800019897,0.16724765375044867,0.19030405540912695,-0.023056401658678283,0.6,1.589789850408537,False,0.4800663483708149,0.2737602673489036,0.20630608102191134,0.2,4.563320268165873,True,False,True
866,4,Ob4.txt,58,0.2902645735248396,0.008407419570647445,0.20501847496655473,-0.19661105539590729,1.0,0.028964676841378215,False,0.3061943390407107,0.32911237542806954,-0.022918036387358842,0.575,1.0548801575143234,False,False,False
866,5,Ob5.txt,93,0.14561273978098097,0.0011489304813944723,0.1980652183599067,-0.19691628787851223,1.0,0.007890315662781991,False,0.07983023930598937,0.1764612414611062,-0.09663100215511683,0.7,0.5482366407366802,False,False,False
866,6,Ob6.txt,112,0.04640497120167028,0.1716620446205937,0.1625949536081786,0.009067091012415096,0.475,3.6992167040589603,False,0.07609259766998372,0.1893326337126754,-0.11324003604269167,0.775,1.6397509943340913,False,False,False
866,7,Ob7.txt,33,0.4772126870352611,0.5519610632829356,0.23870410954117038,0.3132569537417652,0.175,1.1566353499779258,True,0.6887100464557907,0.2405010921780743,0.4482089542777164,0.05,1.4431930775656476,True,True,True
866,8,Ob8.txt,84,0.010662561805824235,0.26372330488159357,0.21248148110571016,0.051241823775883405,0.4,24.73357807291109,False,0.22514012046650894,0.22505627775074188,8.384271576705737e-05,0.5,21.115011998667164,False,False,False
866,9,Ob9.txt,37,0.19772409921407505,0.6939872175202005,0.21338043949775745,0.4806067780224431,0.05,3.5098767437995684,True,0.09108142852639745,0.2851624847875639,-0.19408105626116645,0.875,0.4606491008856941,False,False,True
866,10,Ob10.txt,36,0.39120632679672773,0.20972262372367667,0.2723196717485906,-0.06259704802491395,0.575,0.5360921062829572,False,0.09248570367144437,0.22407921651978507,-0.1315935128483407,0.775,0.23641157449761874,False,False,False
866,11,Ob11.txt,119,0.15144603827367437,0.28560552049269894,0.15715571282771418,0.12844980766498476,0.25,1.8858566638540146,True,0.2979977774107567,0.13208828040699938,0.16590949700375734,0.25,1.9676828843304066,True,True,True
866,12,Ob12.txt,91,0.01701882623076345,0.5493861981118073,0.15838536263058245,0.3910008354812249,0.05,32.28108629011851,True,0.38669799196565074,0.09799495852125871,0.288703033444392,0.15,22.72177803112241,True,True,True
866,13,Ob13.txt,102,0.09351542473319228,0.4726068172174735,0.0,0.4726068172174735,0.0,5.053784641045712,True,0.3178525142486243,0.0,0.3178525142486243,0.0,3.3989314078985946,True,True,True
866,14,Ob14.txt,47,0.06743905306320813,0.4551344843665944,0.27433993536973306,0.18079454899686137,0.225,6.748826736045859,True,0.0359914112546548,0.30439840495361814,-0.26840699369896337,0.9,0.5336879689120394,False,False,True
866,15,Ob15.txt,96,0.23751543187669377,0.6550322516594392,0.22113922784564377,0.43389302381379546,0.075,2.7578513382637784,True,0.5628817437206302,0.22541471732055607,0.3374670264000741,0.1,2.3698744088883053,True,True,True
866,16,Ob16.txt,84,0.0714546676150555,0.19418341015159868,0.18268573563590734,0.011497674515691336,0.45,2.7175748853484865,False,0.4706239286104917,0.1626167281419797,0.308007200468512,0.125,6.586328707676071,True,False,True
866,17,Ob17.txt,122,0.09906178052642356,0.07618071940254506,0.18518793088853436,-0.1090072114859893,0.725,0.7690223111043795,False,0.00156440149661069,0.1740717670629593,-0.1725073655663486,0.95,0.015792180276765815,False,False,False
866,18,Ob18.txt,103,0.42437018319886266,0.17498357863633193,0.14121888276538747,0.03376469587094447,0.4,0.41233711877993434,False,0.22681229971057348,0.08308862697593077,0.1437236727346427,0.2,0.5344680392031401,True,False,True
866,19,Ob19.txt,143,0.05491532150672579,0.37854981846719515,0.11123163064591496,0.2673181878212802,0.05,6.89333701562381,True,0.0183944867826209,0.11914854787926046,-0.10075406109663956,0.9,0.3349609230707686,False,False,True
867,1,Ob1.txt,28,0.17998488906885157,0.01896620345764008,0.2386700313924086,-0.21970382793476853,0.95,0.10537664331578821,False,0.46023499233361986,0.23727281990559987,0.22296217242802,0.175,2.55707573404988,True,False,True
867,2,Ob2.txt,43,0.02233057677129724,0.26032938560277835,0.19589358539345056,0.06443580020932779,0.375,11.657978576594337,False,0.007900688960650964,0.23727059444044385,-0.22936990547979288,1.0,0.35380586187125135,False,False,False
867,3,Ob3.txt,40,0.26491674187280406,0.17628397299107887,0.24542671769248892,-0.06914274470141005,0.65,0.6654316059636542,False,0.49827072467477823,0.2568649344953428,0.24140579017943542,0.2,1.8808578165060466,True,False,True
867,4,Ob4.txt,58,0.1973205410371225,0.37910169083986595,0.2246971170660068,0.15440457377385913,0.35,1.921247979796206,True,0.2479327923445254,0.21287182900149038,0.03506096334303502,0.45,1.2564976309176097,False,False,True
867,5,Ob5.txt,93,0.29378994724343527,0.09418992452974131,0.19953121127868398,-0.10534128674894266,0.775,0.3206029525976096,False,0.15003938028805378,0.199387376786325,-0.049347996498271235,0.6,0.5107029076244419,False,False,False
867,6,Ob6.txt,112,0.43311915691687464,0.0411120107500067,0.13289614655656845,-0.09178413580656175,0.85,0.09492078587024269,False,0.04938176123868848,0.1488302378851607,-0.09944847664647222,0.85,0.11401426247273094,False,False,False
867,7,Ob7.txt,33,0.11259767137605353,0.4659170312209596,0.2005972553706597,0.2653197758502999,0.25,4.137892245256926,True,0.4504465870956459,0.29257969991595795,0.15786688717968794,0.25,4.000496472002916,True,True,True
867,8,Ob8.txt,84,0.38054457957412935,0.08902174084230055,0.18024889386145734,-0.09122715301915679,0.85,0.23393248943901798,False,0.10803473694249738,0.1918988257717169,-0.08386408882921953,0.675,0.2838950880955918,False,False,False
867,9,Ob9.txt,37,0.1868006811204594,0.25635096938821067,0.4089057320712946,-0.15255476268308393,0.675,1.3723235260737696,False,0.4678975698416138,0.3752845733645047,0.09261299647710908,0.375,2.504795844614119,False,False,False
867,10,Ob10.txt,36,0.7953285709680051,0.10392807550209368,0.1968777570701961,-0.09294968156810243,0.775,0.13067313220698387,False,0.8126888470260716,0.2655978480988765,0.547090998927195,0.0,1.0218278038684527,True,False,True
867,11,Ob11.txt,119,0.13968406402325184,0.10768157650586369,0.2038066062546227,-0.09612502974875903,0.8,0.7708937827577739,False,0.04540497828206476,0.24081319391809067,-0.1954082156360259,0.825,0.3250548199578918,False,False,False
867,12,Ob12.txt,91,0.04012135854851187,0.053108837826409044,0.29455556608163247,-0.24144672825522343,0.95,1.323704873108762,False,0.16679563713263404,0.25871277917249813,-0.09191714203986409,0.7,4.157277898029219,False,False,False
867,13,Ob13.txt,102,0.3371885732552186,0.5635154958006268,0.0,0.5635154958006268,0.0,1.6712176523671842,True,0.18807169778726485,0.0,0.18807169778726485,0.0,0.5577641495131955,True,True,True
867,14,Ob14.txt,47,0.12855862356198772,0.2471116011829245,0.19212218928364294,0.054989411899281554,0.375,1.9221705579616255,False,0.07625135211203382,0.15437104158818044,-0.07811968947614661,0.775,0.59312514399524,False,False,False
867,15,Ob15.txt,96,0.00956537500751864,0.3844334824271932,0.20430999288720958,0.18012348953998364,0.2,40.19011090783354,True,0.4430975251214922,0.15764320846226243,0.28545431665922977,0.075,46.32306885754147,True,True,True
867,16,Ob16.txt,84,0.04836105651829481,0.08378006472082972,0.25964378235684576,-0.17586371763601605,0.825,1.7323869814369341,False,0.01554173603573189,0.17788213109068618,-0.1623403950549543,0.975,0.32136882761964697,False,False,False
867,17,Ob17.txt,122,0.13480934234090258,0.12175925889319925,0.14918434183340495,-0.02742508294020571,0.7,0.9031960009514578,False,0.12911439285452675,0.1503309166709868,-0.021216523816460053,0.625,0.9577555280109995,False,False,False
867,18,Ob18.txt,103,0.19788910147358396,0.20829709869711274,0.03883805086117498,0.16945904783593776,0.075,1.052595100720684,True,0.3171381792431458,0.0415019203045755,0.2756362589385703,0.05,1.602605585055326,True,True,True
867,19,Ob19.txt,143,0.23393847961961733,0.2281170437820733,0.18858473979892162,0.03953230398315166,0.425,0.9751155267529751,False,0.028647311978245715,0.12821024650795904,-0.09956293452971332,0.925,0.12245660493658882,False,False,False
868,1,Ob1.txt,28,0.39913186239820964,0.42283741120034335,0.2802031954450639,0.14263421575527946,0.25,1.0593927747579395,True,0.23242487107444312,0.15307250626537172,0.0793523648090714,0.375,0.5823260254841677,False,False,True
868,2,Ob2.txt,43,0.9505422504442309,0.575941157292921,0.22895813674399476,0.34698302054892616,0.075,0.6059080035882234,True,0.09643686002245644,0.3125336394302619,-0.21609677940780547,0.85,0.1014545749832658,False,False,True
868,3,Ob3.txt,40,0.1763924370133072,0.5576153555922443,0.23247344553968213,0.32514191005256216,0.1,3.161220316663448,True,0.28892609372657885,0.2801010659192563,0.008825027807322527,0.5,1.6379732522476687,False,False,True
868,4,Ob4.txt,58,0.6264610546204523,0.23907564993376446,0.15896191697076623,0.08011373296299823,0.275,0.38162891080054584,True,0.10359937923876533,0.15190576971377895,-0.048306390475013616,0.675,0.16537241776590894,False,False,True
868,5,Ob5.txt,93,0.10123369620684454,0.1834434944245643,0.20060181921997594,-0.017158324795411628,0.55,1.8120793895517318,False,0.2429425229369766,0.1930667969216282,0.0498757260153484,0.375,2.3998187564009044,False,False,False
868,6,Ob6.txt,112,0.3572766358913527,0.25058654586208884,0.1982694600346619,0.052317085827426946,0.4,0.7013796052935626,False,0.30161869318770296,0.22503944072939816,0.0765792524583048,0.25,0.8442161140350212,True,False,True
868,7,Ob7.txt,33,0.15532387364596972,0.5966343108113797,0.29756830739647455,0.2990660034149052,0.15,3.841227345200587,True,0.04476427927342769,0.3290739561682747,-0.284309676894847,0.975,0.2881996065553907,False,False,True
868,8,Ob8.txt,84,0.004688665728090957,0.08908349764194627,0.33245337686266085,-0.24336987922071457,0.825,18.99975447347952,False,0.2737621893497529,0.2655344409895273,0.008227748360225606,0.475,58.38807994128816,False,False,False
868,9,Ob9.txt,37,0.8368338301548222,0.09474335582120405,0.29969967185730517,-0.20495631603610112,0.925,0.1132164503957442,False,0.2769021665480095,0.24043798602497368,0.036464180523035794,0.475,0.3308926534396679,False,False,False
868,10,Ob10.txt,36,0.3145976455006618,0.6053519458758878,0.2696571637270031,0.3356947821488847,0.025,1.9242100331441112,True,0.08045214834996706,0.25130593948635416,-0.1708537911363871,0.825,0.25573029391854685,False,False,True
868,11,Ob11.txt,119,0.19130185105146058,0.3436048750497016,0.18625237670339548,0.15735249834630613,0.175,1.7961398343044324,True,0.1377548778046147,0.18256021341187487,-0.04480533560726016,0.7,0.7200917139456134,False,False,True
868,12,Ob12.txt,91,0.2907675972220884,0.31477763487025495,0.11041931430404664,0.2043583205662083,0.125,1.0825746674579688,True,0.24896104486877013,0.17394341201894575,0.07501763284982438,0.325,0.856220043936373,True,True,True
868,13,Ob13.txt,102,0.13004175284962832,0.5997267994795493,0.1647031871265666,0.4350236123529827,0.0,4.6118018739184,True,0.32095538975409776,0.11642055812361088,0.20453483163048689,0.175,2.4680949212152603,True,True,True
868,14,Ob14.txt,47,0.062250161130457865,0.1381579844067982,0.22442181459503197,-0.08626383018823378,0.725,2.2193996272115672,False,0.0714778343265092,0.2564958557481634,-0.18501802142165422,0.9,1.1482353302943726,False,False,False
868,15,Ob15.txt,96,0.230314961187747,0.3133507446368249,0.30604182531357793,0.007308919323246954,0.475,1.3605314349569726,False,0.08672129757025293,0.39051570047643686,-0.3037944029061839,0.85,0.3765334962306678,False,False,False
868,16,Ob16.txt,84,0.02619557736087197,0.7026502818168101,0.2389226131597486,0.4637276686570615,0.05,26.823240890515766,True,0.7256948662234236,0.3167685266301795,0.4089263395932441,0.075,27.702953679020094,True,True,True
868,17,Ob17.txt,122,0.13481776984130325,0.004277196969063257,0.13621752702621473,-0.13194033005715147,1.0,0.03172576563236458,False,0.1030437829964769,0.17174730078527387,-0.06870351778879696,0.7,0.7643189997711121,False,False,False
868,18,Ob18.txt,103,0.29807896943070733,0.017534929880962988,0.38534786537799876,-0.36781293549703575,0.825,0.058826457681507884,False,0.016476825673965495,0.524406927105349,-0.5079301014313835,0.825,0.05527671309866014,False,False,False
868,19,Ob19.txt,143,0.03705441173388571,0.27355152685335615,0.1158231022866673,0.15772842456668884,0.05,7.382428003929079,True,0.354946995042671,0.08421386522387025,0.27073312981880077,0.0,9.579075160922802,True,True,True
869,1,Ob1.txt,28,0.3519549994909335,0.1173362663250827,0.23493332376737774,-0.11759705744229504,0.725,0.3333842863286428,False,0.3122881185016647,0.2686793397434779,0.043608778758186806,0.425,0.8872955887921955,False,False,False
869,2,Ob2.txt,43,0.3996177454571825,0.39367909625318165,0.24984517519857752,0.14383392105460413,0.175,0.9851391754457582,True,0.2342180993228215,0.14604956159918503,0.08816853772363648,0.3,0.5861053518903782,True,True,True
869,3,Ob3.txt,40,0.07535064664548946,0.22745654732780451,0.3013329655537717,-0.07387641822596719,0.625,3.0186409467452155,False,0.05040813036736147,0.31025472234656915,-0.2598465919792077,0.925,0.6689807269275629,False,False,False
869,4,Ob4.txt,58,0.11123123551312662,0.34724149263870857,0.26696576316335485,0.08027572947535372,0.35,3.1217983962583054,True,0.36787644995755964,0.3477932785312565,0.020083171426303115,0.425,3.3073124492458397,False,False,True
869,5,Ob5.txt,93,0.05909273913584631,0.3568456331908919,0.19329135903851372,0.1635542741523782,0.2,6.038739080457101,True,0.09383357337018206,0.21339642797999425,-0.1195628546098122,0.925,1.5879036027500977,False,False,True
869,6,Ob6.txt,112,0.3041134530863594,0.013994354266858952,0.16772031358837727,-0.15372595932151834,0.9,0.04601688654294738,False,0.0945953794734791,0.17198995361579786,-0.07739457414231876,0.725,0.31105292618086433,False,False,False
869,7,Ob7.txt,33,0.23430827829807924,0.1434974238139361,0.2643968793214871,-0.12089945550755099,0.7,0.6124300210655956,False,0.32702662713809916,0.34840697321036684,-0.021380346072267686,0.525,1.3957109390820017,False,False,False
869,8,Ob8.txt,84,0.3289730531643202,0.5201018566240172,0.24641591215243372,0.27368594447158345,0.25,1.580986198174199,True,0.4691014113401544,0.19947870883755153,0.26962270250260284,0.175,1.4259569494460718,True,True,True
869,9,Ob9.txt,37,0.6717839630504472,0.17244859742102686,0.36865108046786077,-0.1962024830468339,0.725,0.2567024622588035,False,0.15307547738178828,0.2995214742871054,-0.14644599690531712,0.8,0.2278641435361165,False,False,False
869,10,Ob10.txt,36,0.3164483096232905,0.23045817270022512,0.29436369504024285,-0.06390552234001773,0.525,0.7282648245919512,False,0.0660607117433735,0.20352276599466176,-0.13746205425128827,0.875,0.2087567218229547,False,False,False
869,11,Ob11.txt,119,0.4161369290745406,0.39274733962735275,0.17154907110918102,0.22119826851817173,0.175,0.9437935260895863,True,0.4124309627379088,0.20643128889631582,0.20599967384159298,0.1,0.9910943584245849,True,True,True
869,12,Ob12.txt,91,0.08424924330581082,0.78456118186807,0.13860494274290822,0.6459562391251618,0.0,9.312382534051286,True,0.8421210171135464,0.1484087191579833,0.6937122979555631,0.0,9.995591462546273,True,True,True
869,13,Ob13.txt,102,0.04063359272389111,0.05682627956439604,0.23925660724740022,-0.18243032768300418,0.825,1.3985049254821171,False,0.2034579824072651,0.22630148420991528,-0.022843501802650185,0.525,5.007137414350246,False,False,False
869,14,Ob14.txt,47,0.007249808539572411,0.31589753203611465,0.1878458562333149,0.12805167580279975,0.325,43.573224080583245,True,0.4471784170797314,0.2667540857074594,0.18042433137227198,0.275,61.68141056951356,True,True,True
869,15,Ob15.txt,96,0.5875369436732047,0.06573057325694905,0.1820436670993517,-0.11631309384240267,0.75,0.11187479181480918,False,0.15716922056817031,0.2647451861619988,-0.10757596559382851,0.725,0.26750525607048425,False,False,False
869,16,Ob16.txt,84,0.4098340522740507,0.15944442958671057,0.17097256704750383,-0.011528137460793259,0.55,0.3890463193626775,False,0.4202492951607396,0.18733590144068657,0.23291339372005304,0.15,1.025413317485206,True,False,True
869,17,Ob17.txt,122,0.024649461047880572,0.18166395772438476,0.16656539897967193,0.015098558744712831,0.475,7.3698957300327965,False,0.05772120736633754,0.17261221688870024,-0.1148910095223627,0.75,2.3416823294520093,False,False,False
869,18,Ob18.txt,103,0.41744352578685523,0.14679699847707517,0.0825820537057254,0.06421494477134977,0.15,0.35165714500032524,True,0.12778562659224801,0.14515126002374323,-0.01736563343149522,0.6,0.30611476450947467,False,False,True
869,19,Ob19.txt,143,0.04881799528042788,0.42935816266037957,0.18419252772239236,0.2451656349379872,0.075,8.795079769130092,True,0.30396828768732,0.17148590645966377,0.1324823812276562,0.125,6.226562273629188,True,True,True
870,1,Ob1.txt,28,0.30832622370904517,0.09350322848496867,0.295986710033491,-0.2024834815485223,0.925,0.30326070666374405,False,0.4506864214449847,0.24441388635081748,0.20627253509416724,0.225,1.4617193958509318,True,False,True
870,2,Ob2.txt,43,0.2945330832428542,0.06082931799247193,0.20168152203890044,-0.1408522040464285,0.775,0.20652796393101874,False,0.26894849572291535,0.22346873088494812,0.04547976483796723,0.45,0.9131350976323317,False,False,False
870,3,Ob3.txt,40,0.2575845370778297,0.06416847224031842,0.2212442105370542,-0.15707573829673577,0.85,0.24911616577717857,False,0.051612219088320144,0.2495824130204639,-0.19797019393214377,0.9,0.20037002094083547,False,False,False
870,4,Ob4.txt,58,0.26762875727985214,0.30924220821660897,0.21108309426065197,0.098159113955957,0.3,1.1554894599508332,True,0.4163001932040871,0.1484672626656849,0.2678329305384022,0.225,1.5555136803507752,True,True,True
870,5,Ob5.txt,93,0.3178870732656023,0.005106024783499641,0.17123344258022327,-0.16612741779672363,0.975,0.01606238571152415,False,0.21465448469868348,0.23600492621855623,-0.021350441519872754,0.525,0.675253895962402,False,False,False
870,6,Ob6.txt,112,0.07430751479126342,0.4593839189484896,0.2707609023575642,0.1886230165909254,0.1,6.182200013537539,True,0.22844495698600015,0.20224633607123854,0.026198620914761606,0.475,3.0743183596938053,False,False,True
870,7,Ob7.txt,33,0.05284933440255371,1.1582243018469618,0.26247883463835714,0.8957454672086047,0.0,21.915589192188495,True,0.9414715955684372,0.33969855674629046,0.6017730388221467,0.0,17.814256436935274,True,True,True
870,8,Ob8.txt,84,0.9824530396862476,0.4768060589330466,0.24690740506722986,0.22989865386581676,0.225,0.48532198453507513,True,0.3819795647440223,0.18222397697504072,0.19975558776898156,0.275,0.388801855471901,True,True,True
870,9,Ob9.txt,37,0.1298317323403339,0.10013912309377065,0.23065713057796733,-0.13051800748419667,0.775,0.7712992909258221,False,0.6337457580585324,0.3681867258892312,0.2655590321693012,0.3,4.881285542715131,True,False,True
870,10,Ob10.txt,36,0.5693013707798599,0.016456448462911416,0.2855049122370556,-0.26904846377414415,0.925,0.02890639177693966,False,0.1195217323576274,0.22597674102043835,-0.10645500866281095,0.775,0.2099445715261498,False,False,False
870,11,Ob11.txt,119,0.5614866174668663,0.2531477414976145,0.18783747835118642,0.06531026314642807,0.3,0.4508526715021002,True,0.41179364327781115,0.16702924854329576,0.2447643947345154,0.075,0.7333988566559404,True,True,True
870,12,Ob12.txt,91,0.20422387099854478,0.06057946389879204,0.2747811861644813,-0.21420172226568923,0.9,0.296632629685213,False,0.0794792850777796,0.24794967208943888,-0.16847038701165928,0.85,0.38917725283126153,False,False,False
870,13,Ob13.txt,102,0.27446825843937006,0.05821330111357246,0.14910142397283832,-0.09088812285926587,0.7,0.21209483910662025,False,0.12582240638119657,0.18799760945272811,-0.06217520307153154,0.675,0.45842243141929906,False,False,False
870,14,Ob14.txt,47,0.326435234758583,0.05968098192878629,0.24475131627296032,-0.18507033434417403,0.925,0.18282640957225005,False,0.1831422120464779,0.23554428715288758,-0.05240207510640968,0.675,0.5610368996530714,False,False,False
870,15,Ob15.txt,96,0.0834457409799434,0.1847772889065169,0.41557701516690526,-0.23079972626038836,0.65,2.2143405611429476,False,0.29936485024902737,0.3453647621301307,-0.045999911881103306,0.525,3.587539001193377,False,False,False
870,16,Ob16.txt,84,0.024289555160208323,0.015476150005345468,0.20053038847779447,-0.185054238472449,0.9,0.6371524675222885,False,0.1631252844224889,0.21175642272062867,-0.04863113829813978,0.675,6.715861338198744,False,False,False
870,17,Ob17.txt,122,0.15029702307299997,0.08722052977651851,0.16900261519232812,-0.08178208541580961,0.8,0.5803210735195672,False,0.21545117581042633,0.19324375514709793,0.022207420663328398,0.475,1.4335026163876892,False,False,False
870,18,Ob18.txt,103,0.43351782585845894,0.6728338977473993,0.0,0.6728338977473993,0.0,1.5520328291346333,True,0.7370960220890184,0.0,0.7370960220890184,0.0,1.7002669281924199,True,True,True
870,19,Ob19.txt,143,0.11513576180587262,0.3046762573933678,0.21699016923813297,0.08768608815523482,0.325,2.646234780702406,True,0.31432855084967176,0.07851453892821578,0.23581401192145598,0.025,2.7300687980825007,True,True,True
871,1,Ob1.txt,28,0.3521467719334396,0.17334257194111335,0.303277881939358,-0.12993530999824465,0.75,0.4922452390785437,False,0.1662316217582685,0.18903197442536016,-0.022800352667091656,0.55,0.4720520959075794,False,False,False
871,2,Ob2.txt,43,0.11714927495852193,0.41663767789155276,0.16766933334389267,0.2489683445476601,0.125,3.5564682584597147,True,0.3074795418489733,0.28128995943123297,0.02618958241774033,0.45,2.6246815608362923,False,False,True
871,3,Ob3.txt,40,0.16556882514237115,0.4681123183806733,0.2546652508312406,0.2134470675494327,0.175,2.827297457586884,True,0.8243655355861109,0.2509538019194345,0.5734117336666764,0.0,4.97899006577625,True,True,True
871,4,Ob4.txt,58,0.052664188595566486,0.0985586572484247,0.2891459815537425,-0.19058732430531777,0.85,1.871454965447276,False,0.03719328055446028,0.4022673538784193,-0.365074073323959,0.95,0.7062347592608952,False,False,False
871,5,Ob5.txt,93,0.563967755713643,0.4916692909671774,0.13821734709421296,0.3534519438729644,0.05,0.8718039036558405,True,0.29049292621624373,0.1586395175282665,0.13185340868797724,0.2,0.5150878277582641,True,True,True
871,6,Ob6.txt,112,0.028704511707778144,0.3125998906970352,0.14296960922540553,0.16963028147162967,0.225,10.890270278045842,True,0.18143297065969866,0.18181195987330054,-0.0003789892136018824,0.5,6.320712663805225,False,False,True
871,7,Ob7.txt,33,0.20046800189309072,0.17866261215770046,0.3543962598324738,-0.17573364767477334,0.8,0.8912275798158599,False,0.08917521141108263,0.38712228276286614,-0.2979470713517835,0.85,0.44483513862047486,False,False,False
871,8,Ob8.txt,84,0.43082198367711244,0.5210860590273662,0.22757221548522444,0.2935138435421417,0.05,1.2095159457273745,True,0.4711298978744771,0.1771584364971429,0.2939714613773342,0.05,1.0935604860581447,True,True,True
871,9,Ob9.txt,37,0.42339899401648584,0.532751836558037,0.27855581546414215,0.2541960210938949,0.2,1.2582737419949876,True,0.43855187976177723,0.3481410557221885,0.09041082403958872,0.4,1.0357886673313668,False,False,True
871,10,Ob10.txt,36,0.25556252368601057,0.31847018619530054,0.27699227756917416,0.04147790862612638,0.4,1.2461537067405848,False,0.2529104707885781,0.20739086629153858,0.04551960449703951,0.425,0.9896226846597788,False,False,False
871,11,Ob11.txt,119,0.051082683659716674,0.3680542173424684,0.1592483489089373,0.2088058684335311,0.05,7.205068155663727,True,0.3125464276304585,0.17575433106423513,0.13679209656622335,0.15,6.1184418131291265,True,True,True
871,12,Ob12.txt,91,0.43764737980793506,0.31079898919818794,0.1326490257795626,0.17814996341862532,0.225,0.7101584598417668,True,0.5173482518984514,0.19470605620215567,0.3226421956962957,0.1,1.1821120741668638,True,True,True
871,13,Ob13.txt,102,0.12761641833761886,0.41724613301620295,0.0,0.41724613301620295,0.0,3.2695333284808763,True,0.2624482341987542,0.0,0.2624482341987542,0.0,2.0565397275484383,True,True,True
871,14,Ob14.txt,47,0.3412576580021267,0.2915099181576065,0.22468994515088025,0.06681997300672626,0.325,0.8542223487796129,True,0.18241377720243931,0.19788913475469985,-0.015475357552260538,0.525,0.5345338717682419,False,False,True
871,15,Ob15.txt,96,0.41824998304442573,0.3804042973995482,0.12614380804666106,0.25426048935288714,0.25,0.9095141968221965,True,0.4011791656829935,0.18738077884299145,0.21379838684000205,0.225,0.9591851331656384,True,True,True
871,16,Ob16.txt,84,0.1703254628142737,0.23284637527032995,0.2981113767882192,-0.06526500151788925,0.55,1.3670673275917078,False,0.2844839139964915,0.25871849534297764,0.02576541865351384,0.45,1.6702371406834131,False,False,False
871,17,Ob17.txt,122,0.5910636962880232,0.19010316696374618,0.15474222620903078,0.03536094075471541,0.475,0.32162890084034124,False,0.07705708023658529,0.18852823550562048,-0.11147115526903519,0.85,0.1303701795940376,False,False,False
871,18,Ob18.txt,103,0.029561741561440327,0.3360886992572731,0.06858630171275987,0.2675023975445132,0.125,11.369042603892446,True,0.38329928111689926,0.016106180753221455,0.3671931003636778,0.125,12.966058860918608,True,True,True
871,19,Ob19.txt,143,0.17684921937952802,0.08939021324544671,0.17197858519513853,-0.08258837194969182,0.725,0.5054600385518834,False,0.15140523692371344,0.1863902883906966,-0.034985051466983164,0.575,0.8561261251529168,False,False,False
872,1,Ob1.txt,28,0.17544099112939704,0.4191051855364245,0.19947229325069832,0.2196328922857262,0.175,2.3888669508673273,True,0.08938025358058188,0.23341966728547076,-0.14403941370488887,0.85,0.5094604915601463,False,False,True
872,2,Ob2.txt,43,0.37345960375359133,0.007538748974193543,0.3120210212002861,-0.30448227222609253,0.975,0.020186250128320732,False,0.02872781368853094,0.26467483746151904,-0.2359470237729881,0.95,0.07692348355696739,False,False,False
872,3,Ob3.txt,40,0.14258609558229995,0.007898729724724052,0.21917184461178535,-0.2112731148870613,1.0,0.05539621302110027,False,0.08981905228224038,0.2908382380869521,-0.2010191858047117,0.725,0.6299285488913419,False,False,False
872,4,Ob4.txt,58,0.12304129947976038,0.1774808309939988,0.22133049371345853,-0.043849662719459725,0.625,1.4424492568301706,False,0.010894206560982778,0.202182795647972,-0.19128858908698923,0.975,0.08854105578407692,False,False,False
872,5,Ob5.txt,93,0.6889776328479398,0.25648957807663453,0.13679802583253592,0.11969155224409861,0.3,0.3722756238347186,True,0.4891890224961306,0.19662968397255548,0.29255933852357513,0.125,0.7100216308532858,True,True,True
872,6,Ob6.txt,112,0.21326601322433592,0.41427360470800356,0.1970011580891267,0.21727244661887687,0.125,1.9425205096895888,True,0.3045152222814636,0.2524625970023656,0.052052625279097986,0.325,1.4278656860394443,True,True,True
872,7,Ob7.txt,33,0.2482955228393493,0.10676742381169191,0.37569287642014476,-0.26892545260845285,0.875,0.4300014055459708,False,0.20090509256060585,0.3893008791690471,-0.18839578660844125,0.8,0.8091369923355174,False,False,False
872,8,Ob8.txt,84,0.1938035079770895,0.01571906004966972,0.2866418473260336,-0.2709227872763639,1.0,0.08110823283718863,False,0.24370442626089994,0.33630079598499696,-0.09259636972409702,0.6,1.2574820177646602,False,False,False
872,9,Ob9.txt,37,0.037729936025935024,0.4384139929486553,0.1793045453486119,0.2591094476000434,0.175,11.619791580014759,True,0.4890273795936573,0.20782134846687988,0.2812060311267774,0.225,12.961256527376744,True,True,True
872,10,Ob10.txt,36,0.19053032726638508,0.5381146693735445,0.22117993155039622,0.31693473782314824,0.125,2.8242992970940173,True,0.27280160457203095,0.22726422565671517,0.045537378915315785,0.45,1.4318014800374557,False,False,True
872,11,Ob11.txt,119,0.4921222220052719,0.23855306657891795,0.21598180333019296,0.022571263248724993,0.45,0.4847435370970962,False,0.28434658918628786,0.2179952203510542,0.06635136883523365,0.35,0.5777966864159241,True,False,True
872,12,Ob12.txt,91,0.041402486948339645,0.7168392774939345,0.1559749720589501,0.5608643054349844,0.025,17.313918325446917,True,0.6736543860954423,0.16579100362361265,0.5078633824718296,0.0,16.27086766396427,True,True,True
872,13,Ob13.txt,102,0.04114399866038829,0.43129830593458585,0.0,0.43129830593458585,0.0,10.482654092389463,True,0.6681478119759252,0.0,0.6681478119759252,0.0,16.23925320168722,True,True,True
872,14,Ob14.txt,47,0.721773291517859,0.5131673871771568,0.21460851201646658,0.29855887516069024,0.125,0.7109814026201875,True,0.40942963154524814,0.27841122318464606,0.13101840836060208,0.25,0.5672551705040717,True,True,True
872,15,Ob15.txt,96,0.08557376291105058,0.04294954410865723,0.4591479794135282,-0.416198435304871,0.95,0.5019008472643772,False,0.016260436051770966,0.25364047287089153,-0.23738003681912057,0.9,0.19001660671008277,False,False,False
872,16,Ob16.txt,84,0.3786554279725358,0.27323592280310743,0.17420845131303547,0.09902747149007196,0.275,0.7215951564886202,True,0.23343233484167164,0.18228651572801058,0.05114581911366106,0.4,0.6164769275632903,False,False,True
872,17,Ob17.txt,122,0.3036910118623211,0.01732766443519579,0.14703990800430417,-0.12971224356910838,0.95,0.057056889266947804,False,0.24046594481686012,0.13455670077378706,0.10590924404307306,0.375,0.791811200938261,False,False,False
872,18,Ob18.txt,103,0.5486192413814688,0.16667467580789078,0.10634792480818911,0.06032675099970167,0.45,0.3038075649483057,False,0.44840316356265436,0.16252355889556047,0.2858796046670939,0.2,0.8173303627367097,True,False,True
872,19,Ob19.txt,143,0.25288043636661606,0.1796271662096402,0.25146030161237787,-0.07183313540273767,0.55,0.7103244869018805,False,0.1665631317486927,0.1659349447434032,0.0006281870052894933,0.5,0.658663572959104,False,False,False
873,1,Ob1.txt,28,0.40809561155332796,0.09922386659224611,0.21751799215591172,-0.11829412556366561,0.8,0.24313877381472407,False,0.34035775436349025,0.2110001862979477,0.12935756806554255,0.275,0.8340147375464094,True,False,True
873,2,Ob2.txt,43,0.14463702635819597,0.12430469051439774,0.23784597580342665,-0.1135412852890289,0.85,0.8594250977378028,False,0.029265278689921306,0.2021569002046113,-0.17289162151469,0.95,0.20233600915885372,False,False,False
873,3,Ob3.txt,40,0.12713129890134456,0.569503021914727,0.20130857874051286,0.3681944431742141,0.125,4.47964448437413,True,0.455996246570595,0.3811878098413629,0.0748084367292321,0.325,3.586813400879776,True,True,True
873,4,Ob4.txt,58,0.30112848138517856,0.1990808860563319,0.3033745300404494,-0.1042936439841175,0.675,0.66111609616124,False,0.39029199085709443,0.30857032022985076,0.08172167062724367,0.375,1.2960978950306108,False,False,False
873,5,Ob5.txt,93,0.01079415868208719,0.21589030590725714,0.20179897517878392,0.014091330728473211,0.45,20.000660752331274,False,0.05403772712522936,0.19269344676978425,-0.1386557196445549,0.825,5.0062009200313575,False,False,False
873,6,Ob6.txt,112,0.18539871726628693,0.1792929289765127,0.16514848020346873,0.014144448773043966,0.45,0.9670667177216521,False,0.10258825217646989,0.15187084974928722,-0.04928259757281733,0.625,0.5533385219117944,False,False,False
873,7,Ob7.txt,33,0.9067818409407629,0.6934703951961023,0.20063570636274441,0.4928346888333579,0.05,0.7647599057306271,True,0.9515980738747436,0.24863174705116736,0.7029663268235762,0.0,1.0494233904016925,True,True,True
873,8,Ob8.txt,84,0.07150100178738272,0.2904211568744895,0.20995691404719313,0.08046424282729636,0.35,4.061777452266942,True,0.21776486270478704,0.26350441561830756,-0.045739552913520526,0.575,3.045619743235744,False,False,True
873,9,Ob9.txt,37,0.09203261879242283,0.1582910338302824,0.18547645515905298,-0.02718542132877058,0.575,1.7199449054829536,False,0.01408229461302285,0.17599203651984702,-0.16190974190682417,0.975,0.1530141682133929,False,False,False
873,10,Ob10.txt,36,0.15844930758331302,0.2740159969131299,0.26356417607798727,0.010451820835142622,0.475,1.7293606459532909,False,0.02039274506176837,0.24379876426785682,-0.22340601920608846,0.975,0.12870201437166784,False,False,False
873,11,Ob11.txt,119,0.0695895505217223,0.44332693919872984,0.1378040970949954,0.3055228421037345,0.1,6.370596388035957,True,0.3119630622040632,0.16890051979697557,0.14306254240708766,0.2,4.482900950864517,True,True,True
873,12,Ob12.txt,91,0.4561112412362821,0.09617852284394707,0.20983052557868948,-0.11365200273474241,0.85,0.21086637238594855,False,0.13028585849625657,0.14789580948065784,-0.017609950984401268,0.55,0.2856449188647902,False,False,False
873,13,Ob13.txt,102,0.3972533889617184,0.20978566976447582,0.0,0.20978566976447582,0.0,0.5280903211745588,True,0.09124679133820587,0.0,0.09124679133820587,0.0,0.22969417976947437,False,False,True
873,14,Ob14.txt,47,0.1764784882518605,0.023947622948746257,0.30396879525965215,-0.2800211723109059,0.925,0.1356971219889957,False,0.11012640235863314,0.22834465187760813,-0.118218249518975,0.65,0.624021677936558,False,False,False
873,15,Ob15.txt,96,0.16742469819888517,0.1008671500456934,0.2024330181730663,-0.10156586812737291,0.725,0.602462785543579,False,0.09834937991859291,0.16940881657144624,-0.07105943665285333,0.7,0.5874245614691977,False,False,False
873,16,Ob16.txt,84,0.2537604194536168,0.8578586180479533,0.24138642288932602,0.6164721951586273,0.0,3.3805848047345126,True,0.6690873849125467,0.19108760773536415,0.47799977717718256,0.05,2.6366893085737697,True,True,True
873,17,Ob17.txt,122,0.017530769112798356,0.28046512908724064,0.15694056902684936,0.12352456006039128,0.2,15.998449770380399,True,0.1478209949284082,0.14835218880532677,-0.0005311938769185787,0.5,8.432088402812363,False,False,True
873,18,Ob18.txt,103,0.3847430448535459,0.16084070579061632,0.0,0.16084070579061632,0.0,0.4180470782827043,True,0.006345600599053827,0.0,0.006345600599053827,0.0,0.016493087227786814,False,False,True
873,19,Ob19.txt,143,0.4650044385293114,0.01567820145796341,0.20836993276845595,-0.19269173131049253,0.95,0.033716240446111656,False,0.01536301058040835,0.07865730682758812,-0.06329429624717978,0.925,0.03303841707188339,False,False,False
874,1,Ob1.txt,28,0.09150178952151825,0.5186217540185082,0.18896736644070697,0.3296543875778012,0.05,5.66788646135216,True,0.670759493200358,0.21724549513018765,0.45351399807017034,0.025,7.330561475441058,True,True,True
874,2,Ob2.txt,43,0.39895599107599017,0.3786230660206584,0.2332242962570547,0.14539876976360372,0.2,0.9490346667047321,True,0.41582506195185387,0.23173650179136962,0.18408856016048425,0.225,1.0422830368591973,True,True,True
874,3,Ob3.txt,40,0.4074988991227457,0.02648314483024733,0.22847187887429782,-0.2019887340440505,1.0,0.06498948803851898,False,0.4674229912133057,0.20745121990477888,0.25997177130852683,0.075,1.147053383995793,True,False,True
874,4,Ob4.txt,58,0.38616286494811036,0.20991348288472805,0.11759043767603289,0.09232304520869516,0.425,0.5435879571510187,False,0.5939707889653068,0.18787447950405495,0.4060963094612518,0.1,1.5381354420112872,True,False,True
874,5,Ob5.txt,93,0.17798728919743967,0.20063286283987236,0.11917981045087185,0.08145305238900051,0.35,1.1272314093019988,True,0.3066993004966883,0.13727674411539664,0.16942255638129167,0.225,1.7231528266969085,True,True,True
874,6,Ob6.txt,112,0.06412529769676212,0.2810224245036551,0.22926060395759346,0.051761820546061654,0.4,4.382395631636105,False,0.3150153491374965,0.15995825287444568,0.15505709626305084,0.25,4.912497258525828,True,False,True
874,7,Ob7.txt,33,0.03477227603505208,0.3523676819482479,0.2880428302081506,0.06432485174009733,0.425,10.13358117809271,False,0.13251314107995144,0.24793036051980738,-0.11541721943985594,0.7,3.810884882725882,False,False,False
874,8,Ob8.txt,84,0.2955964837757998,0.06903037751708825,0.20972170481909597,-0.14069132730200773,0.825,0.23352908882855833,False,0.22187393011731604,0.2742863725460967,-0.05241244242878068,0.575,0.7505973253917327,False,False,False
874,9,Ob9.txt,37,0.07924380932458774,0.09626123841577366,0.21644792066181162,-0.12018668224603796,0.775,1.2147477416372228,False,0.0032986017836862114,0.14929644697292063,-0.14599784518923442,1.0,0.04162598708720483,False,False,False
874,10,Ob10.txt,36,0.28725230357360515,0.19879647034811038,0.28182818188340697,-0.08303171153529659,0.675,0.6920622319645594,False,0.4361975295522566,0.2063530189766259,0.2298445105756307,0.15,1.5185170810666309,True,False,True
874,11,Ob11.txt,119,0.1786400876869919,0.24017763092403965,0.17005631730539045,0.0701213136186492,0.325,1.344477793499923,True,0.09317078655321465,0.14970083961054537,-0.05653005305733072,0.75,0.5215558711349596,False,False,True
874,12,Ob12.txt,91,0.04640625099833234,0.1872428986016647,0.23221186761807294,-0.04496896901640823,0.675,4.034863721449799,False,0.09054561220651607,0.21519140012899463,-0.12464578792247856,0.675,1.9511511974921205,False,False,False
874,13,Ob13.txt,102,0.4949969735560479,0.2137556945401336,0.018816719691473305,0.1949389748486603,0.0,0.43183232617467776,True,0.6414592165152306,0.22393978267727233,0.4175194338379583,0.025,1.2958851281594734,True,True,True
874,14,Ob14.txt,47,0.36440346025146636,0.48397405499200513,0.2428156149024563,0.24115844008954884,0.175,1.3281269465938272,True,0.1659504794389477,0.2273477869909883,-0.06139730755204059,0.625,0.45540313839069785,False,False,True
874,15,Ob15.txt,96,0.0941798072427791,0.06069267070011933,0.22340603979385576,-0.16271336909373643,0.75,0.6444340084882975,False,0.2211968160452841,0.13097678317348632,0.09022003287179778,0.225,2.3486649900979018,True,False,True
874,16,Ob16.txt,84,0.10314466878322276,0.026459887127137427,0.17407774339624926,-0.14761785626911184,0.95,0.2565317959646337,False,0.09638256116307387,0.22620716522219342,-0.12982460405911955,0.75,0.934440551315738,False,False,False
874,17,Ob17.txt,122,0.045546043292805094,0.2467002591741263,0.1338356654611303,0.11286459371299601,0.325,5.416502539817713,True,0.12835020530589533,0.15676323824490696,-0.028413032939011623,0.6,2.81803195243023,False,False,True
874,18,Ob18.txt,103,0.058499361065696615,0.11851328145674778,0.10121124064570572,0.017302040811042058,0.475,2.025890185768929,False,0.11913203400905377,0.0012074632553944475,0.11792457075365932,0.3,2.036467267997419,True,False,True
874,19,Ob19.txt,143,0.2652080370492413,0.32364590255306286,0.0600464605820889,0.26359944197097396,0.025,1.2203472645626172,True,0.21336329155761646,0.08181511725904944,0.13154817429856702,0.125,0.8045129172235501,True,True,True
875,1,Ob1.txt,28,0.10249637387176605,0.4575241536003283,0.3248503606763711,0.1326737929239572,0.275,4.463808194548815,True,0.20007112657593107,0.2645374517477782,-0.06446632517184714,0.65,1.9519824850217773,False,False,True
875,2,Ob2.txt,43,0.2560905562123817,0.2849857126932491,0.1879209287495356,0.09706478394371354,0.35,1.1128317924262074,True,0.4520427433464166,0.34428790347161337,0.10775483987480322,0.25,1.7651675642874052,True,True,True
875,3,Ob3.txt,40,0.9142138677965485,0.1997880431281217,0.2051373118377626,-0.005349268709640892,0.5,0.21853534513718736,False,0.04401594814396079,0.28299830607033555,-0.23898235792637476,0.9,0.04814622671394021,False,False,False
875,4,Ob4.txt,58,0.11704678820030598,0.11806093513912427,0.2071331987424052,-0.08907226360328094,0.725,1.0086644576447732,False,0.010561565273556884,0.21125036542061104,-0.20068880014705415,1.0,0.09023370428142405,False,False,False
875,5,Ob5.txt,93,0.17276733013073373,0.3255297125790998,0.19683651926263146,0.12869319331646834,0.25,1.8842087351397407,True,0.24767897101789693,0.23250016466743167,0.015178806350465257,0.475,1.4335984171919383,False,False,True
875,6,Ob6.txt,112,0.3176431602977715,0.26678761494306974,0.18607834750207392,0.08070926744099582,0.325,0.8398972441055311,True,0.36287129815655705,0.17041461091869617,0.19245668723786089,0.15,1.1423866259748419,True,True,True
875,7,Ob7.txt,33,0.38757616707041326,0.7640953221657367,0.249045080542732,0.5150502416230047,0.125,1.9714713831382698,True,0.8654424705685104,0.33788718336754386,0.5275552872009666,0.05,2.2329610128253328,True,True,True
875,8,Ob8.txt,84,0.15562230310629838,0.3986131623590531,0.10423002939918932,0.29438313295986374,0.05,2.5614141058353246,True,0.18534695737091839,0.18191013809665058,0.0034368192742678105,0.5,1.1910051044824628,False,False,True
875,9,Ob9.txt,37,0.5440261629577279,0.04156641790854709,0.3630915983456623,-0.3215251804371152,0.975,0.07640518184375795,False,0.3374928783544559,0.44114815827191267,-0.10365527991745677,0.65,0.6203614850425492,False,False,False
875,10,Ob10.txt,36,0.6740923893173127,0.33157505290972683,0.21372803859051376,0.11784701431921307,0.325,0.4918836915597424,True,0.4413143465104262,0.21139677435885812,0.2299175721515681,0.2,0.6546793191914946,True,True,True
875,11,Ob11.txt,119,0.3343683770990992,0.17412965812104064,0.16545604205456,0.00867361606648065,0.5,0.5207719092090833,False,0.07951327440424587,0.16620726852918719,-0.08669399412494132,0.75,0.23780141858534645,False,False,False
875,12,Ob12.txt,91,0.09500788578746808,0.07694594667806455,0.21384371667336244,-0.1368977699952979,0.825,0.809890105861234,False,0.03985756349961486,0.10413082820296947,-0.06427326470335461,0.725,0.4195184764849513,False,False,False
875,13,Ob13.txt,102,0.18010686195919734,0.266793076727489,0.16037156708139869,0.10642150964609029,0.25,1.4813043424626993,True,0.029027504203005344,0.1740425475007054,-0.14501504329770007,0.95,0.1611682302786522,False,False,True
875,14,Ob14.txt,47,0.090427989679468,0.44051161682017503,0.3129750167439871,0.12753660007618794,0.2,4.871407828279907,True,0.44287872735573824,0.2826774201455675,0.16020130721017073,0.125,4.8975845744837505,True,True,True
875,15,Ob15.txt,96,0.25658827454249644,0.003455419247470115,0.18215474972938628,-0.17869933048191616,0.95,0.013466785470346286,False,0.28194623291940357,0.23418475562308894,0.047761477296314636,0.475,1.0988274246830687,False,False,False
875,16,Ob16.txt,84,0.15988494879827309,0.05624981807100718,0.18124292378607548,-0.1249931057150683,0.875,0.35181434208655626,False,0.49275360434288107,0.24617409908370005,0.24657950525918101,0.05,3.081926147811377,True,False,True
875,17,Ob17.txt,122,0.18147971074633484,0.6833200908285277,0.1924338428208017,0.49088624800772607,0.0,3.7652698917051146,True,0.06493557075333733,0.19115606292891102,-0.12622049217557368,0.9,0.35781173821740164,False,False,True
875,18,Ob18.txt,103,0.272339002708165,0.06826315384641929,0.1303218415007087,-0.0620586876542894,0.6,0.25065507755996747,False,0.028626870648176372,0.08831154289987497,-0.0596846722516986,0.625,0.1051148398264958,False,False,False
875,19,Ob19.txt,143,0.05361851287927455,0.3856405039628529,0.24133407669301266,0.14430642726984022,0.3,7.192301376040524,True,0.30367704189425515,0.3165354049384475,-0.012858363044192356,0.575,5.6636602842380785,False,False,True
876,1,Ob1.txt,28,0.552202706882861,0.5949095630822411,0.21309675015028598,0.3818128129319551,0.1,1.0773390924511341,True,0.41753937887658454,0.2886772152786191,0.12886216359796543,0.2,0.7561342486594462,True,True,True
876,2,Ob2.txt,43,0.24519384478474784,0.3178841212158129,0.1987804470926861,0.11910367412312678,0.275,1.2964604453871131,True,0.10229710765380892,0.21623011433300282,-0.1139330066791939,0.65,0.4172091177232205,False,False,True
876,3,Ob3.txt,40,0.05586267387261479,0.5510054862514917,0.2861302254168294,0.2648752608346623,0.125,9.86357164907582,True,0.3600566179831233,0.22985211894384633,0.13020449903927694,0.325,6.445388181814756,True,True,True
876,4,Ob4.txt,58,0.11478262246765923,0.10245596123885492,0.19920669840335062,-0.0967507371644957,0.825,0.8926086461190811,False,0.051726692408701785,0.22861459662751044,-0.17688790421880865,0.95,0.450649160096304,False,False,False
876,5,Ob5.txt,93,0.14691567334336744,0.5616699383419388,0.22803668122949575,0.33363325711244307,0.025,3.823077045219121,True,0.0669113248309976,0.1796055652915971,-0.1126942404605995,0.75,0.4554403441667807,False,False,True
876,6,Ob6.txt,112,0.14462998079336542,0.10315301057387669,0.1653656407715978,-0.06221263019772111,0.625,0.713220108362267,False,0.25662023311880017,0.1570484723481647,0.09957176077063545,0.275,1.7743225278127952,True,False,True
876,7,Ob7.txt,33,1.0874249040274921,0.3546591563588502,0.24732654367975668,0.10733261267909353,0.4,0.32614588377119214,False,0.9282424961110437,0.4109440692848214,0.5172984268262223,0.0,0.8536152636132527,True,False,True
876,8,Ob8.txt,84,0.13096048595897486,0.4021089436451383,0.22523054009492116,0.1768784035502171,0.225,3.070460075805647,True,0.1722282001080877,0.21870430414285982,-0.04647610403477212,0.575,1.315115768293961,False,False,True
876,9,Ob9.txt,37,0.07640826677467488,0.1637004599558118,0.3669295314358177,-0.20322907148000588,0.725,2.1424443566892877,False,0.17308373104025554,0.35873185873029423,-0.1856481276900387,0.775,2.265248753131294,False,False,False
876,10,Ob10.txt,36,0.3193292813774672,0.5884350309501329,0.2752693680379017,0.31316566291223125,0.075,1.842721808698044,True,0.7276541206799995,0.29714814539721196,0.4305059752827875,0.025,2.278695262586542,True,True,True
876,11,Ob11.txt,119,0.03557670550016069,0.05698009790843908,0.1826637125973088,-0.1256836146888697,0.8,1.6016125469566516,False,0.024215381609369313,0.21922751545668093,-0.19501213384731161,0.9,0.6806527268034961,False,False,False
876,12,Ob12.txt,91,0.41491981272999756,0.12093927215556652,0.23704444365694766,-0.11610517150138114,0.725,0.29147625262779586,False,0.099229457552201,0.14198183725385277,-0.04275237970165177,0.675,0.23915333639845487,False,False,False
876,13,Ob13.txt,102,0.16435116059720592,0.07448473185483978,0.0,0.07448473185483978,0.325,0.4532047816649618,True,0.09869263827569197,0.0,0.09869263827569197,0.325,0.6004985782702761,True,True,True
876,14,Ob14.txt,47,0.34549736149732446,0.0908614393040601,0.17643011466453679,-0.08556867536047669,0.725,0.2629873609172663,False,0.4674300322523063,0.3945118163171607,0.07291821593514558,0.35,1.3529192530633147,True,False,True
876,15,Ob15.txt,96,0.09272046000302936,0.31328685603015455,0.09513275041041536,0.2181541056197392,0.2,3.3788319861648537,True,0.041225872324230986,0.10605605590941702,-0.06483018358518604,0.825,0.44462540762722763,False,False,True
876,16,Ob16.txt,84,0.13571495458391464,0.41897366836284566,0.2383471500785846,0.18062651828426107,0.15,3.0871591833587346,True,0.0517869940600932,0.2658210863117979,-0.21403409225170472,0.95,0.3815864966308669,False,False,True
876,17,Ob17.txt,122,0.009151302421688046,0.03457446466215475,0.19751921739215778,-0.16294475273000303,0.9,3.7780922396592764,False,0.010860702821708007,0.17140365497605073,-0.16054295215434272,1.0,1.1867931274972165,False,False,False
876,18,Ob18.txt,103,0.5640287983097738,0.05997206140506323,0.007039525626385157,0.052932535778678076,0.05,0.10632801301065056,False,0.09524196393217552,0.0020140067891771807,0.09322795714299834,0.325,0.16886010823842204,False,False,False
876,19,Ob19.txt,143,0.025830498142781252,0.038819688525495555,0.20166260170948544,-0.16284291318398988,0.85,1.5028625584731257,False,0.149390156116614,0.19062736084722265,-0.041237204730608656,0.575,5.783479485793946,False,False,False
877,1,Ob1.txt,28,0.5578392802979917,0.3938515649436912,0.34211214794966494,0.05173941699402629,0.375,0.7060305339797871,False,0.44319481178729564,0.1947538372042631,0.24844097458303255,0.2,0.7944847690728157,True,False,True
877,2,Ob2.txt,43,0.6260791879508147,0.5094121861974158,0.20456341364271288,0.3048487725547029,0.15,0.813654560000221,True,0.4256252510116708,0.2253449101535421,0.2002803408581287,0.15,0.679826544633693,True,True,True
877,3,Ob3.txt,40,0.25139172137822074,0.03917179754650957,0.36525455537796525,-0.3260827578314557,0.925,0.15581975942467613,False,0.4661670017403081,0.25708920486271264,0.20907779687759548,0.3,1.8543450801983903,True,False,True
877,4,Ob4.txt,58,1.0072082554505468,0.4447232387196287,0.29379600844617937,0.15092723027344934,0.3,0.44154050198952555,True,0.7764331711737323,0.20476928313611653,0.5716638880376158,0.025,0.7708764964663801,True,True,True
877,5,Ob5.txt,93,0.3268285163298388,0.18852384469884664,0.19029699502656677,-0.00177315032772013,0.5,0.5768280161593562,False,0.029921850370658365,0.1556846341942234,-0.12576278382356504,0.85,0.0915521408800844,False,False,False
877,6,Ob6.txt,112,0.1475713199229688,0.20915299158832285,0.15185963951778164,0.057293352070541204,0.425,1.4173010832829798,False,0.3793475834596621,0.24629347316050865,0.13305411029915343,0.2,2.5706050718911975,True,False,True
877,7,Ob7.txt,33,0.3822007484436016,0.03476803270710853,0.24742729914368622,-0.21265926643657768,0.925,0.09096798697723896,False,0.2837595024884763,0.27857345380251053,0.005186048685965783,0.475,0.7424357582867175,False,False,False
877,8,Ob8.txt,84,0.1688335205879169,0.4343663786726898,0.21321006098017262,0.22115631769251717,0.15,2.5727496362104327,True,0.39593709082561085,0.1292744764803509,0.26666261434525995,0.1,2.3451331788075462,True,True,True
877,9,Ob9.txt,37,0.027470917456755006,0.35223982260687164,0.2682349960147693,0.08400482659210234,0.275,12.822280987206602,True,0.3546782072395111,0.22219422330758345,0.13248398393192765,0.275,12.911043389717474,True,True,True
877,10,Ob10.txt,36,0.6503123258517227,0.07060912442392359,0.2333584351676139,-0.1627493107436903,0.9,0.1085772506794268,False,0.28007975391091483,0.15046830922272086,0.12961144468819397,0.375,0.43068498439436875,False,False,False
877,11,Ob11.txt,119,0.1571265077668869,0.14764684802231468,0.14938334612958074,-0.0017364981072660601,0.5,0.9396686155678056,False,0.1906440111699605,0.15154958330842994,0.039094427861530556,0.425,1.2133153971244635,False,False,False
877,12,Ob12.txt,91,0.020911283165689798,0.5629117128458131,0.12183415942323098,0.44107755342258215,0.0,26.9190421451234,True,0.5477507283655325,0.10809210437121128,0.4396586239943212,0.0,26.194027598662853,True,True,True
877,13,Ob13.txt,102,0.5124564413726965,0.1791477832914296,0.041894741186882856,0.13725304210454675,0.275,0.3495863625239125,True,0.01031923642720186,0.2421120710674245,-0.23179283464022263,0.625,0.0201368069441378,False,False,True
877,14,Ob14.txt,47,0.22252446452680877,0.7125814697984446,0.1624133591460126,0.550168110652432,0.0,3.2022612494034153,True,0.5915652383033856,0.24421907445246926,0.3473461638509163,0.05,2.658427870217912,True,True,True
877,15,Ob15.txt,96,0.7139608591522688,0.30035600987431077,0.10650967956557898,0.19384633030873177,0.025,0.42068974233537476,True,0.7491250369212636,0.12878335304283858,0.620341683878425,0.0,1.0492522486607283,True,True,True
877,16,Ob16.txt,84,0.1702306671412412,0.3722869604337034,0.20527895409191008,0.16700800634179333,0.25,2.186955891589235,True,0.23391451391936025,0.29030871704329864,-0.05639420312393839,0.625,1.3741032555860235,False,False,True
877,17,Ob17.txt,122,0.281145541531501,0.38039493545693115,0.1619465300582043,0.21844840539872684,0.15,1.353017847570276,True,0.2883565524642634,0.16408258439489462,0.12427396806936877,0.25,1.0256486761037769,True,True,True
877,18,Ob18.txt,103,0.022407774433068545,0.28260644584133005,0.07300024878622793,0.2096061970551021,0.05,12.61198191214698,True,0.45414949198614557,0.06675090829421844,0.38739858369192715,0.0,20.267496593322047,True,True,True
877,19,Ob19.txt,143,0.10836333936515649,0.049914854700745054,0.15046661118007953,-0.10055175647933448,0.7,0.46062492161251023,False,0.13504799325840366,0.10363714005348335,0.03141085320492032,0.475,1.246251675608914,False,False,False
878,1,Ob1.txt,28,0.796906253121803,0.1143479769576477,0.1568782311325181,-0.042530254174870386,0.65,0.1434898728799035,False,0.22579054754680145,0.2239986248284759,0.0017919227183255393,0.5,0.2833338886001821,False,False,False
878,2,Ob2.txt,43,0.13100238947519582,0.14628780650307152,0.2239520983600375,-0.07766429185696597,0.675,1.1166804444492202,False,0.04194341315020304,0.3168543551252737,-0.27491094197507066,0.95,0.32017288629796076,False,False,False
878,3,Ob3.txt,40,0.2586238643715011,0.2655824133917435,0.2525170434985902,0.013065369893153267,0.475,1.0269060592577286,False,0.03950899617874204,0.2843609164764898,-0.24485192029774777,0.975,0.15276624326511962,False,False,False
878,4,Ob4.txt,58,0.06464279896616595,0.11577591887446767,0.22879454892677115,-0.11301863005230348,0.75,1.7910103016279477,False,0.09822483306167795,0.22205807666501892,-0.12383324360334097,0.825,1.5195015474668545,False,False,False
878,5,Ob5.txt,93,0.38436189059077464,0.1492229606090899,0.157436746813433,-0.008213786204343099,0.575,0.3882355776212105,False,0.20903050782940866,0.166560473495505,0.042470034333903645,0.375,0.5438377553719571,False,False,False
878,6,Ob6.txt,112,0.30898170141733206,0.20153097616695687,0.19769256127133267,0.003838414895624198,0.475,0.6522424313236439,False,0.04557006212082225,0.13084747781476844,-0.08527741569394619,0.825,0.14748466304569982,False,False,False
878,7,Ob7.txt,33,0.2816215803976377,0.6250258200314696,0.20378277543986945,0.4212430445916001,0.075,2.2193818355431416,True,0.26240072882387455,0.2630430084868691,-0.0006422796629945715,0.5,0.9317493654192832,False,False,True
878,8,Ob8.txt,84,0.008852500198531635,0.017620016479834105,0.2628974364050569,-0.2452774199252228,0.925,1.990400009565291,False,0.21622921164568254,0.24091980632185633,-0.024690594676173794,0.525,24.42577879654253,False,False,False
878,9,Ob9.txt,37,0.26539042327633355,0.01999702623504561,0.17520270667605128,-0.1552056804410057,0.95,0.07534946434078378,False,0.025321787727141054,0.1794078554461267,-0.15408606771898564,0.875,0.09541334391247097,False,False,False
878,10,Ob10.txt,36,0.37762042743882557,0.12900800220768788,0.23475032682893487,-0.105742324621247,0.75,0.34163406646899985,False,0.018000608142522967,0.19708066997278573,-0.17908006183026276,0.925,0.04766852329629086,False,False,False
878,11,Ob11.txt,119,0.38220891980066696,0.004431789837672062,0.13623718539501295,-0.1318053955573409,1.0,0.011595202539970467,False,0.3533032508897454,0.1797914591990896,0.1735117916906558,0.175,0.9243720713634922,True,False,True
878,12,Ob12.txt,91,0.08546421750738087,0.05529771721632026,0.17391883391447582,-0.11862111669815556,0.9,0.6470277132244805,False,0.09731411133963609,0.14671493533077307,-0.049400823991136975,0.65,1.1386532771008153,False,False,False
878,13,Ob13.txt,102,0.33646614625749866,0.2456025786769899,0.2123584542254219,0.03324412445156799,0.4,0.7299473703634642,False,0.30969162929593147,0.37961070060162194,-0.06991907130569047,0.55,0.9204243361200548,False,False,False
878,14,Ob14.txt,47,0.24525661000407617,0.4101316588376387,0.24343626894959822,0.16669538988804047,0.175,1.6722552710437542,True,0.5929033863640308,0.24992325709888752,0.3429801292651433,0.1,2.4174817810381413,True,True,True
878,15,Ob15.txt,96,0.5406288950882114,0.06688356743813072,0.2206961980541379,-0.1538126306160072,0.75,0.12371437791392503,False,0.10831197467711462,0.26164036852844674,-0.15332839385133212,0.8,0.2003444056748797,False,False,False
878,16,Ob16.txt,84,0.13636238281845578,0.00023051146231312103,0.13296622054466967,-0.13273570908235655,1.0,0.0016904329298792714,False,0.23927532888136233,0.1265891508665753,0.11268617801478703,0.275,1.754701875515906,True,False,True
878,17,Ob17.txt,122,0.18235397142919396,0.0825548198677154,0.16936055934161767,-0.08680573947390227,0.775,0.4527174221690616,False,0.11392111069350785,0.20443731395352494,-0.09051620326001708,0.7,0.624725141989804,False,False,False
878,18,Ob18.txt,103,0.1250506856077511,0.12053752532134432,0.012112622273457274,0.10842490304788704,0.275,0.9639093519202022,True,0.011263218726863422,0.0415019203045755,-0.03023870157771208,0.5,0.09006922810637742,False,False,True
878,19,Ob19.txt,143,0.13761704037960384,0.36994043291507667,0.24514709158901382,0.12479334132606285,0.2,2.6881876829688407,True,0.5746097490414414,0.24505839816754035,0.329551350873901,0.2,4.175425859010146,True,True,True
879,1,Ob1.txt,28,0.05469410369197436,0.14691169141554028,0.33132303643345407,-0.18441134501791379,0.775,2.6860608639446015,False,0.05550218052010453,0.41711082529923227,-0.36160864477912774,0.85,1.0147744779342411,False,False,False
879,2,Ob2.txt,43,0.24743959783360128,0.1529975669094512,0.22627711873429562,-0.07327955182484441,0.675,0.6183228886927764,False,0.011484459448435944,0.2842227775799029,-0.27273831813146693,0.925,0.046413183455620705,False,False,False
879,3,Ob3.txt,40,0.035518513060375734,0.32781241819620843,0.29387160166845994,0.033940816527748496,0.425,9.22933957395627,False,0.3144163106266717,0.29556409865998245,0.018852211966689236,0.475,8.852181117272977,False,False,False
879,4,Ob4.txt,58,0.06598052683249755,0.2585453371612946,0.20577530705798008,0.05277003010331449,0.375,3.918509741785702,False,0.23234757986364157,0.2824932228986719,-0.05014564303503033,0.525,3.5214568755034983,False,False,False
879,5,Ob5.txt,93,0.22024471507037552,0.03269639595773133,0.1705771654534461,-0.13788076949571476,0.875,0.14845484917667032,False,0.14494849994980413,0.1469691268967807,-0.002020626946976578,0.5,0.6581247586507956,False,False,False
879,6,Ob6.txt,112,0.1786240745464397,0.3595305819604505,0.22339233903818823,0.1361382429222623,0.25,2.0127778569230754,True,0.4744474087525645,0.21426473667543144,0.2601826720771331,0.1,2.656122417749546,True,True,True
879,7,Ob7.txt,33,0.3920110505451128,0.7868343768490624,0.28878553689879993,0.4980488399502625,0.1,2.0071739706187524,True,0.1517193059763218,0.29265808683960315,-0.14093878086328135,0.8,0.3870281354705379,False,False,True
879,8,Ob8.txt,84,0.23554222223263205,0.14472350922241056,0.13433245544684314,0.010391053775567427,0.5,0.6144270349944951,False,0.3927448706370264,0.21483117714104452,0.17791369349598188,0.35,1.6674075115464182,True,False,True
879,9,Ob9.txt,37,0.8813549102363513,0.8513914843530419,0.340888665762402,0.51050281859064,0.05,0.9660029965961452,True,0.6631877122233093,0.27532673299530525,0.38786097922800405,0.075,0.7524638536880263,True,True,True
879,10,Ob10.txt,36,0.28706923616986074,0.20862860916776357,0.28929869259477237,-0.08067008342700879,0.625,0.7267536290245906,False,0.10239539831372088,0.3044194283115928,-0.20202402999787192,0.775,0.3566923425160502,False,False,False
879,11,Ob11.txt,119,0.12700592944064734,0.0955097916014141,0.14771827502147938,-0.05220848342006529,0.7,0.7520104929120488,False,0.18405236485526902,0.16691106512262374,0.017141299732645277,0.45,1.4491635600468618,False,False,False
879,12,Ob12.txt,91,0.20687176606359653,0.306488394464543,0.2807354138974032,0.025752980567139816,0.475,1.4815380575922688,False,0.00302726033730992,0.2657583072821562,-0.2627310469448463,1.0,0.014633511353015083,False,False,False
879,13,Ob13.txt,102,0.11632938996269074,0.14252462318361284,0.15504324831345498,-0.012518625129842142,0.55,1.2251815575524247,False,0.056073776553556914,0.2326503291362368,-0.17657655258267987,0.85,0.48202587988762724,False,False,False
879,14,Ob14.txt,47,0.08829372940590907,0.36560066535496816,0.28440469071936847,0.08119597463559969,0.3,4.140731938892371,True,0.5828551463360128,0.22828078206856015,0.3545743642674526,0.05,6.601319824836905,True,True,True
879,15,Ob15.txt,96,0.10227585228185561,0.11307015283077151,0.09724009034700987,0.015830062483761648,0.4,1.1055410471590945,False,0.184282805816726,0.17259253034946737,0.01169027546725862,0.5,1.8018212677306522,False,False,False
879,16,Ob16.txt,84,0.11084735638850525,0.13923430675134935,0.1463259390969772,-0.007091632345627846,0.525,1.2560904588770851,False,0.010571708183027773,0.2548864854342798,-0.244314777251252,0.975,0.09537176643144597,False,False,False
879,17,Ob17.txt,122,0.15768908797685413,0.03763104826510921,0.15687494162852716,-0.11924389336341795,0.925,0.23864078832539612,False,0.13428092736574512,0.17495807567202587,-0.04067714830628075,0.625,0.8515549749736335,False,False,False
879,18,Ob18.txt,103,0.08330748930869886,0.006190051562411758,0.19908828785678062,-0.19289823629436886,0.575,0.07430366241712438,False,0.15677688881936924,0.15159234497114726,0.0051845438482219786,0.425,1.8819062982252042,False,False,False
879,19,Ob19.txt,143,0.13728051423518794,0.005400953907890221,0.16339089839201873,-0.1579899444841285,1.0,0.0393424655930218,False,0.01573467686802167,0.09516775498763125,-0.07943307811960958,0.825,0.11461697208582088,False,False,False
880,1,Ob1.txt,28,0.017227925682794853,0.6422539006129384,0.21920476486378462,0.4230491357491538,0.0,37.27981606365664,True,0.15772516383593713,0.29840664157863983,-0.1406814777427027,0.7,9.155203402894507,False,False,True
880,2,Ob2.txt,43,0.7450464159492419,0.06356999115101869,0.2109620203491565,-0.14739202919813782,0.85,0.08532353124607145,False,0.29852227857295754,0.22655151895741876,0.07197075961553878,0.275,0.4006760816272353,True,False,True
880,3,Ob3.txt,40,0.32334956513717106,0.03571606675617833,0.24774949576407834,-0.2120334290079,0.875,0.11045651705462135,False,0.052563957664343824,0.29674701135172943,-0.2441830536873856,0.925,0.16256078044219788,False,False,False
880,4,Ob4.txt,58,0.01019665696540778,0.903388343685097,0.2939509794845755,0.6094373642005215,0.0,88.59652205128087,True,0.7350449044305782,0.2907527057309077,0.4442921986996705,0.025,72.08685228150976,True,True,True
880,5,Ob5.txt,93,0.3961777910172784,0.14830327808788155,0.16837034953103627,-0.020067071443154727,0.6,0.3743351632787857,False,0.1200638987449466,0.17980481986216626,-0.05974092111721965,0.625,0.3030556014678528,False,False,False
880,6,Ob6.txt,112,0.004415348337062142,0.006870143884985663,0.2009946428425035,-0.19412449895751785,1.0,1.5559687165151004,False,0.5268547766412268,0.21882495890004972,0.3080298177411771,0.05,119.32349079207245,True,False,True
880,7,Ob7.txt,33,0.04082424030866577,0.09611277526419769,0.3321517637243466,-0.23603898846014892,0.85,2.3543065232201226,False,0.17382599836607604,0.39366981929953415,-0.2198438209334581,0.85,4.257911403906221,False,False,False
880,8,Ob8.txt,84,0.37383719756351413,0.09130502385271415,0.21845280612149662,-0.12714778226878248,0.875,0.2442373965132285,False,0.11131254841784147,0.1290605082086802,-0.017747959790838735,0.55,0.29775674850796435,False,False,False
880,9,Ob9.txt,37,0.26671812098106645,0.6371260002667469,0.23843629838603844,0.3986897018807085,0.05,2.3887615806650597,True,0.545982376718422,0.263055043208938,0.28292733350948396,0.125,2.047038929001677,True,True,True
880,10,Ob10.txt,36,1.0273884146236798,0.8582431121809031,0.17971407941978695,0.6785290327611162,0.025,0.8353638214766782,True,0.4170157232440211,0.17326868296275488,0.2437470402812662,0.15,0.4058987986513056,True,True,True
880,11,Ob11.txt,119,0.040383532338376826,0.06714962900859828,0.15863078650488302,-0.09148115749628474,0.775,1.6627973116850254,False,0.25584678770063807,0.16259534604362075,0.09325144165701732,0.3,6.3354236958985535,True,False,True
880,12,Ob12.txt,91,0.5372205899863219,0.34749472625347144,0.33515431337302243,0.012340412880449014,0.475,0.6468380637873893,False,0.24999092391293593,0.14872693825460837,0.10126398565832756,0.325,0.4653412928929267,True,False,True
880,13,Ob13.txt,102,0.14075161006309925,0.02249116440049398,0.0,0.02249116440049398,0.0,0.15979330105290548,False,0.07690676825721854,0.0,0.07690676825721854,0.0,0.5464006289003804,True,False,True
880,14,Ob14.txt,47,0.5364682361049293,0.36961192682091737,0.20114461505383047,0.1684673117670869,0.3,0.6889726212021693,True,0.23796681754386384,0.26104352383439394,-0.023076706290530102,0.575,0.4435804424724957,False,False,True
880,15,Ob15.txt,96,0.08051960541001715,0.10311685805473586,0.2598927231348931,-0.15677586508015723,0.8,1.280642863680843,False,0.12168866792110997,0.10886787154149041,0.012820796379619553,0.45,1.5112924026571437,False,False,False
880,16,Ob16.txt,84,0.19438327510412134,0.11376904697040116,0.24709945539961137,-0.1333304084292102,0.7,0.5852820769145947,False,0.21805417022855308,0.19952899466018545,0.018525175568367636,0.475,1.121774340471177,False,False,False
880,17,Ob17.txt,122,0.08725555279676053,0.45511036921760134,0.18583409638735443,0.2692762728302469,0.025,5.215832742217156,True,0.4525027631091035,0.15240732867950513,0.30009543442959835,0.075,5.185948041187623,True,True,True
880,18,Ob18.txt,103,0.04933169587914035,0.18599214542589804,0.0,0.18599214542589804,0.0,3.770236196249313,True,0.09760759369324964,0.0,0.09760759369324964,0.0,1.9785979775027864,True,True,True
880,19,Ob19.txt,143,0.14148301544251607,0.2539456128780465,0.16340285908712301,0.0905427537909235,0.325,1.7948840861483017,True,0.14371881491090693,0.1569173719502579,-0.013198557039350967,0.55,1.015802599777775,False,False,True
881,1,Ob1.txt,28,0.4618550711338615,0.2720204040477956,0.24480559084169506,0.02721481320610053,0.425,0.5889735136608573,False,0.3662233551666555,0.29265566651757874,0.07356768864907676,0.425,0.7929399893078394,False,False,False
881,2,Ob2.txt,43,0.4763510562952895,0.3484397713890033,0.13865672752306124,0.20978304386594204,0.225,0.7314768525946248,True,0.056070371829823884,0.19837754267639007,-0.1423071708465662,0.85,0.11770808753086069,False,False,True
881,3,Ob3.txt,40,0.18392141570295162,0.17153723093218784,0.21490243444793358,-0.04336520351574574,0.65,0.9326658903563179,False,0.031473354281054355,0.2949201221257468,-0.26344676784469245,0.95,0.17112392355595196,False,False,False
881,4,Ob4.txt,58,0.15495553134658946,0.035160693441713464,0.1062115232632585,-0.07105082982154504,0.85,0.22690828224175777,False,0.1100045906650618,0.220262624831164,-0.11025803416610219,0.775,0.7099107060529142,False,False,False
881,5,Ob5.txt,93,0.17780473516596296,0.060694484232033136,0.22551288390782392,-0.1648183996757908,0.725,0.3413547123780528,False,0.11289326696933988,0.18622807914005152,-0.07333481217071164,0.675,0.6349283491464122,False,False,False
881,6,Ob6.txt,112,0.2842942272571408,0.18252969147807008,0.14460382406106043,0.03792586741700965,0.375,0.6420450152615097,False,0.275280413170546,0.17646415488636064,0.09881625828418539,0.325,0.9682940657164948,True,False,True
881,7,Ob7.txt,33,0.21577314678085482,0.18926259955150548,0.2649951466385177,-0.07573254708701221,0.6,0.8771369485737065,False,0.09380119939972287,0.2807103026961079,-0.18690910329638505,0.825,0.43472137658997,False,False,False
881,8,Ob8.txt,84,0.3378880039527943,0.038150964788141506,0.11707135069768737,-0.07892038590954586,0.85,0.11291008956172208,False,0.22497080986485046,0.1620011031456006,0.06296970671924987,0.35,0.6658147292387472,True,False,True
881,9,Ob9.txt,37,0.42144657278550357,0.08987738762234729,0.22949854295545952,-0.13962115533311223,0.875,0.21325926802135994,False,0.0305233128988405,0.23208407956851507,-0.20156076666967457,0.975,0.07242510645441985,False,False,False
881,10,Ob10.txt,36,0.6643559322351447,0.13396618776956387,0.23853543831685897,-0.1045692505472951,0.775,0.2016482148640578,False,0.44250963848187463,0.2939747727231166,0.14853486575875802,0.35,0.6660731349129446,True,False,True
881,11,Ob11.txt,119,0.07996346571998204,0.2132519268020125,0.17434036457397312,0.038911562228039376,0.425,2.666866985840548,False,0.010801959770475378,0.15544761265121598,-0.1446456528807406,1.0,0.1350861880887196,False,False,False
881,12,Ob12.txt,91,0.20804204159839018,0.45929386313294884,0.23506275652470301,0.22423110660824583,0.125,2.207697346191121,True,0.3335986673138862,0.19018117924353065,0.14341748807035556,0.25,1.6035156391988974,True,True,True
881,13,Ob13.txt,102,0.13689520525957663,0.007014118759548195,0.38787773730400005,-0.38086361854445183,0.875,0.051237139724859104,False,0.010705371887252096,0.46806004157376707,-0.45735466968651495,0.825,0.07820121871290443,False,False,False
881,14,Ob14.txt,47,0.14881424228625492,0.06499784596930736,0.3387146461585791,-0.27371680018927175,0.925,0.43677167568598246,False,0.009150887131529006,0.2777503063302822,-0.2685994191987532,0.975,0.06149201172510502,False,False,False
881,15,Ob15.txt,96,0.059163284981734246,0.4110829746981075,0.2651128447644707,0.14597012993363678,0.3,6.948278393010514,True,0.4664580374155147,0.111708202555972,0.3547498348595427,0.0,7.8842484415719385,True,True,True
881,16,Ob16.txt,84,0.14562843007848014,0.16376869782117182,0.1609933106497615,0.0027753871714103207,0.475,1.124565428144187,False,0.45080477929526225,0.1986934593320776,0.25211131996318464,0.075,3.0955822228689858,True,False,True
881,17,Ob17.txt,122,0.11618673779462574,0.12892662795330234,0.17755087026297933,-0.04862424230967699,0.725,1.1096501235898018,False,0.07970406438224842,0.20872023590378502,-0.1290161715215366,0.725,0.6859996751362026,False,False,False
881,18,Ob18.txt,103,0.22499769428415206,0.18054400693248665,0.4261325780902979,-0.24558857115781127,0.8,0.8024260315506861,False,0.10424617728517377,0.29676215490272156,-0.1925159776175478,0.8,0.4633210914309199,False,False,False
881,19,Ob19.txt,143,0.13721651174137403,0.014062768451047883,0.16256594068735974,-0.14850317223631188,0.95,0.10248597834605662,False,0.033456513428743145,0.1259827309748671,-0.09252621754612395,0.825,0.24382279511522675,False,False,False
882,1,Ob1.txt,28,0.14880428146796212,0.26476384705956657,0.18917346416166997,0.0755903828978966,0.375,1.7792757335182643,False,0.07333346646802975,0.2533765029568396,-0.18004303648880987,0.75,0.4928182559304828,False,False,False
882,2,Ob2.txt,43,0.3520683962541959,0.01941567788495885,0.2046090026928848,-0.18519332480792594,0.95,0.05514746024218712,False,0.6276757731046797,0.23782407017960341,0.3898517029250763,0.175,1.782823393927961,True,False,True
882,3,Ob3.txt,40,0.8611618184952115,0.4185134481052929,0.26651268484048957,0.15200076326480333,0.225,0.48598699932679384,True,0.41808370159512975,0.27284326558615035,0.1452404360089794,0.25,0.48548796824931983,True,True,True
882,4,Ob4.txt,58,0.2497261284119056,0.10930152406953014,0.23517067176260245,-0.1258691476930723,0.725,0.4376855748520035,False,0.29316764305385834,0.23148898153379874,0.0616786615200596,0.4,1.1739566256771459,False,False,False
882,5,Ob5.txt,93,0.30043916094657175,0.36254325597345516,0.26411648979968644,0.09842676617376872,0.25,1.2067110520187068,True,0.00010103796033436585,0.21154509575657654,-0.21144405779624217,1.0,0.0003363009003754135,False,False,True
882,6,Ob6.txt,112,0.39015373861544056,0.16368614734266024,0.1624015298948368,0.001284617447823433,0.5,0.4195426857206137,False,0.02983093433265513,0.19910550612348066,-0.16927457179082553,0.9,0.07645943478208811,False,False,False
882,7,Ob7.txt,33,0.6339419194230864,0.34342569696279013,0.2274846026239974,0.11594109433879274,0.325,0.5417305378311658,True,0.1551472399710657,0.3271455282536535,-0.1719982882825878,0.7,0.24473415500312104,False,False,True
882,8,Ob8.txt,84,0.15668111399816292,0.6250355379312402,0.30326811249436136,0.32176742543687886,0.1,3.989220665986385,True,0.7681160899781795,0.1856523015578858,0.5824637884202937,0.0,4.902416573239233,True,True,True
882,9,Ob9.txt,37,0.005840156443875089,0.1379969890236122,0.2187933474052116,-0.0807963583815994,0.8,23.628988426900392,False,0.18165069510087153,0.27576984744821986,-0.09411915234734833,0.65,31.103737861573755,False,False,False
882,10,Ob10.txt,36,0.19895221154083786,0.06677884906101705,0.21764499442805976,-0.1508661453670427,0.875,0.3356527104867578,False,0.261168745917784,0.2751982757018662,-0.014029529784082229,0.525,1.3127209991539865,False,False,False
882,11,Ob11.txt,119,0.07503368890881956,0.13431313390800023,0.149902240864828,-0.015589106956827775,0.575,1.7900377265366314,False,0.18146575248002392,0.12488199033204206,0.05658376214798186,0.4,2.4184570306884403,False,False,False
882,12,Ob12.txt,91,0.1866270845234129,0.1571169798636575,0.24105946113605786,-0.08394248127240037,0.625,0.8418766239899479,False,0.5349253831463103,0.16813170236080555,0.3667936807855048,0.0,2.86627948195377,True,False,True
882,13,Ob13.txt,102,0.2735756908481399,0.08664158596598381,0.08768445141587877,-0.0010428654498949586,0.5,0.31670060193351757,False,0.08685730094665961,0.2825373773733466,-0.195680076426687,0.7,0.3174891039382353,False,False,False
882,14,Ob14.txt,47,0.20167987955603284,0.40670428973239153,0.17188292765193613,0.2348213620804554,0.25,2.0165833628405982,True,0.028820721010657857,0.16838063358422797,-0.13955991257357012,0.9,0.14290330336423362,False,False,True
882,15,Ob15.txt,96,0.2618784904275947,0.002737607370914358,0.12310040882722789,-0.12036280145631353,0.95,0.01045373129516822,False,0.10647424551154823,0.16809442138110287,-0.061620175869554636,0.675,0.4065788119432691,False,False,False
882,16,Ob16.txt,84,0.17554166523790266,0.03351832770488275,0.24880177879001758,-0.21528345108513483,0.9,0.19094229087696685,False,0.04519369346686808,0.3256861647732242,-0.28049247130635613,0.875,0.2574528013370465,False,False,False
882,17,Ob17.txt,122,0.05289651350646235,0.07935995999652695,0.15821020086654008,-0.07885024087001313,0.825,1.5002871595087561,False,0.1649749749381101,0.21034415137561757,-0.04536917643750746,0.725,3.1188251172349037,False,False,False
882,18,Ob18.txt,103,0.394427629598907,0.28258187097559995,0.11651415258352493,0.16606771839207501,0.0,0.7164352843713234,True,0.10105510603114173,0.12450576091372662,-0.02345065488258488,0.5,0.25620696535357973,False,False,True
882,19,Ob19.txt,143,0.10169037499364107,0.2123773858303451,0.05792873804311276,0.15444864778723233,0.05,2.088470868984656,True,0.09115916189888901,0.11008409061988209,-0.01892492872099308,0.65,0.8964384476366558,False,False,True
883,1,Ob1.txt,28,0.62952763205435,0.27509509966446866,0.1702176600855877,0.10487743957888096,0.225,0.4369865366620133,True,0.2001869120004191,0.18346155122232413,0.016725360778094972,0.475,0.3179954330950417,False,False,True
883,2,Ob2.txt,43,0.13531153747812724,0.6037351229225457,0.19561171298101507,0.4081234099415306,0.075,4.461815556712139,True,0.2803839593923625,0.25130565264018834,0.029078306752174155,0.45,2.072136379631972,False,False,True
883,3,Ob3.txt,40,0.550892010121737,0.4029136293893224,0.2569384311320178,0.1459751982573046,0.3,0.7313840498436088,True,0.3699639353258291,0.29098865389248796,0.07897528143334115,0.425,0.6715725197104853,False,False,True
883,4,Ob4.txt,58,0.3609983547765315,0.09651006097851605,0.2043584016920073,-0.10784834071349125,0.8,0.26734210752361626,False,0.11240687838519095,0.20725665468564697,-0.09484977630045602,0.75,0.31137781349384286,False,False,False
883,5,Ob5.txt,93,0.23051618716562883,0.3222381596712501,0.21928191864670504,0.10295624102454504,0.25,1.397898185083713,True,0.14593371763535357,0.20276872950182678,-0.05683501186647322,0.625,0.6330736224198361,False,False,True
883,6,Ob6.txt,112,0.2005534934009774,0.19191715884161198,0.1762231468815017,0.015694011960110277,0.45,0.9569375012476181,False,0.0623665699232717,0.1734283708721893,-0.1110618009489176,0.825,0.3109722441911239,False,False,False
883,7,Ob7.txt,33,0.058938693188047925,0.2855896397737013,0.25659593906289657,0.028993700710804704,0.375,4.845537359685055,False,0.02623689940468857,0.2873834819363974,-0.26114658253170886,0.95,0.44515577094622627,False,False,False
883,8,Ob8.txt,84,0.04179865948918696,0.1332192752181566,0.1451835419376117,-0.011964266719455108,0.5,3.1871662116968027,False,0.2974383761822583,0.18795200302634213,0.1094863731559162,0.25,7.11597883322559,True,False,True
883,9,Ob9.txt,37,0.7969765245671083,0.3716113618971377,0.24898001036983441,0.12263135152730331,0.275,0.46627642150311127,True,0.11295333568520396,0.22077262427449668,-0.10781928858929271,0.7,0.14172730589091886,False,False,True
883,10,Ob10.txt,36,0.12507923566561102,0.04808349408446955,0.2886307480158756,-0.24054725393140608,0.9,0.3844242717713497,False,0.3028547984962344,0.260806987674119,0.04204781082211545,0.375,2.421303559176614,False,False,False
883,11,Ob11.txt,119,0.2225946784497307,0.15211057784431997,0.20698746277817864,-0.05487688493385867,0.575,0.6833522656682541,False,0.2711969872505283,0.27220324604960094,-0.0010062587990726235,0.525,1.21834443275684,False,False,False
883,12,Ob12.txt,91,0.15651143070181217,0.02939611067969955,0.23214158907083018,-0.20274547839113063,0.95,0.18782085466783216,False,0.03593988327813526,0.2867651845226926,-0.2508253012445574,1.0,0.22963104430760997,False,False,False
883,13,Ob13.txt,102,0.27964461731397705,0.2395299937126097,0.0,0.2395299937126097,0.0,0.8565514187733219,True,0.12892333602310999,0.0,0.12892333602310999,0.1,0.4610256305357686,True,True,True
883,14,Ob14.txt,47,0.011747473854925777,0.8144577450903178,0.22865499689143814,0.5858027481988797,0.025,69.33045820304689,True,0.0731490699973122,0.20978854515284567,-0.13663947515553349,0.75,6.226791470290475,False,False,True
883,15,Ob15.txt,96,0.6994024416994584,0.26440645571889015,0.3502389268349971,-0.08583247111610692,0.575,0.37804622911583824,False,0.4732606149689843,0.1611971007867709,0.3120635141822134,0.075,0.6766642304236479,True,False,True
883,16,Ob16.txt,84,0.3766080034245448,0.23919350462155076,0.2286487913907962,0.010544713230754565,0.475,0.6351259199128366,False,0.48379060131665597,0.2057672122731354,0.27802338904352053,0.2,1.2845998941007255,True,False,True
883,17,Ob17.txt,122,0.09621472207745678,6.73091888814259e-05,0.16897933902703388,-0.16891202983815246,1.0,0.0006995726581971442,False,0.1821361015754202,0.12481621392525782,0.05731988765016238,0.325,1.8930169691577263,True,False,True
883,18,Ob18.txt,103,0.2199521296282629,0.2693101785856616,0.0,0.2693101785856616,0.325,1.2244035965499303,True,0.49334722393992125,0.0,0.49334722393992125,0.1,2.2429754363993584,True,True,True
883,19,Ob19.txt,143,0.13882325302666979,0.29472110499547177,0.09293710823416455,0.2017839967613072,0.075,2.1229952372521623,True,0.1718966635152725,0.07415890494574591,0.09773775856952659,0.2,1.2382411430904077,True,True,True
884,1,Ob1.txt,28,0.5774087503140811,0.4997579792112755,0.20364709398684808,0.2961108852244274,0.15,0.8655185411364695,True,0.2644831637335237,0.24790394982143502,0.01657921391208869,0.45,0.4580518802142473,False,False,True
884,2,Ob2.txt,43,0.05800248907097655,0.07274910951641828,0.20434803122148587,-0.1315989217050676,0.775,1.2542411658816326,False,0.32017834541687373,0.2644426555734859,0.05573568984338784,0.425,5.520079405990277,False,False,False
884,3,Ob3.txt,40,0.13035253122909224,0.23335260077299042,0.25818572054983363,-0.024833119776843215,0.525,1.7901654733721848,False,0.17761330156524907,0.22325907290265368,-0.045645771337404606,0.675,1.3625612014629533,False,False,False
884,4,Ob4.txt,58,0.20948322227712168,0.14315184621557225,0.19888971718436943,-0.055737870968797176,0.6,0.6833570949476765,False,0.1574967379203421,0.38759668578251766,-0.23009994786217555,0.775,0.7518346157192123,False,False,False
884,5,Ob5.txt,93,0.15065266534127592,0.18904496939966578,0.1811998615755276,0.007845107824138192,0.425,1.2548398594304266,False,0.015142926458015148,0.19211165843839093,-0.17696873198037577,1.0,0.10051548987674153,False,False,False
884,6,Ob6.txt,112,0.18657672426768257,0.05964360338590502,0.16387433842696386,-0.10423073504105884,0.75,0.3196733334235949,False,0.07428154845769547,0.21642047692543015,-0.14213892846773468,0.8,0.3981286987926927,False,False,False
884,7,Ob7.txt,33,0.3102209499703491,0.47648282804076203,0.2545382483904197,0.2219445796503423,0.2,1.5359466473373389,True,0.3092326989083695,0.2875549111595223,0.02167778774884721,0.425,0.9968143638845989,False,False,True
884,8,Ob8.txt,84,0.1415510276600404,0.18946164639855356,0.15086374022575266,0.0385979061728009,0.35,1.338468886665937,True,0.19623853528118612,0.2449831955952415,-0.04874466031405539,0.6,1.3863448293182818,False,False,True
884,9,Ob9.txt,37,0.349070622438083,0.5607221198575758,0.2922021294268773,0.2685199904306985,0.125,1.606328587439451,True,0.8817259643373918,0.190203941322845,0.6915220230145468,0.0,2.525924290560399,True,True,True
884,10,Ob10.txt,36,0.2518190724585501,0.009235537166436783,0.17305431426663853,-0.16381877710020176,0.975,0.036675288635879516,False,0.05224727200612589,0.2327350558979306,-0.1804877838918047,0.85,0.20747940771930962,False,False,False
884,11,Ob11.txt,119,0.14017524555709215,0.0686814176587488,0.16361507150601692,-0.09493365384726812,0.85,0.48996823501746933,False,0.040005844144273786,0.1922295865304206,-0.15222374238614683,0.875,0.2853987805427439,False,False,False
884,12,Ob12.txt,91,0.21239660779636022,0.26129311598636845,0.2047446543183154,0.05654846166805305,0.375,1.2302132256127594,False,0.020380857535704316,0.17922659624741538,-0.15884573871171107,0.9,0.09595660564995886,False,False,False
884,13,Ob13.txt,102,0.055273047199227265,0.03546950155207322,0.1784925396589675,-0.14302303810689426,0.875,0.64171424137747,False,0.22774152723348492,0.17258659372916613,0.0551549335043188,0.35,4.120299834612137,True,False,True
884,14,Ob14.txt,47,0.07080139319459611,0.8487203998557704,0.24141394506925323,0.6073064547865172,0.025,11.98734038358653,True,0.21935923091635628,0.2207807017260245,-0.0014214708096682016,0.5,3.0982332552899368,False,False,True
884,15,Ob15.txt,96,0.055643254419568654,0.013333700837612362,0.2091142719092562,-0.19578057107164382,0.95,0.23962834267513938,False,0.1501176862598779,0.16438064142501646,-0.014262955165138563,0.525,2.697859566730957,False,False,False
884,16,Ob16.txt,84,0.1561702150103329,0.15106909150805453,0.30312853700549025,-0.15205944549743572,0.75,0.9673361306319463,False,0.1281082350856067,0.217168824148604,-0.0890605890629973,0.725,0.8203115752714466,False,False,False
884,17,Ob17.txt,122,0.14690576041044795,0.2587911355879484,0.13958841190052595,0.11920272368742246,0.175,1.761613260534494,True,0.2072866436452589,0.16062860090166356,0.046658042743595335,0.4,1.4110178053339062,False,False,True
884,18,Ob18.txt,103,0.40018122387741956,0.2517540375330267,0.0,0.2517540375330267,0.0,0.6291000739458533,True,0.24246839796021394,0.0,0.24246839796021394,0.0,0.6058964876235298,True,True,True
884,19,Ob19.txt,143,0.03346744330785559,0.5431290697641062,0.08300653744046099,0.46012253232364525,0.0,16.228579660778006,True,0.28110935613215704,0.15898885726851414,0.1221204988636429,0.25,8.399487034200014,True,True,True
885,1,Ob1.txt,28,0.07573374980386162,0.21919211397769367,0.24778504570763663,-0.028592931729942955,0.55,2.894246152413771,False,0.05446008552462439,0.2736119344247334,-0.21915184890010903,0.875,0.7190992875127319,False,False,False
885,2,Ob2.txt,43,0.20715165869840355,0.12244949270875427,0.2525148301287919,-0.13006533742003762,0.7,0.5911103656043183,False,0.24614066628041054,0.2826263025492909,-0.03648563626888035,0.55,1.1882147979262474,False,False,False
885,3,Ob3.txt,40,0.2560027029059583,0.006830532412708534,0.20043522814899684,-0.1936046957362883,1.0,0.026681485527977833,False,0.6657351707999662,0.2823465158831554,0.38338865491681084,0.025,2.600500554263764,True,False,True
885,4,Ob4.txt,58,0.6491466851816408,0.1840075976050563,0.18772487448182842,-0.0037172768767721187,0.525,0.283460736695541,False,0.5694408896117444,0.24649176088675828,0.32294912872498616,0.05,0.8772145073072453,True,False,True
885,5,Ob5.txt,93,0.13235459855570253,0.18162825374598907,0.20362393317788985,-0.021995679431900783,0.525,1.3722851773038267,False,0.09236638136992203,0.14784393256292178,-0.05547755119299974,0.65,0.6978705868768804,False,False,False
885,6,Ob6.txt,112,0.14733273391619545,0.14024907963341066,0.2042588299296111,-0.06400975029620046,0.6,0.951920702925298,False,0.13036695365585022,0.19294468569196388,-0.06257773203611366,0.575,0.8848471767991792,False,False,False
885,7,Ob7.txt,33,0.6401879607180637,0.05796406331514434,0.2012356632588051,-0.14327159994366076,0.875,0.09054225769901894,False,0.05539526169247416,0.31361831468728635,-0.2582230529948122,0.9,0.08652968361095129,False,False,False
885,8,Ob8.txt,84,0.2864126011347671,0.3355807104409535,0.1925332043553297,0.1430475060856238,0.2,1.1716688061607008,True,0.4346968294252885,0.1519551845615243,0.2827416448637642,0.125,1.517729414498591,True,True,True
885,9,Ob9.txt,37,0.07622369796453728,0.12233310263751845,0.16146952995283786,-0.03913642731531941,0.675,1.6049221686204909,False,0.29107337726088717,0.22107745408924648,0.06999592317164069,0.45,3.8186729984723087,False,False,False
885,10,Ob10.txt,36,0.7457517236794544,0.13769115280537056,0.20274207891623705,-0.06505092611086649,0.625,0.18463403896140934,False,0.5951237416145126,0.24681648119397276,0.3483072604205399,0.1,0.798018593478054,True,False,True
885,11,Ob11.txt,119,0.20230301486613206,0.05124194103878282,0.20261637825256587,-0.15137443721378305,0.9,0.2532930172725831,False,0.20793250763972537,0.18726449913407994,0.02066800850564543,0.475,1.027827033508712,False,False,False
885,12,Ob12.txt,91,0.4581447121032147,0.036652657304669656,0.27324969599269566,-0.236597038688026,0.875,0.08000235806806003,False,0.09932735904468765,0.1825163219166172,-0.08318896287192956,0.625,0.21680346061117547,False,False,False
885,13,Ob13.txt,102,0.22974851320863598,0.1799863415877657,0.008130891036010723,0.17185545055175497,0.15,0.7834059035860617,True,0.1844737124298533,0.22695350790643243,-0.042479795476579124,0.525,0.8029375679238091,False,False,True
885,14,Ob14.txt,47,0.8952697891934481,0.17479789956048675,0.2602443661103775,-0.08544646654989074,0.625,0.1952460606516867,False,0.5077743120551077,0.21037411813081486,0.29740019392429284,0.1,0.5671746306915634,True,False,True
885,15,Ob15.txt,96,0.1107660224503424,0.08301105666190961,0.09857884548439343,-0.015567788822483816,0.55,0.749427079040636,False,0.1745149416935228,0.24549448295734433,-0.07097954126382153,0.575,1.575527746080796,False,False,False
885,16,Ob16.txt,84,0.22700176919107737,0.3769267982195146,0.18664596952824866,0.19028082869126592,0.125,1.6604575354751474,True,0.7030634053753488,0.17305360547725146,0.5300097998980974,0.05,3.0971714796793037,True,True,True
885,17,Ob17.txt,122,0.3160869249824429,0.28139047610839607,0.16801065160523487,0.1133798245031612,0.25,0.8902313062270005,True,0.07070147423394813,0.16641676752610582,-0.0957152932921577,0.8,0.22367731356770057,False,False,True
885,18,Ob18.txt,103,0.22905683604940977,0.28885871795683704,0.0,0.28885871795683704,0.0,1.261078791355205,True,0.2999524991816849,0.0,0.2999524991816849,0.0,1.309511230291255,True,True,True
885,19,Ob19.txt,143,0.39499750004648004,0.0013937547195556656,0.09760417152564795,-0.09621041680609228,0.975,0.0035285152928604866,False,0.12059662851694664,0.07229619227810388,0.04830043623884275,0.35,0.3053098526009806,True,False,True
886,1,Ob1.txt,28,0.12936962455034126,0.1691149110279152,0.31978547316066985,-0.15067056213275465,0.725,1.3072227086978054,False,0.6004746514207403,0.23667196515156094,0.36380268626917933,0.15,4.641542815849165,True,False,True
886,2,Ob2.txt,43,0.31278538313135984,0.2516868893038755,0.18882619689940083,0.06286069240447467,0.4,0.8046632063947026,False,0.4408880529782164,0.2777300390216589,0.16315801395655755,0.275,1.4095545276585306,True,False,True
886,3,Ob3.txt,40,0.02073561820133568,0.7527528943238593,0.26089388151144427,0.491859012812415,0.075,36.30240907287591,True,0.6394727264522204,0.2755430209148173,0.3639297055374031,0.15,30.839337426218083,True,True,True
886,4,Ob4.txt,58,0.2242086567158916,0.722035115339907,0.20370811089432325,0.5183270044455838,0.0,3.2203712644995752,True,0.45649069325799185,0.34644352197598244,0.11004717128200942,0.2,2.0360083323474836,True,True,True
886,5,Ob5.txt,93,0.0005128154831552934,0.15748631598065044,0.17996532925676217,-0.022479013276111737,0.55,307.1013281651631,False,0.1384014628978525,0.19188479777125284,-0.053483334873400346,0.675,269.88549964654845,False,False,False
886,6,Ob6.txt,112,0.3371930236673507,0.2270993547686857,0.18666370673027882,0.04043564803840688,0.4,0.6734995650228068,False,0.017901573621964623,0.16318701249665635,-0.14528543887469172,0.975,0.05308998812390902,False,False,False
886,7,Ob7.txt,33,0.45156338249164574,0.3915893386307218,0.310219046409247,0.0813702922214748,0.35,0.8671857679646257,True,0.12903160895381088,0.3926307052810383,-0.2635990963272274,0.825,0.2857441811199075,False,False,True
886,8,Ob8.txt,84,0.11383539795495497,0.5189437805278103,0.17869859076725803,0.3402451897605523,0.025,4.558720660274391,True,0.4615330556842536,0.19083416374252132,0.2706988919417323,0.2,4.054389618481272,True,True,True
886,9,Ob9.txt,37,0.12418698524396918,0.28296277634052913,0.3010641718176381,-0.018101395477108984,0.525,2.2785219867012634,False,0.9456493139945943,0.23226674686051463,0.7133825671340797,0.025,7.614721559886786,True,False,True
886,10,Ob10.txt,36,0.13967867921689764,0.30637487492499954,0.22612192762456276,0.08025294730043678,0.375,2.1934262025004587,False,0.07913539596743747,0.23034100849035805,-0.15120561252292058,0.8,0.5665531519277429,False,False,False
886,11,Ob11.txt,119,0.20268166059114795,0.07213161128092338,0.166139164553136,-0.09400755327221261,0.775,0.35588622606772596,False,0.08026242283851215,0.2516687859604923,-0.17140636312198015,0.85,0.39600239412098825,False,False,False
886,12,Ob12.txt,91,0.0005138125291777873,0.23166946526834237,0.33341133813781554,-0.10174187286947317,0.675,450.8832543244212,False,0.1572003033163206,0.23218373922367713,-0.07498343590735654,0.675,305.94875443749015,False,False,False
886,13,Ob13.txt,102,0.13267766903819722,0.12493600523955306,0.0,0.12493600523955306,0.0,0.9416505893209853,True,0.1056387509848421,0.0,0.1056387509848421,0.0,0.7962059610380194,True,True,True
886,14,Ob14.txt,47,0.3245209504992045,0.4270314022389493,0.19056201792900074,0.23646938430994857,0.075,1.315882384733728,True,0.06646245781383797,0.2342034669838441,-0.16774100917000612,0.85,0.20480174765789394,False,False,True
886,15,Ob15.txt,96,0.6939156051853714,0.11631345092355597,0.16339334862005772,-0.047079897696501755,0.6,0.16761901599328377,False,0.37420331477222746,0.16611950622105137,0.20808380855117609,0.125,0.5392634377667057,True,False,True
886,16,Ob16.txt,84,0.15884548634024243,0.06787789739111927,0.19945728409066452,-0.13157938669954525,0.775,0.42732027805767664,False,0.24142338080722256,0.14721051571503102,0.09421286509219154,0.3,1.5198630214150415,True,False,True
886,17,Ob17.txt,122,0.22197200302777553,0.48515995535287854,0.09599468377206932,0.3891652715808092,0.0,2.185680845940603,True,0.28365457792824744,0.14064663470241445,0.143007943225833,0.325,1.2778844811917722,True,True,True
886,18,Ob18.txt,103,0.2683527650083822,0.23491385878163396,0.1553522034446999,0.07956165533693405,0.25,0.8753919817979005,True,0.10721038762472032,0.0033693708165317693,0.10384101680818855,0.375,0.39951288603779256,False,False,True
886,19,Ob19.txt,143,0.07933345829017036,0.061258068207305894,0.15986256708090213,-0.09860449887359624,0.725,0.7721593074040483,False,0.050623547573333406,0.08309107003706631,-0.032467522463732905,0.75,0.6381109391219595,False,False,False
887,1,Ob1.txt,28,0.1271477309293129,0.017962593025511675,0.29739436467579067,-0.279431771650279,0.95,0.1412734060940331,False,0.10977870930390171,0.3324629627643887,-0.22268425346048698,0.825,0.8633949540549222,False,False,False
887,2,Ob2.txt,43,0.28674422523871923,0.36521912862988726,0.18376008313565556,0.1814590454942317,0.25,1.273675619189319,True,0.13973235937388362,0.26723810003227366,-0.12750574065839004,0.8,0.48730662058688073,False,False,True
887,3,Ob3.txt,40,0.19553145214118217,0.38640372415462265,0.24545069629096644,0.1409530278636562,0.375,1.9761717100920544,False,0.20420368367692282,0.27268283684392636,-0.06847915316700354,0.675,1.044352105202384,False,False,False
887,4,Ob4.txt,58,0.3859191970100041,0.27146250290910456,0.20722356310752937,0.06423893980157519,0.35,0.7034179823453237,True,0.3435414423015434,0.18581616329041306,0.15772527901113031,0.25,0.8901900837356838,True,True,True
887,5,Ob5.txt,93,0.1627517025059628,0.24442043257272844,0.2017127311933473,0.04270770137938115,0.425,1.5017995437791105,False,0.1930769305599554,0.20425188764746066,-0.011174957087505266,0.525,1.1863281771376957,False,False,False
887,6,Ob6.txt,112,0.10135845061387705,0.2302826086362444,0.19024912871172645,0.040033479924517945,0.325,2.2719625965229215,True,0.16407372534410458,0.22317965258109373,-0.05910592723698915,0.65,1.61874736985809,False,False,True
887,7,Ob7.txt,33,0.461556358100417,0.18754400214097589,0.375194093077595,-0.1876500909366191,0.85,0.4063295821832737,False,0.20013524432839483,0.38683013464583066,-0.18669489031743583,0.75,0.43360954911784155,False,False,False
887,8,Ob8.txt,84,0.17636093740922237,0.059099189896858945,0.12675788769973106,-0.06765869780287212,0.7,0.33510362762320234,False,0.12882706654225867,0.16534162680233033,-0.03651456026007166,0.65,0.7304739271334921,False,False,False
887,9,Ob9.txt,37,0.23714592788845548,0.027447327055630036,0.1604983708059038,-0.13305104375027377,0.975,0.11574024188406147,False,0.10676335167076445,0.26040315255012453,-0.15363980087936008,0.9,0.4502010750147981,False,False,False
887,10,Ob10.txt,36,0.11306133337544833,0.31670483870296307,0.2741099576846004,0.042594881018362674,0.4,2.8011772835834665,False,0.12714681950228163,0.22175682373196703,-0.09461000422968541,0.75,1.1245826995517463,False,False,False
887,11,Ob11.txt,119,0.23853446130080658,0.058772422523204554,0.1500354178625516,-0.09126299533934704,0.8,0.24638965037881436,False,0.12337390726798886,0.16610401176537343,-0.04273010449738457,0.6,0.5172162822729702,False,False,False
887,12,Ob12.txt,91,0.2300953705330291,0.10724339065141922,0.1559532491257109,-0.048709858474291684,0.55,0.4660823483887736,False,0.12224240018642582,0.1779230006264683,-0.05568060044004247,0.625,0.5312684036329992,False,False,False
887,13,Ob13.txt,102,0.16056059100725267,0.3366936069581133,0.0,0.3366936069581133,0.325,2.0969878402036057,True,0.34285530557636135,0.0,0.34285530557636135,0.075,2.135363998260783,True,True,True
887,14,Ob14.txt,47,1.1355152723740791,0.47666775696273617,0.17613437284036593,0.30053338412237024,0.125,0.41978101797445916,True,0.5463144928702555,0.18824298453863178,0.3580715083316237,0.15,0.4811159357883828,True,True,True
887,15,Ob15.txt,96,0.1328080442274285,0.2707784236168823,0.1491484108323469,0.12163001278453542,0.2,2.0388706511872505,True,0.12774554042705472,0.11827193915612336,0.009473601270931359,0.45,0.9618810454605863,False,False,True
887,16,Ob16.txt,84,0.34809446619929874,0.31306254986254634,0.1927731333989242,0.12028941646362212,0.275,0.8993608926931486,True,0.3192004498123126,0.20144593315295584,0.11775451665935677,0.3,0.9169937497068882,True,True,True
887,17,Ob17.txt,122,0.054234816157634216,0.18163944788203706,0.14129621938306658,0.040343228498970485,0.45,3.3491299639349674,False,0.1761198520092847,0.16002712602261226,0.01609272598667244,0.475,3.2473577765505834,False,False,False
887,18,Ob18.txt,103,0.2330503446553063,0.0788799094805176,0.021858357432255116,0.05702155204826248,0.325,0.33846725091604185,True,0.1224988384672854,0.026152553918704746,0.09634628454858066,0.175,0.525632513646215,True,True,True
887,19,Ob19.txt,143,0.2581462876282927,0.09384290987642391,0.09395737640273719,-0.00011446652631327825,0.5,0.3635260872375945,False,0.017266998464464584,0.09335003135673424,-0.07608303289226966,0.95,0.0668884244786332,False,False,False
888,1,Ob1.txt,28,0.5146714212250403,0.09996261002805484,0.2738133722767576,-0.17385076224870277,0.95,0.19422607493946348,False,0.5764500892674996,0.3048250591128443,0.27162503015465533,0.125,1.1200351632025953,True,False,True
888,2,Ob2.txt,43,0.0736996578255083,0.380770580623542,0.25968764795609955,0.12108293266744247,0.35,5.16651761837289,True,0.31166986448016204,0.301409086933804,0.010260777546358013,0.475,4.228918745024207,False,False,True
888,3,Ob3.txt,40,1.1171340097347027,0.45186275010399535,0.22023822675155966,0.2316245233524357,0.25,0.4044839259806474,True,0.32596957709756247,0.2584101038490843,0.06755947324847816,0.25,0.29179093488969493,False,False,True
888,4,Ob4.txt,58,0.23499682511972847,0.07700546051648942,0.12322542384582885,-0.046219963329339434,0.65,0.3276872378052594,False,0.41019134039841115,0.21654234019290658,0.19364900020550457,0.1,1.7455186477069333,True,False,True
888,5,Ob5.txt,93,0.3663161299386736,0.07466279581349508,0.16309357440402106,-0.08843077859052598,0.7,0.20382066120319264,False,0.1872759392882427,0.15249893012352603,0.03477700916471668,0.45,0.511241313123709,False,False,False
888,6,Ob6.txt,112,0.23658765785583,0.5517536378476279,0.16219755745720976,0.3895560803904181,0.05,2.3321319583959506,True,0.4297403910560853,0.20280380976760243,0.22693658128848287,0.075,1.8164108599357167,True,True,True
888,7,Ob7.txt,33,0.5066029525957843,0.13671675151720358,0.26132719371813373,-0.12461044220093015,0.775,0.26986963028280875,False,0.38524537559642874,0.1920067008376845,0.19323867475874423,0.275,0.7604483424789945,True,False,True
888,8,Ob8.txt,84,0.4640366754728202,0.5102948756506922,0.15113121102252208,0.3591636646281701,0.1,1.0996865175166126,True,0.33956715626577594,0.24663744019131328,0.09292971607446265,0.375,0.7317679274375917,False,False,True
888,9,Ob9.txt,37,0.39573817200649164,0.11716429197373016,0.20496743262755213,-0.08780314065382197,0.675,0.29606517708331714,False,0.21101835649304945,0.23700221365307594,-0.02598385716002649,0.6,0.5332271977280674,False,False,False
888,10,Ob10.txt,36,0.20885409015926668,0.26513530422131454,0.22309806438887228,0.04203723983244226,0.4,1.2694762358694018,False,0.1486152073417532,0.22425422888419955,-0.07563902154244634,0.725,0.7115743207538964,False,False,False
888,11,Ob11.txt,119,0.1933036225580688,0.21401428841304437,0.14003851011070378,0.07397577830234059,0.35,1.107140598716685,True,0.3443426429671128,0.17927649395777917,0.16506614900933364,0.275,1.781356388516059,True,True,True
888,12,Ob12.txt,91,0.6797280817658758,0.2267233646009878,0.30425812995403695,-0.07753476535304915,0.575,0.33355009257816703,False,0.026801918979855066,0.34574907348431577,-0.3189471545044607,0.975,0.03943035413547423,False,False,False
888,13,Ob13.txt,102,0.07416679283572092,0.0047253274251451705,0.0,0.0047253274251451705,0.0,0.0637121715052685,False,0.0653632266205065,0.0,0.0653632266205065,0.0,0.8813004327325537,True,False,True
888,14,Ob14.txt,47,0.0738709343941259,0.03505571447612038,0.25615164731421125,-0.22109593283809087,0.975,0.4745535542989958,False,0.5458401675340014,0.26872668446190817,0.27711348307209327,0.1,7.389106040296761,True,False,True
888,15,Ob15.txt,96,0.11583259535508933,0.26153500023092635,0.14769052492390095,0.1138444753070254,0.35,2.257870502073968,True,0.48434035632538297,0.23821601710362222,0.24612433922176075,0.05,4.181382233909365,True,True,True
888,16,Ob16.txt,84,0.06971723701362575,0.20519915299266656,0.16003964126334008,0.045159511729326474,0.4,2.9433058707212076,False,0.11353791711058092,0.2746691546702813,-0.16113123755970038,0.9,1.6285487201449294,False,False,False
888,17,Ob17.txt,122,0.17234696574348046,0.10168408369934523,0.15760959261184257,-0.05592550891249734,0.725,0.5899963672739723,False,0.00017886977554160133,0.1814397581318595,-0.1812608883563179,1.0,0.0010378469662635625,False,False,False
888,18,Ob18.txt,103,0.16098957102424705,0.10914184976891689,0.0,0.10914184976891689,0.375,0.677943602647893,False,0.2613069308433337,0.0,0.2613069308433337,0.0,1.6231295554168386,True,False,True
888,19,Ob19.txt,143,0.1733399402767745,0.2593860229308945,0.05598073219289929,0.20340529073799524,0.05,1.4964007863203885,True,0.10836599109563283,0.15267487157059456,-0.04430888047496173,0.6,0.6251645807804204,False,False,True
889,1,Ob1.txt,28,0.16185645756912448,0.10235739686836334,0.1813958696564016,-0.07903847278803824,0.675,0.6323961268252105,False,0.55382541405346,0.2268289243877555,0.3269964896657045,0.125,3.4217072483310482,True,False,True
889,2,Ob2.txt,43,0.16969950131561315,0.3634284772475198,0.14060174479395748,0.22282673245356233,0.175,2.1416001486745837,True,0.08606297857206704,0.17854062126857684,-0.0924776426965098,0.8,0.5071492721242832,False,False,True
889,3,Ob3.txt,40,0.28144790217302085,0.6110334418915422,0.3077868436566085,0.30324659823493366,0.1,2.1710356949681855,True,0.534696002720171,0.2047832783553666,0.32991272436480445,0.1,1.8998045414155023,True,True,True
889,4,Ob4.txt,58,0.379677307785358,0.316834551410048,0.21086710176287793,0.10596744964717009,0.325,0.8344837705949054,True,0.03962127391743128,0.23088533192080357,-0.1912640580033723,0.875,0.10435512764389457,False,False,True
889,5,Ob5.txt,93,0.06285515561587705,0.19003901267425066,0.21535140122269888,-0.025312388548448223,0.525,3.023443515685884,False,0.2017912281882719,0.23895958212674445,-0.037168353938472565,0.65,3.210416491870079,False,False,False
889,6,Ob6.txt,112,0.10919543602292384,0.04635735568089672,0.1524008222359819,-0.10604346655508518,0.775,0.42453565248976827,False,0.47598129406325285,0.14078550986161462,0.3351957842016382,0.1,4.358985241501561,True,False,True
889,7,Ob7.txt,33,0.30349783082644166,0.09215478311582573,0.27537606005277204,-0.18322127693694631,0.875,0.3036423122527205,False,0.3239710787176645,0.27899145263164604,0.044979626086018465,0.4,1.0674576415767882,False,False,False
889,8,Ob8.txt,84,0.2460070396112206,0.11849605367719068,0.21104366699925237,-0.09254761332206168,0.65,0.4816774912801559,False,0.28770932610906275,0.1824438207169807,0.10526550539208204,0.325,1.1695166388886542,True,False,True
889,9,Ob9.txt,37,0.06516003127739861,0.4939611126633011,0.21259350242314168,0.28136761024015944,0.1,7.580737807819873,True,0.47576309018084434,0.15480521532348132,0.32095787485736305,0.2,7.301455828887353,True,True,True
889,10,Ob10.txt,36,0.3859109425591682,0.6745099559643615,0.21234619784382391,0.46216375812053756,0.0,1.747838378179559,True,0.33171152020677075,0.2139458783278368,0.11776564187893396,0.225,0.8595545853326314,True,True,True
889,11,Ob11.txt,119,0.23381777820194027,0.25351203771826314,0.21291019944743894,0.0406018382708242,0.4,1.0842290935606855,False,0.47929121904710675,0.2544036766163692,0.22488754243073755,0.125,2.0498493430775806,True,False,True
889,12,Ob12.txt,91,0.1970969620192618,0.47090861412159557,0.1947756500595041,0.2761329640620915,0.075,2.389223097591808,True,0.0069490708725517755,0.15460418413317145,-0.14765511326061967,0.975,0.03525711812784136,False,False,True
889,13,Ob13.txt,102,0.07536092514209691,0.20989410709342093,0.16257571941226207,0.04731838768115887,0.425,2.7851848514021658,False,0.18865549621884942,0.17363790181910999,0.015017594399739431,0.375,2.5033596106089426,False,False,False
889,14,Ob14.txt,47,0.06200832624469421,0.0807449007786879,0.23546626832711132,-0.15472136754842342,0.825,1.3021622364076775,False,0.08780340655158256,0.24570414015979408,-0.15790073360821152,0.8,1.4159938167835247,False,False,False
889,15,Ob15.txt,96,0.45720939217056444,0.024903734807351446,0.08371992579601485,-0.058816190988663405,0.85,0.05446899218129135,False,0.09216759034931776,0.07901613279517722,0.013151457554140544,0.5,0.20158726379560932,False,False,False
889,16,Ob16.txt,84,0.4645944295424288,0.24444781295725554,0.2668878394863575,-0.022440026529101986,0.55,0.5261531292960359,False,0.3810564694016484,0.20636084113377395,0.17469562826787444,0.175,0.8201916449513708,True,False,True
889,17,Ob17.txt,122,0.10964499874407918,0.04533498175224365,0.14105124242710335,-0.0957162606748597,0.875,0.41347058481034216,False,0.19717433059838632,0.19108795100187734,0.006086379596508984,0.475,1.798297531642169,False,False,False
889,18,Ob18.txt,103,0.06430876500386871,0.3097969642551739,0.062405310843411166,0.24739165341176272,0.0,4.817336551814313,True,0.31158027739464134,0.3564497149847828,-0.04486943759014145,0.55,4.84506703519959,False,False,True
889,19,Ob19.txt,143,0.08363667633842002,0.2068212956023388,0.22094966745147382,-0.014128371849135013,0.525,2.4728540714061316,False,0.0797217201204378,0.2955046584348244,-0.21578293831438658,0.85,0.9531909158831098,False,False,False
890,1,Ob1.txt,28,0.39327246707265007,0.3039498277762117,0.25956609781046497,0.04438372996574674,0.375,0.7728733975166953,False,0.22073867941160685,0.34592509242779657,-0.1251864130161897,0.675,0.561286888590727,False,False,False
890,2,Ob2.txt,43,0.15657177643414716,0.7526024806383752,0.15031770198198532,0.6022847786563899,0.0,4.806756988893933,True,0.373670928641235,0.18244782907924928,0.19122309956198574,0.2,2.386579095871714,True,True,True
890,3,Ob3.txt,40,0.5176555272118817,0.30423129053674813,0.25460067855291024,0.04963061198383789,0.475,0.5877099239630511,False,0.27773057417996994,0.24604536627287388,0.03168520790709606,0.45,0.536516195771811,False,False,False
890,4,Ob4.txt,58,0.23326023066510543,0.06371515125293749,0.1430757006856496,-0.0793605494327121,0.825,0.2731505112177228,False,0.1228708664180922,0.18295657880749996,-0.06008571238940777,0.6,0.5267544581763679,False,False,False
890,5,Ob5.txt,93,0.08683870848637412,0.20119674851941344,0.1756312419177796,0.02556550660163384,0.45,2.31690166777392,False,0.028558567444787047,0.20799746381848527,-0.17943889637369823,0.875,0.3288690946994931,False,False,False
890,6,Ob6.txt,112,0.10966335781248243,0.4142523945832664,0.14956439925261497,0.26468799533065146,0.225,3.7774914323853954,True,0.30757313418228305,0.21546797135762677,0.09210516282465628,0.275,2.8047028681012494,True,True,True
890,7,Ob7.txt,33,0.0019500582637034247,0.40880405429134364,0.28477759354664106,0.12402646074470258,0.35,209.63684106287644,True,0.24554525931979043,0.2674080897837817,-0.02186283046399129,0.575,125.91688355683627,False,False,True
890,8,Ob8.txt,84,0.27020038178362893,0.10465554130408952,0.17290766275355374,-0.06825212144946421,0.75,0.38732566036081917,False,0.4259120077936851,0.2192759375931028,0.2066360702005823,0.15,1.5762820355107674,True,False,True
890,9,Ob9.txt,37,0.4115684191713669,0.2540866076545527,0.2526081990117669,0.0014784086427858112,0.475,0.6173617698027442,False,0.5157603866828453,0.2163420902338604,0.2994182964489849,0.225,1.253158315016623,True,False,True
890,10,Ob10.txt,36,0.08817476858200413,0.41382136698915695,0.2897242226511273,0.12409714433802965,0.3,4.693194818019801,True,0.20957112558064475,0.26992568985973175,-0.060354564279087,0.55,2.376769782908359,False,False,True
890,11,Ob11.txt,119,0.14741817653046854,0.24634107487668983,0.2020699031043522,0.044271171772337636,0.375,1.6710359649970015,False,0.0905126931791973,0.22770020177859077,-0.13718750859939347,0.8,0.6139859772345647,False,False,False
890,12,Ob12.txt,91,0.20668824465853294,0.015460774758434326,0.18468878574777178,-0.16922801098933746,0.825,0.07480239035353403,False,0.1521272606417845,0.16735326247003085,-0.01522600182824635,0.55,0.7360228003925043,False,False,False
890,13,Ob13.txt,102,0.14635003180512451,0.33227391693112335,0.0,0.33227391693112335,0.0,2.2704054986033055,True,0.344881219148936,0.0,0.344881219148936,0.0,2.356550353252877,True,True,True
890,14,Ob14.txt,47,0.5367532919705195,0.018390723985549,0.2638690994098141,-0.24547837542426512,0.975,0.034262899288485575,False,0.4934014466861861,0.2535668015410259,0.23983464514516017,0.225,0.9192332009270389,True,False,True
890,15,Ob15.txt,96,0.4430429605659546,0.08394077272218955,0.3745814497266047,-0.2906406770044151,0.8,0.18946418337165638,False,0.020648172345114443,0.2204095649646622,-0.19976139261954778,0.95,0.04660535023226174,False,False,False
890,16,Ob16.txt,84,0.33159527620215123,0.38572097389766785,0.23430119967662155,0.1514197742210463,0.225,1.1632281928603827,True,0.2597426334383954,0.21180536979005335,0.04793726364834203,0.35,0.7833122245084331,True,True,True
890,17,Ob17.txt,122,0.023555680429848347,0.08304187834215498,0.1462842134974494,-0.06324233515529443,0.725,3.5253440710177615,False,0.12975093917334202,0.15614667684210864,-0.026395737668766628,0.55,5.508265386761208,False,False,False
890,18,Ob18.txt,103,0.2684417841858888,0.07295449248977262,0.17235295385223834,-0.09939846136246572,0.75,0.2717702562997926,False,0.08192053998369522,0.17786824577485816,-0.09594770579116293,0.725,0.3051705986537752,False,False,False
890,19,Ob19.txt,143,0.1393045778649295,0.18777958482343424,0.17805325190067156,0.009726332922762676,0.5,1.34797856396009,False,0.2758777898490394,0.08724064784766783,0.18863714200137155,0.025,1.9803928490887932,True,False,True
891,1,Ob1.txt,28,0.020465620006331287,0.16908555428005267,0.21015994794085133,-0.04107439366079865,0.625,8.26193167994637,False,0.10073037403435545,0.2896767861416517,-0.18894641210729626,0.825,4.921931219439885,False,False,False
891,2,Ob2.txt,43,0.3079530636644165,0.06966114386779698,0.2603232725814163,-0.19066212871361932,0.875,0.22620701687094863,False,0.03301906995019438,0.23059115117867962,-0.19757208122848524,1.0,0.10722111206588292,False,False,False
891,3,Ob3.txt,40,0.7584076449305254,0.4475055182007249,0.29763900553904465,0.14986651266168027,0.3,0.5900593449868495,True,0.022442760083623628,0.2941912589584471,-0.2717484988748235,0.925,0.0295919486487765,False,False,True
891,4,Ob4.txt,58,0.2023245615648003,0.20772132676592175,0.21288821567662097,-0.005166888910699219,0.525,1.0266738015364139,False,0.3226147884508401,0.22061529832436305,0.10199949012647702,0.325,1.594540899808219,True,False,True
891,5,Ob5.txt,93,0.20907084144382682,0.039728643559608756,0.19013774234837624,-0.1504090987887675,0.875,0.19002479391791732,False,0.22853275495774916,0.18132078491570808,0.047211970042041085,0.4,1.0930876509584977,False,False,False
891,6,Ob6.txt,112,0.1635324789719135,0.12669592471822,0.17666996142111058,-0.04997403670289058,0.675,0.7747447205272285,False,0.03210127152372658,0.16131289086091943,-0.12921161933719286,0.925,0.19629905768896178,False,False,False
891,7,Ob7.txt,33,0.36049873665809423,0.17349902925390376,0.32508153841329357,-0.1515825091593898,0.7,0.4812749993586093,False,0.010375382512714248,0.34920761735154726,-0.338832234838833,0.975,0.028780634875163275,False,False,False
891,8,Ob8.txt,84,0.3555076420166545,0.02011770535548263,0.21839898462992569,-0.19828127927444306,0.975,0.05658867202224635,False,0.32210656158618817,0.15829844570149804,0.16380811588469013,0.275,0.9060468004541472,True,False,True
891,9,Ob9.txt,37,0.0708099995584146,0.27496770834496403,0.21943100460053483,0.055536703744429206,0.4,3.883176247136251,False,0.07706157960905957,0.1541385468493246,-0.07707696724026503,0.725,1.0882866839377359,False,False,False
891,10,Ob10.txt,36,0.12558091332122948,0.9061898077615117,0.3032812306880317,0.60290857707348,0.0,7.215983574219795,True,0.6318118330342203,0.21968693218882202,0.41212490084539827,0.1,5.031113537278379,True,True,True
891,11,Ob11.txt,119,0.13909716099603597,0.004271689760741326,0.21230975041349398,-0.20803806065275265,0.95,0.03071011464326768,False,0.20264557418877693,0.27243810735699275,-0.06979253316821582,0.6,1.45686348116445,False,False,False
891,12,Ob12.txt,91,0.005993742580006345,0.1915993690970211,0.4794988207968172,-0.28789945169979614,0.8,31.96656622127043,False,0.00985815344200762,0.32838344553385024,-0.3185252920918426,0.975,1.6447408794118055,False,False,False
891,13,Ob13.txt,102,0.24346685790214978,0.15037876074293022,0.22127721969537928,-0.07089845895244906,0.625,0.6176559801144187,False,0.033309251070816615,0.22403466267828165,-0.19072541160746503,0.95,0.13681226002515598,False,False,False
891,14,Ob14.txt,47,0.3576252666268143,0.28536754879648496,0.23128817514578726,0.054079373650697704,0.35,0.7979513066515767,True,0.24498828794548475,0.24810511420020484,-0.0031168262547200953,0.525,0.685041888276682,False,False,True
891,15,Ob15.txt,96,0.20406430211333337,0.20276461093686893,0.2758695371666192,-0.07310492622975029,0.65,0.9936309723797618,False,0.5336771110018753,0.24626630003289934,0.28741081096897597,0.2,2.6152399291546904,True,False,True
891,16,Ob16.txt,84,0.5948761814651853,0.5590308898722753,0.113575046174471,0.44545584369780433,0.05,0.9397432731217735,True,0.5090201992484394,0.16703072087940427,0.34198947836903515,0.025,0.8556741976031351,True,True,True
891,17,Ob17.txt,122,0.2894295904946972,0.026835365005175027,0.1414973566849554,-0.11466199167978036,0.95,0.09271811136970355,False,0.029937426916947618,0.17555694937869293,-0.1456195224617453,0.875,0.10343595782925354,False,False,False
891,18,Ob18.txt,103,0.29627580140113075,0.1635660629238732,0.7211913038063477,-0.5576252408824744,0.5,0.5520736494521181,False,0.12001961774345904,0.6200699498234609,-0.5000503320800018,0.5,0.40509423036194336,False,False,False
891,19,Ob19.txt,143,0.06332549477054904,0.39745130936975104,0.15531508175312042,0.24213622761663062,0.15,6.276323790439531,True,0.256708860578319,0.24128072332803652,0.01542813725028247,0.45,4.05379952432219,False,False,True
892,1,Ob1.txt,28,0.7704601938453011,0.004940294563164804,0.21149112678131515,-0.20655083221815035,1.0,0.006412134724972897,False,0.5490508654252584,0.15672205614193643,0.3923288092833219,0.075,0.712627167258301,True,False,True
892,2,Ob2.txt,43,0.4375221829143445,0.2759650132855896,0.16887454902446236,0.10709046426112723,0.25,0.6307451920434772,True,0.11297401296214851,0.1995407889811675,-0.08656677601901899,0.575,0.25821322294935134,False,False,True
892,3,Ob3.txt,40,0.7699470059334577,0.05163181968331115,0.29920590428090965,-0.2475740845975985,0.875,0.0670589265045774,False,0.04054585835244212,0.20974994191470386,-0.16920408356226174,0.95,0.052660583182975944,False,False,False
892,4,Ob4.txt,58,0.3327579214272173,0.2805277828668046,0.19608042502452075,0.08444735784228383,0.35,0.8430386319989176,True,0.407647844510835,0.17139567741701622,0.2362521670938188,0.225,1.2250582728802089,True,True,True
892,5,Ob5.txt,93,0.11814122137674078,0.05522182544615151,0.23888504071418734,-0.18366321526803583,0.8,0.4674221647840809,False,0.0638099156972039,0.21864772927805728,-0.15483781358085338,0.825,0.5401155917774062,False,False,False
892,6,Ob6.txt,112,0.028105696649959072,0.2603952918109969,0.18518025559961482,0.07521503621138209,0.275,9.264858119479351,True,0.4993354807427395,0.11716483696837726,0.3821706437743622,0.05,17.76634420280298,True,True,True
892,7,Ob7.txt,33,0.6176998552516891,0.5150121400472906,0.2832796053115958,0.23173253473569477,0.225,0.8337579095553499,True,0.8187650837874572,0.24865280748315877,0.5701122763042984,0.025,1.325506355273212,True,True,True
892,8,Ob8.txt,84,0.33696358574859553,0.4926254149328284,0.14391931415554815,0.34870610077728026,0.15,1.4619544537384235,True,0.48198380240646144,0.18163314339558329,0.30035065901087815,0.125,1.430373556049655,True,True,True
892,9,Ob9.txt,37,0.09081245714217655,0.5485610581134212,0.271410778214998,0.27715027989842317,0.2,6.040592616656001,True,0.031228145182163686,0.2611297031101385,-0.22990155792797481,0.9,0.3438751264407779,False,False,True
892,10,Ob10.txt,36,0.28552293630630776,0.03687952580988707,0.31596072341183334,-0.2790811976019463,0.975,0.129164844992778,False,0.6605256159194284,0.2480446685436533,0.41248094737577506,0.125,2.313388985362701,True,False,True
892,11,Ob11.txt,119,0.3873925245394489,0.11278556750656175,0.14413066926343276,-0.03134510175687101,0.625,0.29114027856021935,False,0.1874758666561533,0.17760130407829586,0.009874562577857432,0.45,0.48394291262856387,False,False,False
892,12,Ob12.txt,91,0.223999329020029,0.3809874755060037,0.15736156011425229,0.22362591539175142,0.125,1.7008420390042218,True,0.14800301603904562,0.19365341995553287,-0.04565040391648725,0.625,0.6607297293547333,False,False,True
892,13,Ob13.txt,102,0.05570459415611709,0.3977164907286266,0.0,0.3977164907286266,0.025,7.139743081405291,True,0.4915139400396054,0.03421524755064531,0.4572986924889601,0.0,8.823579948578278,True,True,True
892,14,Ob14.txt,47,0.2985318859705971,0.3625547312517201,0.2444409225779609,0.1181138086737592,0.3,1.2144589850861987,True,0.22510874748848267,0.24550269197952304,-0.020393944491040372,0.525,0.7540526090089218,False,False,True
892,15,Ob15.txt,96,0.2641550607368984,0.15276472754558695,0.2875586565813627,-0.13479392903577575,0.65,0.5783145971893473,False,0.07443077742456858,0.2661113872116321,-0.1916806097870635,0.775,0.2817692654342236,False,False,False
892,16,Ob16.txt,84,0.132567919716732,0.4136107011901393,0.1989321964615584,0.2146785047285809,0.2,3.119990885230249,True,0.17088705862661863,0.18608728459408416,-0.015200225967465536,0.55,1.2890528793977158,False,False,True
892,17,Ob17.txt,122,0.21366739193871365,0.5397573011013321,0.12557648666426008,0.41418081443707205,0.0,2.526156640954138,True,0.4084649066766637,0.16842755978621074,0.24003734689045295,0.05,1.9116857418928197,True,True,True
892,18,Ob18.txt,103,0.3913624716887924,0.2696411389712331,0.4533246032223218,-0.18368346425108872,0.575,0.688980570384503,False,0.3931249251686708,0.15801141616757697,0.23511350900109385,0.35,1.0045033788555993,True,False,True
892,19,Ob19.txt,143,0.1356499869360952,0.4595366277265179,0.18039709872005383,0.27913952900646405,0.15,3.3876643714164594,True,0.23701451807302076,0.11586292111854138,0.12115159695447938,0.1,1.7472505779501362,True,True,True
893,1,Ob1.txt,28,0.06964060802178618,0.22978489679678815,0.2623130700963221,-0.03252817329953395,0.625,3.2995820014222574,False,0.001713685298931407,0.31971785920984486,-0.31800417391091346,1.0,0.02460755796955854,False,False,False
893,2,Ob2.txt,43,0.03972785893042269,0.5851352980497395,0.20564987774377758,0.37948542030596194,0.025,14.7285887989714,True,0.8298070835660604,0.1956582538441143,0.6341488297219461,0.025,20.887284286307537,True,True,True
893,3,Ob3.txt,40,0.07990194585237731,0.5809163544641618,0.24682888917344634,0.3340874652907154,0.125,7.270365549512808,True,0.2107041278294659,0.19882021284808504,0.011883914981380861,0.5,2.637033749074796,False,False,True
893,4,Ob4.txt,58,0.11997195098008362,0.337185287263852,0.32003435933028546,0.01715092793356654,0.45,2.8105343333111894,False,0.1831524553028228,0.28011063680765136,-0.09695818150482857,0.75,1.5266272975191315,False,False,False
893,5,Ob5.txt,93,0.28882512425893314,0.14102156002110167,0.18625826482208938,-0.04523670480098771,0.675,0.4882593243331392,False,0.38200083287046305,0.2280825600959101,0.15391827277455294,0.175,1.3226025050646129,True,False,True
893,6,Ob6.txt,112,0.2280760634256243,0.10852642732183992,0.1475980924951043,-0.03907166517326438,0.65,0.47583435846712796,False,0.17384428246194544,0.1715588620663885,0.0022854203955569308,0.5,0.7622206374963856,False,False,False
893,7,Ob7.txt,33,0.12424586073310848,0.32130554544566226,0.24826236963110984,0.07304317581455241,0.45,2.586046275906576,False,0.8562498453942069,0.3694252844377256,0.4868245609564813,0.025,6.891576430328816,True,False,True
893,8,Ob8.txt,84,0.14997149331636922,0.5929838042231019,0.12306591032575509,0.46991789389734684,0.0,3.9539767932575383,True,0.03806249803950215,0.21375405956782698,-0.17569156152832482,0.9,0.2537982199004194,False,False,True
893,9,Ob9.txt,37,0.29536388613802345,0.8774185441586293,0.37476747037288116,0.5026510737857481,0.075,2.9706358337546113,True,0.8796688007851788,0.3136372940414722,0.5660315067437066,0.1,2.9782544246933083,True,True,True
893,10,Ob10.txt,36,0.21158690985192552,0.34155304829705024,0.2708739392229623,0.07067910907408792,0.425,1.6142447022647983,False,0.38276879840165134,0.2963260998707468,0.08644269853090453,0.375,1.8090381804315008,False,False,False
893,11,Ob11.txt,119,0.031426310123268304,0.17371902348442186,0.14486120364974892,0.02885781983467295,0.375,5.527821204685396,False,0.23805083298380475,0.16066187178292995,0.0773889612008748,0.3,7.574889703883814,True,False,True
893,12,Ob12.txt,91,0.14094972475868203,0.23003875460445738,0.2775282956217118,-0.04748954101725439,0.575,1.6320624605567935,False,0.03532642711348896,0.26413170099744676,-0.2288052738839578,0.9,0.2506314018985906,False,False,False
893,13,Ob13.txt,102,0.3484684799534065,0.11043894028930368,0.0,0.11043894028930368,0.325,0.3169266279236228,True,0.25917185156469524,0.0,0.25917185156469524,0.3,0.7437454647242383,True,True,True
893,14,Ob14.txt,47,0.3099698035087609,0.37213875754825454,0.21577889203304917,0.15635986551520537,0.325,1.2005645496295465,True,0.3599810556533216,0.23423737892612972,0.1257436767271919,0.25,1.1613423358612647,True,True,True
893,15,Ob15.txt,96,0.8023021559935882,0.7484903808050557,0.24838914292503173,0.500101237880024,0.025,0.9329282929298739,True,0.7620389589907917,0.1925464838789743,0.5694924751118173,0.0,0.9498154196620178,True,True,True
893,16,Ob16.txt,84,0.21270826136200816,0.06081169454870694,0.21360481302059853,-0.1527931184718916,0.85,0.2858924903025347,False,0.1214184415832377,0.15525374231069547,-0.03383530072745777,0.7,0.5708214660106486,False,False,False
893,17,Ob17.txt,122,0.33755176692195055,0.24455693831943393,0.17276490317504445,0.07179203514438948,0.35,0.7245020239398744,True,0.15618971412801558,0.20134863179569146,-0.04515891766767588,0.65,0.4627133655743242,False,False,True
893,18,Ob18.txt,103,0.2948811938525136,0.12552893408239743,0.10406599761779023,0.021462936464607202,0.15,0.4256932510425924,False,0.4118382012991937,0.08339321655103449,0.3284449847481592,0.1,1.3966241655450458,True,False,True
893,19,Ob19.txt,143,0.013929752970072755,0.18268447711218835,0.08257995875507934,0.10010451835710901,0.3,13.114696111601912,True,0.138054109410744,0.08524993650093,0.052804172909814,0.25,9.910736371803939,True,True,True
894,1,Ob1.txt,28,0.29640640645532595,0.6108722374700041,0.28129453749009237,0.3295776999799117,0.025,2.0609279157469023,True,0.6716231350378437,0.29949251397401755,0.3721306210638261,0.075,2.2658860281384303,True,True,True
894,2,Ob2.txt,43,0.01209140008514184,0.33378045251935184,0.2638624089067873,0.06991804361256454,0.4,27.604781098055643,False,0.34100590769444356,0.23947632144526537,0.10152958624917818,0.3,28.202350868654044,True,False,True
894,3,Ob3.txt,40,0.06002332956640688,0.3795392415472449,0.22857963039410406,0.15095961115314083,0.3,6.323195402336706,True,0.05216812819799836,0.23666383612525552,-0.18449570792725717,0.925,0.8691308625304115,False,False,True
894,4,Ob4.txt,58,0.1610417717302823,0.07174105891669638,0.18377018375819476,-0.11202912484149838,0.8,0.44548105839800684,False,0.023762764222761773,0.22170041302850868,-0.1979376488057469,0.95,0.1475565250397293,False,False,False
894,5,Ob5.txt,93,0.03623180033208939,0.2940519060508875,0.22241587822298925,0.07163602782789824,0.275,8.11585136139246,True,0.2598977828904353,0.15444521104200828,0.10545257184842702,0.325,7.173195383842183,True,True,True
894,6,Ob6.txt,112,0.32861423909094045,0.1568337313331966,0.19625834212182564,-0.03942461078862902,0.625,0.477257868578831,False,0.058403225796875846,0.2267634648218398,-0.16836023902496394,0.925,0.1777257916712288,False,False,False
894,7,Ob7.txt,33,0.036613942296137486,0.37978111163975115,0.26046744826976487,0.11931366336998628,0.325,10.372581804167408,True,0.1305234913921577,0.18219937239948827,-0.05167588100733059,0.625,3.564857625449609,False,False,True
894,8,Ob8.txt,84,0.23514833433145285,0.030646057135290436,0.36835274107079047,-0.3377066839355,1.0,0.13032649039347796,False,0.011635369817318865,0.3818352405614377,-0.3701998707441188,1.0,0.049480979103676125,False,False,False
894,9,Ob9.txt,37,0.28469110192847186,0.04515904854965738,0.1940119065067023,-0.14885285795704492,0.85,0.15862472779708975,False,0.05368358111937388,0.30561813644427205,-0.25193455532489817,0.9,0.18856782230187785,False,False,False
894,10,Ob10.txt,36,0.8883821414101771,0.5951266244535929,0.2201023352786727,0.37502428917492014,0.05,0.6698993560461673,True,0.728585663438183,0.1764161287781475,0.5521695346600355,0.025,0.8201264179868131,True,True,True
894,11,Ob11.txt,119,0.220241074639825,0.5568031253569734,0.21248239208079162,0.3443207332761818,0.025,2.5281529626912276,True,0.1293445153468184,0.16220763238472694,-0.032863117037908535,0.6,0.5872860707674268,False,False,True
894,12,Ob12.txt,91,0.0289483688753846,0.10826406981104802,0.23559952300297798,-0.12733545319192996,0.7,3.7399022472422345,False,0.237673405141993,0.30663679241678754,-0.06896338727479454,0.575,8.210252058246073,False,False,False
894,13,Ob13.txt,102,0.27989819936493,0.37990811947417175,0.16675994938211824,0.2131481700920535,0.15,1.3573081939653684,True,0.3138611349361881,0.24386825228235376,0.06999288265383435,0.325,1.1213403146155199,True,True,True
894,14,Ob14.txt,47,0.22534467004738712,0.06268734900860229,0.29448360235219495,-0.23179625334359266,0.925,0.2781842987252369,False,0.141994235010668,0.19952182362625207,-0.057527588615584074,0.65,0.6301202286293632,False,False,False
894,15,Ob15.txt,96,0.07398852734615903,0.043667197470249164,0.12150252022672187,-0.0778353227564727,0.775,0.5901887635355951,False,0.054395476152193506,0.17633206523454703,-0.12193658908235352,0.75,0.7351879825598034,False,False,False
894,16,Ob16.txt,84,0.4412785189882063,0.1303857876796769,0.15008118934018033,-0.01969540166050343,0.55,0.2954727730201651,False,0.01583705424529308,0.27439232594981033,-0.25855527170451725,0.975,0.03588902147696962,False,False,False
894,17,Ob17.txt,122,0.4017617139979251,0.3420129966216422,0.11996185032644179,0.2220511462952004,0.15,0.8512831977399632,True,0.49389483093564907,0.2064340426687707,0.2874607882668784,0.075,1.2293227894238816,True,True,True
894,18,Ob18.txt,103,0.20530447812533642,0.2785636968845203,0.11645169224877312,0.1621120046357472,0.275,1.3568320546542576,True,0.11331578372076623,0.19505919267667693,-0.0817434089559107,0.7,0.5519401464374685,False,False,True
894,19,Ob19.txt,143,0.27470180928918075,0.08335297339957745,0.11185225015136525,-0.028499276751787803,0.6,0.30343074046458546,False,0.06892192395924321,0.16119345993468914,-0.09227153597544593,0.725,0.2508972333949521,False,False,False
895,1,Ob1.txt,28,0.607563924457434,0.275125605269671,0.17390379399147105,0.10122181127819996,0.3,0.45283400510549293,True,0.11122178124221697,0.24119521122234716,-0.12997342998013017,0.775,0.18306185862095106,False,False,True
895,2,Ob2.txt,43,0.4520698316821969,0.011244454277409228,0.19371469978816636,-0.18247024551075713,1.0,0.02487326844077937,False,0.003624767971127117,0.20295015076589865,-0.19932538279477152,1.0,0.008018159401699056,False,False,False
895,3,Ob3.txt,40,0.2692604690209861,0.5129224239441861,0.17617219420340136,0.3367502297407847,0.125,1.904930292252477,True,0.35867412431247914,0.3231142814499385,0.03555984286254066,0.475,1.3320712305694014,False,False,True
895,4,Ob4.txt,58,0.5237246741862205,0.41453087504660635,0.15414671997051388,0.26038415507609247,0.15,0.7915053375912013,True,0.30139463425717067,0.2579480452303957,0.04344658902677495,0.425,0.5754829762899503,False,False,True
895,5,Ob5.txt,93,0.12700014904250467,0.40674320977656575,0.21200357647613943,0.19473963330042632,0.2,3.2026986806167925,True,0.2479754153965456,0.20558297252694402,0.04239244286960159,0.4,1.9525600345047838,False,False,True
895,6,Ob6.txt,112,0.37152098821784696,0.2667267163661875,0.23810591627165714,0.028620800094530358,0.425,0.7179317584334919,False,0.22407971956604059,0.16967018979955906,0.05440952976648153,0.375,0.6031414823720486,False,False,False
895,7,Ob7.txt,33,0.213870584710911,0.002599593968870828,0.2536101308861767,-0.25101053691730585,1.0,0.012154986027576914,False,0.1507059458376214,0.27182876959504887,-0.12112282375742747,0.7,0.7046595306284439,False,False,False
895,8,Ob8.txt,84,0.5223099490919882,0.6859549527113756,0.29572776701946196,0.39022718569191367,0.15,1.3133101406624106,True,1.033042962388781,0.3005255549167129,0.732517407472068,0.075,1.9778351229661209,True,True,True
895,9,Ob9.txt,37,0.34014368369247383,0.12844056365387738,0.15854447764607824,-0.03010391399220086,0.6,0.37760678740106,False,0.012239311537731667,0.1894213834561962,-0.17718207191846452,0.925,0.03598276882541588,False,False,False
895,10,Ob10.txt,36,0.5536412607117691,0.1505825766466968,0.17680233182624644,-0.026219755179549636,0.55,0.2719858278862845,False,0.04724855556453106,0.1715495999619886,-0.12430104439745754,0.85,0.08534146371928213,False,False,False
895,11,Ob11.txt,119,0.0774734336007889,0.4123970106359316,0.22072989478683455,0.19166711584909704,0.2,5.3230764594862645,True,0.2514471564764513,0.23725294568723848,0.014194210789212791,0.425,3.2455920021839697,False,False,True
895,12,Ob12.txt,91,0.439860565725695,0.2010736693333397,0.24426950090899058,-0.04319583157565088,0.625,0.4571304749758652,False,0.3591062235928203,0.19933166109635253,0.15977456249646776,0.2,0.8164092250469333,True,False,True
895,13,Ob13.txt,102,0.17805532021914522,0.5440216052303566,0.22577027477305683,0.31825133045729975,0.025,3.055351587140395,True,0.5965891734416094,0.26242904204245154,0.3341601313991579,0.025,3.3505832496740067,True,True,True
895,14,Ob14.txt,47,0.12477043836878077,0.03315961735571621,0.22020733137668605,-0.18704771402096984,0.975,0.26576501444763045,False,0.10406004711955325,0.18672505612019918,-0.08266500900064594,0.7,0.8340120342607569,False,False,False
895,15,Ob15.txt,96,0.1524145468914213,0.33266011466940454,0.34271414674466705,-0.010054032075262509,0.525,2.1826008176659704,False,0.06842952414007114,0.4026936141622365,-0.33426409002216534,0.925,0.448969770508977,False,False,False
895,16,Ob16.txt,84,0.5439611527241425,0.3388889355147072,0.1831411023242332,0.15574783319047403,0.225,0.623002090898515,True,0.5405097988852787,0.17274475340954035,0.3677650454757384,0.025,0.9936551464721709,True,True,True
895,17,Ob17.txt,122,0.03147621532785512,0.17627509162726088,0.2320540620803408,-0.05577897045307992,0.575,5.600263239756937,False,0.10090007139056067,0.1930224087269622,-0.09212233733640152,0.75,3.2055973165639258,False,False,False
895,18,Ob18.txt,103,0.18665699477463987,0.34996162622794963,0.192530999655516,0.15743062657243362,0.375,1.874891571304228,False,0.10711961217449259,0.1780359104448911,-0.0709162982703985,0.675,0.5738848003195559,False,False,False
895,19,Ob19.txt,143,0.11518877652946549,0.17296655673227695,0.1276468602718936,0.04531969646038336,0.425,1.5015920990187077,False,0.2825336238599477,0.14962113302540597,0.1329124908345417,0.2,2.4527877834319654,True,False,True
896,1,Ob1.txt,28,0.44286275515717666,0.17231120664125885,0.1927233637990761,-0.020412157157817246,0.575,0.3890848906002578,False,0.019958323429467822,0.2750178727215956,-0.2550595492921278,0.95,0.04506661081125326,False,False,False
896,2,Ob2.txt,43,0.1066311046906826,0.16461428373304654,0.20473099143429593,-0.04011670770124939,0.6,1.5437735941174255,False,0.14408944673097387,0.21432500148411138,-0.0702355547531375,0.65,1.3512890741303965,False,False,False
896,3,Ob3.txt,40,0.03934480016201293,0.08695967015374761,0.34851540482648524,-0.2615557346727376,0.875,2.2101947346451754,False,0.008825373004808068,0.35335771773830815,-0.3445323447335001,1.0,0.22430849739907666,False,False,False
896,4,Ob4.txt,58,0.3763603961189064,0.006953573396962315,0.21953685694175606,-0.21258328354479375,0.975,0.01847583717274391,False,0.25241682287872014,0.21176813204957176,0.040648690829148376,0.425,0.6706784918968258,False,False,False
896,5,Ob5.txt,93,0.01230172656615311,0.1455106488289001,0.18727230092088903,-0.04176165209198893,0.575,11.828473673708304,False,0.006953836168267433,0.21760564426427004,-0.2106518080960026,1.0,0.5652731859119818,False,False,False
896,6,Ob6.txt,112,0.006106756105634797,0.23864924182734912,0.10332058768074061,0.1353286541466085,0.225,39.07954365610636,True,0.22756162210634304,0.19942279149825026,0.028138830608092774,0.475,37.26391199680767,False,False,True
896,7,Ob7.txt,33,1.1625690865600538,0.6517446672747623,0.23158087508844166,0.42016379218632066,0.1,0.5606072575034841,True,0.15843926738525413,0.3555812194176179,-0.19714195203236376,0.8,0.13628374366469942,False,False,True
896,8,Ob8.txt,84,0.2620259511992668,0.38680870689388946,0.14868409264929094,0.23812461424459852,0.125,1.476222889845469,True,0.23364047776962166,0.2753870567668248,-0.04174657899720313,0.6,0.8916692285640883,False,False,True
896,9,Ob9.txt,37,0.007133850270474057,0.23036924782899532,0.293909601218866,-0.06354035338987069,0.625,32.29241420757866,False,0.03810574614498896,0.29955326382994085,-0.2614475176849519,0.9,5.341539939897949,False,False,False
896,10,Ob10.txt,36,0.39192890385985585,0.5950994071369629,0.21472653923535162,0.38037286790161123,0.1,1.518386118697068,True,0.6603336513241242,0.2839600157655786,0.37637363555854564,0.075,1.6848301945095718,True,True,True
896,11,Ob11.txt,119,0.1211410888154191,0.1457200622134366,0.15088882823613922,-0.005168766022702609,0.525,1.2028954307606408,False,0.0005720203140697766,0.2154460466850227,-0.21487402637095293,1.0,0.004721934726386318,False,False,False
896,12,Ob12.txt,91,0.08390837669354297,0.21075228023399376,0.16441474298466902,0.04633753724932474,0.425,2.5116953579464476,False,0.3397696923331239,0.11402162217965886,0.225748070153465,0.125,4.049294071962071,True,False,True
896,13,Ob13.txt,102,0.1091139922364151,0.07156326593749895,0.06194762421320377,0.009615641724295187,0.3,0.6558578278617491,False,0.08313457738918745,0.0,0.08313457738918745,0.3,0.7619057435737612,True,False,True
896,14,Ob14.txt,47,0.6445165380945959,0.29874581101935577,0.23716446047257914,0.06158135054677663,0.425,0.4635192324196168,False,0.41260564754863366,0.34621775004341715,0.06638789750521651,0.4,0.6401785263236728,False,False,False
896,15,Ob15.txt,96,0.3774799789600044,0.005783680166687455,0.47521807197599775,-0.4694343918093103,1.0,0.015321819670071192,False,0.02338973505208053,0.35549786673415373,-0.3321081316820732,0.9,0.061962849305336985,False,False,False
896,16,Ob16.txt,84,0.016322060764359873,0.2899319943327242,0.14587508342464656,0.14405691090807765,0.275,17.763197828904474,True,0.2648305279525808,0.20565571713272385,0.05917481081985693,0.425,16.225311973525606,False,False,True
896,17,Ob17.txt,122,0.40827953346499724,0.20806159148091014,0.1734644726772491,0.03459711880366104,0.4,0.5096057343730352,False,0.16905409802880056,0.20786726280017975,-0.038813164771379194,0.575,0.4140645909778232,False,False,False
896,18,Ob18.txt,103,0.1036732439952665,0.38654614887357297,0.0,0.38654614887357297,0.0,3.728504423872584,True,0.34712380487817884,0.0,0.34712380487817884,0.1,3.3482487043043405,True,True,True
896,19,Ob19.txt,143,0.11576250969403065,0.2602110628686056,0.08642590869770997,0.17378515417089566,0.125,2.2478008083650205,True,0.16275213670647443,0.07771066412299699,0.08504147258347744,0.275,1.4059140315516745,True,True,True
897,1,Ob1.txt,28,0.20554310914769333,0.3496337638259284,0.266548923925091,0.08308483990083743,0.35,1.7010240103680563,True,0.3583410505993621,0.24642406094610975,0.11191698965325236,0.35,1.743386348903945,True,True,True
897,2,Ob2.txt,43,0.09958982451376175,0.1429339854688279,0.1954789594572853,-0.052544973988457394,0.6,1.4352268032069548,False,0.2542505034149521,0.27368513660499255,-0.019434633190040462,0.5,2.552976718819488,False,False,False
897,3,Ob3.txt,40,0.8649795537625551,0.44549266601104665,0.2830540458646382,0.16243862014640842,0.25,0.5150325970980564,True,0.8662264465331928,0.27638996556144857,0.5898364809717442,0.0,1.0014415286063283,True,True,True
897,4,Ob4.txt,58,0.15170552951904706,0.2784986047645281,0.24362861204604247,0.03486999271848562,0.425,1.8357841381751467,False,0.5762160022373762,0.2242583351335375,0.35195766710383874,0.05,3.7982531293628994,True,False,True
897,5,Ob5.txt,93,0.0061528261303702425,0.22228402618456777,0.16816007531035307,0.054123950874214705,0.425,36.127142466675224,False,0.12204386422813442,0.14631020669935424,-0.024266342471219823,0.55,19.835415732898422,False,False,False
897,6,Ob6.txt,112,0.18506208877638508,0.08974590194826954,0.1323544202333068,-0.042608518285037256,0.65,0.4849502269301177,False,0.2927243897414018,0.12548559869909412,0.16723879104230768,0.15,1.581763135155724,True,False,True
897,7,Ob7.txt,33,1.1208887746913232,0.23272868885364809,0.3313556936392762,-0.09862700478562811,0.625,0.20762870867159702,False,0.48106512373984556,0.2352810041611665,0.24578411957867904,0.175,0.42918185515090385,True,False,True
897,8,Ob8.txt,84,0.13179590835628363,0.14992420611485757,0.2163209123662515,-0.06639670625139393,0.575,1.1375482591581505,False,0.3877652188942129,0.18805108031921022,0.19971413857500267,0.25,2.942164318530799,True,False,True
897,9,Ob9.txt,37,0.471396398670483,0.3228809393156467,0.21583173720269036,0.10704920211295635,0.3,0.6849457064718646,True,0.34043387049157364,0.21732538186185124,0.1231084886297224,0.4,0.722181738027118,False,False,True
897,10,Ob10.txt,36,0.1666828066563441,0.5494541929598853,0.24416634063146955,0.3052878523284157,0.175,3.2964059340128262,True,0.7082820240265421,0.2396517917993009,0.46863023222724115,0.05,4.24928064408486,True,True,True
897,11,Ob11.txt,119,0.013557332965354607,0.15827414908599458,0.14519844517981773,0.01307570390617685,0.45,11.674431061806908,False,0.13868383638184129,0.15497616240351775,-0.016292326021676462,0.525,10.229433527688967,False,False,False
897,12,Ob12.txt,91,0.13939118184061133,0.26837981219459905,0.2606947060863902,0.007685106108208828,0.5,1.925371523870724,False,0.06818349844495375,0.19949809739812796,-0.1313145989531742,0.8,0.4891521654714074,False,False,False
897,13,Ob13.txt,102,0.31324069335619764,0.20746999281579515,0.16149164236503322,0.04597835045076193,0.375,0.6623341003139502,False,0.2751883960100997,0.15798621295534263,0.11720218305475708,0.15,0.8785205812872235,True,False,True
897,14,Ob14.txt,47,0.2961390871912171,0.28203480685612164,0.18271964335610635,0.09931516350001529,0.25,0.952372783785923,True,0.41523203351280463,0.24700319028232665,0.168228843230478,0.175,1.4021520679730102,True,True,True
897,15,Ob15.txt,96,0.023413280337139544,0.261960145185558,0.2127184750957152,0.04924167008984279,0.4,11.188528109408965,False,0.13198616559391638,0.16020848694212897,-0.028222321348212592,0.55,5.637235094501134,False,False,False
897,16,Ob16.txt,84,0.27064411704429003,0.28939365568355985,0.20126756996121314,0.0881260857223467,0.425,1.0692774660836302,False,0.28507038109113797,0.213925712057926,0.07114466903321198,0.45,1.0533034458845714,False,False,False
897,17,Ob17.txt,122,0.0348211841034754,0.053475652208436586,0.16103312930074554,-0.10755747709230895,0.725,1.5357218194972106,False,0.49728743117918267,0.16531548023624903,0.33197195094293364,0.075,14.28117520936199,True,False,True
897,18,Ob18.txt,103,0.25983720096174656,0.21994178075101956,0.05360189201983312,0.16633988873118644,0.025,0.846459936979538,True,0.512990678824641,0.15390281780605164,0.35908786101858936,0.0,1.9742772664032964,True,True,True
897,19,Ob19.txt,143,0.04279449718473741,0.02736304711300413,0.34271209774617817,-0.31534905063317403,0.975,0.6394057393613476,False,0.12070237009070992,0.2943702066039777,-0.1736678365132678,0.75,2.820511468323975,False,False,False
898,1,Ob1.txt,28,0.02319738215607836,0.3140999680515266,0.23092734571231582,0.0831726223392108,0.35,13.540319590295825,True,0.1531134795238583,0.2346428214398815,-0.0815293419160232,0.7,6.600463728780633,False,False,True
898,2,Ob2.txt,43,0.5348842956120741,0.18854270928449496,0.25503059040337417,-0.06648788111887921,0.625,0.3524925125512302,False,0.01339286762344949,0.32618157038289436,-0.31278870275944487,0.95,0.025038812568097334,False,False,False
898,3,Ob3.txt,40,0.07798261659692685,0.012670424208500064,0.24846001518299932,-0.23578959097449925,0.975,0.1624775464253835,False,0.3753351814734287,0.31981604396820595,0.05551913750522275,0.35,4.813062165039227,True,False,True
898,4,Ob4.txt,58,0.2515597963698777,0.12349060236066545,0.34429272525058674,-0.2208021228899213,0.8,0.4908995958125703,False,0.12667959845484825,0.36285927584971966,-0.23617967739487142,0.825,0.5035764867156537,False,False,False
898,5,Ob5.txt,93,0.43246245698565533,0.06040167136201047,0.19373024174880304,-0.13332857038679258,0.8,0.13966916754582925,False,0.09583699519147332,0.24923491229008726,-0.15339791709861395,0.75,0.22160766476580465,False,False,False
898,6,Ob6.txt,112,0.28199417466736354,0.6380603083194571,0.13946166254758946,0.4985986457718677,0.0,2.26267194729148,True,0.6063537345937022,0.23215494858910368,0.37419878600459855,0.025,2.1502349660554114,True,True,True
898,7,Ob7.txt,33,0.041111741210041686,0.2742856748858038,0.33067809205785476,-0.05639241717205096,0.625,6.671711457913355,False,0.032892721158305716,0.3956470310143553,-0.36275430985604956,1.0,0.8000809547388267,False,False,False
898,8,Ob8.txt,84,0.10735497041428461,0.19397083165171064,0.239998122983976,-0.04602729133226535,0.725,1.8068174291620964,False,0.25410835223817224,0.2604181980054221,-0.006309845767249855,0.525,2.3669919637401406,False,False,False
898,9,Ob9.txt,37,0.6267408474572235,0.5449536443835968,0.32617436063935334,0.2187792837442435,0.225,0.869503953020696,True,0.5914185672334958,0.2282973321634921,0.3631212350700037,0.2,0.9436413305961545,True,True,True
898,10,Ob10.txt,36,0.9796449478221,0.5195124630835736,0.2751010170744963,0.24441144600907727,0.2,0.5303068874478748,True,0.2171733503822077,0.2404502985045459,-0.023276948122338215,0.575,0.22168577591811928,False,False,True
898,11,Ob11.txt,119,0.2442570149719607,0.12502645564913523,0.1972394068976833,-0.07221295124854807,0.65,0.5118643395502379,False,0.3945374481590345,0.15235057798901386,0.24218687017002066,0.225,1.615255341609432,True,False,True
898,12,Ob12.txt,91,0.27503109196709086,0.3765311656436885,0.20345934910884117,0.17307181653484732,0.325,1.3690494516479712,True,0.21474657584639267,0.14876569264043937,0.0659808832059533,0.425,0.7808083599220426,False,False,True
898,13,Ob13.txt,102,0.041009988712048064,0.369666584860211,0.0,0.369666584860211,0.1,9.014062097305796,True,0.37908493043277147,0.0,0.37908493043277147,0.1,9.243721891623016,True,True,True
898,14,Ob14.txt,47,0.0700405873571652,0.5850885568555468,0.2607516676573868,0.32433688919816006,0.1,8.353564396482632,True,0.634173502356552,0.25077449327473367,0.38339900908181834,0.05,9.054371562057947,True,True,True
898,15,Ob15.txt,96,0.019570063931165324,0.3272969397221317,0.35226787545464333,-0.024970935732511634,0.525,16.724367425336375,False,0.1585670761354294,0.27808067487112265,-0.11951359873569325,0.6,8.1025323521254,False,False,False
898,16,Ob16.txt,84,0.03212488082848425,0.2659549354985927,0.2596785366274176,0.006276398871175148,0.475,8.278783567121526,False,0.3378953734172343,0.27423631802371773,0.06365905539351657,0.4,10.518182938055658,False,False,False
898,17,Ob17.txt,122,0.1051450724059908,0.17593338476974335,0.12385052202353407,0.05208286274620928,0.35,1.6732442209980283,True,0.33025367647979637,0.14991365698055004,0.18034001949924633,0.125,3.140933463858451,True,True,True
898,18,Ob18.txt,103,0.000307990578537351,0.08655110878704375,0.0,0.08655110878704375,0.0,281.0186895913357,True,0.6325702159489281,0.0,0.6325702159489281,0.0,2053.8622283610352,True,True,True
898,19,Ob19.txt,143,0.02665259119219693,0.02506452335526313,0.2238158246450489,-0.19875130128978577,0.95,0.94041600587793,False,0.28658162857578834,0.20442360443963847,0.08215802413614987,0.325,10.75248655971922,True,False,True
899,1,Ob1.txt,28,0.015084930831178386,0.6167020492784555,0.2610349975400781,0.3556670517383774,0.125,40.8819938374408,True,0.10914151939041829,0.32141264361240107,-0.2122711242219828,0.85,7.235135554273702,False,False,True
899,2,Ob2.txt,43,0.23899497381261137,0.5737007267078027,0.25214843868159775,0.32155228802620495,0.1,2.4004719327596566,True,0.37701327076171265,0.2535969073989077,0.12341636336280493,0.325,1.5774945587655629,True,True,True
899,3,Ob3.txt,40,0.1279131610256087,0.0793267718442213,0.16554789855570284,-0.08622112671148155,0.725,0.620161140637747,False,0.20126835735451326,0.17947869260043298,0.021789664754080285,0.45,1.573476534711065,False,False,False
899,4,Ob4.txt,58,0.29508598555114385,0.23872140853524043,0.3064454591130167,-0.06772405057777625,0.65,0.8089893123503339,False,0.07836912251459793,0.2265327356330772,-0.14816361311847925,0.8,0.26558063192402986,False,False,False
899,5,Ob5.txt,93,0.06284282941275587,0.03318791059765944,0.1600716299254361,-0.12688371932777667,0.975,0.5281097447041895,False,0.047975233223344585,0.22400072867064932,-0.17602549544730473,0.85,0.7634161872031584,False,False,False
899,6,Ob6.txt,112,0.08145535943355064,0.5261245268933323,0.1437011266549895,0.38242340023834287,0.025,6.459053530081495,True,0.5892578548115464,0.1363626503933625,0.45289520441818387,0.05,7.234120123087162,True,True,True
899,7,Ob7.txt,33,0.5508713368644611,0.03462493258284263,0.29151121169045024,-0.25688627910760764,1.0,0.06285484516207804,False,0.22476121123099763,0.4672452523775502,-0.2424840411465526,0.7,0.408010357754916,False,False,False
899,8,Ob8.txt,84,0.18183782466106047,0.2585356660643444,0.14088864615774188,0.11764701990660253,0.225,1.421792559090751,True,0.07467827763328173,0.10152144961928222,-0.02684317198600049,0.675,0.4106861582428161,False,False,True
899,9,Ob9.txt,37,0.8154508875063469,0.1618353074803196,0.19359045816244486,-0.031755150682125255,0.575,0.19846113353952294,False,0.16130957453180628,0.3150550862113914,-0.1537455116795851,0.725,0.19781641911641276,False,False,False
899,10,Ob10.txt,36,0.1425776703983751,0.2729783379710227,0.23009656424050012,0.0428817737305226,0.45,1.9145938996498975,False,0.0005287248119486554,0.3254550707527622,-0.32492634594081354,1.0,0.0037083283130615735,False,False,False
899,11,Ob11.txt,119,0.18192718854187856,0.07259030515386515,0.1501560866525068,-0.07756578149864164,0.75,0.3990074586193877,False,0.16529434472118684,0.19375094997394457,-0.028456605252757727,0.55,0.9085741721509485,False,False,False
899,12,Ob12.txt,91,0.19316386631441235,0.3115076318333021,0.27126208018434667,0.040245551648955435,0.425,1.6126599543532738,False,0.4280564423413449,0.30662277899177753,0.12143366334956734,0.375,2.2160275133683567,False,False,False
899,13,Ob13.txt,102,0.22915373771315323,0.25603296336697484,0.0,0.25603296336697484,0.025,1.1172977841080127,True,0.08599022184596129,0.0,0.08599022184596129,0.25,0.37525122960726437,True,True,True
899,14,Ob14.txt,47,0.1564879779196961,0.11134599138978446,0.2135513624538965,-0.10220537106411204,0.725,0.7115306419699738,False,0.37226853810944494,0.18281902093709113,0.1894495171723538,0.175,2.3788954465273973,True,False,True
899,15,Ob15.txt,96,0.038448009197740884,0.17833433377155578,0.17524624895534877,0.0030880848162070096,0.5,4.638324258984891,False,0.15342673177446928,0.09997419360206083,0.05345253817240844,0.25,3.9904987273953387,True,False,True
899,16,Ob16.txt,84,0.2702986822115809,0.4411719052478532,0.18034011549553092,0.2608317897523223,0.15,1.6321644694609292,True,0.2137082070403238,0.12331554219905537,0.09039266484126844,0.325,0.7906372509542614,True,True,True
899,17,Ob17.txt,122,0.06274327362463628,0.045199322725630986,0.18902703540738772,-0.14382771268175673,0.95,0.7203851522959647,False,0.2441325957952415,0.17271667306402652,0.07141592273121497,0.325,3.890976381879162,True,False,True
899,18,Ob18.txt,103,0.7431834059180051,0.39868833409696197,0.11426762011436009,0.2844207139826019,0.1,0.5364602208851645,True,0.3953776656564506,0.5431218421264845,-0.1477441764700339,0.525,0.5320055083416009,False,False,True
899,19,Ob19.txt,143,0.11505516641283042,0.14885056406009553,0.13267510137738112,0.016175462682714414,0.425,1.2937321173914396,False,0.06675607007886841,0.11989044357461723,-0.053134373495748816,0.725,0.5802092349277075,False,False,False
900,1,Ob1.txt,28,0.5203075983290866,0.04319292831467576,0.22403146964693282,-0.18083854133225707,0.875,0.08301421784610745,False,0.19948025232570787,0.23093646467682233,-0.031456212351114454,0.525,0.3833890817015124,False,False,False
900,2,Ob2.txt,43,0.30870242933775205,0.23504206697332536,0.32171169073013217,-0.08666962375680681,0.625,0.7613871632871579,False,0.010398881326937726,0.30260871739644896,-0.29220983606951123,1.0,0.03368577743053744,False,False,False
900,3,Ob3.txt,40,0.3516740891101562,0.07580309720317188,0.2752884887823983,-0.19948539157922643,0.75,0.21554928142410798,False,0.32876454824449725,0.31869532944939705,0.010069218795100199,0.45,0.9348557611292116,False,False,False
900,4,Ob4.txt,58,0.6607763259310248,0.03946696096487516,0.19833759917983657,-0.1588706382149614,0.85,0.05972817035971553,False,0.0650695898858725,0.3313152027283401,-0.2662456128424676,0.925,0.0984744569869242,False,False,False
900,5,Ob5.txt,93,0.14777201851202923,0.6716006733546055,0.19721473659041508,0.4743859367641904,0.05,4.544843334463449,True,0.42391584414405026,0.2215276178242794,0.20238822631977085,0.1,2.868715257547503,True,True,True
900,6,Ob6.txt,112,0.1207619616081671,0.19954796520250961,0.19040279002853208,0.009145175173977532,0.5,1.6524074513626834,False,0.11229593757810083,0.22642584979945823,-0.1141299122213574,0.675,0.929894944423512,False,False,False
900,7,Ob7.txt,33,0.13330190124507676,0.18857849852680952,0.3189541086715925,-0.130375610144783,0.625,1.4146722347200902,False,0.6643425213329319,0.33566542642489744,0.3286770949080345,0.05,4.983743781054796,True,False,True
900,8,Ob8.txt,84,0.10892760024517747,0.06761934410013637,0.289652985085289,-0.22203364098515266,0.85,0.6207732837952616,False,0.27633150971134557,0.26007376672264415,0.016257742988701418,0.45,2.5368364775260854,False,False,False
900,9,Ob9.txt,37,0.29981536866786196,0.506025080231946,0.21136895106076564,0.2946561291711804,0.075,1.6877889965424853,True,0.431232746332892,0.2392479809851768,0.1919847653477152,0.25,1.43832768896719,True,True,True
900,10,Ob10.txt,36,0.39283397553169214,0.32973778457650893,0.23088874222489433,0.0988490423516146,0.3,0.839382042070613,True,0.33572135816103366,0.2683438662379458,0.06737749192308784,0.4,0.8546138548903317,False,False,True
900,11,Ob11.txt,119,0.057555234034153746,0.2061667596261671,0.2163844644188223,-0.010217704792655213,0.575,3.5820679576044476,False,0.39996899440559197,0.1637326385022193,0.23623635590337266,0.125,6.949307063337578,True,False,True
900,12,Ob12.txt,91,0.42209098728509387,0.40840943880998,0.26179118313002603,0.14661825567995396,0.325,0.967586257732926,True,0.0832711637210903,0.2691422184485873,-0.18587105472749704,0.8,0.19728249649842977,False,False,True
900,13,Ob13.txt,102,0.12723719028555536,0.2311706967041711,0.0,0.2311706967041711,0.0,1.816848487343679,True,0.3527421153768553,0.0,0.3527421153768553,0.0,2.7723192769755816,True,True,True
900,14,Ob14.txt,47,0.7910116412143904,0.5370874998841664,0.25078127116340965,0.28630622872075673,0.1,0.6789881107939318,True,0.31460150031835643,0.27712486554153876,0.037476634776817674,0.425,0.3977204429448959,False,False,True
900,15,Ob15.txt,96,0.11491131909788227,0.26428009714089795,0.32346035223332736,-0.05918025509242941,0.55,2.2998613123201754,False,0.17273217214800562,0.24143546256692217,-0.06870329041891654,0.65,1.5031780463756677,False,False,False
900,16,Ob16.txt,84,0.33440571739957137,0.33838635880331297,0.2452897113765566,0.09309664742675636,0.375,1.0119036284268588,False,0.17083709327805818,0.1744388593726402,-0.003601766094582015,0.55,0.5108677405593818,False,False,False
900,17,Ob17.txt,122,0.3167492943876823,0.5333114357797227,0.1743548751566493,0.35895656062307346,0.05,1.6837020483682001,True,0.3504077252427649,0.14376771000753985,0.20664001523522507,0.225,1.1062620547273792,True,True,True
900,18,Ob18.txt,103,0.021438259617917725,0.2919573460576343,0.0,0.2919573460576343,0.0,13.618519005788203,True,0.10081956756566154,0.0,0.10081956756566154,0.15,4.702786950177537,True,True,True
900,19,Ob19.txt,143,0.2641382520860389,0.44383890506467827,0.10556652143490712,0.33827238362977113,0.1,1.6803280159516791,True,0.16029127892876777,0.20495683830100686,-0.044665559372239094,0.675,0.6068461408480714,False,False,True
