target,covariate,left_out_ob,spearman_rho_loo,theil_sen_slope_loo
t1_effect_z,ob_index_proxy,1,0.6222910216718266,0.03246293525400239
t1_effect_z,ob_index_proxy,2,0.7275541795665634,0.036037091239087084
t1_effect_z,ob_index_proxy,3,0.6202270381836945,0.030355334079391703
t1_effect_z,ob_index_proxy,4,0.628482972136223,0.030515537291764882
t1_effect_z,ob_index_proxy,5,0.6326109391124871,0.031868303239963085
t1_effect_z,ob_index_proxy,6,0.6367389060887513,0.030515537291764882
t1_effect_z,ob_index_proxy,7,0.6243550051599587,0.03099735044399608
t1_effect_z,ob_index_proxy,8,0.6429308565531475,0.03099735044399608
t1_effect_z,ob_index_proxy,9,0.653250773993808,0.03246293525400239
t1_effect_z,ob_index_proxy,10,0.6449948400412797,0.031868303239963085
t1_effect_z,ob_index_proxy,11,0.6635706914344686,0.03246293525400239
t1_effect_z,ob_index_proxy,12,0.673890608875129,0.03260109512409464
t1_effect_z,ob_index_proxy,13,0.6449948400412797,0.031868303239963085
t1_effect_z,ob_index_proxy,14,0.653250773993808,0.03279725787081429
t1_effect_z,ob_index_proxy,15,0.6449948400412797,0.030515537291764882
t1_effect_z,ob_index_proxy,16,0.6470588235294118,0.031868303239963085
t1_effect_z,ob_index_proxy,17,0.7192982456140351,0.03456411940827475
t1_effect_z,ob_index_proxy,18,0.7192982456140351,0.03456411940827475
t1_effect_z,ob_index_proxy,19,0.6016511867905057,0.030355334079391703
t1_effect_z,early_ob_le_8,1,-0.7797804672456375,-0.4180773589529546
t1_effect_z,early_ob_le_8,2,-0.8456774081396351,-0.4591616101914001
t1_effect_z,early_ob_le_8,3,-0.7797804672456375,-0.3819248193293183
t1_effect_z,early_ob_le_8,4,-0.7797804672456375,-0.4180773589529546
t1_effect_z,early_ob_le_8,5,-0.7797804672456375,-0.4543027114052099
t1_effect_z,early_ob_le_8,6,-0.7797804672456375,-0.3921224203326941
t1_effect_z,early_ob_le_8,7,-0.7797804672456375,-0.4543027114052099
t1_effect_z,early_ob_le_8,8,-0.7797804672456375,-0.40623475304295853
t1_effect_z,early_ob_le_8,9,-0.7973446644531389,-0.4140938558257552
t1_effect_z,early_ob_le_8,10,-0.7973446644531389,-0.42810045677526537
t1_effect_z,early_ob_le_8,11,-0.7973446644531389,-0.4062606599960794
t1_effect_z,early_ob_le_8,12,-0.8188945202491696,-0.4414548070261345
t1_effect_z,early_ob_le_8,13,-0.7973446644531389,-0.4140938558257552
t1_effect_z,early_ob_le_8,14,-0.7973446644531389,-0.42810045677526537
t1_effect_z,early_ob_le_8,15,-0.7973446644531389,-0.4062606599960794
t1_effect_z,early_ob_le_8,16,-0.7973446644531389,-0.4140938558257552
t1_effect_z,early_ob_le_8,17,-0.8188945202491696,-0.45601788539084154
t1_effect_z,early_ob_le_8,18,-0.8188945202491696,-0.44959375464705115
t1_effect_z,early_ob_le_8,19,-0.7973446644531389,-0.4062606599960794
t1_effect_z,file_size_mb,1,0.14551083591331268,0.001795951308449912
t1_effect_z,file_size_mb,2,0.021671826625386997,0.0009539920057832216
t1_effect_z,file_size_mb,3,0.13106295149638802,0.001795951308449912
t1_effect_z,file_size_mb,4,0.05056759545923633,0.001113766533311574
t1_effect_z,file_size_mb,5,0.03199174406604747,0.0009539920057832216
t1_effect_z,file_size_mb,6,-0.03199174406604747,-0.0013220334332392073
t1_effect_z,file_size_mb,7,0.08152734778121776,0.0011847174767175201
t1_effect_z,file_size_mb,8,0.054695562435500514,0.001113766533311574
t1_effect_z,file_size_mb,9,0.07739938080495357,0.001113766533311574
t1_effect_z,file_size_mb,10,0.007223942208462332,0.0009313444814238391
t1_effect_z,file_size_mb,11,0.19917440660474717,0.002364593907133269
t1_effect_z,file_size_mb,12,0.0196078431372549,0.0011847174767175201
t1_effect_z,file_size_mb,13,0.054695562435500514,0.0009539920057832216
t1_effect_z,file_size_mb,14,0.007223942208462332,0.0009313444814238391
t1_effect_z,file_size_mb,15,0.11455108359133127,0.0016755624219462221
t1_effect_z,file_size_mb,16,0.03611971104231166,0.0009459592614482432
t1_effect_z,file_size_mb,17,0.03199174406604747,0.0009539920057832216
t1_effect_z,file_size_mb,18,0.0196078431372549,0.0009459592614482432
t1_effect_z,file_size_mb,19,-0.021671826625386997,-0.0005756702563245864
t1_effect_z,duration_sec,1,0.33769242518362363,0.0020828956918308456
t1_effect_z,duration_sec,2,0.40856614404932245,0.0027190735144353917
t1_effect_z,duration_sec,3,0.3257136795138674,0.002146872067110197
t1_effect_z,duration_sec,4,0.3486072927704332,0.002220038831333604
t1_effect_z,duration_sec,5,0.34132296127970774,0.0023162942023501913
t1_effect_z,duration_sec,6,0.5406487595007599,0.0032695960249172515
t1_effect_z,duration_sec,7,0.34394598861295,0.0027190735144353917
t1_effect_z,duration_sec,8,0.37312928461647304,0.0024881725738750094
t1_effect_z,duration_sec,9,0.4648482149132597,0.003385877738688688
t1_effect_z,duration_sec,10,0.3668757211871467,0.0023162942023501913
t1_effect_z,duration_sec,11,0.3168903430701432,0.002009728927607438
t1_effect_z,duration_sec,12,0.3896192742665695,0.0026277719496625913
t1_effect_z,duration_sec,13,0.3267542982982568,0.0020828956918308456
t1_effect_z,duration_sec,14,0.34652605520165447,0.0023162942023501913
t1_effect_z,duration_sec,15,0.32520222092116335,0.0019482869883794582
t1_effect_z,duration_sec,16,0.3168903430701432,0.002009728927607438
t1_effect_z,duration_sec,17,0.4177266908666757,0.0030608733430531306
t1_effect_z,duration_sec,18,0.3590134806143267,0.0023162942023501913
t1_effect_z,duration_sec,19,0.2605651428885985,0.002220038831333604
t1_effect_z,n_frames,1,0.3307432914981059,2.009728927607438e-05
t1_effect_z,n_frames,2,0.39938812558261844,2.687248080309827e-05
t1_effect_z,n_frames,3,0.3276230717669917,2.274916450685805e-05
t1_effect_z,n_frames,4,0.3432241704225627,2.1560624560542532e-05
t1_effect_z,n_frames,5,0.3369837309603343,2.274916450685805e-05
t1_effect_z,n_frames,6,0.5332781513388779,3.1752716046890926e-05
t1_effect_z,n_frames,7,0.33490358447292484,2.687248080309827e-05
t1_effect_z,n_frames,8,0.3661057817840669,2.348573198087427e-05
t1_effect_z,n_frames,9,0.45555208074267417,3.3237136631441337e-05
t1_effect_z,n_frames,10,0.357785195834429,2.274916450685805e-05
t1_effect_z,n_frames,11,0.3079349223596907,1.9726194970816317e-05
t1_effect_z,n_frames,12,0.3805121767879006,2.488172573874974e-05
t1_effect_z,n_frames,13,0.31776317710932583,2.009728927607438e-05
t1_effect_z,n_frames,14,0.33749357045925127,2.274916450685805e-05
t1_effect_z,n_frames,15,0.31622946572291466,1.90102496775293e-05
t1_effect_z,n_frames,16,0.3079349223596907,1.9726194970816317e-05
t1_effect_z,n_frames,17,0.4085347241251053,2.8707013655220815e-05
t1_effect_z,n_frames,18,0.3499548715223621,2.274916450685805e-05
t1_effect_z,n_frames,19,0.25169772497654597,2.1560624560542532e-05
t1_effect_z,median_dt_sec,1,-0.36243317491698646,nan
t1_effect_z,median_dt_sec,2,-0.428330115810984,nan
t1_effect_z,median_dt_sec,3,-0.31850188098765475,nan
t1_effect_z,median_dt_sec,4,-0.36243317491698646,nan
t1_effect_z,median_dt_sec,5,-0.36243317491698646,nan
t1_effect_z,median_dt_sec,6,-0.4956466833087079,nan
t1_effect_z,median_dt_sec,7,-0.36243317491698646,nan
t1_effect_z,median_dt_sec,8,-0.4956466833087079,nan
t1_effect_z,median_dt_sec,9,-0.45029576277564987,nan
t1_effect_z,median_dt_sec,10,-0.428330115810984,nan
t1_effect_z,median_dt_sec,11,-0.34479769273649247,nan
t1_effect_z,median_dt_sec,12,-0.4094472601245848,nan
t1_effect_z,median_dt_sec,13,-0.34479769273649247,nan
t1_effect_z,median_dt_sec,14,-0.36634754853252327,nan
t1_effect_z,median_dt_sec,15,-0.34479769273649247,nan
t1_effect_z,median_dt_sec,16,-0.34479769273649247,nan
t1_effect_z,median_dt_sec,17,-0.4094472601245848,nan
t1_effect_z,median_dt_sec,18,-0.4094472601245848,nan
t1_effect_z,median_dt_sec,19,-0.34479769273649247,nan
t1_effect_z,unique_ids,1,-0.11042311661506708,-3.748914267926476e-05
t1_effect_z,unique_ids,2,-0.2301341589267286,-5.646053883936555e-05
t1_effect_z,unique_ids,3,-0.07946336429308566,-3.5328781148889846e-05
t1_effect_z,unique_ids,4,-0.19711042311661506,-4.7092926939843515e-05
t1_effect_z,unique_ids,5,-0.2218782249742002,-4.8612399140196116e-05
t1_effect_z,unique_ids,6,-0.2961816305469556,-5.646053883936555e-05
t1_effect_z,unique_ids,7,-0.13106295149638802,-4.285584334067224e-05
t1_effect_z,unique_ids,8,-0.12693498452012383,-3.748914267926476e-05
t1_effect_z,unique_ids,9,-0.15583075335397317,-4.4869525017946605e-05
t1_effect_z,unique_ids,10,-0.19711042311661506,-4.7092926939843515e-05
t1_effect_z,unique_ids,11,-0.07120743034055728,-3.2324159477162654e-05
t1_effect_z,unique_ids,12,-0.19917440660474717,-4.7092926939843515e-05
t1_effect_z,unique_ids,13,-0.13725490196078433,-4.4869525017946605e-05
t1_effect_z,unique_ids,14,-0.23632610939112486,-5.646053883936555e-05
t1_effect_z,unique_ids,15,-0.11455108359133127,-3.5328781148889846e-05
t1_effect_z,unique_ids,16,-0.16408668730650156,-4.254037518637708e-05
t1_effect_z,unique_ids,17,-0.24045407636738905,-5.108618970217343e-05
t1_effect_z,unique_ids,18,-0.21775025799793601,-4.8612399140196116e-05
t1_effect_z,unique_ids,19,-0.16615067079463364,-4.254037518637708e-05
t1_effect_z,median_individuals_per_frame,1,-0.001033058402484183,-0.0009110839984620219
t1_effect_z,median_individuals_per_frame,2,-0.13326453392045962,-0.0031748195301212474
t1_effect_z,median_individuals_per_frame,3,-0.04545456970930405,-0.0023145831408224256
t1_effect_z,median_individuals_per_frame,4,-0.08161161379625045,-0.0028413994807589137
t1_effect_z,median_individuals_per_frame,5,-0.10433889865090248,-0.0030492535579464187
t1_effect_z,median_individuals_per_frame,6,-0.2190083813266468,-0.004042354455175298
t1_effect_z,median_individuals_per_frame,7,-0.03822316089191477,-0.0028413994807589137
t1_effect_z,median_individuals_per_frame,8,-0.13835830444738664,-0.003112036544033833
t1_effect_z,median_individuals_per_frame,9,-0.11880171628568105,-0.0028413994807589137
t1_effect_z,median_individuals_per_frame,10,-0.13326453392045962,-0.0031748195301212474
t1_effect_z,median_individuals_per_frame,11,0.03719010248943059,-0.0005998588825515176
t1_effect_z,median_individuals_per_frame,12,-0.13422820580716616,-0.003112036544033833
t1_effect_z,median_individuals_per_frame,13,-0.07021167688374845,-0.0028043460255486046
t1_effect_z,median_individuals_per_frame,14,-0.11880171628568105,-0.0030492535579464187
t1_effect_z,median_individuals_per_frame,15,-0.03512398568446222,-0.0013122349746436932
t1_effect_z,median_individuals_per_frame,16,-0.09917360663848157,-0.0027672925703382954
t1_effect_z,median_individuals_per_frame,17,-0.12293394989561778,-0.0034996759154399424
t1_effect_z,median_individuals_per_frame,18,-0.13422820580716616,-0.0033372477227805947
t1_effect_z,median_individuals_per_frame,19,-0.09504137302854483,-0.0027672925703382954
t1_effect_z,q10_individuals_per_frame,1,-0.017589298367156267,-0.0016039445006783611
t1_effect_z,q10_individuals_per_frame,2,-0.15623435608474096,-0.0036626360803123353
t1_effect_z,q10_individuals_per_frame,3,-0.05377467551159947,-0.002828934949894076
t1_effect_z,q10_individuals_per_frame,4,-0.11168586452409121,-0.0033922729225953057
t1_effect_z,q10_individuals_per_frame,5,-0.12209042396026115,-0.003525608966855732
t1_effect_z,q10_individuals_per_frame,6,-0.20900225118620977,-0.004274947801676047
t1_effect_z,q10_individuals_per_frame,7,-0.05587188893096697,-0.00339016621571233
t1_effect_z,q10_individuals_per_frame,8,-0.15511925628346002,-0.003658945011116159
t1_effect_z,q10_individuals_per_frame,9,-0.12926604690288335,-0.003388059508829354
t1_effect_z,q10_individuals_per_frame,10,-0.15623435608474096,-0.00393605158783253
t1_effect_z,q10_individuals_per_frame,11,0.005170641876115334,-0.0011388549980775274
t1_effect_z,q10_individuals_per_frame,12,-0.14064145903033706,-0.0033922729225953057
t1_effect_z,q10_individuals_per_frame,13,-0.09410568214529907,-0.003388059508829354
t1_effect_z,q10_individuals_per_frame,14,-0.14174905154708287,-0.003525608966855732
t1_effect_z,q10_individuals_per_frame,15,-0.05690655354079969,-0.0022994675674367915
t1_effect_z,q10_individuals_per_frame,16,-0.12312508857009388,-0.0032244649698876747
t1_effect_z,q10_individuals_per_frame,17,-0.14994861440734467,-0.004213158164548902
t1_effect_z,q10_individuals_per_frame,18,-0.14064145903033706,-0.003658945011116159
t1_effect_z,q10_individuals_per_frame,19,-0.13030017527810642,-0.003388059508829354
t1_effect_z,q90_individuals_per_frame,1,0.026901279855650762,-0.0006373500627109875
t1_effect_z,q90_individuals_per_frame,2,-0.10657045481277033,-0.0027720486890421988
t1_effect_z,q90_individuals_per_frame,3,-0.016554633757323547,-0.0012005554023335916
t1_effect_z,q90_individuals_per_frame,4,-0.08070383956695229,-0.002698110256079838
t1_effect_z,q90_individuals_per_frame,5,-0.07863451034728684,-0.002698110256079838
t1_effect_z,q90_individuals_per_frame,6,-0.1903782882092208,-0.003578509073929818
t1_effect_z,q90_individuals_per_frame,7,-0.01241597531799266,-0.002036833163923735
t1_effect_z,q90_individuals_per_frame,8,-0.12209042396026115,-0.0027720486890421988
t1_effect_z,q90_individuals_per_frame,9,-0.09208515027511223,-0.002619991729011466
t1_effect_z,q90_individuals_per_frame,10,-0.10657045481277033,-0.0027720486890421988
t1_effect_z,q90_individuals_per_frame,11,0.05687706063726867,-0.00045722165890949885
t1_effect_z,q90_individuals_per_frame,12,-0.09917360663848157,-0.002698110256079838
t1_effect_z,q90_individuals_per_frame,13,-0.05483722432113425,-0.002619991729011466
t1_effect_z,q90_individuals_per_frame,14,-0.09208515027511223,-0.002698110256079838
t1_effect_z,q90_individuals_per_frame,15,0.01342975923229438,-0.0008199388515301529
t1_effect_z,q90_individuals_per_frame,16,-0.0713918580784578,-0.002036833163923735
t1_effect_z,q90_individuals_per_frame,17,-0.10651522264797587,-0.0030713617392242884
t1_effect_z,q90_individuals_per_frame,18,-0.09917360663848157,-0.0027720486890421988
t1_effect_z,q90_individuals_per_frame,19,-0.0910504856652795,-0.002619991729011466
t1_effect_z,median_track_length_frames,1,0.36429308565531476,0.002545422037389796
t1_effect_z,median_track_length_frames,2,0.3539731682146543,0.002545422037389796
t1_effect_z,median_track_length_frames,3,0.23632610939112486,0.0015629145573476267
t1_effect_z,median_track_length_frames,4,0.28586171310629516,0.0016449520926339
t1_effect_z,median_track_length_frames,5,0.32301341589267285,0.0019026514057804025
t1_effect_z,median_track_length_frames,6,0.5314757481940144,0.002953610472446032
t1_effect_z,median_track_length_frames,7,0.3106295149638803,0.0017323443626565396
t1_effect_z,median_track_length_frames,8,0.2672858617131063,0.0016033376939746254
t1_effect_z,median_track_length_frames,9,0.33746130030959753,0.0019026514057804025
t1_effect_z,median_track_length_frames,10,0.33126934984520123,0.001809820681067954
t1_effect_z,median_track_length_frames,11,0.4324045407636739,0.0028686756338504463
t1_effect_z,median_track_length_frames,12,0.3415892672858617,0.0025006246666029095
t1_effect_z,median_track_length_frames,13,0.3106295149638803,0.0019026514057804025
t1_effect_z,median_track_length_frames,14,0.3766769865841073,0.0025585952832013507
t1_effect_z,median_track_length_frames,15,0.28792569659442724,0.0016033376939746254
t1_effect_z,median_track_length_frames,16,0.31682146542827655,0.002447579847026404
t1_effect_z,median_track_length_frames,17,0.4055727554179567,0.002953610472446032
t1_effect_z,median_track_length_frames,18,0.34365325077399383,0.0019026514057804025
t1_effect_z,median_track_length_frames,19,0.29411764705882354,0.0016449520926339
t1_effect_z,median_track_span_sec,1,0.36429308565531476,0.2545422037389794
t1_effect_z,median_track_span_sec,2,0.3539731682146543,0.2545422037389794
t1_effect_z,median_track_span_sec,3,0.23632610939112486,0.15629145573476239
t1_effect_z,median_track_span_sec,4,0.28586171310629516,0.1644952092633909
t1_effect_z,median_track_span_sec,5,0.32301341589267285,0.19026514057804111
t1_effect_z,median_track_span_sec,6,0.5314757481940144,0.2953610472446027
t1_effect_z,median_track_span_sec,7,0.3106295149638803,0.1732344362656551
t1_effect_z,median_track_span_sec,8,0.2672858617131063,0.16033376939746252
t1_effect_z,median_track_span_sec,9,0.33746130030959753,0.19026514057804111
t1_effect_z,median_track_span_sec,10,0.33126934984520123,0.18098206810679446
t1_effect_z,median_track_span_sec,11,0.4324045407636739,0.2868675633850454
t1_effect_z,median_track_span_sec,12,0.3415892672858617,0.250062466660296
t1_effect_z,median_track_span_sec,13,0.3106295149638803,0.19026514057804111
t1_effect_z,median_track_span_sec,14,0.3766769865841073,0.2558595283201385
t1_effect_z,median_track_span_sec,15,0.28792569659442724,0.16033376939746252
t1_effect_z,median_track_span_sec,16,0.31682146542827655,0.24475798470263907
t1_effect_z,median_track_span_sec,17,0.4055727554179567,0.2953610472446027
t1_effect_z,median_track_span_sec,18,0.34365325077399383,0.19026514057804111
t1_effect_z,median_track_span_sec,19,0.29411764705882354,0.1644952092633909
t1_effect_z,track_continuity_fraction,1,nan,nan
t1_effect_z,track_continuity_fraction,2,nan,nan
t1_effect_z,track_continuity_fraction,3,nan,nan
t1_effect_z,track_continuity_fraction,4,nan,nan
t1_effect_z,track_continuity_fraction,5,nan,nan
t1_effect_z,track_continuity_fraction,6,nan,nan
t1_effect_z,track_continuity_fraction,7,nan,nan
t1_effect_z,track_continuity_fraction,8,nan,nan
t1_effect_z,track_continuity_fraction,9,nan,nan
t1_effect_z,track_continuity_fraction,10,nan,nan
t1_effect_z,track_continuity_fraction,11,nan,nan
t1_effect_z,track_continuity_fraction,12,nan,nan
t1_effect_z,track_continuity_fraction,13,nan,nan
t1_effect_z,track_continuity_fraction,14,nan,nan
t1_effect_z,track_continuity_fraction,15,nan,nan
t1_effect_z,track_continuity_fraction,16,nan,nan
t1_effect_z,track_continuity_fraction,17,nan,nan
t1_effect_z,track_continuity_fraction,18,nan,nan
t1_effect_z,track_continuity_fraction,19,nan,nan
t1_effect_z,median_raw_speed,1,0.45304437564499483,0.005931213100526653
t1_effect_z,median_raw_speed,2,0.36635706914344685,0.004668218285347848
t1_effect_z,median_raw_speed,3,0.304437564499484,0.00435577710694696
t1_effect_z,median_raw_speed,4,0.28792569659442724,0.004398359832557311
t1_effect_z,median_raw_speed,5,0.304437564499484,0.004668218285347848
t1_effect_z,median_raw_speed,6,0.2549019607843137,0.0036061849858039516
t1_effect_z,median_raw_speed,7,0.37254901960784315,0.004596719097244646
t1_effect_z,median_raw_speed,8,0.2672858617131063,0.00435577710694696
t1_effect_z,median_raw_speed,9,0.37048503611971106,0.004596719097244646
t1_effect_z,median_raw_speed,10,0.37874097007223945,0.0047145298505698666
t1_effect_z,median_raw_speed,11,0.43859649122807015,0.005555740813383985
t1_effect_z,median_raw_speed,12,0.3828689370485036,0.0052966683064595435
t1_effect_z,median_raw_speed,13,0.37048503611971106,0.004668218285347848
t1_effect_z,median_raw_speed,14,0.3746130030959752,0.004596719097244646
t1_effect_z,median_raw_speed,15,0.4055727554179567,0.004855202505319409
t1_effect_z,median_raw_speed,16,0.39525283797729616,0.004855202505319409
t1_effect_z,median_raw_speed,17,0.38699690402476783,0.005040527303908088
t1_effect_z,median_raw_speed,18,0.39525283797729616,0.0052966683064595435
t1_effect_z,median_raw_speed,19,0.26522187822497423,0.0036061849858039516
t1_effect_z,q95_raw_speed,1,0.41589267285861714,0.002541355842674173
t1_effect_z,q95_raw_speed,2,0.32301341589267285,0.001655361637413138
t1_effect_z,q95_raw_speed,3,0.2631578947368421,0.0015386653771461325
t1_effect_z,q95_raw_speed,4,0.2776057791537668,0.0015386653771461325
t1_effect_z,q95_raw_speed,5,0.28586171310629516,0.0017613198883135379
t1_effect_z,q95_raw_speed,6,0.21362229102167182,0.0014267311687856084
t1_effect_z,q95_raw_speed,7,0.2837977296181631,0.0015391046399534031
t1_effect_z,q95_raw_speed,8,0.2549019607843137,0.0015391046399534031
t1_effect_z,q95_raw_speed,9,0.3415892672858617,0.001655361637413138
t1_effect_z,q95_raw_speed,10,0.32301341589267285,0.001655361637413138
t1_effect_z,q95_raw_speed,11,0.4674922600619195,0.0027865883857106115
t1_effect_z,q95_raw_speed,12,0.3622291021671827,0.0023485321562141327
t1_effect_z,q95_raw_speed,13,0.36016511867905054,0.0023485321562141327
t1_effect_z,q95_raw_speed,14,0.3415892672858617,0.002172166914061773
t1_effect_z,q95_raw_speed,15,0.32094943240454077,0.001655361637413138
t1_effect_z,q95_raw_speed,16,0.32714138286893707,0.0017613198883135379
t1_effect_z,q95_raw_speed,17,0.347781217750258,0.0024275332069219396
t1_effect_z,q95_raw_speed,18,0.36635706914344685,0.002541355842674173
t1_effect_z,q95_raw_speed,19,0.23632610939112486,0.0014267311687856084
t1_effect_z,median_swarm_radius,1,0.3065015479876161,0.0026213330744399707
t1_effect_z,median_swarm_radius,2,0.18059855521155832,0.0019288761165671844
t1_effect_z,median_swarm_radius,3,0.15789473684210525,0.001315764470313589
t1_effect_z,median_swarm_radius,4,0.12693498452012383,0.001193172773871037
t1_effect_z,median_swarm_radius,5,0.15170278637770898,0.001295720587052763
t1_effect_z,median_swarm_radius,6,0.08359133126934984,0.0007733393678706167
t1_effect_z,median_swarm_radius,7,0.2528379772961816,0.0021489244584373328
t1_effect_z,median_swarm_radius,8,0.10835913312693499,0.001295720587052763
t1_effect_z,median_swarm_radius,9,0.18472652218782248,0.0016348656428939428
t1_effect_z,median_swarm_radius,10,0.18885448916408668,0.0017086499047952984
t1_effect_z,median_swarm_radius,11,0.3395252837977296,0.0027618978754573977
t1_effect_z,median_swarm_radius,12,0.14551083591331268,0.001193172773871037
t1_effect_z,median_swarm_radius,13,0.18472652218782248,0.0016348656428939428
t1_effect_z,median_swarm_radius,14,0.17647058823529413,0.0016348656428939428
t1_effect_z,median_swarm_radius,15,0.14963880288957687,0.001295720587052763
t1_effect_z,median_swarm_radius,16,0.22807017543859648,0.0019288761165671844
t1_effect_z,median_swarm_radius,17,0.15789473684210525,0.001295720587052763
t1_effect_z,median_swarm_radius,18,0.15376676986584106,0.0012280653376179076
t1_effect_z,median_swarm_radius,19,0.14138286893704852,0.001295720587052763
t1_effect_z,q90_swarm_radius,1,0.17647058823529413,0.0010991315671737304
t1_effect_z,q90_swarm_radius,2,0.04643962848297214,0.0003595432933036435
t1_effect_z,q90_swarm_radius,3,0.1021671826625387,0.0007033567096340021
t1_effect_z,q90_swarm_radius,4,0.054695562435500514,0.0005554275994733661
t1_effect_z,q90_swarm_radius,5,0.04231166150670795,0.00026618447886857054
t1_effect_z,q90_swarm_radius,6,-0.07120743034055728,-0.0008895450714083846
t1_effect_z,q90_swarm_radius,7,0.1434468524251806,0.0007746556434668835
t1_effect_z,q90_swarm_radius,8,0.08152734778121776,0.0007033567096340021
t1_effect_z,q90_swarm_radius,9,0.09184726522187822,0.0005554275994733661
t1_effect_z,q90_swarm_radius,10,0.04231166150670795,0.0003595432933036435
t1_effect_z,q90_swarm_radius,11,0.17234262125902994,0.001385571900584199
t1_effect_z,q90_swarm_radius,12,0.0629514963880289,0.0007029995096784715
t1_effect_z,q90_swarm_radius,13,0.14138286893704852,0.0009765514491950584
t1_effect_z,q90_swarm_radius,14,0.05263157894736842,0.0005554275994733661
t1_effect_z,q90_swarm_radius,15,-0.007223942208462332,-9.53493980563253e-05
t1_effect_z,q90_swarm_radius,16,0.08152734778121776,0.0003595432933036435
t1_effect_z,q90_swarm_radius,17,0.0608875128998968,0.0003595432933036435
t1_effect_z,q90_swarm_radius,18,0.0608875128998968,0.0003595432933036435
t1_effect_z,q90_swarm_radius,19,-0.007223942208462332,-9.53493980563253e-05
t1_effect_z,swarm_radius_cv,1,0.021671826625386997,0.8030628183633243
t1_effect_z,swarm_radius_cv,2,0.15376676986584106,1.8168834263067888
t1_effect_z,swarm_radius_cv,3,0.017543859649122806,0.9751519787572963
t1_effect_z,swarm_radius_cv,4,0.14963880288957687,1.8507393434527784
t1_effect_z,swarm_radius_cv,5,0.13519091847265222,1.8168834263067888
t1_effect_z,swarm_radius_cv,6,0.23632610939112486,2.7283880011568233
t1_effect_z,swarm_radius_cv,7,0.0629514963880289,1.5227968010246704
t1_effect_z,swarm_radius_cv,8,0.17027863777089783,1.8507393434527784
t1_effect_z,swarm_radius_cv,9,0.11867905056759546,1.5227968010246704
t1_effect_z,swarm_radius_cv,10,0.15376676986584106,1.8507393434527784
t1_effect_z,swarm_radius_cv,11,-0.013415892672858616,0.19563584787318625
t1_effect_z,swarm_radius_cv,12,0.14551083591331268,1.8507393434527784
t1_effect_z,swarm_radius_cv,13,0.12487100103199174,1.8168834263067888
t1_effect_z,swarm_radius_cv,14,0.11867905056759546,1.7555432346329924
t1_effect_z,swarm_radius_cv,15,0.017543859649122806,0.8030628183633243
t1_effect_z,swarm_radius_cv,16,0.12487100103199174,1.8168834263067888
t1_effect_z,swarm_radius_cv,17,0.13519091847265222,1.8168834263067888
t1_effect_z,swarm_radius_cv,18,0.1434468524251806,1.7555432346329924
t1_effect_z,swarm_radius_cv,19,0.14551083591331268,1.8507393434527784
t1_effect_z,n_events,1,0.2572315422185616,0.0017424306045408105
t1_effect_z,n_events,2,0.35020679844213803,0.0026143298050178483
t1_effect_z,n_events,3,0.26652906784091923,0.0023331172769599615
t1_effect_z,n_events,4,0.3150828127576758,0.0026072537756632215
t1_effect_z,n_events,5,0.32128116317258093,0.0026143298050178483
t1_effect_z,n_events,6,0.4483473466781354,0.002972503183474166
t1_effect_z,n_events,7,0.26962824304837174,0.0026072537756632215
t1_effect_z,n_events,8,0.34176566247824613,0.0026243772607507185
t1_effect_z,n_events,9,0.3748064516000101,0.0029193353432884032
t1_effect_z,n_events,10,0.36861130363967937,0.0028121123616839964
t1_effect_z,n_events,11,0.231405082156457,0.0019595667640365817
t1_effect_z,n_events,12,0.3398762144172962,0.0026344247164835884
t1_effect_z,n_events,13,0.2840910606831503,0.0024603250936815553
t1_effect_z,n_events,14,0.34504150642971715,0.0026344247164835884
t1_effect_z,n_events,15,0.29338858630550796,0.0023331172769599615
t1_effect_z,n_events,16,0.31698507063692316,0.0026243772607507185
t1_effect_z,n_events,17,0.3688018496868533,0.0028244481296951923
t1_effect_z,n_events,18,0.3646696160769166,0.002668718631405288
t1_effect_z,n_events,19,0.2128100309117417,0.0019131906535703566
t1_effect_z,event_rate_per_sec,1,0.04643962848297214,0.038522869835999875
t1_effect_z,event_rate_per_sec,2,0.1393188854489164,0.42523282225043296
t1_effect_z,event_rate_per_sec,3,0.009287925696594427,-0.20936441355674623
t1_effect_z,event_rate_per_sec,4,0.07327141382868937,0.21494672840213397
t1_effect_z,event_rate_per_sec,5,0.17027863777089783,0.5628049084220043
t1_effect_z,event_rate_per_sec,6,0.22394220846233232,0.5864078689991874
t1_effect_z,event_rate_per_sec,7,0.05675954592363261,0.34644115062251085
t1_effect_z,event_rate_per_sec,8,0.10835913312693499,0.3603109611170122
t1_effect_z,event_rate_per_sec,9,0.11042311661506708,0.21494672840213397
t1_effect_z,event_rate_per_sec,10,0.17440660474716202,0.5194438459982826
t1_effect_z,event_rate_per_sec,11,0.023735810113519093,-0.06723332784592775
t1_effect_z,event_rate_per_sec,12,0.13725490196078433,0.42523282225043296
t1_effect_z,event_rate_per_sec,13,0.07739938080495357,0.21494672840213397
t1_effect_z,event_rate_per_sec,14,0.17440660474716202,0.5519845372699977
t1_effect_z,event_rate_per_sec,15,0.07120743034055728,0.16058143890694895
t1_effect_z,event_rate_per_sec,16,0.1021671826625387,0.21494672840213397
t1_effect_z,event_rate_per_sec,17,0.17027863777089783,0.5519845372699977
t1_effect_z,event_rate_per_sec,18,0.16615067079463364,0.5194438459982826
t1_effect_z,event_rate_per_sec,19,0.08771929824561403,0.21494672840213397
t1_effect_z,median_prev_duration_sec,1,0.1404233537674969,0.5119446483102916
t1_effect_z,median_prev_duration_sec,2,0.17965929084959162,0.7111665060084695
t1_effect_z,median_prev_duration_sec,3,0.006195147960330745,-0.029996561039835185
t1_effect_z,median_prev_duration_sec,4,0.05162623300275621,0.3874841843232083
t1_effect_z,median_prev_duration_sec,5,0.17965929084959162,0.6615384212873777
t1_effect_z,median_prev_duration_sec,6,0.06608157824352795,0.42752259075355564
t1_effect_z,median_prev_duration_sec,7,0.17346414288926087,0.5985589134873663
t1_effect_z,median_prev_duration_sec,8,0.2085699813311351,0.8798240588550357
t1_effect_z,median_prev_duration_sec,9,0.18895201279008775,0.7111665060084695
t1_effect_z,median_prev_duration_sec,10,0.12390295920661491,0.5481379323685455
t1_effect_z,median_prev_duration_sec,11,0.1104801386258983,0.4731102834085965
t1_effect_z,median_prev_duration_sec,12,0.16313889628870962,0.6615384212873777
t1_effect_z,median_prev_duration_sec,13,0.13732577978733151,0.5240738533297779
t1_effect_z,median_prev_duration_sec,14,0.17027863777089783,0.6862261529880546
t1_effect_z,median_prev_duration_sec,15,0.0,-0.029996561039835185
t1_effect_z,median_prev_duration_sec,16,0.20134230871074923,0.8798240588550357
t1_effect_z,median_prev_duration_sec,17,0.16933404424904036,0.5481379323685455
t1_effect_z,median_prev_duration_sec,18,0.16313889628870962,0.6232466451880432
t1_effect_z,median_prev_duration_sec,19,0.17647058823529413,0.6862261529880546
t1_effect_z,median_next_duration_sec,1,0.16028989815957534,0.5642610390974917
t1_effect_z,median_next_duration_sec,2,0.07449585190795596,0.4656163574168738
t1_effect_z,median_next_duration_sec,3,-0.09415447949477768,-1.0428522296665452
t1_effect_z,median_next_duration_sec,4,0.10139713176360672,0.4656163574168738
t1_effect_z,median_next_duration_sec,5,0.07035719346862507,0.3356367907799981
t1_effect_z,median_next_duration_sec,6,0.03414393212447982,0.09100479251058786
t1_effect_z,median_next_duration_sec,7,0.0020693292196654433,-0.3539895000626814
t1_effect_z,median_next_duration_sec,8,0.16865033140273364,0.86562926803766
t1_effect_z,median_next_duration_sec,9,0.09415447949477768,0.4656163574168738
t1_effect_z,median_next_duration_sec,10,0.0527405471363764,0.3356367907799981
t1_effect_z,median_next_duration_sec,11,0.012396700829810196,-0.13495635402422787
t1_effect_z,median_next_duration_sec,12,0.07438020497886118,0.27311383233104514
t1_effect_z,median_next_duration_sec,13,0.1334717346684211,0.48788056927152407
t1_effect_z,median_next_duration_sec,14,0.05888432894159843,0.3731063420987296
t1_effect_z,median_next_duration_sec,15,0.1727889898420645,0.5327763441696718
t1_effect_z,median_next_duration_sec,16,0.13554106388808654,0.6497493834211931
t1_effect_z,median_next_duration_sec,17,0.07242652268829051,0.27311383233104514
t1_effect_z,median_next_duration_sec,18,0.07242652268829051,0.27311383233104514
t1_effect_z,median_next_duration_sec,19,-0.06518387041946147,-1.0428522296665452
t1_local_to_b3_ratio,ob_index_proxy,1,0.3395252837977296,0.04919164629351268
t1_local_to_b3_ratio,ob_index_proxy,2,0.3849329205366357,0.0682675141020805
t1_local_to_b3_ratio,ob_index_proxy,3,0.347781217750258,0.051987538420974935
t1_local_to_b3_ratio,ob_index_proxy,4,0.347781217750258,0.051987538420974935
t1_local_to_b3_ratio,ob_index_proxy,5,0.3746130030959752,0.05416727756912473
t1_local_to_b3_ratio,ob_index_proxy,6,0.5314757481940144,0.07416608021675761
t1_local_to_b3_ratio,ob_index_proxy,7,0.40763673890608876,0.06566730643279968
t1_local_to_b3_ratio,ob_index_proxy,8,0.45923632610939114,0.06786157135395655
t1_local_to_b3_ratio,ob_index_proxy,9,0.47987616099071206,0.0682675141020805
t1_local_to_b3_ratio,ob_index_proxy,10,0.43034055727554177,0.06786157135395655
t1_local_to_b3_ratio,ob_index_proxy,11,0.4551083591331269,0.06786157135395655
t1_local_to_b3_ratio,ob_index_proxy,12,0.4695562435500516,0.06677829363171035
t1_local_to_b3_ratio,ob_index_proxy,13,0.4551083591331269,0.06900885359529556
t1_local_to_b3_ratio,ob_index_proxy,14,0.47368421052631576,0.07652779313192612
t1_local_to_b3_ratio,ob_index_proxy,15,0.45717234262125905,0.07235040075779145
t1_local_to_b3_ratio,ob_index_proxy,16,0.4241486068111455,0.06419938263403938
t1_local_to_b3_ratio,ob_index_proxy,17,0.43859649122807015,0.06677829363171035
t1_local_to_b3_ratio,ob_index_proxy,18,0.5768833849329206,0.08617251495354245
t1_local_to_b3_ratio,ob_index_proxy,19,0.45923632610939114,0.08393334364050248
t1_local_to_b3_ratio,early_ob_le_8,1,-0.3843988218816523,-0.6350077410013402
t1_local_to_b3_ratio,early_ob_le_8,2,-0.40636446884631816,-0.6758379994726742
t1_local_to_b3_ratio,early_ob_le_8,3,-0.3843988218816523,-0.6391378681609168
t1_local_to_b3_ratio,early_ob_le_8,4,-0.3843988218816523,-0.6394914018156648
t1_local_to_b3_ratio,early_ob_le_8,5,-0.40636446884631816,-0.6394914018156648
t1_local_to_b3_ratio,early_ob_le_8,6,-0.6260209384929766,-0.8837567986289574
t1_local_to_b3_ratio,early_ob_le_8,7,-0.428330115810984,-0.6897350022982076
t1_local_to_b3_ratio,early_ob_le_8,8,-0.5161927036696474,-0.8331596644916666
t1_local_to_b3_ratio,early_ob_le_8,9,-0.4309971159206156,-0.6529234009140528
t1_local_to_b3_ratio,early_ob_le_8,10,-0.4525469717166464,-0.6899117691255816
t1_local_to_b3_ratio,early_ob_le_8,11,-0.4309971159206156,-0.6689110745682303
t1_local_to_b3_ratio,early_ob_le_8,12,-0.4309971159206156,-0.6393146349882908
t1_local_to_b3_ratio,early_ob_le_8,13,-0.4525469717166464,-0.6827865008854409
t1_local_to_b3_ratio,early_ob_le_8,14,-0.4740968275126772,-0.7868146820448909
t1_local_to_b3_ratio,early_ob_le_8,15,-0.4525469717166464,-0.673652374298347
t1_local_to_b3_ratio,early_ob_le_8,16,-0.4309971159206156,-0.6393146349882908
t1_local_to_b3_ratio,early_ob_le_8,17,-0.4309971159206156,-0.6529234009140528
t1_local_to_b3_ratio,early_ob_le_8,18,-0.5171965391047387,-0.7868146820448909
t1_local_to_b3_ratio,early_ob_le_8,19,-0.4525469717166464,-0.673652374298347
t1_local_to_b3_ratio,file_size_mb,1,-0.3498452012383901,-0.014504749709140511
t1_local_to_b3_ratio,file_size_mb,2,-0.4179566563467492,-0.017479032028819206
t1_local_to_b3_ratio,file_size_mb,3,-0.3766769865841073,-0.015270109213629613
t1_local_to_b3_ratio,file_size_mb,4,-0.47781217750258,-0.019149000585871538
t1_local_to_b3_ratio,file_size_mb,5,-0.5500515995872033,-0.021225998425585164
t1_local_to_b3_ratio,file_size_mb,6,-0.3684210526315789,-0.01311379518190547
t1_local_to_b3_ratio,file_size_mb,7,-0.4262125902992776,-0.015270109213629613
t1_local_to_b3_ratio,file_size_mb,8,-0.4117647058823529,-0.01739848288367696
t1_local_to_b3_ratio,file_size_mb,9,-0.44272445820433437,-0.01487664696506429
t1_local_to_b3_ratio,file_size_mb,10,-0.43653250773993807,-0.02044369242043652
t1_local_to_b3_ratio,file_size_mb,11,-0.37874097007223945,-0.019149000585871538
t1_local_to_b3_ratio,file_size_mb,12,-0.3684210526315789,-0.01311379518190547
t1_local_to_b3_ratio,file_size_mb,13,-0.41382868937048506,-0.017479032028819206
t1_local_to_b3_ratio,file_size_mb,14,-0.4241486068111455,-0.02044369242043652
t1_local_to_b3_ratio,file_size_mb,15,-0.3993808049535604,-0.017479032028819206
t1_local_to_b3_ratio,file_size_mb,16,-0.47781217750258,-0.017479032028819206
t1_local_to_b3_ratio,file_size_mb,17,-0.37874097007223945,-0.01487664696506429
t1_local_to_b3_ratio,file_size_mb,18,-0.49432404540763675,-0.02044369242043652
t1_local_to_b3_ratio,file_size_mb,19,-0.42208462332301344,-0.017479032028819206
t1_local_to_b3_ratio,duration_sec,1,0.55031358178072,0.012233187473610047
t1_local_to_b3_ratio,duration_sec,2,0.5774123566411342,0.013321157433550194
t1_local_to_b3_ratio,duration_sec,3,0.5619341435702505,0.012877149570970862
t1_local_to_b3_ratio,duration_sec,4,0.5619341435702505,0.012877149570970862
t1_local_to_b3_ratio,duration_sec,5,0.5712997126297547,0.012233187473610047
t1_local_to_b3_ratio,duration_sec,6,0.5250230728099864,0.010094144016327524
t1_local_to_b3_ratio,duration_sec,7,0.6045111315015484,0.01612017060871411
t1_local_to_b3_ratio,duration_sec,8,0.5930462652144501,0.013301775105780476
t1_local_to_b3_ratio,duration_sec,9,0.7702305623786971,0.016225689210854606
t1_local_to_b3_ratio,duration_sec,10,0.5565671452100464,0.013301775105780476
t1_local_to_b3_ratio,duration_sec,11,0.5600127702124825,0.012003085104778755
t1_local_to_b3_ratio,duration_sec,12,0.5381940908535546,0.01180268368959586
t1_local_to_b3_ratio,duration_sec,13,0.554649812079525,0.012147774644858316
t1_local_to_b3_ratio,duration_sec,14,0.5775434253360908,0.013452254036879793
t1_local_to_b3_ratio,duration_sec,15,0.5704026175262578,0.012003085104778755
t1_local_to_b3_ratio,duration_sec,16,0.5381940908535546,0.011832259447275294
t1_local_to_b3_ratio,duration_sec,17,0.568774995544152,0.011832259447275294
t1_local_to_b3_ratio,duration_sec,18,0.6004370385926566,0.013452254036879793
t1_local_to_b3_ratio,duration_sec,19,0.6065956526446573,0.01671083677690747
t1_local_to_b3_ratio,n_frames,1,0.5470785261886909,0.00012003085104778751
t1_local_to_b3_ratio,n_frames,2,0.574120430525014,0.0001331254091206057
t1_local_to_b3_ratio,n_frames,3,0.5637196980879666,0.00013242356915986502
t1_local_to_b3_ratio,n_frames,4,0.5595594051131477,0.00012463289842441332
t1_local_to_b3_ratio,n_frames,5,0.569960137550195,0.00012003085104778751
t1_local_to_b3_ratio,n_frames,6,0.5218433371776154,9.579215332439678e-05
t1_local_to_b3_ratio,n_frames,7,0.6011623348613371,0.00016026726671993953
t1_local_to_b3_ratio,n_frames,8,0.5897215291805851,0.00013242356915986502
t1_local_to_b3_ratio,n_frames,9,0.76653398061039,0.00016213614545434278
t1_local_to_b3_ratio,n_frames,10,0.5533189656509193,0.00013242356915986502
t1_local_to_b3_ratio,n_frames,11,0.5567712232564105,0.00011902884397187305
t1_local_to_b3_ratio,n_frames,12,0.5349980469279475,0.00011130211750867362
t1_local_to_b3_ratio,n_frames,13,0.5514125720426536,0.00011832259447275284
t1_local_to_b3_ratio,n_frames,14,0.5742582906583568,0.00013401544407081915
t1_local_to_b3_ratio,n_frames,15,0.5671394024604405,0.00011917672276027017
t1_local_to_b3_ratio,n_frames,16,0.5349980469279475,0.00011144999629707076
t1_local_to_b3_ratio,n_frames,17,0.5655035367024358,0.00011817471568435572
t1_local_to_b3_ratio,n_frames,18,0.5971040092740599,0.00013401544407081915
t1_local_to_b3_ratio,n_frames,19,0.6032424813487466,0.00016237763876274927
t1_local_to_b3_ratio,median_dt_sec,1,-0.5381583506343133,nan
t1_local_to_b3_ratio,median_dt_sec,2,-0.5601239975989791,nan
t1_local_to_b3_ratio,median_dt_sec,3,-0.5381583506343133,nan
t1_local_to_b3_ratio,median_dt_sec,4,-0.5381583506343133,nan
t1_local_to_b3_ratio,median_dt_sec,5,-0.5601239975989791,nan
t1_local_to_b3_ratio,median_dt_sec,6,-0.5602962506968002,nan
t1_local_to_b3_ratio,median_dt_sec,7,-0.5820896445636449,nan
t1_local_to_b3_ratio,median_dt_sec,8,-0.5818461064928311,nan
t1_local_to_b3_ratio,median_dt_sec,9,-0.71388352635164,nan
t1_local_to_b3_ratio,median_dt_sec,10,-0.5820896445636449,nan
t1_local_to_b3_ratio,median_dt_sec,11,-0.5818461064928311,nan
t1_local_to_b3_ratio,median_dt_sec,12,-0.5602962506968002,nan
t1_local_to_b3_ratio,median_dt_sec,13,-0.5818461064928311,nan
t1_local_to_b3_ratio,median_dt_sec,14,-0.6249458180848926,nan
t1_local_to_b3_ratio,median_dt_sec,15,-0.5818461064928311,nan
t1_local_to_b3_ratio,median_dt_sec,16,-0.5602962506968002,nan
t1_local_to_b3_ratio,median_dt_sec,17,-0.5818461064928311,nan
t1_local_to_b3_ratio,median_dt_sec,18,-0.6680455296769542,nan
t1_local_to_b3_ratio,median_dt_sec,19,-0.5818461064928311,nan
t1_local_to_b3_ratio,unique_ids,1,-0.3106295149638803,-0.00017373339871823757
t1_local_to_b3_ratio,unique_ids,2,-0.38080495356037153,-0.0002413206422024251
t1_local_to_b3_ratio,unique_ids,3,-0.3106295149638803,-0.00017373339871823757
t1_local_to_b3_ratio,unique_ids,4,-0.45717234262125905,-0.00023843285030779033
t1_local_to_b3_ratio,unique_ids,5,-0.5128998968008256,-0.000251213572245074
t1_local_to_b3_ratio,unique_ids,6,-0.33539731682146545,-0.00016322218129951707
t1_local_to_b3_ratio,unique_ids,7,-0.36016511867905054,-0.00018526577565046242
t1_local_to_b3_ratio,unique_ids,8,-0.39525283797729616,-0.00021454788048184677
t1_local_to_b3_ratio,unique_ids,9,-0.43859649122807015,-0.00022073238159749288
t1_local_to_b3_ratio,unique_ids,10,-0.36016511867905054,-0.00022245288529414674
t1_local_to_b3_ratio,unique_ids,11,-0.3560371517027864,-0.00021454788048184677
t1_local_to_b3_ratio,unique_ids,12,-0.43859649122807015,-0.00021454788048184677
t1_local_to_b3_ratio,unique_ids,13,-0.3973168214654283,-0.00023843285030779033
t1_local_to_b3_ratio,unique_ids,14,-0.38080495356037153,-0.0002413206422024251
t1_local_to_b3_ratio,unique_ids,15,-0.37874097007223945,-0.00023843285030779033
t1_local_to_b3_ratio,unique_ids,16,-0.43859649122807015,-0.00022073238159749288
t1_local_to_b3_ratio,unique_ids,17,-0.3560371517027864,-0.00017373339871823757
t1_local_to_b3_ratio,unique_ids,18,-0.4695562435500516,-0.0002413206422024251
t1_local_to_b3_ratio,unique_ids,19,-0.4117647058823529,-0.0002488487755847406
t1_local_to_b3_ratio,median_individuals_per_frame,1,-0.41115724418870486,-0.01514835753621212
t1_local_to_b3_ratio,median_individuals_per_frame,2,-0.4927688579849553,-0.016970303028138414
t1_local_to_b3_ratio,median_individuals_per_frame,3,-0.485537449167566,-0.01672318450896282
t1_local_to_b3_ratio,median_individuals_per_frame,4,-0.5144630844371232,-0.01672318450896282
t1_local_to_b3_ratio,median_individuals_per_frame,5,-0.5650829461588481,-0.017329179473658314
t1_local_to_b3_ratio,median_individuals_per_frame,6,-0.42975229543342014,-0.014660911092265475
t1_local_to_b3_ratio,median_individuals_per_frame,7,-0.49483497478992367,-0.01701711303391526
t1_local_to_b3_ratio,median_individuals_per_frame,8,-0.4935467875063494,-0.01663468041437977
t1_local_to_b3_ratio,median_individuals_per_frame,9,-0.5857441142085318,-0.01701711303391526
t1_local_to_b3_ratio,median_individuals_per_frame,10,-0.4989672083998604,-0.01791810228736668
t1_local_to_b3_ratio,median_individuals_per_frame,11,-0.47417380674024,-0.01701711303391526
t1_local_to_b3_ratio,median_individuals_per_frame,12,-0.44398560382370345,-0.014795708768516356
t1_local_to_b3_ratio,median_individuals_per_frame,13,-0.49148173818623914,-0.016993708031026837
t1_local_to_b3_ratio,median_individuals_per_frame,14,-0.49483497478992367,-0.016405340843928196
t1_local_to_b3_ratio,median_individuals_per_frame,15,-0.4772729819476926,-0.01701711303391526
t1_local_to_b3_ratio,median_individuals_per_frame,16,-0.5568184789389746,-0.016970303028138414
t1_local_to_b3_ratio,median_individuals_per_frame,17,-0.47417380674024,-0.01597844670402292
t1_local_to_b3_ratio,median_individuals_per_frame,18,-0.5926691548716413,-0.018322883455407467
t1_local_to_b3_ratio,median_individuals_per_frame,19,-0.4896696827775027,-0.016970303028138414
t1_local_to_b3_ratio,q10_individuals_per_frame,1,-0.3859298994676052,-0.016352278851345468
t1_local_to_b3_ratio,q10_individuals_per_frame,2,-0.4697377328640556,-0.017461291504414743
t1_local_to_b3_ratio,q10_individuals_per_frame,3,-0.44570932972114174,-0.017357493010243055
t1_local_to_b3_ratio,q10_individuals_per_frame,4,-0.49638162010707204,-0.01770814229023139
t1_local_to_b3_ratio,q10_individuals_per_frame,5,-0.5421642555523462,-0.018791307390501555
t1_local_to_b3_ratio,q10_individuals_per_frame,6,-0.4376631299592413,-0.016352278851345468
t1_local_to_b3_ratio,q10_individuals_per_frame,7,-0.4718070620837211,-0.018263486912547304
t1_local_to_b3_ratio,q10_individuals_per_frame,8,-0.4694942823512723,-0.017357493010243055
t1_local_to_b3_ratio,q10_individuals_per_frame,9,-0.5480880388682253,-0.018261081947454766
t1_local_to_b3_ratio,q10_individuals_per_frame,10,-0.47594572052305195,-0.019320689533015918
t1_local_to_b3_ratio,q10_individuals_per_frame,11,-0.448811714846811,-0.01770814229023139
t1_local_to_b3_ratio,q10_individuals_per_frame,12,-0.4229585054662343,-0.016062442408767964
t1_local_to_b3_ratio,q10_individuals_per_frame,13,-0.46846015397604923,-0.01770814229023139
t1_local_to_b3_ratio,q10_individuals_per_frame,14,-0.4718070620837211,-0.017285966864420573
t1_local_to_b3_ratio,q10_individuals_per_frame,15,-0.4531830991067321,-0.018263486912547304
t1_local_to_b3_ratio,q10_individuals_per_frame,16,-0.5338869386736844,-0.017984612118843078
t1_local_to_b3_ratio,q10_individuals_per_frame,17,-0.448811714846811,-0.0169521855387258
t1_local_to_b3_ratio,q10_individuals_per_frame,18,-0.5987603292541557,-0.019763763510592423
t1_local_to_b3_ratio,q10_individuals_per_frame,19,-0.47363079585216455,-0.01770814229023139
t1_local_to_b3_ratio,q90_individuals_per_frame,1,-0.401449868615096,-0.014493426574434443
t1_local_to_b3_ratio,q90_individuals_per_frame,2,-0.48422303740171374,-0.015466605291467924
t1_local_to_b3_ratio,q90_individuals_per_frame,3,-0.47594572052305195,-0.015411077762478001
t1_local_to_b3_ratio,q90_individuals_per_frame,4,-0.5214709633556918,-0.015466605291467924
t1_local_to_b3_ratio,q90_individuals_per_frame,5,-0.5566495600900042,-0.016091380939825577
t1_local_to_b3_ratio,q90_individuals_per_frame,6,-0.420073831592085,-0.014121350245621467
t1_local_to_b3_ratio,q90_individuals_per_frame,7,-0.4862923666213792,-0.015882638831654243
t1_local_to_b3_ratio,q90_individuals_per_frame,8,-0.4821537081820483,-0.01514870783236632
t1_local_to_b3_ratio,q90_individuals_per_frame,9,-0.5773428522866587,-0.015882638831654243
t1_local_to_b3_ratio,q90_individuals_per_frame,10,-0.49043102506071007,-0.016459652101185673
t1_local_to_b3_ratio,q90_individuals_per_frame,11,-0.46432364047515695,-0.015674622061561082
t1_local_to_b3_ratio,q90_individuals_per_frame,12,-0.44008287945826197,-0.014432822896608329
t1_local_to_b3_ratio,q90_individuals_per_frame,13,-0.4800843789623828,-0.015466605291467924
t1_local_to_b3_ratio,q90_individuals_per_frame,14,-0.4862923666213792,-0.015217568289545638
t1_local_to_b3_ratio,q90_individuals_per_frame,15,-0.4638432227153982,-0.015882638831654243
t1_local_to_b3_ratio,q90_individuals_per_frame,16,-0.5483722432113425,-0.015466605291467924
t1_local_to_b3_ratio,q90_individuals_per_frame,17,-0.46432364047515695,-0.0147599699230795
t1_local_to_b3_ratio,q90_individuals_per_frame,18,-0.5764465885861741,-0.016811183664302124
t1_local_to_b3_ratio,q90_individuals_per_frame,19,-0.49456968350004094,-0.015882638831654243
t1_local_to_b3_ratio,median_track_length_frames,1,0.6202270381836945,0.007961522918721806
t1_local_to_b3_ratio,median_track_length_frames,2,0.5624355005159959,0.00881470120039945
t1_local_to_b3_ratio,median_track_length_frames,3,0.5252837977296182,0.006922804459624626
t1_local_to_b3_ratio,median_track_length_frames,4,0.5046439628482973,0.006922804459624626
t1_local_to_b3_ratio,median_track_length_frames,5,0.5603715170278638,0.00743183567628973
t1_local_to_b3_ratio,median_track_length_frames,6,0.48813209494324045,0.0060733364676576656
t1_local_to_b3_ratio,median_track_length_frames,7,0.5603715170278638,0.008650848115238233
t1_local_to_b3_ratio,median_track_length_frames,8,0.6573787409700722,0.008850452320948644
t1_local_to_b3_ratio,median_track_length_frames,9,0.5706914344685242,0.00743183567628973
t1_local_to_b3_ratio,median_track_length_frames,10,0.541795665634675,0.007961522918721806
t1_local_to_b3_ratio,median_track_length_frames,11,0.6346749226006192,0.00881470120039945
t1_local_to_b3_ratio,median_track_length_frames,12,0.5335397316821465,0.0070776812169557465
t1_local_to_b3_ratio,median_track_length_frames,13,0.5603715170278638,0.008650848115238233
t1_local_to_b3_ratio,median_track_length_frames,14,0.5603715170278638,0.008650848115238233
t1_local_to_b3_ratio,median_track_length_frames,15,0.5583075335397317,0.009303080566582413
t1_local_to_b3_ratio,median_track_length_frames,16,0.49638802889576883,0.0070776812169557465
t1_local_to_b3_ratio,median_track_length_frames,17,0.5170278637770898,0.009996159453597211
t1_local_to_b3_ratio,median_track_length_frames,18,0.5603715170278638,0.007627511593238381
t1_local_to_b3_ratio,median_track_length_frames,19,0.5603715170278638,0.008650848115238233
t1_local_to_b3_ratio,median_track_span_sec,1,0.6202270381836945,0.7961522918721802
t1_local_to_b3_ratio,median_track_span_sec,2,0.5624355005159959,0.8814701200399385
t1_local_to_b3_ratio,median_track_span_sec,3,0.5252837977296182,0.692280445962455
t1_local_to_b3_ratio,median_track_span_sec,4,0.5046439628482973,0.692280445962455
t1_local_to_b3_ratio,median_track_span_sec,5,0.5603715170278638,0.7431835676289693
t1_local_to_b3_ratio,median_track_span_sec,6,0.48813209494324045,0.6073336467657678
t1_local_to_b3_ratio,median_track_span_sec,7,0.5603715170278638,0.8650848115238357
t1_local_to_b3_ratio,median_track_span_sec,8,0.6573787409700722,0.8850452320948681
t1_local_to_b3_ratio,median_track_span_sec,9,0.5706914344685242,0.7431835676289693
t1_local_to_b3_ratio,median_track_span_sec,10,0.541795665634675,0.7961522918721802
t1_local_to_b3_ratio,median_track_span_sec,11,0.6346749226006192,0.8814701200399385
t1_local_to_b3_ratio,median_track_span_sec,12,0.5335397316821465,0.7077681216955709
t1_local_to_b3_ratio,median_track_span_sec,13,0.5603715170278638,0.8650848115238357
t1_local_to_b3_ratio,median_track_span_sec,14,0.5603715170278638,0.8650848115238357
t1_local_to_b3_ratio,median_track_span_sec,15,0.5583075335397317,0.9303080566582366
t1_local_to_b3_ratio,median_track_span_sec,16,0.49638802889576883,0.7077681216955709
t1_local_to_b3_ratio,median_track_span_sec,17,0.5170278637770898,0.9996159453597174
t1_local_to_b3_ratio,median_track_span_sec,18,0.5603715170278638,0.76275115932383
t1_local_to_b3_ratio,median_track_span_sec,19,0.5603715170278638,0.8650848115238357
t1_local_to_b3_ratio,track_continuity_fraction,1,nan,nan
t1_local_to_b3_ratio,track_continuity_fraction,2,nan,nan
t1_local_to_b3_ratio,track_continuity_fraction,3,nan,nan
t1_local_to_b3_ratio,track_continuity_fraction,4,nan,nan
t1_local_to_b3_ratio,track_continuity_fraction,5,nan,nan
t1_local_to_b3_ratio,track_continuity_fraction,6,nan,nan
t1_local_to_b3_ratio,track_continuity_fraction,7,nan,nan
t1_local_to_b3_ratio,track_continuity_fraction,8,nan,nan
t1_local_to_b3_ratio,track_continuity_fraction,9,nan,nan
t1_local_to_b3_ratio,track_continuity_fraction,10,nan,nan
t1_local_to_b3_ratio,track_continuity_fraction,11,nan,nan
t1_local_to_b3_ratio,track_continuity_fraction,12,nan,nan
t1_local_to_b3_ratio,track_continuity_fraction,13,nan,nan
t1_local_to_b3_ratio,track_continuity_fraction,14,nan,nan
t1_local_to_b3_ratio,track_continuity_fraction,15,nan,nan
t1_local_to_b3_ratio,track_continuity_fraction,16,nan,nan
t1_local_to_b3_ratio,track_continuity_fraction,17,nan,nan
t1_local_to_b3_ratio,track_continuity_fraction,18,nan,nan
t1_local_to_b3_ratio,track_continuity_fraction,19,nan,nan
t1_local_to_b3_ratio,median_raw_speed,1,0.2218782249742002,0.01266645886393301
t1_local_to_b3_ratio,median_raw_speed,2,0.07946336429308566,0.008663044835934235
t1_local_to_b3_ratio,median_raw_speed,3,0.07533539731682147,0.00822305812441808
t1_local_to_b3_ratio,median_raw_speed,4,0.02786377708978328,0.006237656404267507
t1_local_to_b3_ratio,median_raw_speed,5,0.05263157894736842,0.00822305812441808
t1_local_to_b3_ratio,median_raw_speed,6,0.3065015479876161,0.014848427213964482
t1_local_to_b3_ratio,median_raw_speed,7,0.1042311661506708,0.008663044835934235
t1_local_to_b3_ratio,median_raw_speed,8,0.15789473684210525,0.0106652423379486
t1_local_to_b3_ratio,median_raw_speed,9,0.07739938080495357,0.007590618228989938
t1_local_to_b3_ratio,median_raw_speed,10,0.1042311661506708,0.00822305812441808
t1_local_to_b3_ratio,median_raw_speed,11,0.15789473684210525,0.010780728395145593
t1_local_to_b3_ratio,median_raw_speed,12,0.005159958720330237,0.0026684869609718176
t1_local_to_b3_ratio,median_raw_speed,13,0.1042311661506708,0.008663044835934235
t1_local_to_b3_ratio,median_raw_speed,14,0.07946336429308566,0.00822305812441808
t1_local_to_b3_ratio,median_raw_speed,15,0.11661506707946337,0.008744940517213879
t1_local_to_b3_ratio,median_raw_speed,16,0.12074303405572756,0.008744940517213879
t1_local_to_b3_ratio,median_raw_speed,17,0.025799793601651185,0.006237656404267507
t1_local_to_b3_ratio,median_raw_speed,18,0.17647058823529413,0.01266645886393301
t1_local_to_b3_ratio,median_raw_speed,19,0.10629514963880289,0.008744940517213879
t1_local_to_b3_ratio,q95_raw_speed,1,0.1001031991744066,0.00177715720278456
t1_local_to_b3_ratio,q95_raw_speed,2,-0.048503611971104234,-0.0013471802969158323
t1_local_to_b3_ratio,q95_raw_speed,3,-0.07533539731682147,-0.0021228232426005666
t1_local_to_b3_ratio,q95_raw_speed,4,-0.09597523219814241,-0.0024255857408619335
t1_local_to_b3_ratio,q95_raw_speed,5,-0.06501547987616099,-0.0024255857408619335
t1_local_to_b3_ratio,q95_raw_speed,6,0.15583075335397317,0.003694025095005385
t1_local_to_b3_ratio,q95_raw_speed,7,-0.04024767801857585,-0.0009672345551881858
t1_local_to_b3_ratio,q95_raw_speed,8,0.017543859649122806,0.0007276349757568581
t1_local_to_b3_ratio,q95_raw_speed,9,-0.06914344685242518,-0.0021228232426005666
t1_local_to_b3_ratio,q95_raw_speed,10,-0.04437564499484004,-0.0013471802969158323
t1_local_to_b3_ratio,q95_raw_speed,11,0.054695562435500514,0.0014599110722208607
t1_local_to_b3_ratio,q95_raw_speed,12,-0.07533539731682147,-0.0024255857408619335
t1_local_to_b3_ratio,q95_raw_speed,13,-0.03611971104231166,-0.000752867613501038
t1_local_to_b3_ratio,q95_raw_speed,14,-0.013415892672858616,-5.442893231963062e-06
t1_local_to_b3_ratio,q95_raw_speed,15,-0.025799793601651185,-0.0013471802969158323
t1_local_to_b3_ratio,q95_raw_speed,16,-0.04231166150670795,-0.0009672345551881858
t1_local_to_b3_ratio,q95_raw_speed,17,-0.09391124871001032,-0.0021228232426005666
t1_local_to_b3_ratio,q95_raw_speed,18,0.09184726522187822,0.0022679235965610794
t1_local_to_b3_ratio,q95_raw_speed,19,-0.02786377708978328,-0.0021228232426005666
t1_local_to_b3_ratio,median_swarm_radius,1,-0.1393188854489164,-0.008451989079795098
t1_local_to_b3_ratio,median_swarm_radius,2,-0.24458204334365324,-0.008635067722625489
t1_local_to_b3_ratio,median_swarm_radius,3,-0.3023735810113519,-0.013019276256902537
t1_local_to_b3_ratio,median_swarm_radius,4,-0.37874097007223945,-0.015729999268949347
t1_local_to_b3_ratio,median_swarm_radius,5,-0.3766769865841073,-0.015729999268949347
t1_local_to_b3_ratio,median_swarm_radius,6,-0.14963880288957687,-0.007154147563336221
t1_local_to_b3_ratio,median_swarm_radius,7,-0.24458204334365324,-0.008635067722625489
t1_local_to_b3_ratio,median_swarm_radius,8,-0.2590299277605779,-0.014276950997522837
t1_local_to_b3_ratio,median_swarm_radius,9,-0.304437564499484,-0.012714598574104282
t1_local_to_b3_ratio,median_swarm_radius,10,-0.24458204334365324,-0.008635067722625489
t1_local_to_b3_ratio,median_swarm_radius,11,-0.21362229102167182,-0.014428290954497911
t1_local_to_b3_ratio,median_swarm_radius,12,-0.304437564499484,-0.012624043009752551
t1_local_to_b3_ratio,median_swarm_radius,13,-0.27966976264189886,-0.012714598574104282
t1_local_to_b3_ratio,median_swarm_radius,14,-0.24458204334365324,-0.008635067722625489
t1_local_to_b3_ratio,median_swarm_radius,15,-0.26109391124871,-0.012624043009752551
t1_local_to_b3_ratio,median_swarm_radius,16,-0.2549019607843137,-0.008806805122035967
t1_local_to_b3_ratio,median_swarm_radius,17,-0.26522187822497423,-0.011307417698105825
t1_local_to_b3_ratio,median_swarm_radius,18,-0.37874097007223945,-0.014781105731940733
t1_local_to_b3_ratio,median_swarm_radius,19,-0.2528379772961816,-0.011577819131221342
t1_local_to_b3_ratio,q90_swarm_radius,1,-0.36016511867905054,-0.011109695198645355
t1_local_to_b3_ratio,q90_swarm_radius,2,-0.44685242518059853,-0.011736765172787043
t1_local_to_b3_ratio,q90_swarm_radius,3,-0.43653250773993807,-0.013193202575386078
t1_local_to_b3_ratio,q90_swarm_radius,4,-0.5128998968008256,-0.014288218831847731
t1_local_to_b3_ratio,q90_swarm_radius,5,-0.5706914344685242,-0.014962577179223642
t1_local_to_b3_ratio,q90_swarm_radius,6,-0.3498452012383901,-0.00717503475856936
t1_local_to_b3_ratio,q90_swarm_radius,7,-0.43653250773993807,-0.011736708908065004
t1_local_to_b3_ratio,q90_swarm_radius,8,-0.43653250773993807,-0.011736708908065004
t1_local_to_b3_ratio,q90_swarm_radius,9,-0.4633642930856553,-0.011736708908065004
t1_local_to_b3_ratio,q90_swarm_radius,10,-0.44685242518059853,-0.013193202575386078
t1_local_to_b3_ratio,q90_swarm_radius,11,-0.39525283797729616,-0.014962577179223642
t1_local_to_b3_ratio,q90_swarm_radius,12,-0.40144478844169246,-0.009027839434770635
t1_local_to_b3_ratio,q90_swarm_radius,13,-0.4695562435500516,-0.014288218831847731
t1_local_to_b3_ratio,q90_swarm_radius,14,-0.43653250773993807,-0.011736708908065004
t1_local_to_b3_ratio,q90_swarm_radius,15,-0.46542827657378744,-0.01294185322583874
t1_local_to_b3_ratio,q90_swarm_radius,16,-0.4633642930856553,-0.011736708908065004
t1_local_to_b3_ratio,q90_swarm_radius,17,-0.41589267285861714,-0.011109695198645355
t1_local_to_b3_ratio,q90_swarm_radius,18,-0.5128998968008256,-0.014288218831847731
t1_local_to_b3_ratio,q90_swarm_radius,19,-0.46542827657378744,-0.0126740441287016
t1_local_to_b3_ratio,swarm_radius_cv,1,0.3106295149638803,9.195175767759896
t1_local_to_b3_ratio,swarm_radius_cv,2,0.3993808049535604,10.360867386598553
t1_local_to_b3_ratio,swarm_radius_cv,3,0.3457172342621259,10.643146661668073
t1_local_to_b3_ratio,swarm_radius_cv,4,0.4406604747162023,12.476659040683028
t1_local_to_b3_ratio,swarm_radius_cv,5,0.49638802889576883,12.657752301883056
t1_local_to_b3_ratio,swarm_radius_cv,6,0.35190918472652216,8.446948520127844
t1_local_to_b3_ratio,swarm_radius_cv,7,0.4055727554179567,10.842262871479813
t1_local_to_b3_ratio,swarm_radius_cv,8,0.3993808049535604,11.01957346924858
t1_local_to_b3_ratio,swarm_radius_cv,9,0.47781217750258,12.476659040683028
t1_local_to_b3_ratio,swarm_radius_cv,10,0.40970072239422084,12.657752301883056
t1_local_to_b3_ratio,swarm_radius_cv,11,0.3828689370485036,12.657752301883056
t1_local_to_b3_ratio,swarm_radius_cv,12,0.3973168214654283,10.360867386598553
t1_local_to_b3_ratio,swarm_radius_cv,13,0.4117647058823529,11.536341036628793
t1_local_to_b3_ratio,swarm_radius_cv,14,0.4117647058823529,10.643146661668073
t1_local_to_b3_ratio,swarm_radius_cv,15,0.3993808049535604,12.657752301883056
t1_local_to_b3_ratio,swarm_radius_cv,16,0.44891640866873067,11.01957346924858
t1_local_to_b3_ratio,swarm_radius_cv,17,0.3993808049535604,10.609418939551805
t1_local_to_b3_ratio,swarm_radius_cv,18,0.5603715170278638,15.243358585718806
t1_local_to_b3_ratio,swarm_radius_cv,19,0.3993808049535604,11.01957346924858
t1_local_to_b3_ratio,n_events,1,0.3264464551850018,0.007290773060802322
t1_local_to_b3_ratio,n_events,2,0.41735559460360994,0.009317864344182532
t1_local_to_b3_ratio,n_events,3,0.3822316089191477,0.008617251495354245
t1_local_to_b3_ratio,n_events,4,0.3966944265539263,0.009971873846309296
t1_local_to_b3_ratio,n_events,5,0.4772729819476926,0.010373327166090929
t1_local_to_b3_ratio,n_events,6,0.36157044086946405,0.00818112741650785
t1_local_to_b3_ratio,n_events,7,0.41115724418870486,0.010373327166090929
t1_local_to_b3_ratio,n_events,8,0.4305627832429868,0.009839883755047546
t1_local_to_b3_ratio,n_events,9,0.5554982671096569,0.010452138491758287
t1_local_to_b3_ratio,n_events,10,0.4181724873223253,0.010404953971817923
t1_local_to_b3_ratio,n_events,11,0.4090911273837365,0.009971873846309296
t1_local_to_b3_ratio,n_events,12,0.44628122987316704,0.009317864344182532
t1_local_to_b3_ratio,n_events,13,0.4204547698110625,0.010183573280771878
t1_local_to_b3_ratio,n_events,14,0.41735559460360994,0.009317864344182532
t1_local_to_b3_ratio,n_events,15,0.4307853538359043,0.010183573280771878
t1_local_to_b3_ratio,n_events,16,0.45018075178403416,0.009734034037816256
t1_local_to_b3_ratio,n_events,17,0.4090911273837365,0.008420359246782687
t1_local_to_b3_ratio,n_events,18,0.5020663836073129,0.01046769620597166
t1_local_to_b3_ratio,n_events,19,0.4390498210557778,0.01046769620597166
t1_local_to_b3_ratio,event_rate_per_sec,1,0.3333333333333333,2.192967608309726
t1_local_to_b3_ratio,event_rate_per_sec,2,0.3890608875128999,2.192967608309726
t1_local_to_b3_ratio,event_rate_per_sec,3,0.3333333333333333,2.192967608309726
t1_local_to_b3_ratio,event_rate_per_sec,4,0.3766769865841073,2.3995004856937205
t1_local_to_b3_ratio,event_rate_per_sec,5,0.5624355005159959,3.408461162001355
t1_local_to_b3_ratio,event_rate_per_sec,6,0.35190918472652216,2.040330990134651
t1_local_to_b3_ratio,event_rate_per_sec,7,0.38080495356037153,2.192967608309726
t1_local_to_b3_ratio,event_rate_per_sec,8,0.40350877192982454,2.5494518635851384
t1_local_to_b3_ratio,event_rate_per_sec,9,0.45717234262125905,2.3995004856937205
t1_local_to_b3_ratio,event_rate_per_sec,10,0.4117647058823529,2.8029278708437806
t1_local_to_b3_ratio,event_rate_per_sec,11,0.391124871001032,2.764432702009276
t1_local_to_b3_ratio,event_rate_per_sec,12,0.40970072239422084,2.3410041092800413
t1_local_to_b3_ratio,event_rate_per_sec,13,0.41589267285861714,2.764432702009276
t1_local_to_b3_ratio,event_rate_per_sec,14,0.40350877192982454,2.773526526925629
t1_local_to_b3_ratio,event_rate_per_sec,15,0.4117647058823529,2.764432702009276
t1_local_to_b3_ratio,event_rate_per_sec,16,0.43034055727554177,2.3915726691005035
t1_local_to_b3_ratio,event_rate_per_sec,17,0.391124871001032,2.3410041092800413
t1_local_to_b3_ratio,event_rate_per_sec,18,0.49432404540763675,3.0907874979474643
t1_local_to_b3_ratio,event_rate_per_sec,19,0.3993808049535604,2.5494518635851384
t1_local_to_b3_ratio,median_prev_duration_sec,1,0.19721221007052872,1.6055022827692222
t1_local_to_b3_ratio,median_prev_duration_sec,2,0.10841508930578804,1.40348569424765
t1_local_to_b3_ratio,median_prev_duration_sec,3,0.06711410290358308,0.467368595494343
t1_local_to_b3_ratio,median_prev_duration_sec,4,0.06711410290358308,0.467368595494343
t1_local_to_b3_ratio,median_prev_duration_sec,5,0.21992775259174147,1.7670594097399392
t1_local_to_b3_ratio,median_prev_duration_sec,6,0.2880743801553797,2.1638924597993294
t1_local_to_b3_ratio,median_prev_duration_sec,7,0.18998453745014285,1.8176525040154976
t1_local_to_b3_ratio,median_prev_duration_sec,8,0.17656171686942623,1.6055022827692222
t1_local_to_b3_ratio,median_prev_duration_sec,9,0.27774913355482844,2.1638924597993294
t1_local_to_b3_ratio,median_prev_duration_sec,10,0.2085699813311351,2.106895628823846
t1_local_to_b3_ratio,median_prev_duration_sec,11,0.19308211143030823,1.6055022827692222
t1_local_to_b3_ratio,median_prev_duration_sec,12,0.1703665689090955,1.40348569424765
t1_local_to_b3_ratio,median_prev_duration_sec,13,0.17346414288926087,1.40348569424765
t1_local_to_b3_ratio,median_prev_duration_sec,14,0.16202270381836945,1.6560953770447804
t1_local_to_b3_ratio,median_prev_duration_sec,15,0.17243161822920575,1.8176525040154976
t1_local_to_b3_ratio,median_prev_duration_sec,16,0.27774913355482844,2.1638924597993294
t1_local_to_b3_ratio,median_prev_duration_sec,17,0.16004132230854426,1.1538773046320006
t1_local_to_b3_ratio,median_prev_duration_sec,18,0.1703665689090955,1.40348569424765
t1_local_to_b3_ratio,median_prev_duration_sec,19,0.20743034055727555,1.9860401058290682
t1_local_to_b3_ratio,median_next_duration_sec,1,0.18097246566403669,1.8008089674987158
t1_local_to_b3_ratio,median_next_duration_sec,2,-0.010346646098327217,-0.8258563673447852
t1_local_to_b3_ratio,median_next_duration_sec,3,-0.08691182722594862,-2.804710689422386
t1_local_to_b3_ratio,median_next_duration_sec,4,0.08277316878661774,0.7510504636242841
t1_local_to_b3_ratio,median_next_duration_sec,5,0.010346646098327217,-0.0020201923128460877
t1_local_to_b3_ratio,median_next_duration_sec,6,0.08380783339645045,0.6682837444504186
t1_local_to_b3_ratio,median_next_duration_sec,7,-0.008277316878661773,-1.1482590138247653
t1_local_to_b3_ratio,median_next_duration_sec,8,0.0010346646098327217,-0.3934603173457961
t1_local_to_b3_ratio,median_next_duration_sec,9,0.08380783339645045,0.6682837444504186
t1_local_to_b3_ratio,median_next_duration_sec,10,0.054808803886822535,0.13752707226924415
t1_local_to_b3_ratio,median_next_duration_sec,11,0.03615704408694641,0.3696729185697867
t1_local_to_b3_ratio,median_next_duration_sec,12,-0.002066116804968366,-0.8258563673447852
t1_local_to_b3_ratio,median_next_duration_sec,13,0.03207460290481437,-0.0020201923128460877
t1_local_to_b3_ratio,median_next_duration_sec,14,0.07231408817389282,0.3696729185697867
t1_local_to_b3_ratio,median_next_duration_sec,15,0.058975882760465136,0.39833215674955125
t1_local_to_b3_ratio,median_next_duration_sec,16,0.1438183807667483,1.3136803937898631
t1_local_to_b3_ratio,median_next_duration_sec,17,0.08380783339645045,0.6682837444504186
t1_local_to_b3_ratio,median_next_duration_sec,18,0.08277316878661774,0.6682837444504186
t1_local_to_b3_ratio,median_next_duration_sec,19,0.027935944465483486,-0.09154083875420843
t1_k8_event_abs_z,ob_index_proxy,1,0.4674922600619195,0.025916046984769906
t1_k8_event_abs_z,ob_index_proxy,2,0.5810113519091847,0.029113245023958678
t1_k8_event_abs_z,ob_index_proxy,3,0.48194014447884415,0.02388012051480529
t1_k8_event_abs_z,ob_index_proxy,4,0.48194014447884415,0.02388012051480529
t1_k8_event_abs_z,ob_index_proxy,5,0.5046439628482973,0.025916046984769906
t1_k8_event_abs_z,ob_index_proxy,6,0.49226006191950467,0.021732796096601597
t1_k8_event_abs_z,ob_index_proxy,7,0.5252837977296182,0.025531219524545512
t1_k8_event_abs_z,ob_index_proxy,8,0.48194014447884415,0.02388012051480529
t1_k8_event_abs_z,ob_index_proxy,9,0.5583075335397317,0.025531219524545512
t1_k8_event_abs_z,ob_index_proxy,10,0.5252837977296182,0.025531219524545512
t1_k8_event_abs_z,ob_index_proxy,11,0.5500515995872033,0.024726749886939594
t1_k8_event_abs_z,ob_index_proxy,12,0.5541795665634675,0.026250797246166895
t1_k8_event_abs_z,ob_index_proxy,13,0.5252837977296182,0.02735038242819038
t1_k8_event_abs_z,ob_index_proxy,14,0.5252837977296182,0.024726749886939594
t1_k8_event_abs_z,ob_index_proxy,15,0.5170278637770898,0.021678655168484995
t1_k8_event_abs_z,ob_index_proxy,16,0.5479876160990712,0.029113245023958678
t1_k8_event_abs_z,ob_index_proxy,17,0.6243550051599587,0.029178348281567037
t1_k8_event_abs_z,ob_index_proxy,18,0.5995872033023736,0.029178348281567037
t1_k8_event_abs_z,ob_index_proxy,19,0.49226006191950467,0.026250797246166895
t1_k8_event_abs_z,early_ob_le_8,1,-0.6919178793869741,-0.33432168720727407
t1_k8_event_abs_z,early_ob_le_8,2,-0.7578148202809717,-0.3803742632293061
t1_k8_event_abs_z,early_ob_le_8,3,-0.6919178793869741,-0.30969027756990797
t1_k8_event_abs_z,early_ob_le_8,4,-0.6919178793869741,-0.30969027756990797
t1_k8_event_abs_z,early_ob_le_8,5,-0.71388352635164,-0.34686351155612727
t1_k8_event_abs_z,early_ob_le_8,6,-0.6919178793869741,-0.30833199652503085
t1_k8_event_abs_z,early_ob_le_8,7,-0.7578148202809717,-0.3803742632293061
t1_k8_event_abs_z,early_ob_le_8,8,-0.6919178793869741,-0.33432168720727407
t1_k8_event_abs_z,early_ob_le_8,9,-0.7111452412690157,-0.3220766525409919
t1_k8_event_abs_z,early_ob_le_8,10,-0.7111452412690157,-0.3347226244272875
t1_k8_event_abs_z,early_ob_le_8,11,-0.7111452412690157,-0.3090111370474694
t1_k8_event_abs_z,early_ob_le_8,12,-0.7542449528610773,-0.34818667924527746
t1_k8_event_abs_z,early_ob_le_8,13,-0.7111452412690157,-0.3347226244272875
t1_k8_event_abs_z,early_ob_le_8,14,-0.7111452412690157,-0.33094646138443506
t1_k8_event_abs_z,early_ob_le_8,15,-0.7111452412690157,-0.3090111370474694
t1_k8_event_abs_z,early_ob_le_8,16,-0.7111452412690157,-0.3347226244272875
t1_k8_event_abs_z,early_ob_le_8,17,-0.775794808657108,-0.36494205508186683
t1_k8_event_abs_z,early_ob_le_8,18,-0.7542449528610773,-0.3636188873927167
t1_k8_event_abs_z,early_ob_le_8,19,-0.7111452412690157,-0.3220766525409919
t1_k8_event_abs_z,file_size_mb,1,0.2260061919504644,0.0030887317584652545
t1_k8_event_abs_z,file_size_mb,2,0.10629514963880289,0.00284133373210154
t1_k8_event_abs_z,file_size_mb,3,0.1867905056759546,0.0030887317584652545
t1_k8_event_abs_z,file_size_mb,4,0.09803921568627451,0.0023242889950547316
t1_k8_event_abs_z,file_size_mb,5,0.1021671826625387,0.0021404351515220466
t1_k8_event_abs_z,file_size_mb,6,0.03611971104231166,0.001574398173414212
t1_k8_event_abs_z,file_size_mb,7,0.10835913312693499,0.0024508051337858226
t1_k8_event_abs_z,file_size_mb,8,0.14963880288957687,0.0025799587458392443
t1_k8_event_abs_z,file_size_mb,9,0.1785345717234262,0.00284133373210154
t1_k8_event_abs_z,file_size_mb,10,0.08359133126934984,0.0021303448317033886
t1_k8_event_abs_z,file_size_mb,11,0.3188854489164087,0.003979866750706543
t1_k8_event_abs_z,file_size_mb,12,0.09184726522187822,0.0025799587458392443
t1_k8_event_abs_z,file_size_mb,13,0.13106295149638802,0.0025799587458392443
t1_k8_event_abs_z,file_size_mb,14,0.06914344685242518,0.0019355635064662953
t1_k8_event_abs_z,file_size_mb,15,0.19711042311661506,0.00284133373210154
t1_k8_event_abs_z,file_size_mb,16,0.11455108359133127,0.0024508051337858226
t1_k8_event_abs_z,file_size_mb,17,0.1021671826625387,0.0021404351515220466
t1_k8_event_abs_z,file_size_mb,18,0.09184726522187822,0.0023242889950547316
t1_k8_event_abs_z,file_size_mb,19,0.1042311661506708,0.0023242889950547316
t1_k8_event_abs_z,duration_sec,1,0.10109927544077621,0.0008880426053131508
t1_k8_event_abs_z,duration_sec,2,0.17822655773580137,0.0013955249617038444
t1_k8_event_abs_z,duration_sec,3,0.11758992263599687,0.0008880426053131508
t1_k8_event_abs_z,duration_sec,4,0.11758992263599687,0.0008880426053131508
t1_k8_event_abs_z,duration_sec,5,0.14048353589256263,0.0010008235377502216
t1_k8_event_abs_z,duration_sec,6,0.3260559956141384,0.0019590775046306975
t1_k8_event_abs_z,duration_sec,7,0.19073368459445408,0.001696628466543777
t1_k8_event_abs_z,duration_sec,8,0.12819805030119047,0.0009511463231372792
t1_k8_event_abs_z,duration_sec,9,0.30642460803699184,0.0020010874067665305
t1_k8_event_abs_z,duration_sec,10,0.14800100116072396,0.0010766053854344645
t1_k8_event_abs_z,duration_sec,11,0.09558659528673172,0.0008734770746596033
t1_k8_event_abs_z,duration_sec,12,0.1849392821851983,0.0011512482056763463
t1_k8_event_abs_z,duration_sec,13,0.12695549169550105,0.0009511463231372792
t1_k8_event_abs_z,duration_sec,14,0.12695549169550105,0.0009511463231372792
t1_k8_event_abs_z,duration_sec,15,0.09558659528673172,0.0005822066798111925
t1_k8_event_abs_z,duration_sec,16,0.1392239540045875,0.0011512482056763463
t1_k8_event_abs_z,duration_sec,17,0.23438530036160107,0.0016774243806445294
t1_k8_event_abs_z,duration_sec,18,0.15088972373645615,0.0010008235377502216
t1_k8_event_abs_z,duration_sec,19,0.06253563429326364,0.0004879115692941974
t1_k8_event_abs_z,n_frames,1,0.10296725112676881,9.026081359666982e-06
t1_k8_event_abs_z,n_frames,2,0.17993267116091924,1.4808173108903654e-05
t1_k8_event_abs_z,n_frames,3,0.12168856951345405,9.026081359666982e-06
t1_k8_event_abs_z,n_frames,4,0.11336798356381617,8.677487870078214e-06
t1_k8_event_abs_z,n_frames,5,0.14144996114384403,1.0019625651925828e-05
t1_k8_event_abs_z,n_frames,6,0.32745149643615307,2.0010874067665306e-05
t1_k8_event_abs_z,n_frames,7,0.19241355008537606,1.7158325524430244e-05
t1_k8_event_abs_z,n_frames,8,0.13000915546309194,9.996845103078603e-06
t1_k8_event_abs_z,n_frames,9,0.3078616801366017,2.043097308902363e-05
t1_k8_event_abs_z,n_frames,10,0.14977054709348192,1.1512482056763462e-05
t1_k8_event_abs_z,n_frames,11,0.0974608845178819,8.851784614872599e-06
t1_k8_event_abs_z,n_frames,12,0.1866272256725398,1.2258537119708963e-05
t1_k8_event_abs_z,n_frames,13,0.12876677765214511,9.996845103078603e-06
t1_k8_event_abs_z,n_frames,14,0.12876677765214511,9.996845103078603e-06
t1_k8_event_abs_z,n_frames,15,0.0974608845178819,7.238180746507953e-06
t1_k8_event_abs_z,n_frames,16,0.14100723717480787,1.2258537119708963e-05
t1_k8_event_abs_z,n_frames,17,0.23597298314605317,1.6966284665437767e-05
t1_k8_event_abs_z,n_frames,18,0.1526509380231075,1.0019625651925828e-05
t1_k8_event_abs_z,n_frames,19,0.0644845411096936,5.798873622937691e-06
t1_k8_event_abs_z,median_dt_sec,1,-0.1867079991996597,nan
t1_k8_event_abs_z,median_dt_sec,2,-0.2745705870583231,nan
t1_k8_event_abs_z,median_dt_sec,3,-0.1867079991996597,nan
t1_k8_event_abs_z,median_dt_sec,4,-0.1867079991996597,nan
t1_k8_event_abs_z,median_dt_sec,5,-0.2306392931289914,nan
t1_k8_event_abs_z,median_dt_sec,6,-0.36634754853252327,nan
t1_k8_event_abs_z,median_dt_sec,7,-0.2745705870583231,nan
t1_k8_event_abs_z,median_dt_sec,8,-0.3016979811444309,nan
t1_k8_event_abs_z,median_dt_sec,9,-0.36243317491698646,nan
t1_k8_event_abs_z,median_dt_sec,10,-0.2965362340229889,nan
t1_k8_event_abs_z,median_dt_sec,11,-0.193948702164277,nan
t1_k8_event_abs_z,median_dt_sec,12,-0.2801481253484001,nan
t1_k8_event_abs_z,median_dt_sec,13,-0.2154985579603078,nan
t1_k8_event_abs_z,median_dt_sec,14,-0.2154985579603078,nan
t1_k8_event_abs_z,median_dt_sec,15,-0.193948702164277,nan
t1_k8_event_abs_z,median_dt_sec,16,-0.2370484137563386,nan
t1_k8_event_abs_z,median_dt_sec,17,-0.3016979811444309,nan
t1_k8_event_abs_z,median_dt_sec,18,-0.2801481253484001,nan
t1_k8_event_abs_z,median_dt_sec,19,-0.2154985579603078,nan
t1_k8_event_abs_z,unique_ids,1,0.05675954592363261,1.6703892090333078e-05
t1_k8_event_abs_z,unique_ids,2,-0.048503611971104234,-1.8374056594455131e-06
t1_k8_event_abs_z,unique_ids,3,0.05675954592363261,2.2296913754368812e-05
t1_k8_event_abs_z,unique_ids,4,-0.06914344685242518,-6.4474548951235966e-06
t1_k8_event_abs_z,unique_ids,5,-0.06707946336429309,-6.4474548951235966e-06
t1_k8_event_abs_z,unique_ids,6,-0.14138286893704852,-2.0517920569519743e-05
t1_k8_event_abs_z,unique_ids,7,-0.034055727554179564,-1.8374056594455131e-06
t1_k8_event_abs_z,unique_ids,8,0.03199174406604747,1.4566541114963065e-05
t1_k8_event_abs_z,unique_ids,9,-0.015479876160990712,1.884002369035886e-06
t1_k8_event_abs_z,unique_ids,10,-0.03199174406604747,-5.023995149218467e-06
t1_k8_event_abs_z,unique_ids,11,0.12074303405572756,2.557303202178544e-05
t1_k8_event_abs_z,unique_ids,12,-0.04437564499484004,-5.023995149218467e-06
t1_k8_event_abs_z,unique_ids,13,0.013415892672858616,1.0609414531629659e-05
t1_k8_event_abs_z,unique_ids,14,-0.09184726522187822,-2.0488540649301032e-05
t1_k8_event_abs_z,unique_ids,15,0.0629514963880289,1.892062951149136e-05
t1_k8_event_abs_z,unique_ids,16,-0.021671826625386997,1.884002369035886e-06
t1_k8_event_abs_z,unique_ids,17,-0.08978328173374613,-1.3400827254750957e-05
t1_k8_event_abs_z,unique_ids,18,-0.05675954592363261,-6.4474548951235966e-06
t1_k8_event_abs_z,unique_ids,19,0.007223942208462332,1.0609414531629659e-05
t1_k8_event_abs_z,median_individuals_per_frame,1,0.15392570197014327,0.0018296616107616108
t1_k8_event_abs_z,median_individuals_per_frame,2,0.014462817634778562,0.00037373896995749386
t1_k8_event_abs_z,median_individuals_per_frame,3,0.05888432894159843,0.0012831206286580158
t1_k8_event_abs_z,median_individuals_per_frame,4,0.04028927769688314,0.0008733670042437536
t1_k8_event_abs_z,median_individuals_per_frame,5,0.01033058402484183,0.00037373896995749386
t1_k8_event_abs_z,median_individuals_per_frame,6,-0.09194219782109228,-0.0014296161422956838
t1_k8_event_abs_z,median_individuals_per_frame,7,0.014462817634778562,0.00037373896995749386
t1_k8_event_abs_z,median_individuals_per_frame,8,0.028910690481543478,0.0008155812366981525
t1_k8_event_abs_z,median_individuals_per_frame,9,-0.007231408817389281,-0.0001208929405476082
t1_k8_event_abs_z,median_individuals_per_frame,10,0.004132233609936732,-0.00039573048968953963
t1_k8_event_abs_z,median_individuals_per_frame,11,0.20557862209435243,0.0023923256068299472
t1_k8_event_abs_z,median_individuals_per_frame,12,-0.013422820580716616,-0.0002583117151185739
t1_k8_event_abs_z,median_individuals_per_frame,13,0.055756331642976706,0.0008155812366981525
t1_k8_event_abs_z,median_individuals_per_frame,14,0.001033058402484183,0.00037373896995749386
t1_k8_event_abs_z,median_individuals_per_frame,15,0.10640501545587085,0.0015491907587648211
t1_k8_event_abs_z,median_individuals_per_frame,16,0.01652893443974693,0.00037373896995749386
t1_k8_event_abs_z,median_individuals_per_frame,17,-0.01033058402484183,-0.00039573048968953963
t1_k8_event_abs_z,median_individuals_per_frame,18,-0.013422820580716616,-0.0002583117151185739
t1_k8_event_abs_z,median_individuals_per_frame,19,0.05681821213663007,0.0008733670042437536
t1_k8_event_abs_z,q10_individuals_per_frame,1,0.13967972232741743,0.0018500041321248754
t1_k8_event_abs_z,q10_individuals_per_frame,2,-0.005173323049163609,-0.00027395561813235004
t1_k8_event_abs_z,q10_individuals_per_frame,3,0.05791118901249174,0.0009493119611345147
t1_k8_event_abs_z,q10_individuals_per_frame,4,0.011375412127453735,-0.00012664974724035144
t1_k8_event_abs_z,q10_individuals_per_frame,5,-0.005173323049163609,-0.00027395561813235004
t1_k8_event_abs_z,q10_individuals_per_frame,6,-0.07966917495711957,-0.0013622675022376563
t1_k8_event_abs_z,q10_individuals_per_frame,7,-0.005173323049163609,-0.00027395561813235004
t1_k8_event_abs_z,q10_individuals_per_frame,8,0.014477797253122935,0.00037373896995749386
t1_k8_event_abs_z,q10_individuals_per_frame,9,-0.012409540502676801,-0.0004212614890243486
t1_k8_event_abs_z,q10_individuals_per_frame,10,-0.015519969147490825,-0.0009016009506985767
t1_k8_event_abs_z,q10_individuals_per_frame,11,0.17476769541269827,0.002016332416462596
t1_k8_event_abs_z,q10_individuals_per_frame,12,-0.016546054003569066,-0.0004212614890243486
t1_k8_event_abs_z,q10_individuals_per_frame,13,0.036194493132807336,0.00037373896995749386
t1_k8_event_abs_z,q10_individuals_per_frame,14,-0.01862396297698899,-0.00027395561813235004
t1_k8_event_abs_z,q10_individuals_per_frame,15,0.08794649183578133,0.0015847341457635648
t1_k8_event_abs_z,q10_individuals_per_frame,16,-0.003103993829498165,-0.00027395561813235004
t1_k8_event_abs_z,q10_individuals_per_frame,17,-0.037228621508030406,-0.001129986551401879
t1_k8_event_abs_z,q10_individuals_per_frame,18,-0.016546054003569066,-0.0004212614890243486
t1_k8_event_abs_z,q10_individuals_per_frame,19,0.023784952630130536,0.00037373896995749386
t1_k8_event_abs_z,q90_individuals_per_frame,1,0.1810663067207263,0.002307579015525005
t1_k8_event_abs_z,q90_individuals_per_frame,2,0.04138658439330887,0.0007388505824237376
t1_k8_event_abs_z,q90_individuals_per_frame,3,0.0858771626161159,0.0014333224328281961
t1_k8_event_abs_z,q90_individuals_per_frame,4,0.040351919783476145,0.0008397759656189938
t1_k8_event_abs_z,q90_individuals_per_frame,5,0.035178596734312534,0.0007388505824237376
t1_k8_event_abs_z,q90_individuals_per_frame,6,-0.06311454119979602,-0.0010464139490455068
t1_k8_event_abs_z,q90_individuals_per_frame,7,0.04138658439330887,0.0008397759656189938
t1_k8_event_abs_z,q90_individuals_per_frame,8,0.04655990744247247,0.0008397759656189938
t1_k8_event_abs_z,q90_individuals_per_frame,9,0.022762621416319875,0.00033221241773999453
t1_k8_event_abs_z,q90_individuals_per_frame,10,0.03103993829498165,0.00033221241773999453
t1_k8_event_abs_z,q90_individuals_per_frame,11,0.2244058574234055,0.0023273832016790803
t1_k8_event_abs_z,q90_individuals_per_frame,12,0.022727284854652027,0.00033221241773999453
t1_k8_event_abs_z,q90_individuals_per_frame,13,0.07449585190795596,0.0008397759656189938
t1_k8_event_abs_z,q90_individuals_per_frame,14,0.028970609075316206,0.0007388505824237376
t1_k8_event_abs_z,q90_individuals_per_frame,15,0.1570248771775958,0.00170768417004417
t1_k8_event_abs_z,q90_individuals_per_frame,16,0.04345591361297431,0.0007388505824237376
t1_k8_event_abs_z,q90_individuals_per_frame,17,0.0031023851256692003,-0.00024047968981986967
t1_k8_event_abs_z,q90_individuals_per_frame,18,0.022727284854652027,0.00033221241773999453
t1_k8_event_abs_z,q90_individuals_per_frame,19,0.05794121815063241,0.0008397759656189938
t1_k8_event_abs_z,median_track_length_frames,1,0.17440660474716202,0.0010140626437651745
t1_k8_event_abs_z,median_track_length_frames,2,0.16202270381836945,0.0010140626437651745
t1_k8_event_abs_z,median_track_length_frames,3,0.054695562435500514,0.0002712245745155158
t1_k8_event_abs_z,median_track_length_frames,4,0.05056759545923633,0.00017952409333207321
t1_k8_event_abs_z,median_track_length_frames,5,0.15376676986584106,0.0009891019623800498
t1_k8_event_abs_z,median_track_length_frames,6,0.35810113519091846,0.0018948944487528704
t1_k8_event_abs_z,median_track_length_frames,7,0.16202270381836945,0.0009972110521583961
t1_k8_event_abs_z,median_track_length_frames,8,0.07120743034055728,0.00029451319669610655
t1_k8_event_abs_z,median_track_length_frames,9,0.17647058823529413,0.0009972110521583961
t1_k8_event_abs_z,median_track_length_frames,10,0.15376676986584106,0.0009891019623800498
t1_k8_event_abs_z,median_track_length_frames,11,0.24664602683178535,0.0015389111014950823
t1_k8_event_abs_z,median_track_length_frames,12,0.16821465428276575,0.0009972110521583961
t1_k8_event_abs_z,median_track_length_frames,13,0.14963880288957687,0.0009972110521583961
t1_k8_event_abs_z,median_track_length_frames,14,0.21775025799793601,0.0014491554551744293
t1_k8_event_abs_z,median_track_length_frames,15,0.09391124871001032,0.0002856009965081672
t1_k8_event_abs_z,median_track_length_frames,16,0.16821465428276575,0.001380176578835409
t1_k8_event_abs_z,median_track_length_frames,17,0.24458204334365324,0.0018948944487528704
t1_k8_event_abs_z,median_track_length_frames,18,0.15376676986584106,0.0010140626437651745
t1_k8_event_abs_z,median_track_length_frames,19,0.13106295149638802,0.0009332928769155116
t1_k8_event_abs_z,median_track_span_sec,1,0.17440660474716202,0.10140626437651766
t1_k8_event_abs_z,median_track_span_sec,2,0.16202270381836945,0.10140626437651766
t1_k8_event_abs_z,median_track_span_sec,3,0.054695562435500514,0.027122457451551698
t1_k8_event_abs_z,median_track_span_sec,4,0.05056759545923633,0.01795240933320732
t1_k8_event_abs_z,median_track_span_sec,5,0.15376676986584106,0.09891019623800446
t1_k8_event_abs_z,median_track_span_sec,6,0.35810113519091846,0.18948944487528702
t1_k8_event_abs_z,median_track_span_sec,7,0.16202270381836945,0.09972110521584025
t1_k8_event_abs_z,median_track_span_sec,8,0.07120743034055728,0.02945131966961085
t1_k8_event_abs_z,median_track_span_sec,9,0.17647058823529413,0.09972110521584025
t1_k8_event_abs_z,median_track_span_sec,10,0.15376676986584106,0.09891019623800446
t1_k8_event_abs_z,median_track_span_sec,11,0.24664602683178535,0.15389111014950987
t1_k8_event_abs_z,median_track_span_sec,12,0.16821465428276575,0.09972110521584025
t1_k8_event_abs_z,median_track_span_sec,13,0.14963880288957687,0.09972110521584025
t1_k8_event_abs_z,median_track_span_sec,14,0.21775025799793601,0.14491554551744315
t1_k8_event_abs_z,median_track_span_sec,15,0.09391124871001032,0.028560099650816673
t1_k8_event_abs_z,median_track_span_sec,16,0.16821465428276575,0.13801765788354015
t1_k8_event_abs_z,median_track_span_sec,17,0.24458204334365324,0.18948944487528702
t1_k8_event_abs_z,median_track_span_sec,18,0.15376676986584106,0.10140626437651766
t1_k8_event_abs_z,median_track_span_sec,19,0.13106295149638802,0.0933292876915524
t1_k8_event_abs_z,track_continuity_fraction,1,nan,nan
t1_k8_event_abs_z,track_continuity_fraction,2,nan,nan
t1_k8_event_abs_z,track_continuity_fraction,3,nan,nan
t1_k8_event_abs_z,track_continuity_fraction,4,nan,nan
t1_k8_event_abs_z,track_continuity_fraction,5,nan,nan
t1_k8_event_abs_z,track_continuity_fraction,6,nan,nan
t1_k8_event_abs_z,track_continuity_fraction,7,nan,nan
t1_k8_event_abs_z,track_continuity_fraction,8,nan,nan
t1_k8_event_abs_z,track_continuity_fraction,9,nan,nan
t1_k8_event_abs_z,track_continuity_fraction,10,nan,nan
t1_k8_event_abs_z,track_continuity_fraction,11,nan,nan
t1_k8_event_abs_z,track_continuity_fraction,12,nan,nan
t1_k8_event_abs_z,track_continuity_fraction,13,nan,nan
t1_k8_event_abs_z,track_continuity_fraction,14,nan,nan
t1_k8_event_abs_z,track_continuity_fraction,15,nan,nan
t1_k8_event_abs_z,track_continuity_fraction,16,nan,nan
t1_k8_event_abs_z,track_continuity_fraction,17,nan,nan
t1_k8_event_abs_z,track_continuity_fraction,18,nan,nan
t1_k8_event_abs_z,track_continuity_fraction,19,nan,nan
t1_k8_event_abs_z,median_raw_speed,1,0.40144478844169246,0.0048089162772123085
t1_k8_event_abs_z,median_raw_speed,2,0.31475748194014447,0.004546127669920601
t1_k8_event_abs_z,median_raw_speed,3,0.2301341589267286,0.0035383322845816564
t1_k8_event_abs_z,median_raw_speed,4,0.1867905056759546,0.002987230730811688
t1_k8_event_abs_z,median_raw_speed,5,0.25077399380804954,0.0046307854222597
t1_k8_event_abs_z,median_raw_speed,6,0.1867905056759546,0.0028612627669219494
t1_k8_event_abs_z,median_raw_speed,7,0.3333333333333333,0.004605681224004185
t1_k8_event_abs_z,median_raw_speed,8,0.22394220846233232,0.004234228619393768
t1_k8_event_abs_z,median_raw_speed,9,0.32301341589267285,0.004336408487432813
t1_k8_event_abs_z,median_raw_speed,10,0.32507739938080493,0.004551306462429931
t1_k8_event_abs_z,median_raw_speed,11,0.4055727554179567,0.004714982634933811
t1_k8_event_abs_z,median_raw_speed,12,0.34365325077399383,0.004714982634933811
t1_k8_event_abs_z,median_raw_speed,13,0.32507739938080493,0.004546127669920601
t1_k8_event_abs_z,median_raw_speed,14,0.33746130030959753,0.0046307854222597
t1_k8_event_abs_z,median_raw_speed,15,0.3539731682146543,0.004605681224004185
t1_k8_event_abs_z,median_raw_speed,16,0.32920536635706915,0.004551306462429931
t1_k8_event_abs_z,median_raw_speed,17,0.3766769865841073,0.004750130435141762
t1_k8_event_abs_z,median_raw_speed,18,0.3560371517027864,0.004750130435141762
t1_k8_event_abs_z,median_raw_speed,19,0.24664602683178535,0.0032473865988894408
t1_k8_event_abs_z,q95_raw_speed,1,0.3539731682146543,0.0028861711679659154
t1_k8_event_abs_z,q95_raw_speed,2,0.26109391124871,0.002086758377020153
t1_k8_event_abs_z,q95_raw_speed,3,0.18059855521155832,0.0019494042585030602
t1_k8_event_abs_z,q95_raw_speed,4,0.17647058823529413,0.0017893795311303311
t1_k8_event_abs_z,q95_raw_speed,5,0.23426212590299278,0.0025275279714917945
t1_k8_event_abs_z,q95_raw_speed,6,0.13312693498452013,0.0016016773334353003
t1_k8_event_abs_z,q95_raw_speed,7,0.26109391124871,0.002086758377020153
t1_k8_event_abs_z,q95_raw_speed,8,0.20123839009287925,0.0020863930681790264
t1_k8_event_abs_z,q95_raw_speed,9,0.2693498452012384,0.002086758377020153
t1_k8_event_abs_z,q95_raw_speed,10,0.2631578947368421,0.002086827318397044
t1_k8_event_abs_z,q95_raw_speed,11,0.4282765737874097,0.00291500091940404
t1_k8_event_abs_z,q95_raw_speed,12,0.31682146542827655,0.002587411516067375
t1_k8_event_abs_z,q95_raw_speed,13,0.27347781217750256,0.002216848625989827
t1_k8_event_abs_z,q95_raw_speed,14,0.26109391124871,0.002086758377020153
t1_k8_event_abs_z,q95_raw_speed,15,0.2528379772961816,0.002086758377020153
t1_k8_event_abs_z,q95_raw_speed,16,0.2631578947368421,0.002086827318397044
t1_k8_event_abs_z,q95_raw_speed,17,0.33126934984520123,0.0026800737653958338
t1_k8_event_abs_z,q95_raw_speed,18,0.3188854489164087,0.00291500091940404
t1_k8_event_abs_z,q95_raw_speed,19,0.20949432404540763,0.002086758377020153
t1_k8_event_abs_z,median_swarm_radius,1,0.44891640866873067,0.0044333620008840105
t1_k8_event_abs_z,median_swarm_radius,2,0.32714138286893707,0.003854289520263287
t1_k8_event_abs_z,median_swarm_radius,3,0.2672858617131063,0.002894034974738403
t1_k8_event_abs_z,median_swarm_radius,4,0.22807017543859648,0.0019588394092371927
t1_k8_event_abs_z,median_swarm_radius,5,0.28173374613003094,0.003323474548733841
t1_k8_event_abs_z,median_swarm_radius,6,0.21775025799793601,0.0019588394092371927
t1_k8_event_abs_z,median_swarm_radius,7,0.3188854489164087,0.0036579334567576095
t1_k8_event_abs_z,median_swarm_radius,8,0.2714138286893705,0.0021052316903415174
t1_k8_event_abs_z,median_swarm_radius,9,0.3023735810113519,0.002894034974738403
t1_k8_event_abs_z,median_swarm_radius,10,0.3065015479876161,0.0031749878186210067
t1_k8_event_abs_z,median_swarm_radius,11,0.5128998968008256,0.0044333620008840105
t1_k8_event_abs_z,median_swarm_radius,12,0.2672858617131063,0.002894034974738403
t1_k8_event_abs_z,median_swarm_radius,13,0.29411764705882354,0.002183011602140422
t1_k8_event_abs_z,median_swarm_radius,14,0.28792569659442724,0.002183011602140422
t1_k8_event_abs_z,median_swarm_radius,15,0.27966976264189886,0.0028451149797486712
t1_k8_event_abs_z,median_swarm_radius,16,0.31475748194014447,0.002894034974738403
t1_k8_event_abs_z,median_swarm_radius,17,0.2837977296181631,0.002183011602140422
t1_k8_event_abs_z,median_swarm_radius,18,0.2714138286893705,0.002996350930863403
t1_k8_event_abs_z,median_swarm_radius,19,0.3023735810113519,0.002894034974738403
t1_k8_event_abs_z,q90_swarm_radius,1,0.304437564499484,0.0018994594442513458
t1_k8_event_abs_z,q90_swarm_radius,2,0.18059855521155832,0.0013402529452487882
t1_k8_event_abs_z,q90_swarm_radius,3,0.19504643962848298,0.0013402529452487882
t1_k8_event_abs_z,q90_swarm_radius,4,0.1434468524251806,0.0009836751170393667
t1_k8_event_abs_z,q90_swarm_radius,5,0.15583075335397317,0.0010327700771005724
t1_k8_event_abs_z,q90_swarm_radius,6,0.04024767801857585,0.0002675864214954517
t1_k8_event_abs_z,q90_swarm_radius,7,0.18472652218782248,0.0013402529452487882
t1_k8_event_abs_z,q90_swarm_radius,8,0.20743034055727555,0.0012364307000703493
t1_k8_event_abs_z,q90_swarm_radius,9,0.21362229102167182,0.0012364307000703493
t1_k8_event_abs_z,q90_swarm_radius,10,0.16202270381836945,0.0009425199176719115
t1_k8_event_abs_z,q90_swarm_radius,11,0.32920536635706915,0.002060511576450623
t1_k8_event_abs_z,q90_swarm_radius,12,0.17234262125902994,0.0012364307000703493
t1_k8_event_abs_z,q90_swarm_radius,13,0.25077399380804954,0.0017756984862434611
t1_k8_event_abs_z,q90_swarm_radius,14,0.14551083591331268,0.0009425199176719115
t1_k8_event_abs_z,q90_swarm_radius,15,0.11455108359133127,0.0005444663524469923
t1_k8_event_abs_z,q90_swarm_radius,16,0.19504643962848298,0.0009836751170393667
t1_k8_event_abs_z,q90_swarm_radius,17,0.17440660474716202,0.0009836751170393667
t1_k8_event_abs_z,q90_swarm_radius,18,0.16821465428276575,0.0012364307000703493
t1_k8_event_abs_z,q90_swarm_radius,19,0.14963880288957687,0.0009425199176719115
t1_k8_event_abs_z,swarm_radius_cv,1,-0.12487100103199174,-2.0265625933113087
t1_k8_event_abs_z,swarm_radius_cv,2,0.011351909184726523,-0.5650700021687723
t1_k8_event_abs_z,swarm_radius_cv,3,-0.07946336429308566,-1.9338421320938581
t1_k8_event_abs_z,swarm_radius_cv,4,0.04231166150670795,-0.5650700021687723
t1_k8_event_abs_z,swarm_radius_cv,5,0.017543859649122806,-0.1619442276269361
t1_k8_event_abs_z,swarm_radius_cv,6,0.11661506707946337,1.193272272410619
t1_k8_event_abs_z,swarm_radius_cv,7,0.011351909184726523,-0.7788042476165838
t1_k8_event_abs_z,swarm_radius_cv,8,0.009287925696594427,-0.7788042476165838
t1_k8_event_abs_z,swarm_radius_cv,9,0.007223942208462332,-0.1619442276269361
t1_k8_event_abs_z,swarm_radius_cv,10,0.023735810113519093,-0.1619442276269361
t1_k8_event_abs_z,swarm_radius_cv,11,-0.18059855521155832,-2.1966844555636054
t1_k8_event_abs_z,swarm_radius_cv,12,0.025799793601651185,0.16057536275939832
t1_k8_event_abs_z,swarm_radius_cv,13,0.0030959752321981426,-0.5650700021687723
t1_k8_event_abs_z,swarm_radius_cv,14,0.005159958720330237,-0.5650700021687723
t1_k8_event_abs_z,swarm_radius_cv,15,-0.12487100103199174,-2.0265625933113087
t1_k8_event_abs_z,swarm_radius_cv,16,0.017543859649122806,-0.1619442276269361
t1_k8_event_abs_z,swarm_radius_cv,17,0.017543859649122806,-0.1619442276269361
t1_k8_event_abs_z,swarm_radius_cv,18,0.025799793601651185,-0.5650700021687723
t1_k8_event_abs_z,swarm_radius_cv,19,0.005159958720330237,-0.5650700021687723
t1_k8_event_abs_z,n_events,1,0.02685951846458876,8.059529369840546e-05
t1_k8_event_abs_z,n_events,2,0.14359511794530144,0.0012653385083645301
t1_k8_event_abs_z,n_events,3,0.084710789003703,0.000492596597557518
t1_k8_event_abs_z,n_events,4,0.12603312510307033,0.000701523976480932
t1_k8_event_abs_z,n_events,5,0.13739676753039634,0.0009573574427437615
t1_k8_event_abs_z,n_events,6,0.2500001334011723,0.0017039970885790558
t1_k8_event_abs_z,n_events,7,0.14152900114033307,0.0009573574427437615
t1_k8_event_abs_z,n_events,8,0.11254518794600854,0.0006871422570159211
t1_k8_event_abs_z,n_events,9,0.22302532657190682,0.001692437850847475
t1_k8_event_abs_z,n_events,10,0.16520394560881987,0.0014550951536555252
t1_k8_event_abs_z,n_events,11,0.014462817634778562,8.059529369840546e-05
t1_k8_event_abs_z,n_events,12,0.14359511794530144,0.0012653385083645301
t1_k8_event_abs_z,n_events,13,0.09400831462606066,0.00067276053755091
t1_k8_event_abs_z,n_events,14,0.15805793558008,0.0014114326915238174
t1_k8_event_abs_z,n_events,15,0.0785124385887979,0.000492596597557518
t1_k8_event_abs_z,n_events,16,0.12493548386667003,0.0013383855999441739
t1_k8_event_abs_z,n_events,17,0.19111580445957385,0.0014585062835095648
t1_k8_event_abs_z,n_events,18,0.17252075321485857,0.0014114326915238174
t1_k8_event_abs_z,n_events,19,0.021694226452167842,8.059529369840546e-05
t1_k8_event_abs_z,event_rate_per_sec,1,-0.11867905056759546,-0.32828391954575875
t1_k8_event_abs_z,event_rate_per_sec,2,-0.017543859649122806,-0.23373464203489533
t1_k8_event_abs_z,event_rate_per_sec,3,-0.11867905056759546,-0.3640882957960864
t1_k8_event_abs_z,event_rate_per_sec,4,-0.058823529411764705,-0.31668676799436096
t1_k8_event_abs_z,event_rate_per_sec,5,0.02786377708978328,-0.0465108786764288
t1_k8_event_abs_z,event_rate_per_sec,6,0.08359133126934984,0.13963870168123785
t1_k8_event_abs_z,event_rate_per_sec,7,-0.017543859649122806,-0.24567137336873984
t1_k8_event_abs_z,event_rate_per_sec,8,-0.0629514963880289,-0.2750878142792659
t1_k8_event_abs_z,event_rate_per_sec,9,-0.011351909184726523,-0.23373464203489533
t1_k8_event_abs_z,event_rate_per_sec,10,0.025799793601651185,0.11390804233656517
t1_k8_event_abs_z,event_rate_per_sec,11,-0.15170278637770898,-0.3640882957960864
t1_k8_event_abs_z,event_rate_per_sec,12,-0.009287925696594427,-0.1727468262643718
t1_k8_event_abs_z,event_rate_per_sec,13,-0.05263157894736842,-0.26935594326705836
t1_k8_event_abs_z,event_rate_per_sec,14,0.05056759545923633,0.13963870168123785
t1_k8_event_abs_z,event_rate_per_sec,15,-0.08771929824561403,-0.31668676799436096
t1_k8_event_abs_z,event_rate_per_sec,16,-0.02786377708978328,-0.24567137336873984
t1_k8_event_abs_z,event_rate_per_sec,17,0.02786377708978328,-0.0465108786764288
t1_k8_event_abs_z,event_rate_per_sec,18,0.021671826625386997,0.019441554583264967
t1_k8_event_abs_z,event_rate_per_sec,19,-0.07120743034055728,-0.2750878142792659
t1_k8_event_abs_z,median_prev_duration_sec,1,0.2085699813311351,0.9481421616977689
t1_k8_event_abs_z,median_prev_duration_sec,2,0.27878165821488354,1.154908868878505
t1_k8_event_abs_z,median_prev_duration_sec,3,0.11564276192617391,0.5731269127337065
t1_k8_event_abs_z,median_prev_duration_sec,4,0.11564276192617391,0.5731269127337065
t1_k8_event_abs_z,median_prev_duration_sec,5,0.27052146093444257,1.084754286538109
t1_k8_event_abs_z,median_prev_duration_sec,6,0.16726899492893013,0.706892298584459
t1_k8_event_abs_z,median_prev_duration_sec,7,0.24780591841322983,1.0458751012737506
t1_k8_event_abs_z,median_prev_duration_sec,8,0.26639136229422206,1.154908868878505
t1_k8_event_abs_z,median_prev_duration_sec,9,0.29530205277576554,1.154908868878505
t1_k8_event_abs_z,median_prev_duration_sec,10,0.1920495867702531,0.9887100755230583
t1_k8_event_abs_z,median_prev_duration_sec,11,0.18791948813003262,0.837000664834485
t1_k8_event_abs_z,median_prev_duration_sec,12,0.2436758197730093,1.084754286538109
t1_k8_event_abs_z,median_prev_duration_sec,13,0.23128552385234782,1.084754286538109
t1_k8_event_abs_z,median_prev_duration_sec,14,0.2631578947368421,1.062936326051346
t1_k8_event_abs_z,median_prev_duration_sec,15,0.09705731804518168,0.48004866901421955
t1_k8_event_abs_z,median_prev_duration_sec,16,0.2436758197730093,1.084754286538109
t1_k8_event_abs_z,median_prev_duration_sec,17,0.27465155957466303,1.196511277337501
t1_k8_event_abs_z,median_prev_duration_sec,18,0.24161077045289908,1.084754286538109
t1_k8_event_abs_z,median_prev_duration_sec,19,0.2631578947368421,1.062936326051346
t1_k8_event_abs_z,median_next_duration_sec,1,0.12099301990109881,0.7651290059466814
t1_k8_event_abs_z,median_next_duration_sec,2,0.05069856588180336,0.7119583112136807
t1_k8_event_abs_z,median_next_duration_sec,3,-0.08484249800628317,-0.4162495858801165
t1_k8_event_abs_z,median_next_duration_sec,4,0.07242652268829051,0.7148872145830183
t1_k8_event_abs_z,median_next_duration_sec,5,0.058975882760465136,0.6961646397219446
t1_k8_event_abs_z,median_next_duration_sec,6,0.020693292196654434,0.3782161559173808
t1_k8_event_abs_z,median_next_duration_sec,7,0.04862923666213792,0.6990935430912822
t1_k8_event_abs_z,median_next_duration_sec,8,0.1293330762290902,0.751421918648298
t1_k8_event_abs_z,median_next_duration_sec,9,0.07242652268829051,0.6990935430912822
t1_k8_event_abs_z,median_next_duration_sec,10,-0.0031023851256692003,0.35285817288096183
t1_k8_event_abs_z,median_next_duration_sec,11,-0.01033058402484183,0.3208162568974164
t1_k8_event_abs_z,median_next_duration_sec,12,0.06611573775898771,0.6540400884358426
t1_k8_event_abs_z,median_next_duration_sec,13,0.08277316878661774,0.6961646397219446
t1_k8_event_abs_z,median_next_duration_sec,14,-0.01033058402484183,0.3782161559173808
t1_k8_event_abs_z,median_next_duration_sec,15,0.14899170381591192,0.7872611801944188
t1_k8_event_abs_z,median_next_duration_sec,16,0.05069856588180336,0.6990935430912822
t1_k8_event_abs_z,median_next_duration_sec,17,0.06932252885879235,0.6990935430912822
t1_k8_event_abs_z,median_next_duration_sec,18,0.06311454119979602,0.6540400884358426
t1_k8_event_abs_z,median_next_duration_sec,19,-0.0620798765899633,-0.13899926982104038
t1_predefined_pass_fraction,ob_index_proxy,1,0.3976189534084645,0.0
t1_predefined_pass_fraction,ob_index_proxy,2,0.5774976081925178,0.0
t1_predefined_pass_fraction,ob_index_proxy,3,0.4210083036089624,0.0
t1_predefined_pass_fraction,ob_index_proxy,4,0.4188539082916955,0.0
t1_predefined_pass_fraction,ob_index_proxy,5,0.5363317909079188,0.0
t1_predefined_pass_fraction,ob_index_proxy,6,0.45178376439909124,0.0
t1_predefined_pass_fraction,ob_index_proxy,7,0.5092799681208966,0.0
t1_predefined_pass_fraction,ob_index_proxy,8,0.4800971883260098,0.0
t1_predefined_pass_fraction,ob_index_proxy,9,0.48222814533387437,0.0
t1_predefined_pass_fraction,ob_index_proxy,10,0.4653249671467479,0.0
t1_predefined_pass_fraction,ob_index_proxy,11,0.46693798462816616,0.0
t1_predefined_pass_fraction,ob_index_proxy,12,0.46693798462816616,0.0
t1_predefined_pass_fraction,ob_index_proxy,13,0.46693798462816616,0.0
t1_predefined_pass_fraction,ob_index_proxy,14,0.46693798462816616,0.0
t1_predefined_pass_fraction,ob_index_proxy,15,0.46693798462816616,0.0
t1_predefined_pass_fraction,ob_index_proxy,16,0.46693798462816616,0.0
t1_predefined_pass_fraction,ob_index_proxy,17,0.5613444048119499,0.0
t1_predefined_pass_fraction,ob_index_proxy,18,0.45164782392245795,0.0
t1_predefined_pass_fraction,ob_index_proxy,19,0.45164782392245795,0.0
t1_predefined_pass_fraction,early_ob_le_8,1,-0.4978355807507242,-0.7142857142857143
t1_predefined_pass_fraction,early_ob_le_8,2,-0.6383761518708718,-0.8461538461538461
t1_predefined_pass_fraction,early_ob_le_8,3,-0.4978355807507242,-0.7142857142857143
t1_predefined_pass_fraction,early_ob_le_8,4,-0.49820150184441486,-0.8461538461538461
t1_predefined_pass_fraction,early_ob_le_8,5,-0.6383761518708718,-0.8461538461538461
t1_predefined_pass_fraction,early_ob_le_8,6,-0.4978355807507242,-0.7032967032967032
t1_predefined_pass_fraction,early_ob_le_8,7,-0.6383761518708718,-0.8461538461538461
t1_predefined_pass_fraction,early_ob_le_8,8,-0.4978355807507242,-0.7032967032967032
t1_predefined_pass_fraction,early_ob_le_8,9,-0.5403305511977281,-0.7142857142857143
t1_predefined_pass_fraction,early_ob_le_8,10,-0.6040884930943369,-0.7142857142857143
t1_predefined_pass_fraction,early_ob_le_8,11,-0.5403305511977281,-0.7142857142857143
t1_predefined_pass_fraction,early_ob_le_8,12,-0.5403305511977281,-0.7142857142857143
t1_predefined_pass_fraction,early_ob_le_8,13,-0.5403305511977281,-0.7142857142857143
t1_predefined_pass_fraction,early_ob_le_8,14,-0.5403305511977281,-0.7142857142857143
t1_predefined_pass_fraction,early_ob_le_8,15,-0.5403305511977281,-0.7142857142857143
t1_predefined_pass_fraction,early_ob_le_8,16,-0.5403305511977281,-0.7142857142857143
t1_predefined_pass_fraction,early_ob_le_8,17,-0.6040884930943369,-0.7142857142857143
t1_predefined_pass_fraction,early_ob_le_8,18,-0.5403305511977281,-0.7142857142857143
t1_predefined_pass_fraction,early_ob_le_8,19,-0.5403305511977281,-0.7142857142857143
t1_predefined_pass_fraction,file_size_mb,1,0.06155092158025766,0.0
t1_predefined_pass_fraction,file_size_mb,2,-0.08233163456919806,0.0
t1_predefined_pass_fraction,file_size_mb,3,0.014772221179261838,0.0
t1_predefined_pass_fraction,file_size_mb,4,-0.05913231646470995,0.0
t1_predefined_pass_fraction,file_size_mb,5,0.01293782828944541,0.0
t1_predefined_pass_fraction,file_size_mb,6,-0.17972869101435238,0.0
t1_predefined_pass_fraction,file_size_mb,7,-0.059984476614701444,0.0
t1_predefined_pass_fraction,file_size_mb,8,-0.05908888471704735,0.0
t1_predefined_pass_fraction,file_size_mb,9,-0.03293265382767922,0.0
t1_predefined_pass_fraction,file_size_mb,10,0.017234258042472146,0.0
t1_predefined_pass_fraction,file_size_mb,11,0.02822798899515362,0.0
t1_predefined_pass_fraction,file_size_mb,12,-0.01411399449757681,0.0
t1_predefined_pass_fraction,file_size_mb,13,-0.059984476614701444,0.0
t1_predefined_pass_fraction,file_size_mb,14,-0.11996895322940289,0.0
t1_predefined_pass_fraction,file_size_mb,15,-0.01411399449757681,0.0
t1_predefined_pass_fraction,file_size_mb,16,-0.059984476614701444,0.0
t1_predefined_pass_fraction,file_size_mb,17,-0.10586758511804319,0.0
t1_predefined_pass_fraction,file_size_mb,18,-0.01411399449757681,0.0
t1_predefined_pass_fraction,file_size_mb,19,-0.08233163456919806,0.0
t1_predefined_pass_fraction,duration_sec,1,-0.027351888804264167,0.0
t1_predefined_pass_fraction,duration_sec,2,0.11403548570263376,0.0
t1_predefined_pass_fraction,duration_sec,3,0.009309819418786868,0.0
t1_predefined_pass_fraction,duration_sec,4,0.006211108239586079,0.0
t1_predefined_pass_fraction,duration_sec,5,0.09310088143386858,0.0
t1_predefined_pass_fraction,duration_sec,6,0.23236878764144367,0.0
t1_predefined_pass_fraction,duration_sec,7,0.13660500891461336,0.0
t1_predefined_pass_fraction,duration_sec,8,0.026730254967803617,0.0
t1_predefined_pass_fraction,duration_sec,9,0.13660500891461336,0.0
t1_predefined_pass_fraction,duration_sec,10,0.02548698729488252,0.0
t1_predefined_pass_fraction,duration_sec,11,0.029603403778114646,0.0
t1_predefined_pass_fraction,duration_sec,12,0.029603403778114646,0.0
t1_predefined_pass_fraction,duration_sec,13,0.029649962240085533,0.0
t1_predefined_pass_fraction,duration_sec,14,0.029649962240085533,0.0
t1_predefined_pass_fraction,duration_sec,15,0.029603403778114646,0.0
t1_predefined_pass_fraction,duration_sec,16,0.029603403778114646,0.0
t1_predefined_pass_fraction,duration_sec,17,0.12177615609016833,0.0
t1_predefined_pass_fraction,duration_sec,18,0.029649962240085533,0.0
t1_predefined_pass_fraction,duration_sec,19,-0.013066566070093452,0.0
t1_predefined_pass_fraction,n_frames,1,-0.029775804093361714,0.0
t1_predefined_pass_fraction,n_frames,2,0.11024003627381881,0.0
t1_predefined_pass_fraction,n_frames,3,0.01985053606224114,0.0
t1_predefined_pass_fraction,n_frames,4,-0.004966281670602985,0.0
t1_predefined_pass_fraction,n_frames,5,0.09127400852778547,0.0
t1_predefined_pass_fraction,n_frames,6,0.2281616144772961,0.0
t1_predefined_pass_fraction,n_frames,7,0.13276219422223343,0.0
t1_predefined_pass_fraction,n_frames,8,0.02295218232196632,0.0
t1_predefined_pass_fraction,n_frames,9,0.13276219422223343,0.0
t1_predefined_pass_fraction,n_frames,10,0.02171152381807625,0.0
t1_predefined_pass_fraction,n_frames,11,0.025996665765448936,0.0
t1_predefined_pass_fraction,n_frames,12,0.025996665765448936,0.0
t1_predefined_pass_fraction,n_frames,13,0.02603738100694422,0.0
t1_predefined_pass_fraction,n_frames,14,0.02603738100694422,0.0
t1_predefined_pass_fraction,n_frames,15,0.025996665765448936,0.0
t1_predefined_pass_fraction,n_frames,16,0.025996665765448936,0.0
t1_predefined_pass_fraction,n_frames,17,0.11780083356164744,0.0
t1_predefined_pass_fraction,n_frames,18,0.02603738100694422,0.0
t1_predefined_pass_fraction,n_frames,19,-0.01659527427777918,0.0
t1_predefined_pass_fraction,median_dt_sec,1,-0.10480749068436299,nan
t1_predefined_pass_fraction,median_dt_sec,2,-0.22530923007207243,nan
t1_predefined_pass_fraction,median_dt_sec,3,-0.10480749068436299,nan
t1_predefined_pass_fraction,median_dt_sec,4,-0.10488452670408734,nan
t1_predefined_pass_fraction,median_dt_sec,5,-0.22530923007207243,nan
t1_predefined_pass_fraction,median_dt_sec,6,-0.29561777321637767,nan
t1_predefined_pass_fraction,median_dt_sec,7,-0.22530923007207243,nan
t1_predefined_pass_fraction,median_dt_sec,8,-0.29561777321637767,nan
t1_predefined_pass_fraction,median_dt_sec,9,-0.22530923007207243,nan
t1_predefined_pass_fraction,median_dt_sec,10,-0.11790842701990836,nan
t1_predefined_pass_fraction,median_dt_sec,11,-0.13508263779943203,nan
t1_predefined_pass_fraction,median_dt_sec,12,-0.13508263779943203,nan
t1_predefined_pass_fraction,median_dt_sec,13,-0.13508263779943203,nan
t1_predefined_pass_fraction,median_dt_sec,14,-0.13508263779943203,nan
t1_predefined_pass_fraction,median_dt_sec,15,-0.13508263779943203,nan
t1_predefined_pass_fraction,median_dt_sec,16,-0.13508263779943203,nan
t1_predefined_pass_fraction,median_dt_sec,17,-0.2056471465853062,nan
t1_predefined_pass_fraction,median_dt_sec,18,-0.13508263779943203,nan
t1_predefined_pass_fraction,median_dt_sec,19,-0.13508263779943203,nan
t1_predefined_pass_fraction,unique_ids,1,-0.014772221179261838,0.0
t1_predefined_pass_fraction,unique_ids,2,-0.18465809467662994,0.0
t1_predefined_pass_fraction,unique_ids,3,-0.014772221179261838,0.0
t1_predefined_pass_fraction,unique_ids,4,-0.11580078641005699,0.0
t1_predefined_pass_fraction,unique_ids,5,-0.05175131315778164,0.0
t1_predefined_pass_fraction,unique_ids,6,-0.2449726678894255,0.0
t1_predefined_pass_fraction,unique_ids,7,-0.12467361806192849,0.0
t1_predefined_pass_fraction,unique_ids,8,-0.039392589811364905,0.0
t1_predefined_pass_fraction,unique_ids,9,-0.09762179527490628,0.0
t1_predefined_pass_fraction,unique_ids,10,-0.048009718832600974,0.0
t1_predefined_pass_fraction,unique_ids,11,-0.05175131315778164,0.0
t1_predefined_pass_fraction,unique_ids,12,-0.09762179527490628,0.0
t1_predefined_pass_fraction,unique_ids,13,-0.07880313594480386,0.0
t1_predefined_pass_fraction,unique_ids,14,-0.18465809467662994,0.0
t1_predefined_pass_fraction,unique_ids,15,-0.07880313594480386,0.0
t1_predefined_pass_fraction,unique_ids,16,-0.09762179527490628,0.0
t1_predefined_pass_fraction,unique_ids,17,-0.18342174630916783,0.0
t1_predefined_pass_fraction,unique_ids,18,-0.07880313594480386,0.0
t1_predefined_pass_fraction,unique_ids,19,-0.09762179527490628,0.0
t1_predefined_pass_fraction,median_individuals_per_frame,1,0.07270515734258787,0.0
t1_predefined_pass_fraction,median_individuals_per_frame,2,-0.093601859787797,0.0
t1_predefined_pass_fraction,median_individuals_per_frame,3,-0.027110397653168358,0.0
t1_predefined_pass_fraction,median_individuals_per_frame,4,-0.04069548666863179,0.0
t1_predefined_pass_fraction,median_individuals_per_frame,5,-0.025313710508649504,0.0
t1_predefined_pass_fraction,median_individuals_per_frame,6,-0.2248930714410557,0.0
t1_predefined_pass_fraction,median_individuals_per_frame,7,-0.093601859787797,0.0
t1_predefined_pass_fraction,median_individuals_per_frame,8,-0.09730067580379313,0.0
t1_predefined_pass_fraction,median_individuals_per_frame,9,-0.093601859787797,0.0
t1_predefined_pass_fraction,median_individuals_per_frame,10,0.029574979258001843,0.0
t1_predefined_pass_fraction,median_individuals_per_frame,11,0.017072037319786876,0.0
t1_predefined_pass_fraction,median_individuals_per_frame,12,-0.025300631866335684,0.0
t1_predefined_pass_fraction,median_individuals_per_frame,13,-0.03883352798088733,0.0
t1_predefined_pass_fraction,median_individuals_per_frame,14,-0.093601859787797,0.0
t1_predefined_pass_fraction,median_individuals_per_frame,15,-0.025313710508649504,0.0
t1_predefined_pass_fraction,median_individuals_per_frame,16,-0.07123160398945558,0.0
t1_predefined_pass_fraction,median_individuals_per_frame,17,-0.11583533542717389,0.0
t1_predefined_pass_fraction,median_individuals_per_frame,18,-0.025300631866335684,0.0
t1_predefined_pass_fraction,median_individuals_per_frame,19,-0.05239349384348386,0.0
t1_predefined_pass_fraction,q10_individuals_per_frame,1,0.025918342335299237,0.0
t1_predefined_pass_fraction,q10_individuals_per_frame,2,-0.14209510465443922,0.0
t1_predefined_pass_fraction,q10_individuals_per_frame,3,-0.062295139900298044,0.0
t1_predefined_pass_fraction,q10_individuals_per_frame,4,-0.09752343242518818,0.0
t1_predefined_pass_fraction,q10_individuals_per_frame,5,-0.07370078042242698,0.0
t1_predefined_pass_fraction,q10_individuals_per_frame,6,-0.21845459968323644,0.0
t1_predefined_pass_fraction,q10_individuals_per_frame,7,-0.14209510465443922,0.0
t1_predefined_pass_fraction,q10_individuals_per_frame,8,-0.14741127164525972,0.0
t1_predefined_pass_fraction,q10_individuals_per_frame,9,-0.13082474845841272,0.0
t1_predefined_pass_fraction,q10_individuals_per_frame,10,-0.018513101668070884,0.0
t1_predefined_pass_fraction,q10_individuals_per_frame,11,-0.03889384413628486,0.0
t1_predefined_pass_fraction,q10_individuals_per_frame,12,-0.04655475282979552,0.0
t1_predefined_pass_fraction,q10_individuals_per_frame,13,-0.08721649897227515,0.0
t1_predefined_pass_fraction,q10_individuals_per_frame,14,-0.14209510465443922,0.0
t1_predefined_pass_fraction,q10_individuals_per_frame,15,-0.07370078042242698,0.0
t1_predefined_pass_fraction,q10_individuals_per_frame,16,-0.11969006740602141,0.0
t1_predefined_pass_fraction,q10_individuals_per_frame,17,-0.17208261418003123,0.0
t1_predefined_pass_fraction,q10_individuals_per_frame,18,-0.04655475282979552,0.0
t1_predefined_pass_fraction,q10_individuals_per_frame,19,-0.11019922505280712,0.0
t1_predefined_pass_fraction,q90_individuals_per_frame,1,0.11601543711991087,0.0
t1_predefined_pass_fraction,q90_individuals_per_frame,2,-0.05365416814752684,0.0
t1_predefined_pass_fraction,q90_individuals_per_frame,3,0.0160446881123281,0.0
t1_predefined_pass_fraction,q90_individuals_per_frame,4,-0.01852670924188024,0.0
t1_predefined_pass_fraction,q90_individuals_per_frame,5,0.014740156084485395,0.0
t1_predefined_pass_fraction,q90_individuals_per_frame,6,-0.18142839634709465,0.0
t1_predefined_pass_fraction,q90_individuals_per_frame,7,-0.05365416814752684,0.0
t1_predefined_pass_fraction,q90_individuals_per_frame,8,-0.06788137278292658,0.0
t1_predefined_pass_fraction,q90_individuals_per_frame,9,-0.05365416814752684,0.0
t1_predefined_pass_fraction,q90_individuals_per_frame,10,0.06973268294973366,0.0
t1_predefined_pass_fraction,q90_individuals_per_frame,11,0.04950125617345347,0.0
t1_predefined_pass_fraction,q90_individuals_per_frame,12,0.014717273551540408,0.0
t1_predefined_pass_fraction,q90_individuals_per_frame,13,-0.012381731110967732,0.0
t1_predefined_pass_fraction,q90_individuals_per_frame,14,-0.05365416814752684,0.0
t1_predefined_pass_fraction,q90_individuals_per_frame,15,0.014717273551540408,0.0
t1_predefined_pass_fraction,q90_individuals_per_frame,16,-0.031249130899109037,0.0
t1_predefined_pass_fraction,q90_individuals_per_frame,17,-0.0838825646182231,0.0
t1_predefined_pass_fraction,q90_individuals_per_frame,18,0.014717273551540408,0.0
t1_predefined_pass_fraction,q90_individuals_per_frame,19,-0.031249130899109037,0.0
t1_predefined_pass_fraction,median_track_length_frames,1,0.15757035924545962,0.0
t1_predefined_pass_fraction,median_track_length_frames,2,0.1411399449757681,0.0
t1_predefined_pass_fraction,median_track_length_frames,3,-0.006155092158025766,0.0
t1_predefined_pass_fraction,median_track_length_frames,4,0.009855386077451659,0.0
t1_predefined_pass_fraction,median_track_length_frames,5,0.1411399449757681,0.0
t1_predefined_pass_fraction,median_track_length_frames,6,0.3237578475121553,0.0
t1_predefined_pass_fraction,median_track_length_frames,7,0.1411399449757681,0.0
t1_predefined_pass_fraction,median_track_length_frames,8,-0.03446851608494429,0.0
t1_predefined_pass_fraction,median_track_length_frames,9,0.1411399449757681,0.0
t1_predefined_pass_fraction,median_track_length_frames,10,0.1317189721817514,0.0
t1_predefined_pass_fraction,median_track_length_frames,11,0.1411399449757681,0.0
t1_predefined_pass_fraction,median_track_length_frames,12,0.10350262631556328,0.0
t1_predefined_pass_fraction,median_track_length_frames,13,0.10350262631556328,0.0
t1_predefined_pass_fraction,median_track_length_frames,14,0.1411399449757681,0.0
t1_predefined_pass_fraction,median_track_length_frames,15,0.10350262631556328,0.0
t1_predefined_pass_fraction,median_track_length_frames,16,0.10350262631556328,0.0
t1_predefined_pass_fraction,median_track_length_frames,17,0.20065600435163997,0.0
t1_predefined_pass_fraction,median_track_length_frames,18,0.1411399449757681,0.0
t1_predefined_pass_fraction,median_track_length_frames,19,0.10350262631556328,0.0
t1_predefined_pass_fraction,median_track_span_sec,1,0.15757035924545962,0.0
t1_predefined_pass_fraction,median_track_span_sec,2,0.1411399449757681,0.0
t1_predefined_pass_fraction,median_track_span_sec,3,-0.006155092158025766,0.0
t1_predefined_pass_fraction,median_track_span_sec,4,0.009855386077451659,0.0
t1_predefined_pass_fraction,median_track_span_sec,5,0.1411399449757681,0.0
t1_predefined_pass_fraction,median_track_span_sec,6,0.3237578475121553,0.0
t1_predefined_pass_fraction,median_track_span_sec,7,0.1411399449757681,0.0
t1_predefined_pass_fraction,median_track_span_sec,8,-0.03446851608494429,0.0
t1_predefined_pass_fraction,median_track_span_sec,9,0.1411399449757681,0.0
t1_predefined_pass_fraction,median_track_span_sec,10,0.1317189721817514,0.0
t1_predefined_pass_fraction,median_track_span_sec,11,0.1411399449757681,0.0
t1_predefined_pass_fraction,median_track_span_sec,12,0.10350262631556328,0.0
t1_predefined_pass_fraction,median_track_span_sec,13,0.10350262631556328,0.0
t1_predefined_pass_fraction,median_track_span_sec,14,0.1411399449757681,0.0
t1_predefined_pass_fraction,median_track_span_sec,15,0.10350262631556328,0.0
t1_predefined_pass_fraction,median_track_span_sec,16,0.10350262631556328,0.0
t1_predefined_pass_fraction,median_track_span_sec,17,0.20065600435163997,0.0
t1_predefined_pass_fraction,median_track_span_sec,18,0.1411399449757681,0.0
t1_predefined_pass_fraction,median_track_span_sec,19,0.10350262631556328,0.0
t1_predefined_pass_fraction,track_continuity_fraction,1,nan,nan
t1_predefined_pass_fraction,track_continuity_fraction,2,nan,nan
t1_predefined_pass_fraction,track_continuity_fraction,3,nan,nan
t1_predefined_pass_fraction,track_continuity_fraction,4,nan,nan
t1_predefined_pass_fraction,track_continuity_fraction,5,nan,nan
t1_predefined_pass_fraction,track_continuity_fraction,6,nan,nan
t1_predefined_pass_fraction,track_continuity_fraction,7,nan,nan
t1_predefined_pass_fraction,track_continuity_fraction,8,nan,nan
t1_predefined_pass_fraction,track_continuity_fraction,9,nan,nan
t1_predefined_pass_fraction,track_continuity_fraction,10,nan,nan
t1_predefined_pass_fraction,track_continuity_fraction,11,nan,nan
t1_predefined_pass_fraction,track_continuity_fraction,12,nan,nan
t1_predefined_pass_fraction,track_continuity_fraction,13,nan,nan
t1_predefined_pass_fraction,track_continuity_fraction,14,nan,nan
t1_predefined_pass_fraction,track_continuity_fraction,15,nan,nan
t1_predefined_pass_fraction,track_continuity_fraction,16,nan,nan
t1_predefined_pass_fraction,track_continuity_fraction,17,nan,nan
t1_predefined_pass_fraction,track_continuity_fraction,18,nan,nan
t1_predefined_pass_fraction,track_continuity_fraction,19,nan,nan
t1_predefined_pass_fraction,median_raw_speed,1,0.46286293028353764,0.0
t1_predefined_pass_fraction,median_raw_speed,2,0.3528498624394203,0.0
t1_predefined_pass_fraction,median_raw_speed,3,0.26959303652152855,0.0
t1_predefined_pass_fraction,median_raw_speed,4,0.24638465193629147,0.0
t1_predefined_pass_fraction,median_raw_speed,5,0.4022488431809391,0.0
t1_predefined_pass_fraction,median_raw_speed,6,0.19942498592003483,0.0
t1_predefined_pass_fraction,median_raw_speed,7,0.3528498624394203,0.0
t1_predefined_pass_fraction,median_raw_speed,8,0.23512452043658427,0.0
t1_predefined_pass_fraction,median_raw_speed,9,0.3375597017337121,0.0
t1_predefined_pass_fraction,median_raw_speed,10,0.369305529481546,0.0
t1_predefined_pass_fraction,median_raw_speed,11,0.3751970203939169,0.0
t1_predefined_pass_fraction,median_raw_speed,12,0.2999223830735072,0.0
t1_predefined_pass_fraction,median_raw_speed,13,0.3375597017337121,0.0
t1_predefined_pass_fraction,median_raw_speed,14,0.3528498624394203,0.0
t1_predefined_pass_fraction,median_raw_speed,15,0.3528498624394203,0.0
t1_predefined_pass_fraction,median_raw_speed,16,0.3528498624394203,0.0
t1_predefined_pass_fraction,median_raw_speed,17,0.41116015615612117,0.0
t1_predefined_pass_fraction,median_raw_speed,18,0.3375597017337121,0.0
t1_predefined_pass_fraction,median_raw_speed,19,0.2999223830735072,0.0
t1_predefined_pass_fraction,q95_raw_speed,1,0.4283944141985933,0.0
t1_predefined_pass_fraction,q95_raw_speed,2,0.3187410424036096,0.0
t1_predefined_pass_fraction,q95_raw_speed,3,0.23512452043658427,0.0
t1_predefined_pass_fraction,q95_raw_speed,4,0.2537761914943802,0.0
t1_predefined_pass_fraction,q95_raw_speed,5,0.3869586824752309,0.0
t1_predefined_pass_fraction,q95_raw_speed,6,0.16372545140348538,0.0
t1_predefined_pass_fraction,q95_raw_speed,7,0.3187410424036096,0.0
t1_predefined_pass_fraction,q95_raw_speed,8,0.22773840984695334,0.0
t1_predefined_pass_fraction,q95_raw_speed,9,0.3034508816979014,0.0
t1_predefined_pass_fraction,q95_raw_speed,10,0.305292571038078,0.0
t1_predefined_pass_fraction,q95_raw_speed,11,0.3869586824752309,0.0
t1_predefined_pass_fraction,q95_raw_speed,12,0.3034508816979014,0.0
t1_predefined_pass_fraction,q95_raw_speed,13,0.3187410424036096,0.0
t1_predefined_pass_fraction,q95_raw_speed,14,0.3034508816979014,0.0
t1_predefined_pass_fraction,q95_raw_speed,15,0.3034508816979014,0.0
t1_predefined_pass_fraction,q95_raw_speed,16,0.3034508816979014,0.0
t1_predefined_pass_fraction,q95_raw_speed,17,0.3791536769343872,0.0
t1_predefined_pass_fraction,q95_raw_speed,18,0.2658135630376966,0.0
t1_predefined_pass_fraction,q95_raw_speed,19,0.2658135630376966,0.0
t1_predefined_pass_fraction,median_swarm_radius,1,0.3557643267338893,0.0
t1_predefined_pass_fraction,median_swarm_radius,2,0.16113477051400193,0.0
t1_predefined_pass_fraction,median_swarm_radius,3,0.16249443297188024,0.0
t1_predefined_pass_fraction,median_swarm_radius,4,0.1355115585649603,0.0
t1_predefined_pass_fraction,median_swarm_radius,5,0.2599327319970396,0.0
t1_predefined_pass_fraction,median_swarm_radius,6,0.05662684785383705,0.0
t1_predefined_pass_fraction,median_swarm_radius,7,0.16113477051400193,0.0
t1_predefined_pass_fraction,median_swarm_radius,8,0.12063980629730502,0.0
t1_predefined_pass_fraction,median_swarm_radius,9,0.17642493121971015,0.0
t1_predefined_pass_fraction,median_swarm_radius,10,0.24620368632103065,0.0
t1_predefined_pass_fraction,median_swarm_radius,11,0.2869845547840618,0.0
t1_predefined_pass_fraction,median_swarm_radius,12,0.17642493121971015,0.0
t1_predefined_pass_fraction,median_swarm_radius,13,0.17642493121971015,0.0
t1_predefined_pass_fraction,median_swarm_radius,14,0.16113477051400193,0.0
t1_predefined_pass_fraction,median_swarm_radius,15,0.17642493121971015,0.0
t1_predefined_pass_fraction,median_swarm_radius,16,0.21406224987991496,0.0
t1_predefined_pass_fraction,median_swarm_radius,17,0.17234258042472145,0.0
t1_predefined_pass_fraction,median_swarm_radius,18,0.24111407266693718,0.0
t1_predefined_pass_fraction,median_swarm_radius,19,0.17642493121971015,0.0
t1_predefined_pass_fraction,q90_swarm_radius,1,0.16249443297188024,0.0
t1_predefined_pass_fraction,q90_swarm_radius,2,-0.02822798899515362,0.0
t1_predefined_pass_fraction,q90_swarm_radius,3,0.06278194001186281,0.0
t1_predefined_pass_fraction,q90_swarm_radius,4,0.0344938512710808,0.0
t1_predefined_pass_fraction,q90_swarm_radius,5,0.09291713044238067,0.0
t1_predefined_pass_fraction,q90_swarm_radius,6,-0.14895323022422355,0.0
t1_predefined_pass_fraction,q90_swarm_radius,7,-0.005880831040657004,0.0
t1_predefined_pass_fraction,q90_swarm_radius,8,0.06770601373828343,0.0
t1_predefined_pass_fraction,q90_swarm_radius,9,0.058808310406570044,0.0
t1_predefined_pass_fraction,q90_swarm_radius,10,0.05170277412741644,0.0
t1_predefined_pass_fraction,q90_swarm_radius,11,0.09291713044238067,0.0
t1_predefined_pass_fraction,q90_swarm_radius,12,0.09291713044238067,0.0
t1_predefined_pass_fraction,q90_swarm_radius,13,0.09291713044238067,0.0
t1_predefined_pass_fraction,q90_swarm_radius,14,-0.005880831040657004,0.0
t1_predefined_pass_fraction,q90_swarm_radius,15,-0.005880831040657004,0.0
t1_predefined_pass_fraction,q90_swarm_radius,16,0.058808310406570044,0.0
t1_predefined_pass_fraction,q90_swarm_radius,17,0.023389350200497913,0.0
t1_predefined_pass_fraction,q90_swarm_radius,18,0.07762696973667246,0.0
t1_predefined_pass_fraction,q90_swarm_radius,19,-0.005880831040657004,0.0
t1_predefined_pass_fraction,swarm_radius_cv,1,-0.029544442358523677,0.0
t1_predefined_pass_fraction,swarm_radius_cv,2,0.1329067815188483,0.0
t1_predefined_pass_fraction,swarm_radius_cv,3,0.023389350200497913,0.0
t1_predefined_pass_fraction,swarm_radius_cv,4,0.12319232596814574,0.0
t1_predefined_pass_fraction,swarm_radius_cv,5,0.06468914144722705,0.0
t1_predefined_pass_fraction,swarm_radius_cv,6,0.2523587784790564,0.0
t1_predefined_pass_fraction,swarm_radius_cv,7,0.1329067815188483,0.0
t1_predefined_pass_fraction,swarm_radius_cv,8,0.15633934081385445,0.0
t1_predefined_pass_fraction,swarm_radius_cv,9,0.11055962356435169,0.0
t1_predefined_pass_fraction,swarm_radius_cv,10,0.012310184316051532,0.0
t1_predefined_pass_fraction,swarm_radius_cv,11,0.022347157954496617,0.0
t1_predefined_pass_fraction,swarm_radius_cv,12,0.06468914144722705,0.0
t1_predefined_pass_fraction,swarm_radius_cv,13,0.11055962356435169,0.0
t1_predefined_pass_fraction,swarm_radius_cv,14,0.11055962356435169,0.0
t1_predefined_pass_fraction,swarm_radius_cv,15,0.049398980741518835,0.0
t1_predefined_pass_fraction,swarm_radius_cv,16,0.11055962356435169,0.0
t1_predefined_pass_fraction,swarm_radius_cv,17,0.136643045908172,0.0
t1_predefined_pass_fraction,swarm_radius_cv,18,0.022347157954496617,0.0
t1_predefined_pass_fraction,swarm_radius_cv,19,0.11055962356435169,0.0
t1_predefined_pass_fraction,n_events,1,0.050523922899086485,0.0
t1_predefined_pass_fraction,n_events,2,0.19309062899621016,0.0
t1_predefined_pass_fraction,n_events,3,0.10351242740300645,0.0
t1_predefined_pass_fraction,n_events,4,0.14058440849163711,0.0
t1_predefined_pass_fraction,n_events,5,0.14717273551540408,0.0
t1_predefined_pass_fraction,n_events,6,0.32594091723922863,0.0
t1_predefined_pass_fraction,n_events,7,0.2307668492881536,0.0
t1_predefined_pass_fraction,n_events,8,0.16996826912561333,0.0
t1_predefined_pass_fraction,n_events,9,0.22299859249630755,0.0
t1_predefined_pass_fraction,n_events,10,0.1145438335411742,0.0
t1_predefined_pass_fraction,n_events,11,0.12009295218056974,0.0
t1_predefined_pass_fraction,n_events,12,0.14717273551540408,0.0
t1_predefined_pass_fraction,n_events,13,0.14717273551540408,0.0
t1_predefined_pass_fraction,n_events,14,0.19309062899621016,0.0
t1_predefined_pass_fraction,n_events,15,0.14717273551540408,0.0
t1_predefined_pass_fraction,n_events,16,0.16062959301185215,0.0
t1_predefined_pass_fraction,n_events,17,0.23598368866280636,0.0
t1_predefined_pass_fraction,n_events,18,0.14717273551540408,0.0
t1_predefined_pass_fraction,n_events,19,0.10478698768696772,0.0
t1_predefined_pass_fraction,event_rate_per_sec,1,0.06893703216988858,0.0
t1_predefined_pass_fraction,event_rate_per_sec,2,0.17995342984410434,0.0
t1_predefined_pass_fraction,event_rate_per_sec,3,0.06893703216988858,0.0
t1_predefined_pass_fraction,event_rate_per_sec,4,0.13058386552623447,0.0
t1_predefined_pass_fraction,event_rate_per_sec,5,0.09174096423424927,0.0
t1_predefined_pass_fraction,event_rate_per_sec,6,0.3126786816277089,0.0
t1_predefined_pass_fraction,event_rate_per_sec,7,0.17995342984410434,0.0
t1_predefined_pass_fraction,event_rate_per_sec,8,0.1711115619931163,0.0
t1_predefined_pass_fraction,event_rate_per_sec,9,0.17995342984410434,0.0
t1_predefined_pass_fraction,event_rate_per_sec,10,0.10094351139162257,0.0
t1_predefined_pass_fraction,event_rate_per_sec,11,0.10703112493995748,0.0
t1_predefined_pass_fraction,event_rate_per_sec,12,0.1340829477269797,0.0
t1_predefined_pass_fraction,event_rate_per_sec,13,0.1340829477269797,0.0
t1_predefined_pass_fraction,event_rate_per_sec,14,0.23993790645880578,0.0
t1_predefined_pass_fraction,event_rate_per_sec,15,0.1340829477269797,0.0
t1_predefined_pass_fraction,event_rate_per_sec,16,0.16113477051400193,0.0
t1_predefined_pass_fraction,event_rate_per_sec,17,0.2240453545521379,0.0
t1_predefined_pass_fraction,event_rate_per_sec,18,0.1340829477269797,0.0
t1_predefined_pass_fraction,event_rate_per_sec,19,0.1340829477269797,0.0
t1_predefined_pass_fraction,median_prev_duration_sec,1,0.02586473660607159,0.0
t1_predefined_pass_fraction,median_prev_duration_sec,2,0.11297026321712678,0.0
t1_predefined_pass_fraction,median_prev_duration_sec,3,-0.08991075105920125,0.0
t1_predefined_pass_fraction,median_prev_duration_sec,4,-0.08134892168199606,0.0
t1_predefined_pass_fraction,median_prev_duration_sec,5,0.022358697928389674,0.0
t1_predefined_pass_fraction,median_prev_duration_sec,6,-0.05296112733624184,0.0
t1_predefined_pass_fraction,median_prev_duration_sec,7,-0.004707094300713616,0.0
t1_predefined_pass_fraction,median_prev_duration_sec,8,0.14903014901593634,0.0
t1_predefined_pass_fraction,median_prev_duration_sec,9,0.07178318808588265,0.0
t1_predefined_pass_fraction,median_prev_duration_sec,10,0.10099563817608907,0.0
t1_predefined_pass_fraction,median_prev_duration_sec,11,0.022358697928389674,0.0
t1_predefined_pass_fraction,median_prev_duration_sec,12,0.022358697928389674,0.0
t1_predefined_pass_fraction,median_prev_duration_sec,13,0.022358697928389674,0.0
t1_predefined_pass_fraction,median_prev_duration_sec,14,0.04469431590899323,0.0
t1_predefined_pass_fraction,median_prev_duration_sec,15,-0.020005150778032867,0.0
t1_predefined_pass_fraction,median_prev_duration_sec,16,0.07178318808588265,0.0
t1_predefined_pass_fraction,median_prev_duration_sec,17,0.08498413456280667,0.0
t1_predefined_pass_fraction,median_prev_duration_sec,18,0.04471739585677935,0.0
t1_predefined_pass_fraction,median_prev_duration_sec,19,0.04469431590899323,0.0
t1_predefined_pass_fraction,median_next_duration_sec,1,-0.13692595106798183,0.0
t1_predefined_pass_fraction,median_next_duration_sec,2,-0.19221163534168956,0.0
t1_predefined_pass_fraction,median_next_duration_sec,3,-0.4029685129750096,0.0
t1_predefined_pass_fraction,median_next_duration_sec,4,-0.2198502830036455,0.0
t1_predefined_pass_fraction,median_next_duration_sec,5,-0.19221163534168956,0.0
t1_predefined_pass_fraction,median_next_duration_sec,6,-0.27769652502106323,0.0
t1_predefined_pass_fraction,median_next_duration_sec,7,-0.19221163534168956,0.0
t1_predefined_pass_fraction,median_next_duration_sec,8,-0.10243916256332555,0.0
t1_predefined_pass_fraction,median_next_duration_sec,9,-0.2193335225371427,0.0
t1_predefined_pass_fraction,median_next_duration_sec,10,-0.1726993977434005,0.0
t1_predefined_pass_fraction,median_next_duration_sec,11,-0.253137105086495,0.0
t1_predefined_pass_fraction,median_next_duration_sec,12,-0.253137105086495,0.0
t1_predefined_pass_fraction,median_next_duration_sec,13,-0.19221163534168956,0.0
t1_predefined_pass_fraction,median_next_duration_sec,14,-0.253137105086495,0.0
t1_predefined_pass_fraction,median_next_duration_sec,15,-0.19221163534168956,0.0
t1_predefined_pass_fraction,median_next_duration_sec,16,-0.19221163534168956,0.0
t1_predefined_pass_fraction,median_next_duration_sec,17,-0.23141377085088605,0.0
t1_predefined_pass_fraction,median_next_duration_sec,18,-0.23466328486500748,0.0
t1_predefined_pass_fraction,median_next_duration_sec,19,-0.31838737142488455,0.0
