ob,dataset,shuffle_rep,n_selected_pairs,sufficient_pairs,median_signed_axis_delta_A_z,median_abs_signed_axis_delta_A_z,median_abs_delta_A_z
1,Ob1.txt,0,3304,True,0.03188044626701271,0.03188044626701271,0.9388883789780462
1,Ob1.txt,1,3254,True,-0.015305141185029209,0.015305141185029209,0.9066085667499431
1,Ob1.txt,2,3271,True,-0.011183021435438978,0.011183021435438978,0.947666221386302
1,Ob1.txt,3,3326,True,-0.0155074625105312,0.0155074625105312,0.9324797989397269
1,Ob1.txt,4,3268,True,0.022369536333497496,0.022369536333497496,0.9582871879538026
1,Ob1.txt,5,3326,True,0.10854099477617801,0.10854099477617801,0.9331212816996017
1,Ob1.txt,6,3258,True,0.10043191977039179,0.10043191977039179,0.9282267513466975
1,Ob1.txt,7,3309,True,-0.03182619141039433,0.03182619141039433,0.953283740012718
1,Ob1.txt,8,3286,True,-0.029019979181367814,0.029019979181367814,0.9594615806672594
1,Ob1.txt,9,3305,True,0.12626374903605303,0.12626374903605303,0.9246446576559446
1,Ob1.txt,10,3274,True,-0.059142498691198864,0.059142498691198864,0.9473727412433084
1,Ob1.txt,11,3295,True,0.0529834211711869,0.0529834211711869,0.9388877181611902
1,Ob1.txt,12,3258,True,0.11172104126771198,0.11172104126771198,0.9677617630314572
1,Ob1.txt,13,3251,True,0.01934307330256796,0.01934307330256796,0.9390321843417739
1,Ob1.txt,14,3288,True,0.015476719186828858,0.015476719186828858,0.9590506298558499
1,Ob1.txt,15,3303,True,0.11413698838195072,0.11413698838195072,0.9205411981009806
1,Ob1.txt,16,3313,True,-0.01934307330256796,0.01934307330256796,0.9295028347277902
1,Ob1.txt,17,3290,True,-0.006850457811216737,0.006850457811216737,0.9354414656086101
1,Ob1.txt,18,3286,True,-0.023186468718333825,0.023186468718333825,0.9266514778543636
1,Ob1.txt,19,3324,True,0.12059916425135034,0.12059916425135034,0.984884070268689
1,Ob1.txt,20,3322,True,0.004132129964466241,0.004132129964466241,0.9330831027479527
1,Ob1.txt,21,3284,True,0.015227809632783751,0.015227809632783751,0.9320528290434087
1,Ob1.txt,22,3311,True,-0.017722719923143337,0.017722719923143337,0.9254120547148789
1,Ob1.txt,23,3219,True,-0.08087352133129855,0.08087352133129855,0.9265536049094973
1,Ob1.txt,24,3306,True,0.00041541596079579246,0.00041541596079579246,0.9252940930634668
1,Ob1.txt,25,3278,True,-0.04535520081551153,0.04535520081551153,0.9345278015014278
1,Ob1.txt,26,3300,True,0.06235969731882059,0.06235969731882059,0.9634029834086841
1,Ob1.txt,27,3275,True,-0.1085754231236507,0.1085754231236507,0.9320391716748448
1,Ob1.txt,28,3262,True,0.030583232997461907,0.030583232997461907,0.9514569139856077
1,Ob1.txt,29,3349,True,-0.05416179660235851,0.05416179660235851,0.9188545698420816
1,Ob1.txt,30,3315,True,0.09071075348227065,0.09071075348227065,0.9664989227133615
1,Ob1.txt,31,3241,True,0.12282588126033622,0.12282588126033622,0.953283740012718
1,Ob1.txt,32,3269,True,-0.1182789551996892,0.1182789551996892,0.9415500596429975
1,Ob1.txt,33,3299,True,-0.08087352133129855,0.08087352133129855,0.9390321843417739
1,Ob1.txt,34,3287,True,-0.085830212207465,0.085830212207465,0.9547171862050362
1,Ob1.txt,35,3293,True,-0.10938249849915599,0.10938249849915599,0.9509345397255735
1,Ob1.txt,36,3261,True,0.062368877998324135,0.062368877998324135,0.9333031764231625
1,Ob1.txt,37,3293,True,0.009920287709848874,0.009920287709848874,0.9580603392353773
1,Ob1.txt,38,3272,True,-0.10377735398557628,0.10377735398557628,0.9523028139626252
1,Ob1.txt,39,3322,True,-0.11962035767946413,0.11962035767946413,0.9420871711331062
1,Ob1.txt,40,3314,True,0.06591942947509064,0.06591942947509064,0.9287457966334369
1,Ob1.txt,41,3293,True,0.02207451523029208,0.02207451523029208,0.9479329323028048
1,Ob1.txt,42,3265,True,-0.051824515619028594,0.051824515619028594,0.9390321843417739
1,Ob1.txt,43,3308,True,-0.14705822199235025,0.14705822199235025,0.9432388083105394
1,Ob1.txt,44,3286,True,0.011766933093284568,0.011766933093284568,0.936884374222027
1,Ob1.txt,45,3295,True,-0.01872750490421171,0.01872750490421171,0.9253510794763844
1,Ob1.txt,46,3256,True,-0.034947483791761845,0.034947483791761845,0.9331321503518695
1,Ob1.txt,47,3247,True,-0.0870521076913653,0.0870521076913653,0.9545832551218695
1,Ob1.txt,48,3285,True,-0.003544226292306607,0.003544226292306607,0.9491090196876711
1,Ob1.txt,49,3327,True,0.046406392625598314,0.046406392625598314,0.9369144087386306
1,Ob1.txt,50,3312,True,-0.060267970134658476,0.060267970134658476,0.9624656362905698
1,Ob1.txt,51,3307,True,0.047850781266782993,0.047850781266782993,0.9295028347277902
1,Ob1.txt,52,3305,True,0.033305071163238,0.033305071163238,0.9402017071569619
1,Ob1.txt,53,3319,True,0.05021470860498792,0.05021470860498792,0.9797563475694359
1,Ob1.txt,54,3263,True,-0.1045954640256607,0.1045954640256607,0.9267493507992299
1,Ob1.txt,55,3342,True,-0.08421406326982109,0.08421406326982109,0.9272583668501184
1,Ob1.txt,56,3265,True,-0.10473342615129572,0.10473342615129572,0.9608833493949399
1,Ob1.txt,57,3330,True,0.02282199372924884,0.02282199372924884,0.946209216570095
1,Ob1.txt,58,3310,True,-0.09341953353123691,0.09341953353123691,0.9176363979930712
1,Ob1.txt,59,3316,True,-0.041550794337686436,0.041550794337686436,0.9702144729404181
1,Ob1.txt,60,3281,True,-0.12231368320539882,0.12231368320539882,0.9360805223606119
1,Ob1.txt,61,3292,True,-0.03736801351115935,0.03736801351115935,0.9601000784791887
1,Ob1.txt,62,3290,True,-0.09559182145768702,0.09559182145768702,0.9253815670956316
1,Ob1.txt,63,3294,True,-0.0831314891896463,0.0831314891896463,0.9348747687764782
1,Ob1.txt,64,3225,True,-0.04673026957405335,0.04673026957405335,0.9388890397949021
1,Ob1.txt,65,3332,True,-0.06142366910812366,0.06142366910812366,0.9527936380216566
1,Ob1.txt,66,3300,True,-0.030419321538705926,0.030419321538705926,0.9084092934245867
1,Ob1.txt,67,3314,True,-0.04890472486509448,0.04890472486509448,0.9624656362905698
1,Ob1.txt,68,3258,True,0.03490488921077119,0.03490488921077119,0.9410846328375961
1,Ob1.txt,69,3278,True,-0.020508622530444665,0.020508622530444665,0.9479336899220383
1,Ob1.txt,70,3319,True,0.053689957310851355,0.053689957310851355,0.9392680444623871
1,Ob1.txt,71,3315,True,-0.025464472871977284,0.025464472871977284,0.9402017071569619
1,Ob1.txt,72,3286,True,-0.02907528089995251,0.02907528089995251,0.9617429958670247
1,Ob1.txt,73,3273,True,-0.08123954903605335,0.08123954903605335,0.9206339772437107
1,Ob1.txt,74,3302,True,-0.006601029340163031,0.006601029340163031,0.9392509112090668
1,Ob1.txt,75,3265,True,0.08611268641971681,0.08611268641971681,0.9425445607165678
1,Ob1.txt,76,3339,True,-0.03459449312042959,0.03459449312042959,0.9428886550014302
1,Ob1.txt,77,3333,True,0.0838857763041508,0.0838857763041508,0.9544893362248856
1,Ob1.txt,78,3311,True,-0.13044867957951548,0.13044867957951548,0.9664256984005986
1,Ob1.txt,79,3243,True,-0.03628297626788146,0.03628297626788146,0.9315441945263304
1,Ob1.txt,80,3285,True,0.01366252182476052,0.01366252182476052,0.9392680444623871
1,Ob1.txt,81,3275,True,0.1001692507774839,0.1001692507774839,0.9198362803576434
1,Ob1.txt,82,3285,True,-0.03883386440816916,0.03883386440816916,0.9504336782593161
1,Ob1.txt,83,3280,True,-0.0021256979618105992,0.0021256979618105992,0.9677617630314572
1,Ob1.txt,84,3304,True,-0.010839793708103895,0.010839793708103895,0.9354414656086101
1,Ob1.txt,85,3305,True,-0.016332928687470716,0.016332928687470716,0.9193592160919055
1,Ob1.txt,86,3316,True,-0.17297879683384149,0.17297879683384149,0.9407622193825133
1,Ob1.txt,87,3230,True,0.08426577835585455,0.08426577835585455,0.9420473101797826
1,Ob1.txt,88,3299,True,0.133872755369411,0.133872755369411,0.956720612473069
1,Ob1.txt,89,3338,True,-0.01593594302813761,0.01593594302813761,0.9321394081710301
1,Ob1.txt,90,3295,True,0.11097936071561576,0.11097936071561576,0.9704518680113092
1,Ob1.txt,91,3277,True,0.10613520561053669,0.10613520561053669,0.9234575961355219
1,Ob1.txt,92,3277,True,0.116052236529901,0.116052236529901,0.9509345397255735
1,Ob1.txt,93,3263,True,0.09001992593420693,0.09001992593420693,0.9479329323028048
1,Ob1.txt,94,3271,True,-0.003544226292306607,0.003544226292306607,0.9301362384105295
1,Ob1.txt,95,3238,True,0.05099028149473028,0.05099028149473028,0.9162750841062011
1,Ob1.txt,96,3300,True,-0.004590959747568929,0.004590959747568929,0.9239929551546731
1,Ob1.txt,97,3254,True,-0.07040666253328438,0.07040666253328438,0.9276217043983881
1,Ob1.txt,98,3304,True,0.060299116451670354,0.060299116451670354,0.9320528290434087
1,Ob1.txt,99,3262,True,-0.01677277284128617,0.01677277284128617,0.930660735146369
2,Ob2.txt,0,4762,True,0.12483380695508745,0.12483380695508745,0.9696967478197297
2,Ob2.txt,1,4815,True,-0.018233472631728476,0.018233472631728476,0.9259160679218972
2,Ob2.txt,2,4809,True,-0.02379442795836506,0.02379442795836506,0.935978686114123
2,Ob2.txt,3,4771,True,-0.0466674240278914,0.0466674240278914,0.9387098749656135
2,Ob2.txt,4,4805,True,-0.11768403044784521,0.11768403044784521,0.9297388378325431
2,Ob2.txt,5,4810,True,0.06709079197327025,0.06709079197327025,0.9326201464190557
2,Ob2.txt,6,4791,True,0.0214182640949811,0.0214182640949811,0.9211297519158475
2,Ob2.txt,7,4853,True,-0.06876185570652749,0.06876185570652749,0.9473209316832516
2,Ob2.txt,8,4822,True,-0.02144286264193518,0.02144286264193518,0.9300998581706403
2,Ob2.txt,9,4826,True,0.002039234795287559,0.002039234795287559,0.9394109981724714
2,Ob2.txt,10,4770,True,0.024059635490846304,0.024059635490846304,0.9277887971384023
2,Ob2.txt,11,4743,True,-0.039834797273768374,0.039834797273768374,0.9529597716502105
2,Ob2.txt,12,4797,True,-0.02347909399128678,0.02347909399128678,0.9473209316832516
2,Ob2.txt,13,4802,True,-0.01712173954911115,0.01712173954911115,0.9296125659884168
2,Ob2.txt,14,4795,True,0.028354505292765092,0.028354505292765092,0.9379497273720538
2,Ob2.txt,15,4766,True,0.0005283426369006028,0.0005283426369006028,0.9268116278724461
2,Ob2.txt,16,4833,True,0.002543514065940583,0.002543514065940583,0.9405207148049467
2,Ob2.txt,17,4820,True,0.06783759446528126,0.06783759446528126,0.9352608839679712
2,Ob2.txt,18,4835,True,0.0032204852820644225,0.0032204852820644225,0.9314103861728584
2,Ob2.txt,19,4813,True,0.12082344738185724,0.12082344738185724,0.9379838831795166
2,Ob2.txt,20,4808,True,-0.011587586808550376,0.011587586808550376,0.9292524088016956
2,Ob2.txt,21,4793,True,0.09921088893913099,0.09921088893913099,0.9444791543075894
2,Ob2.txt,22,4747,True,0.0045585525379111536,0.0045585525379111536,0.9504859181508614
2,Ob2.txt,23,4810,True,0.0449360562402233,0.0449360562402233,0.9334015743602142
2,Ob2.txt,24,4773,True,0.03702530812930682,0.03702530812930682,0.9520675600964718
2,Ob2.txt,25,4817,True,0.07831293853673604,0.07831293853673604,0.9406663957196906
2,Ob2.txt,26,4840,True,-0.007086565188113111,0.007086565188113111,0.9294195182494087
2,Ob2.txt,27,4822,True,0.05588398872875357,0.05588398872875357,0.9134698389360411
2,Ob2.txt,28,4831,True,-0.02379442795836506,0.02379442795836506,0.9085853037353411
2,Ob2.txt,29,4755,True,0.09708275924752108,0.09708275924752108,0.9421116742182644
2,Ob2.txt,30,4807,True,0.07355297048099663,0.07355297048099663,0.9420008508445756
2,Ob2.txt,31,4780,True,-0.11785329701864822,0.11785329701864822,0.9557295469092979
2,Ob2.txt,32,4765,True,0.01842470133841989,0.01842470133841989,0.9656806527270645
2,Ob2.txt,33,4765,True,0.08007162578301347,0.08007162578301347,0.9530939456314866
2,Ob2.txt,34,4759,True,0.039885890674845825,0.039885890674845825,0.9481599796831721
2,Ob2.txt,35,4812,True,-0.03348120546402708,0.03348120546402708,0.9361313495152276
2,Ob2.txt,36,4845,True,-0.055659974252528555,0.055659974252528555,0.9448514868722885
2,Ob2.txt,37,4825,True,-0.004538642347840904,0.004538642347840904,0.9282217362467275
2,Ob2.txt,38,4767,True,0.0019559775193735,0.0019559775193735,0.9201326156604883
2,Ob2.txt,39,4774,True,-0.09548811449656991,0.09548811449656991,0.9363611426692764
2,Ob2.txt,40,4829,True,-0.006686659725651606,0.006686659725651606,0.9286478685422209
2,Ob2.txt,41,4816,True,-0.02342802853533371,0.02342802853533371,0.9367421697791645
2,Ob2.txt,42,4813,True,-0.04777197201167638,0.04777197201167638,0.9433854279449689
2,Ob2.txt,43,4772,True,0.046085726612039135,0.046085726612039135,0.9139375852012955
2,Ob2.txt,44,4825,True,0.028354505292765092,0.028354505292765092,0.9357465672870001
2,Ob2.txt,45,4777,True,-0.018233472631728476,0.018233472631728476,0.9162640422237265
2,Ob2.txt,46,4834,True,0.08413335644017184,0.08413335644017184,0.9405812438920979
2,Ob2.txt,47,4827,True,-0.060874990509038496,0.060874990509038496,0.9475429263037506
2,Ob2.txt,48,4777,True,-0.014700531885770363,0.014700531885770363,0.935978686114123
2,Ob2.txt,49,4699,True,0.035976963557565134,0.035976963557565134,0.9527986874745672
2,Ob2.txt,50,4816,True,-0.0750696613335416,0.0750696613335416,0.9399032421970425
2,Ob2.txt,51,4774,True,-0.021733079213325502,0.021733079213325502,0.9496560243830787
2,Ob2.txt,52,4752,True,-0.07355974302761192,0.07355974302761192,0.9319994816820076
2,Ob2.txt,53,4812,True,-0.05642537164477465,0.05642537164477465,0.9388094043595665
2,Ob2.txt,54,4793,True,-0.03422020487949784,0.03422020487949784,0.9351107930408848
2,Ob2.txt,55,4740,True,0.024893774522790582,0.024893774522790582,0.941739708203031
2,Ob2.txt,56,4811,True,0.032238552132973886,0.032238552132973886,0.9117555990048201
2,Ob2.txt,57,4729,True,-0.04811701530097623,0.04811701530097623,0.9362840129163321
2,Ob2.txt,58,4812,True,0.0253530865152836,0.0253530865152836,0.9278749520416929
2,Ob2.txt,59,4830,True,0.0647162073883083,0.0647162073883083,0.9454597666088738
2,Ob2.txt,60,4792,True,-0.0583878804496146,0.0583878804496146,0.9464167795170992
2,Ob2.txt,61,4805,True,0.029754001549126302,0.029754001549126302,0.9526588121639383
2,Ob2.txt,62,4811,True,-0.07954729620009915,0.07954729620009915,0.9419913629066624
2,Ob2.txt,63,4789,True,-0.0028927639030473795,0.0028927639030473795,0.9309074425469038
2,Ob2.txt,64,4827,True,0.07958154973992049,0.07958154973992049,0.9534477293558943
2,Ob2.txt,65,4742,True,-0.03246446984919822,0.03246446984919822,0.9272876580607885
2,Ob2.txt,66,4828,True,0.04584882032952553,0.04584882032952553,0.9541898908932047
2,Ob2.txt,67,4764,True,-0.06960560056617339,0.06960560056617339,0.9523479000957101
2,Ob2.txt,68,4720,True,0.016502102411341785,0.016502102411341785,0.9284473938526434
2,Ob2.txt,69,4809,True,0.041414339004041345,0.041414339004041345,0.9454389966386905
2,Ob2.txt,70,4743,True,-0.06888835492695405,0.06888835492695405,0.9311891193792621
2,Ob2.txt,71,4807,True,-0.039159512335639635,0.039159512335639635,0.9688372978728795
2,Ob2.txt,72,4792,True,-0.047410450548389826,0.047410450548389826,0.923222664586058
2,Ob2.txt,73,4856,True,0.056694667969460946,0.056694667969460946,0.9337897244785736
2,Ob2.txt,74,4794,True,-0.11244055897933554,0.11244055897933554,0.9611357924423095
2,Ob2.txt,75,4804,True,-0.024413530635767566,0.024413530635767566,0.9601461903104411
2,Ob2.txt,76,4767,True,0.00512222243312932,0.00512222243312932,0.9426721243242051
2,Ob2.txt,77,4793,True,0.10283422367817396,0.10283422367817396,0.9475429263037506
2,Ob2.txt,78,4763,True,-0.0675954303291809,0.0675954303291809,0.9397136615583008
2,Ob2.txt,79,4786,True,-0.010629721874968967,0.010629721874968967,0.9569438972597735
2,Ob2.txt,80,4728,True,0.0011258159950464086,0.0011258159950464086,0.9460004231740078
2,Ob2.txt,81,4769,True,0.019308351642362,0.019308351642362,0.9378619238033448
2,Ob2.txt,82,4750,True,-0.020858162978305173,0.020858162978305173,0.9385810183348468
2,Ob2.txt,83,4812,True,-0.011945872768757693,0.011945872768757693,0.9455194461475315
2,Ob2.txt,84,4783,True,-0.049914410775035334,0.049914410775035334,0.9336966458131204
2,Ob2.txt,85,4846,True,-0.09681456011734865,0.09681456011734865,0.9419192285824647
2,Ob2.txt,86,4806,True,0.03861672322650139,0.03861672322650139,0.9388981531202798
2,Ob2.txt,87,4844,True,-0.03871341471968465,0.03871341471968465,0.9277127567414429
2,Ob2.txt,88,4835,True,0.056088336057289405,0.056088336057289405,0.9417856812756755
2,Ob2.txt,89,4804,True,-0.08988855814557482,0.08988855814557482,0.9419158319552521
2,Ob2.txt,90,4773,True,-0.02614065759386719,0.02614065759386719,0.9273304073854769
2,Ob2.txt,91,4808,True,0.022747575508825113,0.022747575508825113,0.9424552572816685
2,Ob2.txt,92,4746,True,-0.005052787146028137,0.005052787146028137,0.9410625911736586
2,Ob2.txt,93,4755,True,-0.017002489792318498,0.017002489792318498,0.9472783472646397
2,Ob2.txt,94,4800,True,-0.030876446134939256,0.030876446134939256,0.9511724106440204
2,Ob2.txt,95,4782,True,-0.04705017033983483,0.04705017033983483,0.9513946483703548
2,Ob2.txt,96,4778,True,-0.028101351135399105,0.028101351135399105,0.9398912758017581
2,Ob2.txt,97,4818,True,0.0487141844871542,0.0487141844871542,0.9693294496246074
2,Ob2.txt,98,4778,True,-0.01420040514608173,0.01420040514608173,0.9403131543030314
2,Ob2.txt,99,4778,True,0.012339131617731758,0.012339131617731758,0.9528087870454249
3,Ob3.txt,0,5600,True,0.013321193073526694,0.013321193073526694,0.9758417696239376
3,Ob3.txt,1,5517,True,0.02955615875241746,0.02955615875241746,0.9560468825878002
3,Ob3.txt,2,5536,True,0.010697606822169692,0.010697606822169692,0.9485791610943308
3,Ob3.txt,3,5585,True,0.04113216121676855,0.04113216121676855,0.9761017670749625
3,Ob3.txt,4,5574,True,0.10902575461349082,0.10902575461349082,0.9574007972267247
3,Ob3.txt,5,5657,True,-0.0711421546992217,0.0711421546992217,0.9521077347055309
3,Ob3.txt,6,5598,True,0.020418686236333472,0.020418686236333472,0.9461817706410014
3,Ob3.txt,7,5526,True,0.042040112990203764,0.042040112990203764,0.9716450257032143
3,Ob3.txt,8,5569,True,0.05128196358980763,0.05128196358980763,0.9798928936943647
3,Ob3.txt,9,5572,True,0.012976881843740268,0.012976881843740268,0.9519171521040858
3,Ob3.txt,10,5585,True,0.15808430824831454,0.15808430824831454,0.9377385989242197
3,Ob3.txt,11,5604,True,0.044308867059799584,0.044308867059799584,0.950728924503827
3,Ob3.txt,12,5634,True,0.041563560955616204,0.041563560955616204,0.9447955177950027
3,Ob3.txt,13,5619,True,-0.05304280571220721,0.05304280571220721,0.9821737456125125
3,Ob3.txt,14,5573,True,0.040987515342630704,0.040987515342630704,0.9633840702708389
3,Ob3.txt,15,5527,True,-0.0967679822955082,0.0967679822955082,0.9532149947184095
3,Ob3.txt,16,5589,True,0.04437608582156655,0.04437608582156655,0.9605007638549796
3,Ob3.txt,17,5627,True,0.006931938080642519,0.006931938080642519,0.9521027075207127
3,Ob3.txt,18,5581,True,-0.10483345741514331,0.10483345741514331,0.9492558355207456
3,Ob3.txt,19,5593,True,0.00913416265286493,0.00913416265286493,0.9410206629916547
3,Ob3.txt,20,5600,True,-0.11577732641058003,0.11577732641058003,0.9638304352823102
3,Ob3.txt,21,5607,True,-0.11889383714761337,0.11889383714761337,0.9662391873562612
3,Ob3.txt,22,5569,True,0.07426927102520853,0.07426927102520853,0.9385948003569917
3,Ob3.txt,23,5619,True,0.05459961231913901,0.05459961231913901,0.9837928045573325
3,Ob3.txt,24,5592,True,-0.08850500435594374,0.08850500435594374,0.9529990851791759
3,Ob3.txt,25,5540,True,-0.012561968310718277,0.012561968310718277,0.9534672097301342
3,Ob3.txt,26,5560,True,0.056768341245028955,0.056768341245028955,0.9538055280073547
3,Ob3.txt,27,5630,True,-0.013743306176011855,0.013743306176011855,0.9567419092293423
3,Ob3.txt,28,5564,True,-0.04642243854762751,0.04642243854762751,0.9367704125555102
3,Ob3.txt,29,5624,True,0.06846164539531216,0.06846164539531216,0.9756789591971173
3,Ob3.txt,30,5595,True,-0.0059488992567146015,0.0059488992567146015,0.9628375623098495
3,Ob3.txt,31,5607,True,-0.06645594058186466,0.06645594058186466,0.9521027075207127
3,Ob3.txt,32,5608,True,-0.025910211572392178,0.025910211572392178,0.9603550082623317
3,Ob3.txt,33,5552,True,0.03299073844385765,0.03299073844385765,0.9441881095828136
3,Ob3.txt,34,5528,True,-0.015929473282130735,0.015929473282130735,0.9715205719647422
3,Ob3.txt,35,5562,True,0.01004362915313503,0.01004362915313503,0.9339659543879539
3,Ob3.txt,36,5566,True,-0.05889643510482362,0.05889643510482362,0.951573624552053
3,Ob3.txt,37,5575,True,0.0325695263879071,0.0325695263879071,0.9666112003479357
3,Ob3.txt,38,5540,True,-0.06873668054087007,0.06873668054087007,0.9512855273800664
3,Ob3.txt,39,5585,True,0.09127755604270671,0.09127755604270671,0.9368634250719552
3,Ob3.txt,40,5570,True,-0.016272269253698735,0.016272269253698735,0.9617646156712083
3,Ob3.txt,41,5640,True,-0.03834097031733802,0.03834097031733802,0.9567644066567589
3,Ob3.txt,42,5587,True,-0.06764894811528618,0.06764894811528618,0.9545997658028341
3,Ob3.txt,43,5558,True,-0.025280947567480533,0.025280947567480533,0.963335379910722
3,Ob3.txt,44,5582,True,-0.002888547655565038,0.002888547655565038,0.9564514985833461
3,Ob3.txt,45,5568,True,0.06106833801427139,0.06106833801427139,0.9727930316082871
3,Ob3.txt,46,5594,True,0.004298787523591863,0.004298787523591863,0.9568889115747533
3,Ob3.txt,47,5615,True,0.04927942630551918,0.04927942630551918,0.9660408118656907
3,Ob3.txt,48,5528,True,0.02297480478514527,0.02297480478514527,0.9572374311602337
3,Ob3.txt,49,5551,True,0.021605996970345487,0.021605996970345487,0.9460103973399072
3,Ob3.txt,50,5567,True,0.12347366586443828,0.12347366586443828,0.9645083806720464
3,Ob3.txt,51,5598,True,-0.04055573167656651,0.04055573167656651,0.942248183031784
3,Ob3.txt,52,5566,True,0.12492827940889288,0.12492827940889288,0.9716558102253261
3,Ob3.txt,53,5608,True,0.12447317668653916,0.12447317668653916,0.9630509456367262
3,Ob3.txt,54,5617,True,0.042884715035051174,0.042884715035051174,0.9651141542189045
3,Ob3.txt,55,5585,True,-0.0436159710598325,0.0436159710598325,0.9473524920321155
3,Ob3.txt,56,5617,True,-0.022933695763016182,0.022933695763016182,0.9531480004516932
3,Ob3.txt,57,5619,True,0.1629321693479363,0.1629321693479363,0.9445700502990375
3,Ob3.txt,58,5600,True,0.06918764303903852,0.06918764303903852,0.9554222519452615
3,Ob3.txt,59,5569,True,-0.03431157521192918,0.03431157521192918,0.9497056313295587
3,Ob3.txt,60,5582,True,0.061393466978644756,0.061393466978644756,0.979981473322199
3,Ob3.txt,61,5600,True,-0.07124815512436883,0.07124815512436883,0.9629583343227853
3,Ob3.txt,62,5549,True,-0.14049759823935903,0.14049759823935903,0.9445700502990375
3,Ob3.txt,63,5583,True,0.04157285704302632,0.04157285704302632,0.9497195598558249
3,Ob3.txt,64,5506,True,-0.014793017302780282,0.014793017302780282,0.9511505875714995
3,Ob3.txt,65,5583,True,0.0009598866992287028,0.0009598866992287028,0.9350698637789634
3,Ob3.txt,66,5632,True,0.022085647003102754,0.022085647003102754,0.9530177323177251
3,Ob3.txt,67,5629,True,0.019561811751593217,0.019561811751593217,0.978684506382115
3,Ob3.txt,68,5601,True,-0.010798052787666795,0.010798052787666795,0.946760482326768
3,Ob3.txt,69,5560,True,-0.11312134797810669,0.11312134797810669,0.983868315544991
3,Ob3.txt,70,5582,True,0.1337563515501131,0.1337563515501131,0.9493811217015427
3,Ob3.txt,71,5563,True,-0.07700075532828943,0.07700075532828943,0.9557552599303778
3,Ob3.txt,72,5574,True,0.07298965091465304,0.07298965091465304,0.9682875982225163
3,Ob3.txt,73,5587,True,0.00787616981265149,0.00787616981265149,0.9533685648932454
3,Ob3.txt,74,5584,True,0.09499857261099687,0.09499857261099687,0.9509981930013991
3,Ob3.txt,75,5592,True,-0.11207063981721543,0.11207063981721543,0.9711660779486504
3,Ob3.txt,76,5600,True,0.002201896380603585,0.002201896380603585,0.9535587034637081
3,Ob3.txt,77,5628,True,0.014740933057355854,0.014740933057355854,0.9601799211936897
3,Ob3.txt,78,5546,True,-0.005839310045090307,0.005839310045090307,0.9638304352823102
3,Ob3.txt,79,5546,True,-0.0939152987382221,0.0939152987382221,0.9535806144521914
3,Ob3.txt,80,5517,True,0.06953696783466212,0.06953696783466212,0.9633641605071065
3,Ob3.txt,81,5575,True,0.07062114108387296,0.07062114108387296,0.9728589905949491
3,Ob3.txt,82,5597,True,0.011611539845471086,0.011611539845471086,0.9388157798178332
3,Ob3.txt,83,5580,True,0.027715892398870262,0.027715892398870262,0.9464202323195318
3,Ob3.txt,84,5573,True,-0.006045237783676494,0.006045237783676494,0.9582897266959906
3,Ob3.txt,85,5570,True,0.1119034861584039,0.1119034861584039,0.9501199885332395
3,Ob3.txt,86,5605,True,0.03426704164816252,0.03426704164816252,0.9628552362268654
3,Ob3.txt,87,5551,True,0.018760294831760116,0.018760294831760116,0.9411713352088842
3,Ob3.txt,88,5615,True,-0.035582131255513794,0.035582131255513794,0.9660408118656907
3,Ob3.txt,89,5535,True,-0.07457257838311349,0.07457257838311349,0.9445700502990375
3,Ob3.txt,90,5567,True,-0.010073150398603792,0.010073150398603792,0.9483378630899706
3,Ob3.txt,91,5601,True,0.021275560721073727,0.021275560721073727,0.9337933948870089
3,Ob3.txt,92,5603,True,0.05975341739294515,0.05975341739294515,0.9662391873562612
3,Ob3.txt,93,5605,True,-0.047362356023605195,0.047362356023605195,0.9492674070324397
3,Ob3.txt,94,5527,True,-0.03154173418729722,0.03154173418729722,0.9674464557186014
3,Ob3.txt,95,5581,True,-0.06548071191963249,0.06548071191963249,0.950715470963255
3,Ob3.txt,96,5570,True,0.045784012363857846,0.045784012363857846,0.9643528929025823
3,Ob3.txt,97,5546,True,-0.05766802072376759,0.05766802072376759,0.9513119799776016
3,Ob3.txt,98,5589,True,-0.14787735175602051,0.14787735175602051,0.946760482326768
3,Ob3.txt,99,5511,True,0.11506607733630352,0.11506607733630352,0.970530883495684
4,Ob4.txt,0,5318,True,-0.08603243352245775,0.08603243352245775,0.9184360284926046
4,Ob4.txt,1,5287,True,0.05939137941781936,0.05939137941781936,0.9092461630981
4,Ob4.txt,2,5307,True,0.007938118420891316,0.007938118420891316,0.894989057235168
4,Ob4.txt,3,5240,True,-0.018481226422959462,0.018481226422959462,0.9102503906364905
4,Ob4.txt,4,5192,True,-0.08214796723019674,0.08214796723019674,0.9170710362998982
4,Ob4.txt,5,5302,True,-0.012391768259100745,0.012391768259100745,0.9073925056978378
4,Ob4.txt,6,5269,True,-0.10193139690213279,0.10193139690213279,0.8964216266797711
4,Ob4.txt,7,5285,True,0.0418876518607435,0.0418876518607435,0.905576087501302
4,Ob4.txt,8,5259,True,0.010160433466746083,0.010160433466746083,0.8921011870718841
4,Ob4.txt,9,5340,True,0.05619722353593451,0.05619722353593451,0.9257683508834378
4,Ob4.txt,10,5327,True,-0.035362454572753,0.035362454572753,0.9141259756531643
4,Ob4.txt,11,5297,True,0.01096965821813356,0.01096965821813356,0.8950988771592361
4,Ob4.txt,12,5279,True,0.004056919520872115,0.004056919520872115,0.8994265450913981
4,Ob4.txt,13,5254,True,0.03899113449322131,0.03899113449322131,0.8977225538023126
4,Ob4.txt,14,5313,True,-0.03282957364692518,0.03282957364692518,0.908923147921203
4,Ob4.txt,15,5268,True,-0.11844836692947519,0.11844836692947519,0.8951382737344487
4,Ob4.txt,16,5304,True,0.011527816256995935,0.011527816256995935,0.8951027261096752
4,Ob4.txt,17,5248,True,0.015758163164353772,0.015758163164353772,0.9372279071209426
4,Ob4.txt,18,5223,True,-0.04442730244936177,0.04442730244936177,0.9078314862129062
4,Ob4.txt,19,5329,True,0.008755665863085627,0.008755665863085627,0.9140844282803828
4,Ob4.txt,20,5307,True,-0.04079608501875975,0.04079608501875975,0.8910167217593027
4,Ob4.txt,21,5260,True,0.09618453346399697,0.09618453346399697,0.9141558155628186
4,Ob4.txt,22,5277,True,0.01392991721627107,0.01392991721627107,0.9141834822988457
4,Ob4.txt,23,5299,True,0.0017496759155901098,0.0017496759155901098,0.8979312619324262
4,Ob4.txt,24,5252,True,0.026279225694567487,0.026279225694567487,0.9139811850269658
4,Ob4.txt,25,5277,True,-0.10507995699457262,0.10507995699457262,0.8960777162425461
4,Ob4.txt,26,5269,True,0.0580842423818481,0.0580842423818481,0.9173832148014082
4,Ob4.txt,27,5297,True,0.05872450474634891,0.05872450474634891,0.8985331303885462
4,Ob4.txt,28,5290,True,0.12965274249786943,0.12965274249786943,0.9086642903234436
4,Ob4.txt,29,5247,True,0.036489972593002795,0.036489972593002795,0.9197865682758793
4,Ob4.txt,30,5307,True,0.041132032584256586,0.041132032584256586,0.9076550462946087
4,Ob4.txt,31,5258,True,-0.02161814197843925,0.02161814197843925,0.8866375649373842
4,Ob4.txt,32,5247,True,-0.02065813200245792,0.02065813200245792,0.8918730212742846
4,Ob4.txt,33,5287,True,0.0961011713684838,0.0961011713684838,0.8977524167031228
4,Ob4.txt,34,5316,True,0.07168345224650079,0.07168345224650079,0.9064952775732853
4,Ob4.txt,35,5219,True,0.0420288762258606,0.0420288762258606,0.907297198873643
4,Ob4.txt,36,5297,True,-0.05018009912368415,0.05018009912368415,0.894599715563947
4,Ob4.txt,37,5320,True,-0.014142974871449693,0.014142974871449693,0.9097684071767217
4,Ob4.txt,38,5242,True,0.021678648570720445,0.021678648570720445,0.9277367098415947
4,Ob4.txt,39,5266,True,-0.002921472435467167,0.002921472435467167,0.9038183489097048
4,Ob4.txt,40,5313,True,-0.042024919776995184,0.042024919776995184,0.9076550462946087
4,Ob4.txt,41,5314,True,0.027767143640785738,0.027767143640785738,0.9157127795797659
4,Ob4.txt,42,5321,True,-0.056042748960575484,0.056042748960575484,0.8964216266797711
4,Ob4.txt,43,5308,True,-0.06359825859672291,0.06359825859672291,0.9326028212649169
4,Ob4.txt,44,5285,True,0.08092041435582797,0.08092041435582797,0.8833007366982473
4,Ob4.txt,45,5291,True,0.05650394122703159,0.05650394122703159,0.913878252092965
4,Ob4.txt,46,5301,True,-0.15601017082712765,0.15601017082712765,0.9041218820652518
4,Ob4.txt,47,5289,True,0.0023054659368413333,0.0023054659368413333,0.9041218820652518
4,Ob4.txt,48,5260,True,-0.057853366286565705,0.057853366286565705,0.8907783341978613
4,Ob4.txt,49,5294,True,-0.07892950275912794,0.07892950275912794,0.9090846555096515
4,Ob4.txt,50,5282,True,0.08871196956729155,0.08871196956729155,0.9064717803685014
4,Ob4.txt,51,5240,True,0.02008642954273741,0.02008642954273741,0.9093660715471371
4,Ob4.txt,52,5346,True,-0.014392122933218954,0.014392122933218954,0.8945020665498198
4,Ob4.txt,53,5294,True,-0.04388006228870854,0.04388006228870854,0.9159353509587813
4,Ob4.txt,54,5249,True,-0.03202019123191113,0.03202019123191113,0.8846611874891828
4,Ob4.txt,55,5299,True,-0.06654526119631227,0.06654526119631227,0.9209619287962298
4,Ob4.txt,56,5308,True,0.03560756263796372,0.03560756263796372,0.9038776840478715
4,Ob4.txt,57,5310,True,-0.13112786807871013,0.13112786807871013,0.9003035426759052
4,Ob4.txt,58,5296,True,-0.007413306035805034,0.007413306035805034,0.902736578630499
4,Ob4.txt,59,5276,True,-0.04895453203663985,0.04895453203663985,0.9256999511434181
4,Ob4.txt,60,5245,True,0.029086399104951144,0.029086399104951144,0.8987890346740799
4,Ob4.txt,61,5281,True,-0.1430913463952863,0.1430913463952863,0.9111833488738812
4,Ob4.txt,62,5270,True,-0.03513848822947774,0.03513848822947774,0.9138573232468661
4,Ob4.txt,63,5257,True,0.007651050747581406,0.007651050747581406,0.8994425303359288
4,Ob4.txt,64,5279,True,-0.035952373926835285,0.035952373926835285,0.9081335812955269
4,Ob4.txt,65,5268,True,0.05400327264179025,0.05400327264179025,0.9137747899977543
4,Ob4.txt,66,5318,True,0.17159126251186102,0.17159126251186102,0.906399834004844
4,Ob4.txt,67,5260,True,-0.052373964563088314,0.052373964563088314,0.9092477877160069
4,Ob4.txt,68,5235,True,-0.003683642884437066,0.003683642884437066,0.8952163949841825
4,Ob4.txt,69,5270,True,-0.09141245960022881,0.09141245960022881,0.8953491278317078
4,Ob4.txt,70,5276,True,-0.019657846783194037,0.019657846783194037,0.9179887834155566
4,Ob4.txt,71,5290,True,-0.11370047552746554,0.11370047552746554,0.9015219372151193
4,Ob4.txt,72,5260,True,0.015273762622612264,0.015273762622612264,0.9057862754807747
4,Ob4.txt,73,5274,True,-0.028961366685468504,0.028961366685468504,0.9105598399682338
4,Ob4.txt,74,5307,True,0.016066483498110073,0.016066483498110073,0.9188188595893851
4,Ob4.txt,75,5262,True,0.010131355804817496,0.010131355804817496,0.89451101948841
4,Ob4.txt,76,5261,True,0.09092635683475947,0.09092635683475947,0.8995547116117647
4,Ob4.txt,77,5321,True,0.0034960013424090164,0.0034960013424090164,0.9105971457691863
4,Ob4.txt,78,5253,True,0.006466907495983554,0.006466907495983554,0.8979312619324262
4,Ob4.txt,79,5301,True,0.086576549564883,0.086576549564883,0.9080091859982458
4,Ob4.txt,80,5304,True,-0.03652011048155779,0.03652011048155779,0.8814221329007517
4,Ob4.txt,81,5256,True,-0.08961569532386593,0.08961569532386593,0.9064365636866811
4,Ob4.txt,82,5288,True,-0.008162665958804105,0.008162665958804105,0.920499106242884
4,Ob4.txt,83,5280,True,0.10443159184191002,0.10443159184191002,0.8859044529086826
4,Ob4.txt,84,5295,True,-0.0634419209617072,0.0634419209617072,0.8935532264871762
4,Ob4.txt,85,5220,True,0.05025413393272549,0.05025413393272549,0.9046679842744813
4,Ob4.txt,86,5269,True,-0.04183747212151012,0.04183747212151012,0.9083678891002536
4,Ob4.txt,87,5219,True,-0.012086787560083745,0.012086787560083745,0.9107272703652256
4,Ob4.txt,88,5278,True,0.06996308191126535,0.06996308191126535,0.9010261186546364
4,Ob4.txt,89,5264,True,-0.013271539389508747,0.013271539389508747,0.8945020665498198
4,Ob4.txt,90,5322,True,0.031220736825796902,0.031220736825796902,0.9068064178451667
4,Ob4.txt,91,5354,True,-0.0704512167901743,0.0704512167901743,0.9074871748140119
4,Ob4.txt,92,5293,True,-0.008985971682436533,0.008985971682436533,0.8801815939218396
4,Ob4.txt,93,5304,True,0.10325003500101981,0.10325003500101981,0.9064701803166163
4,Ob4.txt,94,5329,True,-0.053630792435142016,0.053630792435142016,0.9205944695632681
4,Ob4.txt,95,5291,True,0.012086787560083745,0.012086787560083745,0.8935532264871762
4,Ob4.txt,96,5343,True,-0.017764062007805448,0.017764062007805448,0.9035148157541578
4,Ob4.txt,97,5322,True,-0.06176288105862171,0.06176288105862171,0.9052602104403753
4,Ob4.txt,98,5291,True,-0.0479465719086519,0.0479465719086519,0.9069416084344734
4,Ob4.txt,99,5301,True,-0.0580842423818481,0.0580842423818481,0.9179301467837844
5,Ob5.txt,0,5656,True,-0.0486852687925069,0.0486852687925069,0.9710897906633846
5,Ob5.txt,1,5665,True,0.0005817905225763004,0.0005817905225763004,0.9865965301006934
5,Ob5.txt,2,5704,True,-0.12387065329597696,0.12387065329597696,0.987182220122943
5,Ob5.txt,3,5662,True,-0.10403244305519464,0.10403244305519464,0.9763552444541305
5,Ob5.txt,4,5705,True,0.00816200550079238,0.00816200550079238,0.9825283983444145
5,Ob5.txt,5,5667,True,0.0821968046397007,0.0821968046397007,0.9855666236831411
5,Ob5.txt,6,5672,True,-0.06107796018464155,0.06107796018464155,0.9862654926185331
5,Ob5.txt,7,5651,True,-0.010872114131503102,0.010872114131503102,1.0000141401384726
5,Ob5.txt,8,5723,True,0.07753820808872702,0.07753820808872702,0.9829428819029264
5,Ob5.txt,9,5667,True,0.047812489424875204,0.047812489424875204,0.9826112595088292
5,Ob5.txt,10,5659,True,0.07184889394252497,0.07184889394252497,0.9926946435934394
5,Ob5.txt,11,5672,True,-0.014199544204141226,0.014199544204141226,1.001414325663283
5,Ob5.txt,12,5638,True,-0.020035819516721898,0.020035819516721898,0.9710785658246671
5,Ob5.txt,13,5634,True,0.014352264768788009,0.014352264768788009,1.0057619231623578
5,Ob5.txt,14,5627,True,0.09782791719496209,0.09782791719496209,0.9836889857911755
5,Ob5.txt,15,5673,True,0.024079281283522304,0.024079281283522304,0.9687447151987837
5,Ob5.txt,16,5593,True,0.021265402393346955,0.021265402393346955,0.9791933306182495
5,Ob5.txt,17,5620,True,0.07913819742950051,0.07913819742950051,0.9834816091133862
5,Ob5.txt,18,5735,True,-0.049995109314088626,0.049995109314088626,0.9767007174790784
5,Ob5.txt,19,5643,True,-0.030150805725133567,0.030150805725133567,0.9829428819029264
5,Ob5.txt,20,5676,True,0.022404105716933492,0.022404105716933492,0.9923578331420182
5,Ob5.txt,21,5616,True,0.11244331339163044,0.11244331339163044,0.9879301300243576
5,Ob5.txt,22,5675,True,-0.01694358215463998,0.01694358215463998,1.0042242712115148
5,Ob5.txt,23,5652,True,-0.039161726438542016,0.039161726438542016,0.975518803323536
5,Ob5.txt,24,5674,True,0.08162281837588324,0.08162281837588324,0.9692081475440507
5,Ob5.txt,25,5665,True,-0.003616238743310518,0.003616238743310518,0.9852448359896768
5,Ob5.txt,26,5633,True,-0.001272379534121626,0.001272379534121626,0.9836782465593313
5,Ob5.txt,27,5586,True,-0.0404782114536065,0.0404782114536065,0.9912889426162277
5,Ob5.txt,28,5665,True,0.12453724085663087,0.12453724085663087,0.9932691019675948
5,Ob5.txt,29,5656,True,-0.02417336099348384,0.02417336099348384,0.9762506020578576
5,Ob5.txt,30,5661,True,-0.07475726526347004,0.07475726526347004,0.9940354121163755
5,Ob5.txt,31,5699,True,0.0778977179980036,0.0778977179980036,0.9697622119324882
5,Ob5.txt,32,5658,True,0.0473630624793428,0.0473630624793428,1.0008637481847948
5,Ob5.txt,33,5618,True,-0.05680071365748707,0.05680071365748707,0.9769749303402862
5,Ob5.txt,34,5667,True,0.03506796039038429,0.03506796039038429,0.9668350453684288
5,Ob5.txt,35,5680,True,-0.008368952256447681,0.008368952256447681,0.9733979592817644
5,Ob5.txt,36,5619,True,-0.1740395612249897,0.1740395612249897,0.9854369145828561
5,Ob5.txt,37,5663,True,-0.029166213809610042,0.029166213809610042,0.9925036205242552
5,Ob5.txt,38,5666,True,-0.014998447582206642,0.014998447582206642,0.9799856458210787
5,Ob5.txt,39,5688,True,-0.06576264035452214,0.06576264035452214,0.9704909746422603
5,Ob5.txt,40,5644,True,-0.037726263631306545,0.037726263631306545,0.9772776494671602
5,Ob5.txt,41,5654,True,-0.05860948508005426,0.05860948508005426,0.9793364716026662
5,Ob5.txt,42,5674,True,-0.16929124762836514,0.16929124762836514,0.9837666809882248
5,Ob5.txt,43,5679,True,0.08610004599152632,0.08610004599152632,0.9561310189862839
5,Ob5.txt,44,5662,True,-0.11331210856755511,0.11331210856755511,0.9795343404397026
5,Ob5.txt,45,5674,True,0.12805448120044244,0.12805448120044244,0.9876742727235606
5,Ob5.txt,46,5672,True,-0.049750545778960764,0.049750545778960764,0.9832882485019319
5,Ob5.txt,47,5662,True,0.035872259816582305,0.035872259816582305,0.970382653816964
5,Ob5.txt,48,5679,True,-0.10414593283311413,0.10414593283311413,0.9701956700019008
5,Ob5.txt,49,5656,True,-0.1107517592626861,0.1107517592626861,0.9801481339570577
5,Ob5.txt,50,5664,True,-0.051741702101138515,0.051741702101138515,0.9832882485019319
5,Ob5.txt,51,5624,True,0.07871685641162784,0.07871685641162784,0.9562283421264726
5,Ob5.txt,52,5653,True,0.028292190778409304,0.028292190778409304,0.9903892021728348
5,Ob5.txt,53,5661,True,-0.07943345005804692,0.07943345005804692,0.9839214349549905
5,Ob5.txt,54,5646,True,-0.08221382877614808,0.08221382877614808,0.9832510671862891
5,Ob5.txt,55,5636,True,0.1523616655750905,0.1523616655750905,0.9692445158869101
5,Ob5.txt,56,5660,True,-0.028398875412161573,0.028398875412161573,0.9832510671862891
5,Ob5.txt,57,5663,True,0.0826964865731244,0.0826964865731244,0.9844073829708844
5,Ob5.txt,58,5697,True,0.08349024524407733,0.08349024524407733,1.0053410870113053
5,Ob5.txt,59,5664,True,-0.004291376892613552,0.004291376892613552,0.976934191398012
5,Ob5.txt,60,5693,True,-0.08710383260480199,0.08710383260480199,1.0000716853645966
5,Ob5.txt,61,5702,True,0.0727348394253634,0.0727348394253634,0.9738875890864025
5,Ob5.txt,62,5613,True,-0.04074653104352599,0.04074653104352599,0.9771676653169455
5,Ob5.txt,63,5671,True,0.08120913026271942,0.08120913026271942,0.9803233795890667
5,Ob5.txt,64,5617,True,-0.026154183563188993,0.026154183563188993,0.9899015321920459
5,Ob5.txt,65,5658,True,0.017881913390416615,0.017881913390416615,0.9738875890864025
5,Ob5.txt,66,5627,True,-0.0375578933503336,0.0375578933503336,0.9761875212021487
5,Ob5.txt,67,5641,True,0.16093002942102685,0.16093002942102685,0.9876942759878847
5,Ob5.txt,68,5674,True,-0.022953124057638233,0.022953124057638233,0.986056508941409
5,Ob5.txt,69,5638,True,0.020533566773510238,0.020533566773510238,0.9706380870286235
5,Ob5.txt,70,5669,True,0.08510798477421305,0.08510798477421305,0.9825584268020672
5,Ob5.txt,71,5675,True,-0.061442496875085184,0.061442496875085184,0.9754823786348037
5,Ob5.txt,72,5638,True,0.05955372072146417,0.05955372072146417,0.9684787235628682
5,Ob5.txt,73,5687,True,-0.011706782137397509,0.011706782137397509,0.9818449670776561
5,Ob5.txt,74,5633,True,0.00925650664517691,0.00925650664517691,0.9689639374355346
5,Ob5.txt,75,5677,True,-0.002587017860929297,0.002587017860929297,0.9921454265791708
5,Ob5.txt,76,5666,True,-0.030832246296776486,0.030832246296776486,0.9898094127732469
5,Ob5.txt,77,5650,True,0.053134234088174,0.053134234088174,0.9763394769443408
5,Ob5.txt,78,5654,True,0.081544011100184,0.081544011100184,0.9911394473148956
5,Ob5.txt,79,5688,True,-0.011396896347560269,0.011396896347560269,0.9823743310788936
5,Ob5.txt,80,5646,True,0.011264016041508854,0.011264016041508854,0.9853408752862665
5,Ob5.txt,81,5644,True,0.018455986041477055,0.018455986041477055,0.9807864907195586
5,Ob5.txt,82,5612,True,-0.06720303902590385,0.06720303902590385,0.9539462523401961
5,Ob5.txt,83,5711,True,0.008969714859102113,0.008969714859102113,0.969123804132884
5,Ob5.txt,84,5641,True,0.030150805725133567,0.030150805725133567,0.9791933306182495
5,Ob5.txt,85,5636,True,0.0016430812930808836,0.0016430812930808836,0.967726084482758
5,Ob5.txt,86,5658,True,0.08559798203157926,0.08559798203157926,0.9826729220838815
5,Ob5.txt,87,5701,True,0.049612123500528904,0.049612123500528904,0.9726937812559343
5,Ob5.txt,88,5668,True,0.0634992650895847,0.0634992650895847,0.9909487880466897
5,Ob5.txt,89,5663,True,-0.1128202502370747,0.1128202502370747,0.988834306407846
5,Ob5.txt,90,5669,True,-0.016285856173588187,0.016285856173588187,0.9947481208297955
5,Ob5.txt,91,5692,True,-0.049218284344094254,0.049218284344094254,0.9701581467714474
5,Ob5.txt,92,5653,True,0.05037623605647523,0.05037623605647523,0.9863352793726459
5,Ob5.txt,93,5683,True,0.09009472187027448,0.09009472187027448,0.9939662924194829
5,Ob5.txt,94,5627,True,0.061071675974788596,0.061071675974788596,0.9725788491239271
5,Ob5.txt,95,5640,True,-0.01461841436171302,0.01461841436171302,0.9854839970442091
5,Ob5.txt,96,5663,True,-0.04074653104352599,0.04074653104352599,0.9814105738450274
5,Ob5.txt,97,5677,True,0.01940568799718867,0.01940568799718867,0.970445210501246
5,Ob5.txt,98,5644,True,0.09117843933474473,0.09117843933474473,0.9836836161752534
5,Ob5.txt,99,5664,True,-0.09937688280219456,0.09937688280219456,0.9731147282497443
6,Ob6.txt,0,7707,True,-0.05677187926987631,0.05677187926987631,0.9394014159692603
6,Ob6.txt,1,7720,True,-0.10239080169618699,0.10239080169618699,0.9302309022431287
6,Ob6.txt,2,7774,True,0.032979473851154684,0.032979473851154684,0.9125562662092582
6,Ob6.txt,3,7744,True,0.032514593358970195,0.032514593358970195,0.9303491231241633
6,Ob6.txt,4,7739,True,-0.0039864216096680005,0.0039864216096680005,0.9260226692667023
6,Ob6.txt,5,7733,True,-0.037732041018059936,0.037732041018059936,0.9438647184066298
6,Ob6.txt,6,7716,True,0.009117541541415447,0.009117541541415447,0.9195294174887435
6,Ob6.txt,7,7695,True,-0.046934545591481636,0.046934545591481636,0.9277951411390515
6,Ob6.txt,8,7704,True,-0.00913180065244415,0.00913180065244415,0.9426206268663737
6,Ob6.txt,9,7755,True,-0.04237310703267361,0.04237310703267361,0.9175636664920376
6,Ob6.txt,10,7654,True,-0.006112762421431828,0.006112762421431828,0.9209467092295383
6,Ob6.txt,11,7757,True,0.1159083562086222,0.1159083562086222,0.9297496127600529
6,Ob6.txt,12,7736,True,0.07632061762472026,0.07632061762472026,0.9285272234994478
6,Ob6.txt,13,7741,True,-0.019366712929034136,0.019366712929034136,0.9294971849677498
6,Ob6.txt,14,7690,True,-0.009310597421567247,0.009310597421567247,0.9264462230650679
6,Ob6.txt,15,7667,True,-0.0727499455686184,0.0727499455686184,0.9338711417822142
6,Ob6.txt,16,7672,True,0.0071794445495523,0.0071794445495523,0.9318950767835912
6,Ob6.txt,17,7716,True,-0.021005250294470257,0.021005250294470257,0.9410902095806096
6,Ob6.txt,18,7698,True,0.011473675813001738,0.011473675813001738,0.92832492666054
6,Ob6.txt,19,7743,True,-0.03218078728837631,0.03218078728837631,0.927342413278483
6,Ob6.txt,20,7650,True,0.014961875085543391,0.014961875085543391,0.9225640596712726
6,Ob6.txt,21,7651,True,-0.011396235742294501,0.011396235742294501,0.9351558026637934
6,Ob6.txt,22,7711,True,-0.004141573598438031,0.004141573598438031,0.9256038694089318
6,Ob6.txt,23,7697,True,0.0205249970228647,0.0205249970228647,0.9279434726854902
6,Ob6.txt,24,7728,True,-0.09282754098790053,0.09282754098790053,0.9368892213628712
6,Ob6.txt,25,7740,True,0.03921000145479697,0.03921000145479697,0.9231964817722371
6,Ob6.txt,26,7718,True,0.0384631965624839,0.0384631965624839,0.9217286504280451
6,Ob6.txt,27,7637,True,0.06963396423064327,0.06963396423064327,0.9211192092045357
6,Ob6.txt,28,7697,True,0.022964458141010585,0.022964458141010585,0.9277196167646027
6,Ob6.txt,29,7725,True,0.07714516226957047,0.07714516226957047,0.9172142694105704
6,Ob6.txt,30,7715,True,-0.06018815196475513,0.06018815196475513,0.9352635354939416
6,Ob6.txt,31,7741,True,0.0156342066693575,0.0156342066693575,0.9352555725672008
6,Ob6.txt,32,7721,True,-0.0019696342134442046,0.0019696342134442046,0.9277951411390515
6,Ob6.txt,33,7707,True,0.025279503601207814,0.025279503601207814,0.9432428059549557
6,Ob6.txt,34,7764,True,0.021367796537517858,0.021367796537517858,0.9219669572224265
6,Ob6.txt,35,7741,True,-0.0532658484581329,0.0532658484581329,0.922986003517233
6,Ob6.txt,36,7678,True,-0.023170809691289096,0.023170809691289096,0.9164246117971963
6,Ob6.txt,37,7751,True,0.0031497239395735996,0.0031497239395735996,0.9296678591168112
6,Ob6.txt,38,7693,True,-0.0300534156826995,0.0300534156826995,0.9272819551399853
6,Ob6.txt,39,7683,True,0.06428688201661997,0.06428688201661997,0.9190524098607721
6,Ob6.txt,40,7686,True,-0.012358279366300379,0.012358279366300379,0.9311962177283946
6,Ob6.txt,41,7688,True,0.018880995156173253,0.018880995156173253,0.9306738354017465
6,Ob6.txt,42,7732,True,0.02582117483308976,0.02582117483308976,0.9372977693913174
6,Ob6.txt,43,7727,True,0.09758709722827029,0.09758709722827029,0.9255155916171426
6,Ob6.txt,44,7710,True,-0.01235185754940657,0.01235185754940657,0.940896467209426
6,Ob6.txt,45,7740,True,-0.04794606192594775,0.04794606192594775,0.9094376087350611
6,Ob6.txt,46,7728,True,0.005255625856356055,0.005255625856356055,0.919697603359205
6,Ob6.txt,47,7734,True,0.0543114536859046,0.0543114536859046,0.925813269337817
6,Ob6.txt,48,7739,True,-0.10550605633057342,0.10550605633057342,0.9312338401500385
6,Ob6.txt,49,7738,True,0.014285710695178477,0.014285710695178477,0.9354169538502686
6,Ob6.txt,50,7689,True,-0.039544043440836174,0.039544043440836174,0.9322184402195858
6,Ob6.txt,51,7758,True,-0.041912850269873486,0.041912850269873486,0.9206113458384944
6,Ob6.txt,52,7749,True,0.04647509763157698,0.04647509763157698,0.9162357726688217
6,Ob6.txt,53,7711,True,0.06341045823534502,0.06341045823534502,0.9211192092045357
6,Ob6.txt,54,7735,True,-0.03165934700260842,0.03165934700260842,0.9277196167646027
6,Ob6.txt,55,7753,True,-0.01860378218706049,0.01860378218706049,0.9433293471045097
6,Ob6.txt,56,7701,True,-0.0038547719845132,0.0038547719845132,0.929858651266574
6,Ob6.txt,57,7712,True,0.026926604275266747,0.026926604275266747,0.9353818886091868
6,Ob6.txt,58,7704,True,-0.025622083971608922,0.025622083971608922,0.9220784798410526
6,Ob6.txt,59,7704,True,-0.06780932227321923,0.06780932227321923,0.9209467092295383
6,Ob6.txt,60,7689,True,0.033329792811993275,0.033329792811993275,0.9329352004224746
6,Ob6.txt,61,7712,True,0.005439916115359961,0.005439916115359961,0.9354327490481069
6,Ob6.txt,62,7716,True,0.049752128364542056,0.049752128364542056,0.9286508700236471
6,Ob6.txt,63,7746,True,0.03418862854852878,0.03418862854852878,0.9534891814257567
6,Ob6.txt,64,7723,True,-0.0327893802520654,0.0327893802520654,0.9409701068337344
6,Ob6.txt,65,7770,True,0.034422987202170144,0.034422987202170144,0.9283411631268881
6,Ob6.txt,66,7786,True,0.06873255003775719,0.06873255003775719,0.9295609743593172
6,Ob6.txt,67,7773,True,0.02113250158406832,0.02113250158406832,0.9297496127600529
6,Ob6.txt,68,7686,True,-0.034506063721440876,0.034506063721440876,0.9302309022431287
6,Ob6.txt,69,7732,True,-0.023212834700748114,0.023212834700748114,0.944897989019343
6,Ob6.txt,70,7720,True,-0.04529151955004394,0.04529151955004394,0.9228926145734138
6,Ob6.txt,71,7753,True,0.03835447322352886,0.03835447322352886,0.9330902113477944
6,Ob6.txt,72,7739,True,-0.028322096826726706,0.028322096826726706,0.9209082477777253
6,Ob6.txt,73,7748,True,0.07646370862771273,0.07646370862771273,0.9409436536822618
6,Ob6.txt,74,7761,True,-0.009273428149832286,0.009273428149832286,0.9432428059549557
6,Ob6.txt,75,7750,True,-0.070747010830888,0.070747010830888,0.9286508700236471
6,Ob6.txt,76,7733,True,-0.0478965289244586,0.0478965289244586,0.9370869762343501
6,Ob6.txt,77,7678,True,0.021420645929369084,0.021420645929369084,0.9369859783291341
6,Ob6.txt,78,7717,True,-0.027034653378105844,0.027034653378105844,0.9407586246400776
6,Ob6.txt,79,7766,True,0.11430961562104791,0.11430961562104791,0.9431286723995485
6,Ob6.txt,80,7702,True,0.020961589919629094,0.020961589919629094,0.9203822224572114
6,Ob6.txt,81,7693,True,0.018752479848550108,0.018752479848550108,0.9285043284608173
6,Ob6.txt,82,7750,True,0.0035744518947154746,0.0035744518947154746,0.9152428877310644
6,Ob6.txt,83,7707,True,0.00047142711743930477,0.00047142711743930477,0.9255828128209049
6,Ob6.txt,84,7716,True,-0.0475126169466181,0.0475126169466181,0.9157881894026842
6,Ob6.txt,85,7731,True,-0.04631118560065706,0.04631118560065706,0.9285925179694636
6,Ob6.txt,86,7736,True,0.018733727071498965,0.018733727071498965,0.9251695259035598
6,Ob6.txt,87,7702,True,-0.02432559474347605,0.02432559474347605,0.9430886917097352
6,Ob6.txt,88,7713,True,-0.019605668630624185,0.019605668630624185,0.9323110847830255
6,Ob6.txt,89,7684,True,0.004296676436344821,0.004296676436344821,0.9216069487662104
6,Ob6.txt,90,7706,True,0.06456658825808355,0.06456658825808355,0.9340988943020925
6,Ob6.txt,91,7720,True,-0.013784244015475344,0.013784244015475344,0.9249707614067577
6,Ob6.txt,92,7748,True,0.07032076462054165,0.07032076462054165,0.9313443278426425
6,Ob6.txt,93,7741,True,0.003442871766317579,0.003442871766317579,0.9190524098607721
6,Ob6.txt,94,7728,True,0.034690560364001456,0.034690560364001456,0.9276753454077934
6,Ob6.txt,95,7737,True,0.024759139376991146,0.024759139376991146,0.9281202231171867
6,Ob6.txt,96,7709,True,0.09475640240628214,0.09475640240628214,0.916808180427549
6,Ob6.txt,97,7732,True,-0.015533888470353752,0.015533888470353752,0.9422642310611153
6,Ob6.txt,98,7735,True,0.012593443814742922,0.012593443814742922,0.9199187748035834
6,Ob6.txt,99,7745,True,-0.0036198676000421814,0.0036198676000421814,0.9215969753729472
7,Ob7.txt,0,2998,True,-0.04440935859162054,0.04440935859162054,0.9503559611527077
7,Ob7.txt,1,2992,True,-0.11088090131293411,0.11088090131293411,0.9543467233692053
7,Ob7.txt,2,2951,True,-0.007957205377109089,0.007957205377109089,0.951371300871463
7,Ob7.txt,3,2985,True,0.033366169005172475,0.033366169005172475,0.9652531806841262
7,Ob7.txt,4,2972,True,0.07228357330186264,0.07228357330186264,0.9876247167392678
7,Ob7.txt,5,2948,True,0.03210871122728805,0.03210871122728805,0.9563792880197202
7,Ob7.txt,6,2976,True,0.07042486811926407,0.07042486811926407,0.955093140759139
7,Ob7.txt,7,2976,True,-0.12161497681303507,0.12161497681303507,0.9675351527874527
7,Ob7.txt,8,2972,True,0.0032177814789880466,0.0032177814789880466,0.9654946366861317
7,Ob7.txt,9,2968,True,0.007954110542272297,0.007954110542272297,0.9800917243989447
7,Ob7.txt,10,2969,True,0.04165594274942136,0.04165594274942136,0.95121489011381
7,Ob7.txt,11,2978,True,-0.16127672042011043,0.16127672042011043,0.9280301527205719
7,Ob7.txt,12,2951,True,0.09080751219819921,0.09080751219819921,0.9656562722054594
7,Ob7.txt,13,2975,True,-0.10660334309861597,0.10660334309861597,0.9823225037698771
7,Ob7.txt,14,2950,True,-0.022318297023388993,0.022318297023388993,0.97110426519175
7,Ob7.txt,15,2976,True,-0.07810417887760487,0.07810417887760487,0.9797070272715447
7,Ob7.txt,16,2968,True,0.022571910162837366,0.022571910162837366,0.9831918856464377
7,Ob7.txt,17,2956,True,-0.10739142586366279,0.10739142586366279,0.9611019179591045
7,Ob7.txt,18,2978,True,-0.05982174845658528,0.05982174845658528,0.9562129739344705
7,Ob7.txt,19,2973,True,0.0504948947793314,0.0504948947793314,0.960453353399866
7,Ob7.txt,20,2921,True,-0.0365815928217017,0.0365815928217017,0.9530523013214451
7,Ob7.txt,21,2950,True,0.045768293385500314,0.045768293385500314,0.9669845171315814
7,Ob7.txt,22,3002,True,0.04500569432988641,0.04500569432988641,0.957453714306598
7,Ob7.txt,23,2946,True,-0.049844038295788456,0.049844038295788456,0.9871796038151281
7,Ob7.txt,24,2956,True,0.0355774646409443,0.0355774646409443,0.9788040764036668
7,Ob7.txt,25,2986,True,-0.026156013050589275,0.026156013050589275,0.9609985818440501
7,Ob7.txt,26,3025,True,-0.01900376354238653,0.01900376354238653,0.9492724929120435
7,Ob7.txt,27,2943,True,0.11640740927114188,0.11640740927114188,0.9771686103908078
7,Ob7.txt,28,2997,True,0.044488789759807135,0.044488789759807135,0.970233979772495
7,Ob7.txt,29,3021,True,-0.012678227715250207,0.012678227715250207,0.9634595447158124
7,Ob7.txt,30,2991,True,-0.01725209664680194,0.01725209664680194,0.9938079870657163
7,Ob7.txt,31,2965,True,0.021170021142276618,0.021170021142276618,0.9542200219075058
7,Ob7.txt,32,2930,True,0.14739289942566772,0.14739289942566772,0.9802442506916839
7,Ob7.txt,33,2973,True,0.09828390608635429,0.09828390608635429,0.9457283382006221
7,Ob7.txt,34,3000,True,0.04598013194404532,0.04598013194404532,0.9722111837876178
7,Ob7.txt,35,2968,True,-0.06612493623286282,0.06612493623286282,0.975037358272631
7,Ob7.txt,36,2944,True,-0.0863790614815039,0.0863790614815039,0.9673568270370024
7,Ob7.txt,37,2973,True,-0.04475524873097436,0.04475524873097436,0.987232526636942
7,Ob7.txt,38,2964,True,0.028569593203251337,0.028569593203251337,0.9796740861241645
7,Ob7.txt,39,3002,True,-0.011264444290949586,0.011264444290949586,0.9460064526592361
7,Ob7.txt,40,2964,True,0.14834732074620383,0.14834732074620383,0.9624413630207022
7,Ob7.txt,41,2981,True,-0.06287492491947366,0.06287492491947366,0.9913907320124825
7,Ob7.txt,42,2966,True,-0.02048630807458418,0.02048630807458418,0.9531894056145228
7,Ob7.txt,43,2988,True,0.047245864013566126,0.047245864013566126,0.9545160318142885
7,Ob7.txt,44,2958,True,-0.01817590681947295,0.01817590681947295,1.0018876743444156
7,Ob7.txt,45,2947,True,0.11190396862296281,0.11190396862296281,0.9653716753080935
7,Ob7.txt,46,2982,True,-0.1351596330727349,0.1351596330727349,0.9654946366861317
7,Ob7.txt,47,2993,True,-0.11776092703130958,0.11776092703130958,0.9692794788760976
7,Ob7.txt,48,2965,True,-0.10901293369795262,0.10901293369795262,0.9892931410857142
7,Ob7.txt,49,2959,True,-0.036151919099514984,0.036151919099514984,0.9769450174586114
7,Ob7.txt,50,2965,True,0.04164243284265545,0.04164243284265545,0.9564684211385637
7,Ob7.txt,51,2921,True,-0.021909971972612907,0.021909971972612907,0.9729724843686759
7,Ob7.txt,52,2978,True,0.01718671502903965,0.01718671502903965,0.954389330352589
7,Ob7.txt,53,2965,True,-0.10026077155675249,0.10026077155675249,0.9823225037698771
7,Ob7.txt,54,2987,True,0.012314739033789712,0.012314739033789712,0.9714498832065598
7,Ob7.txt,55,2844,True,0.001183866721135799,0.001183866721135799,0.9716436832416677
7,Ob7.txt,56,2901,True,0.0853898766641049,0.0853898766641049,0.9533265099076005
7,Ob7.txt,57,2971,True,-0.014115263065534123,0.014115263065534123,0.9718488969068275
7,Ob7.txt,58,2943,True,0.18851754437231505,0.18851754437231505,0.9707286541883979
7,Ob7.txt,59,2999,True,-0.11079283853542551,0.11079283853542551,0.9427742504015915
7,Ob7.txt,60,2994,True,-0.10699313007106734,0.10699313007106734,0.9537705915717577
7,Ob7.txt,61,2947,True,-0.08751777357971396,0.08751777357971396,0.9656125741423243
7,Ob7.txt,62,3000,True,-0.12701854581106176,0.12701854581106176,0.9774904685335921
7,Ob7.txt,63,2991,True,-0.2148624344783933,0.2148624344783933,0.9804754536350133
7,Ob7.txt,64,2956,True,0.09664742697860071,0.09664742697860071,0.9674321795649177
7,Ob7.txt,65,2930,True,-0.12169106623922082,0.12169106623922082,0.9967680679957065
7,Ob7.txt,66,2972,True,0.049844038295788456,0.049844038295788456,0.96702829724562
7,Ob7.txt,67,2958,True,0.0628428251970205,0.0628428251970205,0.9699378824945823
7,Ob7.txt,68,2977,True,-0.14917072160505068,0.14917072160505068,0.9699761573494549
7,Ob7.txt,69,2985,True,0.010023559981447001,0.010023559981447001,0.962217201869521
7,Ob7.txt,70,3021,True,-0.05295408725141515,0.05295408725141515,0.9313193394080514
7,Ob7.txt,71,2982,True,0.01098220875491263,0.01098220875491263,0.9871796038151281
7,Ob7.txt,72,2954,True,0.013136950551898986,0.013136950551898986,0.9787404142180396
7,Ob7.txt,73,2970,True,-0.10747081684073745,0.10747081684073745,0.9583598746666098
7,Ob7.txt,74,2978,True,-0.015236529027723322,0.015236529027723322,0.9463545320973319
7,Ob7.txt,75,3037,True,-0.006402030485822552,0.006402030485822552,0.9606472582285845
7,Ob7.txt,76,2962,True,-0.017667008197898793,0.017667008197898793,0.9941151166082036
7,Ob7.txt,77,2982,True,0.11302191755962326,0.11302191755962326,0.978434823329379
7,Ob7.txt,78,2981,True,0.0026433723821941424,0.0026433723821941424,0.9778703173928138
7,Ob7.txt,79,2951,True,-0.1710577557766778,0.1710577557766778,0.9798030533733708
7,Ob7.txt,80,2976,True,-0.1417002518017787,0.1417002518017787,0.9686310330717989
7,Ob7.txt,81,2932,True,0.05974109698957067,0.05974109698957067,0.9672100737004287
7,Ob7.txt,82,2971,True,-0.011940857528378257,0.011940857528378257,0.9938079870657163
7,Ob7.txt,83,2942,True,-0.09140402085461774,0.09140402085461774,0.9766106645010633
7,Ob7.txt,84,2938,True,-0.07442994381627108,0.07442994381627108,0.9835803709254719
7,Ob7.txt,85,2969,True,-0.0013229689193865468,0.0013229689193865468,0.954789269200728
7,Ob7.txt,86,2966,True,-0.10225533657813025,0.10225533657813025,0.9968047407866487
7,Ob7.txt,87,3015,True,-0.11776092703130958,0.11776092703130958,0.9871266809933144
7,Ob7.txt,88,2967,True,0.09195681118541041,0.09195681118541041,0.9544734248309048
7,Ob7.txt,89,2972,True,0.04481424773657072,0.04481424773657072,0.9589385127668368
7,Ob7.txt,90,2946,True,-0.06867869231367352,0.06867869231367352,0.9717877017769099
7,Ob7.txt,91,2989,True,-0.1262156089701248,0.1262156089701248,0.983708632020768
7,Ob7.txt,92,2901,True,0.11957939418512076,0.11957939418512076,0.9656175980641699
7,Ob7.txt,93,2986,True,0.01023851377840393,0.01023851377840393,0.9710835618824529
7,Ob7.txt,94,2950,True,0.012168166222752907,0.012168166222752907,0.9669444001391275
7,Ob7.txt,95,2932,True,0.07367704438134665,0.07367704438134665,0.9775993872163284
7,Ob7.txt,96,2998,True,0.027420510945729865,0.027420510945729865,0.9579421446714933
7,Ob7.txt,97,2951,True,0.07603210158154661,0.07603210158154661,0.9430632125410476
7,Ob7.txt,98,2943,True,0.08974489246234363,0.08974489246234363,0.9841016922913663
7,Ob7.txt,99,3000,True,-0.08043002890085482,0.08043002890085482,0.9892350961452562
8,Ob8.txt,0,7111,True,-0.02993639583947494,0.02993639583947494,0.9688376219503524
8,Ob8.txt,1,7124,True,0.08511534292532036,0.08511534292532036,0.9695691638799598
8,Ob8.txt,2,7131,True,-0.041430145830292975,0.041430145830292975,0.9476151861520946
8,Ob8.txt,3,7133,True,-0.0401932484386716,0.0401932484386716,0.964651794780479
8,Ob8.txt,4,7130,True,-0.0036098065369677412,0.0036098065369677412,0.940816485097024
8,Ob8.txt,5,7119,True,-0.0909387388516339,0.0909387388516339,0.9491967520106822
8,Ob8.txt,6,7116,True,-0.09473475023335415,0.09473475023335415,0.9485153496953791
8,Ob8.txt,7,7103,True,0.032126546017288704,0.032126546017288704,0.972821869103702
8,Ob8.txt,8,7156,True,-0.035504739157438764,0.035504739157438764,0.9644976389387878
8,Ob8.txt,9,7180,True,-0.041972348847036295,0.041972348847036295,0.9542404503840927
8,Ob8.txt,10,7134,True,0.028377064005618437,0.028377064005618437,0.9625996645301956
8,Ob8.txt,11,7164,True,-0.030119895376012916,0.030119895376012916,0.9743335551841026
8,Ob8.txt,12,7145,True,0.013485271361012185,0.013485271361012185,0.9638837876129193
8,Ob8.txt,13,7184,True,-0.05635234782129622,0.05635234782129622,0.9648460828086481
8,Ob8.txt,14,7182,True,-0.02227714129035635,0.02227714129035635,0.9512271607473799
8,Ob8.txt,15,7144,True,-0.05190928555195998,0.05190928555195998,0.9515880441198239
8,Ob8.txt,16,7118,True,0.01436730221152241,0.01436730221152241,0.9632956606448047
8,Ob8.txt,17,7112,True,-0.04109493210399273,0.04109493210399273,0.9496171599943248
8,Ob8.txt,18,7132,True,0.04586161623419066,0.04586161623419066,0.946785330707065
8,Ob8.txt,19,7069,True,-0.012660983817221472,0.012660983817221472,0.9739499538687169
8,Ob8.txt,20,7122,True,0.04521322877487306,0.04521322877487306,0.9528625447340098
8,Ob8.txt,21,7139,True,-0.008519951168486598,0.008519951168486598,0.968524858220996
8,Ob8.txt,22,7104,True,0.01762585723791521,0.01762585723791521,0.946858555051074
8,Ob8.txt,23,7132,True,-0.042602159143865725,0.042602159143865725,0.9512011260363396
8,Ob8.txt,24,7067,True,-0.12336963989902106,0.12336963989902106,0.9652295118855777
8,Ob8.txt,25,7147,True,0.12433006112622441,0.12433006112622441,0.9526321707953682
8,Ob8.txt,26,7152,True,0.026758374916581465,0.026758374916581465,0.972813343184806
8,Ob8.txt,27,7076,True,0.08317191635056631,0.08317191635056631,0.9442378244071664
8,Ob8.txt,28,7159,True,-0.020043228228148635,0.020043228228148635,0.9646781741870585
8,Ob8.txt,29,7126,True,-0.03285855907940255,0.03285855907940255,0.9582601584449408
8,Ob8.txt,30,7153,True,-0.0173118674830805,0.0173118674830805,0.9619275519219512
8,Ob8.txt,31,7092,True,0.03256908027115871,0.03256908027115871,0.9650080789180281
8,Ob8.txt,32,7124,True,-0.003769844037257941,0.003769844037257941,0.9538527013764382
8,Ob8.txt,33,7166,True,-0.065479928684886,0.065479928684886,0.9849578897035467
8,Ob8.txt,34,7132,True,-0.07389891440488988,0.07389891440488988,0.9546894661319111
8,Ob8.txt,35,7149,True,0.02993639583947494,0.02993639583947494,0.9675512965917257
8,Ob8.txt,36,7127,True,0.06672079840712142,0.06672079840712142,0.9646029956224111
8,Ob8.txt,37,7165,True,0.0580860830958545,0.0580860830958545,0.9615464599640828
8,Ob8.txt,38,7176,True,0.013979186570699229,0.013979186570699229,0.933370722657419
8,Ob8.txt,39,7070,True,-0.0222618062840551,0.0222618062840551,0.9459693060380443
8,Ob8.txt,40,7142,True,0.07947057072143107,0.07947057072143107,0.9741342679106935
8,Ob8.txt,41,7159,True,0.04510939372985989,0.04510939372985989,0.9489778332790324
8,Ob8.txt,42,7117,True,0.059303633139332596,0.059303633139332596,0.9429532674427213
8,Ob8.txt,43,7122,True,0.04465538687342663,0.04465538687342663,0.960375825042007
8,Ob8.txt,44,7127,True,0.0007724483102146684,0.0007724483102146684,0.9671343533645231
8,Ob8.txt,45,7131,True,0.016326847273534062,0.016326847273534062,0.9522741958295126
8,Ob8.txt,46,7089,True,0.059390889470098795,0.059390889470098795,0.9580431829082353
8,Ob8.txt,47,7114,True,-0.06306826652362763,0.06306826652362763,0.9579930341501732
8,Ob8.txt,48,7147,True,0.03419331672064441,0.03419331672064441,0.968524858220996
8,Ob8.txt,49,7128,True,-0.07234994864708387,0.07234994864708387,0.958688516998526
8,Ob8.txt,50,7111,True,-0.05524596550946781,0.05524596550946781,0.9735371945091562
8,Ob8.txt,51,7137,True,-0.09213523537414248,0.09213523537414248,0.972821869103702
8,Ob8.txt,52,7102,True,-0.08868066869458127,0.08868066869458127,0.9620819523893179
8,Ob8.txt,53,7128,True,-0.06186083092033101,0.06186083092033101,0.9539215035601343
8,Ob8.txt,54,7194,True,-0.02391274421483533,0.02391274421483533,0.9462091951683342
8,Ob8.txt,55,7180,True,-0.07455045984639302,0.07455045984639302,0.9470832396305707
8,Ob8.txt,56,7145,True,0.01549542375157964,0.01549542375157964,0.9598326856884565
8,Ob8.txt,57,7118,True,-0.05437773551385591,0.05437773551385591,0.963910058930798
8,Ob8.txt,58,7095,True,-0.011458777406418319,0.011458777406418319,0.9462411688369217
8,Ob8.txt,59,7150,True,-0.025291583627888067,0.025291583627888067,0.9614490401800149
8,Ob8.txt,60,7083,True,0.002207820395656257,0.002207820395656257,0.9615464599640828
8,Ob8.txt,61,7084,True,-0.023632330133185414,0.023632330133185414,0.9532400052976779
8,Ob8.txt,62,7139,True,-0.05371911021881837,0.05371911021881837,0.9476222430094088
8,Ob8.txt,63,7163,True,-0.09541205980904582,0.09541205980904582,0.9532021139163039
8,Ob8.txt,64,7167,True,0.024690207310122614,0.024690207310122614,0.951481906838581
8,Ob8.txt,65,7160,True,-0.02513987901270453,0.02513987901270453,0.9569106098831464
8,Ob8.txt,66,7164,True,0.011669315860595941,0.011669315860595941,0.9551051755229587
8,Ob8.txt,67,7097,True,-0.06438268291253779,0.06438268291253779,0.9466077280916325
8,Ob8.txt,68,7085,True,0.10734694560836183,0.10734694560836183,0.9546599800038441
8,Ob8.txt,69,7135,True,-0.009682846451376903,0.009682846451376903,0.9639682715213458
8,Ob8.txt,70,7069,True,0.0362878459305126,0.0362878459305126,0.9654776443455546
8,Ob8.txt,71,7135,True,0.0267026386021324,0.0267026386021324,0.9429532674427213
8,Ob8.txt,72,7212,True,-0.07340355361004289,0.07340355361004289,0.9630607342490141
8,Ob8.txt,73,7134,True,0.014819585574801272,0.014819585574801272,0.9629322450569129
8,Ob8.txt,74,7123,True,-0.04027291660383292,0.04027291660383292,0.9633715360543412
8,Ob8.txt,75,7107,True,0.06266990387952776,0.06266990387952776,0.9490070278587333
8,Ob8.txt,76,7199,True,0.021392188610532048,0.021392188610532048,0.974272882445819
8,Ob8.txt,77,7166,True,-0.002747126075719891,0.002747126075719891,0.952815043190974
8,Ob8.txt,78,7164,True,0.07224768402676418,0.07224768402676418,0.9706555322990159
8,Ob8.txt,79,7134,True,-0.002149508964279706,0.002149508964279706,0.9496772379285512
8,Ob8.txt,80,7151,True,0.00294719087721651,0.00294719087721651,0.9539576380888795
8,Ob8.txt,81,7115,True,0.0016641397711839867,0.0016641397711839867,0.9768548734121536
8,Ob8.txt,82,7151,True,-0.015555568417336962,0.015555568417336962,0.9578061349475797
8,Ob8.txt,83,7125,True,0.002530667041710455,0.002530667041710455,0.9639363302486766
8,Ob8.txt,84,7150,True,-0.04907120096397399,0.04907120096397399,0.9670102473576644
8,Ob8.txt,85,7176,True,0.16094385704207675,0.16094385704207675,0.9538313872747174
8,Ob8.txt,86,7148,True,0.05580077552017537,0.05580077552017537,0.9631829045954214
8,Ob8.txt,87,7151,True,-0.1074177301561905,0.1074177301561905,0.9654776443455546
8,Ob8.txt,88,7116,True,0.024696208312481704,0.024696208312481704,0.9831943627805073
8,Ob8.txt,89,7073,True,-0.08011800079344633,0.08011800079344633,0.9674250037591026
8,Ob8.txt,90,7073,True,0.02060673436534083,0.02060673436534083,0.9598326856884565
8,Ob8.txt,91,7141,True,0.06648575936422019,0.06648575936422019,0.9678880711269855
8,Ob8.txt,92,7141,True,-0.028003171171952168,0.028003171171952168,0.9515127693894051
8,Ob8.txt,93,7146,True,-0.01266140153174379,0.01266140153174379,0.9710323193461482
8,Ob8.txt,94,7135,True,-0.039951093118472225,0.039951093118472225,0.9697847871108987
8,Ob8.txt,95,7139,True,-0.07539804449460574,0.07539804449460574,0.9498624710046208
8,Ob8.txt,96,7174,True,0.03157024860646085,0.03157024860646085,0.9456977616239453
8,Ob8.txt,97,7142,True,-0.033622073881643844,0.033622073881643844,0.9597449002038998
8,Ob8.txt,98,7122,True,0.048547446695287697,0.048547446695287697,0.9478518086043771
8,Ob8.txt,99,7066,True,0.035186944068141685,0.035186944068141685,0.9689663439282242
9,Ob9.txt,0,2564,True,-0.1271905769117893,0.1271905769117893,0.9724882280872056
9,Ob9.txt,1,2669,True,-0.042237278767607,0.042237278767607,0.9880255285201507
9,Ob9.txt,2,2641,True,0.02446079474321139,0.02446079474321139,0.97741509531221
9,Ob9.txt,3,2604,True,-0.052967976004250045,0.052967976004250045,0.9621128491172533
9,Ob9.txt,4,2664,True,-0.032663505170658205,0.032663505170658205,0.9547777098695491
9,Ob9.txt,5,2626,True,-0.057842697041672,0.057842697041672,0.9864091463557246
9,Ob9.txt,6,2606,True,0.07036490218557467,0.07036490218557467,0.9850279067676606
9,Ob9.txt,7,2598,True,-0.03473425486723433,0.03473425486723433,0.9688205951446891
9,Ob9.txt,8,2614,True,-0.015798653182261868,0.015798653182261868,0.9758954333116305
9,Ob9.txt,9,2627,True,0.06809580073466004,0.06809580073466004,0.9915672182342301
9,Ob9.txt,10,2671,True,-0.06026585323737477,0.06026585323737477,0.9725220086548243
9,Ob9.txt,11,2590,True,0.02022091147876598,0.02022091147876598,0.9427430191191782
9,Ob9.txt,12,2656,True,0.010009222760709549,0.010009222760709549,0.967198834165719
9,Ob9.txt,13,2612,True,0.1030590060660378,0.1030590060660378,0.9895547218529654
9,Ob9.txt,14,2618,True,-0.057406095938210444,0.057406095938210444,0.9511393553959975
9,Ob9.txt,15,2620,True,0.08782620558437412,0.08782620558437412,0.996337549260565
9,Ob9.txt,16,2608,True,0.030354417578347958,0.030354417578347958,0.9712364786827141
9,Ob9.txt,17,2619,True,0.051802665038657,0.051802665038657,0.97515293182675
9,Ob9.txt,18,2579,True,0.02647496150393469,0.02647496150393469,0.9461218419255124
9,Ob9.txt,19,2623,True,0.005545173784231194,0.005545173784231194,0.9683169199106161
9,Ob9.txt,20,2615,True,0.0466649339050793,0.0466649339050793,0.9617593185180908
9,Ob9.txt,21,2650,True,0.10203933938862608,0.10203933938862608,1.0104197315617907
9,Ob9.txt,22,2613,True,-0.09180905442419474,0.09180905442419474,0.9943547284292535
9,Ob9.txt,23,2637,True,0.16581763332200739,0.16581763332200739,1.0031211099296837
9,Ob9.txt,24,2594,True,-0.002291904541411559,0.002291904541411559,0.9955720806455532
9,Ob9.txt,25,2644,True,-0.008733986886492323,0.008733986886492323,0.954991799679172
9,Ob9.txt,26,2623,True,-0.05498847349609459,0.05498847349609459,0.9902164236699733
9,Ob9.txt,27,2602,True,0.026035460677299636,0.026035460677299636,0.9703670499317163
9,Ob9.txt,28,2615,True,0.009464250308784172,0.009464250308784172,0.9626834175513408
9,Ob9.txt,29,2641,True,0.08150211042895811,0.08150211042895811,0.9902164236699733
9,Ob9.txt,30,2608,True,-0.03814994310870873,0.03814994310870873,0.9701841344445381
9,Ob9.txt,31,2638,True,0.0023778455679180355,0.0023778455679180355,0.9770523826356549
9,Ob9.txt,32,2616,True,0.11600491343309768,0.11600491343309768,0.9807611846695523
9,Ob9.txt,33,2619,True,-0.0768953349971164,0.0768953349971164,0.9767894423640116
9,Ob9.txt,34,2605,True,-0.0267686453627886,0.0267686453627886,0.9814573712651965
9,Ob9.txt,35,2657,True,-0.12477123378199406,0.12477123378199406,0.9693861762588383
9,Ob9.txt,36,2642,True,0.08185087502170726,0.08185087502170726,0.9823438643494994
9,Ob9.txt,37,2666,True,-0.009980143622030549,0.009980143622030549,0.97601031118082
9,Ob9.txt,38,2673,True,-0.1404481206877719,0.1404481206877719,0.9394625828894589
9,Ob9.txt,39,2618,True,-0.01989866827128564,0.01989866827128564,0.9912373215206673
9,Ob9.txt,40,2538,True,0.033799668631245436,0.033799668631245436,0.9577911346202246
9,Ob9.txt,41,2617,True,0.16974244231418673,0.16974244231418673,0.9714908647351905
9,Ob9.txt,42,2645,True,-0.09869618162705851,0.09869618162705851,0.9643291136859679
9,Ob9.txt,43,2645,True,-0.02499003309310255,0.02499003309310255,0.9894707356319152
9,Ob9.txt,44,2660,True,0.010664138809485885,0.010664138809485885,0.9669369438201889
9,Ob9.txt,45,2634,True,-0.04905632425200486,0.04905632425200486,0.9714969531333879
9,Ob9.txt,46,2640,True,-0.003508276358665241,0.003508276358665241,0.9624913782407315
9,Ob9.txt,47,2664,True,-0.03452295932246939,0.03452295932246939,0.9832589723476595
9,Ob9.txt,48,2641,True,0.0124734927917195,0.0124734927917195,0.9980780332372596
9,Ob9.txt,49,2623,True,0.025509576056369943,0.025509576056369943,0.9791813159136294
9,Ob9.txt,50,2649,True,-0.021266397905315593,0.021266397905315593,0.9776112867202198
9,Ob9.txt,51,2654,True,-0.013341106888411697,0.013341106888411697,1.0036339603129663
9,Ob9.txt,52,2608,True,-0.1256111469942789,0.1256111469942789,0.9912373215206673
9,Ob9.txt,53,2651,True,-0.07854070443321859,0.07854070443321859,0.976919206922982
9,Ob9.txt,54,2581,True,-0.00120463344542876,0.00120463344542876,0.9776112867202198
9,Ob9.txt,55,2630,True,0.07502230805093289,0.07502230805093289,0.9754660697287277
9,Ob9.txt,56,2580,True,0.06497450644067193,0.06497450644067193,0.9568781472123506
9,Ob9.txt,57,2634,True,0.06733953128792036,0.06733953128792036,0.9914792391279776
9,Ob9.txt,58,2623,True,-0.0665832618411807,0.0665832618411807,0.9782795947197465
9,Ob9.txt,59,2637,True,0.13496286923539103,0.13496286923539103,0.9744116247942672
9,Ob9.txt,60,2588,True,0.04564065045223402,0.04564065045223402,0.9633474268009742
9,Ob9.txt,61,2586,True,-0.08861513767946072,0.08861513767946072,0.9599673926391117
9,Ob9.txt,62,2676,True,-0.0001565819908110888,0.0001565819908110888,0.9841917968771926
9,Ob9.txt,63,2587,True,0.06528664160194686,0.06528664160194686,0.9714908647351905
9,Ob9.txt,64,2596,True,-0.07002062330943348,0.07002062330943348,0.9990473301416023
9,Ob9.txt,65,2635,True,-0.07132891703147742,0.07132891703147742,0.986836937452167
9,Ob9.txt,66,2667,True,0.09718666650777971,0.09718666650777971,0.9791379096830468
9,Ob9.txt,67,2616,True,-0.07361654983511925,0.07361654983511925,0.9645476785279692
9,Ob9.txt,68,2636,True,0.05129905463290799,0.05129905463290799,0.9749428227449721
9,Ob9.txt,69,2625,True,-0.003072439248446579,0.003072439248446579,0.9890777106236397
9,Ob9.txt,70,2608,True,0.11440242470280942,0.11440242470280942,0.9848578747101229
9,Ob9.txt,71,2612,True,0.0004845281631388129,0.0004845281631388129,0.9888225696373674
9,Ob9.txt,72,2685,True,0.12207455741012874,0.12207455741012874,0.9611652546456344
9,Ob9.txt,73,2634,True,-0.05004073878888454,0.05004073878888454,0.9621128491172533
9,Ob9.txt,74,2632,True,0.04917136463682949,0.04917136463682949,0.9847919938759356
9,Ob9.txt,75,2614,True,-0.05463389463174366,0.05463389463174366,0.9559711099452439
9,Ob9.txt,76,2669,True,-0.022148982646206405,0.022148982646206405,0.9717525053379052
9,Ob9.txt,77,2603,True,-0.006510517117239378,0.006510517117239378,1.0063230725827228
9,Ob9.txt,78,2638,True,0.009187693885937265,0.009187693885937265,0.9726968587122525
9,Ob9.txt,79,2637,True,-0.0228152807656377,0.0228152807656377,0.9708877786903066
9,Ob9.txt,80,2664,True,-0.030178928774332925,0.030178928774332925,0.9783609778941152
9,Ob9.txt,81,2625,True,-0.0595014938410231,0.0595014938410231,0.9925497871967548
9,Ob9.txt,82,2642,True,0.007874542821520905,0.007874542821520905,0.9691489749659188
9,Ob9.txt,83,2612,True,0.025578143854251487,0.025578143854251487,0.9761364746159482
9,Ob9.txt,84,2619,True,0.11149921958825951,0.11149921958825951,0.9809876606009317
9,Ob9.txt,85,2624,True,-0.0317276485593921,0.0317276485593921,0.9823665295740087
9,Ob9.txt,86,2627,True,-0.005620175482675016,0.005620175482675016,0.9840283226696427
9,Ob9.txt,87,2569,True,-0.0855022825551296,0.0855022825551296,0.9880255285201507
9,Ob9.txt,88,2610,True,0.09998143416776548,0.09998143416776548,0.9621128491172533
9,Ob9.txt,89,2663,True,0.07142584163502147,0.07142584163502147,0.9630850189898905
9,Ob9.txt,90,2666,True,0.005442285944196906,0.005442285944196906,0.9799927646539823
9,Ob9.txt,91,2597,True,0.061620670546118694,0.061620670546118694,0.9604848519315262
9,Ob9.txt,92,2655,True,-0.0032028406426098943,0.0032028406426098943,0.97741509531221
9,Ob9.txt,93,2678,True,0.024815335575575775,0.024815335575575775,0.9749602598841294
9,Ob9.txt,94,2610,True,0.04524835509212924,0.04524835509212924,0.9641880389910141
9,Ob9.txt,95,2629,True,0.05009429143212219,0.05009429143212219,0.9561996365868661
9,Ob9.txt,96,2635,True,-0.024595498799489218,0.024595498799489218,0.9744370129003738
9,Ob9.txt,97,2654,True,-0.024881535367511032,0.024881535367511032,0.9836949379026785
9,Ob9.txt,98,2582,True,-0.1376223415724005,0.1376223415724005,0.9958358813445805
9,Ob9.txt,99,2605,True,-0.07367695762663648,0.07367695762663648,0.9754835068678849
10,Ob10.txt,0,5204,True,0.07017437751236943,0.07017437751236943,0.9152422083263982
10,Ob10.txt,1,5138,True,0.004823167596327782,0.004823167596327782,0.9116990880426958
10,Ob10.txt,2,5183,True,0.0834788872615897,0.0834788872615897,0.8932223941840508
10,Ob10.txt,3,5257,True,0.011022711537196993,0.011022711537196993,0.9191921626196459
10,Ob10.txt,4,5175,True,-0.0812383820387631,0.0812383820387631,0.9182610637425301
10,Ob10.txt,5,5206,True,-0.005868996340101212,0.005868996340101212,0.9042582229083882
10,Ob10.txt,6,5214,True,-0.030204659242881748,0.030204659242881748,0.929268870943655
10,Ob10.txt,7,5156,True,0.03245759603899449,0.03245759603899449,0.9131592009609444
10,Ob10.txt,8,5204,True,0.07742855615820587,0.07742855615820587,0.9187865891835303
10,Ob10.txt,9,5235,True,0.028349091686764916,0.028349091686764916,0.9245426626588424
10,Ob10.txt,10,5164,True,0.07013942980071211,0.07013942980071211,0.912046830645941
10,Ob10.txt,11,5215,True,0.06462300409896293,0.06462300409896293,0.9110242689544596
10,Ob10.txt,12,5196,True,-0.05684507226676136,0.05684507226676136,0.9241050131704323
10,Ob10.txt,13,5187,True,-0.044922595870453,0.044922595870453,0.9086940607921661
10,Ob10.txt,14,5184,True,-0.012952843039324924,0.012952843039324924,0.9090012837492789
10,Ob10.txt,15,5197,True,0.03326742578193553,0.03326742578193553,0.9023829634484373
10,Ob10.txt,16,5170,True,-0.1123945855266439,0.1123945855266439,0.9016128670306773
10,Ob10.txt,17,5153,True,0.05469448446744396,0.05469448446744396,0.9152806780165588
10,Ob10.txt,18,5186,True,0.017471625487601145,0.017471625487601145,0.9046120246772016
10,Ob10.txt,19,5185,True,0.0033012789204072135,0.0033012789204072135,0.9193677929313253
10,Ob10.txt,20,5189,True,0.18690303107541517,0.18690303107541517,0.9087277605212648
10,Ob10.txt,21,5190,True,-0.050200156864277146,0.050200156864277146,0.9113881224797287
10,Ob10.txt,22,5141,True,-0.04405070535401409,0.04405070535401409,0.9333207866256149
10,Ob10.txt,23,5262,True,-0.0031521207783133665,0.0031521207783133665,0.9237157051732119
10,Ob10.txt,24,5214,True,0.0815245901066396,0.0815245901066396,0.9211128606992371
10,Ob10.txt,25,5235,True,0.03799515252493613,0.03799515252493613,0.9165270017296087
10,Ob10.txt,26,5163,True,0.008977270274178162,0.008977270274178162,0.8911855332173958
10,Ob10.txt,27,5205,True,-0.01568463766445627,0.01568463766445627,0.9044906953953087
10,Ob10.txt,28,5182,True,0.003862284212851126,0.003862284212851126,0.9094843265669557
10,Ob10.txt,29,5163,True,0.019628846677733014,0.019628846677733014,0.9155414655898859
10,Ob10.txt,30,5209,True,0.028462518164628692,0.028462518164628692,0.9065236734757994
10,Ob10.txt,31,5197,True,0.0151673096381999,0.0151673096381999,0.9148031421979915
10,Ob10.txt,32,5235,True,-0.0837084017020896,0.0837084017020896,0.9166016846966752
10,Ob10.txt,33,5246,True,-0.047684063584109204,0.047684063584109204,0.8885587841307784
10,Ob10.txt,34,5198,True,-4.579686705913355e-05,4.579686705913355e-05,0.9170660433985931
10,Ob10.txt,35,5147,True,-0.011022711537196993,0.011022711537196993,0.915543347518694
10,Ob10.txt,36,5188,True,0.036356214827344094,0.036356214827344094,0.9135994110708053
10,Ob10.txt,37,5219,True,0.029313371248253006,0.029313371248253006,0.8940757821464738
10,Ob10.txt,38,5155,True,0.0074794255590497905,0.0074794255590497905,0.9192242284233199
10,Ob10.txt,39,5197,True,-0.0058621245114945375,0.0058621245114945375,0.8993342142067844
10,Ob10.txt,40,5142,True,0.0030793994241923583,0.0030793994241923583,0.9034235857520792
10,Ob10.txt,41,5188,True,-0.04106943358095344,0.04106943358095344,0.9275318482176452
10,Ob10.txt,42,5204,True,-0.09552559392588994,0.09552559392588994,0.9188356564131845
10,Ob10.txt,43,5164,True,-0.03485791719881737,0.03485791719881737,0.9049691431626871
10,Ob10.txt,44,5261,True,0.04502194072858101,0.04502194072858101,0.9030665849834042
10,Ob10.txt,45,5239,True,-0.01090943020921449,0.01090943020921449,0.9122653803941814
10,Ob10.txt,46,5219,True,-0.05643724965028296,0.05643724965028296,0.9175155734050895
10,Ob10.txt,47,5214,True,-0.08228297041538356,0.08228297041538356,0.9193250878919126
10,Ob10.txt,48,5192,True,0.030908963095556435,0.030908963095556435,0.893085566006502
10,Ob10.txt,49,5203,True,0.03305346873882159,0.03305346873882159,0.9077053543776923
10,Ob10.txt,50,5183,True,-0.02601806285049335,0.02601806285049335,0.9077053543776923
10,Ob10.txt,51,5236,True,0.04522592737847195,0.04522592737847195,0.9131660946125326
10,Ob10.txt,52,5206,True,0.046629928703736195,0.046629928703736195,0.9046677855300846
10,Ob10.txt,53,5212,True,0.0576170531177727,0.0576170531177727,0.9109460131381621
10,Ob10.txt,54,5154,True,-0.06017493779118588,0.06017493779118588,0.9118918033969272
10,Ob10.txt,55,5142,True,-0.050889976218239014,0.050889976218239014,0.9108567616014129
10,Ob10.txt,56,5210,True,-0.015139421740000651,0.015139421740000651,0.9375252158859944
10,Ob10.txt,57,5185,True,0.028457196953721897,0.028457196953721897,0.9046022171010746
10,Ob10.txt,58,5176,True,-0.007852181902523778,0.007852181902523778,0.9217633999782585
10,Ob10.txt,59,5179,True,0.041619483236554844,0.041619483236554844,0.9194580131641792
10,Ob10.txt,60,5162,True,0.007341914165339775,0.007341914165339775,0.9042582229083882
10,Ob10.txt,61,5138,True,0.0033604993128107663,0.0033604993128107663,0.9052675314962475
10,Ob10.txt,62,5204,True,-0.00893727734457156,0.00893727734457156,0.9069825226441602
10,Ob10.txt,63,5172,True,0.009250349909662359,0.009250349909662359,0.9261445625807541
10,Ob10.txt,64,5170,True,0.061079732103444175,0.061079732103444175,0.8907672475522471
10,Ob10.txt,65,5258,True,-0.0010116586700540248,0.0010116586700540248,0.9103136397296157
10,Ob10.txt,66,5158,True,0.050679242392830615,0.050679242392830615,0.9160789894909913
10,Ob10.txt,67,5158,True,-0.0056142852145260325,0.0056142852145260325,0.9293291250210258
10,Ob10.txt,68,5241,True,-0.09857124189720318,0.09857124189720318,0.9338993292290605
10,Ob10.txt,69,5199,True,-0.005554845771581274,0.005554845771581274,0.9040257504214677
10,Ob10.txt,70,5187,True,-0.02288509915545911,0.02288509915545911,0.921013201105349
10,Ob10.txt,71,5176,True,0.03051468250254108,0.03051468250254108,0.9024335987460841
10,Ob10.txt,72,5202,True,-0.10337963156328589,0.10337963156328589,0.9211130602759232
10,Ob10.txt,73,5213,True,0.06263834958315573,0.06263834958315573,0.9098734929914514
10,Ob10.txt,74,5209,True,0.07377223892846696,0.07377223892846696,0.9077409422864233
10,Ob10.txt,75,5158,True,0.04206764263639978,0.04206764263639978,0.9122750773621175
10,Ob10.txt,76,5201,True,-0.06867588567400695,0.06867588567400695,0.9102737751152504
10,Ob10.txt,77,5174,True,0.0529356575598583,0.0529356575598583,0.9132278816054245
10,Ob10.txt,78,5165,True,0.030739728637807717,0.030739728637807717,0.9237408895434316
10,Ob10.txt,79,5207,True,0.003100950093847532,0.003100950093847532,0.9049648081053197
10,Ob10.txt,80,5210,True,0.09507559854473677,0.09507559854473677,0.9164135921200047
10,Ob10.txt,81,5193,True,0.02324106858544342,0.02324106858544342,0.9097352005902999
10,Ob10.txt,82,5199,True,0.11753664643985984,0.11753664643985984,0.9044906953953087
10,Ob10.txt,83,5168,True,-0.045621984179325226,0.045621984179325226,0.8903906637802854
10,Ob10.txt,84,5143,True,0.0809639242472441,0.0809639242472441,0.8975429816780096
10,Ob10.txt,85,5237,True,-0.07330487192519775,0.07330487192519775,0.9234967630290657
10,Ob10.txt,86,5151,True,0.0775464980544438,0.0775464980544438,0.9065236734757994
10,Ob10.txt,87,5171,True,0.03123414937188529,0.03123414937188529,0.9077409422864233
10,Ob10.txt,88,5159,True,0.07057938001911751,0.07057938001911751,0.9066792895045841
10,Ob10.txt,89,5219,True,-0.044978852112110945,0.044978852112110945,0.92147310571456
10,Ob10.txt,90,5153,True,-0.02187630958859771,0.02187630958859771,0.9115154657766984
10,Ob10.txt,91,5219,True,0.1422813483388552,0.1422813483388552,0.9108677573218646
10,Ob10.txt,92,5141,True,-0.006816563088033689,0.006816563088033689,0.9276378044413052
10,Ob10.txt,93,5183,True,-0.00864867502574207,0.00864867502574207,0.9083722522477898
10,Ob10.txt,94,5202,True,0.09746061326240452,0.09746061326240452,0.9095831934009402
10,Ob10.txt,95,5182,True,0.014851716588859032,0.014851716588859032,0.9112005843507455
10,Ob10.txt,96,5205,True,0.13255896983028662,0.13255896983028662,0.9117062588075269
10,Ob10.txt,97,5192,True,0.015344769318415358,0.015344769318415358,0.9134154301718618
10,Ob10.txt,98,5200,True,0.055395745399872104,0.055395745399872104,0.921457009916621
10,Ob10.txt,99,5130,True,0.03610543301177885,0.03610543301177885,0.9108885699021412
11,Ob11.txt,0,7313,True,-0.018992829134712008,0.018992829134712008,0.9222027958188439
11,Ob11.txt,1,7364,True,-0.0611989820238962,0.0611989820238962,0.9225964831403584
11,Ob11.txt,2,7380,True,-0.04552752824519839,0.04552752824519839,0.9369479068915173
11,Ob11.txt,3,7308,True,0.11496584733701304,0.11496584733701304,0.9228783078047228
11,Ob11.txt,4,7317,True,-0.024256736911166588,0.024256736911166588,0.9340763645188181
11,Ob11.txt,5,7329,True,-0.0327039771190806,0.0327039771190806,0.9261073462895959
11,Ob11.txt,6,7302,True,0.02191014373301145,0.02191014373301145,0.9338190245089485
11,Ob11.txt,7,7325,True,0.028420877546092106,0.028420877546092106,0.9273626223793656
11,Ob11.txt,8,7273,True,-0.047165781025138104,0.047165781025138104,0.9310665016403186
11,Ob11.txt,9,7344,True,-0.0007381992679966198,0.0007381992679966198,0.9331660010669479
11,Ob11.txt,10,7378,True,-0.005524112924846933,0.005524112924846933,0.9206414475724223
11,Ob11.txt,11,7327,True,-0.05881486768532518,0.05881486768532518,0.922946520251491
11,Ob11.txt,12,7318,True,0.01579355650418794,0.01579355650418794,0.9278219491264035
11,Ob11.txt,13,7358,True,0.06777327955536065,0.06777327955536065,0.9456825450951629
11,Ob11.txt,14,7342,True,-0.05123402772362967,0.05123402772362967,0.9369165870457502
11,Ob11.txt,15,7335,True,-0.05363137827361103,0.05363137827361103,0.9427345752034335
11,Ob11.txt,16,7341,True,-0.01178777223570987,0.01178777223570987,0.9195548481463376
11,Ob11.txt,17,7287,True,0.02027201802562506,0.02027201802562506,0.9228100953579546
11,Ob11.txt,18,7313,True,0.0777853517960959,0.0777853517960959,0.9347944253217184
11,Ob11.txt,19,7320,True,-0.007108575132934919,0.007108575132934919,0.9517608983086439
11,Ob11.txt,20,7387,True,-3.0951917201038626e-05,3.0951917201038626e-05,0.9310492061589858
11,Ob11.txt,21,7325,True,-0.03193027045444811,0.03193027045444811,0.931744698196175
11,Ob11.txt,22,7262,True,0.04089624675431561,0.04089624675431561,0.9338407349685738
11,Ob11.txt,23,7315,True,0.038989927650248446,0.038989927650248446,0.9368042371002385
11,Ob11.txt,24,7393,True,0.015860522856262382,0.015860522856262382,0.9192739039166096
11,Ob11.txt,25,7342,True,0.0003275600751848698,0.0003275600751848698,0.9340030990677766
11,Ob11.txt,26,7377,True,0.10601000320078613,0.10601000320078613,0.9417052360428295
11,Ob11.txt,27,7298,True,-0.08410579990355106,0.08410579990355106,0.940317959261467
11,Ob11.txt,28,7304,True,0.028612292935063524,0.028612292935063524,0.9487409463593334
11,Ob11.txt,29,7335,True,-0.017555414819155207,0.017555414819155207,0.9361533618970699
11,Ob11.txt,30,7351,True,0.0542630872653381,0.0542630872653381,0.9213797244992206
11,Ob11.txt,31,7366,True,-0.07835760548904958,0.07835760548904958,0.9324764298129762
11,Ob11.txt,32,7286,True,0.004161127494669403,0.004161127494669403,0.9343771320227817
11,Ob11.txt,33,7346,True,0.016317002477842485,0.016317002477842485,0.930449505681626
11,Ob11.txt,34,7333,True,-0.07101372430791475,0.07101372430791475,0.9195548481463376
11,Ob11.txt,35,7358,True,0.02181680925672516,0.02181680925672516,0.952185093655565
11,Ob11.txt,36,7317,True,-0.020759215704156286,0.020759215704156286,0.9184181761418557
11,Ob11.txt,37,7347,True,0.013325838711388704,0.013325838711388704,0.9418134332939291
11,Ob11.txt,38,7349,True,0.038408790347303046,0.038408790347303046,0.9322832154376421
11,Ob11.txt,39,7344,True,-0.0663811591805579,0.0663811591805579,0.9322885102346816
11,Ob11.txt,40,7343,True,-0.1193542061612182,0.1193542061612182,0.9295730511271937
11,Ob11.txt,41,7369,True,0.01033698109899861,0.01033698109899861,0.9252249601500964
11,Ob11.txt,42,7317,True,0.0677192209503073,0.0677192209503073,0.9368042371002385
11,Ob11.txt,43,7320,True,0.012394246304588685,0.012394246304588685,0.9363296990235233
11,Ob11.txt,44,7356,True,0.01841564002080595,0.01841564002080595,0.9179939752086383
11,Ob11.txt,45,7332,True,-0.02299486254412085,0.02299486254412085,0.9304665802902732
11,Ob11.txt,46,7321,True,-0.07984241893718391,0.07984241893718391,0.9342629661217818
11,Ob11.txt,47,7262,True,0.013843535213446001,0.013843535213446001,0.9361394576716311
11,Ob11.txt,48,7344,True,-0.04845765606342706,0.04845765606342706,0.9341069662108487
11,Ob11.txt,49,7330,True,-0.009283811192089847,0.009283811192089847,0.9292300200161802
11,Ob11.txt,50,7358,True,-0.04361780275788402,0.04361780275788402,0.9316570627955933
11,Ob11.txt,51,7309,True,-0.04327270815074241,0.04327270815074241,0.9313639435869009
11,Ob11.txt,52,7355,True,-0.019102344436233043,0.019102344436233043,0.9382506963940753
11,Ob11.txt,53,7320,True,0.034152106540308924,0.034152106540308924,0.9324483279451943
11,Ob11.txt,54,7279,True,-0.010383935601830263,0.010383935601830263,0.9321174226021196
11,Ob11.txt,55,7325,True,0.07093034429052819,0.07093034429052819,0.9267983543739549
11,Ob11.txt,56,7301,True,-0.07496935047016334,0.07496935047016334,0.9331467426013319
11,Ob11.txt,57,7267,True,-0.008890543124532968,0.008890543124532968,0.9361255534461924
11,Ob11.txt,58,7352,True,-0.020381202211575633,0.020381202211575633,0.9338665933205863
11,Ob11.txt,59,7335,True,-0.004261045585002399,0.004261045585002399,0.9304768688820249
11,Ob11.txt,60,7389,True,0.1266793685866821,0.1266793685866821,0.9378411908982247
11,Ob11.txt,61,7326,True,0.04048123299626177,0.04048123299626177,0.9152727082637593
11,Ob11.txt,62,7295,True,-0.0279346674598053,0.0279346674598053,0.9332460628303824
11,Ob11.txt,63,7304,True,-0.03765499983625048,0.03765499983625048,0.9207658137759095
11,Ob11.txt,64,7315,True,-0.06194856971393331,0.06194856971393331,0.9324597448307983
11,Ob11.txt,65,7313,True,0.0542630872653381,0.0542630872653381,0.9341375679028792
11,Ob11.txt,66,7257,True,-0.07590251177470264,0.07590251177470264,0.9332460628303824
11,Ob11.txt,67,7339,True,-0.06464011517561774,0.06464011517561774,0.9393443004115445
11,Ob11.txt,68,7291,True,-0.005412222339438999,0.005412222339438999,0.9411069542939157
11,Ob11.txt,69,7332,True,0.06509725062645921,0.06509725062645921,0.9333168561799109
11,Ob11.txt,70,7327,True,0.06167270574634581,0.06167270574634581,0.9272124062642154
11,Ob11.txt,71,7303,True,-0.07737452419927648,0.07737452419927648,0.9316224959933432
11,Ob11.txt,72,7330,True,0.08217433008214664,0.08217433008214664,0.9248692570026502
11,Ob11.txt,73,7347,True,0.006568089825365275,0.006568089825365275,0.9192423780395536
11,Ob11.txt,74,7348,True,0.00386349012479853,0.00386349012479853,0.928335771057041
11,Ob11.txt,75,7294,True,0.03974068971794825,0.03974068971794825,0.9227133474863731
11,Ob11.txt,76,7367,True,0.021691502800491425,0.021691502800491425,0.9206258185661577
11,Ob11.txt,77,7286,True,0.08380940429066339,0.08380940429066339,0.923323765930435
11,Ob11.txt,78,7301,True,-0.005007993880718931,0.005007993880718931,0.9321174226021196
11,Ob11.txt,79,7264,True,0.07392492225996025,0.07392492225996025,0.9341835203462596
11,Ob11.txt,80,7366,True,0.011636793595339638,0.011636793595339638,0.9278219491264035
11,Ob11.txt,81,7322,True,-0.06805878977726675,0.06805878977726675,0.9345785030961089
11,Ob11.txt,82,7372,True,0.09172176463029263,0.09172176463029263,0.9298243753135413
11,Ob11.txt,83,7332,True,-0.012034562127229004,0.012034562127229004,0.9311989806923766
11,Ob11.txt,84,7315,True,-0.04392109483516282,0.04392109483516282,0.9417052360428295
11,Ob11.txt,85,7316,True,-0.023473033660205006,0.023473033660205006,0.9293414336629428
11,Ob11.txt,86,7288,True,0.001618128653474063,0.001618128653474063,0.9418650208048576
11,Ob11.txt,87,7326,True,0.05742593471110591,0.05742593471110591,0.9350215876966543
11,Ob11.txt,88,7309,True,0.1399909284495934,0.1399909284495934,0.9387585537527483
11,Ob11.txt,89,7312,True,0.008078377373119838,0.008078377373119838,0.9109509687827674
11,Ob11.txt,90,7384,True,0.011556165325424778,0.011556165325424778,0.9285623486004045
11,Ob11.txt,91,7306,True,-0.02581351733994505,0.02581351733994505,0.9473104001075052
11,Ob11.txt,92,7339,True,-0.11637913620598972,0.11637913620598972,0.9350690392851385
11,Ob11.txt,93,7338,True,0.031946572006915266,0.031946572006915266,0.9211566755280449
11,Ob11.txt,94,7292,True,0.044858905168264074,0.044858905168264074,0.9277987334441667
11,Ob11.txt,95,7363,True,-0.1003018089490364,0.1003018089490364,0.935619529719215
11,Ob11.txt,96,7339,True,-0.05585846562576524,0.05585846562576524,0.9149522785216623
11,Ob11.txt,97,7299,True,0.030844079387427836,0.030844079387427836,0.9302173200900272
11,Ob11.txt,98,7318,True,0.047059755668976105,0.047059755668976105,0.9328506040494631
11,Ob11.txt,99,7328,True,0.03878346986916442,0.03878346986916442,0.9455920897822951
12,Ob12.txt,0,6488,True,-0.07795485114408239,0.07795485114408239,0.9361658295937282
12,Ob12.txt,1,6625,True,0.05361782912060031,0.05361782912060031,0.9314274814537613
12,Ob12.txt,2,6485,True,-0.07820577711560817,0.07820577711560817,0.9375757978296839
12,Ob12.txt,3,6565,True,0.0239134851684029,0.0239134851684029,0.9350592778133812
12,Ob12.txt,4,6529,True,0.0013950701253699072,0.0013950701253699072,0.9568316979042428
12,Ob12.txt,5,6582,True,0.003967607162245396,0.003967607162245396,0.9431819347574457
12,Ob12.txt,6,6543,True,-0.024863310351134982,0.024863310351134982,0.9448103815093838
12,Ob12.txt,7,6591,True,0.06389336874443002,0.06389336874443002,0.9540725327282228
12,Ob12.txt,8,6524,True,0.003967660290986469,0.003967660290986469,0.9507067438298882
12,Ob12.txt,9,6527,True,0.0828378983164002,0.0828378983164002,0.9494938690431511
12,Ob12.txt,10,6521,True,-0.04960443758608091,0.04960443758608091,0.9538022803013108
12,Ob12.txt,11,6579,True,0.08616614314470039,0.08616614314470039,0.960867068917876
12,Ob12.txt,12,6506,True,-0.010553586125329806,0.010553586125329806,0.9459073022751542
12,Ob12.txt,13,6573,True,0.005683375025696408,0.005683375025696408,0.9546702443531053
12,Ob12.txt,14,6534,True,-0.03315183876629868,0.03315183876629868,0.9481741592001758
12,Ob12.txt,15,6574,True,-0.060196262403055145,0.060196262403055145,0.9352213315035021
12,Ob12.txt,16,6521,True,0.04136253054893002,0.04136253054893002,0.9423942078384449
12,Ob12.txt,17,6539,True,0.03181618003071157,0.03181618003071157,0.9333156716483519
12,Ob12.txt,18,6602,True,-0.06296675822925302,0.06296675822925302,0.9461614698129895
12,Ob12.txt,19,6540,True,0.009254539728456296,0.009254539728456296,0.956660766509871
12,Ob12.txt,20,6487,True,0.05237186971566277,0.05237186971566277,0.9375757978296839
12,Ob12.txt,21,6525,True,0.029105689319256833,0.029105689319256833,0.9448103815093838
12,Ob12.txt,22,6586,True,0.15030091816860372,0.15030091816860372,0.9537121584103416
12,Ob12.txt,23,6541,True,-0.06045982161180474,0.06045982161180474,0.9628228933365465
12,Ob12.txt,24,6582,True,-0.03465125274284428,0.03465125274284428,0.9545832590560377
12,Ob12.txt,25,6550,True,0.02970354249241755,0.02970354249241755,0.9400641167950657
12,Ob12.txt,26,6564,True,0.11717418580254513,0.11717418580254513,0.9586366046644843
12,Ob12.txt,27,6543,True,0.03510485585665957,0.03510485585665957,0.9408693959676493
12,Ob12.txt,28,6546,True,-0.01987942857659955,0.01987942857659955,0.9481272770882843
12,Ob12.txt,29,6545,True,0.004887376695899587,0.004887376695899587,0.9500440243237015
12,Ob12.txt,30,6525,True,0.03697992913183659,0.03697992913183659,0.9545619536184375
12,Ob12.txt,31,6555,True,-0.009684413825570726,0.009684413825570726,0.9350592778133812
12,Ob12.txt,32,6532,True,0.01020749658245157,0.01020749658245157,0.9475266074686804
12,Ob12.txt,33,6549,True,-0.04766230363888402,0.04766230363888402,0.9692387376956247
12,Ob12.txt,34,6574,True,-0.07001391348159919,0.07001391348159919,0.9381405866934753
12,Ob12.txt,35,6576,True,0.03724377775647669,0.03724377775647669,0.9467977845408152
12,Ob12.txt,36,6472,True,0.0015038398751359566,0.0015038398751359566,0.9545001156060691
12,Ob12.txt,37,6536,True,-0.06419583094529202,0.06419583094529202,0.958628854125658
12,Ob12.txt,38,6634,True,-0.013052810377523705,0.013052810377523705,0.9542667367121587
12,Ob12.txt,39,6573,True,-0.0006270569103133949,0.0006270569103133949,0.940274946826456
12,Ob12.txt,40,6561,True,0.05335993042721365,0.05335993042721365,0.9277944114025631
12,Ob12.txt,41,6534,True,0.005819731299067557,0.005819731299067557,0.9545382962015545
12,Ob12.txt,42,6546,True,-0.10711109633126178,0.10711109633126178,0.9618981187262368
12,Ob12.txt,43,6528,True,-0.07007501264570173,0.07007501264570173,0.9403790204710305
12,Ob12.txt,44,6559,True,-0.0135723909341455,0.0135723909341455,0.9590508924016266
12,Ob12.txt,45,6541,True,0.01975982319082098,0.01975982319082098,0.9494938690431511
12,Ob12.txt,46,6567,True,-0.035030354639382213,0.035030354639382213,0.9603157700433802
12,Ob12.txt,47,6622,True,-0.00587343407410873,0.00587343407410873,0.9625458884303926
12,Ob12.txt,48,6543,True,0.003968386190637219,0.003968386190637219,0.9613553007677327
12,Ob12.txt,49,6580,True,-0.034296149236875184,0.034296149236875184,0.9545141055589843
12,Ob12.txt,50,6570,True,0.016990557362598357,0.016990557362598357,0.9427283705837681
12,Ob12.txt,51,6578,True,-0.061280601271052594,0.061280601271052594,0.9567044884692272
12,Ob12.txt,52,6553,True,0.01767024497526376,0.01767024497526376,0.9571904279259227
12,Ob12.txt,53,6579,True,-0.0858139757861207,0.0858139757861207,0.9551223130830904
12,Ob12.txt,54,6561,True,0.061199467690778,0.061199467690778,0.9536770254062831
12,Ob12.txt,55,6520,True,-0.014036019269249828,0.014036019269249828,0.9625127513554046
12,Ob12.txt,56,6619,True,-0.11311219480330659,0.11311219480330659,0.9307664627283458
12,Ob12.txt,57,6573,True,0.01975982319082098,0.01975982319082098,0.9423942078384449
12,Ob12.txt,58,6543,True,0.05259202007210273,0.05259202007210273,0.934432615086435
12,Ob12.txt,59,6587,True,-0.011182207828967616,0.011182207828967616,0.9531734352350334
12,Ob12.txt,60,6554,True,0.05052681736366976,0.05052681736366976,0.9444393668584583
12,Ob12.txt,61,6575,True,0.07341286662120383,0.07341286662120383,0.9314079482631484
12,Ob12.txt,62,6561,True,0.0892352498622569,0.0892352498622569,0.9417311237684496
12,Ob12.txt,63,6514,True,0.02347549160794085,0.02347549160794085,0.9570584402440505
12,Ob12.txt,64,6600,True,0.16617247176336036,0.16617247176336036,0.9608471752283653
12,Ob12.txt,65,6553,True,0.09039391259318186,0.09039391259318186,0.9386326144233005
12,Ob12.txt,66,6546,True,-0.026070724837779405,0.026070724837779405,0.9358919855281642
12,Ob12.txt,67,6575,True,-0.0734732375834186,0.0734732375834186,0.9430625333290915
12,Ob12.txt,68,6524,True,0.07054262447984352,0.07054262447984352,0.9366124852067561
12,Ob12.txt,69,6532,True,0.024178617976117256,0.024178617976117256,0.9386954934398211
12,Ob12.txt,70,6564,True,0.031283323845451044,0.031283323845451044,0.9381226010385907
12,Ob12.txt,71,6588,True,0.006327530831199497,0.006327530831199497,0.9360654285914912
12,Ob12.txt,72,6573,True,0.00605145617572822,0.00605145617572822,0.9545672704218743
12,Ob12.txt,73,6579,True,0.014037151339689746,0.014037151339689746,0.9518226773023595
12,Ob12.txt,74,6537,True,0.0022402370953791273,0.0022402370953791273,0.9555263866805603
12,Ob12.txt,75,6518,True,0.04627951312516042,0.04627951312516042,0.9627786553211752
12,Ob12.txt,76,6579,True,-0.001442099232921823,0.001442099232921823,0.9441658949397957
12,Ob12.txt,77,6450,True,0.007103049847104664,0.007103049847104664,0.9420921788235441
12,Ob12.txt,78,6580,True,0.005872594617262708,0.005872594617262708,0.9568648993555475
12,Ob12.txt,79,6561,True,0.029654195336394795,0.029654195336394795,0.962227249155879
12,Ob12.txt,80,6568,True,-0.02962785791960912,0.02962785791960912,0.9567044884692272
12,Ob12.txt,81,6555,True,0.06435698799624662,0.06435698799624662,0.9442903838402219
12,Ob12.txt,82,6548,True,0.028233707486288312,0.028233707486288312,0.9440821455382246
12,Ob12.txt,83,6525,True,-0.02043510415071459,0.02043510415071459,0.9557976001775272
12,Ob12.txt,84,6570,True,-0.062265662281382916,0.062265662281382916,0.9579429718537276
12,Ob12.txt,85,6501,True,-0.09140257822696896,0.09140257822696896,0.9518226773023595
12,Ob12.txt,86,6632,True,-0.02916369818770538,0.02916369818770538,0.9520156918936282
12,Ob12.txt,87,6591,True,-0.0540221152106707,0.0540221152106707,0.9359577304912362
12,Ob12.txt,88,6554,True,0.044995008388989774,0.044995008388989774,0.933364367706897
12,Ob12.txt,89,6546,True,-0.06345201173283938,0.06345201173283938,0.9444995651570604
12,Ob12.txt,90,6591,True,0.019251216630326695,0.019251216630326695,0.9386326144233005
12,Ob12.txt,91,6627,True,-0.028467660372443304,0.028467660372443304,0.9465554732526497
12,Ob12.txt,92,6560,True,0.05905707721848141,0.05905707721848141,0.9572046038035857
12,Ob12.txt,93,6559,True,0.0343777971225937,0.0343777971225937,0.9440872901882307
12,Ob12.txt,94,6547,True,0.007890735212349287,0.007890735212349287,0.9590508924016266
12,Ob12.txt,95,6553,True,-0.027376090336273196,0.027376090336273196,0.9337442506409002
12,Ob12.txt,96,6548,True,-0.09721946072659382,0.09721946072659382,0.957352640999392
12,Ob12.txt,97,6578,True,0.014355459365915174,0.014355459365915174,0.9533299974393439
12,Ob12.txt,98,6564,True,-0.004266180158666033,0.004266180158666033,0.9664253379175833
12,Ob12.txt,99,6568,True,0.03724377775647669,0.03724377775647669,0.9559431597113854
13,Ob13.txt,0,7066,True,0.11016052233568005,0.11016052233568005,0.9619497259043046
13,Ob13.txt,1,7052,True,0.057935543892677896,0.057935543892677896,0.973468615332777
13,Ob13.txt,2,7109,True,-0.029638662331869514,0.029638662331869514,0.9665404022020367
13,Ob13.txt,3,7053,True,-0.0985931447281547,0.0985931447281547,0.9759976770137984
13,Ob13.txt,4,7070,True,-0.044264468932607215,0.044264468932607215,0.9829684659502995
13,Ob13.txt,5,7133,True,0.027259038455555662,0.027259038455555662,0.9678304925598442
13,Ob13.txt,6,7120,True,-0.07700007552585764,0.07700007552585764,0.975297127517935
13,Ob13.txt,7,7031,True,0.07018184748809975,0.07018184748809975,0.9637611362541791
13,Ob13.txt,8,7100,True,0.06390280768889561,0.06390280768889561,0.9640261801378277
13,Ob13.txt,9,7110,True,0.05320442957692849,0.05320442957692849,0.9660050064169899
13,Ob13.txt,10,7018,True,-0.10539897612910884,0.10539897612910884,0.9402917281578971
13,Ob13.txt,11,7062,True,0.09204249029934924,0.09204249029934924,0.9635471906040541
13,Ob13.txt,12,7114,True,-0.02916917597675197,0.02916917597675197,0.9535101601804281
13,Ob13.txt,13,7070,True,0.14265883987914557,0.14265883987914557,0.9373886202186641
13,Ob13.txt,14,7038,True,0.051860565159790095,0.051860565159790095,0.9621176208350886
13,Ob13.txt,15,7090,True,-0.022227725615584275,0.022227725615584275,0.9623091502709007
13,Ob13.txt,16,7002,True,0.03815309940918288,0.03815309940918288,0.9704181162231641
13,Ob13.txt,17,7065,True,-0.0330754140378842,0.0330754140378842,0.9704122556219263
13,Ob13.txt,18,7102,True,-0.059228228459937055,0.059228228459937055,0.9691824766709645
13,Ob13.txt,19,7078,True,0.03389070537484787,0.03389070537484787,0.964274888479832
13,Ob13.txt,20,7078,True,0.08748455205750894,0.08748455205750894,0.972892500094642
13,Ob13.txt,21,7132,True,0.009086451920628652,0.009086451920628652,0.9705960757539126
13,Ob13.txt,22,7106,True,-0.09456717430322537,0.09456717430322537,0.9457967626073471
13,Ob13.txt,23,7073,True,0.12634869086912248,0.12634869086912248,0.9884032572631757
13,Ob13.txt,24,7032,True,-0.04850806018739534,0.04850806018739534,0.9676498310065259
13,Ob13.txt,25,7108,True,0.07169208568936797,0.07169208568936797,0.976083889253121
13,Ob13.txt,26,7031,True,0.0490714854192833,0.0490714854192833,0.9553026742586177
13,Ob13.txt,27,7083,True,0.13427564249477542,0.13427564249477542,0.9710492564602864
13,Ob13.txt,28,7075,True,-0.05696702347305416,0.05696702347305416,0.9659912046270114
13,Ob13.txt,29,7065,True,-0.015669026544992526,0.015669026544992526,0.9617718445149602
13,Ob13.txt,30,7042,True,0.008950802773044886,0.008950802773044886,0.968423402590713
13,Ob13.txt,31,7043,True,-0.011055909461509798,0.011055909461509798,0.9702465305367464
13,Ob13.txt,32,7088,True,0.08657372791157641,0.08657372791157641,0.9723840658095759
13,Ob13.txt,33,7095,True,0.06798989455472249,0.06798989455472249,0.9649703076004987
13,Ob13.txt,34,7045,True,-0.04006096003856918,0.04006096003856918,0.9776700019797976
13,Ob13.txt,35,7057,True,-0.06831616909954838,0.06831616909954838,0.9646203673554752
13,Ob13.txt,36,7112,True,0.0056187502852166615,0.0056187502852166615,0.9557855570351579
13,Ob13.txt,37,7142,True,-0.0399517452539114,0.0399517452539114,0.9884104460517547
13,Ob13.txt,38,7010,True,0.06875580179045104,0.06875580179045104,0.964274888479832
13,Ob13.txt,39,7015,True,0.011319972992256094,0.011319972992256094,0.9699888145220004
13,Ob13.txt,40,7121,True,0.007710743651890839,0.007710743651890839,0.9589229308055348
13,Ob13.txt,41,7111,True,-0.056341532322337906,0.056341532322337906,0.9447614092947417
13,Ob13.txt,42,7000,True,-0.07355839927654811,0.07355839927654811,0.9826261170870505
13,Ob13.txt,43,7058,True,-0.015165123333421543,0.015165123333421543,0.9676498310065259
13,Ob13.txt,44,7059,True,-0.03832501313099246,0.03832501313099246,0.9694790317186424
13,Ob13.txt,45,7049,True,0.039016177642146155,0.039016177642146155,0.9576748837163429
13,Ob13.txt,46,7081,True,-0.06851365509513269,0.06851365509513269,0.9737079511720613
13,Ob13.txt,47,7044,True,-0.10827921154178846,0.10827921154178846,0.9740722615690806
13,Ob13.txt,48,7091,True,-0.1305130548441642,0.1305130548441642,0.9835612503121011
13,Ob13.txt,49,7083,True,-0.061263573816181804,0.061263573816181804,0.9589229308055348
13,Ob13.txt,50,7076,True,-0.086145315905894,0.086145315905894,0.9645513828520216
13,Ob13.txt,51,7002,True,-0.05259352518812277,0.05259352518812277,0.9634446253955488
13,Ob13.txt,52,7059,True,0.096341204448386,0.096341204448386,0.9735071794780761
13,Ob13.txt,53,7071,True,0.07041679303287318,0.07041679303287318,0.9757559580794662
13,Ob13.txt,54,7074,True,-0.00519456256245604,0.00519456256245604,0.9483912288767324
13,Ob13.txt,55,7095,True,-0.007007024260932415,0.007007024260932415,0.9533557100596957
13,Ob13.txt,56,7079,True,0.009761987070429079,0.009761987070429079,0.9612184312030678
13,Ob13.txt,57,7098,True,0.029371238398703807,0.029371238398703807,0.943507119414853
13,Ob13.txt,58,7070,True,-0.005552098496026309,0.005552098496026309,0.9721522421012789
13,Ob13.txt,59,7048,True,-0.0008004568797263245,0.0008004568797263245,0.959320986866202
13,Ob13.txt,60,7130,True,0.06500683000694413,0.06500683000694413,0.9704164966978941
13,Ob13.txt,61,7086,True,0.054475432191990164,0.054475432191990164,0.9660736706209532
13,Ob13.txt,62,7055,True,-0.03642852644060379,0.03642852644060379,0.9641731700594509
13,Ob13.txt,63,7131,True,-0.018356273226053606,0.018356273226053606,0.9597190429268693
13,Ob13.txt,64,7172,True,-0.04161674507445038,0.04161674507445038,0.9588182359414015
13,Ob13.txt,65,7057,True,0.07033835181063719,0.07033835181063719,0.9644525935150062
13,Ob13.txt,66,7091,True,0.011874175775935705,0.011874175775935705,0.9657524533106538
13,Ob13.txt,67,7060,True,0.00585002147187225,0.00585002147187225,0.9698600369587598
13,Ob13.txt,68,7098,True,-0.03389363141142612,0.03389363141142612,0.9484892517131841
13,Ob13.txt,69,7105,True,0.012531289477442753,0.012531289477442753,0.9850099771586028
13,Ob13.txt,70,7057,True,-0.014008095824079914,0.014008095824079914,0.9534146365139664
13,Ob13.txt,71,7097,True,0.08032352678236143,0.08032352678236143,0.9406440317265927
13,Ob13.txt,72,7107,True,0.0292968245585139,0.0292968245585139,0.9655008009783921
13,Ob13.txt,73,7082,True,0.19048046681858471,0.19048046681858471,0.9702005350719634
13,Ob13.txt,74,7054,True,-0.037083441457743505,0.037083441457743505,0.9477026223923419
13,Ob13.txt,75,7034,True,0.07445673240810763,0.07445673240810763,0.960261285025521
13,Ob13.txt,76,7131,True,-0.1352620200619694,0.1352620200619694,0.9699176930796396
13,Ob13.txt,77,7092,True,-0.014043099903910797,0.014043099903910797,0.9749492531708821
13,Ob13.txt,78,7040,True,0.0066869405330344175,0.0066869405330344175,0.9584894584264194
13,Ob13.txt,79,7081,True,-0.035106613336538695,0.035106613336538695,0.9742980939454245
13,Ob13.txt,80,7085,True,-0.010252075058729992,0.010252075058729992,0.9601461316342397
13,Ob13.txt,81,7081,True,0.0075066702543566954,0.0075066702543566954,0.9568070389550716
13,Ob13.txt,82,7124,True,-0.03132819606138176,0.03132819606138176,0.9443592905932049
13,Ob13.txt,83,7120,True,-0.0695791592412266,0.0695791592412266,0.9650605841669336
13,Ob13.txt,84,7065,True,-0.04717789215728489,0.04717789215728489,0.9759837100965413
13,Ob13.txt,85,7125,True,-0.06903994342398789,0.06903994342398789,0.9560691480087676
13,Ob13.txt,86,7011,True,-0.02333207060536696,0.02333207060536696,0.9709838952798494
13,Ob13.txt,87,7102,True,-0.06211138028885424,0.06211138028885424,0.9618767557629855
13,Ob13.txt,88,7085,True,0.012103563819262309,0.012103563819262309,0.9543026087966654
13,Ob13.txt,89,7121,True,0.0294466883079241,0.0294466883079241,0.9623828882315351
13,Ob13.txt,90,7093,True,-0.07783634418011603,0.07783634418011603,0.9605683931356188
13,Ob13.txt,91,7123,True,0.013290927697279131,0.013290927697279131,0.9743353782504551
13,Ob13.txt,92,7077,True,-0.03265746161514993,0.03265746161514993,0.9642328752508099
13,Ob13.txt,93,7081,True,0.004234148765301399,0.004234148765301399,0.9640943825140158
13,Ob13.txt,94,7011,True,0.07613654358530048,0.07613654358530048,0.985585194384955
13,Ob13.txt,95,7091,True,0.0016051699776847839,0.0016051699776847839,0.9752928576731479
13,Ob13.txt,96,7085,True,-0.08346925783835452,0.08346925783835452,0.9753013973627219
13,Ob13.txt,97,7023,True,-0.03136131924704799,0.03136131924704799,0.9745033910009941
13,Ob13.txt,98,7087,True,0.005683831825354924,0.005683831825354924,0.9705864628590419
13,Ob13.txt,99,7011,True,0.02216406112475977,0.02216406112475977,0.9751586399857778
14,Ob14.txt,0,7116,True,0.12269080300614221,0.12269080300614221,0.9645448341781372
14,Ob14.txt,1,7076,True,-0.029441617896431946,0.029441617896431946,0.9442046333562906
14,Ob14.txt,2,7138,True,-0.013983648403108461,0.013983648403108461,0.9574009429321904
14,Ob14.txt,3,7132,True,-0.0006165661258633048,0.0006165661258633048,0.9798872733152528
14,Ob14.txt,4,7123,True,-0.08952646318602162,0.08952646318602162,0.971589532785907
14,Ob14.txt,5,7126,True,-0.10371092816585797,0.10371092816585797,0.9776868532329865
14,Ob14.txt,6,7133,True,-0.1017584150695981,0.1017584150695981,0.9699363324681243
14,Ob14.txt,7,7135,True,-0.035723386967785015,0.035723386967785015,0.9505409310724185
14,Ob14.txt,8,7138,True,0.08747831173841529,0.08747831173841529,0.9727148993019512
14,Ob14.txt,9,7178,True,-0.04836036393695943,0.04836036393695943,0.9650048746696497
14,Ob14.txt,10,7115,True,-0.021509504850978467,0.021509504850978467,0.9636246426649391
14,Ob14.txt,11,7077,True,-0.03894162086860581,0.03894162086860581,0.9473393896829354
14,Ob14.txt,12,7141,True,0.14607186400116523,0.14607186400116523,0.9829121617212582
14,Ob14.txt,13,7086,True,0.049667170740084504,0.049667170740084504,0.9749445395457903
14,Ob14.txt,14,7110,True,-0.027028661184780353,0.027028661184780353,0.9805720733136567
14,Ob14.txt,15,7080,True,0.04019974990814315,0.04019974990814315,0.9865993612292872
14,Ob14.txt,16,7132,True,0.04933135381529474,0.04933135381529474,0.9563347797709416
14,Ob14.txt,17,7140,True,0.06023219457529633,0.06023219457529633,0.9806568237620568
14,Ob14.txt,18,7135,True,-0.011125749660855777,0.011125749660855777,0.9728774876063403
14,Ob14.txt,19,7137,True,-0.003050342212499701,0.003050342212499701,0.976474582442315
14,Ob14.txt,20,7183,True,0.0271490716326514,0.0271490716326514,0.9651013190785455
14,Ob14.txt,21,7202,True,-0.03200541088509112,0.03200541088509112,0.9763846133162514
14,Ob14.txt,22,7100,True,0.07877195448949982,0.07877195448949982,0.9757805197103545
14,Ob14.txt,23,7068,True,-0.07350399246603811,0.07350399246603811,0.977658688039841
14,Ob14.txt,24,7158,True,-0.02109062692668029,0.02109062692668029,0.9962138711159949
14,Ob14.txt,25,7056,True,0.031803372355909465,0.031803372355909465,0.964744889630187
14,Ob14.txt,26,7103,True,-0.0329855269671502,0.0329855269671502,0.9710261770666333
14,Ob14.txt,27,7089,True,-0.12599440437029097,0.12599440437029097,0.9764150474074258
14,Ob14.txt,28,7164,True,-0.04235826753238581,0.04235826753238581,0.9853221002849135
14,Ob14.txt,29,7079,True,-0.06009640093810287,0.06009640093810287,0.9804137759043616
14,Ob14.txt,30,7110,True,0.0018224445349561136,0.0018224445349561136,0.9780324298536753
14,Ob14.txt,31,7137,True,0.0640609705385411,0.0640609705385411,0.9778994006676043
14,Ob14.txt,32,7081,True,0.01490419089021422,0.01490419089021422,0.9538953981506337
14,Ob14.txt,33,7153,True,-0.05654093621887141,0.05654093621887141,0.9853099231652204
14,Ob14.txt,34,7082,True,-0.07709404653882834,0.07709404653882834,0.9682566327198254
14,Ob14.txt,35,7121,True,-0.05564753049098728,0.05564753049098728,0.9617533550479316
14,Ob14.txt,36,7112,True,0.19388363921323337,0.19388363921323337,0.9672574576713758
14,Ob14.txt,37,7070,True,0.04605159062775139,0.04605159062775139,0.9881523576136627
14,Ob14.txt,38,7145,True,0.02469966350131736,0.02469966350131736,0.9847674471645732
14,Ob14.txt,39,7085,True,-0.0413211489984634,0.0413211489984634,0.9653139592760969
14,Ob14.txt,40,7067,True,-0.15589596953939755,0.15589596953939755,0.976815869630232
14,Ob14.txt,41,7063,True,-0.06956960851715355,0.06956960851715355,0.9671472548920693
14,Ob14.txt,42,7160,True,0.06328997985567068,0.06328997985567068,0.9619757536604472
14,Ob14.txt,43,7146,True,0.0032759701029026547,0.0032759701029026547,0.988957743684345
14,Ob14.txt,44,7106,True,0.028990936869919756,0.028990936869919756,0.9839324935912095
14,Ob14.txt,45,7176,True,-0.024461642389186522,0.024461642389186522,0.9605162254271327
14,Ob14.txt,46,7174,True,0.03363911742067645,0.03363911742067645,0.974071070785625
14,Ob14.txt,47,7087,True,-0.08588285044539151,0.08588285044539151,0.9832634829988403
14,Ob14.txt,48,7098,True,-0.07498056481967633,0.07498056481967633,0.9719469841630888
14,Ob14.txt,49,7104,True,0.05127461342476325,0.05127461342476325,0.9756953250525213
14,Ob14.txt,50,7103,True,0.0020074948364732226,0.0020074948364732226,0.963090834857584
14,Ob14.txt,51,7095,True,-0.012069002587093425,0.012069002587093425,0.9814425234008819
14,Ob14.txt,52,7157,True,0.005633138897768286,0.005633138897768286,0.9728774876063403
14,Ob14.txt,53,7152,True,-0.09012889694547757,0.09012889694547757,0.9714115343194477
14,Ob14.txt,54,7075,True,-0.018066881203602392,0.018066881203602392,0.978484974185023
14,Ob14.txt,55,7166,True,-0.13369069017804858,0.13369069017804858,0.9619659212854974
14,Ob14.txt,56,7112,True,0.07889956007078383,0.07889956007078383,0.9602784864072371
14,Ob14.txt,57,7132,True,0.008705923725903949,0.008705923725903949,0.9703166508302851
14,Ob14.txt,58,7129,True,0.0715810361819047,0.0715810361819047,0.9580926678914217
14,Ob14.txt,59,7089,True,0.007497298980937192,0.007497298980937192,0.971589532785907
14,Ob14.txt,60,7099,True,-0.015273452461770476,0.015273452461770476,0.9812297030116298
14,Ob14.txt,61,7126,True,-0.04693399900974314,0.04693399900974314,0.9659185627210982
14,Ob14.txt,62,7133,True,-0.003895181470579656,0.003895181470579656,0.9678083010614239
14,Ob14.txt,63,7109,True,-0.00932684091321731,0.00932684091321731,0.9619818063311689
14,Ob14.txt,64,7129,True,-0.020301365885163625,0.020301365885163625,0.9705124992800193
14,Ob14.txt,65,7168,True,0.009544325073026563,0.009544325073026563,0.9780195134930432
14,Ob14.txt,66,7107,True,0.010517001035430303,0.010517001035430303,0.9512448555694331
14,Ob14.txt,67,7100,True,-0.03167967795177823,0.03167967795177823,0.945023304571251
14,Ob14.txt,68,7124,True,0.04465006712216345,0.04465006712216345,0.9844664972225866
14,Ob14.txt,69,7117,True,0.042050757277129897,0.042050757277129897,0.9636153734321641
14,Ob14.txt,70,7108,True,-0.043422238041532946,0.043422238041532946,0.9770369254449232
14,Ob14.txt,71,7158,True,0.03388090321438851,0.03388090321438851,0.9747298586604591
14,Ob14.txt,72,7108,True,0.14507430993904805,0.14507430993904805,0.9672578039918451
14,Ob14.txt,73,7104,True,0.049486371154523326,0.049486371154523326,0.9873255459203343
14,Ob14.txt,74,7117,True,0.13330451389555065,0.13330451389555065,0.9772515957130489
14,Ob14.txt,75,7129,True,0.05980530886948354,0.05980530886948354,0.9636373082695293
14,Ob14.txt,76,7115,True,0.05014001085090988,0.05014001085090988,0.9854642929289672
14,Ob14.txt,77,7127,True,0.03522222699316019,0.03522222699316019,0.9587937750100712
14,Ob14.txt,78,7096,True,0.10425008100649234,0.10425008100649234,0.9778934438977982
14,Ob14.txt,79,7124,True,-0.0422413500998699,0.0422413500998699,0.9664564242493521
14,Ob14.txt,80,7132,True,-0.05929255029649455,0.05929255029649455,0.9685838065962459
14,Ob14.txt,81,7129,True,-0.08586424322100131,0.08586424322100131,0.9807391218085908
14,Ob14.txt,82,7169,True,0.034417931735267,0.034417931735267,0.982349842534186
14,Ob14.txt,83,7108,True,-0.017268713674031454,0.017268713674031454,0.9734622164630546
14,Ob14.txt,84,7111,True,0.054481825743515566,0.054481825743515566,0.9778994006676043
14,Ob14.txt,85,7127,True,0.013757982319687612,0.013757982319687612,0.9745009974598373
14,Ob14.txt,86,7134,True,-0.1130534632969381,0.1130534632969381,0.9648810905019165
14,Ob14.txt,87,7131,True,-0.027031629881611098,0.027031629881611098,0.9636153734321641
14,Ob14.txt,88,7093,True,-0.020548587510756167,0.020548587510756167,0.9963452779378968
14,Ob14.txt,89,7076,True,0.006429989119964102,0.006429989119964102,0.9670104180853731
14,Ob14.txt,90,7120,True,0.0404655476497369,0.0404655476497369,0.9571712384193665
14,Ob14.txt,91,7137,True,0.07334794227297514,0.07334794227297514,0.9578111553250352
14,Ob14.txt,92,7166,True,-0.021251338118576435,0.021251338118576435,0.9640628653602139
14,Ob14.txt,93,7098,True,-0.07014181243574671,0.07014181243574671,0.9721011217704356
14,Ob14.txt,94,7103,True,-0.09988945091461268,0.09988945091461268,0.9761079288041675
14,Ob14.txt,95,7142,True,0.10067427516548416,0.10067427516548416,0.9768483593597819
14,Ob14.txt,96,7121,True,0.058896944515823835,0.058896944515823835,0.9639078029097345
14,Ob14.txt,97,7120,True,0.0311343131146328,0.0311343131146328,0.9619659212854974
14,Ob14.txt,98,7116,True,-0.02804373963935646,0.02804373963935646,0.97539362177233
14,Ob14.txt,99,7105,True,-0.0271490716326514,0.0271490716326514,0.976815869630232
15,Ob15.txt,0,6971,True,0.15916456936303947,0.15916456936303947,0.9434006551063575
15,Ob15.txt,1,6950,True,0.014738433482048285,0.014738433482048285,0.9410946809252166
15,Ob15.txt,2,6929,True,0.0390258075380171,0.0390258075380171,0.9519024568558355
15,Ob15.txt,3,7009,True,-7.810068287927852e-07,7.810068287927852e-07,0.935192191132241
15,Ob15.txt,4,6997,True,0.025023390979206694,0.025023390979206694,0.9400275930400429
15,Ob15.txt,5,7017,True,0.07400492631531763,0.07400492631531763,0.940448344698638
15,Ob15.txt,6,6981,True,0.0713573216823873,0.0713573216823873,0.9332954966328901
15,Ob15.txt,7,6964,True,0.0027090830569147656,0.0027090830569147656,0.9551241920968613
15,Ob15.txt,8,6917,True,0.0713984600538831,0.0713984600538831,0.9417045872583941
15,Ob15.txt,9,6948,True,-0.11674924943503608,0.11674924943503608,0.9401448452942575
15,Ob15.txt,10,6924,True,0.07385681258624036,0.07385681258624036,0.9454918487222334
15,Ob15.txt,11,6949,True,0.027902169286287526,0.027902169286287526,0.9402295075142082
15,Ob15.txt,12,6925,True,-0.09664469561080821,0.09664469561080821,0.9410523967414727
15,Ob15.txt,13,6967,True,0.05635818734140702,0.05635818734140702,0.9335410475212251
15,Ob15.txt,14,6889,True,-0.03546249161896897,0.03546249161896897,0.9436190897213358
15,Ob15.txt,15,6942,True,-0.0005864197180880382,0.0005864197180880382,0.9307050227236364
15,Ob15.txt,16,6911,True,-0.09136129968781326,0.09136129968781326,0.9418626915305172
15,Ob15.txt,17,6973,True,-0.0079109414384321,0.0079109414384321,0.9375729465271918
15,Ob15.txt,18,6924,True,0.05801485071984075,0.05801485071984075,0.9542639688155707
15,Ob15.txt,19,7019,True,0.012971618441552812,0.012971618441552812,0.9418626915305172
15,Ob15.txt,20,6965,True,0.03980436148021688,0.03980436148021688,0.9417639227001108
15,Ob15.txt,21,6966,True,0.07865922576543741,0.07865922576543741,0.9464514659924623
15,Ob15.txt,22,6912,True,0.009455459228223079,0.009455459228223079,0.9412546454410762
15,Ob15.txt,23,6949,True,-0.03497225187279307,0.03497225187279307,0.938291680989735
15,Ob15.txt,24,6917,True,-0.049127205062418855,0.049127205062418855,0.9461038382840959
15,Ob15.txt,25,6902,True,-0.08414672901972067,0.08414672901972067,0.9310988495536892
15,Ob15.txt,26,6967,True,0.02636876695521634,0.02636876695521634,0.9477147416728744
15,Ob15.txt,27,6958,True,0.009178271178278151,0.009178271178278151,0.9455118960509603
15,Ob15.txt,28,6931,True,-0.1065995301969419,0.1065995301969419,0.9422838489468399
15,Ob15.txt,29,6949,True,0.0552137242135014,0.0552137242135014,0.9362373118898453
15,Ob15.txt,30,6989,True,0.012754402070523585,0.012754402070523585,0.9364999638575306
15,Ob15.txt,31,6981,True,-0.045412723072738026,0.045412723072738026,0.9410523967414727
15,Ob15.txt,32,6930,True,0.01687278260903135,0.01687278260903135,0.9557858991602828
15,Ob15.txt,33,6935,True,0.008881961092574442,0.008881961092574442,0.9411212711840803
15,Ob15.txt,34,6992,True,-0.10176027406321055,0.10176027406321055,0.9492089265854498
15,Ob15.txt,35,6942,True,0.02668092557373758,0.02668092557373758,0.9439394362003206
15,Ob15.txt,36,6930,True,-0.03733669243353627,0.03733669243353627,0.9404584123313016
15,Ob15.txt,37,6946,True,0.06695737999218726,0.06695737999218726,0.954400223412889
15,Ob15.txt,38,6968,True,-0.04712115046776375,0.04712115046776375,0.946793046107006
15,Ob15.txt,39,6936,True,-0.08386919888317867,0.08386919888317867,0.9433426945317572
15,Ob15.txt,40,6939,True,0.02511865570488403,0.02511865570488403,0.9344800383380893
15,Ob15.txt,41,6892,True,-0.034614847424345965,0.034614847424345965,0.9468354256961163
15,Ob15.txt,42,6953,True,-0.0069491240421928335,0.0069491240421928335,0.935192191132241
15,Ob15.txt,43,6963,True,-0.025373767785154502,0.025373767785154502,0.9436190897213358
15,Ob15.txt,44,6932,True,-0.07683806738877155,0.07683806738877155,0.9619020565947142
15,Ob15.txt,45,6926,True,-0.03815265864685086,0.03815265864685086,0.9530996776188816
15,Ob15.txt,46,6966,True,0.027717761303020907,0.027717761303020907,0.9378897299222317
15,Ob15.txt,47,6971,True,0.06423387831856031,0.06423387831856031,0.9479951843078995
15,Ob15.txt,48,6924,True,-0.03695128348601906,0.03695128348601906,0.9525936145248699
15,Ob15.txt,49,6943,True,-0.04913598305743094,0.04913598305743094,0.9322890037977405
15,Ob15.txt,50,6928,True,0.10082567818346648,0.10082567818346648,0.9607018804738745
15,Ob15.txt,51,6966,True,0.003142439537079711,0.003142439537079711,0.9321209324065737
15,Ob15.txt,52,6975,True,0.031052181269008827,0.031052181269008827,0.9269427432237989
15,Ob15.txt,53,6973,True,-0.009990217153077297,0.009990217153077297,0.9399308718703079
15,Ob15.txt,54,6973,True,-0.011698009692741929,0.011698009692741929,0.9375199136717174
15,Ob15.txt,55,6933,True,-0.005850558664507455,0.005850558664507455,0.9367517412641849
15,Ob15.txt,56,6948,True,0.019325520702730914,0.019325520702730914,0.9491103972581078
15,Ob15.txt,57,6952,True,0.07335877993762188,0.07335877993762188,0.9448338073990732
15,Ob15.txt,58,6944,True,-0.037368566130922376,0.037368566130922376,0.9406622921213239
15,Ob15.txt,59,7001,True,0.060819809490475996,0.060819809490475996,0.9524818313707356
15,Ob15.txt,60,6897,True,0.026564842019205726,0.026564842019205726,0.9400534546755352
15,Ob15.txt,61,6938,True,-0.009277632802530744,0.009277632802530744,0.9487331180787129
15,Ob15.txt,62,6959,True,0.09563813161461387,0.09563813161461387,0.9317268453506733
15,Ob15.txt,63,6960,True,-0.004807427035897212,0.004807427035897212,0.9512121095149988
15,Ob15.txt,64,6986,True,0.011178072340551667,0.011178072340551667,0.9421216452790226
15,Ob15.txt,65,6903,True,0.040571135072720255,0.040571135072720255,0.9353030391287793
15,Ob15.txt,66,6979,True,-0.0109493308464933,0.0109493308464933,0.9376153356826669
15,Ob15.txt,67,6936,True,-0.03246097202599496,0.03246097202599496,0.9429279955183532
15,Ob15.txt,68,6967,True,-0.03546249161896897,0.03546249161896897,0.9551710097727928
15,Ob15.txt,69,6961,True,-0.13901495747033094,0.13901495747033094,0.94511791853576
15,Ob15.txt,70,6980,True,-0.08813002494999572,0.08813002494999572,0.9551292247060987
15,Ob15.txt,71,6942,True,0.05057897715506095,0.05057897715506095,0.928163672926567
15,Ob15.txt,72,6941,True,0.0012551173062113896,0.0012551173062113896,0.9401394175271629
15,Ob15.txt,73,6936,True,0.04843454277609595,0.04843454277609595,0.939806731219497
15,Ob15.txt,74,6880,True,-0.013330758693690714,0.013330758693690714,0.9557286361974517
15,Ob15.txt,75,6973,True,-0.02652774945139147,0.02652774945139147,0.9294485426250771
15,Ob15.txt,76,6940,True,-0.004495161361157962,0.004495161361157962,0.9487778816197
15,Ob15.txt,77,6947,True,-0.06019411485674708,0.06019411485674708,0.9328750793468557
15,Ob15.txt,78,6910,True,0.00035359650366084683,0.00035359650366084683,0.9532265083356732
15,Ob15.txt,79,6956,True,-0.007468611243952206,0.007468611243952206,0.9424752586939484
15,Ob15.txt,80,7031,True,-0.04665168353964677,0.04665168353964677,0.9470690396245701
15,Ob15.txt,81,6934,True,-0.011658398646389678,0.011658398646389678,0.9589820182386872
15,Ob15.txt,82,6918,True,-0.020602926890091217,0.020602926890091217,0.9366274054647609
15,Ob15.txt,83,6936,True,0.02315938052963401,0.02315938052963401,0.9429023744228682
15,Ob15.txt,84,6876,True,-0.04000751034429685,0.04000751034429685,0.9289234485530111
15,Ob15.txt,85,6845,True,-0.025373767785154502,0.025373767785154502,0.9410523967414727
15,Ob15.txt,86,6981,True,0.020872665929306727,0.020872665929306727,0.9435750738970261
15,Ob15.txt,87,6953,True,0.08237372492007666,0.08237372492007666,0.930269697522909
15,Ob15.txt,88,6921,True,0.03663782314151426,0.03663782314151426,0.9484713206725268
15,Ob15.txt,89,6901,True,0.023957184684124833,0.023957184684124833,0.9437164365589882
15,Ob15.txt,90,6927,True,0.03173125247828518,0.03173125247828518,0.9469184291336105
15,Ob15.txt,91,7022,True,-0.12413054916662813,0.12413054916662813,0.9287709503591066
15,Ob15.txt,92,6985,True,0.0641279799589371,0.0641279799589371,0.9531676399517298
15,Ob15.txt,93,6953,True,0.006015405046101097,0.006015405046101097,0.9248018109275749
15,Ob15.txt,94,6924,True,-0.05915570998586603,0.05915570998586603,0.9388716210634402
15,Ob15.txt,95,6941,True,-0.02652774945139147,0.02652774945139147,0.9487468091268023
15,Ob15.txt,96,6973,True,0.018763982468040286,0.018763982468040286,0.9501508961246696
15,Ob15.txt,97,6909,True,0.03232524680480249,0.03232524680480249,0.9363263101246199
15,Ob15.txt,98,6923,True,0.082586687761706,0.082586687761706,0.9302632995960987
15,Ob15.txt,99,6967,True,-0.086701907306249,0.086701907306249,0.9435750738970261
16,Ob16.txt,0,7719,True,0.015243753733459098,0.015243753733459098,0.9566597990309118
16,Ob16.txt,1,7645,True,0.0335574718278322,0.0335574718278322,0.9658029640058851
16,Ob16.txt,2,7655,True,0.09132957722293056,0.09132957722293056,0.9657068613924557
16,Ob16.txt,3,7688,True,-0.0320887707756988,0.0320887707756988,0.9500372367247032
16,Ob16.txt,4,7672,True,-0.08111153998113205,0.08111153998113205,0.9603378324243591
16,Ob16.txt,5,7696,True,0.03296357044105405,0.03296357044105405,0.9601207637776445
16,Ob16.txt,6,7701,True,-0.0928460835289775,0.0928460835289775,0.9409139562070783
16,Ob16.txt,7,7688,True,0.005780999802729808,0.005780999802729808,0.950103852879
16,Ob16.txt,8,7716,True,-0.07606190602226415,0.07606190602226415,0.955600068066827
16,Ob16.txt,9,7685,True,-0.04199600973541212,0.04199600973541212,0.9732369910876075
16,Ob16.txt,10,7708,True,0.0005285820685465847,0.0005285820685465847,0.9400346955809481
16,Ob16.txt,11,7661,True,0.12524185998392567,0.12524185998392567,0.9699915682355049
16,Ob16.txt,12,7673,True,-0.013933187521756318,0.013933187521756318,0.94897828619388
16,Ob16.txt,13,7681,True,0.0010390476616671807,0.0010390476616671807,0.9596203594879327
16,Ob16.txt,14,7747,True,-0.02227192072812012,0.02227192072812012,0.9474329779313151
16,Ob16.txt,15,7662,True,0.05991898196111814,0.05991898196111814,0.9599011727406841
16,Ob16.txt,16,7673,True,-0.010441003079523198,0.010441003079523198,0.9628494511157789
16,Ob16.txt,17,7725,True,0.07162813178932259,0.07162813178932259,0.9457517388013039
16,Ob16.txt,18,7613,True,-0.0209604172812397,0.0209604172812397,0.9627460819759577
16,Ob16.txt,19,7664,True,0.04952867101495777,0.04952867101495777,0.963963950415205
16,Ob16.txt,20,7660,True,-0.051791229181826534,0.051791229181826534,0.9487106468712665
16,Ob16.txt,21,7709,True,-0.009801081108662402,0.009801081108662402,0.959853578680117
16,Ob16.txt,22,7730,True,0.010997969816613495,0.010997969816613495,0.943307525499975
16,Ob16.txt,23,7704,True,-0.03430535838245727,0.03430535838245727,0.9560660023796188
16,Ob16.txt,24,7671,True,-0.012803597983338133,0.012803597983338133,0.9516514159001562
16,Ob16.txt,25,7642,True,-0.09960057787617074,0.09960057787617074,0.9584806830004343
16,Ob16.txt,26,7666,True,-0.07917702536725274,0.07917702536725274,0.943603234933698
16,Ob16.txt,27,7655,True,-0.06622598638246321,0.06622598638246321,0.952690286417949
16,Ob16.txt,28,7717,True,-0.07306031753525322,0.07306031753525322,0.9499346430185288
16,Ob16.txt,29,7666,True,-0.05378006195358297,0.05378006195358297,0.9503034202558753
16,Ob16.txt,30,7703,True,-0.02520692768868299,0.02520692768868299,0.9518095223521548
16,Ob16.txt,31,7734,True,-0.11734732514367995,0.11734732514367995,0.9696613422301625
16,Ob16.txt,32,7713,True,-0.04269975216641275,0.04269975216641275,0.9505550218652155
16,Ob16.txt,33,7671,True,0.013151256979564707,0.013151256979564707,0.9563590855596833
16,Ob16.txt,34,7698,True,-0.012251812485179175,0.012251812485179175,0.9594328001084389
16,Ob16.txt,35,7678,True,-0.051495979882107135,0.051495979882107135,0.9469291681454446
16,Ob16.txt,36,7668,True,-0.10666997617407689,0.10666997617407689,0.9526337881412565
16,Ob16.txt,37,7680,True,0.010359550728951644,0.010359550728951644,0.9593582813484688
16,Ob16.txt,38,7693,True,0.1327733928502418,0.1327733928502418,0.955154712882516
16,Ob16.txt,39,7674,True,0.0023837207099890872,0.0023837207099890872,0.9509432203339596
16,Ob16.txt,40,7673,True,-0.07055471647855871,0.07055471647855871,0.9750679002885163
16,Ob16.txt,41,7714,True,-0.10369227290005378,0.10369227290005378,0.9593699072499944
16,Ob16.txt,42,7670,True,-0.15283336136440467,0.15283336136440467,0.9575352445427538
16,Ob16.txt,43,7700,True,-0.005362322449714574,0.005362322449714574,0.9435799545797828
16,Ob16.txt,44,7688,True,0.13388034958178463,0.13388034958178463,0.9563606884616989
16,Ob16.txt,45,7680,True,0.008279693878817697,0.008279693878817697,0.9628276731192142
16,Ob16.txt,46,7714,True,-0.004867068531119956,0.004867068531119956,0.9521777194054768
16,Ob16.txt,47,7702,True,-0.033161767689894456,0.033161767689894456,0.9428970023721205
16,Ob16.txt,48,7723,True,-0.040377197388597574,0.040377197388597574,0.9601946292163143
16,Ob16.txt,49,7701,True,0.028635406190500312,0.028635406190500312,0.9661625405605233
16,Ob16.txt,50,7696,True,0.05110711524316611,0.05110711524316611,0.93328253513776
16,Ob16.txt,51,7746,True,-0.019823041097312977,0.019823041097312977,0.9625694509297553
16,Ob16.txt,52,7654,True,0.045325561711234016,0.045325561711234016,0.965901840566005
16,Ob16.txt,53,7684,True,0.024043485754821972,0.024043485754821972,0.9582449311902972
16,Ob16.txt,54,7730,True,0.017640929838554975,0.017640929838554975,0.9557165679085281
16,Ob16.txt,55,7652,True,-0.04697355026861555,0.04697355026861555,0.970115567413034
16,Ob16.txt,56,7718,True,0.015818758055204354,0.015818758055204354,0.9534819321794892
16,Ob16.txt,57,7712,True,-0.04277989253126968,0.04277989253126968,0.9341240073597584
16,Ob16.txt,58,7647,True,0.05527538777165886,0.05527538777165886,0.9564485913404719
16,Ob16.txt,59,7686,True,0.014594135657510665,0.014594135657510665,0.9635796550802852
16,Ob16.txt,60,7677,True,0.02520692768868299,0.02520692768868299,0.9505550218652155
16,Ob16.txt,61,7724,True,-0.006303857026501186,0.006303857026501186,0.9480849701858725
16,Ob16.txt,62,7704,True,-0.05390538349901575,0.05390538349901575,0.9447153129018501
16,Ob16.txt,63,7660,True,-0.0781906475301365,0.0781906475301365,0.9624489933560434
16,Ob16.txt,64,7634,True,0.1045780519129158,0.1045780519129158,0.9365538073001076
16,Ob16.txt,65,7629,True,-0.02680956902527354,0.02680956902527354,0.9492636342967395
16,Ob16.txt,66,7706,True,-0.10706871240081173,0.10706871240081173,0.9629220598135755
16,Ob16.txt,67,7656,True,-0.03247405500615669,0.03247405500615669,0.966060486296096
16,Ob16.txt,68,7710,True,0.05090746184103298,0.05090746184103298,0.9591221372873437
16,Ob16.txt,69,7668,True,0.034551406862436074,0.034551406862436074,0.9738936871108175
16,Ob16.txt,70,7635,True,0.04864351741173931,0.04864351741173931,0.9470307205075158
16,Ob16.txt,71,7706,True,0.00412029898324125,0.00412029898324125,0.9557249315344634
16,Ob16.txt,72,7633,True,-0.024539151360026823,0.024539151360026823,0.9505906373677879
16,Ob16.txt,73,7670,True,-0.11849108974751749,0.11849108974751749,0.9595912237817218
16,Ob16.txt,74,7698,True,-0.013222204773709889,0.013222204773709889,0.9487106468712665
16,Ob16.txt,75,7725,True,-0.06542838902134696,0.06542838902134696,0.9525459164587988
16,Ob16.txt,76,7709,True,-0.030935635475066614,0.030935635475066614,0.9577484470976628
16,Ob16.txt,77,7724,True,0.0012763090688118622,0.0012763090688118622,0.9496531436892378
16,Ob16.txt,78,7710,True,0.010313642672760637,0.010313642672760637,0.9527731102191801
16,Ob16.txt,79,7659,True,0.04483456568331859,0.04483456568331859,0.9634655495355289
16,Ob16.txt,80,7715,True,-0.03184282922027504,0.03184282922027504,0.9630000309352887
16,Ob16.txt,81,7678,True,-0.04861600079343125,0.04861600079343125,0.9461860454161094
16,Ob16.txt,82,7678,True,0.033308642231476754,0.033308642231476754,0.9503859079554822
16,Ob16.txt,83,7680,True,-0.036527194408578836,0.036527194408578836,0.9593699072499944
16,Ob16.txt,84,7729,True,0.007728500920935799,0.007728500920935799,0.9580263114410927
16,Ob16.txt,85,7692,True,0.0101210420940928,0.0101210420940928,0.939245710095729
16,Ob16.txt,86,7734,True,0.019656959409380753,0.019656959409380753,0.9590620124365387
16,Ob16.txt,87,7648,True,0.0924653047131121,0.0924653047131121,0.9496081540535404
16,Ob16.txt,88,7640,True,0.013105287128513415,0.013105287128513415,0.9511250016537973
16,Ob16.txt,89,7680,True,-0.03507770701399053,0.03507770701399053,0.9432494545242229
16,Ob16.txt,90,7628,True,-0.05174533505972123,0.05174533505972123,0.9546665355750374
16,Ob16.txt,91,7706,True,-0.07336226922425065,0.07336226922425065,0.9557122437485275
16,Ob16.txt,92,7716,True,0.07899856568240235,0.07899856568240235,0.9576349598668161
16,Ob16.txt,93,7673,True,0.051033556560097226,0.051033556560097226,0.9649784172913848
16,Ob16.txt,94,7707,True,-0.04547768510018635,0.04547768510018635,0.963886936135645
16,Ob16.txt,95,7676,True,0.01646179484391036,0.01646179484391036,0.9630845964883227
16,Ob16.txt,96,7709,True,-0.016968413011970718,0.016968413011970718,0.9540053754775313
16,Ob16.txt,97,7720,True,-0.05335148631315301,0.05335148631315301,0.9749681378908469
16,Ob16.txt,98,7677,True,0.0320697230453304,0.0320697230453304,0.9512958033001314
16,Ob16.txt,99,7720,True,-0.04096194389546226,0.04096194389546226,0.9538066942237622
17,Ob17.txt,0,7376,True,0.02198262181153717,0.02198262181153717,0.9465395467914717
17,Ob17.txt,1,7400,True,-0.08482823320575507,0.08482823320575507,0.966506721856483
17,Ob17.txt,2,7415,True,-0.04805621996400561,0.04805621996400561,0.9815729909343783
17,Ob17.txt,3,7383,True,0.017273909685936617,0.017273909685936617,0.9645730361933771
17,Ob17.txt,4,7358,True,0.007834206876632735,0.007834206876632735,0.9629269054341837
17,Ob17.txt,5,7379,True,-0.054633848086175496,0.054633848086175496,0.9776469964940147
17,Ob17.txt,6,7349,True,0.03904792971913573,0.03904792971913573,0.9686847248065532
17,Ob17.txt,7,7403,True,0.038856735374310114,0.038856735374310114,0.9664604406332304
17,Ob17.txt,8,7444,True,0.04351020493820377,0.04351020493820377,0.957836491488355
17,Ob17.txt,9,7404,True,-0.0425615427541913,0.0425615427541913,0.9729136164589264
17,Ob17.txt,10,7366,True,-0.06065726961347005,0.06065726961347005,0.9538559082024765
17,Ob17.txt,11,7402,True,-0.002989175954660278,0.002989175954660278,0.9503778969755023
17,Ob17.txt,12,7427,True,0.037696690426402,0.037696690426402,0.970835946860074
17,Ob17.txt,13,7426,True,-0.0783346693225734,0.0783346693225734,0.9653458952366587
17,Ob17.txt,14,7409,True,0.06285424208564683,0.06285424208564683,0.9690550593915874
17,Ob17.txt,15,7361,True,0.03904792971913573,0.03904792971913573,0.9659091995953155
17,Ob17.txt,16,7374,True,-0.0005109896942735587,0.0005109896942735587,0.9751380395838675
17,Ob17.txt,17,7401,True,-0.058074637641951865,0.058074637641951865,0.9795685856689449
17,Ob17.txt,18,7367,True,-0.0475892530770337,0.0475892530770337,0.9701015539923854
17,Ob17.txt,19,7393,True,0.022773982763144518,0.022773982763144518,0.978540193861092
17,Ob17.txt,20,7396,True,0.03541043212022399,0.03541043212022399,0.9514185282024733
17,Ob17.txt,21,7412,True,-0.023313580767164315,0.023313580767164315,0.978549172803841
17,Ob17.txt,22,7394,True,0.07527570870943659,0.07527570870943659,0.9630295605425838
17,Ob17.txt,23,7367,True,0.09538978764963957,0.09538978764963957,0.9738498611880044
17,Ob17.txt,24,7430,True,-0.03956347346364139,0.03956347346364139,0.971471322298274
17,Ob17.txt,25,7428,True,0.14808824647153462,0.14808824647153462,0.9596856760165196
17,Ob17.txt,26,7434,True,0.03861966697018941,0.03861966697018941,0.9820578362295139
17,Ob17.txt,27,7373,True,-0.05896565445084079,0.05896565445084079,0.9663650018663643
17,Ob17.txt,28,7388,True,-0.08231634506818152,0.08231634506818152,0.9571634339753133
17,Ob17.txt,29,7380,True,0.02396227674363821,0.02396227674363821,0.9771961720326746
17,Ob17.txt,30,7403,True,-0.042266869643495214,0.042266869643495214,0.9510361140031198
17,Ob17.txt,31,7443,True,-0.0034778783139105818,0.0034778783139105818,0.9505187110502047
17,Ob17.txt,32,7403,True,-0.014284416680685474,0.014284416680685474,0.9627026189415471
17,Ob17.txt,33,7437,True,-0.015603978813928499,0.015603978813928499,0.9491554455538237
17,Ob17.txt,34,7383,True,-0.0791196789145216,0.0791196789145216,0.9749214805392963
17,Ob17.txt,35,7433,True,0.052064950417126665,0.052064950417126665,0.9515041926845665
17,Ob17.txt,36,7400,True,-0.0917946042839442,0.0917946042839442,0.9494109314112413
17,Ob17.txt,37,7397,True,-0.03763081642946409,0.03763081642946409,0.9710304013713154
17,Ob17.txt,38,7398,True,0.03981947177406964,0.03981947177406964,0.9648255346211396
17,Ob17.txt,39,7380,True,0.00037026966469429906,0.00037026966469429906,0.9598667913647478
17,Ob17.txt,40,7419,True,-0.021477217661140635,0.021477217661140635,0.9491554455538237
17,Ob17.txt,41,7394,True,-0.0204316338477587,0.0204316338477587,0.9598877578113054
17,Ob17.txt,42,7433,True,-0.04499512187751842,0.04499512187751842,0.9648743126950857
17,Ob17.txt,43,7424,True,0.0035207688255726455,0.0035207688255726455,0.9587845670239743
17,Ob17.txt,44,7396,True,-0.008391182368240001,0.008391182368240001,0.9668057383368704
17,Ob17.txt,45,7383,True,-0.026707294455898256,0.026707294455898256,0.969803749839284
17,Ob17.txt,46,7395,True,-0.0221455725330103,0.0221455725330103,0.9746829044229586
17,Ob17.txt,47,7444,True,0.04980063877201932,0.04980063877201932,0.9637043231630411
17,Ob17.txt,48,7396,True,-0.009128231744060133,0.009128231744060133,0.9570063629322596
17,Ob17.txt,49,7333,True,0.04258080737449488,0.04258080737449488,0.9670045970621203
17,Ob17.txt,50,7396,True,-0.03282799035824158,0.03282799035824158,0.9458691960418127
17,Ob17.txt,51,7408,True,0.016929168101985304,0.016929168101985304,0.961724692539727
17,Ob17.txt,52,7390,True,0.0043219249217453515,0.0043219249217453515,0.945288010064735
17,Ob17.txt,53,7391,True,-0.04880843482916736,0.04880843482916736,0.9667142632162707
17,Ob17.txt,54,7424,True,0.05605801582016144,0.05605801582016144,0.9686549796411553
17,Ob17.txt,55,7391,True,0.05802808973669582,0.05802808973669582,0.96564453672181
17,Ob17.txt,56,7364,True,0.07517615894863108,0.07517615894863108,0.9816232323112244
17,Ob17.txt,57,7361,True,-0.054040458772325994,0.054040458772325994,0.953413893718591
17,Ob17.txt,58,7363,True,0.02375500651253648,0.02375500651253648,0.9685808282513019
17,Ob17.txt,59,7345,True,0.05106359704748786,0.05106359704748786,0.9670045970621203
17,Ob17.txt,60,7352,True,0.015493602959931158,0.015493602959931158,0.9840471417798997
17,Ob17.txt,61,7391,True,-0.05047371324069927,0.05047371324069927,0.9601137574578027
17,Ob17.txt,62,7410,True,0.10186878641136521,0.10186878641136521,0.947119810002923
17,Ob17.txt,63,7440,True,0.05337814892973765,0.05337814892973765,0.9541286663281076
17,Ob17.txt,64,7371,True,-0.044383521194631514,0.044383521194631514,0.970066045544342
17,Ob17.txt,65,7367,True,-0.06323752987288878,0.06323752987288878,0.970101438939984
17,Ob17.txt,66,7432,True,0.05231679254290572,0.05231679254290572,0.9381890136568423
17,Ob17.txt,67,7366,True,-0.06655759513578871,0.06655759513578871,0.9687408461072443
17,Ob17.txt,68,7378,True,0.08068159334514102,0.08068159334514102,0.9712852488994752
17,Ob17.txt,69,7345,True,0.0017554753130016865,0.0017554753130016865,0.9575169810048918
17,Ob17.txt,70,7422,True,-0.07977140817289613,0.07977140817289613,0.94633475215012
17,Ob17.txt,71,7378,True,0.06227075031660689,0.06227075031660689,0.9723677226832091
17,Ob17.txt,72,7412,True,-0.05739425155296474,0.05739425155296474,0.974819852475542
17,Ob17.txt,73,7445,True,-0.014963335755113605,0.014963335755113605,0.9576083778901711
17,Ob17.txt,74,7382,True,0.03419422309232095,0.03419422309232095,0.953501740604211
17,Ob17.txt,75,7433,True,-0.010672678545127323,0.010672678545127323,0.9753545986284387
17,Ob17.txt,76,7418,True,0.00023982845597125824,0.00023982845597125824,0.9688436526596675
17,Ob17.txt,77,7419,True,0.044067901898236006,0.044067901898236006,0.9558294145248848
17,Ob17.txt,78,7395,True,-0.019392649960208563,0.019392649960208563,0.9690550593915874
17,Ob17.txt,79,7375,True,-0.05841314075548376,0.05841314075548376,0.9812670176199018
17,Ob17.txt,80,7402,True,-0.0292845056202442,0.0292845056202442,0.9574388180965434
17,Ob17.txt,81,7413,True,-0.06267563891448713,0.06267563891448713,0.9939675116714684
17,Ob17.txt,82,7387,True,-0.08991525593689276,0.08991525593689276,0.9713560430100775
17,Ob17.txt,83,7369,True,0.036564109619607404,0.036564109619607404,0.9506255372223882
17,Ob17.txt,84,7336,True,-0.05846992800738923,0.05846992800738923,0.961724692539727
17,Ob17.txt,85,7406,True,-0.06498313438071114,0.06498313438071114,0.9591508318454196
17,Ob17.txt,86,7381,True,-0.005058527307957694,0.005058527307957694,0.9505088003157256
17,Ob17.txt,87,7378,True,0.027414034162578232,0.027414034162578232,0.9610976143629049
17,Ob17.txt,88,7411,True,0.0632337624843078,0.0632337624843078,0.9610917549940059
17,Ob17.txt,89,7409,True,0.009829580733203613,0.009829580733203613,0.9868196751544498
17,Ob17.txt,90,7421,True,0.015152351760288174,0.015152351760288174,0.9575169810048918
17,Ob17.txt,91,7359,True,-0.03301021534876991,0.03301021534876991,0.9610917549940059
17,Ob17.txt,92,7400,True,-0.08293792101089416,0.08293792101089416,0.9954460934728059
17,Ob17.txt,93,7404,True,-0.061189416388924056,0.061189416388924056,0.9543316047042383
17,Ob17.txt,94,7414,True,0.05767448500965286,0.05767448500965286,0.9686063514100796
17,Ob17.txt,95,7392,True,-0.005010010262283426,0.005010010262283426,0.9579244548400929
17,Ob17.txt,96,7370,True,-0.03696774866207444,0.03696774866207444,0.9728606127744934
17,Ob17.txt,97,7399,True,0.10977545738155237,0.10977545738155237,0.9631578931605995
17,Ob17.txt,98,7412,True,-0.021491486219189754,0.021491486219189754,0.9683244023259847
17,Ob17.txt,99,7391,True,-0.0076488378556964776,0.0076488378556964776,0.9736004435394905
18,Ob18.txt,0,6628,True,-0.010954482169753088,0.010954482169753088,0.9325643404527746
18,Ob18.txt,1,6631,True,0.006331633450742835,0.006331633450742835,0.9294501953931167
18,Ob18.txt,2,6636,True,0.054301852248547944,0.054301852248547944,0.936507904456876
18,Ob18.txt,3,6632,True,-0.00889228527748992,0.00889228527748992,0.9412921915063068
18,Ob18.txt,4,6656,True,0.038975413518732585,0.038975413518732585,0.9296075297590423
18,Ob18.txt,5,6573,True,-0.08383082719966028,0.08383082719966028,0.9475088286367389
18,Ob18.txt,6,6639,True,-0.0030458117552579003,0.0030458117552579003,0.9294501953931167
18,Ob18.txt,7,6657,True,0.06007426593684162,0.06007426593684162,0.9308230631172763
18,Ob18.txt,8,6543,True,0.11142837885726001,0.11142837885726001,0.9282038386694377
18,Ob18.txt,9,6714,True,-0.07985116572870926,0.07985116572870926,0.9368943305916879
18,Ob18.txt,10,6633,True,-0.0449895287485087,0.0449895287485087,0.939251013854111
18,Ob18.txt,11,6604,True,-0.024394797176686953,0.024394797176686953,0.9295364081602278
18,Ob18.txt,12,6634,True,-0.043397918808234404,0.043397918808234404,0.9170836304521022
18,Ob18.txt,13,6603,True,-0.021770693138776775,0.021770693138776775,0.9328637183159334
18,Ob18.txt,14,6581,True,-0.016694224430634397,0.016694224430634397,0.9234808775232778
18,Ob18.txt,15,6611,True,0.02026308517571848,0.02026308517571848,0.9260944400492171
18,Ob18.txt,16,6638,True,0.11277868485789469,0.11277868485789469,0.9335553281691873
18,Ob18.txt,17,6661,True,0.0031870492264426398,0.0031870492264426398,0.9424487479137037
18,Ob18.txt,18,6649,True,0.06619823718860218,0.06619823718860218,0.9081644738130572
18,Ob18.txt,19,6500,True,0.012676684710620681,0.012676684710620681,0.929537450646637
18,Ob18.txt,20,6640,True,0.026436437055758377,0.026436437055758377,0.9323588630870614
18,Ob18.txt,21,6650,True,-0.021929826527219684,0.021929826527219684,0.9567819983330024
18,Ob18.txt,22,6640,True,-0.03775556726389641,0.03775556726389641,0.9447959583122785
18,Ob18.txt,23,6644,True,0.04572017700027453,0.04572017700027453,0.9372767810844815
18,Ob18.txt,24,6632,True,-0.03746845642362823,0.03746845642362823,0.9350530886720143
18,Ob18.txt,25,6741,True,-0.045395128613555547,0.045395128613555547,0.9430712196210218
18,Ob18.txt,26,6649,True,-0.0954725638283784,0.0954725638283784,0.9430712196210218
18,Ob18.txt,27,6661,True,0.033078278105014,0.033078278105014,0.9351451840007142
18,Ob18.txt,28,6690,True,0.04447069037388887,0.04447069037388887,0.9349975177923597
18,Ob18.txt,29,6598,True,0.07104439692520287,0.07104439692520287,0.9318550903200283
18,Ob18.txt,30,6637,True,0.034656630038417596,0.034656630038417596,0.9349715897806918
18,Ob18.txt,31,6655,True,-0.006911529697884222,0.006911529697884222,0.9347430035158109
18,Ob18.txt,32,6645,True,-0.023399556502665286,0.023399556502665286,0.949479668014257
18,Ob18.txt,33,6668,True,0.08041343085100586,0.08041343085100586,0.9294491529067075
18,Ob18.txt,34,6662,True,-0.049075833031809846,0.049075833031809846,0.9282479841798115
18,Ob18.txt,35,6628,True,-0.018149747265750416,0.018149747265750416,0.9415717156531862
18,Ob18.txt,36,6610,True,-0.06606804121164875,0.06606804121164875,0.9344881929210899
18,Ob18.txt,37,6600,True,0.004242883973031075,0.004242883973031075,0.9389964680370866
18,Ob18.txt,38,6654,True,0.007738329092522785,0.007738329092522785,0.9521376973217222
18,Ob18.txt,39,6647,True,-0.09268497268095088,0.09268497268095088,0.9358801424056664
18,Ob18.txt,40,6668,True,-0.044075028467306765,0.044075028467306765,0.9358011180480239
18,Ob18.txt,41,6657,True,0.0053331907806922,0.0053331907806922,0.9282921296901852
18,Ob18.txt,42,6618,True,-0.013287366781732757,0.013287366781732757,0.93333563804217
18,Ob18.txt,43,6642,True,-0.0625244149147727,0.0625244149147727,0.9370611331802438
18,Ob18.txt,44,6630,True,-0.1679947194980064,0.1679947194980064,0.9413998611525249
18,Ob18.txt,45,6609,True,-0.04820312651279279,0.04820312651279279,0.9257370365665689
18,Ob18.txt,46,6715,True,0.023010689961930897,0.023010689961930897,0.9347982815609868
18,Ob18.txt,47,6548,True,0.03403474388896782,0.03403474388896782,0.9346620954386596
18,Ob18.txt,48,6677,True,0.022214907748756785,0.022214907748756785,0.9528292454661196
18,Ob18.txt,49,6636,True,0.025963865988892665,0.025963865988892665,0.9486318034854377
18,Ob18.txt,50,6608,True,0.038443145762710344,0.038443145762710344,0.927378914607114
18,Ob18.txt,51,6636,True,0.025450486639543468,0.025450486639543468,0.9367858590073209
18,Ob18.txt,52,6604,True,-0.0011869999048098878,0.0011869999048098878,0.9368943305916879
18,Ob18.txt,53,6616,True,-0.09923125501899208,0.09923125501899208,0.9386467422952322
18,Ob18.txt,54,6622,True,0.05034632951286866,0.05034632951286866,0.949656598237099
18,Ob18.txt,55,6657,True,-0.06338246437121131,0.06338246437121131,0.9336476675615061
18,Ob18.txt,56,6588,True,0.06496824265094764,0.06496824265094764,0.9315001103916131
18,Ob18.txt,57,6586,True,0.023410487339866642,0.023410487339866642,0.930193718498842
18,Ob18.txt,58,6713,True,0.027037181177917535,0.027037181177917535,0.9476991733534748
18,Ob18.txt,59,6602,True,-0.03925794716765292,0.03925794716765292,0.9262465436436819
18,Ob18.txt,60,6703,True,0.012343825157095978,0.012343825157095978,0.9345259093163325
18,Ob18.txt,61,6670,True,0.017819769919982485,0.017819769919982485,0.9271624310537151
18,Ob18.txt,62,6614,True,0.10446879446437962,0.10446879446437962,0.9425017141894618
18,Ob18.txt,63,6526,True,0.05514856387688838,0.05514856387688838,0.941873041039899
18,Ob18.txt,64,6631,True,0.007288311841371464,0.007288311841371464,0.9244911124830961
18,Ob18.txt,65,6600,True,-0.004682113473599425,0.004682113473599425,0.9226542965774343
18,Ob18.txt,66,6602,True,0.020071717193572064,0.020071717193572064,0.9466430746760777
18,Ob18.txt,67,6645,True,-0.04244527325352332,0.04244527325352332,0.9398932095409147
18,Ob18.txt,68,6652,True,0.0475377873378553,0.0475377873378553,0.943594867682541
18,Ob18.txt,69,6635,True,0.026652703329904437,0.026652703329904437,0.9407896962028822
18,Ob18.txt,70,6657,True,-0.03180900926560648,0.03180900926560648,0.9270320419689781
18,Ob18.txt,71,6649,True,0.04619706325741557,0.04619706325741557,0.9371029064894218
18,Ob18.txt,72,6655,True,-0.09163328129540738,0.09163328129540738,0.9298087429112218
18,Ob18.txt,73,6632,True,0.04212541434584388,0.04212541434584388,0.9185790267466332
18,Ob18.txt,74,6608,True,-0.0244505163484382,0.0244505163484382,0.9407511738080809
18,Ob18.txt,75,6596,True,0.03574946564195468,0.03574946564195468,0.9296023008513696
18,Ob18.txt,76,6640,True,0.08647485808572215,0.08647485808572215,0.9265498901560496
18,Ob18.txt,77,6583,True,0.022827563529772554,0.022827563529772554,0.9330670069978504
18,Ob18.txt,78,6637,True,-0.011061026609099578,0.011061026609099578,0.933646676050475
18,Ob18.txt,79,6568,True,-0.019526316867717053,0.019526316867717053,0.9274788456272
18,Ob18.txt,80,6577,True,-0.04110870553852097,0.04110870553852097,0.9303637966982596
18,Ob18.txt,81,6615,True,0.0204748491300401,0.0204748491300401,0.9377312985127773
18,Ob18.txt,82,6577,True,-0.014299817310584384,0.014299817310584384,0.9464074638200519
18,Ob18.txt,83,6549,True,-0.04156820245504633,0.04156820245504633,0.9451135444946988
18,Ob18.txt,84,6619,True,0.09301467125765694,0.09301467125765694,0.9485264957787874
18,Ob18.txt,85,6614,True,0.04859547326447827,0.04859547326447827,0.9453527321239338
18,Ob18.txt,86,6651,True,-0.03727785172825748,0.03727785172825748,0.9525111228897387
18,Ob18.txt,87,6667,True,-0.022310392042060423,0.022310392042060423,0.9550782936734535
18,Ob18.txt,88,6687,True,-0.03720836705649522,0.03720836705649522,0.93598977755501
18,Ob18.txt,89,6618,True,0.018535592014247287,0.018535592014247287,0.944878887072833
18,Ob18.txt,90,6699,True,0.013495531796467342,0.013495531796467342,0.927389100268526
18,Ob18.txt,91,6677,True,-0.0941391184349158,0.0941391184349158,0.9347986290819243
18,Ob18.txt,92,6646,True,0.03705331646856924,0.03705331646856924,0.9374137617819587
18,Ob18.txt,93,6650,True,0.015006153262322072,0.015006153262322072,0.9524701124085226
18,Ob18.txt,94,6683,True,-0.1331995241991193,0.1331995241991193,0.9376060478559028
18,Ob18.txt,95,6677,True,0.0003705660347675943,0.0003705660347675943,0.938551562370402
18,Ob18.txt,96,6592,True,0.046864353320570706,0.046864353320570706,0.9400756622650406
18,Ob18.txt,97,6538,True,-0.057303824650659196,0.057303824650659196,0.9403286798141772
18,Ob18.txt,98,6622,True,-0.029752521584882008,0.029752521584882008,0.9413668096341726
18,Ob18.txt,99,6573,True,0.008548963956136413,0.008548963956136413,0.9338148259735584
19,Ob19.txt,0,10000,True,0.028429174092875806,0.028429174092875806,0.9467386023069064
19,Ob19.txt,1,10000,True,-0.051672784737499394,0.051672784737499394,0.936863520487794
19,Ob19.txt,2,10000,True,0.0011040048991485946,0.0011040048991485946,0.9449158564101243
19,Ob19.txt,3,10000,True,0.0498880454026769,0.0498880454026769,0.9563983599434912
19,Ob19.txt,4,10000,True,0.013436783215251102,0.013436783215251102,0.9425129093323847
19,Ob19.txt,5,10000,True,-0.01386976694353348,0.01386976694353348,0.9369448593935498
19,Ob19.txt,6,10000,True,0.0407823993526142,0.0407823993526142,0.9445076585333965
19,Ob19.txt,7,10000,True,-0.030456438021717436,0.030456438021717436,0.9416183732718815
19,Ob19.txt,8,10000,True,0.039846476654300134,0.039846476654300134,0.9587070349188391
19,Ob19.txt,9,10000,True,-0.019891223903171343,0.019891223903171343,0.9402908784697126
19,Ob19.txt,10,10000,True,-0.005692590109658169,0.005692590109658169,0.9412569234129011
19,Ob19.txt,11,10000,True,0.016798991742119077,0.016798991742119077,0.9366428039945132
19,Ob19.txt,12,10000,True,-0.0570379360542252,0.0570379360542252,0.9454999853261331
19,Ob19.txt,13,10000,True,-0.002441247476771387,0.002441247476771387,0.9444847639130336
19,Ob19.txt,14,10000,True,-0.012935200863275107,0.012935200863275107,0.9378594813820753
19,Ob19.txt,15,10000,True,0.0724622499943082,0.0724622499943082,0.9450126590863506
19,Ob19.txt,16,10000,True,-0.028236300004060938,0.028236300004060938,0.9311007675177684
19,Ob19.txt,17,10000,True,-0.0858032554057072,0.0858032554057072,0.9402302577055073
19,Ob19.txt,18,10000,True,0.05393507831081673,0.05393507831081673,0.9384581168569601
19,Ob19.txt,19,10000,True,-0.03604487653884102,0.03604487653884102,0.9454785782285778
19,Ob19.txt,20,10000,True,-0.029217743387195814,0.029217743387195814,0.9376835608611076
19,Ob19.txt,21,10000,True,0.0565969677256864,0.0565969677256864,0.9600785544293806
19,Ob19.txt,22,10000,True,0.04924800962870146,0.04924800962870146,0.9464596908547315
19,Ob19.txt,23,10000,True,-0.13270363227857973,0.13270363227857973,0.9384391090088307
19,Ob19.txt,24,10000,True,-0.00947591323185236,0.00947591323185236,0.9384931077058605
19,Ob19.txt,25,10000,True,-0.049941501486120504,0.049941501486120504,0.9519864949465415
19,Ob19.txt,26,10000,True,0.02843279315033219,0.02843279315033219,0.9493789585140586
19,Ob19.txt,27,10000,True,-0.053429680392236584,0.053429680392236584,0.9536389602128279
19,Ob19.txt,28,10000,True,-0.08710057355671945,0.08710057355671945,0.9518394575570626
19,Ob19.txt,29,10000,True,-0.019866287446394404,0.019866287446394404,0.9370207603481919
19,Ob19.txt,30,10000,True,0.0023606251871801515,0.0023606251871801515,0.9502833081399735
19,Ob19.txt,31,10000,True,0.0220993575954576,0.0220993575954576,0.9518394575570626
19,Ob19.txt,32,10000,True,0.02294062205461824,0.02294062205461824,0.9562415979122866
19,Ob19.txt,33,10000,True,-0.022649812163299032,0.022649812163299032,0.9357891783930081
19,Ob19.txt,34,10000,True,-0.028380210946840553,0.028380210946840553,0.941909383079031
19,Ob19.txt,35,10000,True,0.019177281762781717,0.019177281762781717,0.9361092185771521
19,Ob19.txt,36,10000,True,-0.008062889248433236,0.008062889248433236,0.9402685100842875
19,Ob19.txt,37,10000,True,-0.07690968749529936,0.07690968749529936,0.9368906452042891
19,Ob19.txt,38,10000,True,-0.03375123537886285,0.03375123537886285,0.9485364127622242
19,Ob19.txt,39,10000,True,-0.006791820479492047,0.006791820479492047,0.9315527458969614
19,Ob19.txt,40,10000,True,0.028243760585621308,0.028243760585621308,0.9385189842602655
19,Ob19.txt,41,10000,True,0.020864567028681155,0.020864567028681155,0.93326189339962
19,Ob19.txt,42,10000,True,0.024086202941615953,0.024086202941615953,0.9494460389224924
19,Ob19.txt,43,10000,True,0.04720175103761498,0.04720175103761498,0.9374754809023552
19,Ob19.txt,44,10000,True,-0.06469201998397062,0.06469201998397062,0.9578229361750895
19,Ob19.txt,45,10000,True,-0.046088412604103596,0.046088412604103596,0.9434823751176538
19,Ob19.txt,46,10000,True,0.15055536750561502,0.15055536750561502,0.9509827003801163
19,Ob19.txt,47,10000,True,0.031271089353256454,0.031271089353256454,0.936272607431897
19,Ob19.txt,48,10000,True,-0.015406941242486205,0.015406941242486205,0.9586129371205216
19,Ob19.txt,49,10000,True,-0.0311240918015927,0.0311240918015927,0.9417988485568269
19,Ob19.txt,50,10000,True,-0.04097326897240278,0.04097326897240278,0.9360578167336208
19,Ob19.txt,51,10000,True,0.0460933470657692,0.0460933470657692,0.9369522317955905
19,Ob19.txt,52,10000,True,-0.034778668134409774,0.034778668134409774,0.9353568875151279
19,Ob19.txt,53,10000,True,-0.04138741494000464,0.04138741494000464,0.934267552130093
19,Ob19.txt,54,10000,True,-0.0372031550428511,0.0372031550428511,0.9621653024243925
19,Ob19.txt,55,10000,True,0.07012720562527469,0.07012720562527469,0.9501492387143351
19,Ob19.txt,56,10000,True,-0.054357755198523025,0.054357755198523025,0.9397315666955129
19,Ob19.txt,57,10000,True,-0.049887528665753494,0.049887528665753494,0.9434823751176538
19,Ob19.txt,58,10000,True,-0.05147028592745562,0.05147028592745562,0.9453955048977659
19,Ob19.txt,59,10000,True,-0.014003404122353236,0.014003404122353236,0.9520908634634534
19,Ob19.txt,60,10000,True,-0.0602588701203694,0.0602588701203694,0.9401575104050008
19,Ob19.txt,61,10000,True,0.01800189006872984,0.01800189006872984,0.9416495851342506
19,Ob19.txt,62,10000,True,0.010772241964670672,0.010772241964670672,0.9491747208632929
19,Ob19.txt,63,10000,True,0.04362035472319903,0.04362035472319903,0.9636288529511161
19,Ob19.txt,64,10000,True,0.05434585440583764,0.05434585440583764,0.946777818980558
19,Ob19.txt,65,10000,True,-0.006534142350451633,0.006534142350451633,0.9388039030985782
19,Ob19.txt,66,10000,True,0.028472334180373482,0.028472334180373482,0.9476582543006907
19,Ob19.txt,67,10000,True,0.032483612767846004,0.032483612767846004,0.9509672487333777
19,Ob19.txt,68,10000,True,-0.008871557960717076,0.008871557960717076,0.9374086833894075
19,Ob19.txt,69,10000,True,0.03126781349463405,0.03126781349463405,0.9382878479509869
19,Ob19.txt,70,10000,True,-0.021957898762826902,0.021957898762826902,0.9446348846779643
19,Ob19.txt,71,10000,True,0.07612332080896034,0.07612332080896034,0.9374086833894075
19,Ob19.txt,72,10000,True,0.06329956373938306,0.06329956373938306,0.9397315666955129
19,Ob19.txt,73,10000,True,0.021884247099641096,0.021884247099641096,0.9466267685446662
19,Ob19.txt,74,10000,True,-0.03068084496217688,0.03068084496217688,0.9561021921320845
19,Ob19.txt,75,10000,True,-0.024584728296367646,0.024584728296367646,0.9496518069072284
19,Ob19.txt,76,10000,True,0.025380403009647556,0.025380403009647556,0.9538133744993219
19,Ob19.txt,77,10000,True,-0.021519870411263853,0.021519870411263853,0.9369476545886923
19,Ob19.txt,78,10000,True,0.028891684477794333,0.028891684477794333,0.9359946904728423
19,Ob19.txt,79,10000,True,0.009299084255767351,0.009299084255767351,0.9397842127410765
19,Ob19.txt,80,10000,True,-0.07633363802444575,0.07633363802444575,0.9600075419635442
19,Ob19.txt,81,10000,True,-0.051312821728891456,0.051312821728891456,0.9450801991008717
19,Ob19.txt,82,10000,True,-0.015977696926551543,0.015977696926551543,0.9599307765035805
19,Ob19.txt,83,10000,True,-0.009517804324841603,0.009517804324841603,0.941624038992854
19,Ob19.txt,84,10000,True,-0.0864293450080984,0.0864293450080984,0.9651057430431967
19,Ob19.txt,85,10000,True,-0.08831577769937293,0.08831577769937293,0.9512180471543931
19,Ob19.txt,86,10000,True,-0.0915697250690013,0.0915697250690013,0.9446161892124602
19,Ob19.txt,87,10000,True,-0.03348002651595747,0.03348002651595747,0.9426113253783379
19,Ob19.txt,88,10000,True,-0.022397150492279666,0.022397150492279666,0.9307814040708449
19,Ob19.txt,89,10000,True,0.0248175054653417,0.0248175054653417,0.9614006665260809
19,Ob19.txt,90,10000,True,0.029356949542142463,0.029356949542142463,0.9343616567714049
19,Ob19.txt,91,10000,True,-0.051819594317181236,0.051819594317181236,0.9412488635634869
19,Ob19.txt,92,10000,True,-0.0010532219470959364,0.0010532219470959364,0.9537959004942962
19,Ob19.txt,93,10000,True,0.004999287520475515,0.004999287520475515,0.9355644619344403
19,Ob19.txt,94,10000,True,0.010323876057371742,0.010323876057371742,0.9509343424219312
19,Ob19.txt,95,10000,True,-0.026868273958336242,0.026868273958336242,0.9555666868724567
19,Ob19.txt,96,10000,True,0.09202889917058955,0.09202889917058955,0.9383407134245368
19,Ob19.txt,97,10000,True,-0.01957731680370367,0.01957731680370367,0.9315141748178939
19,Ob19.txt,98,10000,True,0.0023550376252950422,0.0023550376252950422,0.9485712698376634
19,Ob19.txt,99,10000,True,-0.061824258964599865,0.061824258964599865,0.9413432736423775
