variable,family,n_ob,n_events,null_median_low_to_high_delta_z,null_median_high_to_low_delta_z,null_median_direction_contrast_z,null_abs_median_direction_contrast_z,null_direction_contrast_sign_consistency,replicate
knn_resid_speed_cov_observed,observed_pair,19,1470,-0.04200419427635593,-0.02491138280253047,0.1627125881765019,0.1627125881765019,0.5263157894736842,1
knn_resid_radial_cov_observed,observed_pair,19,1470,0.12687025992257384,0.03182465034760715,0.15603216489202776,0.15603216489202776,0.6842105263157895,1
knn_resid_alignment_cumulant,empirical_cumulant,19,1470,0.07846973110508818,-0.0027962671496243006,0.1455932121046647,0.1455932121046647,0.5789473684210527,1
knn_resid_alignment_observed,observed_pair,19,1470,0.03166062690535342,0.008181882398417661,0.12618592294086678,0.12618592294086678,0.7368421052631579,1
knn_resid_radial_cov_cumulant,empirical_cumulant,19,1470,0.058245974523065486,-0.04697656883179774,0.12038971905697113,0.12038971905697113,0.6842105263157895,1
knn_resid_speed_cov_cumulant,empirical_cumulant,19,1470,0.016221754150565343,-0.02338396141144561,0.07815031086758975,0.07815031086758975,0.5263157894736842,1
knn_resid_tangential_cov_observed,observed_pair,19,1470,-0.09806519429249894,-0.01400993733560911,-0.03896345944314965,0.03896345944314965,0.5263157894736842,1
knn_resid_tangential_cov_expected,one_fish_conditional_baseline,19,1470,-0.0452533913983728,-0.001259635216948371,-0.035842754511327804,0.035842754511327804,0.631578947368421,1
knn_resid_radial_cov_expected,one_fish_conditional_baseline,19,1470,-0.04525339139837312,-0.00125963521694894,-0.035842754511327776,0.035842754511327776,0.631578947368421,1
knn_resid_speed_cov_expected,one_fish_conditional_baseline,19,1470,-0.04525339139837329,-0.0012596352169491343,-0.035842754511324904,0.035842754511324904,0.631578947368421,1
knn_resid_tangential_cov_cumulant,empirical_cumulant,19,1470,-0.05850230542031615,0.027939820000521948,-0.03285171137543752,0.03285171137543752,0.5263157894736842,1
knn_resid_alignment_expected,one_fish_conditional_baseline,19,1470,0.01673625647843499,0.03984632303443397,-0.026701235691273834,0.026701235691273834,0.5789473684210527,1
knn_resid_alignment_expected,one_fish_conditional_baseline,19,1471,-0.09509382930417654,0.0439743408370567,-0.10112001733489008,0.10112001733489008,0.6842105263157895,2
knn_resid_speed_cov_cumulant,empirical_cumulant,19,1471,-0.03220963287288092,0.015335594812020126,-0.057637696996471616,0.057637696996471616,0.5789473684210527,2
knn_resid_speed_cov_observed,observed_pair,19,1471,-0.01064462437444448,0.013032186864528394,-0.037798712890790204,0.037798712890790204,0.5789473684210527,2
knn_resid_radial_cov_cumulant,empirical_cumulant,19,1471,0.00466968886796406,0.05999119694288049,0.028219939078272804,0.028219939078272804,0.5263157894736842,2
knn_resid_alignment_observed,observed_pair,19,1471,-0.02131459628051409,-0.02990473210902761,0.022439232891634173,0.022439232891634173,0.5263157894736842,2
knn_resid_tangential_cov_cumulant,empirical_cumulant,19,1471,0.0585924584146459,0.040456556361974844,0.016438346701504153,0.016438346701504153,0.5263157894736842,2
knn_resid_tangential_cov_observed,observed_pair,19,1471,0.05221435134918495,0.034366164186071746,0.013681299142900977,0.013681299142900977,0.5789473684210527,2
knn_resid_alignment_cumulant,empirical_cumulant,19,1471,-0.007590993818775968,0.002487763422718947,0.010639897752454497,0.010639897752454497,0.5263157894736842,2
knn_resid_radial_cov_expected,one_fish_conditional_baseline,19,1471,0.08346455268755415,0.027628370006488743,0.010435587523186657,0.010435587523186657,0.5263157894736842,2
knn_resid_speed_cov_expected,one_fish_conditional_baseline,19,1471,0.08346455268755526,0.027628370006488694,0.010435587523186296,0.010435587523186296,0.5263157894736842,2
knn_resid_tangential_cov_expected,one_fish_conditional_baseline,19,1471,0.0834645526875546,0.027628370006488642,0.010435587523185907,0.010435587523185907,0.5263157894736842,2
knn_resid_radial_cov_observed,observed_pair,19,1471,-0.036585726661524126,0.013477134820929937,-0.001738780196288106,0.001738780196288106,0.5263157894736842,2
knn_resid_alignment_cumulant,empirical_cumulant,19,1469,-0.035240451595490524,0.11827509342057435,-0.11000327696073003,0.11000327696073003,0.631578947368421,3
knn_resid_radial_cov_observed,observed_pair,19,1469,-0.10389056736624822,-0.013122292975336958,-0.07327545356801601,0.07327545356801601,0.631578947368421,3
knn_resid_radial_cov_cumulant,empirical_cumulant,19,1469,-0.09257840682403083,-0.017870667231732917,-0.018734781056791758,0.018734781056791758,0.5789473684210527,3
knn_resid_speed_cov_observed,observed_pair,19,1469,-0.00937103181041088,0.01040027221932363,0.012231217922081816,0.012231217922081816,0.5263157894736842,3
knn_resid_radial_cov_expected,one_fish_conditional_baseline,19,1469,0.027824795843539134,-0.0505426355198558,0.0119141433597508,0.0119141433597508,0.631578947368421,3
knn_resid_tangential_cov_expected,one_fish_conditional_baseline,19,1469,0.027824795843538593,-0.05054263551985497,0.011914143359750218,0.011914143359750218,0.631578947368421,3
knn_resid_speed_cov_expected,one_fish_conditional_baseline,19,1469,0.0278247958435393,-0.050542635519855814,0.01191414335974858,0.01191414335974858,0.631578947368421,3
knn_resid_tangential_cov_cumulant,empirical_cumulant,19,1469,-0.025061644747322545,-0.0430107535237506,-0.00937744850518285,0.00937744850518285,0.5263157894736842,3
knn_resid_speed_cov_cumulant,empirical_cumulant,19,1469,-0.015169181833160128,0.03359839557049482,-0.009018169508904939,0.009018169508904939,0.5263157894736842,3
knn_resid_alignment_expected,one_fish_conditional_baseline,19,1469,0.041627816028195805,-0.007498441045977418,-0.008375322236474789,0.008375322236474789,0.5263157894736842,3
knn_resid_alignment_observed,observed_pair,19,1469,0.0009260388570863642,0.13117946544328646,-0.00685780063977437,0.00685780063977437,0.5263157894736842,3
knn_resid_tangential_cov_observed,observed_pair,19,1469,-0.017247014817390993,-0.057353314612378026,-0.0004272130783886108,0.0004272130783886108,0.5263157894736842,3
knn_resid_radial_cov_observed,observed_pair,19,1471,-0.0423188546001918,0.02051760012440562,-0.10224087739229804,0.10224087739229804,0.5789473684210527,4
knn_resid_tangential_cov_cumulant,empirical_cumulant,19,1471,0.04894618683972362,-0.00043387358527979814,0.08704654407067001,0.08704654407067001,0.5789473684210527,4
knn_resid_radial_cov_cumulant,empirical_cumulant,19,1471,-0.057766466255045786,0.03507071123669914,-0.08460546872995138,0.08460546872995138,0.5789473684210527,4
knn_resid_speed_cov_expected,one_fish_conditional_baseline,19,1471,0.06287110522001493,-0.08707659014387231,0.07568151037734955,0.07568151037734955,0.631578947368421,4
knn_resid_tangential_cov_expected,one_fish_conditional_baseline,19,1471,0.06287110522001457,-0.08707659014387265,0.07568151037734935,0.07568151037734935,0.631578947368421,4
knn_resid_radial_cov_expected,one_fish_conditional_baseline,19,1471,0.06287110522001416,-0.08707659014387159,0.07568151037734934,0.07568151037734934,0.631578947368421,4
knn_resid_alignment_cumulant,empirical_cumulant,19,1471,-0.09084648728318272,-0.04877238964321141,-0.05883844729091322,0.05883844729091322,0.5263157894736842,4
knn_resid_tangential_cov_observed,observed_pair,19,1471,0.035506957594059974,-0.016357665111199887,0.05835948870802567,0.05835948870802567,0.631578947368421,4
knn_resid_alignment_expected,one_fish_conditional_baseline,19,1471,-0.000831579220440963,-0.07807150744684797,0.05008389664609233,0.05008389664609233,0.5789473684210527,4
knn_resid_alignment_observed,observed_pair,19,1471,-0.07775378868324129,-0.13248240186881927,-0.015328886814441944,0.015328886814441944,0.5789473684210527,4
knn_resid_speed_cov_cumulant,empirical_cumulant,19,1471,0.00736148695807598,-0.07342891688674674,-0.008474249158888253,0.008474249158888253,0.5263157894736842,4
knn_resid_speed_cov_observed,observed_pair,19,1471,-0.04123981849786726,-0.07468599644406071,-0.006523298855390713,0.006523298855390713,0.5789473684210527,4
knn_resid_alignment_observed,observed_pair,19,1471,0.13078501212756455,-0.028151534259656514,0.21661891979542652,0.21661891979542652,0.5789473684210527,5
knn_resid_alignment_cumulant,empirical_cumulant,19,1471,0.08712898295634838,-0.0041302842614949625,0.06247562562062094,0.06247562562062094,0.5789473684210527,5
knn_resid_tangential_cov_observed,observed_pair,19,1471,0.09862631218061328,-0.0641683434409043,0.059636462056115946,0.059636462056115946,0.6842105263157895,5
knn_resid_alignment_expected,one_fish_conditional_baseline,19,1471,0.11571052424891898,-0.06066347409874884,0.05532061306319527,0.05532061306319527,0.5789473684210527,5
knn_resid_speed_cov_cumulant,empirical_cumulant,19,1471,0.035748386563866696,0.08526622613467374,-0.05243098125199103,0.05243098125199103,0.5789473684210527,5
knn_resid_speed_cov_observed,observed_pair,19,1471,0.109217990378372,0.07535113003477384,-0.04949689588013252,0.04949689588013252,0.5789473684210527,5
knn_resid_tangential_cov_expected,one_fish_conditional_baseline,19,1471,-0.0640335250935967,-0.01711647563062333,0.037013061450999696,0.037013061450999696,0.5263157894736842,5
knn_resid_speed_cov_expected,one_fish_conditional_baseline,19,1471,-0.06403352509359772,-0.0171164756306227,0.03701306145099917,0.03701306145099917,0.5263157894736842,5
knn_resid_radial_cov_expected,one_fish_conditional_baseline,19,1471,-0.06403352509359693,-0.01711647563062345,0.03701306145099881,0.03701306145099881,0.5263157894736842,5
knn_resid_radial_cov_cumulant,empirical_cumulant,19,1471,-0.043644086748402956,0.03807017328043982,-0.02475977981297045,0.02475977981297045,0.631578947368421,5
knn_resid_tangential_cov_cumulant,empirical_cumulant,19,1471,0.1337986354947307,-0.012465024569716918,0.01614905244033621,0.01614905244033621,0.5789473684210527,5
knn_resid_radial_cov_observed,observed_pair,19,1471,-0.052866072666038266,0.006605033092325463,0.0033161212411497443,0.0033161212411497443,0.5263157894736842,5
knn_resid_alignment_cumulant,empirical_cumulant,19,1471,0.10603843047894722,-0.10100600116919595,0.11259049056826065,0.11259049056826065,0.7368421052631579,6
knn_resid_alignment_observed,observed_pair,19,1471,0.03803618996642108,-0.09296051627498324,0.08880909708519372,0.08880909708519372,0.6842105263157895,6
knn_resid_radial_cov_cumulant,empirical_cumulant,19,1471,0.10118546424225072,0.06711375640668217,0.08440974935785389,0.08440974935785389,0.5263157894736842,6
knn_resid_alignment_expected,one_fish_conditional_baseline,19,1471,0.004295693108849849,0.005865195212586896,0.0832780162160594,0.0832780162160594,0.631578947368421,6
knn_resid_radial_cov_observed,observed_pair,19,1471,0.10073071826750343,0.04027735335906103,0.08160087743515348,0.08160087743515348,0.5789473684210527,6
knn_resid_speed_cov_observed,observed_pair,19,1471,-0.016290227068420038,0.089251659941154,-0.05745830456376275,0.05745830456376275,0.5263157894736842,6
knn_resid_tangential_cov_observed,observed_pair,19,1471,-0.0075275611127580975,0.006144647367857026,0.0494597604465129,0.0494597604465129,0.5263157894736842,6
knn_resid_speed_cov_cumulant,empirical_cumulant,19,1471,-0.03626305618060037,0.10340307273636899,-0.040491708910882176,0.040491708910882176,0.5789473684210527,6
knn_resid_speed_cov_expected,one_fish_conditional_baseline,19,1471,-0.02029907017044401,-0.06732134373648602,0.027388388005042313,0.027388388005042313,0.5789473684210527,6
knn_resid_radial_cov_expected,one_fish_conditional_baseline,19,1471,-0.020299070170443703,-0.06732134373648685,0.027388388005041925,0.027388388005041925,0.5789473684210527,6
knn_resid_tangential_cov_expected,one_fish_conditional_baseline,19,1471,-0.020299070170443717,-0.06732134373648635,0.02738838800504151,0.02738838800504151,0.5789473684210527,6
knn_resid_tangential_cov_cumulant,empirical_cumulant,19,1471,-0.015194489376126746,0.014965210166327014,-0.019851104901384614,0.019851104901384614,0.5263157894736842,6
knn_resid_alignment_expected,one_fish_conditional_baseline,19,1471,-0.05083618219669506,-0.01853348396838045,-0.1574443119425008,0.1574443119425008,0.631578947368421,7
knn_resid_alignment_cumulant,empirical_cumulant,19,1471,-0.015250427479902684,0.2106328126848591,-0.11004225894645847,0.11004225894645847,0.631578947368421,7
knn_resid_alignment_observed,observed_pair,19,1471,-0.04497791273591223,0.19285092244344107,-0.10521829392315152,0.10521829392315152,0.631578947368421,7
knn_resid_speed_cov_expected,one_fish_conditional_baseline,19,1471,-0.08121141471733545,0.026621288541489374,-0.06418661312733467,0.06418661312733467,0.5263157894736842,7
knn_resid_radial_cov_expected,one_fish_conditional_baseline,19,1471,-0.08121141471733459,0.026621288541489263,-0.06418661312733442,0.06418661312733442,0.5263157894736842,7
knn_resid_tangential_cov_expected,one_fish_conditional_baseline,19,1471,-0.08121141471733474,0.026621288541489818,-0.06418661312733298,0.06418661312733298,0.5263157894736842,7
knn_resid_tangential_cov_cumulant,empirical_cumulant,19,1471,-0.03285823677237684,0.05720075160395317,-0.03592721563733822,0.03592721563733822,0.5789473684210527,7
knn_resid_tangential_cov_observed,observed_pair,19,1471,-0.016139008944090566,-0.0030650076128410086,-0.02150058786263878,0.02150058786263878,0.5789473684210527,7
knn_resid_speed_cov_observed,observed_pair,19,1471,-0.011842496115403653,0.04335149105554559,-0.015372078434921374,0.015372078434921374,0.5789473684210527,7
knn_resid_radial_cov_observed,observed_pair,19,1471,-0.05921116465109688,-0.01833396691186026,0.011877297651887914,0.011877297651887914,0.5263157894736842,7
knn_resid_speed_cov_cumulant,empirical_cumulant,19,1471,-0.02068597609418625,0.0520447857463856,-0.010111836239326516,0.010111836239326516,0.5263157894736842,7
knn_resid_radial_cov_cumulant,empirical_cumulant,19,1471,-0.08111977839758305,-0.05579008175698319,0.002841061944262979,0.002841061944262979,0.5263157894736842,7
knn_resid_radial_cov_observed,observed_pair,19,1471,-0.00682942503214809,-0.0125034421042884,-0.1558446171594416,0.1558446171594416,0.631578947368421,8
knn_resid_tangential_cov_observed,observed_pair,19,1471,-0.00686998398777116,0.02622305996031113,-0.08308534854123492,0.08308534854123492,0.5263157894736842,8
knn_resid_alignment_observed,observed_pair,19,1471,0.05838355552132857,0.08549140287332233,-0.07014488578068023,0.07014488578068023,0.631578947368421,8
knn_resid_speed_cov_observed,observed_pair,19,1471,-0.05575930732480956,0.05901590120069855,-0.06917661465497689,0.06917661465497689,0.631578947368421,8
knn_resid_alignment_cumulant,empirical_cumulant,19,1471,-0.012186511114615772,0.014724997683709114,-0.06561731148322147,0.06561731148322147,0.5263157894736842,8
knn_resid_speed_cov_cumulant,empirical_cumulant,19,1471,-0.039071881296591005,0.07899430199198448,-0.061132673174775845,0.061132673174775845,0.631578947368421,8
knn_resid_radial_cov_cumulant,empirical_cumulant,19,1471,0.0018180374348739647,0.02415244677120648,-0.05054181452139859,0.05054181452139859,0.6842105263157895,8
knn_resid_tangential_cov_cumulant,empirical_cumulant,19,1471,0.0016164451294822801,0.030522792802695646,-0.04069811029879647,0.04069811029879647,0.5789473684210527,8
knn_resid_alignment_expected,one_fish_conditional_baseline,19,1471,0.03354507241887783,-0.03016678543398804,-0.03677409051798969,0.03677409051798969,0.5263157894736842,8
knn_resid_radial_cov_expected,one_fish_conditional_baseline,19,1471,-0.015663416003456387,-0.03880760224465442,0.03524949414153948,0.03524949414153948,0.5789473684210527,8
knn_resid_speed_cov_expected,one_fish_conditional_baseline,19,1471,-0.015663416003456332,-0.03880760224465521,0.03524949414153862,0.03524949414153862,0.5789473684210527,8
knn_resid_tangential_cov_expected,one_fish_conditional_baseline,19,1471,-0.015663416003455333,-0.03880760224465393,0.03524949414153823,0.03524949414153823,0.5789473684210527,8
knn_resid_speed_cov_observed,observed_pair,19,1471,-0.09699194993300339,0.014397594445946835,-0.1812035527438133,0.1812035527438133,0.631578947368421,9
knn_resid_speed_cov_cumulant,empirical_cumulant,19,1471,0.004512107530996103,0.00881012042596041,-0.15104327205373336,0.15104327205373336,0.5789473684210527,9
knn_resid_radial_cov_observed,observed_pair,19,1471,0.014683316373135913,-0.09073767451949999,0.1216959564553168,0.1216959564553168,0.6842105263157895,9
knn_resid_radial_cov_cumulant,empirical_cumulant,19,1471,0.021773983922386095,-0.03482051201000553,0.0931743794498274,0.0931743794498274,0.7368421052631579,9
knn_resid_tangential_cov_expected,one_fish_conditional_baseline,19,1471,0.030056539088848422,0.024154948568288703,-0.08112607748622036,0.08112607748622036,0.631578947368421,9
knn_resid_radial_cov_expected,one_fish_conditional_baseline,19,1471,0.030056539088848533,0.024154948568290202,-0.0811260774862203,0.0811260774862203,0.631578947368421,9
knn_resid_speed_cov_expected,one_fish_conditional_baseline,19,1471,0.030056539088847645,0.024154948568288814,-0.0811260774862187,0.0811260774862187,0.631578947368421,9
knn_resid_alignment_expected,one_fish_conditional_baseline,19,1471,0.07011644236568487,-0.02404454061015221,0.0707017202082866,0.0707017202082866,0.631578947368421,9
knn_resid_alignment_cumulant,empirical_cumulant,19,1471,-0.01025619898737773,0.01016166493955381,0.03201071720994886,0.03201071720994886,0.5263157894736842,9
knn_resid_tangential_cov_cumulant,empirical_cumulant,19,1471,0.09356991857072244,0.051650439709744034,-0.009319976898726198,0.009319976898726198,0.5263157894736842,9
knn_resid_alignment_observed,observed_pair,19,1471,-0.004038224197647239,0.01902344356820379,-0.005996385766526197,0.005996385766526197,0.5263157894736842,9
knn_resid_tangential_cov_observed,observed_pair,19,1471,0.06869471975754177,0.026238185796305963,-0.001815817527912239,0.001815817527912239,0.5263157894736842,9
knn_resid_radial_cov_cumulant,empirical_cumulant,19,1471,0.016793882988958744,-0.0787388147781507,0.13191109860846473,0.13191109860846473,0.5789473684210527,10
knn_resid_alignment_cumulant,empirical_cumulant,19,1471,0.02969881560515994,0.0239057379355148,-0.10255388409591987,0.10255388409591987,0.5789473684210527,10
knn_resid_radial_cov_observed,observed_pair,19,1471,-0.0329168593232981,-0.06692866166695888,0.09790795772725622,0.09790795772725622,0.5789473684210527,10
knn_resid_radial_cov_expected,one_fish_conditional_baseline,19,1471,0.057832631163735826,0.0540081048522939,-0.07484249450060429,0.07484249450060429,0.5263157894736842,10
knn_resid_speed_cov_expected,one_fish_conditional_baseline,19,1471,0.05783263116373649,0.05400810485229324,-0.0748424945006041,0.0748424945006041,0.5263157894736842,10
knn_resid_tangential_cov_expected,one_fish_conditional_baseline,19,1471,0.05783263116373627,0.05400810485229335,-0.07484249450060265,0.07484249450060265,0.5263157894736842,10
knn_resid_alignment_observed,observed_pair,19,1471,-0.029001586820787156,0.020509734136012314,-0.05411813733080034,0.05411813733080034,0.5263157894736842,10
knn_resid_speed_cov_cumulant,empirical_cumulant,19,1471,-0.02306986051322616,0.021397009345764995,-0.03486536137589796,0.03486536137589796,0.5263157894736842,10
knn_resid_alignment_expected,one_fish_conditional_baseline,19,1471,-0.014942120245356239,0.019767404593432375,-0.034709524838788613,0.034709524838788613,0.5789473684210527,10
knn_resid_tangential_cov_observed,observed_pair,19,1471,0.015597743400438457,0.05610207158307107,-0.025583548803312706,0.025583548803312706,0.5789473684210527,10
knn_resid_tangential_cov_cumulant,empirical_cumulant,19,1471,0.01174804593649241,0.03338145569742096,-0.02163340976092855,0.02163340976092855,0.5789473684210527,10
knn_resid_speed_cov_observed,observed_pair,19,1471,-0.03154753931539264,-0.013872187990390805,-0.018482302644345763,0.018482302644345763,0.631578947368421,10
knn_resid_alignment_observed,observed_pair,19,1471,0.18862369845787763,-0.060774181017124757,0.31365713463918204,0.31365713463918204,0.8421052631578947,11
knn_resid_alignment_cumulant,empirical_cumulant,19,1471,0.038523480260197585,-0.007840456361596138,0.172243999903518,0.172243999903518,0.7368421052631579,11
knn_resid_radial_cov_cumulant,empirical_cumulant,19,1471,0.09762770120114515,-0.014599348974284346,0.15248574160065453,0.15248574160065453,0.7368421052631579,11
knn_resid_radial_cov_observed,observed_pair,19,1471,0.06955846424809868,0.007063170376351208,0.08423110653907795,0.08423110653907795,0.631578947368421,11
knn_resid_tangential_cov_cumulant,empirical_cumulant,19,1471,-0.059932096914496566,0.004566126884236632,-0.08395400333677128,0.08395400333677128,0.631578947368421,11
knn_resid_tangential_cov_observed,observed_pair,19,1471,-0.059591992088192464,0.018500519842524543,-0.08048881249273149,0.08048881249273149,0.631578947368421,11
knn_resid_speed_cov_expected,one_fish_conditional_baseline,19,1471,0.016204283189345137,0.03549325706189066,0.06039251097155618,0.06039251097155618,0.631578947368421,11
knn_resid_tangential_cov_expected,one_fish_conditional_baseline,19,1471,0.016204283189344415,0.035493257061891215,0.06039251097155521,0.06039251097155521,0.631578947368421,11
knn_resid_radial_cov_expected,one_fish_conditional_baseline,19,1471,0.016204283189345636,0.03549325706189144,0.060392510971554264,0.060392510971554264,0.631578947368421,11
knn_resid_alignment_expected,one_fish_conditional_baseline,19,1471,0.04114601575602396,-0.06531937973993784,0.04632782789212857,0.04632782789212857,0.6842105263157895,11
knn_resid_speed_cov_observed,observed_pair,19,1471,0.011302758052063835,0.02837338918531096,0.011817133199979409,0.011817133199979409,0.5263157894736842,11
knn_resid_speed_cov_cumulant,empirical_cumulant,19,1471,-0.014965064969802211,0.01562306489552684,0.0002215664854034391,0.0002215664854034391,0.5263157894736842,11
knn_resid_tangential_cov_observed,observed_pair,19,1471,0.08210572479822315,-0.10221670340175584,0.20913396890199687,0.20913396890199687,0.6842105263157895,12
knn_resid_tangential_cov_cumulant,empirical_cumulant,19,1471,0.11491141722833798,-0.09591516745209885,0.20006052631493398,0.20006052631493398,0.7368421052631579,12
knn_resid_speed_cov_observed,observed_pair,19,1471,0.09758889761041994,-0.09982153218134814,0.13084675529989187,0.13084675529989187,0.6842105263157895,12
knn_resid_radial_cov_observed,observed_pair,19,1471,-0.15488973426922326,-0.05216221356700199,-0.09173089854726382,0.09173089854726382,0.631578947368421,12
knn_resid_speed_cov_cumulant,empirical_cumulant,19,1471,0.06388243700630672,-0.10623422055541534,0.06634135696730958,0.06634135696730958,0.631578947368421,12
knn_resid_alignment_observed,observed_pair,19,1471,-0.02279262749367139,0.006351174877849058,-0.06518718784880892,0.06518718784880892,0.5789473684210527,12
knn_resid_radial_cov_cumulant,empirical_cumulant,19,1471,-0.1261039740247458,-0.04709347977656836,-0.05746434866627197,0.05746434866627197,0.7368421052631579,12
knn_resid_alignment_expected,one_fish_conditional_baseline,19,1471,-0.03128751432182264,-0.04426501372380026,0.042593146321306785,0.042593146321306785,0.5789473684210527,12
knn_resid_radial_cov_expected,one_fish_conditional_baseline,19,1471,-0.0754457868882463,0.049127639429711156,-0.018521013664320726,0.018521013664320726,0.5263157894736842,12
knn_resid_tangential_cov_expected,one_fish_conditional_baseline,19,1471,-0.07544578688824644,0.04912763942971126,-0.0185210136643207,0.0185210136643207,0.5263157894736842,12
knn_resid_speed_cov_expected,one_fish_conditional_baseline,19,1471,-0.07544578688824594,0.049127639429711115,-0.018521013664320338,0.018521013664320338,0.5263157894736842,12
knn_resid_alignment_cumulant,empirical_cumulant,19,1471,0.028012801753499683,0.020955131418397492,0.010704204376929538,0.010704204376929538,0.5263157894736842,12
knn_resid_alignment_observed,observed_pair,19,1471,-0.02287907183248867,-0.016874305161534917,0.1987729925209724,0.1987729925209724,0.5263157894736842,13
knn_resid_tangential_cov_cumulant,empirical_cumulant,19,1471,0.028575346093022036,-0.08480927233394281,0.08232627386693189,0.08232627386693189,0.631578947368421,13
knn_resid_radial_cov_expected,one_fish_conditional_baseline,19,1471,0.05672026700550815,-0.023119911707568594,0.07974849009568247,0.07974849009568247,0.5263157894736842,13
knn_resid_tangential_cov_expected,one_fish_conditional_baseline,19,1471,0.05672026700550872,-0.023119911707567803,0.07974849009568097,0.07974849009568097,0.5263157894736842,13
knn_resid_speed_cov_expected,one_fish_conditional_baseline,19,1471,0.05672026700550735,-0.023119911707568358,0.07974849009568019,0.07974849009568019,0.5263157894736842,13
knn_resid_alignment_expected,one_fish_conditional_baseline,19,1471,0.06410460208045982,-0.06562350133334675,0.06652647669891767,0.06652647669891767,0.631578947368421,13
knn_resid_radial_cov_observed,observed_pair,19,1471,-0.05678473900619488,-0.03482761714078142,0.04675028738049185,0.04675028738049185,0.5263157894736842,13
knn_resid_tangential_cov_observed,observed_pair,19,1471,0.005080256221556778,-0.06431624447396336,0.04374105681203186,0.04374105681203186,0.631578947368421,13
knn_resid_speed_cov_observed,observed_pair,19,1471,-0.005177811308523239,-0.007438493300636791,-0.019225262971341493,0.019225262971341493,0.5263157894736842,13
knn_resid_speed_cov_cumulant,empirical_cumulant,19,1471,-0.01710099363261658,-0.005692344466198651,-0.011763132064632337,0.011763132064632337,0.5263157894736842,13
knn_resid_alignment_cumulant,empirical_cumulant,19,1471,0.013149859270906818,0.008955220695508852,0.008073341890259517,0.008073341890259517,0.5789473684210527,13
knn_resid_radial_cov_cumulant,empirical_cumulant,19,1471,-0.03948513854441336,-0.07234950566133858,-0.005627839200562562,0.005627839200562562,0.5263157894736842,13
knn_resid_tangential_cov_expected,one_fish_conditional_baseline,19,1469,-0.02233911517933032,0.2024662008486214,-0.2064241143245367,0.2064241143245367,0.7368421052631579,14
knn_resid_radial_cov_expected,one_fish_conditional_baseline,19,1469,-0.022339115179329683,0.2024662008486205,-0.20642411432453642,0.20642411432453642,0.7368421052631579,14
knn_resid_speed_cov_expected,one_fish_conditional_baseline,19,1469,-0.022339115179330238,0.20246620084862121,-0.20642411432453625,0.20642411432453625,0.7368421052631579,14
knn_resid_radial_cov_cumulant,empirical_cumulant,19,1469,0.05220898446039007,0.054546135768793524,0.15234003676870655,0.15234003676870655,0.631578947368421,14
knn_resid_speed_cov_cumulant,empirical_cumulant,19,1469,0.04520911348392134,-0.09053578253759897,0.12656471452765455,0.12656471452765455,0.631578947368421,14
knn_resid_tangential_cov_cumulant,empirical_cumulant,19,1469,0.06032004587914183,-0.10385916757964597,0.12322779484524216,0.12322779484524216,0.7368421052631579,14
knn_resid_tangential_cov_observed,observed_pair,19,1469,0.054455772436300155,-0.10742149369927331,0.1099424277002044,0.1099424277002044,0.631578947368421,14
knn_resid_radial_cov_observed,observed_pair,19,1469,0.014103252466854593,0.0001369425056996082,0.10237194177706327,0.10237194177706327,0.5789473684210527,14
knn_resid_speed_cov_observed,observed_pair,19,1469,0.05034097203770663,-0.0655568714973645,0.0908520230953469,0.0908520230953469,0.5789473684210527,14
knn_resid_alignment_observed,observed_pair,19,1469,0.01285160408746834,-0.06648839871367654,-0.0765382201414285,0.0765382201414285,0.5789473684210527,14
knn_resid_alignment_cumulant,empirical_cumulant,19,1469,0.07681218792338569,-0.07002460222315243,0.03371076717228744,0.03371076717228744,0.5789473684210527,14
knn_resid_alignment_expected,one_fish_conditional_baseline,19,1469,0.0468372303643156,-0.01846831344912081,-0.005125793210964763,0.005125793210964763,0.5263157894736842,14
knn_resid_radial_cov_observed,observed_pair,19,1471,0.16265403781458418,-0.07681435551405626,0.14940284425863565,0.14940284425863565,0.631578947368421,15
knn_resid_radial_cov_cumulant,empirical_cumulant,19,1471,0.06596275602345741,-0.06766248992462737,0.1426867399925031,0.1426867399925031,0.631578947368421,15
knn_resid_alignment_cumulant,empirical_cumulant,19,1471,0.08525666262759694,-0.033950755767366586,0.09550143738083514,0.09550143738083514,0.6842105263157895,15
knn_resid_alignment_observed,observed_pair,19,1471,0.027424757679339606,0.013771589556166197,0.07002263024025587,0.07002263024025587,0.5263157894736842,15
knn_resid_tangential_cov_observed,observed_pair,19,1471,-0.016073938222715856,-0.00830380471976934,-0.061111246293507115,0.061111246293507115,0.5789473684210527,15
knn_resid_alignment_expected,one_fish_conditional_baseline,19,1471,0.05510137235261616,0.030095418158163488,0.04350785502939283,0.04350785502939283,0.5263157894736842,15
knn_resid_tangential_cov_cumulant,empirical_cumulant,19,1471,-0.027390557706781116,0.006499789895104802,-0.04143731710299359,0.04143731710299359,0.631578947368421,15
knn_resid_tangential_cov_expected,one_fish_conditional_baseline,19,1471,0.10667870733927523,0.06991917982293855,0.0255505487613934,0.0255505487613934,0.5263157894736842,15
knn_resid_speed_cov_expected,one_fish_conditional_baseline,19,1471,0.10667870733927556,0.06991917982293805,0.0255505487613929,0.0255505487613929,0.5263157894736842,15
knn_resid_radial_cov_expected,one_fish_conditional_baseline,19,1471,0.10667870733927487,0.06991917982293891,0.025550548761391997,0.025550548761391997,0.5263157894736842,15
knn_resid_speed_cov_cumulant,empirical_cumulant,19,1471,-0.04379175782738834,-0.040509004554224806,-0.02412108080308273,0.02412108080308273,0.5263157894736842,15
knn_resid_speed_cov_observed,observed_pair,19,1471,-0.01578461205672233,-0.049005098440750065,-0.022545438459208395,0.022545438459208395,0.5263157894736842,15
knn_resid_speed_cov_cumulant,empirical_cumulant,19,1471,0.004081689318563286,0.14369729312347737,-0.19782366450565025,0.19782366450565025,0.7894736842105263,16
knn_resid_speed_cov_observed,observed_pair,19,1471,-0.03210833376619456,0.17914402998624848,-0.18612519915159917,0.18612519915159917,0.8421052631578947,16
knn_resid_tangential_cov_observed,observed_pair,19,1471,-0.07322132645845159,0.10009448121217018,-0.15363734580700092,0.15363734580700092,0.7368421052631579,16
knn_resid_tangential_cov_cumulant,empirical_cumulant,19,1471,-0.04749358737314857,0.10404953961553454,-0.13258387867692745,0.13258387867692745,0.7368421052631579,16
knn_resid_alignment_expected,one_fish_conditional_baseline,19,1471,0.008074680076514108,0.005437528466617783,0.08662135183552189,0.08662135183552189,0.5789473684210527,16
knn_resid_alignment_observed,observed_pair,19,1471,-0.025949291046941284,-0.07469579435380665,0.08089402310497781,0.08089402310497781,0.631578947368421,16
knn_resid_alignment_cumulant,empirical_cumulant,19,1471,0.06971404610053401,-0.08989222833179669,0.06632013689218458,0.06632013689218458,0.5263157894736842,16
knn_resid_radial_cov_cumulant,empirical_cumulant,19,1471,-0.0315108954239354,-0.006731358026148326,-0.045161868987456555,0.045161868987456555,0.5263157894736842,16
knn_resid_radial_cov_observed,observed_pair,19,1471,-0.013917359218066805,-0.019009987311371157,-0.029026525518448865,0.029026525518448865,0.5263157894736842,16
knn_resid_radial_cov_expected,one_fish_conditional_baseline,19,1471,-0.06521656939009418,-0.0640342894546716,-0.006202930291723696,0.006202930291723696,0.5263157894736842,16
knn_resid_tangential_cov_expected,one_fish_conditional_baseline,19,1471,-0.06521656939009311,-0.06403428945467216,-0.006202930291723002,0.006202930291723002,0.5263157894736842,16
knn_resid_speed_cov_expected,one_fish_conditional_baseline,19,1471,-0.06521656939009413,-0.06403428945467216,-0.006202930291722766,0.006202930291722766,0.5263157894736842,16
knn_resid_tangential_cov_observed,observed_pair,19,1470,0.11960910383956241,-0.0710495788051831,0.2559355916962803,0.2559355916962803,0.6842105263157895,17
knn_resid_tangential_cov_cumulant,empirical_cumulant,19,1470,0.10723393428919566,-0.08549595318495229,0.24577557218996773,0.24577557218996773,0.6842105263157895,17
knn_resid_alignment_expected,one_fish_conditional_baseline,19,1470,-0.04493644709811345,0.06607426693238909,-0.17642378256590777,0.17642378256590777,0.631578947368421,17
knn_resid_alignment_cumulant,empirical_cumulant,19,1470,-0.12334637092695044,-0.04576424142542297,-0.14457278197717902,0.14457278197717902,0.6842105263157895,17
knn_resid_alignment_observed,observed_pair,19,1470,-0.17547537709665606,-0.01665806601911371,-0.14330819330927874,0.14330819330927874,0.6842105263157895,17
knn_resid_speed_cov_observed,observed_pair,19,1470,0.05996619708840936,-0.09004260313337711,0.10606965609865016,0.10606965609865016,0.631578947368421,17
knn_resid_speed_cov_cumulant,empirical_cumulant,19,1470,0.046453427394775225,-0.09891200933623609,0.10499918069164016,0.10499918069164016,0.631578947368421,17
knn_resid_tangential_cov_expected,one_fish_conditional_baseline,19,1470,0.020492234114475483,0.05848286286287252,-0.06171780569401375,0.06171780569401375,0.5263157894736842,17
knn_resid_radial_cov_expected,one_fish_conditional_baseline,19,1470,0.02049223411447515,0.05848286286287241,-0.06171780569401358,0.06171780569401358,0.5263157894736842,17
knn_resid_speed_cov_expected,one_fish_conditional_baseline,19,1470,0.020492234114476926,0.05848286286287002,-0.06171780569401278,0.06171780569401278,0.5263157894736842,17
knn_resid_radial_cov_cumulant,empirical_cumulant,19,1470,-0.04634315484438736,-0.06542665643940493,0.04526577092099779,0.04526577092099779,0.631578947368421,17
knn_resid_radial_cov_observed,observed_pair,19,1470,-0.09075144936098989,-0.025168138693163422,0.03186136533874617,0.03186136533874617,0.5263157894736842,17
knn_resid_alignment_expected,one_fish_conditional_baseline,19,1470,-0.009636121620729132,0.030400932353961255,-0.1685558345981301,0.1685558345981301,0.6842105263157895,18
knn_resid_radial_cov_cumulant,empirical_cumulant,19,1470,-0.009105332132915034,-0.08584347738837052,0.1586304745813042,0.1586304745813042,0.6842105263157895,18
knn_resid_tangential_cov_cumulant,empirical_cumulant,19,1470,-0.08845674988041644,-0.05719630591739608,-0.13635710854001443,0.13635710854001443,0.6842105263157895,18
knn_resid_tangential_cov_observed,observed_pair,19,1470,-0.05927315676774737,-0.04542783122060523,-0.13366986538557607,0.13366986538557607,0.631578947368421,18
knn_resid_radial_cov_observed,observed_pair,19,1470,-0.05707711572469622,-0.0965019846508528,0.1148099892720792,0.1148099892720792,0.7368421052631579,18
knn_resid_speed_cov_cumulant,empirical_cumulant,19,1470,0.006235712027015075,-0.09938408440991922,0.10912452017431667,0.10912452017431667,0.6842105263157895,18
knn_resid_speed_cov_observed,observed_pair,19,1470,0.03354374776055505,-0.06159229293078963,0.07697795407571795,0.07697795407571795,0.6842105263157895,18
knn_resid_alignment_observed,observed_pair,19,1470,0.06916294463148595,-0.03592372871696352,-0.03564610275309604,0.03564610275309604,0.5789473684210527,18
knn_resid_alignment_cumulant,empirical_cumulant,19,1470,-0.020811199731904248,-0.01455007797717392,-0.023058921106955718,0.023058921106955718,0.5789473684210527,18
knn_resid_tangential_cov_expected,one_fish_conditional_baseline,19,1470,0.021599769323932233,0.04362047780189297,-0.001980145693324664,0.001980145693324664,0.5789473684210527,18
knn_resid_speed_cov_expected,one_fish_conditional_baseline,19,1470,0.0215997693239314,0.04362047780189232,-0.001980145693324137,0.001980145693324137,0.5789473684210527,18
knn_resid_radial_cov_expected,one_fish_conditional_baseline,19,1470,0.0215997693239324,0.04362047780189207,-0.0019801456933230266,0.0019801456933230266,0.5789473684210527,18
knn_resid_radial_cov_observed,observed_pair,19,1470,0.09142479377033302,-0.019408187869245676,0.11640753085797909,0.11640753085797909,0.7368421052631579,19
knn_resid_alignment_cumulant,empirical_cumulant,19,1470,-0.004557677623111045,-0.06602189241707218,0.10822226798917041,0.10822226798917041,0.5789473684210527,19
knn_resid_radial_cov_cumulant,empirical_cumulant,19,1470,0.0019078066272986693,-0.012880146918739718,0.09533260150011938,0.09533260150011938,0.6842105263157895,19
knn_resid_alignment_observed,observed_pair,19,1470,-0.03261566646074479,-0.03861333366423553,0.0797212253510328,0.0797212253510328,0.5789473684210527,19
knn_resid_alignment_expected,one_fish_conditional_baseline,19,1470,0.06293298032706612,0.08616220554099155,-0.040157293109244874,0.040157293109244874,0.5789473684210527,19
knn_resid_tangential_cov_cumulant,empirical_cumulant,19,1470,-0.05047631331705377,0.05652477642689069,-0.033827919140202806,0.033827919140202806,0.5789473684210527,19
knn_resid_radial_cov_expected,one_fish_conditional_baseline,19,1470,0.0073368656725131265,0.013308419998391136,0.02330592111057326,0.02330592111057326,0.5789473684210527,19
knn_resid_tangential_cov_expected,one_fish_conditional_baseline,19,1470,0.007336865672515791,0.013308419998391469,0.023305921110572482,0.023305921110572482,0.5789473684210527,19
knn_resid_speed_cov_expected,one_fish_conditional_baseline,19,1470,0.007336865672512682,0.013308419998391274,0.0233059211105724,0.0233059211105724,0.5789473684210527,19
knn_resid_speed_cov_cumulant,empirical_cumulant,19,1470,-0.00486200491020139,0.04611138035668521,0.018796635225798206,0.018796635225798206,0.5789473684210527,19
knn_resid_speed_cov_observed,observed_pair,19,1470,0.01663168788178166,0.04181824583345626,-0.003958862313470285,0.003958862313470285,0.5263157894736842,19
knn_resid_tangential_cov_observed,observed_pair,19,1470,-0.02363733747616418,-0.002653590071542311,0.0033100955348938643,0.0033100955348938643,0.5263157894736842,19
knn_resid_tangential_cov_observed,observed_pair,19,1471,-0.024494521994216534,0.14443000295358094,-0.1782314570381552,0.1782314570381552,0.6842105263157895,20
knn_resid_tangential_cov_cumulant,empirical_cumulant,19,1471,-0.028356209160330603,0.1454976798823571,-0.16176364257263795,0.16176364257263795,0.631578947368421,20
knn_resid_alignment_expected,one_fish_conditional_baseline,19,1471,0.061387706028419226,0.14084269060332122,-0.10287172751672755,0.10287172751672755,0.631578947368421,20
knn_resid_radial_cov_observed,observed_pair,19,1471,-0.05253403789159871,-0.019810435173203564,-0.05304295256808983,0.05304295256808983,0.631578947368421,20
knn_resid_radial_cov_cumulant,empirical_cumulant,19,1471,-0.031100488619343003,-0.01049928614038595,-0.0462368647996783,0.0462368647996783,0.5789473684210527,20
knn_resid_speed_cov_expected,one_fish_conditional_baseline,19,1471,-0.09863716006586365,0.027317771726243945,-0.04602878332278215,0.04602878332278215,0.631578947368421,20
knn_resid_radial_cov_expected,one_fish_conditional_baseline,19,1471,-0.09863716006586322,0.027317771726243584,-0.04602878332278176,0.04602878332278176,0.631578947368421,20
knn_resid_tangential_cov_expected,one_fish_conditional_baseline,19,1471,-0.09863716006586354,0.02731777172624472,-0.04602878332278154,0.04602878332278154,0.631578947368421,20
knn_resid_alignment_cumulant,empirical_cumulant,19,1471,-0.03373333532125461,-0.04382398407049386,-0.04212148707688346,0.04212148707688346,0.5789473684210527,20
knn_resid_speed_cov_cumulant,empirical_cumulant,19,1471,-0.06175875012732157,-0.015178714836906568,0.02610516115177175,0.02610516115177175,0.5263157894736842,20
knn_resid_alignment_observed,observed_pair,19,1471,-0.015608151325534753,-0.03554115394745161,-0.014793578446215663,0.014793578446215663,0.5789473684210527,20
knn_resid_speed_cov_observed,observed_pair,19,1471,-0.054772916309969666,-0.024604232429023487,0.011752919631994041,0.011752919631994041,0.5263157894736842,20
knn_resid_alignment_expected,one_fish_conditional_baseline,19,1471,-0.09917878815564049,0.1162874253169297,-0.23087014266223316,0.23087014266223316,0.7894736842105263,21
knn_resid_alignment_cumulant,empirical_cumulant,19,1471,0.0906767230282266,-0.06860784856814672,0.1696800715470358,0.1696800715470358,0.6842105263157895,21
knn_resid_speed_cov_observed,observed_pair,19,1471,0.00030729930774756054,-0.15555087915635218,0.12941980310418122,0.12941980310418122,0.5789473684210527,21
knn_resid_speed_cov_cumulant,empirical_cumulant,19,1471,0.023083093235931912,-0.1444575440422563,0.11882641374638606,0.11882641374638606,0.5789473684210527,21
knn_resid_tangential_cov_cumulant,empirical_cumulant,19,1471,0.04040003987204832,-0.08868841107563152,0.09742871925558585,0.09742871925558585,0.5789473684210527,21
knn_resid_alignment_observed,observed_pair,19,1471,0.05467870469399988,-0.023516972698052543,0.03828587187685317,0.03828587187685317,0.5789473684210527,21
knn_resid_radial_cov_cumulant,empirical_cumulant,19,1471,-0.06001084864854811,0.006086199667272238,-0.03749238251695688,0.03749238251695688,0.5789473684210527,21
knn_resid_radial_cov_observed,observed_pair,19,1471,-0.02759126311078275,0.017182572831538095,-0.013841858588548583,0.013841858588548583,0.5263157894736842,21
knn_resid_tangential_cov_observed,observed_pair,19,1471,0.03629276523463257,-0.06227757461174883,0.007598438524941728,0.007598438524941728,0.5263157894736842,21
knn_resid_speed_cov_expected,one_fish_conditional_baseline,19,1471,0.12030753029192243,0.06175851632746619,0.007455436075163441,0.007455436075163441,0.5263157894736842,21
knn_resid_tangential_cov_expected,one_fish_conditional_baseline,19,1471,0.1203075302919222,0.061758516327466643,0.007455436075162858,0.007455436075162858,0.5263157894736842,21
knn_resid_radial_cov_expected,one_fish_conditional_baseline,19,1471,0.12030753029192182,0.06175851632746612,0.007455436075162303,0.007455436075162303,0.5263157894736842,21
knn_resid_speed_cov_observed,observed_pair,19,1471,-0.0454861236115617,0.07878684041659698,-0.17585457555194162,0.17585457555194162,0.5789473684210527,22
knn_resid_radial_cov_observed,observed_pair,19,1471,0.09146282928305684,-0.07282864562815633,0.15284716511941193,0.15284716511941193,0.5789473684210527,22
knn_resid_tangential_cov_cumulant,empirical_cumulant,19,1471,0.04467202865124442,0.03916482967160917,-0.1379108587168061,0.1379108587168061,0.5789473684210527,22
knn_resid_radial_cov_cumulant,empirical_cumulant,19,1471,0.07733749092267661,-0.05717234456649517,0.12040003901177265,0.12040003901177265,0.6842105263157895,22
knn_resid_alignment_observed,observed_pair,19,1471,0.10973250638597404,-0.0157882654502475,0.1061115558382577,0.1061115558382577,0.5789473684210527,22
knn_resid_speed_cov_cumulant,empirical_cumulant,19,1471,-0.055902325565462346,0.05393890067575015,-0.09015811926097422,0.09015811926097422,0.5789473684210527,22
knn_resid_speed_cov_expected,one_fish_conditional_baseline,19,1471,0.023179770027349722,-0.016350114701158214,0.05946102231705333,0.05946102231705333,0.5789473684210527,22
knn_resid_tangential_cov_expected,one_fish_conditional_baseline,19,1471,0.02317977002734986,-0.016350114701158436,0.05946102231705275,0.05946102231705275,0.5789473684210527,22
knn_resid_radial_cov_expected,one_fish_conditional_baseline,19,1471,0.023179770027349875,-0.01635011470115766,0.05946102231705236,0.05946102231705236,0.5789473684210527,22
knn_resid_tangential_cov_observed,observed_pair,19,1471,0.032066670722060764,0.007949436251737017,-0.05140008993580664,0.05140008993580664,0.5789473684210527,22
knn_resid_alignment_cumulant,empirical_cumulant,19,1471,0.06702694069211226,-0.013999753186671668,0.034691435321102,0.034691435321102,0.5263157894736842,22
knn_resid_alignment_expected,one_fish_conditional_baseline,19,1471,0.02476660659034513,-0.01599124636576807,-0.00681149799351044,0.00681149799351044,0.5263157894736842,22
knn_resid_radial_cov_expected,one_fish_conditional_baseline,19,1470,-0.14486190110872557,0.0003062205936934653,-0.14783771674363616,0.14783771674363616,0.8421052631578947,23
knn_resid_speed_cov_expected,one_fish_conditional_baseline,19,1470,-0.14486190110872574,0.0003062205936924245,-0.14783771674363516,0.14783771674363516,0.8421052631578947,23
knn_resid_tangential_cov_expected,one_fish_conditional_baseline,19,1470,-0.14486190110872602,0.0003062205936934792,-0.14783771674363505,0.14783771674363505,0.8421052631578947,23
knn_resid_tangential_cov_observed,observed_pair,19,1470,-0.04674967489988327,-0.04691113749238435,0.10227729395669875,0.10227729395669875,0.5789473684210527,23
knn_resid_alignment_observed,observed_pair,19,1470,-0.015787408610359377,0.06592755570924355,-0.09162284176026371,0.09162284176026371,0.5789473684210527,23
knn_resid_alignment_expected,one_fish_conditional_baseline,19,1470,-0.11720448969690692,0.07242459077201013,-0.07956711623050677,0.07956711623050677,0.631578947368421,23
knn_resid_tangential_cov_cumulant,empirical_cumulant,19,1470,-0.046065611128524364,-0.05814998977020616,0.05034034583683375,0.05034034583683375,0.5789473684210527,23
knn_resid_speed_cov_cumulant,empirical_cumulant,19,1470,-0.018632253189392527,0.03130608926689897,-0.02645068510223239,0.02645068510223239,0.5263157894736842,23
knn_resid_speed_cov_observed,observed_pair,19,1470,-0.04612410530118036,-0.04370102571474818,-0.016942676402242673,0.016942676402242673,0.5263157894736842,23
knn_resid_alignment_cumulant,empirical_cumulant,19,1470,0.04353722868806806,0.005960205429820342,0.014552902152277725,0.014552902152277725,0.5263157894736842,23
knn_resid_radial_cov_cumulant,empirical_cumulant,19,1470,-0.07358997762570764,0.05665107468948878,-0.010336773789701187,0.010336773789701187,0.5263157894736842,23
knn_resid_radial_cov_observed,observed_pair,19,1470,-0.05247250349906317,0.05804355232028248,0.0025496163829904217,0.0025496163829904217,0.5263157894736842,23
knn_resid_tangential_cov_observed,observed_pair,19,1470,0.051553623944660946,-0.11241222279796537,0.2825303794184755,0.2825303794184755,0.631578947368421,24
knn_resid_tangential_cov_cumulant,empirical_cumulant,19,1470,0.0683701780359367,-0.13156479481881833,0.22051150195529462,0.22051150195529462,0.6842105263157895,24
knn_resid_radial_cov_expected,one_fish_conditional_baseline,19,1470,0.02667964933725843,-0.017579633938907185,0.10040543404079495,0.10040543404079495,0.5263157894736842,24
knn_resid_speed_cov_expected,one_fish_conditional_baseline,19,1470,0.02667964933725818,-0.01757963393890758,0.10040543404079456,0.10040543404079456,0.5263157894736842,24
knn_resid_tangential_cov_expected,one_fish_conditional_baseline,19,1470,0.026679649337258013,-0.017579633938906825,0.10040543404079416,0.10040543404079416,0.5263157894736842,24
knn_resid_alignment_observed,observed_pair,19,1470,0.010874306249451127,0.049084095050866555,0.07678035258600235,0.07678035258600235,0.5263157894736842,24
knn_resid_speed_cov_cumulant,empirical_cumulant,19,1470,0.010238039953647162,-0.16934724312796923,0.053636121022100414,0.053636121022100414,0.631578947368421,24
knn_resid_alignment_cumulant,empirical_cumulant,19,1470,0.055832461490385066,0.052004872449359835,-0.05163049756051628,0.05163049756051628,0.6842105263157895,24
knn_resid_alignment_expected,one_fish_conditional_baseline,19,1470,-0.04463807562785932,-0.09229067373522193,0.04268731427766073,0.04268731427766073,0.5789473684210527,24
knn_resid_radial_cov_cumulant,empirical_cumulant,19,1470,0.017862124982341354,0.05537844215965246,-0.0337785071108615,0.0337785071108615,0.631578947368421,24
knn_resid_radial_cov_observed,observed_pair,19,1470,0.005897512656495518,0.03089555637896632,-0.03191233770536782,0.03191233770536782,0.5263157894736842,24
knn_resid_speed_cov_observed,observed_pair,19,1470,0.0033740683856546445,-0.06274135469815234,0.010515520498722446,0.010515520498722446,0.5789473684210527,24
knn_resid_alignment_observed,observed_pair,19,1471,0.11748779421282596,-0.07725267414473332,0.23115628301600163,0.23115628301600163,0.6842105263157895,25
knn_resid_radial_cov_cumulant,empirical_cumulant,19,1471,0.06616937780581555,-0.023506092411191032,0.19762843250267262,0.19762843250267262,0.7368421052631579,25
knn_resid_alignment_expected,one_fish_conditional_baseline,19,1471,0.10813889548285482,0.11456948389983868,0.15913283451579896,0.15913283451579896,0.5789473684210527,25
knn_resid_radial_cov_observed,observed_pair,19,1471,0.07980278101194288,-0.05942947785178787,0.1268451195020655,0.1268451195020655,0.7894736842105263,25
knn_resid_alignment_cumulant,empirical_cumulant,19,1471,0.0504242013574019,-0.08969083716899717,0.11591087045486204,0.11591087045486204,0.7368421052631579,25
knn_resid_tangential_cov_cumulant,empirical_cumulant,19,1471,-0.028642261711801086,0.018998959579707375,-0.10291271254505059,0.10291271254505059,0.5789473684210527,25
knn_resid_tangential_cov_observed,observed_pair,19,1471,-0.035635263218004476,0.011113829668467023,-0.07940619102986769,0.07940619102986769,0.631578947368421,25
knn_resid_radial_cov_expected,one_fish_conditional_baseline,19,1471,-0.04016138326739946,0.03471475668871683,-0.05137361898315182,0.05137361898315182,0.631578947368421,25
knn_resid_speed_cov_expected,one_fish_conditional_baseline,19,1471,-0.040161383267399126,0.034714756688716736,-0.05137361898315182,0.05137361898315182,0.631578947368421,25
knn_resid_tangential_cov_expected,one_fish_conditional_baseline,19,1471,-0.04016138326739849,0.034714756688716,-0.0513736189831514,0.0513736189831514,0.631578947368421,25
knn_resid_speed_cov_cumulant,empirical_cumulant,19,1471,-0.020410185973859768,-0.05594416800137367,0.02640598081072789,0.02640598081072789,0.5789473684210527,25
knn_resid_speed_cov_observed,observed_pair,19,1471,-0.03222792932110977,-0.06669585110086396,0.009581192863622093,0.009581192863622093,0.5263157894736842,25
knn_resid_radial_cov_cumulant,empirical_cumulant,19,1470,-0.14239936127548397,0.008358709871293626,-0.1507836919054661,0.1507836919054661,0.631578947368421,26
knn_resid_radial_cov_observed,observed_pair,19,1470,-0.12096135827051846,-0.003311743202811579,-0.14573991764168234,0.14573991764168234,0.631578947368421,26
knn_resid_tangential_cov_expected,one_fish_conditional_baseline,19,1470,0.05791335478275429,-0.024049370771797418,0.08130454119003043,0.08130454119003043,0.631578947368421,26
knn_resid_radial_cov_expected,one_fish_conditional_baseline,19,1470,0.05791335478275525,-0.024049370771797474,0.08130454119002951,0.08130454119002951,0.631578947368421,26
knn_resid_speed_cov_expected,one_fish_conditional_baseline,19,1470,0.05791335478275385,-0.024049370771798084,0.08130454119002875,0.08130454119002875,0.631578947368421,26
knn_resid_alignment_cumulant,empirical_cumulant,19,1470,-0.017212478414359536,-0.009780236922238394,-0.057699581360050683,0.057699581360050683,0.5263157894736842,26
knn_resid_alignment_observed,observed_pair,19,1470,0.045912658056582775,-0.05026812278438897,-0.03351578657451004,0.03351578657451004,0.5263157894736842,26
knn_resid_alignment_expected,one_fish_conditional_baseline,19,1470,0.011051453661484245,-0.02904202243853679,-0.024612692608857817,0.024612692608857817,0.5789473684210527,26
knn_resid_tangential_cov_cumulant,empirical_cumulant,19,1470,-0.053232406413558975,-0.14768022927027052,0.021134076184756267,0.021134076184756267,0.5263157894736842,26
knn_resid_tangential_cov_observed,observed_pair,19,1470,-0.14364567567433295,-0.13535541596251077,0.013377097536930838,0.013377097536930838,0.5263157894736842,26
knn_resid_speed_cov_observed,observed_pair,19,1470,-0.03443307828676989,-0.04816931288304638,0.007487203261204722,0.007487203261204722,0.5263157894736842,26
knn_resid_speed_cov_cumulant,empirical_cumulant,19,1470,-0.025236848656877836,-0.029965271482418537,0.004728422825540701,0.004728422825540701,0.5263157894736842,26
knn_resid_speed_cov_expected,one_fish_conditional_baseline,19,1470,-0.03609228856101948,0.07046270708043162,-0.09959519715392601,0.09959519715392601,0.6842105263157895,27
knn_resid_radial_cov_expected,one_fish_conditional_baseline,19,1470,-0.036092288561019675,0.0704627070804334,-0.09959519715392517,0.09959519715392517,0.6842105263157895,27
knn_resid_tangential_cov_expected,one_fish_conditional_baseline,19,1470,-0.036092288561019564,0.07046270708043223,-0.09959519715392298,0.09959519715392298,0.6842105263157895,27
knn_resid_radial_cov_cumulant,empirical_cumulant,19,1470,-0.026723268967598524,-0.011549480661412648,-0.0936807079887691,0.0936807079887691,0.631578947368421,27
knn_resid_alignment_cumulant,empirical_cumulant,19,1470,-0.07270131405123709,0.05062959506007794,-0.08779956177210155,0.08779956177210155,0.631578947368421,27
knn_resid_radial_cov_observed,observed_pair,19,1470,-0.02147503112321414,0.04136584248863376,-0.08415780910518031,0.08415780910518031,0.6842105263157895,27
knn_resid_speed_cov_observed,observed_pair,19,1470,0.015193439069295614,-0.015444580093807836,0.07691483831813593,0.07691483831813593,0.5263157894736842,27
knn_resid_alignment_expected,one_fish_conditional_baseline,19,1470,0.009195664892650363,0.035392960883017355,0.06730961239227261,0.06730961239227261,0.5789473684210527,27
knn_resid_speed_cov_cumulant,empirical_cumulant,19,1470,0.01862567871824497,-0.03634811235887488,0.05665956927726168,0.05665956927726168,0.5789473684210527,27
knn_resid_alignment_observed,observed_pair,19,1470,-0.006784142912913384,0.031342767317186715,-0.05278829372284885,0.05278829372284885,0.5789473684210527,27
knn_resid_tangential_cov_cumulant,empirical_cumulant,19,1470,-0.054236600947284525,0.011333709198211445,-0.04653055986871332,0.04653055986871332,0.631578947368421,27
knn_resid_tangential_cov_observed,observed_pair,19,1470,-0.054713554479060456,0.016246102341126695,-0.042656583692330136,0.042656583692330136,0.631578947368421,27
knn_resid_speed_cov_cumulant,empirical_cumulant,19,1471,0.11584529463190302,-0.0330364671007046,0.15537131117343372,0.15537131117343372,0.631578947368421,28
knn_resid_speed_cov_observed,observed_pair,19,1471,0.11976184218573377,-0.05565081733475137,0.13036832093524608,0.13036832093524608,0.631578947368421,28
knn_resid_speed_cov_expected,one_fish_conditional_baseline,19,1471,-0.07349411145256224,0.005314953216326579,-0.07804362719764868,0.07804362719764868,0.5263157894736842,28
knn_resid_tangential_cov_expected,one_fish_conditional_baseline,19,1471,-0.07349411145256199,0.005314953216326357,-0.07804362719764768,0.07804362719764768,0.5263157894736842,28
knn_resid_radial_cov_expected,one_fish_conditional_baseline,19,1471,-0.07349411145256274,0.005314953216326135,-0.07804362719764729,0.07804362719764729,0.5263157894736842,28
knn_resid_radial_cov_cumulant,empirical_cumulant,19,1471,-0.1346833190484959,-0.0515086932445495,-0.07769355406313624,0.07769355406313624,0.6842105263157895,28
knn_resid_tangential_cov_cumulant,empirical_cumulant,19,1471,0.09622581099332217,-0.06579798444012015,-0.07286949125809405,0.07286949125809405,0.5789473684210527,28
knn_resid_tangential_cov_observed,observed_pair,19,1471,0.09438695060868615,-0.02935571680609761,-0.04464751824776428,0.04464751824776428,0.5789473684210527,28
knn_resid_alignment_expected,one_fish_conditional_baseline,19,1471,0.02995487567044075,0.016197355446412598,0.033141153362538034,0.033141153362538034,0.5789473684210527,28
knn_resid_radial_cov_observed,observed_pair,19,1471,-0.10124341943075948,-0.060347273996224304,-0.02795755066292538,0.02795755066292538,0.6842105263157895,28
knn_resid_alignment_cumulant,empirical_cumulant,19,1471,-0.00010868597015306625,-0.010708472485755793,-0.01918384117423233,0.01918384117423233,0.5789473684210527,28
knn_resid_alignment_observed,observed_pair,19,1471,-0.01338156730011937,0.016360254607809932,-0.006788317368412969,0.006788317368412969,0.5263157894736842,28
knn_resid_tangential_cov_cumulant,empirical_cumulant,19,1469,0.08613749573764129,-0.031091180265000143,0.17070590232722493,0.17070590232722493,0.6842105263157895,29
knn_resid_alignment_cumulant,empirical_cumulant,19,1469,0.0453708535910931,-0.10759943507448169,0.1485616689337853,0.1485616689337853,0.7368421052631579,29
knn_resid_tangential_cov_expected,one_fish_conditional_baseline,19,1469,0.003106007019250963,0.0400459953587603,-0.14632610267039048,0.14632610267039048,0.631578947368421,29
knn_resid_speed_cov_expected,one_fish_conditional_baseline,19,1469,0.0031060070192501024,0.04004599535875958,-0.1463261026703902,0.1463261026703902,0.631578947368421,29
knn_resid_radial_cov_expected,one_fish_conditional_baseline,19,1469,0.0031060070192506367,0.04004599535876113,-0.14632610267038892,0.14632610267038892,0.631578947368421,29
knn_resid_tangential_cov_observed,observed_pair,19,1469,0.02358306171868571,-0.027822472069279326,0.1341223908412708,0.1341223908412708,0.6842105263157895,29
knn_resid_speed_cov_cumulant,empirical_cumulant,19,1469,0.07268452693664623,0.046831013082097195,0.09322740629835449,0.09322740629835449,0.5789473684210527,29
knn_resid_speed_cov_observed,observed_pair,19,1469,0.06097821915092879,0.01458868506998712,0.08989254044089305,0.08989254044089305,0.631578947368421,29
knn_resid_radial_cov_cumulant,empirical_cumulant,19,1469,-0.008059693046017252,-0.0058079083935527985,-0.06628854950013145,0.06628854950013145,0.5789473684210527,29
knn_resid_alignment_observed,observed_pair,19,1469,0.08257215896453862,0.07601253994344358,0.04998229914885395,0.04998229914885395,0.5789473684210527,29
knn_resid_radial_cov_observed,observed_pair,19,1469,-0.012813376194925397,-0.014271991780676445,-0.025664508119083385,0.025664508119083385,0.5263157894736842,29
knn_resid_alignment_expected,one_fish_conditional_baseline,19,1469,0.018374727330879595,0.028979241823122115,0.008542479191797916,0.008542479191797916,0.5789473684210527,29
knn_resid_radial_cov_cumulant,empirical_cumulant,19,1470,0.037381894387905984,0.009684217763212044,0.14872860181532044,0.14872860181532044,0.5789473684210527,30
knn_resid_alignment_expected,one_fish_conditional_baseline,19,1470,-0.028165658227208415,0.090761846966751,-0.12756240733102941,0.12756240733102941,0.631578947368421,30
knn_resid_radial_cov_observed,observed_pair,19,1470,0.012241141535192873,0.08707055484411841,0.0764895146392825,0.0764895146392825,0.5789473684210527,30
knn_resid_alignment_observed,observed_pair,19,1470,-0.15290442928169243,0.02832935328174868,-0.06738783045286734,0.06738783045286734,0.5789473684210527,30
knn_resid_tangential_cov_cumulant,empirical_cumulant,19,1470,-0.01673818366776142,-0.034277045333037576,0.055862603179520076,0.055862603179520076,0.5789473684210527,30
knn_resid_alignment_cumulant,empirical_cumulant,19,1470,-0.01469017077567622,-0.00010405955270126332,0.03268017475639626,0.03268017475639626,0.5263157894736842,30
knn_resid_tangential_cov_observed,observed_pair,19,1470,-0.0044152586206282485,-0.058324562013171044,0.031161961436603047,0.031161961436603047,0.5263157894736842,30
knn_resid_radial_cov_expected,one_fish_conditional_baseline,19,1470,-0.03877373242245333,-0.0006230162737017216,-0.023844826491755317,0.023844826491755317,0.5263157894736842,30
knn_resid_tangential_cov_expected,one_fish_conditional_baseline,19,1470,-0.03877373242245241,-0.0006230162737016244,-0.02384482649175517,0.02384482649175517,0.5263157894736842,30
knn_resid_speed_cov_expected,one_fish_conditional_baseline,19,1470,-0.03877373242245244,-0.0006230162737016244,-0.023844826491754442,0.023844826491754442,0.5263157894736842,30
knn_resid_speed_cov_cumulant,empirical_cumulant,19,1470,-0.011052550164849961,-0.03136561475348085,0.02376305832649897,0.02376305832649897,0.5263157894736842,30
knn_resid_speed_cov_observed,observed_pair,19,1470,0.020402897897020766,-0.040177845255809516,-0.020541560678753845,0.020541560678753845,0.5263157894736842,30
knn_resid_alignment_expected,one_fish_conditional_baseline,19,1471,0.06760450006465557,-0.023889827155416377,0.18705490240977896,0.18705490240977896,0.7368421052631579,31
knn_resid_radial_cov_observed,observed_pair,19,1471,-0.13694678059435644,-0.04302617833587802,-0.13706281321674685,0.13706281321674685,0.6842105263157895,31
knn_resid_radial_cov_cumulant,empirical_cumulant,19,1471,-0.16030126039591042,-0.006250060673650082,-0.1079190326455387,0.1079190326455387,0.6842105263157895,31
knn_resid_alignment_cumulant,empirical_cumulant,19,1471,-0.04652073514971139,0.006331678752023874,0.092637204356603,0.092637204356603,0.5263157894736842,31
knn_resid_alignment_observed,observed_pair,19,1471,-0.008869511222794405,-0.04357808354942555,0.05789445731727949,0.05789445731727949,0.631578947368421,31
knn_resid_speed_cov_observed,observed_pair,19,1471,0.06595883826584073,-0.010525848742193318,0.025454901800913282,0.025454901800913282,0.5789473684210527,31
knn_resid_radial_cov_expected,one_fish_conditional_baseline,19,1471,-0.012791939490724213,-0.024034878158230744,0.021737225527829557,0.021737225527829557,0.5789473684210527,31
knn_resid_speed_cov_expected,one_fish_conditional_baseline,19,1471,-0.012791939490725435,-0.0240348781582303,0.021737225527828585,0.021737225527828585,0.5789473684210527,31
knn_resid_tangential_cov_expected,one_fish_conditional_baseline,19,1471,-0.012791939490724769,-0.024034878158230466,0.02173722552782792,0.02173722552782792,0.5789473684210527,31
knn_resid_tangential_cov_observed,observed_pair,19,1471,0.01363233713932692,0.03069624000452488,-0.015288909738632256,0.015288909738632256,0.5789473684210527,31
knn_resid_tangential_cov_cumulant,empirical_cumulant,19,1471,0.02093628397697042,0.013930952792718165,-0.012472763322595781,0.012472763322595781,0.5263157894736842,31
knn_resid_speed_cov_cumulant,empirical_cumulant,19,1471,0.07307219652826921,0.012869907909716621,-0.0006054112318430033,0.0006054112318430033,0.5263157894736842,31
knn_resid_tangential_cov_cumulant,empirical_cumulant,19,1471,-0.03456108770893654,0.03782831948739922,-0.18658523988658998,0.18658523988658998,0.5789473684210527,32
knn_resid_tangential_cov_observed,observed_pair,19,1471,-0.04387846637666605,0.08395497042359967,-0.12653610852639557,0.12653610852639557,0.631578947368421,32
knn_resid_alignment_expected,one_fish_conditional_baseline,19,1471,-0.07322186246480286,0.06750614896202509,-0.08627871299510881,0.08627871299510881,0.6842105263157895,32
knn_resid_tangential_cov_expected,one_fish_conditional_baseline,19,1471,0.04370592470782753,-0.03507120298666022,0.05588995573821222,0.05588995573821222,0.5789473684210527,32
knn_resid_radial_cov_expected,one_fish_conditional_baseline,19,1471,0.04370592470782713,-0.03507120298666133,0.05588995573821191,0.05588995573821191,0.5789473684210527,32
knn_resid_speed_cov_expected,one_fish_conditional_baseline,19,1471,0.04370592470782732,-0.035071202986661776,0.05588995573821144,0.05588995573821144,0.5789473684210527,32
knn_resid_radial_cov_observed,observed_pair,19,1471,0.0675174769978821,0.09539816885528266,0.0533845964036182,0.0533845964036182,0.5263157894736842,32
knn_resid_alignment_observed,observed_pair,19,1471,0.07322789223079615,0.03420810516392238,0.04050969428123663,0.04050969428123663,0.5263157894736842,32
knn_resid_speed_cov_cumulant,empirical_cumulant,19,1471,-0.07999546531985277,-0.12029040796871265,-0.02104131541443291,0.02104131541443291,0.5263157894736842,32
knn_resid_radial_cov_cumulant,empirical_cumulant,19,1471,0.01974621781364963,0.09844895602091988,-0.01501576741666305,0.01501576741666305,0.5789473684210527,32
knn_resid_speed_cov_observed,observed_pair,19,1471,-0.06880746063893138,-0.12101295835981707,0.0059037736755703785,0.0059037736755703785,0.5263157894736842,32
knn_resid_alignment_cumulant,empirical_cumulant,19,1471,0.08879914720721044,0.025919223982439187,0.004609079027024333,0.004609079027024333,0.5263157894736842,32
knn_resid_speed_cov_observed,observed_pair,19,1471,0.002459944127861175,-0.12943323478623783,0.09457625068356126,0.09457625068356126,0.5263157894736842,33
knn_resid_radial_cov_observed,observed_pair,19,1471,0.09649487239024217,0.017525401790246448,0.07103073121511305,0.07103073121511305,0.5789473684210527,33
knn_resid_speed_cov_cumulant,empirical_cumulant,19,1471,-0.012321569885058531,-0.09082250423957683,0.07071135848199911,0.07071135848199911,0.631578947368421,33
knn_resid_tangential_cov_cumulant,empirical_cumulant,19,1471,0.020657986492087846,-0.008972448940697264,0.058463618592812544,0.058463618592812544,0.5263157894736842,33
knn_resid_radial_cov_expected,one_fish_conditional_baseline,19,1471,0.03470183880458319,0.059982529876455803,-0.051325813899705724,0.051325813899705724,0.5263157894736842,33
knn_resid_speed_cov_expected,one_fish_conditional_baseline,19,1471,0.03470183880458319,0.05998252987645669,-0.05132581389970503,0.05132581389970503,0.5263157894736842,33
knn_resid_tangential_cov_expected,one_fish_conditional_baseline,19,1471,0.03470183880458305,0.059982529876456026,-0.05132581389970384,0.05132581389970384,0.5263157894736842,33
knn_resid_alignment_expected,one_fish_conditional_baseline,19,1471,-0.0024082575681533616,-0.010921384222173869,0.029008479527215268,0.029008479527215268,0.5789473684210527,33
knn_resid_alignment_observed,observed_pair,19,1471,0.03939675340298016,-0.026884422596710977,-0.02745198473090653,0.02745198473090653,0.5263157894736842,33
knn_resid_tangential_cov_observed,observed_pair,19,1471,0.042349129684125075,0.0003134732785434191,0.024719485071046987,0.024719485071046987,0.5263157894736842,33
knn_resid_radial_cov_cumulant,empirical_cumulant,19,1471,0.06174015005477328,-0.007534729183059016,-0.022767596700585216,0.022767596700585216,0.5263157894736842,33
knn_resid_alignment_cumulant,empirical_cumulant,19,1471,0.10179987392983902,-0.004621380866659752,-0.01195611785442624,0.01195611785442624,0.5263157894736842,33
knn_resid_speed_cov_observed,observed_pair,19,1471,0.03714002998041718,-0.11416146193273229,0.11975246957211769,0.11975246957211769,0.631578947368421,34
knn_resid_speed_cov_cumulant,empirical_cumulant,19,1471,0.0378403226243669,-0.10000189532013057,0.09865708609615756,0.09865708609615756,0.6842105263157895,34
knn_resid_alignment_observed,observed_pair,19,1471,0.0488514884304129,-0.05015487016523176,0.07552150587278367,0.07552150587278367,0.5789473684210527,34
knn_resid_radial_cov_observed,observed_pair,19,1471,-0.07135703161721063,0.029531561879142187,-0.06853607796853946,0.06853607796853946,0.5789473684210527,34
knn_resid_alignment_expected,one_fish_conditional_baseline,19,1471,0.019754493716769406,-0.1093194343096976,0.06603906960211772,0.06603906960211772,0.5263157894736842,34
knn_resid_tangential_cov_observed,observed_pair,19,1471,-0.0527629253941917,-0.01528481089451977,-0.06400373855636975,0.06400373855636975,0.5789473684210527,34
knn_resid_radial_cov_cumulant,empirical_cumulant,19,1471,0.01578813297623044,0.053857133798826395,-0.053235188350476484,0.053235188350476484,0.5263157894736842,34
knn_resid_tangential_cov_cumulant,empirical_cumulant,19,1471,-0.04137184861303295,0.042094574288412984,-0.0523205297352701,0.0523205297352701,0.6842105263157895,34
knn_resid_alignment_cumulant,empirical_cumulant,19,1471,-0.0018704263642025584,0.014395195458986682,0.030849577817887622,0.030849577817887622,0.5263157894736842,34
knn_resid_speed_cov_expected,one_fish_conditional_baseline,19,1471,-0.0837877198238875,-0.05882600718602404,0.028669330143848384,0.028669330143848384,0.5263157894736842,34
knn_resid_radial_cov_expected,one_fish_conditional_baseline,19,1471,-0.083787719823888,-0.058826007186024876,0.02866933014384744,0.02866933014384744,0.5263157894736842,34
knn_resid_tangential_cov_expected,one_fish_conditional_baseline,19,1471,-0.08378771982388739,-0.05882600718602443,0.02866933014384715,0.02866933014384715,0.5263157894736842,34
knn_resid_alignment_expected,one_fish_conditional_baseline,19,1469,-0.09444445710265487,0.019046216161075914,-0.13755368588274008,0.13755368588274008,0.5789473684210527,35
knn_resid_alignment_observed,observed_pair,19,1469,0.00295267375697017,0.10621599868230079,-0.1128232191545559,0.1128232191545559,0.5789473684210527,35
knn_resid_radial_cov_observed,observed_pair,19,1469,0.06738529817504552,0.02742441677465901,0.08177107299006325,0.08177107299006325,0.5263157894736842,35
knn_resid_speed_cov_cumulant,empirical_cumulant,19,1469,-0.08893060467184716,0.009221842073380213,0.064250000713195,0.064250000713195,0.5789473684210527,35
knn_resid_radial_cov_cumulant,empirical_cumulant,19,1469,0.11755681963620296,0.02222620255489366,0.037403450593163814,0.037403450593163814,0.5789473684210527,35
knn_resid_speed_cov_observed,observed_pair,19,1469,-0.11140132703807512,-0.042411588540966716,0.011085665527697075,0.011085665527697075,0.5789473684210527,35
knn_resid_speed_cov_expected,one_fish_conditional_baseline,19,1469,0.06327899249473842,-0.013828038615511934,0.008025398157417873,0.008025398157417873,0.5263157894736842,35
knn_resid_radial_cov_expected,one_fish_conditional_baseline,19,1469,0.0632789924947389,-0.013828038615510518,0.008025398157417263,0.008025398157417263,0.5263157894736842,35
knn_resid_tangential_cov_expected,one_fish_conditional_baseline,19,1469,0.0632789924947379,-0.013828038615511434,0.008025398157416874,0.008025398157416874,0.5263157894736842,35
knn_resid_tangential_cov_cumulant,empirical_cumulant,19,1469,-0.013341571909363907,0.06700479065476878,0.006999252278484691,0.006999252278484691,0.5263157894736842,35
knn_resid_alignment_cumulant,empirical_cumulant,19,1469,0.008812564044366616,0.08061621098663244,0.005798268906505505,0.005798268906505505,0.5263157894736842,35
knn_resid_tangential_cov_observed,observed_pair,19,1469,-0.045945392701640594,0.04924948727270173,0.005237626513599047,0.005237626513599047,0.5263157894736842,35
knn_resid_alignment_cumulant,empirical_cumulant,19,1470,-0.08696269050236281,0.10177881483639686,-0.27186868952672305,0.27186868952672305,0.6842105263157895,36
knn_resid_tangential_cov_observed,observed_pair,19,1470,0.014600722464900406,-0.05640468372931795,0.21192264400899485,0.21192264400899485,0.6842105263157895,36
knn_resid_tangential_cov_cumulant,empirical_cumulant,19,1470,-0.009927330640439713,-0.020272902471566615,0.16183118900663968,0.16183118900663968,0.6842105263157895,36
knn_resid_alignment_expected,one_fish_conditional_baseline,19,1470,0.032888077055857445,-0.08182706512246485,0.16014515180992545,0.16014515180992545,0.6842105263157895,36
knn_resid_alignment_observed,observed_pair,19,1470,-0.081472992792919,0.17561958329237348,-0.1522585352350665,0.1522585352350665,0.6842105263157895,36
knn_resid_radial_cov_observed,observed_pair,19,1470,0.07915405513261664,0.05584354217239301,0.12749740620253863,0.12749740620253863,0.6842105263157895,36
knn_resid_radial_cov_cumulant,empirical_cumulant,19,1470,0.053332866634212966,0.05831698488528679,0.11628471180182474,0.11628471180182474,0.5789473684210527,36
knn_resid_speed_cov_cumulant,empirical_cumulant,19,1470,0.07883465768572923,0.02249336483511559,0.09279904850963586,0.09279904850963586,0.5789473684210527,36
knn_resid_speed_cov_observed,observed_pair,19,1470,0.08097451293206878,0.027555586539880314,0.05133553725398185,0.05133553725398185,0.5789473684210527,36
knn_resid_speed_cov_expected,one_fish_conditional_baseline,19,1470,-0.005860317047898328,-0.061323997514511785,0.016274074291553364,0.016274074291553364,0.5263157894736842,36
knn_resid_radial_cov_expected,one_fish_conditional_baseline,19,1470,-0.005860317047898633,-0.061323997514511785,0.016274074291552088,0.016274074291552088,0.5263157894736842,36
knn_resid_tangential_cov_expected,one_fish_conditional_baseline,19,1470,-0.005860317047897523,-0.06132399751451234,0.01627407429155181,0.01627407429155181,0.5263157894736842,36
knn_resid_speed_cov_cumulant,empirical_cumulant,19,1470,0.0027828682680614003,-0.06409030437913474,0.11951804333484954,0.11951804333484954,0.5789473684210527,37
knn_resid_speed_cov_observed,observed_pair,19,1470,-0.015499584767741645,-0.04457072056699146,0.11599758752068834,0.11599758752068834,0.5789473684210527,37
knn_resid_tangential_cov_expected,one_fish_conditional_baseline,19,1470,-0.038968718294009164,0.027353353639801042,-0.10598935727482545,0.10598935727482545,0.5263157894736842,37
knn_resid_speed_cov_expected,one_fish_conditional_baseline,19,1470,-0.038968718294008636,0.027353353639800695,-0.10598935727482486,0.10598935727482486,0.5263157894736842,37
knn_resid_radial_cov_expected,one_fish_conditional_baseline,19,1470,-0.038968718294009275,0.027353353639799516,-0.10598935727482425,0.10598935727482425,0.5263157894736842,37
knn_resid_radial_cov_observed,observed_pair,19,1470,0.06831824609589321,-0.048850883053738026,0.0862958250439303,0.0862958250439303,0.5789473684210527,37
knn_resid_radial_cov_cumulant,empirical_cumulant,19,1470,0.04132374481637413,-0.05704238895644498,0.061637119326455436,0.061637119326455436,0.5789473684210527,37
knn_resid_alignment_expected,one_fish_conditional_baseline,19,1470,0.019912414665367216,-0.059627191174834185,0.05175319383497873,0.05175319383497873,0.5263157894736842,37
knn_resid_alignment_cumulant,empirical_cumulant,19,1470,0.02598412832572039,0.027296171214722942,0.05079537415865601,0.05079537415865601,0.5263157894736842,37
knn_resid_tangential_cov_cumulant,empirical_cumulant,19,1470,0.005056231960680168,-0.0049375195125367505,0.04730497854918467,0.04730497854918467,0.631578947368421,37
knn_resid_alignment_observed,observed_pair,19,1470,0.003996903997258716,0.028720994122048787,0.029863311327896158,0.029863311327896158,0.5263157894736842,37
knn_resid_tangential_cov_observed,observed_pair,19,1470,-0.011877525544238321,-0.015713195284721482,0.024399758967310226,0.024399758967310226,0.5789473684210527,37
knn_resid_alignment_expected,one_fish_conditional_baseline,19,1471,0.035170536713570635,-0.15452566572636958,0.23776746422892436,0.23776746422892436,0.6842105263157895,38
knn_resid_speed_cov_cumulant,empirical_cumulant,19,1471,0.03206083686527389,0.013904761097540935,0.10958634510241183,0.10958634510241183,0.5789473684210527,38
knn_resid_tangential_cov_expected,one_fish_conditional_baseline,19,1471,0.010996836128348564,-0.12334604086066216,0.0827389957550334,0.0827389957550334,0.6842105263157895,38
knn_resid_radial_cov_expected,one_fish_conditional_baseline,19,1471,0.010996836128348453,-0.12334604086066256,0.08273899575503241,0.08273899575503241,0.6842105263157895,38
knn_resid_speed_cov_expected,one_fish_conditional_baseline,19,1471,0.010996836128347676,-0.12334604086066245,0.08273899575503202,0.08273899575503202,0.6842105263157895,38
knn_resid_tangential_cov_cumulant,empirical_cumulant,19,1471,0.045539970026786336,0.007729790628265176,0.06985916838271394,0.06985916838271394,0.5789473684210527,38
knn_resid_alignment_cumulant,empirical_cumulant,19,1471,0.03685494612335971,0.024036407231071477,-0.06646247838259206,0.06646247838259206,0.5263157894736842,38
knn_resid_speed_cov_observed,observed_pair,19,1471,0.049340131373418916,0.04054155138997739,0.06134176121088225,0.06134176121088225,0.5789473684210527,38
knn_resid_alignment_observed,observed_pair,19,1471,-0.005012031298432751,0.02961241304779272,-0.04809196849402342,0.04809196849402342,0.5263157894736842,38
knn_resid_tangential_cov_observed,observed_pair,19,1471,0.020634397681614264,0.008668236164367418,0.033862334707982326,0.033862334707982326,0.5263157894736842,38
knn_resid_radial_cov_cumulant,empirical_cumulant,19,1471,0.06731755287614383,-0.01738426734856538,-0.01836122969780629,0.01836122969780629,0.6842105263157895,38
knn_resid_radial_cov_observed,observed_pair,19,1471,0.07756400629481533,-0.008399413138653087,-0.005002286371485524,0.005002286371485524,0.5263157894736842,38
knn_resid_speed_cov_observed,observed_pair,19,1470,-0.005360989451292486,0.14511808514808516,-0.16536695316444178,0.16536695316444178,0.5789473684210527,39
knn_resid_alignment_cumulant,empirical_cumulant,19,1470,0.06042009302871214,-0.11971116514364688,0.15102332903140764,0.15102332903140764,0.7368421052631579,39
knn_resid_speed_cov_cumulant,empirical_cumulant,19,1470,-0.003454827066114746,0.09871951668094278,-0.08848406011446655,0.08848406011446655,0.631578947368421,39
knn_resid_alignment_observed,observed_pair,19,1470,-0.005860501856677733,-0.12068655450604074,0.07912389426096184,0.07912389426096184,0.5789473684210527,39
knn_resid_alignment_expected,one_fish_conditional_baseline,19,1470,0.03778745716150905,-0.030616118230841566,-0.059876389664433524,0.059876389664433524,0.5789473684210527,39
knn_resid_radial_cov_observed,observed_pair,19,1470,-0.043658677034112886,0.14242946018960057,-0.047546591286752676,0.047546591286752676,0.5789473684210527,39
knn_resid_radial_cov_expected,one_fish_conditional_baseline,19,1470,0.004444284294405083,-0.04163472919540795,-0.03405056939469672,0.03405056939469672,0.5263157894736842,39
knn_resid_tangential_cov_expected,one_fish_conditional_baseline,19,1470,0.004444284294405916,-0.04163472919540798,-0.03405056939469575,0.03405056939469575,0.5263157894736842,39
knn_resid_speed_cov_expected,one_fish_conditional_baseline,19,1470,0.004444284294405812,-0.04163472919540792,-0.0340505693946937,0.0340505693946937,0.5263157894736842,39
knn_resid_tangential_cov_cumulant,empirical_cumulant,19,1470,0.04084232514801189,-0.01320186280252611,0.03338548424988407,0.03338548424988407,0.5263157894736842,39
knn_resid_tangential_cov_observed,observed_pair,19,1470,0.030408259083774425,0.02424038370380051,0.030057680603742625,0.030057680603742625,0.5263157894736842,39
knn_resid_radial_cov_cumulant,empirical_cumulant,19,1470,-0.049150488607534126,0.1063239935144965,0.0034861492365872437,0.0034861492365872437,0.5263157894736842,39
knn_resid_alignment_expected,one_fish_conditional_baseline,19,1471,0.04956954686695218,-0.07670459184111078,0.21125647184374102,0.21125647184374102,0.631578947368421,40
knn_resid_alignment_observed,observed_pair,19,1471,0.05386983397231432,-0.05359631983535258,0.16348455078624655,0.16348455078624655,0.6842105263157895,40
knn_resid_speed_cov_cumulant,empirical_cumulant,19,1471,-0.0983803557914092,0.007539861406902826,-0.11871488573359079,0.11871488573359079,0.631578947368421,40
knn_resid_tangential_cov_cumulant,empirical_cumulant,19,1471,-0.09168486878260229,0.012826183800810721,-0.104511052583413,0.104511052583413,0.5263157894736842,40
knn_resid_radial_cov_cumulant,empirical_cumulant,19,1471,-0.06672398631545168,0.023691883826353483,-0.06535324273995696,0.06535324273995696,0.6842105263157895,40
knn_resid_tangential_cov_expected,one_fish_conditional_baseline,19,1471,0.05635691511567936,-0.01331578302872654,0.05787284417763128,0.05787284417763128,0.6842105263157895,40
knn_resid_radial_cov_expected,one_fish_conditional_baseline,19,1471,0.05635691511567906,-0.013315783028725783,0.057872844177630695,0.057872844177630695,0.6842105263157895,40
knn_resid_speed_cov_expected,one_fish_conditional_baseline,19,1471,0.05635691511567811,-0.013315783028725825,0.057872844177630306,0.057872844177630306,0.6842105263157895,40
knn_resid_tangential_cov_observed,observed_pair,19,1471,-0.08576854033730458,0.029724940947937095,-0.053846921678651655,0.053846921678651655,0.631578947368421,40
knn_resid_radial_cov_observed,observed_pair,19,1471,-0.08643661860680886,0.005257329126151455,-0.04864730800189654,0.04864730800189654,0.631578947368421,40
knn_resid_speed_cov_observed,observed_pair,19,1471,-0.09550452605159387,-0.042739694183767996,-0.042644020667100185,0.042644020667100185,0.5789473684210527,40
knn_resid_alignment_cumulant,empirical_cumulant,19,1471,0.007252094647582419,0.014049071292356524,0.01230573505490562,0.01230573505490562,0.5263157894736842,40
knn_resid_alignment_expected,one_fish_conditional_baseline,19,1471,-0.09475070748199987,0.07264327002334942,-0.1533020812579835,0.1533020812579835,0.5263157894736842,41
knn_resid_tangential_cov_observed,observed_pair,19,1471,0.03187331663467191,-0.08147009495930212,0.11964677627010051,0.11964677627010051,0.6842105263157895,41
knn_resid_alignment_observed,observed_pair,19,1471,-0.0277183932756615,-0.051336174269528134,0.11694513191087741,0.11694513191087741,0.5789473684210527,41
knn_resid_speed_cov_cumulant,empirical_cumulant,19,1471,0.017989946158016367,-0.09360996444474048,0.11681561370967201,0.11681561370967201,0.5789473684210527,41
knn_resid_tangential_cov_cumulant,empirical_cumulant,19,1471,0.04878921333643271,-0.06897001042546558,0.11377192566119276,0.11377192566119276,0.631578947368421,41
knn_resid_alignment_cumulant,empirical_cumulant,19,1471,0.0337924855217829,-0.06746902622278456,0.0920021322760149,0.0920021322760149,0.7368421052631579,41
knn_resid_radial_cov_cumulant,empirical_cumulant,19,1471,-0.09296030632790164,0.000744839961393684,0.08117206463123544,0.08117206463123544,0.5263157894736842,41
knn_resid_speed_cov_observed,observed_pair,19,1471,0.04678460302595669,-0.062354932005780905,0.06867659569572157,0.06867659569572157,0.5789473684210527,41
knn_resid_speed_cov_expected,one_fish_conditional_baseline,19,1471,-0.05391166859627705,-0.04900594383357365,-0.048280054384061355,0.048280054384061355,0.5263157894736842,41
knn_resid_tangential_cov_expected,one_fish_conditional_baseline,19,1471,-0.05391166859627694,-0.04900594383357312,-0.04828005438406091,0.04828005438406091,0.5263157894736842,41
knn_resid_radial_cov_expected,one_fish_conditional_baseline,19,1471,-0.053911668596276774,-0.04900594383357368,-0.0482800543840603,0.0482800543840603,0.5263157894736842,41
knn_resid_radial_cov_observed,observed_pair,19,1471,-0.057902344037355835,-0.05675641729659775,0.03188545054299119,0.03188545054299119,0.5263157894736842,41
knn_resid_alignment_observed,observed_pair,19,1471,-0.07733972522522245,0.13259016700824017,-0.20068091038066352,0.20068091038066352,0.631578947368421,42
knn_resid_alignment_cumulant,empirical_cumulant,19,1471,-0.044998033476330745,0.0667732267792624,-0.1689023580248624,0.1689023580248624,0.631578947368421,42
knn_resid_radial_cov_cumulant,empirical_cumulant,19,1471,0.0006496825002369477,0.0969093386551653,-0.14253843590376758,0.14253843590376758,0.6842105263157895,42
knn_resid_alignment_expected,one_fish_conditional_baseline,19,1471,0.09189599151204883,0.021923236431535265,0.14120224006335633,0.14120224006335633,0.5789473684210527,42
knn_resid_radial_cov_observed,observed_pair,19,1471,-0.05003674715045751,0.07810990606189228,-0.12714194328990694,0.12714194328990694,0.631578947368421,42
knn_resid_tangential_cov_cumulant,empirical_cumulant,19,1471,-0.0036046695504045045,-0.025715503561744568,-0.0733534384425219,0.0733534384425219,0.5263157894736842,42
knn_resid_tangential_cov_observed,observed_pair,19,1471,-0.047176661407959675,-0.04178054162029343,-0.07246177405393855,0.07246177405393855,0.5263157894736842,42
knn_resid_speed_cov_observed,observed_pair,19,1471,0.019319831024553702,0.012539524079015374,0.056293597501042444,0.056293597501042444,0.5789473684210527,42
knn_resid_radial_cov_expected,one_fish_conditional_baseline,19,1471,0.014693023785207024,0.05392378801760593,-0.009752695130639782,0.009752695130639782,0.5789473684210527,42
knn_resid_tangential_cov_expected,one_fish_conditional_baseline,19,1471,0.014693023785207052,0.05392378801760495,-0.009752695130639477,0.009752695130639477,0.5789473684210527,42
knn_resid_speed_cov_expected,one_fish_conditional_baseline,19,1471,0.014693023785206982,0.05392378801760663,-0.009752695130638617,0.009752695130638617,0.5789473684210527,42
knn_resid_speed_cov_cumulant,empirical_cumulant,19,1471,0.03873900881155612,0.014726999741445868,0.0014353027130896978,0.0014353027130896978,0.5263157894736842,42
knn_resid_alignment_expected,one_fish_conditional_baseline,19,1471,0.07883177707883635,-0.11373664588331389,0.21221597973473016,0.21221597973473016,0.6842105263157895,43
knn_resid_radial_cov_observed,observed_pair,19,1471,0.012841676490288695,-0.016442895212894854,0.11251271851338329,0.11251271851338329,0.5263157894736842,43
knn_resid_alignment_cumulant,empirical_cumulant,19,1471,0.006612771918695623,0.004221020587531793,-0.04686786295490136,0.04686786295490136,0.5263157894736842,43
knn_resid_radial_cov_cumulant,empirical_cumulant,19,1471,0.017742723493894205,-0.053710670245000966,0.04539539796959349,0.04539539796959349,0.5789473684210527,43
knn_resid_tangential_cov_observed,observed_pair,19,1471,0.0492963955720172,-0.017459901245721138,0.040754475388095235,0.040754475388095235,0.5789473684210527,43
knn_resid_alignment_observed,observed_pair,19,1471,0.02004306726344679,0.06885195690855989,-0.039285730779131334,0.039285730779131334,0.5789473684210527,43
knn_resid_speed_cov_cumulant,empirical_cumulant,19,1471,0.056208188781573735,0.014340264482086806,0.03268139382702992,0.03268139382702992,0.631578947368421,43
knn_resid_radial_cov_expected,one_fish_conditional_baseline,19,1471,0.042161969230147714,0.005067271737487722,0.03228390704532557,0.03228390704532557,0.5789473684210527,43
knn_resid_speed_cov_expected,one_fish_conditional_baseline,19,1471,0.04216196923014805,0.005067271737487888,0.032283907045325494,0.032283907045325494,0.5789473684210527,43
knn_resid_tangential_cov_expected,one_fish_conditional_baseline,19,1471,0.04216196923014749,0.0050672717374881104,0.03228390704532493,0.03228390704532493,0.5789473684210527,43
knn_resid_tangential_cov_cumulant,empirical_cumulant,19,1471,0.012475402132732957,-0.004740959794229338,0.029052070830604876,0.029052070830604876,0.631578947368421,43
knn_resid_speed_cov_observed,observed_pair,19,1471,0.032246756874512145,0.007031924069857587,0.013327943079836695,0.013327943079836695,0.5263157894736842,43
knn_resid_alignment_expected,one_fish_conditional_baseline,19,1471,0.009470911691073725,-0.08630587443542276,0.2203073880811109,0.2203073880811109,0.7894736842105263,44
knn_resid_radial_cov_expected,one_fish_conditional_baseline,19,1471,-0.06626871527290396,0.005120690516677073,-0.11632869711983196,0.11632869711983196,0.5263157894736842,44
knn_resid_speed_cov_expected,one_fish_conditional_baseline,19,1471,-0.06626871527290304,0.005120690516676518,-0.11632869711983135,0.11632869711983135,0.5263157894736842,44
knn_resid_tangential_cov_expected,one_fish_conditional_baseline,19,1471,-0.06626871527290303,0.005120690516676907,-0.11632869711983063,0.11632869711983063,0.5263157894736842,44
knn_resid_tangential_cov_cumulant,empirical_cumulant,19,1471,-0.018468913413818025,-0.06587928564226866,0.0835831302453311,0.0835831302453311,0.5789473684210527,44
knn_resid_alignment_cumulant,empirical_cumulant,19,1471,-0.03449612975243238,0.03303131397497605,-0.07652089186312261,0.07652089186312261,0.5263157894736842,44
knn_resid_tangential_cov_observed,observed_pair,19,1471,0.0416917075450257,-0.07034485581417549,0.06792858337510205,0.06792858337510205,0.5789473684210527,44
knn_resid_speed_cov_observed,observed_pair,19,1471,-0.045729200141620185,-0.03723722627286137,-0.046996291340894,0.046996291340894,0.5263157894736842,44
knn_resid_radial_cov_cumulant,empirical_cumulant,19,1471,-0.012054509716183603,-0.04042850027044201,0.03922470297667689,0.03922470297667689,0.5263157894736842,44
knn_resid_radial_cov_observed,observed_pair,19,1471,-0.053144792478251934,0.012638941131497772,-0.020807275260366048,0.020807275260366048,0.5263157894736842,44
knn_resid_speed_cov_cumulant,empirical_cumulant,19,1471,-0.038970563962080984,-0.02999276739040274,0.017476197849147973,0.017476197849147973,0.5263157894736842,44
knn_resid_alignment_observed,observed_pair,19,1471,-0.05892302665175497,-0.06385788773272627,-0.013958113879290746,0.013958113879290746,0.5263157894736842,44
knn_resid_alignment_observed,observed_pair,19,1471,0.04087997936849913,0.132186577116975,-0.15192608373258093,0.15192608373258093,0.6842105263157895,45
knn_resid_radial_cov_expected,one_fish_conditional_baseline,19,1471,-0.09534111750638682,-0.07787280495818862,-0.09065279319166553,0.09065279319166553,0.5789473684210527,45
knn_resid_speed_cov_expected,one_fish_conditional_baseline,19,1471,-0.09534111750638578,-0.07787280495818791,-0.09065279319166519,0.09065279319166519,0.5789473684210527,45
knn_resid_tangential_cov_expected,one_fish_conditional_baseline,19,1471,-0.09534111750638712,-0.07787280495818845,-0.0906527931916643,0.0906527931916643,0.5789473684210527,45
knn_resid_tangential_cov_observed,observed_pair,19,1471,-0.11186495365874846,0.06263382270614709,-0.0794944899100013,0.0794944899100013,0.6842105263157895,45
knn_resid_tangential_cov_cumulant,empirical_cumulant,19,1471,-0.06287780836092627,0.02393400855456207,-0.07859113014642694,0.07859113014642694,0.631578947368421,45
knn_resid_radial_cov_observed,observed_pair,19,1471,-0.0009019761018246586,0.04846645972408031,-0.06460964415116141,0.06460964415116141,0.631578947368421,45
knn_resid_alignment_cumulant,empirical_cumulant,19,1471,0.07249251210278337,0.09725924274928424,-0.05998347947960039,0.05998347947960039,0.5263157894736842,45
knn_resid_speed_cov_cumulant,empirical_cumulant,19,1471,0.005072683656539401,-0.023882142034881815,0.045602024409347436,0.045602024409347436,0.5789473684210527,45
knn_resid_speed_cov_observed,observed_pair,19,1471,-0.016710756538250618,-0.02370990246071597,-0.04086416390394808,0.04086416390394808,0.5263157894736842,45
knn_resid_radial_cov_cumulant,empirical_cumulant,19,1471,0.03231716078785435,0.026069942789541903,-0.03928744490531366,0.03928744490531366,0.5789473684210527,45
knn_resid_alignment_expected,one_fish_conditional_baseline,19,1471,-0.036674998868936604,-0.010072744456570644,-0.035837552695785035,0.035837552695785035,0.5263157894736842,45
knn_resid_alignment_observed,observed_pair,19,1470,-0.07814835752982585,0.03868644454424175,-0.16318246439704692,0.16318246439704692,0.631578947368421,46
knn_resid_speed_cov_expected,one_fish_conditional_baseline,19,1470,-0.02967929741356254,0.023444075947982507,-0.1336107489614109,0.1336107489614109,0.6842105263157895,46
knn_resid_radial_cov_expected,one_fish_conditional_baseline,19,1470,-0.02967929741356319,0.023444075947981924,-0.13361074896141018,0.13361074896141018,0.6842105263157895,46
knn_resid_tangential_cov_expected,one_fish_conditional_baseline,19,1470,-0.0296792974135629,0.023444075947983034,-0.13361074896140984,0.13361074896140984,0.6842105263157895,46
knn_resid_radial_cov_cumulant,empirical_cumulant,19,1470,0.07795097209939701,0.03310611434970273,0.11008691534600332,0.11008691534600332,0.5789473684210527,46
knn_resid_alignment_cumulant,empirical_cumulant,19,1470,0.029779917294589155,0.08343562717342425,-0.10998714861708278,0.10998714861708278,0.631578947368421,46
knn_resid_radial_cov_observed,observed_pair,19,1470,0.079166085132657,0.03642458659352854,0.09267826310406552,0.09267826310406552,0.5789473684210527,46
knn_resid_tangential_cov_cumulant,empirical_cumulant,19,1470,0.07478995492156115,-0.07826678846719134,0.08494501730197027,0.08494501730197027,0.7368421052631579,46
knn_resid_tangential_cov_observed,observed_pair,19,1470,0.08488852190682837,-0.04317772670636355,0.07958194826162646,0.07958194826162646,0.7368421052631579,46
knn_resid_speed_cov_cumulant,empirical_cumulant,19,1470,0.1428233811329605,-0.11512675398737474,0.0707447991875298,0.0707447991875298,0.631578947368421,46
knn_resid_speed_cov_observed,observed_pair,19,1470,0.12065492006884693,-0.09433505360720683,0.051966815593738516,0.051966815593738516,0.5263157894736842,46
knn_resid_alignment_expected,one_fish_conditional_baseline,19,1470,-0.024983575430536198,-0.027369091495176967,-0.016664668613989284,0.016664668613989284,0.5263157894736842,46
knn_resid_tangential_cov_observed,observed_pair,19,1471,-0.10626126846928274,0.004871523378283643,-0.13807626657406502,0.13807626657406502,0.7368421052631579,47
knn_resid_tangential_cov_cumulant,empirical_cumulant,19,1471,-0.10744268109841675,0.022817787607831763,-0.11897625530097308,0.11897625530097308,0.6842105263157895,47
knn_resid_alignment_cumulant,empirical_cumulant,19,1471,-0.07692507428009931,0.00774350399708823,0.05796409074844622,0.05796409074844622,0.5789473684210527,47
knn_resid_speed_cov_cumulant,empirical_cumulant,19,1471,-0.004244802991054009,0.021285977487977892,0.051461257605807026,0.051461257605807026,0.5789473684210527,47
knn_resid_alignment_observed,observed_pair,19,1471,-0.01365102810051011,-0.0074647018159547385,-0.027758731950015242,0.027758731950015242,0.5789473684210527,47
knn_resid_alignment_expected,one_fish_conditional_baseline,19,1471,0.010008924304021817,-0.07384699684347534,0.0275676031718331,0.0275676031718331,0.5263157894736842,47
knn_resid_speed_cov_observed,observed_pair,19,1471,-0.04552405262167972,0.04624640517758792,0.023088992733487065,0.023088992733487065,0.5263157894736842,47
knn_resid_radial_cov_observed,observed_pair,19,1471,0.016356521854981876,-0.06196074685814479,-0.0145186981352428,0.0145186981352428,0.5263157894736842,47
knn_resid_radial_cov_cumulant,empirical_cumulant,19,1471,0.019196638889566575,-0.07002542904059143,0.002969495443538167,0.002969495443538167,0.5263157894736842,47
knn_resid_radial_cov_expected,one_fish_conditional_baseline,19,1471,-0.014147051885653336,-0.017589396442555402,0.0013294557441585891,0.0013294557441585891,0.5263157894736842,47
knn_resid_speed_cov_expected,one_fish_conditional_baseline,19,1471,-0.014147051885653489,-0.017589396442553834,0.0013294557441583532,0.0013294557441583532,0.5263157894736842,47
knn_resid_tangential_cov_expected,one_fish_conditional_baseline,19,1471,-0.014147051885653211,-0.017589396442553848,0.0013294557441559246,0.0013294557441559246,0.5263157894736842,47
knn_resid_alignment_observed,observed_pair,19,1471,0.07632888720567335,-0.021351393374972216,0.14388488537663544,0.14388488537663544,0.631578947368421,48
knn_resid_speed_cov_observed,observed_pair,19,1471,-0.06494841603460863,0.047581621372967384,-0.10112364586849876,0.10112364586849876,0.6842105263157895,48
knn_resid_speed_cov_cumulant,empirical_cumulant,19,1471,-0.04225589611301084,0.01833062891025032,-0.09531678710289232,0.09531678710289232,0.5789473684210527,48
knn_resid_alignment_expected,one_fish_conditional_baseline,19,1471,-0.04865676707589106,0.0572702473865373,-0.06972136634658857,0.06972136634658857,0.5789473684210527,48
knn_resid_tangential_cov_observed,observed_pair,19,1471,-0.05727503395727648,-0.0046342045665341836,-0.06777436684073418,0.06777436684073418,0.631578947368421,48
knn_resid_alignment_cumulant,empirical_cumulant,19,1471,0.09071043867260045,-0.014277726667600299,0.06139838002528336,0.06139838002528336,0.5789473684210527,48
knn_resid_radial_cov_observed,observed_pair,19,1471,0.04411093515612152,-0.06308496612797199,0.05257894650357639,0.05257894650357639,0.6842105263157895,48
knn_resid_tangential_cov_expected,one_fish_conditional_baseline,19,1471,-0.05005026485770711,-0.04845445737339622,-0.048016874667264425,0.048016874667264425,0.5789473684210527,48
knn_resid_speed_cov_expected,one_fish_conditional_baseline,19,1471,-0.05005026485770797,-0.048454457373396737,-0.04801687466726384,0.04801687466726384,0.5789473684210527,48
knn_resid_radial_cov_expected,one_fish_conditional_baseline,19,1471,-0.05005026485770772,-0.0484544573733971,-0.0480168746672629,0.0480168746672629,0.5789473684210527,48
knn_resid_radial_cov_cumulant,empirical_cumulant,19,1471,0.06297452021669839,-0.04930091049328918,0.0365986025560122,0.0365986025560122,0.7368421052631579,48
knn_resid_tangential_cov_cumulant,empirical_cumulant,19,1471,-0.05227929580797053,-0.022673408538655244,-0.029605887269315283,0.029605887269315283,0.5789473684210527,48
knn_resid_radial_cov_expected,one_fish_conditional_baseline,19,1471,0.012180779079306592,-0.005011867289804406,-0.13077419004442653,0.13077419004442653,0.5789473684210527,49
knn_resid_speed_cov_expected,one_fish_conditional_baseline,19,1471,0.012180779079306411,-0.005011867289804572,-0.13077419004442498,0.13077419004442498,0.5789473684210527,49
knn_resid_tangential_cov_expected,one_fish_conditional_baseline,19,1471,0.012180779079307744,-0.005011867289804017,-0.13077419004442492,0.13077419004442492,0.5789473684210527,49
knn_resid_radial_cov_cumulant,empirical_cumulant,19,1471,-0.04681753141251978,0.035322593899071164,-0.12507469593441484,0.12507469593441484,0.5789473684210527,49
knn_resid_radial_cov_observed,observed_pair,19,1471,-0.07622564693815896,0.001298651596706446,-0.08832564323520348,0.08832564323520348,0.5789473684210527,49
knn_resid_tangential_cov_observed,observed_pair,19,1471,0.037721210767844626,-0.03685981106509362,0.06837536484023529,0.06837536484023529,0.5789473684210527,49
knn_resid_speed_cov_cumulant,empirical_cumulant,19,1471,0.008383588658782082,-0.06181912904878839,0.052934541122833356,0.052934541122833356,0.5789473684210527,49
knn_resid_alignment_observed,observed_pair,19,1471,0.09956510642515448,0.06466220137666706,0.04878537339520794,0.04878537339520794,0.5789473684210527,49
knn_resid_alignment_cumulant,empirical_cumulant,19,1471,0.07546088132531133,0.12336069926081811,-0.04789981793550678,0.04789981793550678,0.5789473684210527,49
knn_resid_alignment_expected,one_fish_conditional_baseline,19,1471,-0.05983409105490689,0.05313765173975557,-0.047155426531089006,0.047155426531089006,0.5789473684210527,49
knn_resid_speed_cov_observed,observed_pair,19,1471,0.02135679651347877,-0.04246557732967274,0.04262087730474969,0.04262087730474969,0.7368421052631579,49
knn_resid_tangential_cov_cumulant,empirical_cumulant,19,1471,0.024255618768945664,-0.0034992501336485043,0.03238150978162503,0.03238150978162503,0.5789473684210527,49
knn_resid_alignment_expected,one_fish_conditional_baseline,19,1471,0.055107921859090386,0.048051894707785314,-0.14658702422402792,0.14658702422402792,0.5263157894736842,50
knn_resid_speed_cov_expected,one_fish_conditional_baseline,19,1471,0.09598621263020507,-0.03348383199468037,0.06697427082538274,0.06697427082538274,0.5789473684210527,50
knn_resid_radial_cov_expected,one_fish_conditional_baseline,19,1471,0.09598621263020352,-0.0334838319946809,0.06697427082538177,0.06697427082538177,0.5789473684210527,50
knn_resid_tangential_cov_expected,one_fish_conditional_baseline,19,1471,0.09598621263020468,-0.03348383199468162,0.06697427082538113,0.06697427082538113,0.5789473684210527,50
knn_resid_radial_cov_observed,observed_pair,19,1471,0.04492143692171599,0.07216495653678229,0.05725431330683331,0.05725431330683331,0.5263157894736842,50
knn_resid_alignment_cumulant,empirical_cumulant,19,1471,0.07641558545429589,0.02321419454168161,-0.05604820251497916,0.05604820251497916,0.5263157894736842,50
knn_resid_tangential_cov_observed,observed_pair,19,1471,-0.012139730478183945,0.037278234875027544,-0.05427819564637029,0.05427819564637029,0.5789473684210527,50
knn_resid_radial_cov_cumulant,empirical_cumulant,19,1471,0.02453148799937288,0.04875467752511692,0.0512669632369549,0.0512669632369549,0.5789473684210527,50
knn_resid_tangential_cov_cumulant,empirical_cumulant,19,1471,-0.012585258027606995,0.034912254829576966,-0.049761441826674704,0.049761441826674704,0.5789473684210527,50
knn_resid_speed_cov_observed,observed_pair,19,1471,0.06169189769563174,0.03923347620069703,-0.043651002791686336,0.043651002791686336,0.5263157894736842,50
knn_resid_speed_cov_cumulant,empirical_cumulant,19,1471,0.04565164601456785,0.03296084148873325,-0.015625643717028112,0.015625643717028112,0.631578947368421,50
knn_resid_alignment_observed,observed_pair,19,1471,0.02523170478548803,-0.01022060157518101,-0.0012438303766111325,0.0012438303766111325,0.5263157894736842,50
knn_resid_radial_cov_cumulant,empirical_cumulant,19,1470,0.11831325065398057,-0.03891644923495702,0.1890285287340793,0.1890285287340793,0.7368421052631579,51
knn_resid_radial_cov_observed,observed_pair,19,1470,0.12454321758710772,-0.030458281965419318,0.11840007950764625,0.11840007950764625,0.7368421052631579,51
knn_resid_radial_cov_expected,one_fish_conditional_baseline,19,1470,-0.03720841538905395,0.07662157266362814,-0.09483207673290056,0.09483207673290056,0.5789473684210527,51
knn_resid_speed_cov_expected,one_fish_conditional_baseline,19,1470,-0.037208415389053257,0.07662157266362721,-0.09483207673290005,0.09483207673290005,0.5789473684210527,51
knn_resid_tangential_cov_expected,one_fish_conditional_baseline,19,1470,-0.037208415389054644,0.07662157266362776,-0.0948320767328992,0.0948320767328992,0.5789473684210527,51
knn_resid_tangential_cov_observed,observed_pair,19,1470,0.033641852467680367,-0.07785025766923062,0.055038601978306595,0.055038601978306595,0.631578947368421,51
knn_resid_alignment_observed,observed_pair,19,1470,0.01843759500219011,0.0708989847460533,-0.05051582776969993,0.05051582776969993,0.5789473684210527,51
knn_resid_alignment_cumulant,empirical_cumulant,19,1470,-0.053352918840629676,-0.007907568573519777,-0.0454453502671099,0.0454453502671099,0.5263157894736842,51
knn_resid_tangential_cov_cumulant,empirical_cumulant,19,1470,0.0019430236293762615,-0.06799850710652061,0.024495254600644917,0.024495254600644917,0.5789473684210527,51
knn_resid_alignment_expected,one_fish_conditional_baseline,19,1470,0.03333311425275931,-0.001243964473598147,0.018217916604748446,0.018217916604748446,0.5263157894736842,51
knn_resid_speed_cov_observed,observed_pair,19,1470,0.045431117387826916,-0.004034502014868491,0.005313350618385931,0.005313350618385931,0.5789473684210527,51
knn_resid_speed_cov_cumulant,empirical_cumulant,19,1470,0.04070990459421178,-0.003692236643045731,-0.0038952853983418977,0.0038952853983418977,0.5263157894736842,51
knn_resid_tangential_cov_expected,one_fish_conditional_baseline,19,1470,-0.10887961308857927,0.10534787609257454,-0.2407937840009782,0.2407937840009782,0.7368421052631579,52
knn_resid_radial_cov_expected,one_fish_conditional_baseline,19,1470,-0.10887961308857956,0.1053478760925737,-0.24079378400097787,0.24079378400097787,0.7368421052631579,52
knn_resid_speed_cov_expected,one_fish_conditional_baseline,19,1470,-0.10887961308857955,0.10534787609257437,-0.24079378400097762,0.24079378400097762,0.7368421052631579,52
knn_resid_tangential_cov_cumulant,empirical_cumulant,19,1470,-0.06370114443097319,0.05731664732926689,-0.19283372002380275,0.19283372002380275,0.631578947368421,52
knn_resid_radial_cov_observed,observed_pair,19,1470,0.14105915330442997,-0.04538395476283483,0.16195546239900482,0.16195546239900482,0.7368421052631579,52
knn_resid_radial_cov_cumulant,empirical_cumulant,19,1470,0.1483907489018608,-0.05610163857010207,0.1511956653532056,0.1511956653532056,0.7368421052631579,52
knn_resid_tangential_cov_observed,observed_pair,19,1470,-0.03880366536645545,0.07437858189869755,-0.15086106176868855,0.15086106176868855,0.6842105263157895,52
knn_resid_alignment_cumulant,empirical_cumulant,19,1470,-0.06434948526028739,-0.06951021495156741,-0.13051950617399227,0.13051950617399227,0.5789473684210527,52
knn_resid_speed_cov_observed,observed_pair,19,1470,-0.012666199316365076,0.07177607694613664,-0.1228720295962035,0.1228720295962035,0.7368421052631579,52
knn_resid_speed_cov_cumulant,empirical_cumulant,19,1470,-0.011678488167388548,0.057235971758718855,-0.10930054239430614,0.10930054239430614,0.6842105263157895,52
knn_resid_alignment_observed,observed_pair,19,1470,0.030647742190057836,-0.0693047765092634,0.05727752946432005,0.05727752946432005,0.5263157894736842,52
knn_resid_alignment_expected,one_fish_conditional_baseline,19,1470,0.009325737143306312,0.05224959640515432,-0.049576805510982536,0.049576805510982536,0.5789473684210527,52
knn_resid_speed_cov_observed,observed_pair,19,1471,0.08143772287820925,-0.03613896081521155,0.10887223520623887,0.10887223520623887,0.631578947368421,53
knn_resid_alignment_expected,one_fish_conditional_baseline,19,1471,0.03025365254358315,-0.030585928149583247,0.1075974033424442,0.1075974033424442,0.6842105263157895,53
knn_resid_speed_cov_cumulant,empirical_cumulant,19,1471,0.06559293635452035,-0.035940565380064016,0.10607031050356075,0.10607031050356075,0.5789473684210527,53
knn_resid_radial_cov_observed,observed_pair,19,1471,-0.07412644719170836,-0.006626164014560575,-0.09343989696311238,0.09343989696311238,0.631578947368421,53
knn_resid_radial_cov_cumulant,empirical_cumulant,19,1471,-0.06996973228802932,-0.007697697053791731,-0.08659159160176218,0.08659159160176218,0.5789473684210527,53
knn_resid_alignment_observed,observed_pair,19,1471,0.10825093022617749,0.034202454715423714,0.06942806347416658,0.06942806347416658,0.5789473684210527,53
knn_resid_tangential_cov_observed,observed_pair,19,1471,-0.03914222024791636,-0.06990266300643444,0.057866706628937586,0.057866706628937586,0.6842105263157895,53
knn_resid_alignment_cumulant,empirical_cumulant,19,1471,0.002435506618082131,0.08469065579371393,-0.03911631957507086,0.03911631957507086,0.5263157894736842,53
knn_resid_tangential_cov_cumulant,empirical_cumulant,19,1471,-0.015053208155004882,-0.05711412051243353,0.0372522543709639,0.0372522543709639,0.6842105263157895,53
knn_resid_tangential_cov_expected,one_fish_conditional_baseline,19,1471,0.04566608253237938,-0.018400916056591887,0.028667765364719183,0.028667765364719183,0.5789473684210527,53
knn_resid_radial_cov_expected,one_fish_conditional_baseline,19,1471,0.045666082532379436,-0.018400916056592387,0.02866776536471903,0.02866776536471903,0.5789473684210527,53
knn_resid_speed_cov_expected,one_fish_conditional_baseline,19,1471,0.045666082532379575,-0.018400916056592165,0.028667765364718927,0.028667765364718927,0.5789473684210527,53
knn_resid_alignment_observed,observed_pair,19,1470,-0.00013988975290257777,0.09274118510811363,-0.09367344050160176,0.09367344050160176,0.5789473684210527,54
knn_resid_radial_cov_cumulant,empirical_cumulant,19,1470,-0.04734033324388773,-0.06910228283697258,0.06536577174699976,0.06536577174699976,0.5789473684210527,54
knn_resid_speed_cov_cumulant,empirical_cumulant,19,1470,-0.02790332732324896,0.01809615453987896,-0.0636857447353062,0.0636857447353062,0.5789473684210527,54
knn_resid_tangential_cov_observed,observed_pair,19,1470,0.03051280630062867,-0.003266824473883004,0.06071954925081652,0.06071954925081652,0.5789473684210527,54
knn_resid_tangential_cov_cumulant,empirical_cumulant,19,1470,0.017249891859010047,-0.004116457329632426,0.04952238381837505,0.04952238381837505,0.5789473684210527,54
knn_resid_speed_cov_observed,observed_pair,19,1470,-0.014770153253131413,0.00634921027282187,-0.03642857840463076,0.03642857840463076,0.5263157894736842,54
knn_resid_radial_cov_expected,one_fish_conditional_baseline,19,1470,0.0005737564533756512,0.0011317381483395145,0.03589829898324526,0.03589829898324526,0.5263157894736842,54
knn_resid_speed_cov_expected,one_fish_conditional_baseline,19,1470,0.0005737564533752626,0.0011317381483390981,0.03589829898324445,0.03589829898324445,0.5263157894736842,54
knn_resid_tangential_cov_expected,one_fish_conditional_baseline,19,1470,0.000573756453374985,0.0011317381483384736,0.03589829898324434,0.03589829898324434,0.5263157894736842,54
knn_resid_radial_cov_observed,observed_pair,19,1470,-0.07515568591425978,-0.050467417508332724,0.020522512165309065,0.020522512165309065,0.5263157894736842,54
knn_resid_alignment_cumulant,empirical_cumulant,19,1470,-0.017072850593111005,0.06550096917661588,0.006997791041933654,0.006997791041933654,0.5263157894736842,54
knn_resid_alignment_expected,one_fish_conditional_baseline,19,1470,-0.025093432206689747,-0.02194298778872439,-0.0006854886296577822,0.0006854886296577822,0.5263157894736842,54
knn_resid_alignment_observed,observed_pair,19,1471,0.025883642983566213,-0.026771883720990042,0.15739366101878483,0.15739366101878483,0.7368421052631579,55
knn_resid_radial_cov_observed,observed_pair,19,1471,-0.06409591431278902,0.07498962658430934,-0.14841232390632217,0.14841232390632217,0.7368421052631579,55
knn_resid_radial_cov_cumulant,empirical_cumulant,19,1471,-0.046704923077472774,0.0741256135910297,-0.13773951614341817,0.13773951614341817,0.7894736842105263,55
knn_resid_speed_cov_expected,one_fish_conditional_baseline,19,1471,0.012024873630426928,0.07918074973196718,-0.09336495456279814,0.09336495456279814,0.6842105263157895,55
knn_resid_tangential_cov_expected,one_fish_conditional_baseline,19,1471,0.012024873630427351,0.07918074973196698,-0.09336495456279814,0.09336495456279814,0.6842105263157895,55
knn_resid_radial_cov_expected,one_fish_conditional_baseline,19,1471,0.01202487363042705,0.07918074973196648,-0.09336495456279784,0.09336495456279784,0.6842105263157895,55
knn_resid_alignment_expected,one_fish_conditional_baseline,19,1471,-0.1266339011798408,-0.03717142111764529,-0.06122501054346208,0.06122501054346208,0.5789473684210527,55
knn_resid_tangential_cov_cumulant,empirical_cumulant,19,1471,-0.0014611439563913912,0.017635691092243944,-0.055929520726930054,0.055929520726930054,0.5789473684210527,55
knn_resid_alignment_cumulant,empirical_cumulant,19,1471,-0.03681513704796607,0.00619573404468432,0.04606150056839267,0.04606150056839267,0.5263157894736842,55
knn_resid_tangential_cov_observed,observed_pair,19,1471,-0.019968156061802238,-0.015102756943749383,-0.03690383333858144,0.03690383333858144,0.631578947368421,55
knn_resid_speed_cov_cumulant,empirical_cumulant,19,1471,0.02156059947676847,0.054604493874910426,-0.014476043438365671,0.014476043438365671,0.5789473684210527,55
knn_resid_speed_cov_observed,observed_pair,19,1471,0.050421655630985295,0.03402446701745743,-0.014473475457153995,0.014473475457153995,0.5263157894736842,55
knn_resid_tangential_cov_expected,one_fish_conditional_baseline,19,1470,-0.02382774785328179,-0.013156726082490633,-0.1789541616611599,0.1789541616611599,0.5789473684210527,56
knn_resid_radial_cov_expected,one_fish_conditional_baseline,19,1470,-0.023827747853281928,-0.013156726082490189,-0.17895416166115924,0.17895416166115924,0.5789473684210527,56
knn_resid_speed_cov_expected,one_fish_conditional_baseline,19,1470,-0.023827747853282503,-0.01315672608249005,-0.17895416166115904,0.17895416166115904,0.5789473684210527,56
knn_resid_speed_cov_observed,observed_pair,19,1470,0.024605801256411708,-0.1207755139864314,0.16508277184851272,0.16508277184851272,0.7894736842105263,56
knn_resid_alignment_expected,one_fish_conditional_baseline,19,1470,-0.023385051836680548,0.026919318442386958,-0.12924187554296052,0.12924187554296052,0.6842105263157895,56
knn_resid_radial_cov_observed,observed_pair,19,1470,0.12648561512023782,-0.04231550152466146,0.12465360357408778,0.12465360357408778,0.6842105263157895,56
knn_resid_radial_cov_cumulant,empirical_cumulant,19,1470,0.10477154547711096,-0.056750444588100524,0.0906047876102831,0.0906047876102831,0.7368421052631579,56
knn_resid_alignment_observed,observed_pair,19,1470,0.11974180583708495,-0.07912314500313289,0.08362314151415387,0.08362314151415387,0.5789473684210527,56
knn_resid_speed_cov_cumulant,empirical_cumulant,19,1470,0.03502173471941228,-0.09698333853480393,0.07118762244208043,0.07118762244208043,0.6842105263157895,56
knn_resid_tangential_cov_cumulant,empirical_cumulant,19,1470,-0.07793037724320212,0.042590244450814246,-0.03985303776625046,0.03985303776625046,0.5789473684210527,56
knn_resid_alignment_cumulant,empirical_cumulant,19,1470,0.018308778593770586,-0.05554364424738474,0.02899973123159394,0.02899973123159394,0.5789473684210527,56
knn_resid_tangential_cov_observed,observed_pair,19,1470,-0.06684178128634527,0.05654736919761179,-0.02175480572613886,0.02175480572613886,0.5263157894736842,56
knn_resid_tangential_cov_expected,one_fish_conditional_baseline,19,1471,-0.030311382122273203,-0.09271637147264665,0.10642639535944395,0.10642639535944395,0.5789473684210527,57
knn_resid_speed_cov_expected,one_fish_conditional_baseline,19,1471,-0.030311382122273755,-0.09271637147264726,0.1064263953594431,0.1064263953594431,0.5789473684210527,57
knn_resid_radial_cov_expected,one_fish_conditional_baseline,19,1471,-0.030311382122273394,-0.09271637147264664,0.10642639535944301,0.10642639535944301,0.5789473684210527,57
knn_resid_tangential_cov_observed,observed_pair,19,1471,0.023693438614301232,0.004023934637475329,0.09244483461579595,0.09244483461579595,0.5263157894736842,57
knn_resid_alignment_cumulant,empirical_cumulant,19,1471,-0.03881547823234082,0.047883957790030504,-0.07271204959118607,0.07271204959118607,0.5789473684210527,57
knn_resid_tangential_cov_cumulant,empirical_cumulant,19,1471,0.033115999286205094,-0.0776130716522535,0.07044064735696595,0.07044064735696595,0.5789473684210527,57
knn_resid_alignment_expected,one_fish_conditional_baseline,19,1471,0.06820629829913621,-0.021891671576905386,0.06868417016443712,0.06868417016443712,0.631578947368421,57
knn_resid_radial_cov_observed,observed_pair,19,1471,-0.08339218759792211,0.09633487601301095,-0.06827390335704286,0.06827390335704286,0.6842105263157895,57
knn_resid_alignment_observed,observed_pair,19,1471,-0.08984355649960046,0.011748373509785727,-0.06286472430008644,0.06286472430008644,0.631578947368421,57
knn_resid_radial_cov_cumulant,empirical_cumulant,19,1471,-0.11007569446339256,0.06416073687289797,-0.059154333881964505,0.059154333881964505,0.7894736842105263,57
knn_resid_speed_cov_observed,observed_pair,19,1471,0.03251637788475162,0.005159782400992297,0.058045070306510016,0.058045070306510016,0.631578947368421,57
knn_resid_speed_cov_cumulant,empirical_cumulant,19,1471,0.028895986470680327,8.27272990656467e-05,0.002900396489409318,0.002900396489409318,0.5789473684210527,57
knn_resid_radial_cov_cumulant,empirical_cumulant,19,1470,0.04733284499338172,-0.05193069193127245,0.17324720736591262,0.17324720736591262,0.5789473684210527,58
knn_resid_radial_cov_expected,one_fish_conditional_baseline,19,1470,-0.07487943685391901,0.03228590564151154,-0.1495189866571165,0.1495189866571165,0.6842105263157895,58
knn_resid_speed_cov_expected,one_fish_conditional_baseline,19,1470,-0.0748794368539197,0.03228590564151121,-0.14951898665711555,0.14951898665711555,0.6842105263157895,58
knn_resid_tangential_cov_expected,one_fish_conditional_baseline,19,1470,-0.07487943685391996,0.032285905641512125,-0.14951898665711538,0.14951898665711538,0.6842105263157895,58
knn_resid_alignment_cumulant,empirical_cumulant,19,1470,0.07964956264342588,-0.08829168199626836,0.12793739065902848,0.12793739065902848,0.5263157894736842,58
knn_resid_radial_cov_observed,observed_pair,19,1470,0.043572196041025885,-0.07017288963557412,0.1233599066416744,0.1233599066416744,0.631578947368421,58
knn_resid_alignment_observed,observed_pair,19,1470,-0.011065536390127972,-0.004382675118174195,0.11858429534203502,0.11858429534203502,0.5263157894736842,58
knn_resid_tangential_cov_observed,observed_pair,19,1470,0.056072633489134445,0.033389757760858396,-0.06568097463467298,0.06568097463467298,0.6842105263157895,58
knn_resid_speed_cov_cumulant,empirical_cumulant,19,1470,-0.0012283979962580682,0.0008359240238775267,0.03142844488874599,0.03142844488874599,0.5789473684210527,58
knn_resid_speed_cov_observed,observed_pair,19,1470,-0.0015827994401168832,-0.0028700666135548225,0.012700119631540552,0.012700119631540552,0.5263157894736842,58
knn_resid_alignment_expected,one_fish_conditional_baseline,19,1470,0.028913256516709077,0.0035581023765992315,0.00891984072778032,0.00891984072778032,0.5263157894736842,58
knn_resid_tangential_cov_cumulant,empirical_cumulant,19,1470,0.07400373433552623,0.04456325305950487,-0.005246006368715833,0.005246006368715833,0.5263157894736842,58
knn_resid_speed_cov_expected,one_fish_conditional_baseline,19,1471,-0.04507146871388612,0.11783295715283909,-0.1310181162814859,0.1310181162814859,0.631578947368421,59
knn_resid_radial_cov_expected,one_fish_conditional_baseline,19,1471,-0.0450714687138859,0.11783295715283904,-0.13101811628148585,0.13101811628148585,0.631578947368421,59
knn_resid_tangential_cov_expected,one_fish_conditional_baseline,19,1471,-0.045071468713886065,0.11783295715283892,-0.13101811628148535,0.13101811628148535,0.631578947368421,59
knn_resid_radial_cov_observed,observed_pair,19,1471,-0.03866648829523643,0.0952899977068954,-0.12745016001033194,0.12745016001033194,0.5789473684210527,59
knn_resid_tangential_cov_observed,observed_pair,19,1471,0.09404944069000251,0.02194864725507277,0.11324404039394331,0.11324404039394331,0.5263157894736842,59
knn_resid_speed_cov_cumulant,empirical_cumulant,19,1471,0.07213649411193016,0.06522996659875802,0.11218618298812025,0.11218618298812025,0.631578947368421,59
knn_resid_tangential_cov_cumulant,empirical_cumulant,19,1471,0.12446904828224804,0.03014132428869218,0.08423756630052154,0.08423756630052154,0.5789473684210527,59
knn_resid_speed_cov_observed,observed_pair,19,1471,0.0853275668412658,0.04151123388650435,0.054570903100169404,0.054570903100169404,0.631578947368421,59
knn_resid_radial_cov_cumulant,empirical_cumulant,19,1471,0.023882446553434036,0.10026228806316168,-0.04481573350524665,0.04481573350524665,0.5263157894736842,59
knn_resid_alignment_expected,one_fish_conditional_baseline,19,1471,-0.013667288010760559,-0.013404727660801918,0.03055746740784593,0.03055746740784593,0.5789473684210527,59
knn_resid_alignment_cumulant,empirical_cumulant,19,1471,0.0568313942201103,0.055404051579196374,-0.013558390668879636,0.013558390668879636,0.5263157894736842,59
knn_resid_alignment_observed,observed_pair,19,1471,0.0681604405682978,0.06666129124318332,0.003514822997343736,0.003514822997343736,0.631578947368421,59
knn_resid_tangential_cov_cumulant,empirical_cumulant,19,1471,-0.07619014466728263,0.03660599502231843,-0.18458886118818713,0.18458886118818713,0.7894736842105263,60
knn_resid_tangential_cov_observed,observed_pair,19,1471,-0.06122105323832187,0.070911605965614,-0.10712510385156046,0.10712510385156046,0.7894736842105263,60
knn_resid_alignment_cumulant,empirical_cumulant,19,1471,-0.02026966353372255,0.03461167871082427,-0.08618159451561802,0.08618159451561802,0.631578947368421,60
knn_resid_radial_cov_cumulant,empirical_cumulant,19,1471,-0.015311257197806682,-0.06463077413196933,-0.07780476435258579,0.07780476435258579,0.5789473684210527,60
knn_resid_radial_cov_observed,observed_pair,19,1471,-0.008742612176916804,-0.08504342332742482,-0.061291705271419854,0.061291705271419854,0.5789473684210527,60
knn_resid_speed_cov_cumulant,empirical_cumulant,19,1471,0.0041224179521707,-0.05179920107265143,0.05903946898280654,0.05903946898280654,0.5789473684210527,60
knn_resid_alignment_observed,observed_pair,19,1471,-0.09184159259051794,-0.047604362242479936,-0.04800118641939172,0.04800118641939172,0.631578947368421,60
knn_resid_speed_cov_expected,one_fish_conditional_baseline,19,1471,0.02049306023262265,-0.03680652597070642,0.04769360222932727,0.04769360222932727,0.5263157894736842,60
knn_resid_tangential_cov_expected,one_fish_conditional_baseline,19,1471,0.020493060232622318,-0.03680652597070699,0.04769360222932689,0.04769360222932689,0.5263157894736842,60
knn_resid_radial_cov_expected,one_fish_conditional_baseline,19,1471,0.020493060232621513,-0.03680652597070684,0.04769360222932634,0.04769360222932634,0.5263157894736842,60
knn_resid_speed_cov_observed,observed_pair,19,1471,0.011185505435194365,-0.016532729070266816,0.041209635956194576,0.041209635956194576,0.5789473684210527,60
knn_resid_alignment_expected,one_fish_conditional_baseline,19,1471,-0.023692599364481648,0.03724228581578437,-0.020038389783483435,0.020038389783483435,0.5263157894736842,60
knn_resid_speed_cov_expected,one_fish_conditional_baseline,19,1470,-0.007586898667635428,-0.10390469836746045,0.1836149441858523,0.1836149441858523,0.6842105263157895,61
knn_resid_radial_cov_expected,one_fish_conditional_baseline,19,1470,-0.007586898667635261,-0.10390469836746047,0.18361494418585103,0.18361494418585103,0.6842105263157895,61
knn_resid_tangential_cov_expected,one_fish_conditional_baseline,19,1470,-0.007586898667635178,-0.10390469836746027,0.18361494418585012,0.18361494418585012,0.6842105263157895,61
knn_resid_speed_cov_observed,observed_pair,19,1470,-0.1659725421892313,0.03855652328178495,-0.1661740686885591,0.1661740686885591,0.7368421052631579,61
knn_resid_alignment_observed,observed_pair,19,1470,0.06258215616595977,0.027674122983184113,-0.15907067168111602,0.15907067168111602,0.5263157894736842,61
knn_resid_speed_cov_cumulant,empirical_cumulant,19,1470,-0.13545417527681336,0.02598024355627246,-0.10699431735173781,0.10699431735173781,0.7368421052631579,61
knn_resid_alignment_expected,one_fish_conditional_baseline,19,1470,0.0132607758832195,0.041437818881283756,-0.08381347007362298,0.08381347007362298,0.5789473684210527,61
knn_resid_radial_cov_observed,observed_pair,19,1470,0.019675852106918634,0.025346625363343783,-0.058105820589576,0.058105820589576,0.5789473684210527,61
knn_resid_tangential_cov_observed,observed_pair,19,1470,-0.06918728551311698,-0.021734986715362337,-0.04565313530928064,0.04565313530928064,0.5789473684210527,61
knn_resid_tangential_cov_cumulant,empirical_cumulant,19,1470,-0.04046532104681114,-0.01255149602550698,-0.03206437900216415,0.03206437900216415,0.5263157894736842,61
knn_resid_radial_cov_cumulant,empirical_cumulant,19,1470,-0.014319232882613497,0.019085307271134583,-0.028911754112278393,0.028911754112278393,0.5789473684210527,61
knn_resid_alignment_cumulant,empirical_cumulant,19,1470,0.022781066875555422,0.0388923374798829,0.008408695276861639,0.008408695276861639,0.5263157894736842,61
knn_resid_radial_cov_cumulant,empirical_cumulant,19,1471,0.05155999312746594,0.059109410697402574,-0.15422919435753007,0.15422919435753007,0.5263157894736842,62
knn_resid_alignment_cumulant,empirical_cumulant,19,1471,0.049553939802559635,0.006372521034033518,0.1270921639959361,0.1270921639959361,0.5789473684210527,62
knn_resid_speed_cov_observed,observed_pair,19,1471,-0.06103096806544159,0.0042307905450338495,-0.11928443551414808,0.11928443551414808,0.6842105263157895,62
knn_resid_radial_cov_observed,observed_pair,19,1471,0.048962173895536476,0.056803555416400364,-0.11469765176789612,0.11469765176789612,0.5789473684210527,62
knn_resid_tangential_cov_expected,one_fish_conditional_baseline,19,1471,-0.040346304143029324,0.0892520199186621,-0.1099981238849859,0.1099981238849859,0.7368421052631579,62
knn_resid_radial_cov_expected,one_fish_conditional_baseline,19,1471,-0.040346304143029865,0.08925201991866066,-0.10999812388498525,0.10999812388498525,0.7368421052631579,62
knn_resid_speed_cov_expected,one_fish_conditional_baseline,19,1471,-0.04034630414302945,0.08925201991866144,-0.1099981238849844,0.1099981238849844,0.7368421052631579,62
knn_resid_tangential_cov_observed,observed_pair,19,1471,0.04781997208796446,-0.03187952583433011,0.09858897958730356,0.09858897958730356,0.6842105263157895,62
knn_resid_tangential_cov_cumulant,empirical_cumulant,19,1471,0.00990975424351248,-0.005734784691785157,0.09175169172907774,0.09175169172907774,0.631578947368421,62
knn_resid_speed_cov_cumulant,empirical_cumulant,19,1471,-0.05415698240111148,-0.01559306552517506,-0.030036001234319237,0.030036001234319237,0.631578947368421,62
knn_resid_alignment_observed,observed_pair,19,1471,-0.006079834368391983,-0.019217977817136446,-0.021568865714086338,0.021568865714086338,0.5263157894736842,62
knn_resid_alignment_expected,one_fish_conditional_baseline,19,1471,-0.06580524591242387,-0.051860662716647334,-0.017964010406217534,0.017964010406217534,0.5263157894736842,62
knn_resid_radial_cov_observed,observed_pair,19,1471,0.09495692433552184,-0.04045894524846974,0.12459864185780034,0.12459864185780034,0.6842105263157895,63
knn_resid_alignment_cumulant,empirical_cumulant,19,1471,-0.049620494966070045,0.06044691605331086,-0.10486512183747532,0.10486512183747532,0.631578947368421,63
knn_resid_tangential_cov_expected,one_fish_conditional_baseline,19,1471,-0.046468001638563405,0.09076075928941335,-0.09685673590085941,0.09685673590085941,0.631578947368421,63
knn_resid_speed_cov_expected,one_fish_conditional_baseline,19,1471,-0.046468001638564016,0.09076075928941296,-0.09685673590085919,0.09685673590085919,0.631578947368421,63
knn_resid_radial_cov_expected,one_fish_conditional_baseline,19,1471,-0.046468001638564405,0.0907607592894134,-0.09685673590085842,0.09685673590085842,0.631578947368421,63
knn_resid_radial_cov_cumulant,empirical_cumulant,19,1471,0.10391777727810192,-0.029234860987036315,0.08579414025985971,0.08579414025985971,0.631578947368421,63
knn_resid_speed_cov_cumulant,empirical_cumulant,19,1471,0.011938659647642721,0.009717673801045212,0.04184822546427923,0.04184822546427923,0.5263157894736842,63
knn_resid_alignment_observed,observed_pair,19,1471,-0.03819233909449338,0.03388221889333083,-0.03964593541857367,0.03964593541857367,0.631578947368421,63
knn_resid_alignment_expected,one_fish_conditional_baseline,19,1471,-0.0046846753996699075,-0.08184143893197487,0.03222854947940175,0.03222854947940175,0.5263157894736842,63
knn_resid_tangential_cov_observed,observed_pair,19,1471,-0.0084796838671585,-0.11608500711295558,-0.013712251112770135,0.013712251112770135,0.5789473684210527,63
knn_resid_speed_cov_observed,observed_pair,19,1471,0.004515271511883705,0.032101732015618056,-0.011424278137356886,0.011424278137356886,0.5789473684210527,63
knn_resid_tangential_cov_cumulant,empirical_cumulant,19,1471,-0.04419640990511747,-0.1064074243089187,-0.008235879272882052,0.008235879272882052,0.5789473684210527,63
knn_resid_alignment_cumulant,empirical_cumulant,19,1470,0.012477982727126746,-0.09312907438472098,0.12195794328295115,0.12195794328295115,0.5789473684210527,64
knn_resid_tangential_cov_expected,one_fish_conditional_baseline,19,1470,0.046271909995576954,0.04345377359314179,-0.06580640871085541,0.06580640871085541,0.631578947368421,64
knn_resid_radial_cov_expected,one_fish_conditional_baseline,19,1470,0.04627190999557553,0.04345377359314091,-0.06580640871085275,0.06580640871085275,0.631578947368421,64
knn_resid_speed_cov_expected,one_fish_conditional_baseline,19,1470,0.04627190999557672,0.04345377359314109,-0.06580640871085275,0.06580640871085275,0.631578947368421,64
knn_resid_alignment_observed,observed_pair,19,1470,0.014821478543357136,-0.05142619423434085,0.06062880536670873,0.06062880536670873,0.5263157894736842,64
knn_resid_speed_cov_cumulant,empirical_cumulant,19,1470,0.015566050045336371,0.051016495543150325,-0.039488577449971037,0.039488577449971037,0.5789473684210527,64
knn_resid_radial_cov_cumulant,empirical_cumulant,19,1470,-0.142465871050512,-0.0757995968489148,0.03496140755484933,0.03496140755484933,0.5263157894736842,64
knn_resid_speed_cov_observed,observed_pair,19,1470,-0.01261677801794181,0.05682902894539829,-0.022344275712053357,0.022344275712053357,0.5789473684210527,64
knn_resid_tangential_cov_observed,observed_pair,19,1470,0.06439932187219126,-0.055499333248985094,0.01921185696505648,0.01921185696505648,0.5789473684210527,64
knn_resid_tangential_cov_cumulant,empirical_cumulant,19,1470,0.05761370232645971,-0.04585183912692131,0.014998655143908274,0.014998655143908274,0.5263157894736842,64
knn_resid_radial_cov_observed,observed_pair,19,1470,-0.1296243625447751,-0.08634861374024289,-0.005570140681977864,0.005570140681977864,0.5263157894736842,64
knn_resid_alignment_expected,one_fish_conditional_baseline,19,1470,-0.04683070464875519,-0.08176977676477211,-0.0046222079394073745,0.0046222079394073745,0.5263157894736842,64
knn_resid_tangential_cov_observed,observed_pair,19,1471,0.05792236495581157,-0.030492660045878296,0.11933428557608532,0.11933428557608532,0.5789473684210527,65
knn_resid_radial_cov_observed,observed_pair,19,1471,0.07802044324738672,0.044716724291501586,0.1095660589692895,0.1095660589692895,0.5263157894736842,65
knn_resid_radial_cov_expected,one_fish_conditional_baseline,19,1471,0.05206364747874953,-0.0297558406837799,0.10355990318681388,0.10355990318681388,0.6842105263157895,65
knn_resid_speed_cov_expected,one_fish_conditional_baseline,19,1471,0.0520636474787487,-0.029755840683780455,0.10355990318681382,0.10355990318681382,0.6842105263157895,65
knn_resid_tangential_cov_expected,one_fish_conditional_baseline,19,1471,0.052063647478748865,-0.029755840683780233,0.10355990318681363,0.10355990318681363,0.6842105263157895,65
knn_resid_alignment_expected,one_fish_conditional_baseline,19,1471,0.07978369671658143,0.00830227382787474,0.0714814228887067,0.0714814228887067,0.631578947368421,65
knn_resid_alignment_observed,observed_pair,19,1471,-0.020501884889354116,0.011396837795343187,-0.0657192649165601,0.0657192649165601,0.5789473684210527,65
knn_resid_tangential_cov_cumulant,empirical_cumulant,19,1471,0.0596283268821646,-0.044785834840223804,0.06409204653244499,0.06409204653244499,0.5263157894736842,65
knn_resid_alignment_cumulant,empirical_cumulant,19,1471,0.00043617291063446917,0.017015697380442674,-0.03339388307683264,0.03339388307683264,0.5789473684210527,65
knn_resid_speed_cov_cumulant,empirical_cumulant,19,1471,-0.06961998805227376,-0.0851272955999168,-0.01849093803943347,0.01849093803943347,0.5263157894736842,65
knn_resid_speed_cov_observed,observed_pair,19,1471,-0.06373018301187938,-0.07413385636923642,-0.01659946033864304,0.01659946033864304,0.5263157894736842,65
knn_resid_radial_cov_cumulant,empirical_cumulant,19,1471,0.09354761506895568,0.01272207298452066,-0.0029746992977097153,0.0029746992977097153,0.5263157894736842,65
knn_resid_alignment_expected,one_fish_conditional_baseline,19,1470,0.04264951583314758,-0.032016088390073305,0.18136215380554133,0.18136215380554133,0.8421052631578947,66
knn_resid_radial_cov_cumulant,empirical_cumulant,19,1470,0.07987243278321143,0.015797660149111936,0.11030600271148253,0.11030600271148253,0.5789473684210527,66
knn_resid_tangential_cov_cumulant,empirical_cumulant,19,1470,0.023681275203374586,-0.07403816315553047,0.08302937779453513,0.08302937779453513,0.5789473684210527,66
knn_resid_alignment_observed,observed_pair,19,1470,0.13313300941567602,-0.024726633048247043,0.0748606666671583,0.0748606666671583,0.5789473684210527,66
knn_resid_tangential_cov_observed,observed_pair,19,1470,0.04170295556577375,-0.05660783609240873,0.05621532843608404,0.05621532843608404,0.631578947368421,66
knn_resid_speed_cov_expected,one_fish_conditional_baseline,19,1470,-0.0771735006202331,-0.0013814124592010854,-0.05315642154467448,0.05315642154467448,0.5789473684210527,66
knn_resid_radial_cov_expected,one_fish_conditional_baseline,19,1470,-0.07717350062023215,-0.0013814124592003152,-0.053156421544673926,0.053156421544673926,0.5789473684210527,66
knn_resid_tangential_cov_expected,one_fish_conditional_baseline,19,1470,-0.07717350062023348,-0.0013814124592003499,-0.05315642154467326,0.05315642154467326,0.5789473684210527,66
knn_resid_radial_cov_observed,observed_pair,19,1470,0.07633887275090712,0.06130353108495211,0.047033699727502376,0.047033699727502376,0.5263157894736842,66
knn_resid_speed_cov_cumulant,empirical_cumulant,19,1470,0.007003357137311173,-0.030999193449667978,0.02426914436924843,0.02426914436924843,0.5789473684210527,66
knn_resid_alignment_cumulant,empirical_cumulant,19,1470,0.08043160596282675,-0.0036015722629299946,-0.013838519743007593,0.013838519743007593,0.5263157894736842,66
knn_resid_speed_cov_observed,observed_pair,19,1470,-0.05037583524229483,-0.032541090288414676,0.0024585312271814402,0.0024585312271814402,0.5263157894736842,66
knn_resid_speed_cov_cumulant,empirical_cumulant,19,1471,0.005231044095422516,-0.004036963545418937,0.09891412325655638,0.09891412325655638,0.631578947368421,67
knn_resid_radial_cov_observed,observed_pair,19,1471,-0.04367752476583514,-0.014130672610615846,-0.04966255942962634,0.04966255942962634,0.631578947368421,67
knn_resid_alignment_observed,observed_pair,19,1471,-0.09480063048339285,0.006136837415641472,-0.048294330354900855,0.048294330354900855,0.631578947368421,67
knn_resid_radial_cov_expected,one_fish_conditional_baseline,19,1471,-0.038662403622653,-0.040219036242540064,-0.044385062992668936,0.044385062992668936,0.631578947368421,67
knn_resid_tangential_cov_expected,one_fish_conditional_baseline,19,1471,-0.038662403622652164,-0.04021903624253998,-0.044385062992668575,0.044385062992668575,0.631578947368421,67
knn_resid_speed_cov_expected,one_fish_conditional_baseline,19,1471,-0.03866240362265233,-0.04021903624254049,-0.04438506299266784,0.04438506299266784,0.631578947368421,67
knn_resid_alignment_expected,one_fish_conditional_baseline,19,1471,0.009335137851933073,-0.007243516578106068,-0.043916534848073965,0.043916534848073965,0.5263157894736842,67
knn_resid_speed_cov_observed,observed_pair,19,1471,-0.02053351878938023,-0.0017039302261929734,0.04336751020559351,0.04336751020559351,0.5789473684210527,67
knn_resid_alignment_cumulant,empirical_cumulant,19,1471,-0.06555611252503428,-0.023996275075240048,-0.03268169245226657,0.03268169245226657,0.5789473684210527,67
knn_resid_radial_cov_cumulant,empirical_cumulant,19,1471,-0.09954357908819611,-0.00019157715634565697,-0.032006348073299495,0.032006348073299495,0.5789473684210527,67
knn_resid_tangential_cov_observed,observed_pair,19,1471,-0.056068447909001506,-0.028579603992288982,0.01393873270200835,0.01393873270200835,0.5263157894736842,67
knn_resid_tangential_cov_cumulant,empirical_cumulant,19,1471,-0.07623523958092895,-0.06152559519812628,-0.004707548738502994,0.004707548738502994,0.5263157894736842,67
knn_resid_radial_cov_cumulant,empirical_cumulant,19,1471,0.012310457377075524,-0.06346196430984602,0.21046923760861194,0.21046923760861194,0.6842105263157895,68
knn_resid_alignment_observed,observed_pair,19,1471,0.1581997117528824,0.00946914013809795,0.16427772638561178,0.16427772638561178,0.6842105263157895,68
knn_resid_alignment_cumulant,empirical_cumulant,19,1471,0.09536353904648526,0.014666125683245813,0.13685109721027408,0.13685109721027408,0.5789473684210527,68
knn_resid_radial_cov_observed,observed_pair,19,1471,0.020141812927501057,-0.05713780085379139,0.09914570273306861,0.09914570273306861,0.7368421052631579,68
knn_resid_tangential_cov_cumulant,empirical_cumulant,19,1471,0.051750125657517576,0.09186380640812794,-0.09796021196995373,0.09796021196995373,0.5263157894736842,68
knn_resid_tangential_cov_observed,observed_pair,19,1471,0.09218438773430587,0.12726342651575462,-0.07711868255408327,0.07711868255408327,0.5263157894736842,68
knn_resid_radial_cov_expected,one_fish_conditional_baseline,19,1471,-0.0826488610090031,-0.045766714873337666,-0.05319996292377408,0.05319996292377408,0.5789473684210527,68
knn_resid_speed_cov_expected,one_fish_conditional_baseline,19,1471,-0.08264886100900415,-0.045766714873337694,-0.05319996292377248,0.05319996292377248,0.5789473684210527,68
knn_resid_tangential_cov_expected,one_fish_conditional_baseline,19,1471,-0.08264886100900454,-0.04576671487333844,-0.05319996292377242,0.05319996292377242,0.5789473684210527,68
knn_resid_speed_cov_cumulant,empirical_cumulant,19,1471,0.006981324443764314,-0.01094352413032229,0.03716244836215137,0.03716244836215137,0.5263157894736842,68
knn_resid_alignment_expected,one_fish_conditional_baseline,19,1471,0.03211604113918887,0.05212774356371643,0.023747475215799285,0.023747475215799285,0.5263157894736842,68
knn_resid_speed_cov_observed,observed_pair,19,1471,0.0030023808619989573,0.011270182356112546,-0.018840733206433008,0.018840733206433008,0.5263157894736842,68
knn_resid_alignment_expected,one_fish_conditional_baseline,19,1471,-0.06042810809870991,-0.03230014092756198,-0.14170808023974957,0.14170808023974957,0.5263157894736842,69
knn_resid_speed_cov_cumulant,empirical_cumulant,19,1471,-0.09810558463705105,0.06998405001593133,-0.12486252297248471,0.12486252297248471,0.5789473684210527,69
knn_resid_speed_cov_expected,one_fish_conditional_baseline,19,1471,-0.06246348142942178,0.0009869504763710818,-0.12145824499205524,0.12145824499205524,0.5789473684210527,69
knn_resid_radial_cov_expected,one_fish_conditional_baseline,19,1471,-0.06246348142942117,0.0009869504763707175,-0.12145824499205493,0.12145824499205493,0.5789473684210527,69
knn_resid_tangential_cov_expected,one_fish_conditional_baseline,19,1471,-0.06246348142942115,0.0009869504763719943,-0.12145824499205451,0.12145824499205451,0.5789473684210527,69
knn_resid_alignment_observed,observed_pair,19,1471,-0.015468619147543355,0.02764669701742739,-0.10140781311047031,0.10140781311047031,0.5789473684210527,69
knn_resid_radial_cov_cumulant,empirical_cumulant,19,1471,-0.04026656264325888,0.018598560892054805,-0.06528831051369376,0.06528831051369376,0.5263157894736842,69
knn_resid_alignment_cumulant,empirical_cumulant,19,1471,0.0040093895758441245,0.01648600388166399,-0.057639317254860906,0.057639317254860906,0.6842105263157895,69
knn_resid_speed_cov_observed,observed_pair,19,1471,-0.08874369535347049,0.0698725522924992,-0.039175716583382036,0.039175716583382036,0.631578947368421,69
knn_resid_tangential_cov_observed,observed_pair,19,1471,-0.03356290976782583,-0.0858073357448972,0.014811226799488389,0.014811226799488389,0.5263157894736842,69
knn_resid_tangential_cov_cumulant,empirical_cumulant,19,1471,-0.0413530713328239,-0.029605050616488854,-0.013382397364242182,0.013382397364242182,0.5263157894736842,69
knn_resid_radial_cov_observed,observed_pair,19,1471,-0.027701907982403906,0.034742318769018066,0.003155596257994872,0.003155596257994872,0.5263157894736842,69
knn_resid_alignment_observed,observed_pair,19,1471,-0.04715397041984324,0.0718266724726019,-0.13781956144791385,0.13781956144791385,0.5789473684210527,70
knn_resid_speed_cov_observed,observed_pair,19,1471,0.03324855163540019,-0.05414462419489097,0.06792141254964798,0.06792141254964798,0.631578947368421,70
knn_resid_tangential_cov_cumulant,empirical_cumulant,19,1471,0.027687894558965448,-0.03493966937123551,0.04942623711787769,0.04942623711787769,0.5263157894736842,70
knn_resid_speed_cov_expected,one_fish_conditional_baseline,19,1471,0.0983765123870778,0.04896336005870327,-0.04161893647339983,0.04161893647339983,0.5789473684210527,70
knn_resid_tangential_cov_expected,one_fish_conditional_baseline,19,1471,0.09837651238707748,0.04896336005870355,-0.04161893647339755,0.04161893647339755,0.5789473684210527,70
knn_resid_radial_cov_expected,one_fish_conditional_baseline,19,1471,0.09837651238707742,0.048963360058703075,-0.04161893647339712,0.04161893647339712,0.5789473684210527,70
knn_resid_alignment_expected,one_fish_conditional_baseline,19,1471,-0.067506340541576,-0.07190900560151237,-0.03899041261933189,0.03899041261933189,0.5789473684210527,70
knn_resid_tangential_cov_observed,observed_pair,19,1471,0.0273306811930545,-0.04067006685676333,0.037372838353003424,0.037372838353003424,0.5263157894736842,70
knn_resid_radial_cov_cumulant,empirical_cumulant,19,1471,0.05685804598420813,0.07758815280402778,-0.02864156821136428,0.02864156821136428,0.5263157894736842,70
knn_resid_speed_cov_cumulant,empirical_cumulant,19,1471,0.05694099542338238,-0.06758091667543056,0.022049002073624036,0.022049002073624036,0.631578947368421,70
knn_resid_radial_cov_observed,observed_pair,19,1471,0.056735253225027774,0.06750296727151073,-0.008226149071563577,0.008226149071563577,0.5789473684210527,70
knn_resid_alignment_cumulant,empirical_cumulant,19,1471,0.0063306043725487315,0.06837266310809306,0.002113389060101417,0.002113389060101417,0.5263157894736842,70
knn_resid_tangential_cov_cumulant,empirical_cumulant,19,1471,0.023616110197635952,-0.1377729783533846,0.18170168421833655,0.18170168421833655,0.6842105263157895,71
knn_resid_radial_cov_cumulant,empirical_cumulant,19,1471,-0.01892742268269003,0.010442488272348005,-0.1140780010344205,0.1140780010344205,0.631578947368421,71
knn_resid_tangential_cov_observed,observed_pair,19,1471,0.046496676541102,-0.12259232137293652,0.10533751653796655,0.10533751653796655,0.6842105263157895,71
knn_resid_radial_cov_observed,observed_pair,19,1471,0.0034454013882689316,0.016434807920876704,-0.07609651121255673,0.07609651121255673,0.631578947368421,71
knn_resid_alignment_cumulant,empirical_cumulant,19,1471,0.026289563541673028,0.005478985802269243,-0.07467749263161014,0.07467749263161014,0.5263157894736842,71
knn_resid_alignment_expected,one_fish_conditional_baseline,19,1471,0.0880671357437113,0.0008056298635313874,0.07457730764403514,0.07457730764403514,0.6842105263157895,71
knn_resid_speed_cov_expected,one_fish_conditional_baseline,19,1471,-0.016638864252450758,0.08533509025097641,-0.06233414267642107,0.06233414267642107,0.5789473684210527,71
knn_resid_tangential_cov_expected,one_fish_conditional_baseline,19,1471,-0.016638864252450314,0.08533509025097574,-0.0623341426764209,0.0623341426764209,0.5789473684210527,71
knn_resid_radial_cov_expected,one_fish_conditional_baseline,19,1471,-0.016638864252450536,0.08533509025097641,-0.062334142676420345,0.062334142676420345,0.5789473684210527,71
knn_resid_speed_cov_observed,observed_pair,19,1471,-0.04431304823008886,0.0645917604411262,-0.05808033413501175,0.05808033413501175,0.5263157894736842,71
knn_resid_speed_cov_cumulant,empirical_cumulant,19,1471,-0.031445740272205036,0.08461960884818424,-0.0501231399369747,0.0501231399369747,0.5789473684210527,71
knn_resid_alignment_observed,observed_pair,19,1471,0.07312880965605137,0.05046458146789992,0.016909532253842202,0.016909532253842202,0.631578947368421,71
knn_resid_alignment_expected,one_fish_conditional_baseline,19,1470,-0.06489154764303207,0.08946902028467214,-0.23379289744514017,0.23379289744514017,0.631578947368421,72
knn_resid_alignment_cumulant,empirical_cumulant,19,1470,-0.09019982033003246,0.005536568205801784,-0.19600786020054434,0.19600786020054434,0.6842105263157895,72
knn_resid_speed_cov_observed,observed_pair,19,1470,0.05535881335688492,-0.0219919929000168,0.1234794538963008,0.1234794538963008,0.6842105263157895,72
knn_resid_speed_cov_cumulant,empirical_cumulant,19,1470,0.03673825613414472,-0.02182619813679182,0.12262607317900792,0.12262607317900792,0.631578947368421,72
knn_resid_alignment_observed,observed_pair,19,1470,-0.1645960988952987,0.0377878636139557,-0.1090735276343981,0.1090735276343981,0.7894736842105263,72
knn_resid_radial_cov_cumulant,empirical_cumulant,19,1470,-0.0010730320663508292,0.0008770028427150245,-0.09926995134154111,0.09926995134154111,0.5789473684210527,72
knn_resid_tangential_cov_observed,observed_pair,19,1470,0.009444766859811105,-0.07728905474496181,0.08673382160477291,0.08673382160477291,0.5789473684210527,72
knn_resid_tangential_cov_cumulant,empirical_cumulant,19,1470,0.05180081517912502,-0.10330916990240513,0.050164969960786496,0.050164969960786496,0.631578947368421,72
knn_resid_radial_cov_observed,observed_pair,19,1470,-0.028517898003922793,0.0171963191743445,-0.04034377525771876,0.04034377525771876,0.5789473684210527,72
knn_resid_speed_cov_expected,one_fish_conditional_baseline,19,1470,0.03203055535616273,0.10236757563472643,-0.03865819503863424,0.03865819503863424,0.5263157894736842,72
knn_resid_radial_cov_expected,one_fish_conditional_baseline,19,1470,0.03203055535616295,0.10236757563472654,-0.03865819503863377,0.03865819503863377,0.5263157894736842,72
knn_resid_tangential_cov_expected,one_fish_conditional_baseline,19,1470,0.03203055535616278,0.1023675756347262,-0.038658195038631896,0.038658195038631896,0.5263157894736842,72
knn_resid_tangential_cov_expected,one_fish_conditional_baseline,19,1470,0.0766415390531266,-0.08246249399038283,0.18262850652870494,0.18262850652870494,0.7894736842105263,73
knn_resid_speed_cov_expected,one_fish_conditional_baseline,19,1470,0.07664153905312633,-0.08246249399038283,0.18262850652870463,0.18262850652870463,0.7894736842105263,73
knn_resid_radial_cov_expected,one_fish_conditional_baseline,19,1470,0.07664153905312662,-0.08246249399038236,0.18262850652870383,0.18262850652870383,0.7894736842105263,73
knn_resid_alignment_expected,one_fish_conditional_baseline,19,1470,-0.030076123799122723,0.027271704622974763,-0.10802298553140033,0.10802298553140033,0.631578947368421,73
knn_resid_tangential_cov_cumulant,empirical_cumulant,19,1470,0.0507145815103787,0.038895353766427845,0.07652953638481624,0.07652953638481624,0.5263157894736842,73
knn_resid_alignment_observed,observed_pair,19,1470,-0.08295579992249405,-0.11502714197846577,-0.06815697714469207,0.06815697714469207,0.5263157894736842,73
knn_resid_speed_cov_cumulant,empirical_cumulant,19,1470,0.040439108129752266,-0.11206188560795999,0.05141786277641448,0.05141786277641448,0.5789473684210527,73
knn_resid_tangential_cov_observed,observed_pair,19,1470,0.03721812694385876,0.029599373468209234,0.050665771891671325,0.050665771891671325,0.631578947368421,73
knn_resid_radial_cov_cumulant,empirical_cumulant,19,1470,0.05000835427557382,-0.06368058807725091,0.024910566757868735,0.024910566757868735,0.5263157894736842,73
knn_resid_radial_cov_observed,observed_pair,19,1470,0.009528597568581376,-0.04586866066395688,0.01488001583602222,0.01488001583602222,0.5263157894736842,73
knn_resid_speed_cov_observed,observed_pair,19,1470,0.047248881582781066,-0.08772549808163196,0.014788889691145973,0.014788889691145973,0.5789473684210527,73
knn_resid_alignment_cumulant,empirical_cumulant,19,1470,-0.04647551289125207,-0.08641266705284692,-0.0011613866906762804,0.0011613866906762804,0.5263157894736842,73
knn_resid_speed_cov_observed,observed_pair,19,1471,0.004198515435974395,0.11505111594091982,-0.12798586028291148,0.12798586028291148,0.5789473684210527,74
knn_resid_radial_cov_cumulant,empirical_cumulant,19,1471,-0.0837353815859212,0.024816705207224843,-0.05979857379953214,0.05979857379953214,0.5789473684210527,74
knn_resid_alignment_expected,one_fish_conditional_baseline,19,1471,-0.06664895723895764,0.04261453398502141,-0.058632916207480734,0.058632916207480734,0.5263157894736842,74
knn_resid_tangential_cov_cumulant,empirical_cumulant,19,1471,0.012166815789339674,-0.04267790581352654,0.054844721602866214,0.054844721602866214,0.5789473684210527,74
knn_resid_alignment_observed,observed_pair,19,1471,-0.0038755428571888295,-0.038043598638367565,-0.054208462284808745,0.054208462284808745,0.5789473684210527,74
knn_resid_radial_cov_observed,observed_pair,19,1471,-0.10189492343447698,0.019187564623192932,-0.05282068545332439,0.05282068545332439,0.5789473684210527,74
knn_resid_alignment_cumulant,empirical_cumulant,19,1471,-0.04578171795511432,0.02508314264884237,-0.049840637810669816,0.049840637810669816,0.631578947368421,74
knn_resid_speed_cov_cumulant,empirical_cumulant,19,1471,-0.005754341511871819,0.07765103199193218,-0.04648881499113232,0.04648881499113232,0.5789473684210527,74
knn_resid_tangential_cov_observed,observed_pair,19,1471,0.00891691926272872,-0.03827118615631726,-0.01998520788028696,0.01998520788028696,0.5263157894736842,74
knn_resid_tangential_cov_expected,one_fish_conditional_baseline,19,1471,-0.032301965218708595,-0.03491060583536296,-0.010895880896146848,0.010895880896146848,0.5263157894736842,74
knn_resid_speed_cov_expected,one_fish_conditional_baseline,19,1471,-0.03230196521870915,-0.034910605835362984,-0.010895880896145849,0.010895880896145849,0.5263157894736842,74
knn_resid_radial_cov_expected,one_fish_conditional_baseline,19,1471,-0.032301965218709316,-0.034910605835362526,-0.010895880896145793,0.010895880896145793,0.5263157894736842,74
knn_resid_alignment_observed,observed_pair,19,1470,0.08378594461646496,-0.07310543934339614,0.18590573278693404,0.18590573278693404,0.6842105263157895,75
knn_resid_tangential_cov_observed,observed_pair,19,1470,-0.010088624749683212,0.07096665442666639,-0.17630630769783062,0.17630630769783062,0.631578947368421,75
knn_resid_tangential_cov_cumulant,empirical_cumulant,19,1470,-0.01400335690817582,0.07091312198499833,-0.15731526697794457,0.15731526697794457,0.631578947368421,75
knn_resid_alignment_cumulant,empirical_cumulant,19,1470,0.04655125138155336,-0.060432334563976065,0.15013638729547324,0.15013638729547324,0.631578947368421,75
knn_resid_tangential_cov_expected,one_fish_conditional_baseline,19,1470,0.055163069316915045,-0.036535766234010954,0.11289174818671871,0.11289174818671871,0.631578947368421,75
knn_resid_speed_cov_expected,one_fish_conditional_baseline,19,1470,0.055163069316915045,-0.03653576623401048,0.11289174818671727,0.11289174818671727,0.631578947368421,75
knn_resid_radial_cov_expected,one_fish_conditional_baseline,19,1470,0.05516306931691488,-0.036535766234010524,0.11289174818671602,0.11289174818671602,0.631578947368421,75
knn_resid_speed_cov_cumulant,empirical_cumulant,19,1470,0.014847512599245494,0.041687466792593275,-0.048017029506513834,0.048017029506513834,0.5789473684210527,75
knn_resid_alignment_expected,one_fish_conditional_baseline,19,1470,-0.004112464244198311,0.04457723544131495,0.03369001178945594,0.03369001178945594,0.5263157894736842,75
knn_resid_speed_cov_observed,observed_pair,19,1470,0.039002567502739116,0.03851358388890491,-0.022520431342561154,0.022520431342561154,0.5789473684210527,75
knn_resid_radial_cov_cumulant,empirical_cumulant,19,1470,0.06777769966686477,0.002753998310293493,0.014671759547592589,0.014671759547592589,0.5789473684210527,75
knn_resid_radial_cov_observed,observed_pair,19,1470,0.0613279034234927,0.0024111037857567907,0.004395828672231317,0.004395828672231317,0.5263157894736842,75
knn_resid_speed_cov_observed,observed_pair,19,1471,-0.017878482619225686,0.07464028160357716,-0.08107220726714578,0.08107220726714578,0.5789473684210527,76
knn_resid_alignment_cumulant,empirical_cumulant,19,1471,-0.03050007199439017,-0.12005312034587035,0.05839923575819572,0.05839923575819572,0.5789473684210527,76
knn_resid_tangential_cov_expected,one_fish_conditional_baseline,19,1471,0.035770966872012755,0.033344250786220386,-0.054097635609586185,0.054097635609586185,0.631578947368421,76
knn_resid_radial_cov_expected,one_fish_conditional_baseline,19,1471,0.035770966872011756,0.03334425078622011,-0.05409763560958556,0.05409763560958556,0.631578947368421,76
knn_resid_speed_cov_expected,one_fish_conditional_baseline,19,1471,0.035770966872012644,0.033344250786219554,-0.054097635609584555,0.054097635609584555,0.631578947368421,76
knn_resid_alignment_observed,observed_pair,19,1471,-0.010440040934797334,-0.0026257274223452365,0.04047905002147126,0.04047905002147126,0.5263157894736842,76
knn_resid_alignment_expected,one_fish_conditional_baseline,19,1471,-0.053596312175137675,-0.045165493119395425,0.03746763255442735,0.03746763255442735,0.5789473684210527,76
knn_resid_speed_cov_cumulant,empirical_cumulant,19,1471,-0.023882142034881815,0.05804250315060644,0.036440938474606555,0.036440938474606555,0.5263157894736842,76
knn_resid_radial_cov_observed,observed_pair,19,1471,0.09828377091120824,0.06573032692925423,0.03492791780392221,0.03492791780392221,0.5789473684210527,76
knn_resid_radial_cov_cumulant,empirical_cumulant,19,1471,0.08579255750817784,0.03417333665174632,0.03382938835496649,0.03382938835496649,0.631578947368421,76
knn_resid_tangential_cov_observed,observed_pair,19,1471,-0.03865680093891544,0.03274900761833066,-0.01612520457996983,0.01612520457996983,0.631578947368421,76
knn_resid_tangential_cov_cumulant,empirical_cumulant,19,1471,-0.021743005906408763,0.019709487324691556,-0.0029131031655646733,0.0029131031655646733,0.5263157894736842,76
knn_resid_alignment_observed,observed_pair,19,1471,-0.11256211753135675,0.0022066679184049656,-0.2127478590758608,0.2127478590758608,0.7368421052631579,77
knn_resid_speed_cov_cumulant,empirical_cumulant,19,1471,0.061143545167396784,-0.07515808229288379,0.18264505110310647,0.18264505110310647,0.7894736842105263,77
knn_resid_speed_cov_observed,observed_pair,19,1471,0.07791638791650765,-0.04587435559112579,0.16428260402490863,0.16428260402490863,0.7368421052631579,77
knn_resid_tangential_cov_expected,one_fish_conditional_baseline,19,1471,0.03060891069270616,-0.055146778369626226,0.1285890321199878,0.1285890321199878,0.5263157894736842,77
knn_resid_speed_cov_expected,one_fish_conditional_baseline,19,1471,0.03060891069270627,-0.05514677836962634,0.12858903211998762,0.12858903211998762,0.5263157894736842,77
knn_resid_radial_cov_expected,one_fish_conditional_baseline,19,1471,0.03060891069270627,-0.05514677836962617,0.12858903211998668,0.12858903211998668,0.5263157894736842,77
knn_resid_alignment_cumulant,empirical_cumulant,19,1471,-0.10603645786895705,0.0046328471567136376,-0.07135638604637887,0.07135638604637887,0.5789473684210527,77
knn_resid_tangential_cov_cumulant,empirical_cumulant,19,1471,-0.009499573621277013,-0.0022408427400805175,0.07124898143671102,0.07124898143671102,0.5789473684210527,77
knn_resid_alignment_expected,one_fish_conditional_baseline,19,1471,-0.1023725854538054,0.005080476375821069,-0.06523421526418917,0.06523421526418917,0.5789473684210527,77
knn_resid_radial_cov_cumulant,empirical_cumulant,19,1471,-0.009874040869457923,0.04470408431436823,-0.05019046147435677,0.05019046147435677,0.631578947368421,77
knn_resid_tangential_cov_observed,observed_pair,19,1471,-0.00471982047214569,-0.04928876776477773,0.04456894729263204,0.04456894729263204,0.5263157894736842,77
knn_resid_radial_cov_observed,observed_pair,19,1471,0.002390492509882186,0.03885071029583796,-0.03986394985075112,0.03986394985075112,0.631578947368421,77
knn_resid_tangential_cov_observed,observed_pair,19,1471,-0.10440893391069248,-0.03525887722880268,-0.15301794160162926,0.15301794160162926,0.8421052631578947,78
knn_resid_alignment_observed,observed_pair,19,1471,-0.0033787549935917482,-0.04864971364637333,0.11267361726958847,0.11267361726958847,0.5263157894736842,78
knn_resid_tangential_cov_cumulant,empirical_cumulant,19,1471,-0.0863296942015353,0.009147029143715726,-0.10158735787219997,0.10158735787219997,0.8421052631578947,78
knn_resid_speed_cov_expected,one_fish_conditional_baseline,19,1471,-0.06564841158702395,-0.017475415242559272,-0.06624295458967126,0.06624295458967126,0.5263157894736842,78
knn_resid_radial_cov_expected,one_fish_conditional_baseline,19,1471,-0.06564841158702528,-0.017475415242560147,-0.06624295458967018,0.06624295458967018,0.5263157894736842,78
knn_resid_tangential_cov_expected,one_fish_conditional_baseline,19,1471,-0.06564841158702572,-0.017475415242560147,-0.06624295458966965,0.06624295458966965,0.5263157894736842,78
knn_resid_alignment_cumulant,empirical_cumulant,19,1471,-0.08124526423376655,-0.05665869897139242,0.04996567642330091,0.04996567642330091,0.5789473684210527,78
knn_resid_radial_cov_cumulant,empirical_cumulant,19,1471,0.07000641378076057,0.033817023142939856,0.035604569400479014,0.035604569400479014,0.5263157894736842,78
knn_resid_radial_cov_observed,observed_pair,19,1471,0.05436142761907037,0.04539252140556949,-0.03396395405373259,0.03396395405373259,0.5263157894736842,78
knn_resid_speed_cov_cumulant,empirical_cumulant,19,1471,0.053301262599485616,0.028545085335799025,-0.033257927088950034,0.033257927088950034,0.5789473684210527,78
knn_resid_speed_cov_observed,observed_pair,19,1471,0.015641872830789785,0.015545502395585595,-0.028618720933187305,0.028618720933187305,0.5789473684210527,78
knn_resid_alignment_expected,one_fish_conditional_baseline,19,1471,-0.008008961309176887,0.031182181467533376,0.01451254223098837,0.01451254223098837,0.5789473684210527,78
knn_resid_tangential_cov_observed,observed_pair,19,1469,-0.06241427025913378,-0.013264744365072634,0.06723828969837986,0.06723828969837986,0.5789473684210527,79
knn_resid_alignment_expected,one_fish_conditional_baseline,19,1469,0.01842318935551162,0.015753222741416606,-0.054286138001925055,0.054286138001925055,0.5789473684210527,79
knn_resid_tangential_cov_cumulant,empirical_cumulant,19,1469,-0.06994958249706558,-0.017476006100483527,0.05291373295078006,0.05291373295078006,0.5789473684210527,79
knn_resid_alignment_cumulant,empirical_cumulant,19,1469,-0.06783305719077962,-0.04027033787756344,0.049656104273955434,0.049656104273955434,0.5789473684210527,79
knn_resid_radial_cov_expected,one_fish_conditional_baseline,19,1469,0.025142957823556925,-0.024363191729777578,0.04512355524613278,0.04512355524613278,0.631578947368421,79
knn_resid_speed_cov_expected,one_fish_conditional_baseline,19,1469,0.02514295782355684,-0.02436319172977708,0.04512355524613272,0.04512355524613272,0.631578947368421,79
knn_resid_tangential_cov_expected,one_fish_conditional_baseline,19,1469,0.025142957823556494,-0.02436319172977669,0.04512355524613257,0.04512355524613257,0.631578947368421,79
knn_resid_speed_cov_observed,observed_pair,19,1469,-0.08176835086234618,-0.011859480558435203,-0.045107445046953736,0.045107445046953736,0.5263157894736842,79
knn_resid_radial_cov_observed,observed_pair,19,1469,0.030779765412169813,0.0680725105889308,-0.040534358899769536,0.040534358899769536,0.5263157894736842,79
knn_resid_alignment_observed,observed_pair,19,1469,-0.07987136058504327,-0.06031333099697819,0.01103343832486195,0.01103343832486195,0.5263157894736842,79
knn_resid_radial_cov_cumulant,empirical_cumulant,19,1469,0.031208488705748737,0.038550833822267705,-0.007105002630568402,0.007105002630568402,0.5263157894736842,79
knn_resid_speed_cov_cumulant,empirical_cumulant,19,1469,-0.035966231916519154,-0.02383610553654758,-0.0015627635452134803,0.0015627635452134803,0.5263157894736842,79
knn_resid_tangential_cov_cumulant,empirical_cumulant,19,1471,0.02785921606914399,-0.07725691978495125,0.1139486393033779,0.1139486393033779,0.631578947368421,80
knn_resid_tangential_cov_observed,observed_pair,19,1471,-0.0030893889874780145,-0.07113838585518353,0.10247292060634076,0.10247292060634076,0.5789473684210527,80
knn_resid_alignment_expected,one_fish_conditional_baseline,19,1471,-0.07327844821978782,-0.04890552355960809,-0.09688194593908153,0.09688194593908153,0.5789473684210527,80
knn_resid_speed_cov_cumulant,empirical_cumulant,19,1471,0.06671594116140643,0.016842929183988734,-0.07069662517237875,0.07069662517237875,0.5263157894736842,80
knn_resid_alignment_cumulant,empirical_cumulant,19,1471,0.0738075245901178,-0.015492155880488634,0.06297150754848752,0.06297150754848752,0.5789473684210527,80
knn_resid_radial_cov_observed,observed_pair,19,1471,-0.0024284844821070226,-0.0074031263524602375,0.043462453165733606,0.043462453165733606,0.5789473684210527,80
knn_resid_alignment_observed,observed_pair,19,1471,0.1122975413343189,-0.05051139694338162,0.04047086886171701,0.04047086886171701,0.5789473684210527,80
knn_resid_speed_cov_observed,observed_pair,19,1471,0.06989854826336661,-0.006707561696389086,0.02325589627209168,0.02325589627209168,0.5263157894736842,80
knn_resid_radial_cov_cumulant,empirical_cumulant,19,1471,-0.033556816221626956,-0.03319786363542307,0.004696188947501012,0.004696188947501012,0.5263157894736842,80
knn_resid_radial_cov_expected,one_fish_conditional_baseline,19,1471,-0.02149298170866905,-0.08689553698056907,0.002349455515472887,0.002349455515472887,0.5263157894736842,80
knn_resid_speed_cov_expected,one_fish_conditional_baseline,19,1471,-0.021492981708669423,-0.08689553698056951,0.002349455515472443,0.002349455515472443,0.5263157894736842,80
knn_resid_tangential_cov_expected,one_fish_conditional_baseline,19,1471,-0.021492981708669506,-0.08689553698056829,0.002349455515472415,0.002349455515472415,0.5263157894736842,80
knn_resid_radial_cov_cumulant,empirical_cumulant,19,1470,0.09769785759672868,-0.0967450065014589,0.12499615402907438,0.12499615402907438,0.7894736842105263,81
knn_resid_speed_cov_cumulant,empirical_cumulant,19,1470,-0.05628721445297287,-0.057595702430057724,-0.1158334230473461,0.1158334230473461,0.631578947368421,81
knn_resid_radial_cov_observed,observed_pair,19,1470,0.07726731035573967,-0.102053669090656,0.10860373594818507,0.10860373594818507,0.7368421052631579,81
knn_resid_alignment_cumulant,empirical_cumulant,19,1470,0.012511180662721,0.12698658218246558,-0.08113516186645017,0.08113516186645017,0.5789473684210527,81
knn_resid_speed_cov_observed,observed_pair,19,1470,-0.020138921449555258,-0.07047540666377211,-0.07018187032589854,0.07018187032589854,0.5263157894736842,81
knn_resid_alignment_observed,observed_pair,19,1470,0.021834136327822218,0.04687745566738265,-0.02503457168172181,0.02503457168172181,0.5263157894736842,81
knn_resid_tangential_cov_observed,observed_pair,19,1470,-0.03798056098188771,0.018788584675240416,-0.023361232971446495,0.023361232971446495,0.5789473684210527,81
knn_resid_tangential_cov_cumulant,empirical_cumulant,19,1470,0.0018329802440027188,0.01281115766706508,-0.020128524112464324,0.020128524112464324,0.5263157894736842,81
knn_resid_alignment_expected,one_fish_conditional_baseline,19,1470,-0.024335153352751687,-0.10166654995196472,-0.002927303382503993,0.002927303382503993,0.5263157894736842,81
knn_resid_tangential_cov_expected,one_fish_conditional_baseline,19,1470,0.02631146484632918,-0.05079065626302809,0.0027444981444990635,0.0027444981444990635,0.5263157894736842,81
knn_resid_radial_cov_expected,one_fish_conditional_baseline,19,1470,0.02631146484632818,-0.05079065626302853,0.002744498144498536,0.002744498144498536,0.5263157894736842,81
knn_resid_speed_cov_expected,one_fish_conditional_baseline,19,1470,0.026311464846327903,-0.05079065626302825,0.0027444981444980643,0.0027444981444980643,0.5263157894736842,81
knn_resid_alignment_cumulant,empirical_cumulant,19,1471,-0.06826471442994897,0.07200636618135463,-0.2598433176965309,0.2598433176965309,0.5263157894736842,82
knn_resid_speed_cov_observed,observed_pair,19,1471,0.11264825646362747,-0.05462600135225194,0.17812181638299623,0.17812181638299623,0.631578947368421,82
knn_resid_speed_cov_cumulant,empirical_cumulant,19,1471,0.10751119780844375,-0.07118392900742596,0.1747608221555751,0.1747608221555751,0.631578947368421,82
knn_resid_radial_cov_observed,observed_pair,19,1471,0.06573032692925423,-0.00409696476169919,0.13110925427355546,0.13110925427355546,0.5263157894736842,82
knn_resid_speed_cov_expected,one_fish_conditional_baseline,19,1471,0.13839308937425146,-0.004592395936882291,0.09292034819966488,0.09292034819966488,0.631578947368421,82
knn_resid_radial_cov_expected,one_fish_conditional_baseline,19,1471,0.1383930893742522,-0.0045923959368819895,0.09292034819966441,0.09292034819966441,0.631578947368421,82
knn_resid_tangential_cov_expected,one_fish_conditional_baseline,19,1471,0.1383930893742522,-0.004592395936881868,0.092920348199664,0.092920348199664,0.631578947368421,82
knn_resid_alignment_expected,one_fish_conditional_baseline,19,1471,0.06626903486186134,0.012895904246949724,0.09127943433469676,0.09127943433469676,0.5789473684210527,82
knn_resid_tangential_cov_observed,observed_pair,19,1471,0.05604428725240562,0.029193438141353514,0.06465547434831861,0.06465547434831861,0.5789473684210527,82
knn_resid_tangential_cov_cumulant,empirical_cumulant,19,1471,0.0709176566104425,0.03152499585557683,0.06261959555188645,0.06261959555188645,0.5789473684210527,82
knn_resid_alignment_observed,observed_pair,19,1471,0.020958663884473427,0.14873846499781437,0.01030912500684078,0.01030912500684078,0.5263157894736842,82
knn_resid_radial_cov_cumulant,empirical_cumulant,19,1471,0.03417333665174632,0.02506989329302428,0.009748900372604213,0.009748900372604213,0.5263157894736842,82
knn_resid_alignment_observed,observed_pair,19,1470,-0.1218915360276358,-0.023508764852714054,-0.10499191838568497,0.10499191838568497,0.6842105263157895,83
knn_resid_radial_cov_cumulant,empirical_cumulant,19,1470,-0.04237009497545008,0.00746865044618486,-0.09586518258904708,0.09586518258904708,0.631578947368421,83
knn_resid_speed_cov_observed,observed_pair,19,1470,-0.08746810325840776,0.00427667866588502,-0.055966772508888915,0.055966772508888915,0.5789473684210527,83
knn_resid_tangential_cov_cumulant,empirical_cumulant,19,1470,0.03058343831754945,-0.01913662754746441,0.05014732055535684,0.05014732055535684,0.631578947368421,83
knn_resid_alignment_cumulant,empirical_cumulant,19,1470,-0.07634044966838441,-0.06608418631845195,-0.02736059762685719,0.02736059762685719,0.5263157894736842,83
knn_resid_alignment_expected,one_fish_conditional_baseline,19,1470,0.02908887145623923,-0.02689186814155542,0.027303470337447372,0.027303470337447372,0.5263157894736842,83
knn_resid_speed_cov_expected,one_fish_conditional_baseline,19,1470,0.00734461557719765,-0.014289618435717188,0.024213663550343628,0.024213663550343628,0.5789473684210527,83
knn_resid_radial_cov_expected,one_fish_conditional_baseline,19,1470,0.007344615577197275,-0.0142896184357173,0.024213663550343018,0.024213663550343018,0.5789473684210527,83
knn_resid_tangential_cov_expected,one_fish_conditional_baseline,19,1470,0.007344615577197899,-0.014289618435715856,0.02421366355034288,0.02421366355034288,0.5789473684210527,83
knn_resid_tangential_cov_observed,observed_pair,19,1470,-0.012410685240178881,-0.015325122329884283,-0.023794553284394504,0.023794553284394504,0.5263157894736842,83
knn_resid_radial_cov_observed,observed_pair,19,1470,-0.054550508232584394,-0.007583614028976726,-0.022239548949274934,0.022239548949274934,0.5789473684210527,83
knn_resid_speed_cov_cumulant,empirical_cumulant,19,1470,-0.09519665511457417,-0.0023951818173032213,-0.0049145510111299195,0.0049145510111299195,0.5263157894736842,83
knn_resid_radial_cov_cumulant,empirical_cumulant,19,1471,-0.010924703315799839,0.038768351758028015,-0.09641264051778486,0.09641264051778486,0.631578947368421,84
knn_resid_radial_cov_observed,observed_pair,19,1471,-0.01614299261719976,0.062498703952737766,-0.07176876196745713,0.07176876196745713,0.6842105263157895,84
knn_resid_speed_cov_observed,observed_pair,19,1471,0.0047386166252815776,0.057270231259071686,-0.054275204948402656,0.054275204948402656,0.5789473684210527,84
knn_resid_speed_cov_expected,one_fish_conditional_baseline,19,1471,-0.0005403316929641633,-0.0514347850232058,0.05087691658791149,0.05087691658791149,0.631578947368421,84
knn_resid_radial_cov_expected,one_fish_conditional_baseline,19,1471,-0.0005403316929636498,-0.051434785023206274,0.050876916587910104,0.050876916587910104,0.631578947368421,84
knn_resid_tangential_cov_expected,one_fish_conditional_baseline,19,1471,-0.0005403316929638996,-0.051434785023207225,0.050876916587909105,0.050876916587909105,0.631578947368421,84
knn_resid_alignment_cumulant,empirical_cumulant,19,1471,0.010226996272091837,-0.05913543320570902,-0.03272434183750218,0.03272434183750218,0.631578947368421,84
knn_resid_alignment_observed,observed_pair,19,1471,0.03433519705585819,-0.0838575630159008,0.020812035146730717,0.020812035146730717,0.5263157894736842,84
knn_resid_tangential_cov_cumulant,empirical_cumulant,19,1471,-0.004743233524087884,0.07170109056772564,-0.017060932399556857,0.017060932399556857,0.5789473684210527,84
knn_resid_alignment_expected,one_fish_conditional_baseline,19,1471,0.0068677365489893255,-0.0423782526927859,0.011206816823535082,0.011206816823535082,0.5789473684210527,84
knn_resid_tangential_cov_observed,observed_pair,19,1471,-0.0041988079214830415,0.07860964576832491,-0.00917571685346008,0.00917571685346008,0.631578947368421,84
knn_resid_speed_cov_cumulant,empirical_cumulant,19,1471,0.024537254613113083,0.022298209542226305,0.0022390450708867776,0.0022390450708867776,0.5263157894736842,84
knn_resid_alignment_observed,observed_pair,19,1470,0.08082299381015148,-0.04466158071936731,0.27431665664827776,0.27431665664827776,0.631578947368421,85
knn_resid_alignment_cumulant,empirical_cumulant,19,1470,0.09196614195807529,-0.02929531455406037,0.15072530872724094,0.15072530872724094,0.631578947368421,85
knn_resid_speed_cov_expected,one_fish_conditional_baseline,19,1470,0.13901275918552103,0.09065806737551971,0.09544372870225099,0.09544372870225099,0.631578947368421,85
knn_resid_tangential_cov_expected,one_fish_conditional_baseline,19,1470,0.13901275918552003,0.09065806737551949,0.09544372870225065,0.09544372870225065,0.631578947368421,85
knn_resid_radial_cov_expected,one_fish_conditional_baseline,19,1470,0.13901275918552103,0.09065806737551978,0.09544372870224946,0.09544372870224946,0.631578947368421,85
knn_resid_alignment_expected,one_fish_conditional_baseline,19,1470,0.06746716927326153,-0.07802377471464997,0.043846948352506174,0.043846948352506174,0.631578947368421,85
knn_resid_speed_cov_observed,observed_pair,19,1470,0.01705352132424831,0.02930453322893263,-0.03454868349564258,0.03454868349564258,0.6842105263157895,85
knn_resid_radial_cov_cumulant,empirical_cumulant,19,1470,0.07433688819272313,0.05983795826481833,-0.022239905545441002,0.022239905545441002,0.5263157894736842,85
knn_resid_speed_cov_cumulant,empirical_cumulant,19,1470,-0.01047884986205777,0.052252034282703426,-0.010949878965804266,0.010949878965804266,0.631578947368421,85
knn_resid_tangential_cov_observed,observed_pair,19,1470,0.018682981551573198,-0.03420500439712158,-0.00946477840798502,0.00946477840798502,0.5263157894736842,85
knn_resid_tangential_cov_cumulant,empirical_cumulant,19,1470,0.01846079719839927,-0.0023270044753263015,-0.006806932539235422,0.006806932539235422,0.5263157894736842,85
knn_resid_radial_cov_observed,observed_pair,19,1470,0.03185481210817054,0.059173621179444344,0.003760308862796241,0.003760308862796241,0.5263157894736842,85
knn_resid_alignment_expected,one_fish_conditional_baseline,19,1470,-0.10379224759244496,-0.026554149304906252,-0.16527183204789045,0.16527183204789045,0.631578947368421,86
knn_resid_alignment_observed,observed_pair,19,1470,-0.04358611111991495,-0.0036365961237661767,-0.11684659261606786,0.11684659261606786,0.631578947368421,86
knn_resid_speed_cov_observed,observed_pair,19,1470,-0.008870263687664026,-0.08606082192745113,0.1043118066029205,0.1043118066029205,0.6842105263157895,86
knn_resid_radial_cov_cumulant,empirical_cumulant,19,1470,-0.011549480661412648,0.09634035582946254,-0.07579615573743095,0.07579615573743095,0.631578947368421,86
knn_resid_speed_cov_cumulant,empirical_cumulant,19,1470,-0.011508227022970222,-0.08639565763655933,0.060290086079136315,0.060290086079136315,0.6842105263157895,86
knn_resid_radial_cov_observed,observed_pair,19,1470,0.006997948233460977,0.10463855194837288,-0.05964704570955498,0.05964704570955498,0.5789473684210527,86
knn_resid_speed_cov_expected,one_fish_conditional_baseline,19,1470,0.03802669187638616,-0.09041525450450028,0.049320234891518155,0.049320234891518155,0.6842105263157895,86
knn_resid_radial_cov_expected,one_fish_conditional_baseline,19,1470,0.03802669187638666,-0.090415254504501,0.04932023489151721,0.04932023489151721,0.6842105263157895,86
knn_resid_tangential_cov_expected,one_fish_conditional_baseline,19,1470,0.03802669187638741,-0.09041525450449994,0.04932023489151677,0.04932023489151677,0.6842105263157895,86
knn_resid_tangential_cov_cumulant,empirical_cumulant,19,1470,-0.13910385382687568,-0.007057014245432702,0.03372175824859169,0.03372175824859169,0.5263157894736842,86
knn_resid_tangential_cov_observed,observed_pair,19,1470,-0.1416598556346432,-0.01893259637896827,0.017092321733867988,0.017092321733867988,0.5263157894736842,86
knn_resid_alignment_cumulant,empirical_cumulant,19,1470,0.05494128220822525,-0.041879393522435526,0.010127936719923153,0.010127936719923153,0.5263157894736842,86
knn_resid_tangential_cov_cumulant,empirical_cumulant,19,1471,-0.057079936971299594,0.003691238020373744,-0.17747806127949511,0.17747806127949511,0.6842105263157895,87
knn_resid_alignment_cumulant,empirical_cumulant,19,1471,-0.011733471365014347,0.051151351830418426,-0.14178359649930145,0.14178359649930145,0.6842105263157895,87
knn_resid_tangential_cov_observed,observed_pair,19,1471,-0.06828790307151611,0.0029875181129459943,-0.1400206349826298,0.1400206349826298,0.6842105263157895,87
knn_resid_alignment_observed,observed_pair,19,1471,-0.05647701911106949,0.07898776118517986,-0.1033508434097463,0.1033508434097463,0.631578947368421,87
knn_resid_radial_cov_cumulant,empirical_cumulant,19,1471,0.02731914090620552,-0.033528109561197006,0.06772303547310615,0.06772303547310615,0.5789473684210527,87
knn_resid_speed_cov_observed,observed_pair,19,1471,-0.04213450687619355,-0.009454193696920105,-0.05984309414270911,0.05984309414270911,0.5263157894736842,87
knn_resid_speed_cov_expected,one_fish_conditional_baseline,19,1471,0.06480227074802367,0.011184084129164218,0.04103111345384419,0.04103111345384419,0.5789473684210527,87
knn_resid_radial_cov_expected,one_fish_conditional_baseline,19,1471,0.06480227074802408,0.011184084129163996,0.04103111345384386,0.04103111345384386,0.5789473684210527,87
knn_resid_tangential_cov_expected,one_fish_conditional_baseline,19,1471,0.06480227074802425,0.011184084129163996,0.04103111345384358,0.04103111345384358,0.5789473684210527,87
knn_resid_radial_cov_observed,observed_pair,19,1471,0.03913194166091971,-0.0804317801366871,0.04016229933279475,0.04016229933279475,0.5789473684210527,87
knn_resid_alignment_expected,one_fish_conditional_baseline,19,1471,-0.08339150482899824,-0.0487011280380828,0.03577764817716221,0.03577764817716221,0.5263157894736842,87
knn_resid_speed_cov_cumulant,empirical_cumulant,19,1471,-0.04804310560597638,-0.016078108680714576,0.015689381527382,0.015689381527382,0.5263157894736842,87
knn_resid_tangential_cov_expected,one_fish_conditional_baseline,19,1471,0.10859360185469363,-0.08516972133150197,0.1503424773511213,0.1503424773511213,0.7894736842105263,88
knn_resid_speed_cov_expected,one_fish_conditional_baseline,19,1471,0.10859360185469222,-0.08516972133150122,0.1503424773511205,0.1503424773511205,0.7894736842105263,88
knn_resid_radial_cov_expected,one_fish_conditional_baseline,19,1471,0.10859360185469291,-0.08516972133150161,0.1503424773511203,0.1503424773511203,0.7894736842105263,88
knn_resid_alignment_expected,one_fish_conditional_baseline,19,1471,0.11665480340409466,-0.028865664235856847,0.09768545638774372,0.09768545638774372,0.6842105263157895,88
knn_resid_alignment_observed,observed_pair,19,1471,0.016192611829549508,-0.017996534961952228,-0.08170114003500312,0.08170114003500312,0.631578947368421,88
knn_resid_radial_cov_cumulant,empirical_cumulant,19,1471,0.058197699403704006,-0.04745501772688138,-0.06534618236887965,0.06534618236887965,0.631578947368421,88
knn_resid_radial_cov_observed,observed_pair,19,1471,0.07236108317137607,0.036274153846531335,-0.05855613144165925,0.05855613144165925,0.5789473684210527,88
knn_resid_tangential_cov_cumulant,empirical_cumulant,19,1471,0.014850241167219017,-0.038419274013749394,0.057628181118585795,0.057628181118585795,0.5789473684210527,88
knn_resid_speed_cov_cumulant,empirical_cumulant,19,1471,0.0491476223590291,-0.04022432382516955,0.044277520925852604,0.044277520925852604,0.5263157894736842,88
knn_resid_speed_cov_observed,observed_pair,19,1471,0.04295913665867271,-0.06557092253203908,0.04091345072866226,0.04091345072866226,0.5263157894736842,88
knn_resid_alignment_cumulant,empirical_cumulant,19,1471,-0.029982706197310312,-0.034834790862501186,-0.03405847702395853,0.03405847702395853,0.5263157894736842,88
knn_resid_tangential_cov_observed,observed_pair,19,1471,0.020361344959050676,-0.03336902405464548,0.03019661278061568,0.03019661278061568,0.5789473684210527,88
knn_resid_tangential_cov_cumulant,empirical_cumulant,19,1470,0.09965328725463851,0.017157887340687017,0.1453759490510911,0.1453759490510911,0.631578947368421,89
knn_resid_tangential_cov_observed,observed_pair,19,1470,0.12661642660002415,0.0012532784025282018,0.12663695957321117,0.12663695957321117,0.6842105263157895,89
knn_resid_radial_cov_cumulant,empirical_cumulant,19,1470,0.07305516162274067,0.025255845125622095,0.08647337411307932,0.08647337411307932,0.5789473684210527,89
knn_resid_alignment_observed,observed_pair,19,1470,-0.021825980601260193,0.06360187150022709,-0.07686451984264495,0.07686451984264495,0.5789473684210527,89
knn_resid_alignment_cumulant,empirical_cumulant,19,1470,-0.007175034538495155,0.025709746571484726,-0.06340512933804887,0.06340512933804887,0.5789473684210527,89
knn_resid_speed_cov_observed,observed_pair,19,1470,-0.034682834573255786,-0.022527372318460276,0.043239811729761296,0.043239811729761296,0.5263157894736842,89
knn_resid_alignment_expected,one_fish_conditional_baseline,19,1470,0.07554865107437014,0.024180048326231815,0.037479168395403994,0.037479168395403994,0.5789473684210527,89
knn_resid_tangential_cov_expected,one_fish_conditional_baseline,19,1470,0.07222767524185297,-0.0674684961226456,0.03132764371131863,0.03132764371131863,0.631578947368421,89
knn_resid_radial_cov_expected,one_fish_conditional_baseline,19,1470,0.07222767524185297,-0.06746849612264527,0.031327643711317577,0.031327643711317577,0.631578947368421,89
knn_resid_speed_cov_expected,one_fish_conditional_baseline,19,1470,0.07222767524185253,-0.06746849612264572,0.03132764371131638,0.03132764371131638,0.631578947368421,89
knn_resid_radial_cov_observed,observed_pair,19,1470,0.08802183597133925,-0.002614843722184901,0.026469289823491532,0.026469289823491532,0.5263157894736842,89
knn_resid_speed_cov_cumulant,empirical_cumulant,19,1470,-0.05434028309602568,-0.03719856897292462,-0.002292846294564721,0.002292846294564721,0.5263157894736842,89
knn_resid_alignment_expected,one_fish_conditional_baseline,19,1471,0.09868209637753418,0.18509565350550108,-0.14540227033540198,0.14540227033540198,0.7368421052631579,90
knn_resid_radial_cov_cumulant,empirical_cumulant,19,1471,-0.0006501314476258513,0.048332312091791785,-0.11334204014162971,0.11334204014162971,0.5789473684210527,90
knn_resid_speed_cov_observed,observed_pair,19,1471,0.0692176426286546,-0.04719412055442887,0.07407967183251685,0.07407967183251685,0.631578947368421,90
knn_resid_speed_cov_cumulant,empirical_cumulant,19,1471,0.060921364686744583,-0.005780586674075883,0.05248625696212955,0.05248625696212955,0.631578947368421,90
knn_resid_tangential_cov_expected,one_fish_conditional_baseline,19,1471,-0.05494919728895764,-0.03436305583899859,0.050981123935506495,0.050981123935506495,0.5789473684210527,90
knn_resid_speed_cov_expected,one_fish_conditional_baseline,19,1471,-0.05494919728895788,-0.03436305583899901,0.050981123935506356,0.050981123935506356,0.5789473684210527,90
knn_resid_radial_cov_expected,one_fish_conditional_baseline,19,1471,-0.054949197288957426,-0.0343630558389989,0.050981123935506245,0.050981123935506245,0.5789473684210527,90
knn_resid_radial_cov_observed,observed_pair,19,1471,0.019145571208323588,0.10615079418967649,-0.04798018891901179,0.04798018891901179,0.5789473684210527,90
knn_resid_tangential_cov_observed,observed_pair,19,1471,0.021193765911147633,0.01709049122538861,0.04095315183879375,0.04095315183879375,0.5263157894736842,90
knn_resid_alignment_cumulant,empirical_cumulant,19,1471,0.012640535648945517,-0.01874899261873423,0.03818829881320067,0.03818829881320067,0.5263157894736842,90
knn_resid_tangential_cov_cumulant,empirical_cumulant,19,1471,0.05780169710934145,0.048548152260888794,0.014531840360649598,0.014531840360649598,0.5263157894736842,90
knn_resid_alignment_observed,observed_pair,19,1471,0.015206984774947363,-0.0047957312441732625,-0.008975670711465725,0.008975670711465725,0.5263157894736842,90
knn_resid_speed_cov_cumulant,empirical_cumulant,19,1470,-0.03853086039414847,-0.008441726405178356,0.09247474589836824,0.09247474589836824,0.5263157894736842,91
knn_resid_speed_cov_observed,observed_pair,19,1470,-0.0509706951863792,-0.007593437968273331,0.07232962028766957,0.07232962028766957,0.5789473684210527,91
knn_resid_alignment_observed,observed_pair,19,1470,0.015656196194621358,0.0006067681945790548,0.04937691362742244,0.04937691362742244,0.5263157894736842,91
knn_resid_tangential_cov_cumulant,empirical_cumulant,19,1470,0.04265883331647061,-0.033603193814657595,0.04518884665321865,0.04518884665321865,0.5789473684210527,91
knn_resid_alignment_cumulant,empirical_cumulant,19,1470,0.060818463807374865,0.03800923840092224,0.03817293987049564,0.03817293987049564,0.5263157894736842,91
knn_resid_tangential_cov_observed,observed_pair,19,1470,0.02385636256010154,-0.031223394385245073,0.03551568318214224,0.03551568318214224,0.5263157894736842,91
knn_resid_radial_cov_observed,observed_pair,19,1470,-0.031833673208572555,-0.02799409129499586,0.018165538303868245,0.018165538303868245,0.5263157894736842,91
knn_resid_radial_cov_cumulant,empirical_cumulant,19,1470,-0.04864080669906057,0.011928819346519792,-0.015350951611928232,0.015350951611928232,0.5263157894736842,91
knn_resid_speed_cov_expected,one_fish_conditional_baseline,19,1470,-0.012593046723017809,-0.014630113985334342,0.004821074741542808,0.004821074741542808,0.5263157894736842,91
knn_resid_radial_cov_expected,one_fish_conditional_baseline,19,1470,-0.01259304672301731,-0.01463011398533548,0.004821074741542253,0.004821074741542253,0.5263157894736842,91
knn_resid_tangential_cov_expected,one_fish_conditional_baseline,19,1470,-0.012593046723017587,-0.01463011398533448,0.004821074741541698,0.004821074741541698,0.5263157894736842,91
knn_resid_alignment_expected,one_fish_conditional_baseline,19,1470,-0.021099893674715688,0.05541797132654541,0.0035167046468953522,0.0035167046468953522,0.5263157894736842,91
knn_resid_tangential_cov_cumulant,empirical_cumulant,19,1470,0.014413723199618145,-0.026875873678582414,0.11041694436345878,0.11041694436345878,0.5789473684210527,92
knn_resid_alignment_cumulant,empirical_cumulant,19,1470,-0.04557661882961961,0.04321871651945658,-0.092358342963889,0.092358342963889,0.6842105263157895,92
knn_resid_tangential_cov_observed,observed_pair,19,1470,-0.022067415601390528,-0.04517047173565403,0.08571915292664387,0.08571915292664387,0.5789473684210527,92
knn_resid_alignment_expected,one_fish_conditional_baseline,19,1470,-0.009538244537849627,0.02059517957943481,-0.07885447271298285,0.07885447271298285,0.5789473684210527,92
knn_resid_radial_cov_expected,one_fish_conditional_baseline,19,1470,0.007005433938180594,-0.007666158579013205,-0.07025490221073025,0.07025490221073025,0.5789473684210527,92
knn_resid_tangential_cov_expected,one_fish_conditional_baseline,19,1470,0.007005433938178929,-0.007666158579012872,-0.07025490221072972,0.07025490221072972,0.5789473684210527,92
knn_resid_speed_cov_expected,one_fish_conditional_baseline,19,1470,0.007005433938180761,-0.007666158579013205,-0.07025490221072847,0.07025490221072847,0.5789473684210527,92
knn_resid_alignment_observed,observed_pair,19,1470,-0.07205123166893834,-0.030816577052436706,-0.06927127744365014,0.06927127744365014,0.631578947368421,92
knn_resid_radial_cov_observed,observed_pair,19,1470,0.0169863659588273,-0.03633545693454862,0.040625956439470576,0.040625956439470576,0.5263157894736842,92
knn_resid_speed_cov_cumulant,empirical_cumulant,19,1470,0.0029145272859978505,0.03852643276688772,-0.01442322770953458,0.01442322770953458,0.5789473684210527,92
knn_resid_radial_cov_cumulant,empirical_cumulant,19,1470,0.020612608833889823,0.005259060883026412,0.013563827197343531,0.013563827197343531,0.5263157894736842,92
knn_resid_speed_cov_observed,observed_pair,19,1470,0.018663892838144625,0.010813050035170545,-0.011501421712962534,0.011501421712962534,0.5263157894736842,92
knn_resid_alignment_expected,one_fish_conditional_baseline,19,1470,0.12590911601638277,-0.0687523640765183,0.12893018024988728,0.12893018024988728,0.7894736842105263,93
knn_resid_alignment_cumulant,empirical_cumulant,19,1470,0.11094709101136252,0.007905975607097188,0.09775907230728229,0.09775907230728229,0.6842105263157895,93
knn_resid_speed_cov_observed,observed_pair,19,1470,-0.06593474069072966,0.0628586866666169,-0.09610977510569069,0.09610977510569069,0.631578947368421,93
knn_resid_tangential_cov_observed,observed_pair,19,1470,0.0403002585964236,0.05921003347616595,0.07445665247150475,0.07445665247150475,0.631578947368421,93
knn_resid_tangential_cov_cumulant,empirical_cumulant,19,1470,0.05866796052184492,0.053736884262551174,0.05987025078800125,0.05987025078800125,0.6842105263157895,93
knn_resid_alignment_observed,observed_pair,19,1470,0.09916880374058483,-0.01686334615048317,0.059606502831088086,0.059606502831088086,0.7368421052631579,93
knn_resid_speed_cov_cumulant,empirical_cumulant,19,1470,-0.07053815427365123,0.069594085833113,-0.05279275259867927,0.05279275259867927,0.631578947368421,93
knn_resid_radial_cov_cumulant,empirical_cumulant,19,1470,0.03350468107591653,0.0603118616025436,-0.031173392283234486,0.031173392283234486,0.5263157894736842,93
knn_resid_radial_cov_observed,observed_pair,19,1470,0.03732511929769061,0.05607922299765056,0.02265335219923348,0.02265335219923348,0.5263157894736842,93
knn_resid_speed_cov_expected,one_fish_conditional_baseline,19,1470,-0.051825124853355775,0.05928733214754395,-0.0015636158643209108,0.0015636158643209108,0.5263157894736842,93
knn_resid_radial_cov_expected,one_fish_conditional_baseline,19,1470,-0.05182512485335522,0.059287332147544114,-0.0015636158643207165,0.0015636158643207165,0.5263157894736842,93
knn_resid_tangential_cov_expected,one_fish_conditional_baseline,19,1470,-0.05182512485335611,0.0592873321475435,-0.001563615864320328,0.001563615864320328,0.5263157894736842,93
knn_resid_alignment_expected,one_fish_conditional_baseline,19,1471,0.06534637760566425,0.0022540305123410695,0.1438458182308257,0.1438458182308257,0.5789473684210527,94
knn_resid_radial_cov_observed,observed_pair,19,1471,0.08529365638602707,-0.09115918521364827,0.13289065960475732,0.13289065960475732,0.5789473684210527,94
knn_resid_tangential_cov_cumulant,empirical_cumulant,19,1471,0.0014224633095684114,0.08710234870457897,-0.12148928987116196,0.12148928987116196,0.631578947368421,94
knn_resid_radial_cov_cumulant,empirical_cumulant,19,1471,0.04138137985441555,-0.07142313862284425,0.10918575242587861,0.10918575242587861,0.5789473684210527,94
knn_resid_tangential_cov_observed,observed_pair,19,1471,-0.032837711036762945,0.11995426344748736,-0.07958686462299633,0.07958686462299633,0.6842105263157895,94
knn_resid_speed_cov_expected,one_fish_conditional_baseline,19,1471,-0.014515327579038374,-0.13475325954901998,0.05573424146663414,0.05573424146663414,0.5263157894736842,94
knn_resid_tangential_cov_expected,one_fish_conditional_baseline,19,1471,-0.014515327579038131,-0.1347532595490197,0.05573424146663358,0.05573424146663358,0.5263157894736842,94
knn_resid_radial_cov_expected,one_fish_conditional_baseline,19,1471,-0.014515327579038187,-0.13475325954901948,0.05573424146663272,0.05573424146663272,0.5263157894736842,94
knn_resid_alignment_observed,observed_pair,19,1471,-0.03451148251018585,-0.010458269144831167,-0.036570806353004914,0.036570806353004914,0.5789473684210527,94
knn_resid_speed_cov_observed,observed_pair,19,1471,0.06905088080404498,0.006404120399663217,0.03470304705868357,0.03470304705868357,0.5789473684210527,94
knn_resid_speed_cov_cumulant,empirical_cumulant,19,1471,0.05998717908175653,0.009649147850821084,0.03165831910753947,0.03165831910753947,0.5789473684210527,94
knn_resid_alignment_cumulant,empirical_cumulant,19,1471,0.02857273557947046,0.006718108278806534,0.024358938042351508,0.024358938042351508,0.5263157894736842,94
knn_resid_alignment_observed,observed_pair,19,1471,0.020605191152061386,-0.02642871410128761,0.1104938649017917,0.1104938649017917,0.631578947368421,95
knn_resid_tangential_cov_observed,observed_pair,19,1471,0.006872244087233248,-0.062406178952979466,0.07267294674205607,0.07267294674205607,0.5789473684210527,95
knn_resid_alignment_expected,one_fish_conditional_baseline,19,1471,-0.13392347120784864,0.013510951823065595,-0.07166578200837975,0.07166578200837975,0.5789473684210527,95
knn_resid_tangential_cov_cumulant,empirical_cumulant,19,1471,0.028972343235941833,-0.05280831326892316,0.06315848370811473,0.06315848370811473,0.6842105263157895,95
knn_resid_radial_cov_observed,observed_pair,19,1471,-0.0054061425062667265,0.02035191613974774,-0.04895319142689172,0.04895319142689172,0.631578947368421,95
knn_resid_alignment_cumulant,empirical_cumulant,19,1471,0.001555627544876259,-0.06402437895335528,0.04469496229744613,0.04469496229744613,0.6842105263157895,95
knn_resid_speed_cov_expected,one_fish_conditional_baseline,19,1471,-0.08553134522119388,-0.036020802650537656,-0.04430081312043249,0.04430081312043249,0.5263157894736842,95
knn_resid_radial_cov_expected,one_fish_conditional_baseline,19,1471,-0.08553134522119404,-0.036020802650537684,-0.04430081312043044,0.04430081312043044,0.5263157894736842,95
knn_resid_tangential_cov_expected,one_fish_conditional_baseline,19,1471,-0.08553134522119343,-0.03602080265053621,-0.04430081312042988,0.04430081312042988,0.5263157894736842,95
knn_resid_radial_cov_cumulant,empirical_cumulant,19,1471,-0.017491260085305948,-0.009877935006168126,-0.038291545474282956,0.038291545474282956,0.631578947368421,95
knn_resid_speed_cov_cumulant,empirical_cumulant,19,1471,-0.06082770905075564,-0.05566662260587079,-0.01864018673386736,0.01864018673386736,0.5789473684210527,95
knn_resid_speed_cov_observed,observed_pair,19,1471,-0.035671182912029864,-0.05094417886349384,-0.00627872739658783,0.00627872739658783,0.5263157894736842,95
knn_resid_speed_cov_cumulant,empirical_cumulant,19,1471,-0.029508123602722813,0.016525950192106786,-0.14270004532563085,0.14270004532563085,0.5789473684210527,96
knn_resid_speed_cov_observed,observed_pair,19,1471,0.001481411420310108,0.021123969429321973,-0.09382641889707555,0.09382641889707555,0.631578947368421,96
knn_resid_alignment_observed,observed_pair,19,1471,-0.01806199567626164,-0.1265324913946795,0.08635378540549443,0.08635378540549443,0.631578947368421,96
knn_resid_tangential_cov_cumulant,empirical_cumulant,19,1471,0.010731475530143919,0.02701644602013803,0.06317507571767572,0.06317507571767572,0.631578947368421,96
knn_resid_tangential_cov_observed,observed_pair,19,1471,-0.009778372573487834,0.005158835077473833,0.054769421270937535,0.054769421270937535,0.5789473684210527,96
knn_resid_radial_cov_observed,observed_pair,19,1471,0.028808018916979733,-0.0007127322437676664,0.04385711662040917,0.04385711662040917,0.5263157894736842,96
knn_resid_alignment_cumulant,empirical_cumulant,19,1471,0.03722463107517513,-0.08519155815552251,0.041427539181860845,0.041427539181860845,0.5789473684210527,96
knn_resid_alignment_expected,one_fish_conditional_baseline,19,1471,-0.06581832333334138,-0.064530910166299,0.03479413557965899,0.03479413557965899,0.5789473684210527,96
knn_resid_speed_cov_expected,one_fish_conditional_baseline,19,1471,-0.012904418546381469,0.009568820794284782,0.026611830288751304,0.026611830288751304,0.5789473684210527,96
knn_resid_tangential_cov_expected,one_fish_conditional_baseline,19,1471,-0.012904418546382246,0.009568820794284782,0.026611830288750027,0.026611830288750027,0.5789473684210527,96
knn_resid_radial_cov_expected,one_fish_conditional_baseline,19,1471,-0.01290441854638158,0.009568820794284782,0.026611830288749583,0.026611830288749583,0.5789473684210527,96
knn_resid_radial_cov_cumulant,empirical_cumulant,19,1471,0.0018346068262617976,-0.0338732645834821,0.026109739114691527,0.026109739114691527,0.5789473684210527,96
knn_resid_speed_cov_expected,one_fish_conditional_baseline,19,1471,-0.08046598910643987,0.04223698685017199,-0.11053441735389449,0.11053441735389449,0.7368421052631579,97
knn_resid_radial_cov_expected,one_fish_conditional_baseline,19,1471,-0.08046598910644054,0.042236986850171354,-0.110534417353894,0.110534417353894,0.7368421052631579,97
knn_resid_tangential_cov_expected,one_fish_conditional_baseline,19,1471,-0.08046598910643987,0.04223698685017196,-0.11053441735389208,0.11053441735389208,0.7368421052631579,97
knn_resid_alignment_observed,observed_pair,19,1471,-0.011971015986438113,0.06415572398478005,-0.09192893068997424,0.09192893068997424,0.631578947368421,97
knn_resid_alignment_cumulant,empirical_cumulant,19,1471,0.007085248810033917,0.023786578245245077,-0.08834221658781694,0.08834221658781694,0.7368421052631579,97
knn_resid_alignment_expected,one_fish_conditional_baseline,19,1471,-0.056898748267211655,0.057495420457737256,-0.0690454588516453,0.0690454588516453,0.6842105263157895,97
knn_resid_tangential_cov_cumulant,empirical_cumulant,19,1471,0.044050899666610466,-0.11664614722431105,0.06351124042170908,0.06351124042170908,0.7894736842105263,97
knn_resid_tangential_cov_observed,observed_pair,19,1471,0.03446309675134773,-0.09223738559241554,0.05861062833688194,0.05861062833688194,0.7894736842105263,97
knn_resid_radial_cov_cumulant,empirical_cumulant,19,1471,-0.06777185361106913,-0.016008539536485206,0.04848490392955207,0.04848490392955207,0.631578947368421,97
knn_resid_speed_cov_observed,observed_pair,19,1471,0.0049342647353137065,0.04953116069935133,-0.044596895964037625,0.044596895964037625,0.5263157894736842,97
knn_resid_radial_cov_observed,observed_pair,19,1471,-0.07644453146659025,-0.007644650368529682,0.04275726011008674,0.04275726011008674,0.5789473684210527,97
knn_resid_speed_cov_cumulant,empirical_cumulant,19,1471,-0.04282248278354173,0.01036164280478763,0.002590749041833623,0.002590749041833623,0.5263157894736842,97
knn_resid_radial_cov_observed,observed_pair,19,1471,0.1640493816411562,-0.05443316122695453,0.1706597346172183,0.1706597346172183,0.7894736842105263,98
knn_resid_radial_cov_cumulant,empirical_cumulant,19,1471,0.15953632150629266,-0.04907608171677283,0.1287357771501857,0.1287357771501857,0.7894736842105263,98
knn_resid_alignment_observed,observed_pair,19,1471,-0.0515708227615026,0.004107845202633409,-0.09802675379402065,0.09802675379402065,0.5263157894736842,98
knn_resid_tangential_cov_cumulant,empirical_cumulant,19,1471,-0.00013160836258802044,0.08710782837185894,-0.0908685806645933,0.0908685806645933,0.5789473684210527,98
knn_resid_alignment_cumulant,empirical_cumulant,19,1471,0.031638343878852254,0.12288870157156266,-0.0868505791885199,0.0868505791885199,0.6842105263157895,98
knn_resid_tangential_cov_observed,observed_pair,19,1471,0.00821906817416157,0.07093125218739638,-0.03805626255855693,0.03805626255855693,0.5789473684210527,98
knn_resid_speed_cov_cumulant,empirical_cumulant,19,1471,0.11403743191269386,0.04049523137148181,0.0364466650815653,0.0364466650815653,0.631578947368421,98
knn_resid_radial_cov_expected,one_fish_conditional_baseline,19,1471,-0.0927651076711877,-0.05795786811332149,-0.023144213542877073,0.023144213542877073,0.5263157894736842,98
knn_resid_speed_cov_expected,one_fish_conditional_baseline,19,1471,-0.09276510767118706,-0.05795786811332215,-0.02314421354287588,0.02314421354287588,0.5263157894736842,98
knn_resid_tangential_cov_expected,one_fish_conditional_baseline,19,1471,-0.09276510767118612,-0.05795786811332182,-0.023144213542875047,0.023144213542875047,0.5263157894736842,98
knn_resid_alignment_expected,one_fish_conditional_baseline,19,1471,0.00011555723977334578,-0.03986787907088629,0.021070071882903024,0.021070071882903024,0.631578947368421,98
knn_resid_speed_cov_observed,observed_pair,19,1471,0.09236445030731635,0.03281760650131682,0.0007272252782786343,0.0007272252782786343,0.5263157894736842,98
knn_resid_tangential_cov_expected,one_fish_conditional_baseline,19,1471,0.13522482424817908,-0.06690482652444507,0.1978597479030283,0.1978597479030283,0.7368421052631579,99
knn_resid_speed_cov_expected,one_fish_conditional_baseline,19,1471,0.13522482424817864,-0.06690482652444456,0.19785974790302802,0.19785974790302802,0.7368421052631579,99
knn_resid_radial_cov_expected,one_fish_conditional_baseline,19,1471,0.1352248242481794,-0.06690482652444502,0.19785974790302707,0.19785974790302707,0.7368421052631579,99
knn_resid_alignment_expected,one_fish_conditional_baseline,19,1471,0.05834057353517769,-0.12396530501104702,0.1813204920648956,0.1813204920648956,0.631578947368421,99
knn_resid_tangential_cov_observed,observed_pair,19,1471,-0.03513049621221592,-0.09875267682834798,0.17144632311375024,0.17144632311375024,0.6842105263157895,99
knn_resid_tangential_cov_cumulant,empirical_cumulant,19,1471,-0.007615473007530449,-0.09888285321477858,0.1141170689448785,0.1141170689448785,0.6842105263157895,99
knn_resid_speed_cov_observed,observed_pair,19,1471,0.02292876967883431,-0.08562781707908099,0.08927530133816572,0.08927530133816572,0.5789473684210527,99
knn_resid_speed_cov_cumulant,empirical_cumulant,19,1471,0.0686186268654701,-0.07183252660714895,0.08203818126594058,0.08203818126594058,0.6842105263157895,99
knn_resid_alignment_observed,observed_pair,19,1471,0.011713095062862333,-0.09973488066933948,0.03537394744642672,0.03537394744642672,0.5263157894736842,99
knn_resid_alignment_cumulant,empirical_cumulant,19,1471,0.0444594247339406,-0.035634831764414635,0.032412481838583945,0.032412481838583945,0.631578947368421,99
knn_resid_radial_cov_cumulant,empirical_cumulant,19,1471,-0.009616495589119044,0.00699712329721891,-0.027883792554144082,0.027883792554144082,0.5263157894736842,99
knn_resid_radial_cov_observed,observed_pair,19,1471,-0.03498935909828059,-0.010912328640007535,-0.025376874936319238,0.025376874936319238,0.5789473684210527,99
knn_resid_alignment_expected,one_fish_conditional_baseline,19,1471,0.020594903956066474,-0.00892290006619012,0.12195997917733206,0.12195997917733206,0.5789473684210527,100
knn_resid_tangential_cov_expected,one_fish_conditional_baseline,19,1471,-0.019053714782384407,0.05556294298712827,-0.11628359144694494,0.11628359144694494,0.6842105263157895,100
knn_resid_speed_cov_expected,one_fish_conditional_baseline,19,1471,-0.019053714782383713,0.055562942987126496,-0.11628359144694486,0.11628359144694486,0.6842105263157895,100
knn_resid_radial_cov_expected,one_fish_conditional_baseline,19,1471,-0.01905371478238424,0.05556294298712838,-0.1162835914469443,0.1162835914469443,0.6842105263157895,100
knn_resid_tangential_cov_cumulant,empirical_cumulant,19,1471,0.12298397181856272,0.06036862329005993,0.10373176841292088,0.10373176841292088,0.5789473684210527,100
knn_resid_speed_cov_observed,observed_pair,19,1471,0.036472735948558765,0.05978283329263569,-0.09831073482482067,0.09831073482482067,0.5263157894736842,100
knn_resid_tangential_cov_observed,observed_pair,19,1471,0.11389352509345993,0.03632545399515158,0.060370722965619274,0.060370722965619274,0.631578947368421,100
knn_resid_radial_cov_observed,observed_pair,19,1471,0.03836271049831684,-0.05843066004252798,0.031111714702457327,0.031111714702457327,0.5789473684210527,100
knn_resid_speed_cov_cumulant,empirical_cumulant,19,1471,0.010570014889972557,0.03691665212802597,-0.021988513031819937,0.021988513031819937,0.5263157894736842,100
knn_resid_radial_cov_cumulant,empirical_cumulant,19,1471,0.033611250848484486,0.02277364458358866,0.01626217547830322,0.01626217547830322,0.5789473684210527,100
knn_resid_alignment_cumulant,empirical_cumulant,19,1471,0.04425453705672969,-0.04547301182478035,-0.0011854973448490458,0.0011854973448490458,0.5263157894736842,100
knn_resid_alignment_observed,observed_pair,19,1471,0.03775319089705839,0.10412838577751657,-0.00027322197774808793,0.00027322197774808793,0.5263157894736842,100
knn_resid_alignment_expected,one_fish_conditional_baseline,19,1469,-0.04437069978222519,0.09186647821046179,-0.18157858646621367,0.18157858646621367,0.7368421052631579,101
knn_resid_speed_cov_observed,observed_pair,19,1469,0.06851373312272666,-0.11074966170163303,0.14972921949377815,0.14972921949377815,0.5789473684210527,101
knn_resid_tangential_cov_expected,one_fish_conditional_baseline,19,1469,-0.014231274720113735,0.08074910164338975,-0.09498037636350348,0.09498037636350348,0.631578947368421,101
knn_resid_radial_cov_expected,one_fish_conditional_baseline,19,1469,-0.014231274720113138,0.08074910164338903,-0.09498037636350216,0.09498037636350216,0.631578947368421,101
knn_resid_speed_cov_expected,one_fish_conditional_baseline,19,1469,-0.014231274720113277,0.08074910164338887,-0.09498037636350215,0.09498037636350215,0.631578947368421,101
knn_resid_radial_cov_cumulant,empirical_cumulant,19,1469,-0.05749524641587543,-0.010084413199205278,-0.08335102882427449,0.08335102882427449,0.5789473684210527,101
knn_resid_radial_cov_observed,observed_pair,19,1469,-0.020366096470670975,-0.023395005405453723,-0.07555653046350091,0.07555653046350091,0.5789473684210527,101
knn_resid_alignment_observed,observed_pair,19,1469,-0.061172161691236654,0.07716545130421845,-0.07459775858229442,0.07459775858229442,0.5789473684210527,101
knn_resid_tangential_cov_observed,observed_pair,19,1469,-0.03826908027530715,-0.040869222694567345,-0.06280262185351745,0.06280262185351745,0.5789473684210527,101
knn_resid_speed_cov_cumulant,empirical_cumulant,19,1469,0.019762141122781823,-0.09562764690340314,0.060962618296335036,0.060962618296335036,0.631578947368421,101
knn_resid_alignment_cumulant,empirical_cumulant,19,1469,-0.047194119554183844,0.05510150087571748,-0.043745675038211695,0.043745675038211695,0.5263157894736842,101
knn_resid_tangential_cov_cumulant,empirical_cumulant,19,1469,-0.00970609309536491,-0.035296046346576126,-0.040459788650903314,0.040459788650903314,0.5789473684210527,101
knn_resid_alignment_cumulant,empirical_cumulant,19,1471,-0.06270718985296447,-0.015114884369549905,-0.14266646109910652,0.14266646109910652,0.631578947368421,102
knn_resid_alignment_observed,observed_pair,19,1471,-0.04511312435513959,-0.03518916418100476,-0.11006383302319472,0.11006383302319472,0.5263157894736842,102
knn_resid_radial_cov_cumulant,empirical_cumulant,19,1471,0.03762435348959434,-0.04248197640942106,0.10866429019556514,0.10866429019556514,0.7368421052631579,102
knn_resid_radial_cov_observed,observed_pair,19,1471,-0.004038721778140408,-0.0542102672984779,0.09958409192006107,0.09958409192006107,0.7368421052631579,102
knn_resid_speed_cov_expected,one_fish_conditional_baseline,19,1471,-0.02669215759019982,-0.09643937304426559,0.08408967688156993,0.08408967688156993,0.631578947368421,102
knn_resid_tangential_cov_expected,one_fish_conditional_baseline,19,1471,-0.02669215759020018,-0.09643937304426489,0.08408967688156979,0.08408967688156979,0.631578947368421,102
knn_resid_radial_cov_expected,one_fish_conditional_baseline,19,1471,-0.026692157590200296,-0.096439373044265,0.08408967688156976,0.08408967688156976,0.631578947368421,102
knn_resid_tangential_cov_cumulant,empirical_cumulant,19,1471,-0.07622325140659367,0.05815166260543558,-0.07472521286812878,0.07472521286812878,0.6842105263157895,102
knn_resid_speed_cov_cumulant,empirical_cumulant,19,1471,-0.021513362415468494,-0.005151721915744445,-0.05142232267140986,0.05142232267140986,0.631578947368421,102
knn_resid_tangential_cov_observed,observed_pair,19,1471,-0.04060412420616963,-0.008812049689110285,-0.03977053826450476,0.03977053826450476,0.631578947368421,102
knn_resid_speed_cov_observed,observed_pair,19,1471,0.004299643634837216,-0.017024245280150507,-0.02352307185425989,0.02352307185425989,0.5263157894736842,102
knn_resid_alignment_expected,one_fish_conditional_baseline,19,1471,0.03666584779370986,-0.006859450355181235,-0.018343130417993125,0.018343130417993125,0.5789473684210527,102
knn_resid_radial_cov_expected,one_fish_conditional_baseline,19,1471,-0.1829678334391444,-0.09121512793189884,-0.13460540307259555,0.13460540307259555,0.5789473684210527,103
knn_resid_speed_cov_expected,one_fish_conditional_baseline,19,1471,-0.1829678334391451,-0.09121512793189951,-0.13460540307259417,0.13460540307259417,0.5789473684210527,103
knn_resid_tangential_cov_expected,one_fish_conditional_baseline,19,1471,-0.18296783343914394,-0.09121512793189807,-0.13460540307259394,0.13460540307259394,0.5789473684210527,103
knn_resid_speed_cov_observed,observed_pair,19,1471,-0.02565368831420689,-0.05821359873189442,0.09438993859509504,0.09438993859509504,0.631578947368421,103
knn_resid_alignment_cumulant,empirical_cumulant,19,1471,-0.017821250912489983,-0.05130262707097,0.09057931013739345,0.09057931013739345,0.5789473684210527,103
knn_resid_speed_cov_cumulant,empirical_cumulant,19,1471,-0.010181503693033847,-0.10454141958734295,0.07395524227258177,0.07395524227258177,0.5789473684210527,103
knn_resid_radial_cov_cumulant,empirical_cumulant,19,1471,0.01926002937364106,-0.007083909817780953,0.06686319010520989,0.06686319010520989,0.5789473684210527,103
knn_resid_alignment_expected,one_fish_conditional_baseline,19,1471,-0.062231246238274696,-0.03633480723597726,-0.061875368508148204,0.061875368508148204,0.631578947368421,103
knn_resid_radial_cov_observed,observed_pair,19,1471,-0.005269155519923338,-0.041714048237566526,0.03365970620372241,0.03365970620372241,0.5263157894736842,103
knn_resid_alignment_observed,observed_pair,19,1471,-0.053178219046301656,-0.030266342391679357,-0.023382522207423553,0.023382522207423553,0.5263157894736842,103
knn_resid_tangential_cov_cumulant,empirical_cumulant,19,1471,-0.0024625480772947073,-0.0419519577190818,-0.02113323267697459,0.02113323267697459,0.5263157894736842,103
knn_resid_tangential_cov_observed,observed_pair,19,1471,0.00312127804862794,-0.04518817019592626,-0.007305254924058334,0.007305254924058334,0.5263157894736842,103
knn_resid_radial_cov_cumulant,empirical_cumulant,19,1471,0.07494616097054912,-0.09073829877807427,0.1512188225287244,0.1512188225287244,0.631578947368421,104
knn_resid_radial_cov_observed,observed_pair,19,1471,0.06108765507090397,-0.02914457763878403,0.15030373819861326,0.15030373819861326,0.5789473684210527,104
knn_resid_alignment_observed,observed_pair,19,1471,0.10135183760460933,-0.02846581584170904,0.12817059144059834,0.12817059144059834,0.7368421052631579,104
knn_resid_alignment_cumulant,empirical_cumulant,19,1471,0.09278104969984838,-0.09693729457598582,0.08859756547744424,0.08859756547744424,0.7368421052631579,104
knn_resid_speed_cov_cumulant,empirical_cumulant,19,1471,0.03400147114083191,0.017055938434858878,0.06608823974040186,0.06608823974040186,0.5263157894736842,104
knn_resid_speed_cov_expected,one_fish_conditional_baseline,19,1471,-0.08296552515577497,0.1033244148211972,-0.06220823283332155,0.06220823283332155,0.5789473684210527,104
knn_resid_tangential_cov_expected,one_fish_conditional_baseline,19,1471,-0.08296552515577475,0.1033244148211971,-0.062208232833321,0.062208232833321,0.5789473684210527,104
knn_resid_radial_cov_expected,one_fish_conditional_baseline,19,1471,-0.08296552515577506,0.10332441482119661,-0.062208232833319554,0.062208232833319554,0.5789473684210527,104
knn_resid_tangential_cov_cumulant,empirical_cumulant,19,1471,-0.035618762031746354,0.029332423405258157,0.019675805833983567,0.019675805833983567,0.5263157894736842,104
knn_resid_speed_cov_observed,observed_pair,19,1471,0.019982364618025494,-0.015979414473798526,0.015182779620068032,0.015182779620068032,0.5789473684210527,104
knn_resid_alignment_expected,one_fish_conditional_baseline,19,1471,0.016058180642715227,-0.04495369087158145,-0.009030587442812071,0.009030587442812071,0.5263157894736842,104
knn_resid_tangential_cov_observed,observed_pair,19,1471,0.02093760422025409,0.025304959107275996,-0.0026671491882389597,0.0026671491882389597,0.5263157894736842,104
knn_resid_alignment_expected,one_fish_conditional_baseline,19,1471,0.1012398215753207,0.047323511299479704,0.08466897399809992,0.08466897399809992,0.5263157894736842,105
knn_resid_speed_cov_observed,observed_pair,19,1471,-0.005590739069972317,0.050097856665882685,0.0739674115730578,0.0739674115730578,0.6842105263157895,105
knn_resid_alignment_observed,observed_pair,19,1471,0.11156212012483373,0.02574429085637847,0.051180692752444024,0.051180692752444024,0.5789473684210527,105
knn_resid_radial_cov_cumulant,empirical_cumulant,19,1471,-0.06511523294921359,0.02934837631748763,0.04691106523972022,0.04691106523972022,0.5263157894736842,105
knn_resid_speed_cov_cumulant,empirical_cumulant,19,1471,-0.028378758920510783,0.0017928645394969175,0.028131212296356373,0.028131212296356373,0.5263157894736842,105
knn_resid_radial_cov_expected,one_fish_conditional_baseline,19,1471,0.05287078140666776,0.06618547860282281,0.022226579615765338,0.022226579615765338,0.5789473684210527,105
knn_resid_speed_cov_expected,one_fish_conditional_baseline,19,1471,0.05287078140666718,0.0661854786028229,0.022226579615765282,0.022226579615765282,0.5789473684210527,105
knn_resid_tangential_cov_expected,one_fish_conditional_baseline,19,1471,0.052870781406667317,0.06618547860282345,0.022226579615764866,0.022226579615764866,0.5789473684210527,105
knn_resid_alignment_cumulant,empirical_cumulant,19,1471,0.023690185027855026,0.05855967680257176,-0.014707607857583738,0.014707607857583738,0.5263157894736842,105
knn_resid_tangential_cov_cumulant,empirical_cumulant,19,1471,0.0523664824056289,0.07440538339881142,0.008554795910470037,0.008554795910470037,0.5263157894736842,105
knn_resid_tangential_cov_observed,observed_pair,19,1471,0.055599515501379884,0.02073626200396865,0.00643264101732996,0.00643264101732996,0.5263157894736842,105
knn_resid_radial_cov_observed,observed_pair,19,1471,-0.028829401039726324,0.016869741516889053,-0.002683211514435846,0.002683211514435846,0.5263157894736842,105
knn_resid_speed_cov_observed,observed_pair,19,1471,-0.1707091686818828,0.046344451733673325,-0.20223081778498186,0.20223081778498186,0.8421052631578947,106
knn_resid_speed_cov_cumulant,empirical_cumulant,19,1471,-0.1781333691268458,0.04652062044769478,-0.1553749315835128,0.1553749315835128,0.8421052631578947,106
knn_resid_tangential_cov_observed,observed_pair,19,1471,-0.13128030526824397,0.09316918615690784,-0.11687917218667632,0.11687917218667632,0.6842105263157895,106
knn_resid_tangential_cov_cumulant,empirical_cumulant,19,1471,-0.11046643229000211,0.09744010886422971,-0.11489536308002071,0.11489536308002071,0.6842105263157895,106
knn_resid_radial_cov_observed,observed_pair,19,1471,0.021700120202520073,-0.10229380767425289,0.05839784944262212,0.05839784944262212,0.5263157894736842,106
knn_resid_alignment_expected,one_fish_conditional_baseline,19,1471,0.0032343909063304865,0.06663077006997659,-0.019786712436567377,0.019786712436567377,0.5263157894736842,106
knn_resid_radial_cov_cumulant,empirical_cumulant,19,1471,0.01326991849777262,-0.0733275999312337,0.018498024586686646,0.018498024586686646,0.5263157894736842,106
knn_resid_alignment_observed,observed_pair,19,1471,-0.14285774608222362,-0.03551265158421854,-0.010989199860092003,0.010989199860092003,0.5263157894736842,106
knn_resid_speed_cov_expected,one_fish_conditional_baseline,19,1471,0.10638749450094132,0.0742250382227754,-0.0046174413444654006,0.0046174413444654006,0.5263157894736842,106
knn_resid_tangential_cov_expected,one_fish_conditional_baseline,19,1471,0.10638749450094132,0.07422503822277504,-0.004617441344464873,0.004617441344464873,0.5263157894736842,106
knn_resid_radial_cov_expected,one_fish_conditional_baseline,19,1471,0.1063874945009392,0.07422503822277467,-0.0046174413444641516,0.0046174413444641516,0.5263157894736842,106
knn_resid_alignment_cumulant,empirical_cumulant,19,1471,-0.05609710595480577,-0.05673926736733088,0.0001628874781572781,0.0001628874781572781,0.5263157894736842,106
knn_resid_tangential_cov_cumulant,empirical_cumulant,19,1471,-0.05227929580797053,0.06447328043600967,-0.15063325212954318,0.15063325212954318,0.6842105263157895,107
knn_resid_tangential_cov_observed,observed_pair,19,1471,-0.0505692168125782,0.052007924151214274,-0.14558363161136076,0.14558363161136076,0.7368421052631579,107
knn_resid_radial_cov_cumulant,empirical_cumulant,19,1471,0.04430515602837137,0.014716670020601313,0.07773592910969354,0.07773592910969354,0.5789473684210527,107
knn_resid_speed_cov_cumulant,empirical_cumulant,19,1471,-0.08158973336744049,0.014360071833741578,-0.07566008056728588,0.07566008056728588,0.631578947368421,107
knn_resid_radial_cov_observed,observed_pair,19,1471,0.043103526556211746,0.03679556541070875,0.0610627672893027,0.0610627672893027,0.5789473684210527,107
knn_resid_alignment_observed,observed_pair,19,1471,0.03341115503338503,0.035873825385698006,0.03496776914607547,0.03496776914607547,0.5263157894736842,107
knn_resid_tangential_cov_expected,one_fish_conditional_baseline,19,1471,0.10029313417701857,0.09844059298976697,-0.030320775550751508,0.030320775550751508,0.5263157894736842,107
knn_resid_speed_cov_expected,one_fish_conditional_baseline,19,1471,0.10029313417701909,0.09844059298976701,-0.03032077555075116,0.03032077555075116,0.5263157894736842,107
knn_resid_radial_cov_expected,one_fish_conditional_baseline,19,1471,0.10029313417701967,0.09844059298976615,-0.030320775550750523,0.030320775550750523,0.5263157894736842,107
knn_resid_alignment_cumulant,empirical_cumulant,19,1471,0.016133638223002737,-0.0035529751769029505,-0.02436683811010895,0.02436683811010895,0.5789473684210527,107
knn_resid_alignment_expected,one_fish_conditional_baseline,19,1471,0.011566542508704439,-0.004467555893065939,-0.016768964739960916,0.016768964739960916,0.5263157894736842,107
knn_resid_speed_cov_observed,observed_pair,19,1471,-0.08800651238071383,-0.01593693425744836,-0.006158647178259757,0.006158647178259757,0.5789473684210527,107
knn_resid_speed_cov_observed,observed_pair,19,1471,-0.10066835821008926,-0.07836991255354264,-0.15043003405872654,0.15043003405872654,0.5263157894736842,108
knn_resid_tangential_cov_observed,observed_pair,19,1471,-0.061027722948148067,-0.005468044823090712,-0.13487038899682302,0.13487038899682302,0.5789473684210527,108
knn_resid_tangential_cov_cumulant,empirical_cumulant,19,1471,-0.0718749965955307,-0.03389927467143683,-0.11115317933468663,0.11115317933468663,0.5789473684210527,108
knn_resid_radial_cov_cumulant,empirical_cumulant,19,1471,-0.048496383268875745,0.023830068958142967,-0.11085395851150626,0.11085395851150626,0.631578947368421,108
knn_resid_speed_cov_cumulant,empirical_cumulant,19,1471,-0.09632333760292187,-0.049155109074546614,-0.1073939453072663,0.1073939453072663,0.5789473684210527,108
knn_resid_alignment_cumulant,empirical_cumulant,19,1471,0.0655469171684342,-0.01963732658505446,0.09057931013739345,0.09057931013739345,0.6842105263157895,108
knn_resid_radial_cov_observed,observed_pair,19,1471,-0.043962079220152335,-0.019797888063842875,-0.0437055386859658,0.0437055386859658,0.5789473684210527,108
knn_resid_alignment_observed,observed_pair,19,1471,0.0424214760122235,-0.02704971967671391,0.04085028597393954,0.04085028597393954,0.631578947368421,108
knn_resid_speed_cov_expected,one_fish_conditional_baseline,19,1471,-0.017288589486381012,0.07399577905181337,0.03475365780416137,0.03475365780416137,0.5263157894736842,108
knn_resid_tangential_cov_expected,one_fish_conditional_baseline,19,1471,-0.017288589486382067,0.0739957790518131,0.0347536578041609,0.0347536578041609,0.5263157894736842,108
knn_resid_radial_cov_expected,one_fish_conditional_baseline,19,1471,-0.017288589486381845,0.07399577905181326,0.034753657804160065,0.034753657804160065,0.5263157894736842,108
knn_resid_alignment_expected,one_fish_conditional_baseline,19,1471,0.029062801393001117,0.005867029149223185,0.012633191425669918,0.012633191425669918,0.5263157894736842,108
knn_resid_alignment_cumulant,empirical_cumulant,19,1471,0.06206112724009098,0.04431230119393979,0.09071883569723987,0.09071883569723987,0.7368421052631579,109
knn_resid_tangential_cov_observed,observed_pair,19,1471,0.025273241383526934,0.05381990649164689,0.09013344417815686,0.09013344417815686,0.631578947368421,109
knn_resid_alignment_observed,observed_pair,19,1471,0.05913191141887464,-0.010416670006374272,0.07248821479972581,0.07248821479972581,0.6842105263157895,109
knn_resid_radial_cov_observed,observed_pair,19,1471,-0.01917267221583019,-0.04214493965587705,0.06791874116080054,0.06791874116080054,0.631578947368421,109
knn_resid_speed_cov_observed,observed_pair,19,1471,-0.019523768054822387,0.038780660107095466,-0.05937144823932606,0.05937144823932606,0.5789473684210527,109
knn_resid_tangential_cov_cumulant,empirical_cumulant,19,1471,0.07196074555559251,0.06800585128668662,0.057498717272646396,0.057498717272646396,0.5789473684210527,109
knn_resid_alignment_expected,one_fish_conditional_baseline,19,1471,-0.030087521108570645,-0.0164106640923688,-0.01048622864875337,0.01048622864875337,0.5789473684210527,109
knn_resid_tangential_cov_expected,one_fish_conditional_baseline,19,1471,0.039924379837551496,0.032345446535800404,0.007578933301751092,0.007578933301751092,0.5263157894736842,109
knn_resid_speed_cov_expected,one_fish_conditional_baseline,19,1471,0.03992437983755133,0.03234544653580093,0.0075789333017503985,0.0075789333017503985,0.5263157894736842,109
knn_resid_radial_cov_expected,one_fish_conditional_baseline,19,1471,0.039924379837550455,0.03234544653580171,0.007578933301748747,0.007578933301748747,0.5263157894736842,109
knn_resid_radial_cov_cumulant,empirical_cumulant,19,1471,-0.05693463425852715,-0.02138520925894917,-0.005508332659862891,0.005508332659862891,0.5263157894736842,109
knn_resid_speed_cov_cumulant,empirical_cumulant,19,1471,-0.004687909528080597,-0.026085105569781053,-0.0021476533109902607,0.0021476533109902607,0.5789473684210527,109
knn_resid_tangential_cov_observed,observed_pair,19,1470,-0.0007057346142539944,-0.05225406931009402,0.27604056191535115,0.27604056191535115,0.5263157894736842,110
knn_resid_tangential_cov_cumulant,empirical_cumulant,19,1470,0.011762125663088242,-0.10202865140058104,0.2314541956186419,0.2314541956186419,0.5789473684210527,110
knn_resid_speed_cov_observed,observed_pair,19,1470,0.03947532603854462,0.004373739528117197,0.09326164273917238,0.09326164273917238,0.631578947368421,110
knn_resid_speed_cov_cumulant,empirical_cumulant,19,1470,0.03941790905298763,-0.03455449733504694,0.08710820113483979,0.08710820113483979,0.5789473684210527,110
knn_resid_radial_cov_cumulant,empirical_cumulant,19,1470,-0.05378841994081013,0.07299168730017556,-0.06492303775169223,0.06492303775169223,0.5789473684210527,110
knn_resid_radial_cov_expected,one_fish_conditional_baseline,19,1470,0.0727474958529318,0.037172048392942636,-0.05678767863549922,0.05678767863549922,0.5263157894736842,110
knn_resid_tangential_cov_expected,one_fish_conditional_baseline,19,1470,0.07274749585293225,0.03717204839294358,-0.056787678635497496,0.056787678635497496,0.5263157894736842,110
knn_resid_speed_cov_expected,one_fish_conditional_baseline,19,1470,0.07274749585293225,0.03717204839294258,-0.0567876786354953,0.0567876786354953,0.5263157894736842,110
knn_resid_radial_cov_observed,observed_pair,19,1470,-0.023417942013164966,0.02432492401072245,-0.04937102190346199,0.04937102190346199,0.5789473684210527,110
knn_resid_alignment_expected,one_fish_conditional_baseline,19,1470,0.04925617585185671,-0.005356771735720828,0.026017773327465327,0.026017773327465327,0.5263157894736842,110
knn_resid_alignment_cumulant,empirical_cumulant,19,1470,-0.030788679454776702,0.05201188900284692,-0.02325461382704541,0.02325461382704541,0.5789473684210527,110
knn_resid_alignment_observed,observed_pair,19,1470,-0.013608460652859908,0.10905973225048099,0.01973582463739762,0.01973582463739762,0.5789473684210527,110
knn_resid_alignment_expected,one_fish_conditional_baseline,19,1470,-0.04578268223018181,0.06714880389362626,-0.14989401013198728,0.14989401013198728,0.8421052631578947,111
knn_resid_tangential_cov_cumulant,empirical_cumulant,19,1470,-0.11477809551071377,-0.03315865490765363,-0.09715484138912212,0.09715484138912212,0.5789473684210527,111
knn_resid_tangential_cov_observed,observed_pair,19,1470,-0.06647448511302001,-0.05735802595409378,-0.06401337294498768,0.06401337294498768,0.5789473684210527,111
knn_resid_tangential_cov_expected,one_fish_conditional_baseline,19,1470,0.057539330685069695,0.004943286684778503,0.05225065643708926,0.05225065643708926,0.5263157894736842,111
knn_resid_radial_cov_expected,one_fish_conditional_baseline,19,1470,0.05753933068507028,0.004943286684778503,0.052250656437088316,0.052250656437088316,0.5263157894736842,111
knn_resid_speed_cov_expected,one_fish_conditional_baseline,19,1470,0.05753933068507023,0.004943286684779391,0.052250656437088094,0.052250656437088094,0.5263157894736842,111
knn_resid_alignment_cumulant,empirical_cumulant,19,1470,0.06064376489670592,0.03341941125344722,0.037489856082128736,0.037489856082128736,0.5789473684210527,111
knn_resid_speed_cov_cumulant,empirical_cumulant,19,1470,0.03278770402888419,0.025008229771379814,0.02211410379718494,0.02211410379718494,0.5263157894736842,111
knn_resid_radial_cov_observed,observed_pair,19,1470,-0.0437006879010316,-0.05779025887408959,-0.012416692244251973,0.012416692244251973,0.5263157894736842,111
knn_resid_alignment_observed,observed_pair,19,1470,-0.01137223568175022,0.06715136673935218,-0.005188467724242141,0.005188467724242141,0.5263157894736842,111
knn_resid_speed_cov_observed,observed_pair,19,1470,0.013178911833307888,0.04247634863609495,0.0014662431031126633,0.0014662431031126633,0.5263157894736842,111
knn_resid_radial_cov_cumulant,empirical_cumulant,19,1470,-0.07417321334491075,-0.10506390846614912,0.0002360030389675083,0.0002360030389675083,0.5263157894736842,111
knn_resid_radial_cov_cumulant,empirical_cumulant,19,1470,0.07392007255069571,-0.05129402389748422,0.18022697534009657,0.18022697534009657,0.631578947368421,112
knn_resid_radial_cov_observed,observed_pair,19,1470,0.03313516686692614,-0.09069890968545924,0.17012546236883935,0.17012546236883935,0.7368421052631579,112
knn_resid_alignment_cumulant,empirical_cumulant,19,1470,-0.030740212912703457,0.07389511412323921,-0.15804136042361405,0.15804136042361405,0.7368421052631579,112
knn_resid_alignment_observed,observed_pair,19,1470,-0.12116929586250041,0.09822015623483188,-0.1537398922866558,0.1537398922866558,0.7368421052631579,112
knn_resid_radial_cov_expected,one_fish_conditional_baseline,19,1470,0.004929119384261271,-0.01850295696270421,0.09490793673182399,0.09490793673182399,0.5263157894736842,112
knn_resid_tangential_cov_expected,one_fish_conditional_baseline,19,1470,0.0049291193842597725,-0.018502956962704348,0.09490793673182399,0.09490793673182399,0.5263157894736842,112
knn_resid_speed_cov_expected,one_fish_conditional_baseline,19,1470,0.004929119384258551,-0.018502956962704736,0.09490793673182368,0.09490793673182368,0.5263157894736842,112
knn_resid_tangential_cov_cumulant,empirical_cumulant,19,1470,0.03282066417814261,0.11477814565144648,-0.08308099944151864,0.08308099944151864,0.6842105263157895,112
knn_resid_speed_cov_observed,observed_pair,19,1470,0.06846533648445752,0.1441539928352998,0.06944564075857736,0.06944564075857736,0.5789473684210527,112
knn_resid_tangential_cov_observed,observed_pair,19,1470,0.04392933157153772,0.07702384916959105,-0.05635648958604711,0.05635648958604711,0.5789473684210527,112
knn_resid_speed_cov_cumulant,empirical_cumulant,19,1470,0.03298859568319373,0.09997839445611612,0.04132331655934468,0.04132331655934468,0.5263157894736842,112
knn_resid_alignment_expected,one_fish_conditional_baseline,19,1470,0.09788725335541144,0.046833112597649836,0.0302929016221848,0.0302929016221848,0.5263157894736842,112
knn_resid_radial_cov_expected,one_fish_conditional_baseline,19,1470,0.08119416447434245,-0.017025377947881004,0.15755132958531595,0.15755132958531595,0.6842105263157895,113
knn_resid_speed_cov_expected,one_fish_conditional_baseline,19,1470,0.08119416447434286,-0.0170253779478797,0.15755132958531573,0.15755132958531573,0.6842105263157895,113
knn_resid_tangential_cov_expected,one_fish_conditional_baseline,19,1470,0.08119416447434286,-0.01702537794788131,0.15755132958531548,0.15755132958531548,0.6842105263157895,113
knn_resid_alignment_observed,observed_pair,19,1470,0.035095933895888415,-0.058079529275939346,0.12768646472671596,0.12768646472671596,0.7368421052631579,113
knn_resid_radial_cov_cumulant,empirical_cumulant,19,1470,-0.03599025382041282,0.009025841805643253,-0.11781940708686856,0.11781940708686856,0.6842105263157895,113
knn_resid_radial_cov_observed,observed_pair,19,1470,0.010645368938715871,0.03486420879436025,-0.11222453104245095,0.11222453104245095,0.6842105263157895,113
knn_resid_alignment_cumulant,empirical_cumulant,19,1470,-0.04807691673920114,-0.11493174401948172,0.09993840704812673,0.09993840704812673,0.6842105263157895,113
knn_resid_alignment_expected,one_fish_conditional_baseline,19,1470,-0.04975596255810574,-0.06004142118981347,-0.09571315851561812,0.09571315851561812,0.5263157894736842,113
knn_resid_speed_cov_cumulant,empirical_cumulant,19,1470,-0.01360950474928839,0.06154455590314459,0.059917588997923654,0.059917588997923654,0.5263157894736842,113
knn_resid_speed_cov_observed,observed_pair,19,1470,-0.0035488841437896802,0.025299206989242595,0.035046900338351006,0.035046900338351006,0.5263157894736842,113
knn_resid_tangential_cov_observed,observed_pair,19,1470,-0.025244967572232657,-0.02997214571539364,0.01400247016355427,0.01400247016355427,0.5789473684210527,113
knn_resid_tangential_cov_cumulant,empirical_cumulant,19,1470,-0.03341805812892995,-0.0246747490122168,0.009652936309278028,0.009652936309278028,0.5263157894736842,113
knn_resid_speed_cov_cumulant,empirical_cumulant,19,1471,-0.06743530614273374,0.11325472686930006,-0.23264647626024526,0.23264647626024526,0.631578947368421,114
knn_resid_speed_cov_observed,observed_pair,19,1471,-0.055899843769865676,0.08708480599746876,-0.22060167123157354,0.22060167123157354,0.631578947368421,114
knn_resid_alignment_expected,one_fish_conditional_baseline,19,1471,0.06120841687208037,-0.07051600575541031,0.2004699604419528,0.2004699604419528,0.7894736842105263,114
knn_resid_speed_cov_expected,one_fish_conditional_baseline,19,1471,-0.03262390570488163,-0.060636580576287374,0.12277119506101358,0.12277119506101358,0.631578947368421,114
knn_resid_radial_cov_expected,one_fish_conditional_baseline,19,1471,-0.032623905704881474,-0.060636580576288096,0.12277119506101311,0.12277119506101311,0.631578947368421,114
knn_resid_tangential_cov_expected,one_fish_conditional_baseline,19,1471,-0.03262390570488151,-0.06063658057628754,0.12277119506101156,0.12277119506101156,0.631578947368421,114
knn_resid_alignment_observed,observed_pair,19,1471,0.0681187694098373,0.03989742545886213,-0.08173912020032864,0.08173912020032864,0.631578947368421,114
knn_resid_tangential_cov_cumulant,empirical_cumulant,19,1471,-0.07882034664466275,-0.020944363150580125,-0.06181886811824353,0.06181886811824353,0.5789473684210527,114
knn_resid_tangential_cov_observed,observed_pair,19,1471,-0.1216177476428506,-0.05177758211852035,-0.030205729723054686,0.030205729723054686,0.5789473684210527,114
knn_resid_alignment_cumulant,empirical_cumulant,19,1471,-0.04461272731157262,0.07052338000458636,0.028317787903517758,0.028317787903517758,0.5263157894736842,114
knn_resid_radial_cov_observed,observed_pair,19,1471,-0.02262623722195016,-0.002825553617772411,0.008821422633625203,0.008821422633625203,0.5263157894736842,114
knn_resid_radial_cov_cumulant,empirical_cumulant,19,1471,-0.018220670868818643,-0.02200057209415529,0.008197687057711248,0.008197687057711248,0.5263157894736842,114
knn_resid_tangential_cov_cumulant,empirical_cumulant,19,1471,-0.03085974652405643,-0.0018958991596687846,-0.12320154099349698,0.12320154099349698,0.5263157894736842,115
knn_resid_radial_cov_cumulant,empirical_cumulant,19,1471,-0.015913345678895463,-0.03033376984660162,0.09913675127110678,0.09913675127110678,0.631578947368421,115
knn_resid_radial_cov_observed,observed_pair,19,1471,0.0014446108171544958,-0.025277135436577017,0.09571624066438464,0.09571624066438464,0.631578947368421,115
knn_resid_tangential_cov_expected,one_fish_conditional_baseline,19,1471,-0.002642582621175893,-0.09523350445564328,0.09419273650234422,0.09419273650234422,0.631578947368421,115
knn_resid_radial_cov_expected,one_fish_conditional_baseline,19,1471,-0.00264258262117667,-0.09523350445564338,0.09419273650234306,0.09419273650234306,0.631578947368421,115
knn_resid_speed_cov_expected,one_fish_conditional_baseline,19,1471,-0.0026425826211750048,-0.09523350445564342,0.09419273650234267,0.09419273650234267,0.631578947368421,115
knn_resid_tangential_cov_observed,observed_pair,19,1471,-0.03728064876089901,0.032075897675058584,-0.08967208899268359,0.08967208899268359,0.5263157894736842,115
knn_resid_alignment_cumulant,empirical_cumulant,19,1471,-0.017955554062174583,0.02008775637183491,-0.08233203139529427,0.08233203139529427,0.5263157894736842,115
knn_resid_speed_cov_cumulant,empirical_cumulant,19,1471,0.003860207620580376,0.029445074339810265,-0.07697356370606379,0.07697356370606379,0.631578947368421,115
knn_resid_alignment_observed,observed_pair,19,1471,-0.06699588003254808,0.06732593255429209,-0.05375550443040261,0.05375550443040261,0.6842105263157895,115
knn_resid_alignment_expected,one_fish_conditional_baseline,19,1471,0.046682597301182405,0.02774645102650978,-0.038527456125982774,0.038527456125982774,0.5789473684210527,115
knn_resid_speed_cov_observed,observed_pair,19,1471,0.0072351032725880005,0.02725528886000228,-0.02994524297381826,0.02994524297381826,0.631578947368421,115
knn_resid_alignment_cumulant,empirical_cumulant,19,1471,0.04392108670366557,0.09628142698371633,-0.1378336925061959,0.1378336925061959,0.5263157894736842,116
knn_resid_speed_cov_expected,one_fish_conditional_baseline,19,1471,-0.07434710626637431,0.02104264034382264,-0.12046313970061623,0.12046313970061623,0.5789473684210527,116
knn_resid_tangential_cov_expected,one_fish_conditional_baseline,19,1471,-0.07434710626637366,0.02104264034382239,-0.12046313970061608,0.12046313970061608,0.5789473684210527,116
knn_resid_radial_cov_expected,one_fish_conditional_baseline,19,1471,-0.07434710626637439,0.021042640343821598,-0.12046313970061569,0.12046313970061569,0.5789473684210527,116
knn_resid_speed_cov_cumulant,empirical_cumulant,19,1471,0.10710618763109737,0.0068003189448602175,0.09702830221662109,0.09702830221662109,0.631578947368421,116
knn_resid_radial_cov_observed,observed_pair,19,1471,0.08367774387869714,0.06679137706707709,0.07587616606067162,0.07587616606067162,0.5789473684210527,116
knn_resid_speed_cov_observed,observed_pair,19,1471,0.07798267526145812,0.042612146229608044,0.07493151547051985,0.07493151547051985,0.6842105263157895,116
knn_resid_radial_cov_cumulant,empirical_cumulant,19,1471,0.03976289719458048,0.05882212010409865,0.04197761261952951,0.04197761261952951,0.631578947368421,116
knn_resid_alignment_observed,observed_pair,19,1471,0.030435204274584078,0.041912454680203326,-0.03549934719635134,0.03549934719635134,0.5263157894736842,116
knn_resid_alignment_expected,one_fish_conditional_baseline,19,1471,-0.006815319300690598,0.027643976851300794,-0.03445929615199139,0.03445929615199139,0.5789473684210527,116
knn_resid_tangential_cov_cumulant,empirical_cumulant,19,1471,0.05083277419801502,0.003366902366638315,-0.0014171444028354269,0.0014171444028354269,0.5263157894736842,116
knn_resid_tangential_cov_observed,observed_pair,19,1471,0.0054350826200631475,0.02428890244759256,0.0008464131103213118,0.0008464131103213118,0.5263157894736842,116
knn_resid_radial_cov_expected,one_fish_conditional_baseline,19,1470,0.039281604114290186,-0.10552915064675045,0.18996277512938964,0.18996277512938964,0.7368421052631579,117
knn_resid_tangential_cov_expected,one_fish_conditional_baseline,19,1470,0.03928160411428977,-0.10552915064675039,0.18996277512938953,0.18996277512938953,0.7368421052631579,117
knn_resid_speed_cov_expected,one_fish_conditional_baseline,19,1470,0.039281604114289936,-0.10552915064675052,0.18996277512938753,0.18996277512938753,0.7368421052631579,117
knn_resid_alignment_cumulant,empirical_cumulant,19,1470,0.09425463590336325,0.06790186670557977,0.18028103715593768,0.18028103715593768,0.631578947368421,117
knn_resid_alignment_observed,observed_pair,19,1470,0.07807186505572948,0.008872524266054643,0.10167450017015256,0.10167450017015256,0.5789473684210527,117
knn_resid_speed_cov_observed,observed_pair,19,1470,-0.057759278049000884,-0.01261677801794181,-0.07036877868315866,0.07036877868315866,0.5789473684210527,117
knn_resid_radial_cov_observed,observed_pair,19,1470,0.04600240898378561,-0.030206095690626253,0.06480751981729771,0.06480751981729771,0.631578947368421,117
knn_resid_speed_cov_cumulant,empirical_cumulant,19,1470,-0.04155996344288193,-0.0327381741984093,-0.06037704919564384,0.06037704919564384,0.5789473684210527,117
knn_resid_tangential_cov_cumulant,empirical_cumulant,19,1470,0.004233235641510701,0.013001590880351577,-0.04994201169436862,0.04994201169436862,0.631578947368421,117
knn_resid_radial_cov_cumulant,empirical_cumulant,19,1470,0.029945137018329147,-0.048401043714674186,0.03777385608588932,0.03777385608588932,0.5789473684210527,117
knn_resid_tangential_cov_observed,observed_pair,19,1470,0.016741314825328334,0.009472184088754831,-0.0161213246534625,0.0161213246534625,0.5263157894736842,117
knn_resid_alignment_expected,one_fish_conditional_baseline,19,1470,0.07271435303997066,0.006021231741810573,-0.013034134645849904,0.013034134645849904,0.5263157894736842,117
knn_resid_alignment_expected,one_fish_conditional_baseline,19,1471,0.04889995082199736,-0.04637860249302683,0.07212892346167449,0.07212892346167449,0.5263157894736842,118
knn_resid_tangential_cov_cumulant,empirical_cumulant,19,1471,0.1457026806654931,0.0962306553638452,0.06182244117965181,0.06182244117965181,0.5789473684210527,118
knn_resid_alignment_cumulant,empirical_cumulant,19,1471,-0.016672115097567636,-0.013177894838397514,0.058951295578334256,0.058951295578334256,0.5263157894736842,118
knn_resid_alignment_observed,observed_pair,19,1471,-0.03874105414110815,0.010043333485160594,0.03096784724580756,0.03096784724580756,0.5263157894736842,118
knn_resid_radial_cov_observed,observed_pair,19,1471,0.045713430885492005,0.009507064369986606,0.03038529118618856,0.03038529118618856,0.631578947368421,118
knn_resid_speed_cov_cumulant,empirical_cumulant,19,1471,-0.03866796876793199,-0.042107350732497245,-0.0250032464377076,0.0250032464377076,0.5263157894736842,118
knn_resid_speed_cov_expected,one_fish_conditional_baseline,19,1471,0.034143776513105996,0.027506892180550552,0.017735554641183218,0.017735554641183218,0.5263157894736842,118
knn_resid_tangential_cov_expected,one_fish_conditional_baseline,19,1471,0.034143776513105385,0.02750689218054969,0.017735554641182927,0.017735554641182927,0.5263157894736842,118
knn_resid_radial_cov_expected,one_fish_conditional_baseline,19,1471,0.03414377651310602,0.02750689218055019,0.017735554641182025,0.017735554641182025,0.5263157894736842,118
knn_resid_radial_cov_cumulant,empirical_cumulant,19,1471,0.03007900840339946,0.013814914903321873,0.011573445182397779,0.011573445182397779,0.5263157894736842,118
knn_resid_tangential_cov_observed,observed_pair,19,1471,0.13888187732083426,0.06161659234339579,0.008940269695753983,0.008940269695753983,0.5789473684210527,118
knn_resid_speed_cov_observed,observed_pair,19,1471,-0.0453787057672309,-0.03186949727910804,0.00039417115649623136,0.00039417115649623136,0.5263157894736842,118
knn_resid_alignment_observed,observed_pair,19,1469,0.052694940026740786,0.03782736263311992,0.1255371294159394,0.1255371294159394,0.5263157894736842,119
knn_resid_alignment_cumulant,empirical_cumulant,19,1469,0.05074387645886269,0.019585400731367678,0.11063731316345954,0.11063731316345954,0.5789473684210527,119
knn_resid_radial_cov_cumulant,empirical_cumulant,19,1469,0.005843538721823027,-0.04673453210626896,0.04210379982404894,0.04210379982404894,0.631578947368421,119
knn_resid_alignment_expected,one_fish_conditional_baseline,19,1469,-0.08994701962680951,0.04607278954358574,-0.034709524838788613,0.034709524838788613,0.5263157894736842,119
knn_resid_speed_cov_observed,observed_pair,19,1469,-0.010612616617596993,-0.07903583058622445,0.023058705736815455,0.023058705736815455,0.631578947368421,119
knn_resid_tangential_cov_observed,observed_pair,19,1469,-0.09961657538435309,0.03650340209258027,-0.01890094914947453,0.01890094914947453,0.5263157894736842,119
knn_resid_radial_cov_observed,observed_pair,19,1469,-0.03630577367155091,-0.027166914317881256,-0.014844352866749518,0.014844352866749518,0.5263157894736842,119
knn_resid_speed_cov_expected,one_fish_conditional_baseline,19,1469,-0.0028808806446731783,0.017090976193497833,0.010196600608816261,0.010196600608816261,0.5263157894736842,119
knn_resid_tangential_cov_expected,one_fish_conditional_baseline,19,1469,-0.002880880644672623,0.017090976193497563,0.010196600608816067,0.010196600608816067,0.5263157894736842,119
knn_resid_radial_cov_expected,one_fish_conditional_baseline,19,1469,-0.0028808806446738444,0.017090976193497455,0.010196600608814749,0.010196600608814749,0.5263157894736842,119
knn_resid_tangential_cov_cumulant,empirical_cumulant,19,1469,-0.07729362160728424,0.029046597550244718,-0.00734310655211684,0.00734310655211684,0.5263157894736842,119
knn_resid_speed_cov_cumulant,empirical_cumulant,19,1469,-0.02136752046496372,-0.09450183065186124,0.005544186332790607,0.005544186332790607,0.5263157894736842,119
knn_resid_tangential_cov_expected,one_fish_conditional_baseline,19,1471,0.07662212582967119,-0.03853828927847873,0.1583474453244716,0.1583474453244716,0.7368421052631579,120
knn_resid_speed_cov_expected,one_fish_conditional_baseline,19,1471,0.07662212582967276,-0.03853828927847922,0.1583474453244713,0.1583474453244713,0.7368421052631579,120
knn_resid_radial_cov_expected,one_fish_conditional_baseline,19,1471,0.07662212582967276,-0.03853828927847823,0.15834744532446998,0.15834744532446998,0.7368421052631579,120
knn_resid_alignment_cumulant,empirical_cumulant,19,1471,-0.023269509120249585,0.058693400431764534,-0.08752613631639033,0.08752613631639033,0.5263157894736842,120
knn_resid_speed_cov_observed,observed_pair,19,1471,-0.04244808121392646,0.07983332292867977,-0.0725727403437269,0.0725727403437269,0.7894736842105263,120
knn_resid_speed_cov_cumulant,empirical_cumulant,19,1471,-0.03667281884760887,0.09445347161931104,-0.057330413229655625,0.057330413229655625,0.7368421052631579,120
knn_resid_alignment_observed,observed_pair,19,1471,-0.012707055980169746,0.03536467368418211,-0.055186111895628526,0.055186111895628526,0.5263157894736842,120
knn_resid_radial_cov_observed,observed_pair,19,1471,0.010787622400434627,-0.015688137631871713,0.023636423740450496,0.023636423740450496,0.5789473684210527,120
knn_resid_alignment_expected,one_fish_conditional_baseline,19,1471,0.03159024362374002,-0.002301348446177326,-0.006876125419320478,0.006876125419320478,0.5263157894736842,120
knn_resid_tangential_cov_observed,observed_pair,19,1471,0.028313566032439633,-0.006627134362860637,-0.00633421577300991,0.00633421577300991,0.5263157894736842,120
knn_resid_radial_cov_cumulant,empirical_cumulant,19,1471,-0.006942394840004418,-0.021079165888772865,0.0028571826564230823,0.0028571826564230823,0.5789473684210527,120
knn_resid_tangential_cov_cumulant,empirical_cumulant,19,1471,0.03458278904368061,-0.01261194532944343,-0.0025468826523722156,0.0025468826523722156,0.5789473684210527,120
knn_resid_radial_cov_cumulant,empirical_cumulant,19,1471,-0.09989045603147273,0.03125771734858733,-0.22257503253029853,0.22257503253029853,0.6842105263157895,121
knn_resid_tangential_cov_cumulant,empirical_cumulant,19,1471,-0.04560200198917652,-0.02002724493117708,-0.2199995232378723,0.2199995232378723,0.5789473684210527,121
knn_resid_alignment_observed,observed_pair,19,1471,0.013815996270257869,-0.11059109431275374,0.20090945598126403,0.20090945598126403,0.5789473684210527,121
knn_resid_radial_cov_observed,observed_pair,19,1471,-0.07559119414891086,0.003504712305694213,-0.16056843128606296,0.16056843128606296,0.6842105263157895,121
knn_resid_tangential_cov_observed,observed_pair,19,1471,-0.05381436861804045,-0.013645910745178624,-0.11227068717261415,0.11227068717261415,0.5789473684210527,121
knn_resid_alignment_cumulant,empirical_cumulant,19,1471,-0.04849931408610025,-0.06106594115925698,0.08856657052274855,0.08856657052274855,0.5263157894736842,121
knn_resid_speed_cov_cumulant,empirical_cumulant,19,1471,0.018933535099559695,-0.041628244395755465,0.08463426092507037,0.08463426092507037,0.631578947368421,121
knn_resid_alignment_expected,one_fish_conditional_baseline,19,1471,0.051050117139073974,-0.05143213141742871,0.07757174366051324,0.07757174366051324,0.631578947368421,121
knn_resid_speed_cov_observed,observed_pair,19,1471,0.03328055569866785,-0.014438298003148844,0.04797142994981507,0.04797142994981507,0.5263157894736842,121
knn_resid_radial_cov_expected,one_fish_conditional_baseline,19,1471,0.025170047445834176,0.10122650005421341,-0.00787801781325051,0.00787801781325051,0.5263157894736842,121
knn_resid_speed_cov_expected,one_fish_conditional_baseline,19,1471,0.025170047445833177,0.10122650005421374,-0.00787801781325001,0.00787801781325001,0.5263157894736842,121
knn_resid_tangential_cov_expected,one_fish_conditional_baseline,19,1471,0.025170047445833732,0.10122650005421303,-0.007878017813249205,0.007878017813249205,0.5263157894736842,121
knn_resid_speed_cov_observed,observed_pair,19,1469,-0.040270810706760196,0.0029944996072467367,0.11874840352806221,0.11874840352806221,0.631578947368421,122
knn_resid_speed_cov_cumulant,empirical_cumulant,19,1469,-0.04437587572211288,-0.0012363278235961728,0.11826906891243222,0.11826906891243222,0.631578947368421,122
knn_resid_radial_cov_observed,observed_pair,19,1469,0.07802453556472472,-0.0018600527700194866,0.0990336093068202,0.0990336093068202,0.631578947368421,122
knn_resid_radial_cov_cumulant,empirical_cumulant,19,1469,0.07256594415748752,-0.006645718173300626,0.08977369190681622,0.08977369190681622,0.5789473684210527,122
knn_resid_alignment_expected,one_fish_conditional_baseline,19,1469,-0.10554616194442035,-0.0928727137563741,-0.045044964108778895,0.045044964108778895,0.5789473684210527,122
knn_resid_alignment_observed,observed_pair,19,1469,0.044906304256181195,0.009105065397072343,0.03063764908023367,0.03063764908023367,0.631578947368421,122
knn_resid_tangential_cov_expected,one_fish_conditional_baseline,19,1469,0.02274020288350201,-0.11494267145793008,-0.02152531810645461,0.02152531810645461,0.5789473684210527,122
knn_resid_radial_cov_expected,one_fish_conditional_baseline,19,1469,0.022740202883501454,-0.11494267145792891,-0.02152531810645436,0.02152531810645436,0.5789473684210527,122
knn_resid_speed_cov_expected,one_fish_conditional_baseline,19,1469,0.0227402028835016,-0.11494267145792944,-0.021525318106453667,0.021525318106453667,0.5789473684210527,122
knn_resid_tangential_cov_observed,observed_pair,19,1469,-0.05771860560172825,-0.06267128575987557,0.019721845224907913,0.019721845224907913,0.5789473684210527,122
knn_resid_tangential_cov_cumulant,empirical_cumulant,19,1469,-0.06474545619127213,-0.04974408468591369,0.018294050126183042,0.018294050126183042,0.5263157894736842,122
knn_resid_alignment_cumulant,empirical_cumulant,19,1469,0.048247369117184635,0.05786325339909962,-0.007508006878547274,0.007508006878547274,0.5263157894736842,122
knn_resid_speed_cov_observed,observed_pair,19,1471,0.017368243103150986,0.07529645889557512,-0.20271040771130958,0.20271040771130958,0.7894736842105263,123
knn_resid_speed_cov_cumulant,empirical_cumulant,19,1471,0.0010107166313247373,0.07222322998095881,-0.1926514143425476,0.1926514143425476,0.7368421052631579,123
knn_resid_radial_cov_observed,observed_pair,19,1471,-0.08687714329005194,0.019739806840156943,-0.11026206473094147,0.11026206473094147,0.6842105263157895,123
knn_resid_alignment_cumulant,empirical_cumulant,19,1471,-0.027440988591766025,0.12203777098969248,-0.10441925116020628,0.10441925116020628,0.6842105263157895,123
knn_resid_radial_cov_cumulant,empirical_cumulant,19,1471,-0.10594832948176391,0.007678019019024124,-0.09849793215701041,0.09849793215701041,0.6842105263157895,123
knn_resid_alignment_observed,observed_pair,19,1471,-0.06823042435593032,0.04012762859907282,-0.09194977994826461,0.09194977994826461,0.7368421052631579,123
knn_resid_tangential_cov_observed,observed_pair,19,1471,-0.0011133186126432437,0.05273746914074148,-0.07241257867802861,0.07241257867802861,0.6842105263157895,123
knn_resid_tangential_cov_cumulant,empirical_cumulant,19,1471,-0.004869463695767809,0.04265052392905099,-0.06504822193160104,0.06504822193160104,0.6842105263157895,123
knn_resid_speed_cov_expected,one_fish_conditional_baseline,19,1471,0.011531293246195555,-0.006566003641089779,0.06321148725075001,0.06321148725075001,0.5789473684210527,123
knn_resid_radial_cov_expected,one_fish_conditional_baseline,19,1471,0.011531293246194684,-0.006566003641089901,0.06321148725074943,0.06321148725074943,0.5789473684210527,123
knn_resid_tangential_cov_expected,one_fish_conditional_baseline,19,1471,0.011531293246195791,-0.006566003641090199,0.06321148725074899,0.06321148725074899,0.5789473684210527,123
knn_resid_alignment_expected,one_fish_conditional_baseline,19,1471,-0.04899263176822377,0.04261809783247601,-0.061459068621885216,0.061459068621885216,0.631578947368421,123
knn_resid_alignment_cumulant,empirical_cumulant,19,1471,0.04949691315767979,0.11831187344746794,-0.10680921438594337,0.10680921438594337,0.631578947368421,124
knn_resid_alignment_observed,observed_pair,19,1471,0.07649418671080724,0.14429580174084766,-0.09441354797420959,0.09441354797420959,0.631578947368421,124
knn_resid_tangential_cov_observed,observed_pair,19,1471,0.04089390813175038,0.007688391041349857,0.08894031480865545,0.08894031480865545,0.6842105263157895,124
knn_resid_alignment_expected,one_fish_conditional_baseline,19,1471,0.08168777213119749,0.019346756159112244,0.08741288670732761,0.08741288670732761,0.5789473684210527,124
knn_resid_tangential_cov_expected,one_fish_conditional_baseline,19,1471,-0.07519421432080758,0.04045967685565943,-0.07439892363225296,0.07439892363225296,0.7368421052631579,124
knn_resid_radial_cov_expected,one_fish_conditional_baseline,19,1471,-0.07519421432080803,0.04045967685566006,-0.07439892363225267,0.07439892363225267,0.7368421052631579,124
knn_resid_speed_cov_expected,one_fish_conditional_baseline,19,1471,-0.07519421432080708,0.04045967685565993,-0.0743989236322522,0.0743989236322522,0.7368421052631579,124
knn_resid_tangential_cov_cumulant,empirical_cumulant,19,1471,0.07958792901714759,0.01073773086622462,0.06765130873311312,0.06765130873311312,0.6842105263157895,124
knn_resid_speed_cov_cumulant,empirical_cumulant,19,1471,0.006436117079272025,0.06286219388652482,-0.033047394553736203,0.033047394553736203,0.5263157894736842,124
knn_resid_radial_cov_cumulant,empirical_cumulant,19,1471,-0.04798138653598699,0.011800220855427646,-0.0304840999686974,0.0304840999686974,0.5789473684210527,124
knn_resid_speed_cov_observed,observed_pair,19,1471,0.033683207380005825,0.05484545398488894,0.005627002876387316,0.005627002876387316,0.5263157894736842,124
knn_resid_radial_cov_observed,observed_pair,19,1471,-0.014972869288114643,-0.027756943047241495,0.0005528944578178097,0.0005528944578178097,0.5263157894736842,124
knn_resid_radial_cov_cumulant,empirical_cumulant,19,1471,-0.1075613932978287,0.05493329044212458,-0.23608180340895848,0.23608180340895848,0.5789473684210527,125
knn_resid_radial_cov_observed,observed_pair,19,1471,-0.09515760467561035,0.04212138679988858,-0.22640431844490977,0.22640431844490977,0.5789473684210527,125
knn_resid_alignment_observed,observed_pair,19,1471,0.03971032491916954,0.07942819515785182,-0.1270938315475689,0.1270938315475689,0.631578947368421,125
knn_resid_alignment_expected,one_fish_conditional_baseline,19,1471,-0.0013144741167201157,-0.014707780055661174,0.10366077242723863,0.10366077242723863,0.5789473684210527,125
knn_resid_tangential_cov_observed,observed_pair,19,1471,0.08314024099706784,0.008210013725676799,0.10174983668916535,0.10174983668916535,0.5263157894736842,125
knn_resid_tangential_cov_cumulant,empirical_cumulant,19,1471,0.07893337142539097,0.009688068083985722,0.0985499992512184,0.0985499992512184,0.5263157894736842,125
knn_resid_speed_cov_expected,one_fish_conditional_baseline,19,1471,-0.012366731704618494,0.03582713370141066,-0.0507770570339256,0.0507770570339256,0.5263157894736842,125
knn_resid_tangential_cov_expected,one_fish_conditional_baseline,19,1471,-0.012366731704618272,0.03582713370141133,-0.050777057033925266,0.050777057033925266,0.5263157894736842,125
knn_resid_radial_cov_expected,one_fish_conditional_baseline,19,1471,-0.012366731704618189,0.03582713370141061,-0.05077705703392463,0.05077705703392463,0.5263157894736842,125
knn_resid_alignment_cumulant,empirical_cumulant,19,1471,0.023612856327604292,-0.048284106830588036,-0.03224311913144812,0.03224311913144812,0.5263157894736842,125
knn_resid_speed_cov_observed,observed_pair,19,1471,0.022102786729876416,0.007747558862510162,0.006056458975039952,0.006056458975039952,0.5263157894736842,125
knn_resid_speed_cov_cumulant,empirical_cumulant,19,1471,-0.007773357035013383,0.01887055717540108,0.005584593871868222,0.005584593871868222,0.5263157894736842,125
knn_resid_tangential_cov_cumulant,empirical_cumulant,19,1471,0.139065292788515,-0.07155187910517002,0.137604966191274,0.137604966191274,0.7894736842105263,126
knn_resid_tangential_cov_observed,observed_pair,19,1471,0.11578403215982724,-0.0676549125892531,0.13724057062247685,0.13724057062247685,0.7368421052631579,126
knn_resid_speed_cov_cumulant,empirical_cumulant,19,1471,0.03008660725526302,0.0726813255539003,-0.09830343851806855,0.09830343851806855,0.5263157894736842,126
knn_resid_alignment_observed,observed_pair,19,1471,0.05862689774316687,-0.1187545667109706,0.04760664428205896,0.04760664428205896,0.6842105263157895,126
knn_resid_speed_cov_observed,observed_pair,19,1471,0.023675635875155865,0.09054002857462717,-0.035080554239000944,0.035080554239000944,0.5789473684210527,126
knn_resid_alignment_cumulant,empirical_cumulant,19,1471,0.01920038784352629,-0.01044982214730912,0.029999403846839995,0.029999403846839995,0.5789473684210527,126
knn_resid_radial_cov_cumulant,empirical_cumulant,19,1471,-0.01043504921198396,0.016418210338006514,-0.028378406034956505,0.028378406034956505,0.5263157894736842,126
knn_resid_tangential_cov_expected,one_fish_conditional_baseline,19,1471,0.03157951384355807,0.07993900484609595,0.02600012835811516,0.02600012835811516,0.5263157894736842,126
knn_resid_radial_cov_expected,one_fish_conditional_baseline,19,1471,0.03157951384355828,0.07993900484609517,0.026000128358114882,0.026000128358114882,0.5263157894736842,126
knn_resid_speed_cov_expected,one_fish_conditional_baseline,19,1471,0.03157951384355842,0.07993900484609584,0.026000128358114383,0.026000128358114383,0.5263157894736842,126
knn_resid_alignment_expected,one_fish_conditional_baseline,19,1471,-0.09115788890352539,0.004691730363361651,-0.00639683503386429,0.00639683503386429,0.5789473684210527,126
knn_resid_radial_cov_observed,observed_pair,19,1471,-0.032797547708271285,-0.03438643585698953,-0.002436483842289845,0.002436483842289845,0.5263157894736842,126
knn_resid_speed_cov_observed,observed_pair,19,1469,-0.161003125767785,0.19237008952170287,-0.34732269523509907,0.34732269523509907,0.6842105263157895,127
knn_resid_speed_cov_cumulant,empirical_cumulant,19,1469,-0.15486931870661913,0.1674701710304081,-0.3278056060378747,0.3278056060378747,0.6842105263157895,127
knn_resid_tangential_cov_cumulant,empirical_cumulant,19,1469,0.017955556404320054,0.17682913656669275,-0.16582575908571018,0.16582575908571018,0.7368421052631579,127
knn_resid_tangential_cov_observed,observed_pair,19,1469,0.052461842339653716,0.16657932447514434,-0.1583298012052003,0.1583298012052003,0.6842105263157895,127
knn_resid_radial_cov_cumulant,empirical_cumulant,19,1469,-0.15873144825576177,0.06380617172582193,-0.11959914953745511,0.11959914953745511,0.631578947368421,127
knn_resid_radial_cov_observed,observed_pair,19,1469,-0.15847582906473429,0.0627841294915501,-0.1179854003965651,0.1179854003965651,0.7368421052631579,127
knn_resid_alignment_expected,one_fish_conditional_baseline,19,1469,-0.041746496500304514,-0.008994560700976137,-0.07049083268361417,0.07049083268361417,0.5789473684210527,127
knn_resid_alignment_cumulant,empirical_cumulant,19,1469,0.02017018962117953,-0.020892178329065147,-0.03291601739317779,0.03291601739317779,0.5789473684210527,127
knn_resid_alignment_observed,observed_pair,19,1469,-0.006911172241000485,-0.059140902436254084,-0.027968812248403238,0.027968812248403238,0.5263157894736842,127
knn_resid_tangential_cov_expected,one_fish_conditional_baseline,19,1469,0.042971246418580744,0.13219892469384897,0.007771664080977514,0.007771664080977514,0.5263157894736842,127
knn_resid_radial_cov_expected,one_fish_conditional_baseline,19,1469,0.04297124641858174,0.13219892469384825,0.007771664080976237,0.007771664080976237,0.5263157894736842,127
knn_resid_speed_cov_expected,one_fish_conditional_baseline,19,1469,0.042971246418581965,0.1321989246938483,0.0077716640809756266,0.0077716640809756266,0.5263157894736842,127
knn_resid_speed_cov_observed,observed_pair,19,1469,0.013575803381443874,-0.1169735511499946,0.1319396614978862,0.1319396614978862,0.5789473684210527,128
knn_resid_alignment_expected,one_fish_conditional_baseline,19,1469,0.06438301009802987,-0.07391599563564549,0.11600905870785455,0.11600905870785455,0.5789473684210527,128
knn_resid_tangential_cov_cumulant,empirical_cumulant,19,1469,0.06604374556209025,-0.0259875384183891,0.10619311032081721,0.10619311032081721,0.6842105263157895,128
knn_resid_speed_cov_cumulant,empirical_cumulant,19,1469,-0.025100590641031963,-0.09802457514591095,0.10347972358440335,0.10347972358440335,0.5263157894736842,128
knn_resid_tangential_cov_observed,observed_pair,19,1469,0.04946492230938768,-0.003942655384059954,0.07714275454670022,0.07714275454670022,0.631578947368421,128
knn_resid_radial_cov_cumulant,empirical_cumulant,19,1469,-0.026142803882017826,-0.019583405874607163,0.045626651398490564,0.045626651398490564,0.5789473684210527,128
knn_resid_alignment_observed,observed_pair,19,1469,0.01577419985268902,0.0029838035943099694,0.04069988261580215,0.04069988261580215,0.5789473684210527,128
knn_resid_alignment_cumulant,empirical_cumulant,19,1469,-0.0020235569012762578,0.053140379088998435,-0.020948850392844026,0.020948850392844026,0.5263157894736842,128
knn_resid_tangential_cov_expected,one_fish_conditional_baseline,19,1469,-0.012326615204576258,-0.02221389436204395,0.00988727915746769,0.00988727915746769,0.5789473684210527,128
knn_resid_speed_cov_expected,one_fish_conditional_baseline,19,1469,-0.012326615204577028,-0.02221389436204413,0.0098872791574671,0.0098872791574671,0.5789473684210527,128
knn_resid_radial_cov_expected,one_fish_conditional_baseline,19,1469,-0.012326615204576875,-0.022213894362043143,0.009887279157466268,0.009887279157466268,0.5789473684210527,128
knn_resid_radial_cov_observed,observed_pair,19,1469,-0.09015597260928782,-0.037401228852393734,-0.007075195506306142,0.007075195506306142,0.5263157894736842,128
knn_resid_radial_cov_expected,one_fish_conditional_baseline,19,1470,-0.15759783358084806,0.0824435165246119,-0.21593250379981688,0.21593250379981688,0.7894736842105263,129
knn_resid_tangential_cov_expected,one_fish_conditional_baseline,19,1470,-0.15759783358084836,0.08244351652461135,-0.21593250379981643,0.21593250379981643,0.7894736842105263,129
knn_resid_speed_cov_expected,one_fish_conditional_baseline,19,1470,-0.15759783358084967,0.0824435165246129,-0.21593250379981632,0.21593250379981632,0.7894736842105263,129
knn_resid_radial_cov_cumulant,empirical_cumulant,19,1470,0.04916536333600491,-0.10215391920886277,0.13748507173058083,0.13748507173058083,0.7368421052631579,129
knn_resid_alignment_expected,one_fish_conditional_baseline,19,1470,-0.04305270726372168,-0.04844209388678938,-0.10942779644617409,0.10942779644617409,0.5789473684210527,129
knn_resid_tangential_cov_cumulant,empirical_cumulant,19,1470,-0.06732166327552755,-0.002721599268181496,-0.10873051580754672,0.10873051580754672,0.5263157894736842,129
knn_resid_radial_cov_observed,observed_pair,19,1470,0.010674991786526311,-0.09177836008722187,0.10245335187374818,0.10245335187374818,0.6842105263157895,129
knn_resid_tangential_cov_observed,observed_pair,19,1470,-0.0655755431407569,0.03479214414444935,-0.08748598785803763,0.08748598785803763,0.631578947368421,129
knn_resid_speed_cov_cumulant,empirical_cumulant,19,1470,-0.06813925711868346,0.0575635936187318,-0.07373149804872395,0.07373149804872395,0.631578947368421,129
knn_resid_speed_cov_observed,observed_pair,19,1470,-0.03779479352961143,0.06839395469760456,-0.06851295589960038,0.06851295589960038,0.631578947368421,129
knn_resid_alignment_cumulant,empirical_cumulant,19,1470,-0.007915204385053949,0.03630668881332544,-0.050668743633617785,0.050668743633617785,0.631578947368421,129
knn_resid_alignment_observed,observed_pair,19,1470,-0.06558539257702911,0.03462301412502891,-0.007266151358069878,0.007266151358069878,0.5263157894736842,129
knn_resid_alignment_cumulant,empirical_cumulant,19,1471,0.10384712846556274,0.22207809998237327,-0.13916949256740282,0.13916949256740282,0.631578947368421,130
knn_resid_radial_cov_cumulant,empirical_cumulant,19,1471,0.007304242746084856,0.05578010251166987,-0.11008781754746579,0.11008781754746579,0.631578947368421,130
knn_resid_tangential_cov_cumulant,empirical_cumulant,19,1471,-0.0337899752045665,0.061335993126013955,-0.09312957807861774,0.09312957807861774,0.631578947368421,130
knn_resid_tangential_cov_observed,observed_pair,19,1471,-0.07465183711072573,0.03230467139517972,-0.08939850661391058,0.08939850661391058,0.5789473684210527,130
knn_resid_radial_cov_observed,observed_pair,19,1471,0.015798257109269256,0.02166315316725792,-0.08451077733757564,0.08451077733757564,0.631578947368421,130
knn_resid_alignment_observed,observed_pair,19,1471,0.15682425411836942,0.12197493411574994,0.04752809760124596,0.04752809760124596,0.5263157894736842,130
knn_resid_alignment_expected,one_fish_conditional_baseline,19,1471,-0.09407781679293187,0.03710312426192776,-0.044640859453638854,0.044640859453638854,0.5263157894736842,130
knn_resid_speed_cov_cumulant,empirical_cumulant,19,1471,-0.07788325644506355,-0.034402856794575776,-0.03804568099880801,0.03804568099880801,0.5789473684210527,130
knn_resid_speed_cov_observed,observed_pair,19,1471,-0.08898307505716024,-0.041344576371096516,-0.008619267862595495,0.008619267862595495,0.5263157894736842,130
knn_resid_radial_cov_expected,one_fish_conditional_baseline,19,1471,0.08009088798534235,0.06766317013211881,0.006412338918464003,0.006412338918464003,0.5263157894736842,130
knn_resid_speed_cov_expected,one_fish_conditional_baseline,19,1471,0.08009088798534246,0.06766317013211892,0.006412338918462324,0.006412338918462324,0.5263157894736842,130
knn_resid_tangential_cov_expected,one_fish_conditional_baseline,19,1471,0.08009088798534289,0.06766317013211823,0.006412338918461366,0.006412338918461366,0.5263157894736842,130
knn_resid_tangential_cov_expected,one_fish_conditional_baseline,19,1470,-0.017257877635351665,0.02639986015889817,-0.14939720197979217,0.14939720197979217,0.7368421052631579,131
knn_resid_speed_cov_expected,one_fish_conditional_baseline,19,1470,-0.017257877635352387,0.02639986015889928,-0.14939720197979198,0.14939720197979198,0.7368421052631579,131
knn_resid_radial_cov_expected,one_fish_conditional_baseline,19,1470,-0.017257877635351956,0.02639986015889928,-0.1493972019797911,0.1493972019797911,0.7368421052631579,131
knn_resid_alignment_expected,one_fish_conditional_baseline,19,1470,0.04889166135261732,-0.17710032903555417,0.13127948998146904,0.13127948998146904,0.6842105263157895,131
knn_resid_speed_cov_observed,observed_pair,19,1470,-0.04940243444971487,-0.06456916449109351,0.08836113477424681,0.08836113477424681,0.631578947368421,131
knn_resid_speed_cov_cumulant,empirical_cumulant,19,1470,-0.016359919288710542,-0.057724970144978516,0.05464862190060643,0.05464862190060643,0.631578947368421,131
knn_resid_tangential_cov_observed,observed_pair,19,1470,-0.06042823223377709,-0.0435024842795132,0.052385062102898325,0.052385062102898325,0.5263157894736842,131
knn_resid_tangential_cov_cumulant,empirical_cumulant,19,1470,-0.10034789236983627,-0.07623415206915113,-0.02305808523684741,0.02305808523684741,0.5263157894736842,131
knn_resid_radial_cov_observed,observed_pair,19,1470,-0.05887777335598032,0.14960223904649939,-0.020902481231103442,0.020902481231103442,0.5263157894736842,131
knn_resid_radial_cov_cumulant,empirical_cumulant,19,1470,-0.02981775999696354,0.16595373311944916,0.019544825641864882,0.019544825641864882,0.5263157894736842,131
knn_resid_alignment_observed,observed_pair,19,1470,0.016642393170605563,0.013721132846146372,0.016570548846256666,0.016570548846256666,0.5263157894736842,131
knn_resid_alignment_cumulant,empirical_cumulant,19,1470,-0.014377285885398883,0.05181429073141139,-0.00897888624453845,0.00897888624453845,0.5263157894736842,131
knn_resid_alignment_cumulant,empirical_cumulant,19,1470,-0.09414781666046076,0.06112982622141889,-0.20526907647705228,0.20526907647705228,0.7894736842105263,132
knn_resid_alignment_observed,observed_pair,19,1470,-0.08767898217875035,0.036151275663813154,-0.15002823081272088,0.15002823081272088,0.6842105263157895,132
knn_resid_alignment_expected,one_fish_conditional_baseline,19,1470,0.08211978289480076,-0.03918469009989367,0.13324943580052354,0.13324943580052354,0.6842105263157895,132
knn_resid_radial_cov_cumulant,empirical_cumulant,19,1470,-0.07610333786404722,0.09446097251233515,-0.10280585628639138,0.10280585628639138,0.5789473684210527,132
knn_resid_tangential_cov_observed,observed_pair,19,1470,0.011329394982455332,-0.037905068287623196,0.10183410095261017,0.10183410095261017,0.5789473684210527,132
knn_resid_speed_cov_observed,observed_pair,19,1470,-0.023838640053261417,-0.002540458668194509,0.09966108873624638,0.09966108873624638,0.631578947368421,132
knn_resid_speed_cov_cumulant,empirical_cumulant,19,1470,-0.038592292902538045,-0.05933721299793582,0.07316049798603697,0.07316049798603697,0.631578947368421,132
knn_resid_tangential_cov_cumulant,empirical_cumulant,19,1470,-0.002212595266296677,-0.0025567713307730333,0.06301923486643313,0.06301923486643313,0.631578947368421,132
knn_resid_radial_cov_observed,observed_pair,19,1470,-0.06729546456363049,0.03714416650656342,-0.05461446468183754,0.05461446468183754,0.6842105263157895,132
knn_resid_radial_cov_expected,one_fish_conditional_baseline,19,1470,0.03877501856959609,0.02329989415507905,0.04029648760198999,0.04029648760198999,0.5263157894736842,132
knn_resid_speed_cov_expected,one_fish_conditional_baseline,19,1470,0.038775018569595504,0.02329989415507948,0.040296487601989645,0.040296487601989645,0.5263157894736842,132
knn_resid_tangential_cov_expected,one_fish_conditional_baseline,19,1470,0.03877501856959634,0.023299894155079173,0.040296487601989256,0.040296487601989256,0.5263157894736842,132
knn_resid_tangential_cov_observed,observed_pair,19,1471,0.059918637036297656,-0.00787207627410147,0.16192777412177983,0.16192777412177983,0.5789473684210527,133
knn_resid_radial_cov_cumulant,empirical_cumulant,19,1471,0.09923502120812397,0.10857454160676076,0.1438707033153101,0.1438707033153101,0.5789473684210527,133
knn_resid_tangential_cov_cumulant,empirical_cumulant,19,1471,0.03649372494737951,-0.03552789113552062,0.1379028262418749,0.1379028262418749,0.5789473684210527,133
knn_resid_alignment_expected,one_fish_conditional_baseline,19,1471,0.16257168674112032,-0.06429090242837895,0.13381235836480837,0.13381235836480837,0.5789473684210527,133
knn_resid_speed_cov_cumulant,empirical_cumulant,19,1471,0.03284402861146654,-0.05689610464536568,0.12224123784848576,0.12224123784848576,0.631578947368421,133
knn_resid_radial_cov_observed,observed_pair,19,1471,-0.0063043028446339855,0.13901225149552895,0.11664161415635826,0.11664161415635826,0.5263157894736842,133
knn_resid_speed_cov_observed,observed_pair,19,1471,0.03601820258317287,-0.032792780485663975,0.1002704830046455,0.1002704830046455,0.631578947368421,133
knn_resid_tangential_cov_expected,one_fish_conditional_baseline,19,1471,-0.015619694990341187,-0.038732705337389504,0.08536987187242809,0.08536987187242809,0.5789473684210527,133
knn_resid_radial_cov_expected,one_fish_conditional_baseline,19,1471,-0.015619694990339883,-0.03873270533738952,0.08536987187242792,0.08536987187242792,0.5789473684210527,133
knn_resid_speed_cov_expected,one_fish_conditional_baseline,19,1471,-0.015619694990341076,-0.03873270533738907,0.08536987187242764,0.08536987187242764,0.5789473684210527,133
knn_resid_alignment_observed,observed_pair,19,1471,0.014478737952369786,0.04389865453619457,-0.05609437498832187,0.05609437498832187,0.5263157894736842,133
knn_resid_alignment_cumulant,empirical_cumulant,19,1471,0.02330324223712102,0.06729303685558922,-0.006891404326735406,0.006891404326735406,0.5263157894736842,133
knn_resid_alignment_cumulant,empirical_cumulant,19,1471,-0.07865271718544739,0.03835338568388824,-0.07158936481291253,0.07158936481291253,0.5789473684210527,134
knn_resid_speed_cov_observed,observed_pair,19,1471,-0.03686086013637048,0.000238499084610877,0.05563332357413092,0.05563332357413092,0.5263157894736842,134
knn_resid_speed_cov_cumulant,empirical_cumulant,19,1471,-0.0430121663633522,-0.011984933161463207,-0.048905631088088874,0.048905631088088874,0.5263157894736842,134
knn_resid_alignment_observed,observed_pair,19,1471,-0.023825829394281545,0.00657538770414029,0.04604817240155687,0.04604817240155687,0.5263157894736842,134
knn_resid_radial_cov_observed,observed_pair,19,1471,0.06581073697900598,0.029444495910125712,0.042793966442792486,0.042793966442792486,0.5263157894736842,134
knn_resid_alignment_expected,one_fish_conditional_baseline,19,1471,-0.020643345921927847,-0.01836581101426689,0.03350411285085855,0.03350411285085855,0.5263157894736842,134
knn_resid_tangential_cov_observed,observed_pair,19,1471,0.014214898753406868,0.040285943760431375,-0.0285058944971964,0.0285058944971964,0.5263157894736842,134
knn_resid_radial_cov_cumulant,empirical_cumulant,19,1471,0.04353370635681085,0.06469475686450495,0.011552006525766184,0.011552006525766184,0.5789473684210527,134
knn_resid_speed_cov_expected,one_fish_conditional_baseline,19,1471,0.023522976233647686,0.05593572837632518,-0.005214623590634897,0.005214623590634897,0.5263157894736842,134
knn_resid_tangential_cov_expected,one_fish_conditional_baseline,19,1471,0.02352297623364799,0.0559357283763246,-0.0052146235906348,0.0052146235906348,0.5263157894736842,134
knn_resid_radial_cov_expected,one_fish_conditional_baseline,19,1471,0.023522976233647866,0.05593572837632507,-0.005214623590634737,0.005214623590634737,0.5263157894736842,134
knn_resid_tangential_cov_cumulant,empirical_cumulant,19,1471,-0.0007188378803161533,0.05814084649158485,-0.001311192635249675,0.001311192635249675,0.5263157894736842,134
knn_resid_radial_cov_observed,observed_pair,19,1470,0.02356660033389596,-0.10206591101600992,0.1474159438165788,0.1474159438165788,0.631578947368421,135
knn_resid_radial_cov_cumulant,empirical_cumulant,19,1470,0.005648592094080543,-0.07322657622101923,0.13102765981387082,0.13102765981387082,0.631578947368421,135
knn_resid_speed_cov_cumulant,empirical_cumulant,19,1470,-0.02391857028516159,0.026978454506930004,0.12670772289453547,0.12670772289453547,0.631578947368421,135
knn_resid_speed_cov_observed,observed_pair,19,1470,-0.04286703271170872,0.012029505562797388,0.12042172881335578,0.12042172881335578,0.631578947368421,135
knn_resid_alignment_observed,observed_pair,19,1470,-0.11726330383360137,0.0056224268885956205,-0.11305253839618173,0.11305253839618173,0.631578947368421,135
knn_resid_alignment_cumulant,empirical_cumulant,19,1470,-0.004024794229174178,0.02149601303022347,-0.06746404469905246,0.06746404469905246,0.5263157894736842,135
knn_resid_tangential_cov_cumulant,empirical_cumulant,19,1470,-0.055765746241028286,0.025814011362218364,0.0529598553376375,0.0529598553376375,0.5263157894736842,135
knn_resid_tangential_cov_expected,one_fish_conditional_baseline,19,1470,0.011364312408596783,0.019134575296946288,-0.051863752596475146,0.051863752596475146,0.5789473684210527,135
knn_resid_speed_cov_expected,one_fish_conditional_baseline,19,1470,0.011364312408597005,0.019134575296946538,-0.051863752596474855,0.051863752596474855,0.5789473684210527,135
knn_resid_radial_cov_expected,one_fish_conditional_baseline,19,1470,0.011364312408597171,0.01913457529694551,-0.051863752596473536,0.051863752596473536,0.5789473684210527,135
knn_resid_tangential_cov_observed,observed_pair,19,1470,-0.05596094971572804,0.013728264299763732,-0.04431007099612572,0.04431007099612572,0.5263157894736842,135
knn_resid_alignment_expected,one_fish_conditional_baseline,19,1470,-0.04940781734321048,0.029659475830700388,-0.015571400205885155,0.015571400205885155,0.5789473684210527,135
knn_resid_radial_cov_cumulant,empirical_cumulant,19,1470,0.0181352704241724,-0.004148431107567158,0.23255825953850473,0.23255825953850473,0.7368421052631579,136
knn_resid_radial_cov_observed,observed_pair,19,1470,0.02353798160042303,-0.012956392609256434,0.1676566904309253,0.1676566904309253,0.5789473684210527,136
knn_resid_tangential_cov_observed,observed_pair,19,1470,-0.10779154034970109,-0.033337586495948146,-0.14440167260326975,0.14440167260326975,0.5789473684210527,136
knn_resid_speed_cov_cumulant,empirical_cumulant,19,1470,-0.11815726435528384,0.04105054169642454,-0.13963889472636248,0.13963889472636248,0.7368421052631579,136
knn_resid_speed_cov_observed,observed_pair,19,1470,-0.13478405767148727,0.06045166452153971,-0.13072020767584625,0.13072020767584625,0.6842105263157895,136
knn_resid_tangential_cov_cumulant,empirical_cumulant,19,1470,-0.1039671115304366,-0.017305725160344565,-0.10968627266185527,0.10968627266185527,0.5789473684210527,136
knn_resid_speed_cov_expected,one_fish_conditional_baseline,19,1470,0.034929409553711155,-0.05520711895326484,0.10943441840741513,0.10943441840741513,0.631578947368421,136
knn_resid_radial_cov_expected,one_fish_conditional_baseline,19,1470,0.034929409553711155,-0.05520711895326372,0.10943441840741491,0.10943441840741491,0.631578947368421,136
knn_resid_tangential_cov_expected,one_fish_conditional_baseline,19,1470,0.03492940955371143,-0.0552071189532642,0.10943441840741447,0.10943441840741447,0.631578947368421,136
knn_resid_alignment_observed,observed_pair,19,1470,-0.05892302665175497,-0.0027942090780763706,-0.05250485392605787,0.05250485392605787,0.5789473684210527,136
knn_resid_alignment_expected,one_fish_conditional_baseline,19,1470,5.449430577117442e-05,0.06312888687542437,0.033735526481906586,0.033735526481906586,0.5263157894736842,136
knn_resid_alignment_cumulant,empirical_cumulant,19,1470,-0.03945169921072106,-0.08986294069774318,-0.007038541617713501,0.007038541617713501,0.5263157894736842,136
knn_resid_alignment_cumulant,empirical_cumulant,19,1471,-0.05824965296153125,-0.010338385591107373,-0.08480355384681021,0.08480355384681021,0.631578947368421,137
knn_resid_speed_cov_cumulant,empirical_cumulant,19,1471,0.06467372063043172,0.020114980824661576,0.06093002210167742,0.06093002210167742,0.5263157894736842,137
knn_resid_radial_cov_observed,observed_pair,19,1471,-0.03069233121484824,0.0530038263062555,-0.05017823996605908,0.05017823996605908,0.5789473684210527,137
knn_resid_alignment_expected,one_fish_conditional_baseline,19,1471,0.024124087258451943,0.04506253952214399,-0.04163899329734014,0.04163899329734014,0.5789473684210527,137
knn_resid_speed_cov_observed,observed_pair,19,1471,0.04226777564713578,0.0702404149129601,0.0370004089237746,0.0370004089237746,0.5263157894736842,137
knn_resid_radial_cov_cumulant,empirical_cumulant,19,1471,0.0018180374348739647,0.020813876548013394,-0.03699373964743452,0.03699373964743452,0.631578947368421,137
knn_resid_tangential_cov_cumulant,empirical_cumulant,19,1471,0.03026487360691653,0.004125384908467637,-0.033203886673195404,0.033203886673195404,0.5789473684210527,137
knn_resid_speed_cov_expected,one_fish_conditional_baseline,19,1471,0.006026020623362882,0.07314050649996662,-0.03200856871299583,0.03200856871299583,0.5789473684210527,137
knn_resid_tangential_cov_expected,one_fish_conditional_baseline,19,1471,0.006026020623363104,0.0731405064999662,-0.03200856871299551,0.03200856871299551,0.5789473684210527,137
knn_resid_radial_cov_expected,one_fish_conditional_baseline,19,1471,0.006026020623362799,0.07314050649996559,-0.032008568712995455,0.032008568712995455,0.5789473684210527,137
knn_resid_alignment_observed,observed_pair,19,1471,-0.09529853541229148,-0.05403700250208959,-0.008547887990873915,0.008547887990873915,0.5789473684210527,137
knn_resid_tangential_cov_observed,observed_pair,19,1471,0.06127804087918786,0.01617427784791685,-0.0016344502265537852,0.0016344502265537852,0.5263157894736842,137
knn_resid_tangential_cov_observed,observed_pair,19,1470,-0.030514666728306758,0.02331231392343651,0.07620716416340953,0.07620716416340953,0.5263157894736842,138
knn_resid_radial_cov_cumulant,empirical_cumulant,19,1470,-0.015738442541416375,0.02419182397803058,-0.059605591004246686,0.059605591004246686,0.5263157894736842,138
knn_resid_tangential_cov_cumulant,empirical_cumulant,19,1470,-0.03504806930678936,0.01953693598160368,0.05879146276203126,0.05879146276203126,0.5263157894736842,138
knn_resid_radial_cov_observed,observed_pair,19,1470,-0.004131115953612069,0.024494319193846155,-0.04236003894879385,0.04236003894879385,0.5263157894736842,138
knn_resid_alignment_expected,one_fish_conditional_baseline,19,1470,-0.007334462184654833,-0.04593023249050947,0.024711515375982596,0.024711515375982596,0.5789473684210527,138
knn_resid_speed_cov_observed,observed_pair,19,1470,0.03439828314500806,-0.01654131089038119,-0.02372107247483385,0.02372107247483385,0.5263157894736842,138
knn_resid_alignment_observed,observed_pair,19,1470,-0.010960222787208866,-0.07216034832018028,0.0214448691438886,0.0214448691438886,0.631578947368421,138
knn_resid_tangential_cov_expected,one_fish_conditional_baseline,19,1470,-0.050068588995984376,-0.02852083126074819,0.0076066737662705275,0.0076066737662705275,0.5263157894736842,138
knn_resid_radial_cov_expected,one_fish_conditional_baseline,19,1470,-0.050068588995984736,-0.02852083126074837,0.00760667376627,0.00760667376627,0.5263157894736842,138
knn_resid_speed_cov_expected,one_fish_conditional_baseline,19,1470,-0.05006858899598479,-0.028520831260747996,0.0076066737662692785,0.0076066737662692785,0.5263157894736842,138
knn_resid_alignment_cumulant,empirical_cumulant,19,1470,0.023674367406979008,0.014671641688772538,0.0034678779478032606,0.0034678779478032606,0.5789473684210527,138
knn_resid_speed_cov_cumulant,empirical_cumulant,19,1470,0.012294860762470126,-0.008438839194768344,0.002553762162402301,0.002553762162402301,0.5263157894736842,138
knn_resid_radial_cov_observed,observed_pair,19,1471,-0.046438047103564806,0.05873404758625134,-0.14566159876435247,0.14566159876435247,0.631578947368421,139
knn_resid_alignment_expected,one_fish_conditional_baseline,19,1471,-0.12641843291900434,0.03173109974460109,-0.12945313004512804,0.12945313004512804,0.5263157894736842,139
knn_resid_radial_cov_cumulant,empirical_cumulant,19,1471,-0.04913644929918211,0.0508839272072413,-0.12831851700268102,0.12831851700268102,0.631578947368421,139
knn_resid_speed_cov_observed,observed_pair,19,1471,0.05732882052405579,0.050142991869819645,0.10699841996960545,0.10699841996960545,0.5789473684210527,139
knn_resid_speed_cov_cumulant,empirical_cumulant,19,1471,0.0709183069249755,0.03609962299087413,0.07819375990003681,0.07819375990003681,0.5789473684210527,139
knn_resid_alignment_cumulant,empirical_cumulant,19,1471,0.016548576465210907,-0.05025342820299539,0.06965828235967342,0.06965828235967342,0.631578947368421,139
knn_resid_radial_cov_expected,one_fish_conditional_baseline,19,1471,0.011874219788407747,0.09488213880853759,0.044918987111131764,0.044918987111131764,0.5789473684210527,139
knn_resid_tangential_cov_expected,one_fish_conditional_baseline,19,1471,0.011874219788407803,0.0948821388085379,0.044918987111131375,0.044918987111131375,0.5789473684210527,139
knn_resid_speed_cov_expected,one_fish_conditional_baseline,19,1471,0.011874219788406942,0.09488213880853738,0.04491898711113021,0.04491898711113021,0.5789473684210527,139
knn_resid_alignment_observed,observed_pair,19,1471,-0.042866504608168085,-0.09393860463994279,-0.02607258869123931,0.02607258869123931,0.5263157894736842,139
knn_resid_tangential_cov_cumulant,empirical_cumulant,19,1471,0.008426262890191993,0.09982536269829537,-0.024817310896264544,0.024817310896264544,0.5263157894736842,139
knn_resid_tangential_cov_observed,observed_pair,19,1471,0.006025388959928851,0.07701526110957294,0.007153865329410869,0.007153865329410869,0.5263157894736842,139
knn_resid_alignment_observed,observed_pair,19,1470,0.047259435478016754,-0.11051555251331692,0.17927224701250832,0.17927224701250832,0.7894736842105263,140
knn_resid_alignment_cumulant,empirical_cumulant,19,1470,0.0634337207929937,-0.08443300252988728,0.13125486167147593,0.13125486167147593,0.631578947368421,140
knn_resid_speed_cov_cumulant,empirical_cumulant,19,1470,-0.003466197261211751,0.011817729271136238,0.09121777027586535,0.09121777027586535,0.5263157894736842,140
knn_resid_alignment_expected,one_fish_conditional_baseline,19,1470,0.04041729241332544,-0.05709025056293965,0.07187416965054641,0.07187416965054641,0.5789473684210527,140
knn_resid_speed_cov_observed,observed_pair,19,1470,-0.010258722530867376,0.00582865994845061,0.07113882521049505,0.07113882521049505,0.5263157894736842,140
knn_resid_tangential_cov_expected,one_fish_conditional_baseline,19,1470,0.009527913318649866,-0.07836411270304763,0.0696366567987817,0.0696366567987817,0.7894736842105263,140
knn_resid_speed_cov_expected,one_fish_conditional_baseline,19,1470,0.009527913318650334,-0.07836411270304758,0.06963665679878162,0.06963665679878162,0.7894736842105263,140
knn_resid_radial_cov_expected,one_fish_conditional_baseline,19,1470,0.009527913318650445,-0.07836411270304752,0.06963665679878119,0.06963665679878119,0.7894736842105263,140
knn_resid_radial_cov_observed,observed_pair,19,1470,-0.07551778180705881,-0.0985946037764469,0.051241940105981626,0.051241940105981626,0.5263157894736842,140
knn_resid_radial_cov_cumulant,empirical_cumulant,19,1470,-0.07874502801104477,-0.1159434612043641,0.04447362944777365,0.04447362944777365,0.5263157894736842,140
knn_resid_tangential_cov_observed,observed_pair,19,1470,0.047715420042689596,0.01709025292174321,-0.02035878488105325,0.02035878488105325,0.5263157894736842,140
knn_resid_tangential_cov_cumulant,empirical_cumulant,19,1470,0.035558103117682795,-0.002775334070831789,-0.018883555502338334,0.018883555502338334,0.5263157894736842,140
knn_resid_radial_cov_expected,one_fish_conditional_baseline,19,1471,0.09938765310022935,-0.11428872089397185,0.2472308504785078,0.2472308504785078,0.7368421052631579,141
knn_resid_tangential_cov_expected,one_fish_conditional_baseline,19,1471,0.09938765310022868,-0.11428872089397307,0.24723085047850757,0.24723085047850757,0.7368421052631579,141
knn_resid_speed_cov_expected,one_fish_conditional_baseline,19,1471,0.09938765310022912,-0.11428872089397266,0.2472308504785064,0.2472308504785064,0.7368421052631579,141
knn_resid_radial_cov_cumulant,empirical_cumulant,19,1471,0.037599057862459664,-0.2080874109633121,0.23017019987272214,0.23017019987272214,0.8421052631578947,141
knn_resid_radial_cov_observed,observed_pair,19,1471,0.05731778375133489,-0.19447177994146453,0.20699812323382938,0.20699812323382938,0.8421052631578947,141
knn_resid_alignment_cumulant,empirical_cumulant,19,1471,0.12140625091637307,-0.01737911184846594,0.16469707546015144,0.16469707546015144,0.631578947368421,141
knn_resid_alignment_observed,observed_pair,19,1471,0.08858865269967316,-0.03853561755976484,0.15696938960410345,0.15696938960410345,0.631578947368421,141
knn_resid_speed_cov_cumulant,empirical_cumulant,19,1471,-0.06080162149091012,-0.07102088369281567,0.09360109654716683,0.09360109654716683,0.5789473684210527,141
knn_resid_speed_cov_observed,observed_pair,19,1471,-0.028092902307492285,-0.013241355901958407,0.08907695846320789,0.08907695846320789,0.5263157894736842,141
knn_resid_tangential_cov_observed,observed_pair,19,1471,-0.0020990237978464887,-0.06478064109831472,0.08743696475454127,0.08743696475454127,0.631578947368421,141
knn_resid_tangential_cov_cumulant,empirical_cumulant,19,1471,-0.018777365763851694,-0.10167133756781849,0.06986528006283446,0.06986528006283446,0.6842105263157895,141
knn_resid_alignment_expected,one_fish_conditional_baseline,19,1471,-0.0186711119416178,0.08471371526795754,-0.018891009199115266,0.018891009199115266,0.5263157894736842,141
knn_resid_alignment_cumulant,empirical_cumulant,19,1471,0.023832620525291726,0.05798855656052345,-0.15714389504300375,0.15714389504300375,0.631578947368421,142
knn_resid_alignment_observed,observed_pair,19,1471,-0.040854262369805244,0.0801904407546585,-0.12104470312446375,0.12104470312446375,0.6842105263157895,142
knn_resid_radial_cov_expected,one_fish_conditional_baseline,19,1471,0.02152163454121192,-0.03234597545406575,0.09094590632444659,0.09094590632444659,0.631578947368421,142
knn_resid_tangential_cov_expected,one_fish_conditional_baseline,19,1471,0.021521634541212753,-0.03234597545406581,0.09094590632444619,0.09094590632444619,0.631578947368421,142
knn_resid_speed_cov_expected,one_fish_conditional_baseline,19,1471,0.021521634541214363,-0.03234597545406617,0.09094590632444602,0.09094590632444602,0.631578947368421,142
knn_resid_alignment_expected,one_fish_conditional_baseline,19,1471,0.048308366131105465,-0.03572012037106989,-0.05840061779142591,0.05840061779142591,0.5789473684210527,142
knn_resid_tangential_cov_cumulant,empirical_cumulant,19,1471,0.025837155152093463,-0.0758970420934269,0.04373841819669841,0.04373841819669841,0.5263157894736842,142
knn_resid_radial_cov_cumulant,empirical_cumulant,19,1471,0.03762435348959434,-0.022905909661834756,0.036470206144201184,0.036470206144201184,0.5789473684210527,142
knn_resid_radial_cov_observed,observed_pair,19,1471,0.012964974379383733,-0.019129442409470593,0.03200798717828508,0.03200798717828508,0.5263157894736842,142
knn_resid_tangential_cov_observed,observed_pair,19,1471,0.03880504963293201,-0.07296449593047931,0.03172471386147166,0.03172471386147166,0.5263157894736842,142
knn_resid_speed_cov_observed,observed_pair,19,1471,-0.030830997317317366,0.0007400243724881295,-0.027790411545074112,0.027790411545074112,0.631578947368421,142
knn_resid_speed_cov_cumulant,empirical_cumulant,19,1471,-0.028666883518998598,-0.007778009578857521,0.004453711343918712,0.004453711343918712,0.5263157894736842,142
knn_resid_alignment_cumulant,empirical_cumulant,19,1471,0.032364039032826974,0.09785233515647251,-0.1505814366667218,0.1505814366667218,0.5789473684210527,143
knn_resid_speed_cov_expected,one_fish_conditional_baseline,19,1471,-0.04368511702471206,-0.09594082469365801,0.11832859489138248,0.11832859489138248,0.6842105263157895,143
knn_resid_radial_cov_expected,one_fish_conditional_baseline,19,1471,-0.04368511702471156,-0.09594082469365821,0.1183285948913817,0.1183285948913817,0.6842105263157895,143
knn_resid_tangential_cov_expected,one_fish_conditional_baseline,19,1471,-0.04368511702471162,-0.09594082469365807,0.11832859489138131,0.11832859489138131,0.6842105263157895,143
knn_resid_radial_cov_observed,observed_pair,19,1471,-0.006974378240396276,-0.013213929045081285,-0.10556589223699095,0.10556589223699095,0.5789473684210527,143
knn_resid_alignment_observed,observed_pair,19,1471,-0.005516850273906304,0.05906871022455646,-0.08893517034872592,0.08893517034872592,0.631578947368421,143
knn_resid_radial_cov_cumulant,empirical_cumulant,19,1471,0.0052392550258897885,-0.005718998465928576,-0.0765364691029471,0.0765364691029471,0.5789473684210527,143
knn_resid_alignment_expected,one_fish_conditional_baseline,19,1471,-0.04177487704183516,0.010850716311111147,-0.04562607529521076,0.04562607529521076,0.631578947368421,143
knn_resid_speed_cov_cumulant,empirical_cumulant,19,1471,0.03533383181514743,0.08592458868907932,-0.032557605239665874,0.032557605239665874,0.5263157894736842,143
knn_resid_tangential_cov_cumulant,empirical_cumulant,19,1471,0.18137135759875644,-0.02167022797405277,-0.02601987188966659,0.02601987188966659,0.5263157894736842,143
knn_resid_tangential_cov_observed,observed_pair,19,1471,0.21891366840069518,-0.05510523184147745,-0.02538930333120823,0.02538930333120823,0.5789473684210527,143
knn_resid_speed_cov_observed,observed_pair,19,1471,0.01231786112723865,0.053663860175706235,-0.02527263269707064,0.02527263269707064,0.5263157894736842,143
knn_resid_alignment_cumulant,empirical_cumulant,19,1470,-0.013582931240397306,0.04650675659579495,-0.1868042124188321,0.1868042124188321,0.5263157894736842,144
knn_resid_tangential_cov_cumulant,empirical_cumulant,19,1470,-0.1505886432445032,0.10268288958784705,-0.18356739666592986,0.18356739666592986,0.6842105263157895,144
knn_resid_tangential_cov_observed,observed_pair,19,1470,-0.12794745870448726,0.10138280835410468,-0.16955285050489524,0.16955285050489524,0.6842105263157895,144
knn_resid_radial_cov_cumulant,empirical_cumulant,19,1470,-0.013448813406390148,0.10918921591819086,-0.12351409809445515,0.12351409809445515,0.631578947368421,144
knn_resid_speed_cov_observed,observed_pair,19,1470,-0.0009057957465529579,-0.062419094560709154,0.09800299158463362,0.09800299158463362,0.631578947368421,144
knn_resid_speed_cov_expected,one_fish_conditional_baseline,19,1470,0.0202847096048433,-0.020334816033916958,0.07199688429688905,0.07199688429688905,0.5789473684210527,144
knn_resid_tangential_cov_expected,one_fish_conditional_baseline,19,1470,0.020284709604842632,-0.02033481603391689,0.07199688429688862,0.07199688429688862,0.5789473684210527,144
knn_resid_radial_cov_expected,one_fish_conditional_baseline,19,1470,0.020284709604842133,-0.020334816033916417,0.07199688429688807,0.07199688429688807,0.5789473684210527,144
knn_resid_speed_cov_cumulant,empirical_cumulant,19,1470,-0.019997539031798947,-0.056758542026548016,0.05743748452849093,0.05743748452849093,0.631578947368421,144
knn_resid_radial_cov_observed,observed_pair,19,1470,0.012065860105214432,0.10911303086664215,-0.057170105614441344,0.057170105614441344,0.631578947368421,144
knn_resid_alignment_expected,one_fish_conditional_baseline,19,1470,-0.07825166808529058,-0.1216983637595746,0.04055995631143712,0.04055995631143712,0.631578947368421,144
knn_resid_alignment_observed,observed_pair,19,1470,0.04634106447572864,-0.05635742424825775,0.03545038957237706,0.03545038957237706,0.5263157894736842,144
knn_resid_speed_cov_observed,observed_pair,19,1471,0.06432427693792661,-0.09403743969930722,0.12755314671361037,0.12755314671361037,0.6842105263157895,145
knn_resid_radial_cov_observed,observed_pair,19,1471,0.05518388719627776,0.02116982411861156,0.11024893933396168,0.11024893933396168,0.6842105263157895,145
knn_resid_speed_cov_cumulant,empirical_cumulant,19,1471,0.06879001711281324,-0.07317085424033415,0.09494868979939988,0.09494868979939988,0.6842105263157895,145
knn_resid_tangential_cov_expected,one_fish_conditional_baseline,19,1471,-0.02560761885774253,-0.1467096900397954,0.0713552583499359,0.0713552583499359,0.5789473684210527,145
knn_resid_speed_cov_expected,one_fish_conditional_baseline,19,1471,-0.02560761885774261,-0.1467096900397949,0.07135525834993509,0.07135525834993509,0.5789473684210527,145
knn_resid_radial_cov_expected,one_fish_conditional_baseline,19,1471,-0.025607618857742598,-0.1467096900397945,0.07135525834993423,0.07135525834993423,0.5789473684210527,145
knn_resid_radial_cov_cumulant,empirical_cumulant,19,1471,0.05269342240619326,0.05686199304678585,0.06016501370963023,0.06016501370963023,0.5789473684210527,145
knn_resid_alignment_expected,one_fish_conditional_baseline,19,1471,-0.04703240425201938,0.05437099486299435,-0.041465184099442776,0.041465184099442776,0.5789473684210527,145
knn_resid_alignment_observed,observed_pair,19,1471,-0.049302504451544396,0.08042806662327638,-0.03006708454861457,0.03006708454861457,0.5263157894736842,145
knn_resid_tangential_cov_cumulant,empirical_cumulant,19,1471,-0.06539756394932766,0.0021574265138591953,-0.021072968319108543,0.021072968319108543,0.5263157894736842,145
knn_resid_tangential_cov_observed,observed_pair,19,1471,0.01939989556206234,0.019869914611557432,-0.017035325181993577,0.017035325181993577,0.5263157894736842,145
knn_resid_alignment_cumulant,empirical_cumulant,19,1471,-0.005893974789846358,0.007756438026081974,-0.0022156326487257384,0.0022156326487257384,0.5263157894736842,145
knn_resid_radial_cov_observed,observed_pair,19,1471,-0.1732769943505128,0.09656492973441921,-0.15451326242597846,0.15451326242597846,0.631578947368421,146
knn_resid_speed_cov_observed,observed_pair,19,1471,0.05589290250843116,-0.05923195480990445,0.1367416994315893,0.1367416994315893,0.631578947368421,146
knn_resid_alignment_cumulant,empirical_cumulant,19,1471,-0.0032708664812967636,0.030795769172556747,-0.13405943849697693,0.13405943849697693,0.5789473684210527,146
knn_resid_speed_cov_cumulant,empirical_cumulant,19,1471,0.0487675053427965,-0.05635580043663935,0.13339379688058,0.13339379688058,0.6842105263157895,146
knn_resid_tangential_cov_expected,one_fish_conditional_baseline,19,1471,-0.004715717887445431,0.10704456068658641,-0.12473485129365236,0.12473485129365236,0.631578947368421,146
knn_resid_radial_cov_expected,one_fish_conditional_baseline,19,1471,-0.004715717887445514,0.10704456068658584,-0.1247348512936522,0.1247348512936522,0.631578947368421,146
knn_resid_speed_cov_expected,one_fish_conditional_baseline,19,1471,-0.0047157178874449035,0.1070445606865855,-0.12473485129365186,0.12473485129365186,0.631578947368421,146
knn_resid_radial_cov_cumulant,empirical_cumulant,19,1471,-0.08386947969637215,0.0531447778383323,-0.08652828312079004,0.08652828312079004,0.7368421052631579,146
knn_resid_alignment_expected,one_fish_conditional_baseline,19,1471,0.018402281051817654,0.10165156195670945,-0.06763055619488567,0.06763055619488567,0.5263157894736842,146
knn_resid_alignment_observed,observed_pair,19,1471,0.0012706460940493658,0.0066786043113638005,0.024282166050951487,0.024282166050951487,0.5263157894736842,146
knn_resid_tangential_cov_cumulant,empirical_cumulant,19,1471,0.042598379088183536,-0.019449370226260254,-0.015664246673893573,0.015664246673893573,0.5789473684210527,146
knn_resid_tangential_cov_observed,observed_pair,19,1471,0.010386679508697094,-0.02683707010681992,0.0035988031401165688,0.0035988031401165688,0.5263157894736842,146
knn_resid_alignment_cumulant,empirical_cumulant,19,1471,0.10330080742229578,-0.044365016777420996,0.1409410192656399,0.1409410192656399,0.7368421052631579,147
knn_resid_radial_cov_observed,observed_pair,19,1471,-0.0025057101995378805,-0.07711934721007749,0.1101649800838996,0.1101649800838996,0.6842105263157895,147
knn_resid_alignment_expected,one_fish_conditional_baseline,19,1471,0.041030569068976286,-0.13386245025511545,0.10475589239310251,0.10475589239310251,0.631578947368421,147
knn_resid_tangential_cov_cumulant,empirical_cumulant,19,1471,-0.0783363160012563,0.004265473509418735,-0.09430738327930391,0.09430738327930391,0.631578947368421,147
knn_resid_radial_cov_cumulant,empirical_cumulant,19,1471,0.047675940628152114,-0.010477527733035785,0.0932899167158775,0.0932899167158775,0.631578947368421,147
knn_resid_tangential_cov_observed,observed_pair,19,1471,-0.02958568441054593,-0.013982567407499369,-0.0585301132310968,0.0585301132310968,0.5789473684210527,147
knn_resid_alignment_observed,observed_pair,19,1471,0.05519511581239639,-0.04894281067947337,0.04928928083482877,0.04928928083482877,0.7368421052631579,147
knn_resid_speed_cov_observed,observed_pair,19,1471,0.03428551804978136,-0.08465978486303519,0.01906493815244778,0.01906493815244778,0.5263157894736842,147
knn_resid_speed_cov_cumulant,empirical_cumulant,19,1471,0.0028930843823252173,-0.09369623712687472,-0.01400204377226466,0.01400204377226466,0.5263157894736842,147
knn_resid_tangential_cov_expected,one_fish_conditional_baseline,19,1471,-0.018040273960709258,-0.023089447347057923,-4.1449726942088816e-05,4.1449726942088816e-05,0.5263157894736842,147
knn_resid_radial_cov_expected,one_fish_conditional_baseline,19,1471,-0.018040273960708564,-0.023089447347057437,-4.144972694176963e-05,4.144972694176963e-05,0.5263157894736842,147
knn_resid_speed_cov_expected,one_fish_conditional_baseline,19,1471,-0.018040273960708703,-0.023089447347058242,-4.144972694176963e-05,4.144972694176963e-05,0.5263157894736842,147
knn_resid_alignment_observed,observed_pair,19,1471,-0.008711233266312124,0.08852470667485252,-0.09566352811269374,0.09566352811269374,0.5789473684210527,148
knn_resid_radial_cov_cumulant,empirical_cumulant,19,1471,0.014532084190734484,-0.010513944237281359,0.07235318560298681,0.07235318560298681,0.5789473684210527,148
knn_resid_speed_cov_observed,observed_pair,19,1471,-0.02757709814441133,-0.04894764305789767,0.06576810147953702,0.06576810147953702,0.631578947368421,148
knn_resid_speed_cov_expected,one_fish_conditional_baseline,19,1471,-0.030962667790513848,-0.05514124964160365,0.048499062082735064,0.048499062082735064,0.5789473684210527,148
knn_resid_tangential_cov_expected,one_fish_conditional_baseline,19,1471,-0.030962667790513723,-0.055141249641603496,0.04849906208273504,0.04849906208273504,0.5789473684210527,148
knn_resid_radial_cov_expected,one_fish_conditional_baseline,19,1471,-0.030962667790514,-0.055141249641602795,0.048499062082733975,0.048499062082733975,0.5789473684210527,148
knn_resid_speed_cov_cumulant,empirical_cumulant,19,1471,-0.027870944747344195,-0.07151064508126288,0.04406574352957418,0.04406574352957418,0.5789473684210527,148
knn_resid_tangential_cov_cumulant,empirical_cumulant,19,1471,-0.04520098239473114,0.0022780362274458232,0.04116171195956457,0.04116171195956457,0.5789473684210527,148
knn_resid_radial_cov_observed,observed_pair,19,1471,0.03086825743102628,-0.02489995212123286,0.03873981935211181,0.03873981935211181,0.5263157894736842,148
knn_resid_tangential_cov_observed,observed_pair,19,1471,-0.010220989606864267,0.004100811142180381,0.016979661107747998,0.016979661107747998,0.5789473684210527,148
knn_resid_alignment_cumulant,empirical_cumulant,19,1471,-0.015288458163369004,-0.016543555476561167,-0.00418040117121124,0.00418040117121124,0.5263157894736842,148
knn_resid_alignment_expected,one_fish_conditional_baseline,19,1471,0.013966357048473689,0.028145725187527934,-0.0027717725070020433,0.0027717725070020433,0.5263157894736842,148
knn_resid_tangential_cov_cumulant,empirical_cumulant,19,1471,-0.04961855536963445,0.025417375549124405,-0.14705085137587787,0.14705085137587787,0.631578947368421,149
knn_resid_tangential_cov_observed,observed_pair,19,1471,-0.003612178375628078,0.021927004759118213,-0.11761690370513522,0.11761690370513522,0.631578947368421,149
knn_resid_tangential_cov_expected,one_fish_conditional_baseline,19,1471,0.0647043734125693,-0.042043317997296326,0.10094624913164789,0.10094624913164789,0.631578947368421,149
knn_resid_radial_cov_expected,one_fish_conditional_baseline,19,1471,0.06470437341256952,-0.04204331799729644,0.10094624913164783,0.10094624913164783,0.631578947368421,149
knn_resid_speed_cov_expected,one_fish_conditional_baseline,19,1471,0.06470437341257052,-0.042043317997296326,0.10094624913164704,0.10094624913164704,0.631578947368421,149
knn_resid_radial_cov_cumulant,empirical_cumulant,19,1471,-0.05828129920212344,-0.00048336436309853736,-0.0577979348390249,0.0577979348390249,0.631578947368421,149
knn_resid_alignment_expected,one_fish_conditional_baseline,19,1471,-0.0008787206791687659,0.06231160065722727,0.05694988923183536,0.05694988923183536,0.5263157894736842,149
knn_resid_alignment_cumulant,empirical_cumulant,19,1471,-0.004268294686320007,0.006349711711742735,0.020753904074842233,0.020753904074842233,0.5789473684210527,149
knn_resid_speed_cov_observed,observed_pair,19,1471,-0.06312225009486148,-0.023341995311918995,0.018689053203273298,0.018689053203273298,0.5263157894736842,149
knn_resid_radial_cov_observed,observed_pair,19,1471,-0.007046264436979088,0.01473712577001128,0.012628548434230204,0.012628548434230204,0.5263157894736842,149
knn_resid_alignment_observed,observed_pair,19,1471,-0.009384038511614401,-0.02931744576316858,-0.009960745870319962,0.009960745870319962,0.5263157894736842,149
knn_resid_speed_cov_cumulant,empirical_cumulant,19,1471,-0.05637832475272268,-0.053275999404354735,-0.0011968549620220842,0.0011968549620220842,0.5263157894736842,149
knn_resid_tangential_cov_cumulant,empirical_cumulant,19,1470,0.0027604280647757357,0.06171291247912036,-0.08456848721521151,0.08456848721521151,0.631578947368421,150
knn_resid_speed_cov_observed,observed_pair,19,1470,-0.04460923046290183,0.048687776103604696,-0.06441119205366322,0.06441119205366322,0.631578947368421,150
knn_resid_alignment_observed,observed_pair,19,1470,0.023894827492095816,0.0351988639735934,-0.05448749366519101,0.05448749366519101,0.631578947368421,150
knn_resid_tangential_cov_observed,observed_pair,19,1470,-0.013545088274763754,0.06309886925446817,-0.053407896107536476,0.053407896107536476,0.631578947368421,150
knn_resid_alignment_expected,one_fish_conditional_baseline,19,1470,0.04310677087387885,0.04520995386200709,0.05192493312586885,0.05192493312586885,0.5789473684210527,150
knn_resid_speed_cov_cumulant,empirical_cumulant,19,1470,-0.029195520652241735,0.04592635354206957,-0.04743825283104777,0.04743825283104777,0.7368421052631579,150
knn_resid_radial_cov_observed,observed_pair,19,1470,0.0006694173770937228,-0.041028888514712855,0.037264664754193655,0.037264664754193655,0.5789473684210527,150
knn_resid_alignment_cumulant,empirical_cumulant,19,1470,0.02482719502173962,0.05577523202541332,-0.0326917927151458,0.0326917927151458,0.5263157894736842,150
knn_resid_radial_cov_cumulant,empirical_cumulant,19,1470,0.013724703646496628,-0.006235032668091632,0.02679932743370403,0.02679932743370403,0.5789473684210527,150
knn_resid_radial_cov_expected,one_fish_conditional_baseline,19,1470,-0.07649775142163238,-0.07662562326348014,0.02006132636840098,0.02006132636840098,0.5789473684210527,150
knn_resid_tangential_cov_expected,one_fish_conditional_baseline,19,1470,-0.07649775142163348,-0.07662562326348074,0.02006132636840012,0.02006132636840012,0.5789473684210527,150
knn_resid_speed_cov_expected,one_fish_conditional_baseline,19,1470,-0.07649775142163394,-0.07662562326348088,0.020061326368399884,0.020061326368399884,0.5789473684210527,150
knn_resid_alignment_observed,observed_pair,19,1470,-0.06671538105304817,0.025242684808119864,-0.10031552554172787,0.10031552554172787,0.7368421052631579,151
knn_resid_alignment_expected,one_fish_conditional_baseline,19,1470,0.028905913123064883,0.014472386107211008,-0.07205101022088214,0.07205101022088214,0.5789473684210527,151
knn_resid_tangential_cov_observed,observed_pair,19,1470,0.030647782252536036,0.05558325537667391,-0.0698327048605894,0.0698327048605894,0.5789473684210527,151
knn_resid_radial_cov_expected,one_fish_conditional_baseline,19,1470,0.0011164740640110804,-0.015588218394717468,-0.0589525741836158,0.0589525741836158,0.6842105263157895,151
knn_resid_tangential_cov_expected,one_fish_conditional_baseline,19,1470,0.0011164740640108861,-0.015588218394717523,-0.058952574183615686,0.058952574183615686,0.6842105263157895,151
knn_resid_speed_cov_expected,one_fish_conditional_baseline,19,1470,0.0011164740640108306,-0.015588218394716857,-0.058952574183615616,0.058952574183615616,0.6842105263157895,151
knn_resid_speed_cov_observed,observed_pair,19,1470,0.02352671919368792,0.0037302648222599308,0.056656564392251495,0.056656564392251495,0.5789473684210527,151
knn_resid_alignment_cumulant,empirical_cumulant,19,1470,-0.060447271219070564,-0.04015266329415792,-0.04080545228675655,0.04080545228675655,0.7368421052631579,151
knn_resid_tangential_cov_cumulant,empirical_cumulant,19,1470,0.022367667222873783,0.041334877436243124,-0.03584391446704361,0.03584391446704361,0.5789473684210527,151
knn_resid_radial_cov_cumulant,empirical_cumulant,19,1470,0.026248148933502247,0.043957008281899676,-0.010776349900564863,0.010776349900564863,0.5263157894736842,151
knn_resid_speed_cov_cumulant,empirical_cumulant,19,1470,0.04670743545962697,0.013551540119301694,0.005628266870001952,0.005628266870001952,0.5263157894736842,151
knn_resid_radial_cov_observed,observed_pair,19,1470,0.0005519042388409667,0.0223135081396843,-0.0016595064038549268,0.0016595064038549268,0.5263157894736842,151
knn_resid_tangential_cov_cumulant,empirical_cumulant,19,1471,0.05037232293080271,0.04867561417985532,-0.09584389780377892,0.09584389780377892,0.631578947368421,152
knn_resid_tangential_cov_observed,observed_pair,19,1471,0.020735804235452807,0.04297970827662381,-0.0724769560484397,0.0724769560484397,0.631578947368421,152
knn_resid_radial_cov_cumulant,empirical_cumulant,19,1471,0.032928907342721886,-0.03728605375523861,0.06997545629086782,0.06997545629086782,0.6842105263157895,152
knn_resid_alignment_observed,observed_pair,19,1471,0.06491539538550185,0.028614209506864413,-0.06473419247573037,0.06473419247573037,0.5263157894736842,152
knn_resid_alignment_expected,one_fish_conditional_baseline,19,1471,0.028076096520118277,0.08542042350253369,0.0339815687867145,0.0339815687867145,0.5263157894736842,152
knn_resid_radial_cov_expected,one_fish_conditional_baseline,19,1471,-0.029771555415970916,-0.0337961546335548,0.019702212164879912,0.019702212164879912,0.5263157894736842,152
knn_resid_speed_cov_expected,one_fish_conditional_baseline,19,1471,-0.029771555415971086,-0.03379615463355558,0.01970221216487944,0.01970221216487944,0.5263157894736842,152
knn_resid_tangential_cov_expected,one_fish_conditional_baseline,19,1471,-0.02977155541597009,-0.033796154633554606,0.019702212164878857,0.019702212164878857,0.5263157894736842,152
knn_resid_radial_cov_observed,observed_pair,19,1471,0.023563038656009852,-0.03923769046216166,0.015319615200569014,0.015319615200569014,0.5789473684210527,152
knn_resid_alignment_cumulant,empirical_cumulant,19,1471,0.011594535233332648,-0.06500550996949402,0.007929969224832661,0.007929969224832661,0.5263157894736842,152
knn_resid_speed_cov_observed,observed_pair,19,1471,-0.07079919397039205,0.011176281711456237,-0.005277014402083585,0.005277014402083585,0.5789473684210527,152
knn_resid_speed_cov_cumulant,empirical_cumulant,19,1471,-0.05640864465229692,-0.008829265214024579,-0.004726250251334149,0.004726250251334149,0.5263157894736842,152
knn_resid_alignment_observed,observed_pair,19,1471,-0.08731311298991729,0.03833102892110207,-0.13933681518732194,0.13933681518732194,0.5789473684210527,153
knn_resid_speed_cov_cumulant,empirical_cumulant,19,1471,-0.024790172122949594,0.07078948087299,-0.13519752948234753,0.13519752948234753,0.5263157894736842,153
knn_resid_speed_cov_observed,observed_pair,19,1471,0.0024125831217067795,0.07231787457229513,-0.12257330500571507,0.12257330500571507,0.5263157894736842,153
knn_resid_radial_cov_observed,observed_pair,19,1471,0.07409935428915626,-0.11685935610477867,0.10897952139383262,0.10897952139383262,0.6842105263157895,153
knn_resid_radial_cov_cumulant,empirical_cumulant,19,1471,0.01982517386194904,-0.10623753432384171,0.07732283992752653,0.07732283992752653,0.6842105263157895,153
knn_resid_alignment_expected,one_fish_conditional_baseline,19,1471,0.022486762287945244,-0.0033992430330112462,0.04940349311804579,0.04940349311804579,0.5789473684210527,153
knn_resid_tangential_cov_cumulant,empirical_cumulant,19,1471,0.05182247357519301,-0.029746669643205104,0.03896440844814894,0.03896440844814894,0.5789473684210527,153
knn_resid_alignment_cumulant,empirical_cumulant,19,1471,-0.12787766138781057,-0.005594093333566787,-0.03668357027668345,0.03668357027668345,0.6842105263157895,153
knn_resid_tangential_cov_observed,observed_pair,19,1471,0.07906502590958323,-0.02720992309288217,0.0312776562474478,0.0312776562474478,0.5789473684210527,153
knn_resid_speed_cov_expected,one_fish_conditional_baseline,19,1471,-0.08288105848977034,-0.022169898411662503,0.006419018642126045,0.006419018642126045,0.5263157894736842,153
knn_resid_tangential_cov_expected,one_fish_conditional_baseline,19,1471,-0.08288105848977073,-0.022169898411663114,0.00641901864212524,0.00641901864212524,0.5263157894736842,153
knn_resid_radial_cov_expected,one_fish_conditional_baseline,19,1471,-0.08288105848977001,-0.022169898411662975,0.006419018642124824,0.006419018642124824,0.5263157894736842,153
knn_resid_radial_cov_observed,observed_pair,19,1469,-0.13342837160063464,0.12582129685576884,-0.19365575308227856,0.19365575308227856,0.7894736842105263,154
knn_resid_radial_cov_cumulant,empirical_cumulant,19,1469,-0.12689212044130183,0.0732257426618648,-0.15995396877400608,0.15995396877400608,0.7894736842105263,154
knn_resid_speed_cov_cumulant,empirical_cumulant,19,1469,-0.06701959478991121,-0.11813964351576654,0.14867467549900282,0.14867467549900282,0.631578947368421,154
knn_resid_speed_cov_observed,observed_pair,19,1469,-0.09233501083267165,-0.10111846634400583,0.1141058843898099,0.1141058843898099,0.5789473684210527,154
knn_resid_alignment_cumulant,empirical_cumulant,19,1469,-0.01816311671845212,-0.08541208375717135,0.10563738425956354,0.10563738425956354,0.631578947368421,154
knn_resid_tangential_cov_cumulant,empirical_cumulant,19,1469,-0.09088686103438667,-0.033763647025911614,-0.0496015455533791,0.0496015455533791,0.5789473684210527,154
knn_resid_alignment_expected,one_fish_conditional_baseline,19,1469,0.0034164484026528996,-0.1066560905522761,0.04749375248934952,0.04749375248934952,0.5263157894736842,154
knn_resid_tangential_cov_observed,observed_pair,19,1469,-0.02830255167529673,-0.012289056995744896,-0.03939926540005277,0.03939926540005277,0.5789473684210527,154
knn_resid_alignment_observed,observed_pair,19,1469,-0.03819233909449338,-0.12078657743047444,0.023335419083088976,0.023335419083088976,0.5263157894736842,154
knn_resid_tangential_cov_expected,one_fish_conditional_baseline,19,1469,-0.025112496950551733,0.05080542782229662,0.0043398102553057205,0.0043398102553057205,0.5263157894736842,154
knn_resid_speed_cov_expected,one_fish_conditional_baseline,19,1469,-0.0251124969505514,0.05080542782229688,0.004339810255305582,0.004339810255305582,0.5263157894736842,154
knn_resid_radial_cov_expected,one_fish_conditional_baseline,19,1469,-0.02511249695055151,0.05080542782229686,0.004339810255304638,0.004339810255304638,0.5263157894736842,154
knn_resid_speed_cov_observed,observed_pair,19,1470,-0.1341229674089316,0.010147710498017548,-0.19726452413414358,0.19726452413414358,0.6842105263157895,155
knn_resid_speed_cov_cumulant,empirical_cumulant,19,1470,-0.09087761545947382,0.06736151999638665,-0.11125529809574872,0.11125529809574872,0.631578947368421,155
knn_resid_alignment_expected,one_fish_conditional_baseline,19,1470,-0.06873137375461,-0.031017311030484634,0.0984714532299101,0.0984714532299101,0.631578947368421,155
knn_resid_radial_cov_cumulant,empirical_cumulant,19,1470,0.022091259610837077,-0.009137652370256433,-0.06995036703573765,0.06995036703573765,0.5263157894736842,155
knn_resid_alignment_cumulant,empirical_cumulant,19,1470,0.022193965348984726,-0.06423998257752855,0.05978042379764684,0.05978042379764684,0.7368421052631579,155
knn_resid_radial_cov_observed,observed_pair,19,1470,0.017801954445467838,0.030587133898782815,-0.056192765120762656,0.056192765120762656,0.5263157894736842,155
knn_resid_tangential_cov_cumulant,empirical_cumulant,19,1470,0.043797554421276585,0.013251032984197095,-0.03903245320838667,0.03903245320838667,0.5263157894736842,155
knn_resid_tangential_cov_observed,observed_pair,19,1470,0.02051336262854203,0.017972046077661674,0.016194043953344596,0.016194043953344596,0.5263157894736842,155
knn_resid_alignment_observed,observed_pair,19,1470,0.028055304893433525,-0.0037072775225352773,0.004072224716942657,0.004072224716942657,0.5789473684210527,155
knn_resid_speed_cov_expected,one_fish_conditional_baseline,19,1470,-0.018102248509353908,-0.016401628276447658,0.0014376387362506349,0.0014376387362506349,0.5263157894736842,155
knn_resid_radial_cov_expected,one_fish_conditional_baseline,19,1470,-0.018102248509354116,-0.0164016282764477,0.0014376387362494136,0.0014376387362494136,0.5263157894736842,155
knn_resid_tangential_cov_expected,one_fish_conditional_baseline,19,1470,-0.01810224850935338,-0.016401628276447963,0.0014376387362484977,0.0014376387362484977,0.5263157894736842,155
knn_resid_speed_cov_cumulant,empirical_cumulant,19,1469,0.05173108812160627,-0.04829485579774831,0.07664158743356814,0.07664158743356814,0.5789473684210527,156
knn_resid_speed_cov_observed,observed_pair,19,1469,0.0328059058920962,-0.03033583385598454,0.07169195016438254,0.07169195016438254,0.5789473684210527,156
knn_resid_radial_cov_expected,one_fish_conditional_baseline,19,1469,-0.004388870039867765,0.06307741326830996,-0.06208686366170202,0.06208686366170202,0.5263157894736842,156
knn_resid_speed_cov_expected,one_fish_conditional_baseline,19,1469,-0.004388870039867321,0.06307741326831029,-0.06208686366170135,0.06208686366170135,0.5263157894736842,156
knn_resid_tangential_cov_expected,one_fish_conditional_baseline,19,1469,-0.004388870039867099,0.06307741326830901,-0.06208686366170124,0.06208686366170124,0.5263157894736842,156
knn_resid_tangential_cov_cumulant,empirical_cumulant,19,1469,-0.0020521357742612073,0.02242163842763445,-0.041483012568972494,0.041483012568972494,0.631578947368421,156
knn_resid_tangential_cov_observed,observed_pair,19,1469,0.06890170733197044,0.035823522528730944,-0.03761156888445932,0.03761156888445932,0.5263157894736842,156
knn_resid_radial_cov_observed,observed_pair,19,1469,0.11645844461408045,0.020748793582138984,0.031691418263072424,0.031691418263072424,0.5789473684210527,156
knn_resid_radial_cov_cumulant,empirical_cumulant,19,1469,0.06267258429363556,0.020124237778795462,0.021296043303415196,0.021296043303415196,0.5789473684210527,156
knn_resid_alignment_cumulant,empirical_cumulant,19,1469,-0.02070150600697651,0.021728626505987614,0.018418776106997395,0.018418776106997395,0.5263157894736842,156
knn_resid_alignment_observed,observed_pair,19,1469,-0.01645381008782526,0.021015256158494144,-0.006409662876614611,0.006409662876614611,0.5789473684210527,156
knn_resid_alignment_expected,one_fish_conditional_baseline,19,1469,0.05048519967678122,0.02266605216684353,-0.0038259313679440063,0.0038259313679440063,0.5263157894736842,156
knn_resid_alignment_expected,one_fish_conditional_baseline,19,1470,-0.011425186404558918,-0.03141315687916355,-0.0965473302548452,0.0965473302548452,0.5263157894736842,157
knn_resid_tangential_cov_cumulant,empirical_cumulant,19,1470,-0.04029087931031524,-0.06420428059168826,0.0918541611456723,0.0918541611456723,0.5263157894736842,157
knn_resid_speed_cov_observed,observed_pair,19,1470,-0.08612990171704094,-0.0362966149428345,-0.08979726352503939,0.08979726352503939,0.631578947368421,157
knn_resid_tangential_cov_observed,observed_pair,19,1470,-0.03465213346549309,-0.017141555534923247,0.07210774611533025,0.07210774611533025,0.5263157894736842,157
knn_resid_speed_cov_cumulant,empirical_cumulant,19,1470,-0.02712583141397143,-0.0289897663761855,-0.07051684125202606,0.07051684125202606,0.5789473684210527,157
knn_resid_speed_cov_expected,one_fish_conditional_baseline,19,1470,-0.01578000591968981,-0.041950057794116535,0.05772128820593819,0.05772128820593819,0.5789473684210527,157
knn_resid_tangential_cov_expected,one_fish_conditional_baseline,19,1470,-0.01578000591969042,-0.041950057794116674,0.05772128820593747,0.05772128820593747,0.5789473684210527,157
knn_resid_radial_cov_expected,one_fish_conditional_baseline,19,1470,-0.015780005919691364,-0.041950057794116785,0.05772128820593608,0.05772128820593608,0.5789473684210527,157
knn_resid_radial_cov_cumulant,empirical_cumulant,19,1470,-0.03488395355553297,-0.07736871983225824,-0.039077172858453794,0.039077172858453794,0.5263157894736842,157
knn_resid_radial_cov_observed,observed_pair,19,1470,-0.010447209236327026,-0.04360837573230224,-0.03524876792611106,0.03524876792611106,0.5263157894736842,157
knn_resid_alignment_observed,observed_pair,19,1470,-0.051034700327287165,-0.0026927636565467587,-0.034722732095614925,0.034722732095614925,0.5263157894736842,157
knn_resid_alignment_cumulant,empirical_cumulant,19,1470,0.007283106696223125,-0.04302444608617244,0.01268410227062064,0.01268410227062064,0.5263157894736842,157
knn_resid_tangential_cov_observed,observed_pair,19,1470,0.06533104337808934,0.06215709373794387,0.12789268681793786,0.12789268681793786,0.5263157894736842,158
knn_resid_tangential_cov_cumulant,empirical_cumulant,19,1470,0.11959905308217599,0.0824050337957969,0.10484395878384205,0.10484395878384205,0.5263157894736842,158
knn_resid_alignment_cumulant,empirical_cumulant,19,1470,-0.0803855328357605,-0.03487467520076776,-0.10440154694446091,0.10440154694446091,0.5263157894736842,158
knn_resid_alignment_observed,observed_pair,19,1470,-0.0986763713187061,-0.06580680935024973,0.06111071985957839,0.06111071985957839,0.5789473684210527,158
knn_resid_alignment_expected,one_fish_conditional_baseline,19,1470,0.014940384743334256,-0.08184856390603093,0.0393471018622463,0.0393471018622463,0.5263157894736842,158
knn_resid_tangential_cov_expected,one_fish_conditional_baseline,19,1470,-0.05181251581356197,-0.11986774965360852,0.032149393040819624,0.032149393040819624,0.5263157894736842,158
knn_resid_radial_cov_expected,one_fish_conditional_baseline,19,1470,-0.051812515813562415,-0.11986774965360908,0.032149393040819346,0.032149393040819346,0.5263157894736842,158
knn_resid_speed_cov_expected,one_fish_conditional_baseline,19,1470,-0.05181251581356189,-0.11986774965360886,0.032149393040819096,0.032149393040819096,0.5263157894736842,158
knn_resid_speed_cov_observed,observed_pair,19,1470,-0.020788833986971178,0.0726964837378337,0.02722381139224528,0.02722381139224528,0.5263157894736842,158
knn_resid_radial_cov_cumulant,empirical_cumulant,19,1470,-0.001375957631140276,-0.05462155729201967,0.014878729132616578,0.014878729132616578,0.5263157894736842,158
knn_resid_speed_cov_cumulant,empirical_cumulant,19,1470,0.0529241499538845,0.07779942948413437,-0.010437939861839385,0.010437939861839385,0.5263157894736842,158
knn_resid_radial_cov_observed,observed_pair,19,1470,0.00810750607802646,-0.05274382830541802,0.0002783733860221016,0.0002783733860221016,0.5263157894736842,158
knn_resid_speed_cov_expected,one_fish_conditional_baseline,19,1470,-0.05850163938360183,0.13629632270592967,-0.1929872378382977,0.1929872378382977,0.5789473684210527,159
knn_resid_radial_cov_expected,one_fish_conditional_baseline,19,1470,-0.05850163938360157,0.13629632270592887,-0.1929872378382967,0.1929872378382967,0.5789473684210527,159
knn_resid_tangential_cov_expected,one_fish_conditional_baseline,19,1470,-0.05850163938360124,0.13629632270593034,-0.19298723783829624,0.19298723783829624,0.5789473684210527,159
knn_resid_alignment_cumulant,empirical_cumulant,19,1470,0.0624308220225626,0.043196444528164096,0.1379611491548658,0.1379611491548658,0.5789473684210527,159
knn_resid_speed_cov_cumulant,empirical_cumulant,19,1470,0.05090001697623574,-0.11308830683617077,0.10969963609136277,0.10969963609136277,0.7894736842105263,159
knn_resid_alignment_observed,observed_pair,19,1470,0.005782767209913137,-0.014085402760423027,-0.0931600613650182,0.0931600613650182,0.5263157894736842,159
knn_resid_tangential_cov_observed,observed_pair,19,1470,0.04482469710224814,-0.06523032264543147,0.061988468010184206,0.061988468010184206,0.5789473684210527,159
knn_resid_speed_cov_observed,observed_pair,19,1470,0.03483111996675359,-0.10289414162037108,0.048790126943683954,0.048790126943683954,0.7368421052631579,159
knn_resid_alignment_expected,one_fish_conditional_baseline,19,1470,0.05236030638748501,0.03152262728715938,0.04484377447762336,0.04484377447762336,0.5263157894736842,159
knn_resid_tangential_cov_cumulant,empirical_cumulant,19,1470,0.054498390611697756,-0.056390872224412886,0.04040577674452163,0.04040577674452163,0.5789473684210527,159
knn_resid_radial_cov_cumulant,empirical_cumulant,19,1470,-0.02359381424555998,-0.11687647544923266,0.020036546727670024,0.020036546727670024,0.631578947368421,159
knn_resid_radial_cov_observed,observed_pair,19,1470,0.015088701910218327,-0.09765974278041038,0.013356730103538716,0.013356730103538716,0.631578947368421,159
knn_resid_alignment_observed,observed_pair,19,1471,-0.042817084591794397,-0.12263826292603483,0.1313878109229531,0.1313878109229531,0.631578947368421,160
knn_resid_speed_cov_cumulant,empirical_cumulant,19,1471,-0.07168779327079727,-0.021949534810735943,-0.11843150360956735,0.11843150360956735,0.5789473684210527,160
knn_resid_speed_cov_observed,observed_pair,19,1471,-0.006692533917559806,-0.1028028202643293,-0.11808814987746388,0.11808814987746388,0.5789473684210527,160
knn_resid_radial_cov_cumulant,empirical_cumulant,19,1471,-0.04888147050695049,-0.013479221120209606,-0.07048669077551906,0.07048669077551906,0.631578947368421,160
knn_resid_alignment_expected,one_fish_conditional_baseline,19,1471,0.09861784320850984,0.029554525200359005,-0.05862852053659029,0.05862852053659029,0.5789473684210527,160
knn_resid_radial_cov_observed,observed_pair,19,1471,-0.007954756662054571,0.05653605224814601,-0.056577089633735644,0.056577089633735644,0.631578947368421,160
knn_resid_speed_cov_expected,one_fish_conditional_baseline,19,1471,-0.11672325394357523,-0.03578703703583394,-0.03484259280390842,0.03484259280390842,0.5263157894736842,160
knn_resid_tangential_cov_expected,one_fish_conditional_baseline,19,1471,-0.11672325394357548,-0.035787037035833275,-0.03484259280390689,0.03484259280390689,0.5263157894736842,160
knn_resid_radial_cov_expected,one_fish_conditional_baseline,19,1471,-0.11672325394357591,-0.035787037035833136,-0.034842592803905725,0.034842592803905725,0.5263157894736842,160
knn_resid_tangential_cov_cumulant,empirical_cumulant,19,1471,-0.05045591691205026,0.013255063815743373,0.01501178324665181,0.01501178324665181,0.5263157894736842,160
knn_resid_alignment_cumulant,empirical_cumulant,19,1471,0.010480570887111046,-0.038778043075519464,-0.012722111784323475,0.012722111784323475,0.5263157894736842,160
knn_resid_tangential_cov_observed,observed_pair,19,1471,-0.05102590040599719,0.05141221992845676,0.01114376810137191,0.01114376810137191,0.5263157894736842,160
