replicate,ob,dataset,n_events,b3_event_direction_abs_z,k8_local_event_direction_abs_z,k8_local_non_event_direction_abs_median_z,k8_local_event_minus_non_event_direction_z,k8_p_non_event_direction_ge_event,k8_local_to_b3_direction_ratio,k8_pass,k10_local_event_direction_abs_z,k10_local_non_event_direction_abs_median_z,k10_local_event_minus_non_event_direction_z,k10_p_non_event_direction_ge_event,k10_local_to_b3_direction_ratio,k10_pass,both_pass,any_pass
1,1,Ob1.txt,28,0.0366401751858747,0.08732841121908166,0.17300589611746633,-0.08567748489838467,0.725,2.383405941048775,False,0.5169855219088795,0.19557158438187533,0.32141393752700415,0.075,14.109799401510083,True,False,True
1,2,Ob2.txt,43,0.024198563300022014,0.06904661808865739,0.19187891617449468,-0.12283229808583729,0.8,2.8533354328764875,False,0.32197060071378303,0.20651211975678277,0.11545848095700026,0.275,13.3053601869616,True,False,True
1,3,Ob3.txt,40,0.7100547862146482,0.20902673621334245,0.2351191653001969,-0.02609242908685444,0.55,0.2943811382888898,False,0.26024739972721844,0.25335134355160593,0.006896056175612508,0.475,0.3665173515900309,False,False,False
1,4,Ob4.txt,58,0.011809968647092314,0.12526077357269716,0.30597671660245934,-0.18071594302976218,0.7,10.606359535385991,False,0.06812271634587787,0.3504615421415552,-0.2823388257956774,0.875,5.76823854334703,False,False,False
1,5,Ob5.txt,93,0.08216095274676158,0.22001334736245165,0.1685192886438588,0.05149405871859286,0.325,2.6778334477276813,True,0.3394547067825051,0.1895262131807215,0.14992849360178362,0.2,4.1315819185882665,True,True,True
1,6,Ob6.txt,112,0.21287035079182604,0.2639973328777132,0.20678520326671207,0.05721212961100114,0.4,1.2401789722979608,False,0.42816297550583327,0.21159113008817376,0.2165718454176595,0.15,2.0113791042912785,True,False,True
1,7,Ob7.txt,33,0.8929388549013808,0.2788548431685202,0.261733071043059,0.017121772125461232,0.45,0.3122888444576845,False,0.0892053756883252,0.26267776316515673,-0.17347238747683152,0.9,0.09990087809335764,False,False,False
1,8,Ob8.txt,84,0.09043253303924445,0.022465668458375665,0.11973647297670625,-0.09727080451833059,0.925,0.24842462887361982,False,0.24899648784438466,0.1683952268675455,0.08060126097683917,0.35,2.753395039109755,True,False,True
1,9,Ob9.txt,37,0.007413124646381386,0.4347700349647363,0.2985009175145921,0.1362691174501442,0.325,58.6486880639412,True,0.35355976418236684,0.2969453928990248,0.05661437128334207,0.425,47.69375682290087,False,False,True
1,10,Ob10.txt,36,0.015121910917223591,0.24721324544603443,0.19052703042106256,0.05668621502497187,0.325,16.348016252659107,True,0.27967895209138616,0.24642013681652977,0.033258815274856385,0.475,18.494947736587758,False,False,True
1,11,Ob11.txt,119,0.11674425421962552,0.053910390942305514,0.25030256573282483,-0.19639217479051932,0.85,0.46178196351219486,False,0.19398208505612094,0.1598044194216044,0.034177665634516546,0.45,1.6615985630538312,False,False,False
1,12,Ob12.txt,91,0.34211919453848294,0.04046232549491563,0.1518094842859867,-0.11134715879107107,0.925,0.11826967367177132,False,0.11180433012878555,0.21636885920559706,-0.10456452907681152,0.825,0.326799349213975,False,False,False
1,13,Ob13.txt,102,0.27000812281015374,0.4130404912813054,0.08422690913385647,0.32881358214744894,0.0,1.5297335760958555,True,0.6986854538819316,0.12199052386881704,0.5766949300131146,0.0,2.5876460552751093,True,True,True
1,14,Ob14.txt,47,0.29293739380855754,0.30584907572823067,0.20005281468667402,0.10579626104155665,0.225,1.04407659176524,True,0.08627853452792422,0.24781217356501098,-0.16153363903708676,0.8,0.2945289210305106,False,False,True
1,15,Ob15.txt,96,0.13911881246819593,0.1706098153469228,0.11519673867242237,0.05541307667450042,0.3,1.2263604923016866,True,0.5717256844240971,0.1856429910702886,0.3860826933538085,0.0,4.109621655624754,True,True,True
1,16,Ob16.txt,84,0.47700891618896857,0.445683198504365,0.16743961819040934,0.2782435803139557,0.175,0.9343288634206708,True,0.18143406289992192,0.15911235465655696,0.022321708243364963,0.425,0.3803578020081416,False,False,True
1,17,Ob17.txt,122,0.2223849111857874,0.3559083467614893,0.1665532278552227,0.1893551189062666,0.15,1.6004158954118617,True,0.2185792167013766,0.16792360444658236,0.05065561225479423,0.3,0.9828869033239785,True,True,True
1,18,Ob18.txt,103,0.09309548721815011,0.24554279844845303,1.2959950738391863,-1.0504522753907333,0.7,2.637537068505523,False,0.34896561183610364,1.4948895041193626,-1.145923892283259,0.7,3.7484696870254792,False,False,False
1,19,Ob19.txt,143,0.19802315118355546,0.015428356100501583,0.0892274185728537,-0.07379906247235211,0.875,0.07791188054673684,False,0.14168679879151186,0.2584476995690442,-0.11676090077753232,0.775,0.7155062321989654,False,False,False
2,1,Ob1.txt,28,0.2999961440383758,0.24091289456753023,0.232073265658557,0.008839628908973246,0.5,0.8030533037008383,False,0.7576677053791425,0.22707215047444684,0.5305955549046957,0.05,2.5255914798765575,True,False,True
2,2,Ob2.txt,43,0.5248385977970305,0.20825414827874197,0.19246952094385783,0.015784627334884144,0.475,0.3967965564134816,False,0.2765894771189689,0.1922767920263471,0.08431268509262183,0.275,0.5269991160709824,True,False,True
2,3,Ob3.txt,40,0.2852215799861625,0.15457920939699077,0.1826019709454549,-0.028022761548464142,0.55,0.5419618298324067,False,0.4029288368525359,0.26475529210922627,0.13817354474330962,0.275,1.4126870655161645,True,False,True
2,4,Ob4.txt,58,0.11016819386568996,0.296067817419398,0.2409870329773927,0.055080784442005315,0.35,2.687416458695375,True,0.12252294642108974,0.2459287624883955,-0.12340581606730577,0.9,1.1121444595021854,False,False,True
2,5,Ob5.txt,93,0.04108053172524462,0.2852206675886445,0.19420711470845148,0.09101355288019303,0.35,6.942964358306297,True,0.010252784951014865,0.2541498666987895,-0.2438970817477746,0.925,0.2495777079904341,False,False,True
2,6,Ob6.txt,112,0.14763594177529876,0.46016004413986944,0.1331954114045693,0.32696463273530013,0.075,3.116856495826951,True,0.3570092811976014,0.18684278732449186,0.17016649387310953,0.175,2.418173223299296,True,True,True
2,7,Ob7.txt,33,0.09451259635501419,0.743342685258414,0.29711241980092096,0.446230265457493,0.05,7.865011796588712,True,1.038482809727495,0.3104499455486378,0.7280328641788572,0.05,10.987771469388907,True,True,True
2,8,Ob8.txt,84,0.18973982146131635,0.6001583703647526,0.1419633075081851,0.4581950628565675,0.0,3.1630596347278175,True,0.642247928250654,0.13683181801460653,0.5054161102360475,0.0,3.3848873858121227,True,True,True
2,9,Ob9.txt,37,0.10658664295160497,0.6836600932634809,0.24168437957192132,0.4419757136915595,0.025,6.414125394435142,True,0.1200025287874887,0.25442289424593806,-0.13442036545844938,0.775,1.1258683589647827,False,False,True
2,10,Ob10.txt,36,0.16513366753512312,0.12781057685011066,0.24682824176483892,-0.11901766491472826,0.725,0.7739825485491986,False,0.008614447942624115,0.26408980405084437,-0.25547535610822025,1.0,0.05216651498878546,False,False,False
2,11,Ob11.txt,119,0.25630771816134973,0.14503868012698573,0.16430178207829838,-0.019263101951312644,0.525,0.5658771462967869,False,0.49154298993292145,0.15478218372650904,0.3367608062064124,0.05,1.9177845812020669,True,False,True
2,12,Ob12.txt,91,0.34466664205659786,0.1745490773488526,0.26638357315844563,-0.09183449580959302,0.775,0.5064286938455443,False,0.05767552720596816,0.18852512779053532,-0.13084960058456716,0.75,0.16733713150139212,False,False,False
2,13,Ob13.txt,102,0.27326514775339095,0.026865664946554624,0.07448118508036289,-0.047615520133808265,0.725,0.09831354333850006,False,0.11439641911791225,0.052182887593792776,0.06221353152411947,0.05,0.41862791526254084,True,False,True
2,14,Ob14.txt,47,0.044190519090283986,0.2849400086913448,0.23956458707067332,0.04537542162067146,0.375,6.447989626670703,False,0.4114208443605236,0.21610370793228628,0.19531713642823734,0.225,9.310160931125637,True,False,True
2,15,Ob15.txt,96,0.09171804293477631,0.33516959856284495,0.13304677071181686,0.2021228278510281,0.15,3.654347474478876,True,0.08103598072317482,0.13869668813030206,-0.05766070740712724,0.7,0.883533687922257,False,False,True
2,16,Ob16.txt,84,0.059725001260463456,0.12234208366951407,0.2676314325301383,-0.14528934886062425,0.825,2.0484232915454395,False,0.03326966759869948,0.1805819044855056,-0.1473122368868061,0.925,0.5570475830315841,False,False,False
2,17,Ob17.txt,122,0.09780265109652081,0.25523578360858745,0.2121702033972582,0.04306558021132925,0.4,2.6097020964871076,False,0.2090818633417456,0.2719972152728602,-0.06291535193111458,0.6,2.137793413548719,False,False,False
2,18,Ob18.txt,103,0.345402783319723,0.12086937387617669,0.557182658342835,-0.4363132844666583,0.575,0.3499374634867769,False,0.21410048185452815,0.5052676802686267,-0.29116719841409855,0.55,0.6198574307849323,False,False,False
2,19,Ob19.txt,143,0.3515559614967,0.005256358788197357,0.1970351658992084,-0.19177880711101103,0.925,0.01495169863090687,False,0.07878812366410626,0.13768976306695016,-0.0589016394028439,0.7,0.22411260878261577,False,False,False
3,1,Ob1.txt,28,0.018356008523400275,0.17243311316681195,0.15888341207054152,0.013549701096270433,0.45,9.39382398667956,False,0.03775568265097104,0.2535002536130206,-0.21574457096204955,0.925,2.0568568925450226,False,False,False
3,2,Ob2.txt,43,0.5607200051263412,0.4525853019827434,0.1092658175267374,0.34331948445600596,0.075,0.807150267236795,True,0.30221335689991874,0.24065383140568275,0.06155952549423599,0.375,0.5389737375819579,False,False,True
3,3,Ob3.txt,40,0.05435404690857694,0.12374956833791514,0.28056027963630337,-0.15681071129838822,0.825,2.2767314556367975,False,0.1885211680152622,0.24425908388624482,-0.05573791587098262,0.6,3.4683924884627864,False,False,False
3,4,Ob4.txt,58,0.006813703230079654,0.1646009353483201,0.23002160696385704,-0.06542067161553694,0.675,24.15733849717371,False,0.2590648335434128,0.30515902129840156,-0.04609418775498875,0.55,38.02115014339776,False,False,False
3,5,Ob5.txt,93,0.12043661973368104,0.10043175117564458,0.21669617462345167,-0.11626442344780709,0.775,0.8338971269513142,False,0.08494328480123842,0.2820461305517452,-0.1971028457505068,0.85,0.7052944942250265,False,False,False
3,6,Ob6.txt,112,0.1640327075509475,0.2800185118010802,0.12334272730384725,0.15667578449723296,0.175,1.7070894944174977,True,0.18854658403776842,0.14395933573764313,0.04458724830012528,0.375,1.1494450518608128,False,False,True
3,7,Ob7.txt,33,0.5442228429948337,0.3220497480568969,0.21792071178543282,0.10412903627146408,0.3,0.5917608057108954,True,0.25652862765434453,0.22884853321457466,0.027680094439769876,0.4,0.4713668875835477,False,False,True
3,8,Ob8.txt,84,0.17043024347988478,0.5991853275515439,0.3048691078290108,0.2943162197225331,0.0,3.5157218303350213,True,0.6926506490501546,0.23506284459096366,0.45758780445919095,0.025,4.064129903868297,True,True,True
3,9,Ob9.txt,37,0.8859270415948051,0.3084073222302182,0.19317919927336666,0.11522812295685156,0.275,0.3481181945581405,True,0.296252564408817,0.22151479571706326,0.07473776869175372,0.325,0.33439837650233223,True,True,True
3,10,Ob10.txt,36,0.3964614589622358,0.4086543298209429,0.2615766872151575,0.14707764260578543,0.35,1.0307542399975593,True,0.14369656971115247,0.22290046143633802,-0.07920389172518555,0.725,0.36244776500416404,False,False,True
3,11,Ob11.txt,119,0.41164158053572236,0.047128583625852385,0.19810203813727156,-0.1509734545114192,0.85,0.11448936612408754,False,0.09060601567702323,0.14952880620002185,-0.05892279052299862,0.7,0.22010899763601605,False,False,False
3,12,Ob12.txt,91,0.26447904099280767,0.20564313773616258,0.25745132282824945,-0.05180818509208687,0.7,0.7775403939919568,False,0.28223306092225187,0.2472890488341939,0.034944012088057974,0.375,1.067128267944404,False,False,False
3,13,Ob13.txt,102,0.46796936028416525,0.341691977317122,0.1601217016363955,0.18157027568072648,0.125,0.7301588657634256,True,0.13969220207391164,0.1819687029551541,-0.04227650088124246,0.65,0.29850715437670167,False,False,True
3,14,Ob14.txt,47,0.718858246917613,0.5776187186759482,0.21330901680984513,0.364309701866103,0.05,0.8035224206618137,True,0.7396099379133594,0.2355742823602101,0.5040356555531493,0.025,1.028867570323812,True,True,True
3,15,Ob15.txt,96,0.08579874761887246,0.0012815348360232515,0.12711094256083727,-0.12582940772481402,1.0,0.014936521471338615,False,0.2519703471895902,0.15289123374350308,0.09907911344608714,0.275,2.9367601996811237,True,False,True
3,16,Ob16.txt,84,0.006189130202125165,0.4931676811186016,0.18412462546191727,0.30904305565668433,0.25,79.68287384700072,True,0.37007978912121464,0.21617668285064848,0.15390310627056616,0.3,59.79512096774764,True,True,True
3,17,Ob17.txt,122,0.46737733989588715,0.305303668955969,0.16878815797977675,0.13651551097619224,0.15,0.6532273666155453,True,0.45752207002861445,0.1729137759390742,0.28460829408954025,0.1,0.9789136763252835,True,True,True
3,18,Ob18.txt,103,0.12819388355063335,0.01781416838382477,0.2696297066774369,-0.25181553829361214,0.6,0.13896270157685503,False,0.44631462942768463,0.31181077144832325,0.13450385797936137,0.025,3.4815594712161255,True,False,True
3,19,Ob19.txt,143,0.02859276381445844,0.061764056949309115,0.14994017426037692,-0.08817611731106781,0.825,2.1601289525595644,False,0.18622303860495112,0.16485460959620435,0.021368429008746775,0.4,6.5129429184731045,False,False,False
4,1,Ob1.txt,28,0.9029683884399861,0.6638366342824421,0.2874190673885949,0.3764175668938472,0.175,0.7351715107428289,True,0.26799063011098645,0.24352953467480845,0.024461095436178,0.425,0.2967884961886436,False,False,True
4,2,Ob2.txt,43,0.22856074549611183,0.041466279073526346,0.22636414845958058,-0.18489786938605424,0.95,0.18142345039836139,False,0.2084806472348535,0.21318163682108388,-0.004700989586230386,0.525,0.9121454639217567,False,False,False
4,3,Ob3.txt,40,0.11497557354280719,0.45490093434929546,0.2414869048644039,0.21341402948489155,0.3,3.9565006751623537,True,0.5999253849966066,0.2582235255820464,0.3417018594145602,0.15,5.217850770479045,True,True,True
4,4,Ob4.txt,58,0.056305497201364574,0.10025762566925422,0.21444120248964305,-0.11418357682038882,0.85,1.7806010185951162,False,0.34208560690973433,0.21826929630625747,0.12381631060347686,0.35,6.075527682249893,True,False,True
4,5,Ob5.txt,93,0.12075039148649297,0.3594914616082896,0.1705447595426329,0.1889467020656567,0.225,2.977145309284583,True,0.14665646453429554,0.26489804369411196,-0.11824157915981642,0.7,1.2145423524419827,False,False,True
4,6,Ob6.txt,112,0.20475252754605155,0.3940129417803092,0.12495089123942762,0.2690620505408816,0.1,1.9243373769424676,True,0.26413017418785784,0.16268120994770782,0.10144896424015001,0.375,1.2899971363159435,False,False,True
4,7,Ob7.txt,33,0.6118026007155408,0.03827089438548248,0.3401305077310988,-0.30185961334561634,0.925,0.06255431791352686,False,0.6210906348300504,0.21403038317863637,0.4070602516514141,0.05,1.0151814230662746,True,False,True
4,8,Ob8.txt,84,0.11167237289131897,0.2264948830440748,0.27836260588484685,-0.05186772284077204,0.675,2.028208742949365,False,0.06448798701363145,0.17372172127587399,-0.10923373426224253,0.75,0.5774748520512949,False,False,False
4,9,Ob9.txt,37,0.7938226729915776,0.3999169593878377,0.26955014252013765,0.13036681686770007,0.175,0.5037862648602893,True,0.6527655923182868,0.21535149702946604,0.43741409528882075,0.05,0.8223065610588985,True,True,True
4,10,Ob10.txt,36,0.40628611081115984,0.4338683600325616,0.2091389371092918,0.22472942292326978,0.25,1.067888732810317,True,0.5112335165779186,0.24642088297188508,0.2648126336060335,0.175,1.258309115114048,True,True,True
4,11,Ob11.txt,119,0.014132439411850745,0.07748283189962993,0.21479032465310538,-0.13730749275347545,0.8,5.482622613238077,False,0.3423535342746241,0.20428192787961877,0.13807160639500535,0.3,24.224659614499664,True,False,True
4,12,Ob12.txt,91,0.04712343329253335,0.04693964543551707,0.18307290022350997,-0.1361332547879929,0.9,0.9960998627609461,False,0.060353468295941126,0.10421242008609398,-0.04385895179015285,0.7,1.2807527821939082,False,False,False
4,13,Ob13.txt,102,0.11344344462111594,0.037877563170664486,0.03818555410853941,-0.0003079909378749246,0.55,0.3338893956999442,False,0.29222457578434485,0.13801407372984986,0.154210502054495,0.35,2.5759494236121885,True,False,True
4,14,Ob14.txt,47,0.19604398922172434,0.26866174305509816,0.2908804276118996,-0.022218684556801427,0.575,1.3704156098927556,False,0.42802167951391623,0.2567239524333765,0.17129772708053975,0.175,2.1832940719739526,True,False,True
4,15,Ob15.txt,96,0.18239728801400049,0.2774539467155129,0.18268516427156137,0.09476878244395151,0.3,1.5211517108424113,True,0.15039259040720127,0.23580109772511548,-0.08540850731791422,0.575,0.8245330401823595,False,False,True
4,16,Ob16.txt,84,0.30586244115514494,0.2227137789352155,0.2794792259539186,-0.05676544701870312,0.625,0.7281501386508803,False,0.00948097901595588,0.24104861183883208,-0.2315676328228762,1.0,0.030997526143285995,False,False,False
4,17,Ob17.txt,122,0.052834855884930254,0.37580732080134,0.1421924013995554,0.23361491940178458,0.1,7.1128673393150885,True,0.3865451839747606,0.12783191357977589,0.2587132703949847,0.1,7.316101794932925,True,True,True
4,18,Ob18.txt,103,0.30523148225876395,0.13160425859855582,0.0,0.13160425859855582,0.0,0.4311621384028355,True,0.2927359366693051,0.0,0.2927359366693051,0.0,0.9590620682473847,True,True,True
4,19,Ob19.txt,143,0.023798965276872475,0.12509169125627295,0.17680193146593765,-0.05171024020966469,0.725,5.2561819306419775,False,0.020087914833745696,0.24631651025169296,-0.22622859541794726,0.975,0.8440667314753751,False,False,False
5,1,Ob1.txt,28,0.49364311198054134,0.40867453454654845,0.2687225090548654,0.13995202549168306,0.325,0.827874479817836,True,0.33899110312610004,0.2727235532219604,0.06626754990413963,0.375,0.6867129205268088,False,False,True
5,2,Ob2.txt,43,0.0728300501868846,0.31069277706586,0.20055528996311905,0.11013748710274096,0.375,4.265997020029657,False,0.22653519380687195,0.2303976356770404,-0.0038624418701684593,0.5,3.1104632390829647,False,False,False
5,3,Ob3.txt,40,0.20369553869234525,0.2297305367334488,0.23091145868701118,-0.0011809219535623972,0.5,1.1278132953143658,False,0.34752719382918407,0.23079788156571657,0.1167293122634675,0.225,1.7061109735647044,True,False,True
5,4,Ob4.txt,58,0.02294110683426745,0.4463420432130039,0.22124090868355642,0.2251011345294475,0.15,19.45599427427349,True,0.7444399364524379,0.2753924874289142,0.4690474490235237,0.025,32.45004444774467,True,True,True
5,5,Ob5.txt,93,0.18695019280656602,0.05515539244356804,0.1645738393377354,-0.10941844689416735,0.85,0.2950272027835581,False,0.2522773815112121,0.2516275481901882,0.0006498333210239182,0.475,1.349436326991323,False,False,False
5,6,Ob6.txt,112,0.29355421001111853,0.12103898179908018,0.14206032591243986,-0.02102134411335968,0.55,0.4123224183856732,False,0.1418044506190341,0.18502635217227026,-0.04322190155323616,0.575,0.48306052437014335,False,False,False
5,7,Ob7.txt,33,0.3414421804900236,0.04089939430401446,0.47955210327558584,-0.4386527089715714,0.925,0.11978424647276253,False,0.17411324357668395,0.4511633274301262,-0.27705008385344226,0.875,0.5099347811298647,False,False,False
5,8,Ob8.txt,84,0.16191602228663057,0.27711155214487165,0.1440193936238593,0.13309215852101236,0.275,1.711452320971158,True,0.047539195804444045,0.12715762095045777,-0.07961842514601372,0.9,0.29360402468563707,False,False,True
5,9,Ob9.txt,37,0.26330437050243205,0.15600938689579563,0.2449831028956629,-0.08897371599986728,0.6,0.5925058767467539,False,0.5146849045476095,0.3619343917646166,0.1527505127829929,0.4,1.9547146276588505,False,False,False
5,10,Ob10.txt,36,0.03464574120661275,0.12155273830090466,0.21908394192599157,-0.09753120362508691,0.725,3.5084467547112017,False,0.366598218450067,0.23689503852296417,0.12970317992710284,0.275,10.581335704836798,True,False,True
5,11,Ob11.txt,119,0.5820749352354582,0.38030862708992,0.1771762171899366,0.20313240989998343,0.25,0.653367125207134,True,0.4068670913379364,0.2063360965434349,0.2005309947945015,0.275,0.6989943505699184,True,True,True
5,12,Ob12.txt,91,0.18031271592564202,0.12754893279786333,0.21654117170730913,-0.0889922389094458,0.675,0.7073762498839095,False,0.10255162545657873,0.16635007624564507,-0.06379845078906635,0.7,0.56874316894472,False,False,False
5,13,Ob13.txt,102,0.06050318155266393,0.06087152466778063,0.0,0.06087152466778063,0.0,1.0060879957989661,True,0.29519224999091354,0.0,0.29519224999091354,0.0,4.878954170930146,True,True,True
5,14,Ob14.txt,47,0.07993117993392332,0.17755031634318427,0.2964674621322358,-0.11891714578905152,0.7,2.2212898206927476,False,0.18136450392920306,0.23939262769557246,-0.0580281237663694,0.625,2.269008215306362,False,False,False
5,15,Ob15.txt,96,0.23980679136706157,0.3275062908412224,0.43508647100197145,-0.10758018016074905,0.625,1.3657089900340775,False,0.27278773846525434,0.39891405217778775,-0.1261263137125334,0.625,1.1375313305773327,False,False,False
5,16,Ob16.txt,84,0.16042139809082123,0.09788449281516876,0.19109392609627335,-0.09320943328110459,0.7,0.6101710493743002,False,0.07251434625241868,0.17527172490997028,-0.1027573786575516,0.9,0.4520241508639969,False,False,False
5,17,Ob17.txt,122,0.1416389226308496,0.02614993574177904,0.1465157046170717,-0.12036576887529266,0.9,0.1846239385054703,False,0.18633780782855067,0.12223676456084939,0.06410104326770127,0.375,1.315583346494373,False,False,False
5,18,Ob18.txt,103,0.05587909019072651,0.0075669759300880796,0.6178890297004926,-0.6103220537704046,0.85,0.1354169494216974,False,0.05894170128999754,1.1113881436607267,-1.0524464423707292,0.775,1.0548078196838517,False,False,False
5,19,Ob19.txt,143,0.16876179292497406,0.04122136987043634,0.11578394801605121,-0.07456257814561487,0.85,0.2442577147113032,False,0.2626752438085612,0.07776544538356227,0.18490979842499894,0.025,1.5564852639681186,True,False,True
6,1,Ob1.txt,28,0.36838755276481405,0.30036703879496474,0.2744342383126587,0.025932800482306062,0.475,0.81535610131411,False,0.028185944957723308,0.3309222298873201,-0.3027362849295968,0.95,0.0765116648111012,False,False,False
6,2,Ob2.txt,43,0.8909473390442785,0.8591403030452622,0.23858494131118166,0.6205553617340805,0.025,0.9642997575668886,True,0.8763219930099279,0.20615234717360692,0.6701696458363209,0.0,0.9835845000109218,True,True,True
6,3,Ob3.txt,40,0.16203812339270485,0.1874421735630164,0.26057422145544107,-0.07313204789242467,0.625,1.1567782299523672,False,0.26476993920915814,0.24778245750929104,0.016987481699867107,0.425,1.6339978127707595,False,False,False
6,4,Ob4.txt,58,0.192677678723484,0.07085760936433513,0.18533685849716341,-0.11447924913282828,0.8,0.3677520397472945,False,0.20572994540936343,0.24109622744394343,-0.035366282034580004,0.575,1.0677414569884403,False,False,False
6,5,Ob5.txt,93,0.2946348102607945,0.1636066979155914,0.2304392491260735,-0.0668325512104821,0.675,0.5552863823890183,False,0.09152843024856884,0.2059124835978703,-0.11438405334930145,0.775,0.3106504291449911,False,False,False
6,6,Ob6.txt,112,0.23201617866558594,0.28793889239275494,0.20934308134798787,0.07859581104476707,0.275,1.2410293715240117,True,0.20234490708941444,0.18946217638615503,0.012882730703259404,0.425,0.8721155061391738,False,False,True
6,7,Ob7.txt,33,1.357559709363832,0.005328964098861522,0.25331830498281727,-0.24798934088395574,0.975,0.003925399422290409,False,0.11185797442287881,0.2525942354944367,-0.1407362610715579,0.775,0.08239635697150789,False,False,False
6,8,Ob8.txt,84,0.042121631712129216,0.4836062135937297,0.18729212038565507,0.2963140932080746,0.125,11.48118422616738,True,0.4175100125367528,0.2194141935161855,0.1980958190205673,0.2,9.912009472712993,True,True,True
6,9,Ob9.txt,37,0.4246235829060171,0.149186937359989,0.2062498785198072,-0.05706294115981819,0.6,0.3513392646234839,False,0.23292064188125164,0.2127372120911601,0.02018342979009155,0.425,0.5485343990722354,False,False,False
6,10,Ob10.txt,36,0.9775916337583864,0.5112200138584972,0.17674752301472726,0.33447249084376995,0.05,0.5229382046704854,True,0.683434993700236,0.2268592859972104,0.4565757077030256,0.025,0.6991006981849317,True,True,True
6,11,Ob11.txt,119,0.0630927215772783,0.10004795522805596,0.18528236648005603,-0.08523441125200007,0.725,1.5857289514054884,False,0.07378040085808397,0.20812156734718662,-0.13434116648910266,0.85,1.1693963901638798,False,False,False
6,12,Ob12.txt,91,0.28166419684104205,0.06717531034668714,0.18663608758918213,-0.11946077724249499,0.85,0.23849431734697082,False,0.09784054252895946,0.17680153579051422,-0.07896099326155476,0.675,0.3473659188007343,False,False,False
6,13,Ob13.txt,102,0.006062446327082617,0.2385006903703822,0.08454787930691765,0.15395281106346456,0.325,39.34066835444529,True,0.11960122860459206,0.18232807393942485,-0.06272684533483279,0.7,19.728212367060543,False,False,True
6,14,Ob14.txt,47,0.009468257822987824,0.02200740898396633,0.20744702706628063,-0.1854396180823143,0.95,2.3243356270395292,False,0.13010984930028258,0.15350404129022444,-0.02339419198994186,0.55,13.74168846399504,False,False,False
6,15,Ob15.txt,96,0.019961404452990883,0.11360208504322852,0.18797295359129143,-0.07437086854806291,0.725,5.691086782533839,False,0.074860912029969,0.3230070866389788,-0.2481461746090098,0.825,3.7502828123274834,False,False,False
6,16,Ob16.txt,84,0.03774970643874531,0.3227985891840319,0.23604444473048355,0.08675414445354837,0.275,8.551022501534472,True,0.336990760235031,0.1956845117001879,0.14130624853484308,0.175,8.92697697614815,True,True,True
6,17,Ob17.txt,122,0.15881382344963407,0.1233817395312996,0.1863468056327605,-0.06296506610146088,0.625,0.7768954669769579,False,0.1158774520468938,0.17716008840180353,-0.06128263635490973,0.625,0.7296433618301682,False,False,False
6,18,Ob18.txt,103,0.20751091663007704,0.0757360175183483,0.4058512958466608,-0.3301152783283125,0.55,0.364973654149292,False,0.199853864659935,0.8378845324590877,-0.6380306677991527,0.525,0.963100486015432,False,False,False
6,19,Ob19.txt,143,0.008194316331164582,0.2870742076794443,0.10007831259404086,0.18699589508540343,0.05,35.03333238279381,True,0.13473186790937886,0.19744930278917022,-0.06271743487979137,0.8,16.442112125567732,False,False,True
7,1,Ob1.txt,28,0.7371072389061837,0.3838208185045392,0.3485960312879828,0.03522478721655642,0.425,0.5207123173476126,False,0.2683929719586569,0.21536263950811618,0.05303033245054073,0.425,0.3641165868306131,False,False,False
7,2,Ob2.txt,43,0.5774083067466571,0.5222049011732968,0.15218324815419615,0.3700216530191006,0.1,0.9043945074424062,True,0.4964758991477229,0.26730460927700095,0.22917128987072194,0.15,0.8598350480010604,True,True,True
7,3,Ob3.txt,40,0.15356703039657593,0.3245348277140423,0.2414391393441356,0.08309568836990669,0.3,2.113310564617641,True,0.20685765780674784,0.22759414777684128,-0.020736489970093447,0.525,1.3470186749887176,False,False,True
7,4,Ob4.txt,58,0.5047522298908564,0.4573780115202318,0.24729382342663378,0.210084188093598,0.175,0.9061436174717475,True,0.35405242702527384,0.24348221170183917,0.11057021532343467,0.3,0.7014380641801846,True,True,True
7,5,Ob5.txt,93,0.09674223899420975,0.17496776995991997,0.20726936216779904,-0.032301592207879065,0.55,1.808597483157199,False,0.600277310983272,0.16680729878738743,0.43347001219588455,0.025,6.204914391315669,True,False,True
7,6,Ob6.txt,112,0.16684982187027647,0.40708374886076515,0.14227257827988354,0.2648111705808816,0.1,2.4398212973656475,True,0.3337818290615695,0.20313294301950863,0.13064888604206087,0.25,2.0004925706248606,True,True,True
7,7,Ob7.txt,33,0.05607886181247536,0.07132297985785674,0.25417496917055754,-0.1828519893127008,0.925,1.2718335849318212,False,0.19777663824419,0.2851709257610481,-0.08739428751685807,0.65,3.5267591361883244,False,False,False
7,8,Ob8.txt,84,0.33249642788560757,0.061082797869643476,0.19642498902927535,-0.13534219115963186,0.75,0.1837096363954276,False,0.14356777720630526,0.22429937881214562,-0.08073160160584036,0.575,0.4317874273695911,False,False,False
7,9,Ob9.txt,37,0.5634958509465436,0.2617363267088606,0.23079738833987523,0.03093893836898537,0.45,0.4644866972298087,False,0.21470994445780672,0.2212838266490864,-0.00657388219127969,0.5,0.38103198825180934,False,False,False
7,10,Ob10.txt,36,0.4359902565002185,0.22977074145653736,0.32898295960677626,-0.0992122181502389,0.675,0.5270088907512598,False,0.25858369345351273,0.24755478844370166,0.011028905009811074,0.475,0.5930951198983575,False,False,False
7,11,Ob11.txt,119,0.05594452358518971,0.0012989672847240341,0.14604951467622163,-0.1447505473914976,1.0,0.02321884612612756,False,0.0833615748752109,0.18945493780877642,-0.10609336293356553,0.725,1.4900756952246055,False,False,False
7,12,Ob12.txt,91,0.43334849735727177,0.2827888810827357,0.2528125717081853,0.029976309374550425,0.475,0.6525668897141507,False,0.27418382981428807,0.2738553897865955,0.00032844002769255587,0.5,0.6327097739726064,False,False,False
7,13,Ob13.txt,102,0.022240437610138754,0.12050771136805666,0.18287346652481562,-0.06236575515675896,0.625,5.418405585379344,False,0.13848825750723,0.23305582480014167,-0.09456756729291166,0.625,6.226867471532905,False,False,False
7,14,Ob14.txt,47,0.574002469566766,0.2411191096501254,0.24744301218909961,-0.006323902538974219,0.525,0.42006632799352306,False,0.028011606548081148,0.2836006930659508,-0.25558908651786966,0.975,0.04880049831357552,False,False,False
7,15,Ob15.txt,96,0.200051815923652,0.14025861584734972,0.2686189211790172,-0.12836030533166748,0.8,0.7011114355536676,False,0.43686200739215336,0.1236014452362331,0.31326056215592024,0.1,2.183744273328055,True,False,True
7,16,Ob16.txt,84,0.3674888264754725,0.05377374464592466,0.2242940545821261,-0.17052030993620143,0.9,0.14632756364774457,False,0.08786095512686037,0.29173681801183016,-0.20387586288496978,0.9,0.23908469808326138,False,False,False
7,17,Ob17.txt,122,0.29159235606095346,0.45809193026264977,0.15248532976999837,0.3056066004926514,0.05,1.5710011622077358,True,0.27257754232554415,0.19612028502654222,0.07645725729900194,0.375,0.9347897386876818,False,False,True
7,18,Ob18.txt,103,0.16443368898744082,0.11490505854421446,0.20105602537133027,-0.08615096682711582,0.725,0.6987926820336112,False,0.006195100590098184,0.22231116676039755,-0.21611606617029938,1.0,0.037675373144315676,False,False,False
7,19,Ob19.txt,143,0.3908348292567631,0.10604742489223458,0.16900584903991167,-0.06295842414767709,0.675,0.27133565627685036,False,0.0819712833939665,0.12489866135234029,-0.042927377958373786,0.725,0.20973382425985018,False,False,False
8,1,Ob1.txt,28,0.1758581825614293,0.03274832009724163,0.27152165459791633,-0.2387733345006747,0.95,0.18622005311468667,False,0.09265759255173835,0.2885615637738485,-0.19590397122211017,0.875,0.5268881504525499,False,False,False
8,2,Ob2.txt,43,0.22458997613157877,0.03323899472040065,0.2626491316029245,-0.22941013688252387,0.9,0.1479985674023456,False,0.4588927276382657,0.21829230754906342,0.2406004200892023,0.125,2.043246700241946,True,False,True
8,3,Ob3.txt,40,0.20249966131940417,0.08094812068715668,0.2684562304280128,-0.18750810974085613,0.85,0.39974447443384425,False,0.3866468794770345,0.33177160110478077,0.054875278372253755,0.4,1.909370499475422,False,False,False
8,4,Ob4.txt,58,0.005267225640633866,0.003719124946898744,0.2807126698051854,-0.27699354485828664,1.0,0.7060880244445308,False,0.2734425182378807,0.29068996576562967,-0.017247447527748982,0.6,51.91395563698961,False,False,False
8,5,Ob5.txt,93,0.14918959281726812,0.22819650319504053,0.24392678015041414,-0.0157302769553736,0.525,1.5295738723179064,False,0.352156037664802,0.23945239197231807,0.11270364569248395,0.25,2.3604598083200967,True,False,True
8,6,Ob6.txt,112,0.01906619539430776,0.08055419707347938,0.2062062885275865,-0.1256520914541071,0.725,4.2249749049319485,False,0.40640581051828656,0.1493718003770484,0.25703401014123817,0.1,21.31551691952237,True,False,True
8,7,Ob7.txt,33,0.6293086410692021,0.4028985882312855,0.3071629920294596,0.09573559620182587,0.425,0.6402241474815227,False,0.4181209590412846,0.32160375117667567,0.09651720786460893,0.325,0.6644131857634953,True,False,True
8,8,Ob8.txt,84,0.27693415565734575,0.28369572049034186,0.26317561548189883,0.020520105008443035,0.5,1.0244157851058369,False,0.20262329559320483,0.3080103357768223,-0.10538704018361747,0.6,0.7316659626626673,False,False,False
8,9,Ob9.txt,37,0.25046390542097946,0.11515987718981932,0.3082740916366724,-0.1931142144468531,0.75,0.4597863192952243,False,0.4974615621289942,0.2615464327920982,0.23591512933689596,0.2,1.986160685679884,True,False,True
8,10,Ob10.txt,36,0.006439984234206275,0.5583523818072009,0.16663051483523106,0.39172186697196987,0.05,86.70089265770036,True,0.14135562919236486,0.2583072282126907,-0.11695159902032584,0.7,21.94968559729508,False,False,True
8,11,Ob11.txt,119,0.34047479037343464,0.12444836315188615,0.17861345151133737,-0.05416508835945122,0.6,0.3655141780552695,False,0.10428879439603342,0.18905269145929254,-0.08476389706325912,0.65,0.30630401235183635,False,False,False
8,12,Ob12.txt,91,0.4763344347556313,0.23812178444997806,0.19766161147368247,0.04046017297629559,0.375,0.4999046196862486,False,0.30904959443383195,0.2151746890895765,0.09387490534425547,0.375,0.6488080052251111,False,False,False
8,13,Ob13.txt,102,0.25203917418460264,0.5060287834355741,0.20343594342140572,0.3025928400141684,0.05,2.0077386186995687,True,0.5004497096220135,0.14804903010884599,0.35240067951316756,0.075,1.9856028779695412,True,True,True
8,14,Ob14.txt,47,0.2907772978223526,0.4115012157392186,0.20262865970123656,0.20887255603798205,0.2,1.415176558902549,True,1.1293236133195037,0.23764295401680885,0.8916806593026949,0.0,3.8838094369026437,True,True,True
8,15,Ob15.txt,96,0.43063213117995613,0.27027964759229234,0.11664065875636317,0.15363898883592916,0.325,0.6276346515335746,True,0.2973468944585882,0.13561800774266097,0.16172888671592722,0.225,0.6904893363248141,True,True,True
8,16,Ob16.txt,84,0.5174946450246047,0.12851334543532286,0.23000505560800094,-0.10149171017267808,0.775,0.2483375367666125,False,0.17190728089811114,0.1556312980743036,0.016275982823807544,0.425,0.332191419855055,False,False,False
8,17,Ob17.txt,122,0.08473611414911197,0.48048789871916997,0.14354714207490105,0.3369407566442689,0.025,5.670402797485439,True,0.28562789043614883,0.14566763708901348,0.13996025334713535,0.2,3.3707928821650146,True,True,True
8,18,Ob18.txt,103,0.031789691564267766,0.04448197397327461,0.1797979425218173,-0.1353159685485427,0.9,1.3992578029059337,False,0.2709064434957938,0.19631514905281744,0.07459129444297635,0.35,8.521833027165885,True,False,True
8,19,Ob19.txt,143,0.32744363634290524,0.0727722126615781,0.15589079815874476,-0.08311858549716666,0.775,0.22224347821916332,False,0.24989538067241882,0.10685382692550327,0.14304155374691555,0.3,0.7631706740842678,True,False,True
9,1,Ob1.txt,28,0.29309219517964813,0.007061151159798801,0.22526844953810074,-0.21820729837830194,1.0,0.024091911268639323,False,0.09099937903350919,0.29701784355281646,-0.20601846451930728,0.85,0.3104803898914195,False,False,False
9,2,Ob2.txt,43,0.3355651215010387,0.272454922694618,0.23882001982245113,0.03363490287216689,0.45,0.8119286100888011,False,0.5489885273135047,0.22359507136542672,0.32539345594807795,0.175,1.6360118860320987,True,False,True
9,3,Ob3.txt,40,0.1682906759225635,0.5143336498720001,0.20806155583119723,0.3062720940408029,0.15,3.0562219032780122,True,0.21618150899991523,0.20621467556951711,0.009966833430398114,0.5,1.2845721120009523,False,False,True
9,4,Ob4.txt,58,0.06804760907593027,0.17915187119297465,0.28509435089903273,-0.10594247970605808,0.625,2.632743069533417,False,0.09912866370188697,0.22245197116755827,-0.1233233074656713,0.85,1.4567545435913143,False,False,False
9,5,Ob5.txt,93,0.07803845007535404,0.012805087772066764,0.25282607584799216,-0.2400209880759254,0.95,0.16408690536142317,False,0.1779776611754972,0.1789691197760983,-0.0009914586006010973,0.5,2.2806406457796347,False,False,False
9,6,Ob6.txt,112,0.38421755651087686,0.03055078644349013,0.18198399085746286,-0.15143320441397273,0.875,0.07951429060380603,False,0.12079143591165031,0.19541736552963476,-0.07462592961798445,0.675,0.3143829163054677,False,False,False
9,7,Ob7.txt,33,0.42102366546789327,1.0195117574458963,0.34049411248277206,0.6790176449631242,0.05,2.42150701033133,True,0.6473133825600582,0.3866546410173093,0.26065874154274893,0.2,1.537475053428847,True,True,True
9,8,Ob8.txt,84,0.165189265253134,0.09038671918917683,0.12864155247572792,-0.03825483328655109,0.575,0.54717065936863,False,0.17049646005919888,0.1386773317515846,0.0318191283076143,0.475,1.032127964235038,False,False,False
9,9,Ob9.txt,37,0.2671938236708243,0.29832295243969753,0.23136572722894377,0.06695722521075376,0.375,1.116503923411132,False,0.19064734312758952,0.11866804499024373,0.07197929813734578,0.35,0.7135170286064022,True,False,True
9,10,Ob10.txt,36,0.12712747203906255,0.004161647720378886,0.1304550521415983,-0.12629340442121942,1.0,0.03273602199137676,False,0.004248570322798184,0.2762839147022732,-0.272035344379475,0.975,0.03341976564666308,False,False,False
9,11,Ob11.txt,119,0.12049578423573319,0.14382957668241125,0.17728067392413643,-0.03345109724172518,0.65,1.1936482059905826,False,0.12463653812617895,0.24086656799727946,-0.11623002987110051,0.625,1.0343643050809557,False,False,False
9,12,Ob12.txt,91,0.18417305538827278,0.30121252905240575,0.26477325311187216,0.03643927594053359,0.425,1.6354864093305663,False,0.4846641584985327,0.18154379281460775,0.303120365683925,0.1,2.6315693002799243,True,False,True
9,13,Ob13.txt,102,0.6175582311481906,0.05749472022914942,0.0,0.05749472022914942,0.0,0.09310007919779935,False,0.0204007303894585,0.0,0.0204007303894585,0.0,0.03303450486204125,False,False,False
9,14,Ob14.txt,47,0.46250701065798916,0.10303874386550824,0.22078544028964342,-0.11774669642413518,0.8,0.22278309623657244,False,0.3151008995489768,0.3039828520510558,0.011118047497921002,0.45,0.681288915168434,False,False,False
9,15,Ob15.txt,96,0.1906813717134634,0.04810708128589312,0.18804721733137486,-0.13994013604548175,0.925,0.2522904091448616,False,0.13135334005157556,0.14281997277328037,-0.011466632721704811,0.5,0.6888629910265174,False,False,False
9,16,Ob16.txt,84,0.18328053567045718,0.1911815818648166,0.13923119039825382,0.05195039146656277,0.35,1.0431090304568167,True,0.5144209627875256,0.1594402663833065,0.3549806964042191,0.075,2.806740829874411,True,True,True
9,17,Ob17.txt,122,0.017654355437778796,0.0909294930736137,0.14765508316972387,-0.05672559009611017,0.7,5.15054165495232,False,0.2764359807904526,0.18801271642549217,0.08842326436496045,0.275,15.658231293956137,True,False,True
9,18,Ob18.txt,103,0.44960236985219837,0.5941121943130477,0.0,0.5941121943130477,0.0,1.3214169545155097,True,0.5663364291806559,0.0,0.5663364291806559,0.0,1.2596384431132612,True,True,True
9,19,Ob19.txt,143,0.12202268927003304,0.04713826655565471,0.1480261125403748,-0.10088784598472009,0.95,0.3863073895326053,False,0.03474236542230502,0.10485028035778057,-0.07010791493547555,0.85,0.28472053541961423,False,False,False
10,1,Ob1.txt,28,0.8463366973004276,0.7554512447639752,0.35069164623280724,0.40475959853116794,0.05,0.8926131256905779,True,0.34814591197581235,0.2609629276112145,0.08718298436459787,0.325,0.41135627591985363,True,True,True
10,2,Ob2.txt,43,0.5193291556530716,0.3430604968435681,0.22555193913933033,0.11750855770423776,0.275,0.6605839343107157,True,0.49176714397506427,0.24456725423787817,0.2471998897371861,0.175,0.9469276635482803,True,True,True
10,3,Ob3.txt,40,0.3320351924239418,0.29805648125070827,0.26981807070952724,0.028238410541181036,0.425,0.8976653320234513,False,0.1957097343964762,0.2143545120149483,-0.01864477761847208,0.5,0.5894246720287242,False,False,False
10,4,Ob4.txt,58,0.27634870508338155,0.04138532252742815,0.3211743657229509,-0.2797890431955227,0.925,0.14975761335643362,False,0.06525847799539047,0.3823392183730452,-0.3170807403776547,0.9,0.23614540902480546,False,False,False
10,5,Ob5.txt,93,0.16776662562987946,0.0793998518420452,0.16940269942382516,-0.09000284758177995,0.775,0.47327560856599826,False,0.23369878621607187,0.22188077967706699,0.011818006539004888,0.475,1.3929992651318477,False,False,False
10,6,Ob6.txt,112,0.44417969836097626,0.2339785435860819,0.18181392018282955,0.05216462340325234,0.35,0.5267655060541107,True,0.3936657713992617,0.19428017620824298,0.1993855951910187,0.1,0.8862759213261862,True,True,True
10,7,Ob7.txt,33,0.697750211548543,1.0470581042196314,0.29690281172140565,0.7501552924982258,0.0,1.5006202605024748,True,0.7753285325272063,0.26297311697190545,0.512355415555301,0.0,1.1111835148089613,True,True,True
10,8,Ob8.txt,84,0.339169701020204,0.2161545211360109,0.17273530248843055,0.04341921864758036,0.35,0.637304925781489,True,0.16223165553638597,0.19440475378265348,-0.03217309824626752,0.6,0.47832001221925774,False,False,True
10,9,Ob9.txt,37,0.04958637681934164,0.34767761492111193,0.20519552246437595,0.142482092456736,0.275,7.011555133132796,True,0.16334833940480065,0.2546162547836242,-0.09126791537882356,0.7,3.2942180873575153,False,False,True
10,10,Ob10.txt,36,0.2962398332332725,0.1261529186047557,0.2538503686714263,-0.1276974500666706,0.725,0.4258472509516208,False,0.26023494895835453,0.24303137221169585,0.017203576746658678,0.475,0.8784603546324369,False,False,False
10,11,Ob11.txt,119,0.4000706903649459,0.3338377938801926,0.16190097327443886,0.17193682060575372,0.225,0.8344470162902075,True,0.06361793802614915,0.16561143270891415,-0.101993494682765,0.9,0.15901674268644034,False,False,True
10,12,Ob12.txt,91,0.03981989543892653,0.12934584186381812,0.20490558791496374,-0.07555974605114563,0.75,3.2482717605876528,False,0.21966158398771263,0.23955017374363907,-0.019888589755926445,0.575,5.516377719389468,False,False,False
10,13,Ob13.txt,102,0.006679960931729335,0.12003803146263439,0.22124495946452488,-0.10120692800189049,0.7,17.969870286585415,False,0.24430830728994973,0.1287257988158254,0.11558250847412432,0.375,36.57331379432218,False,False,False
10,14,Ob14.txt,47,0.17247582374404016,0.16520770095654314,0.22747274195432507,-0.062265040997781934,0.625,0.9578600488478712,False,0.20069520125120666,0.17554519620983772,0.02515000504136894,0.45,1.1636135250413124,False,False,False
10,15,Ob15.txt,96,0.1293778800519476,0.18891607973721697,0.06777715823285602,0.12113892150436095,0.175,1.4601884005315566,True,0.1348134563408213,0.147348534690993,-0.012535078350171674,0.55,1.042013180975691,False,False,True
10,16,Ob16.txt,84,0.347365503872581,0.22795078918557016,0.2723942518043586,-0.044443462618788454,0.55,0.6562274798282387,False,0.25451680964077633,0.17115538682409837,0.08336142281667797,0.35,0.7327060597650392,True,False,True
10,17,Ob17.txt,122,0.1551631285347654,0.07202890841660264,0.21823854452010033,-0.1462096361034977,0.825,0.4642140764805735,False,0.059279641240174624,0.2274503574551815,-0.16817071621500687,0.925,0.38204721572685096,False,False,False
10,18,Ob18.txt,103,0.32582178952861796,0.5493791910616126,0.19324847004341308,0.35613072101819954,0.1,1.686133980960653,True,0.49758910234466125,0.15735289824869272,0.34023620409596855,0.1,1.5271817856766035,True,True,True
10,19,Ob19.txt,143,0.3983908583717393,0.08051354680251288,0.17525602716250052,-0.09474248035998764,0.8,0.2020968732354434,False,0.02855460712357887,0.10811120140384348,-0.07955659428026461,0.85,0.07167485529232327,False,False,False
11,1,Ob1.txt,28,0.4592034102338257,0.25121463951519163,0.2465346041149248,0.004680035400266819,0.5,0.5470661452345781,False,0.14658556932800199,0.2546118604759682,-0.10802629114796619,0.65,0.3192170747455051,False,False,False
11,2,Ob2.txt,43,0.07548781716436526,0.33387458936575526,0.2451665243454376,0.08870806502031767,0.35,4.4228936788407225,True,0.053888084663406555,0.20810912328031428,-0.15422103861690772,0.775,0.7138646564129946,False,False,True
11,3,Ob3.txt,40,0.29906343237414607,0.2952828251611421,0.209791439566778,0.08549138559436412,0.375,0.9873585105909097,False,0.36901485583251625,0.1929861478277166,0.17602870800479967,0.2,1.233901627166697,True,False,True
11,4,Ob4.txt,58,0.03811987638078462,0.7582239520343579,0.18681031038332493,0.5714136416510329,0.0,19.890514451315525,True,0.48918256935425525,0.32554214470429954,0.1636404246499557,0.2,12.832742805032842,True,True,True
11,5,Ob5.txt,93,0.29110946654119274,0.7153884693687693,0.16600441053959472,0.5493840588291746,0.0,2.457455189859104,True,0.6360032364867265,0.134434974964154,0.5015682615225725,0.0,2.184756284443022,True,True,True
11,6,Ob6.txt,112,0.3253426971322823,0.21811056864993078,0.1260997263467654,0.09201084230316539,0.35,0.670402534227619,True,0.15864667830502252,0.16735124381726468,-0.008704565512242163,0.55,0.4876294433635858,False,False,True
11,7,Ob7.txt,33,0.39947443521556136,0.1145756463129381,0.14071869522668973,-0.026143048913751632,0.6,0.28681596671164117,False,0.2208184595558029,0.3367072802232577,-0.11588882066745479,0.65,0.5527724432144112,False,False,False
11,8,Ob8.txt,84,0.2576946627591837,0.49269929940180657,0.19318902197537752,0.29951027742642905,0.05,1.911949957078604,True,0.923795063944616,0.1424828550198523,0.7813122089247637,0.0,3.5848436054257933,True,True,True
11,9,Ob9.txt,37,0.42923779331429157,0.5582213878208704,0.33069995321847523,0.22752143460239516,0.15,1.3004944963272047,True,0.011883304653380888,0.25118063472124275,-0.23929733006786186,0.975,0.02768466532647518,False,False,True
11,10,Ob10.txt,36,0.46305127523719664,0.4914973817739743,0.2195899963715799,0.2719073854023944,0.1,1.0614318717127087,True,0.5359696769008847,0.2861067293543777,0.249862947546507,0.05,1.157473708773042,True,True,True
11,11,Ob11.txt,119,0.17536294892962723,0.01009235675649478,0.16335743605333233,-0.15326507929683755,0.95,0.05755124909849013,False,0.32069148685756654,0.14351380448715306,0.17717768237041348,0.275,1.828730007193591,True,False,True
11,12,Ob12.txt,91,0.14110929591986718,0.030450749018690174,0.19216004647832752,-0.16170929745963736,0.9,0.21579548547944336,False,0.06815365169732697,0.2058039596398885,-0.13765030794256156,0.8,0.4829848469801019,False,False,False
11,13,Ob13.txt,102,0.20413603889191873,0.013821565066693603,0.17467295819130896,-0.16085139312461535,0.95,0.06770761861413177,False,0.09949808324017828,0.2672994437001378,-0.16780136045995953,0.8,0.4874106687886613,False,False,False
11,14,Ob14.txt,47,0.3945840118914915,0.028719024246687055,0.26514101670547874,-0.2364219924587917,0.975,0.07278304082575103,False,0.1422941027021931,0.20711619621935157,-0.06482209351715848,0.7,0.36061801394356346,False,False,False
11,15,Ob15.txt,96,0.0403023809686569,0.24468677848364934,0.1549887229859657,0.08969805549768364,0.3,6.071273522870568,True,0.13253780727722778,0.11419621964211066,0.018341587635117118,0.45,3.288585043655416,False,False,True
11,16,Ob16.txt,84,0.5506707671139716,0.2589212344867121,0.19237681131745607,0.06654442316925605,0.375,0.47019244519497716,False,0.16291850091036447,0.24874989459654775,-0.08583139368618328,0.625,0.2958546388147847,False,False,False
11,17,Ob17.txt,122,0.13638488222174489,0.08187241802927481,0.22180318573247454,-0.13993076770319973,0.725,0.60030420304327,False,0.08129230588632191,0.19434112071986742,-0.11304881483354551,0.825,0.5960507100350808,False,False,False
11,18,Ob18.txt,103,0.2321232414267464,0.3335706492280459,0.0,0.3335706492280459,0.0,1.4370411475290137,True,0.007047296004171921,0.0,0.007047296004171921,0.0,0.030360148173253523,False,False,True
11,19,Ob19.txt,143,0.03600231109161027,0.6056024938866542,0.1342944714001682,0.471308022486486,0.0,16.821211625710873,True,0.5233948214051416,0.1258607927482004,0.3975340286569412,0.0,14.53781175528784,True,True,True
12,1,Ob1.txt,28,0.0778461217270312,0.09212831981938341,0.22783774416990588,-0.13570942435052247,0.7,1.183467047240105,False,0.5294617015974439,0.3308430193817612,0.19861868221568268,0.325,6.801388301064126,True,False,True
12,2,Ob2.txt,43,0.19307996055321014,0.3468760752605888,0.20081180314974958,0.1460642721108392,0.15,1.7965410510066608,True,0.3593632177136621,0.22319115667814246,0.13617206103551963,0.25,1.8612144765516803,True,True,True
12,3,Ob3.txt,40,0.2204880904406504,0.02291169417527006,0.2582496924059748,-0.23533799823070473,0.95,0.10391352262827676,False,0.15952169984492037,0.283258161068197,-0.12373646122327664,0.7,0.7234934981119056,False,False,False
12,4,Ob4.txt,58,0.5105211589151736,0.44779186653190206,0.23150372913119135,0.2162881374007107,0.175,0.8771269490248603,True,0.19886349592618158,0.25942169898692724,-0.06055820306074566,0.625,0.38953037000220403,False,False,True
12,5,Ob5.txt,93,0.15167957736474308,0.23774539640570896,0.1719144057824401,0.06583099062326886,0.425,1.567418636946778,False,0.21829528487149652,0.17942406923742438,0.03887121563407214,0.4,1.439187059089458,False,False,False
12,6,Ob6.txt,112,0.22779636475122778,0.6394843602926414,0.22437444822962221,0.4151099120630192,0.0,2.807263237018776,True,0.4593384046484217,0.21013537722464054,0.24920302742378114,0.1,2.0164430856921562,True,True,True
12,7,Ob7.txt,33,0.10402726657088461,0.24908769858218163,0.33215559580253706,-0.08306789722035543,0.675,2.3944462523433914,False,0.8474678863222262,0.4669191899000834,0.38054869642214284,0.15,8.146593813889728,True,False,True
12,8,Ob8.txt,84,0.2816067082728738,0.29019368417686553,0.294041404114145,-0.003847719937279448,0.5,1.0304927959872001,False,0.19125828215061136,0.35220190619664643,-0.16094362404603507,0.775,0.67916806145571,False,False,False
12,9,Ob9.txt,37,0.12920320585807488,0.19509398816899234,0.2178283018760046,-0.02273431370701226,0.55,1.509977921006822,False,0.11480334377110632,0.18253703279683367,-0.06773368902572735,0.7,0.8885487245356257,False,False,False
12,10,Ob10.txt,36,0.08701958937198645,0.299106072302914,0.16534858480849052,0.13375748749442345,0.25,3.4372268872048126,True,0.3566382736911457,0.25714633742361137,0.09949193626753433,0.35,4.098367692435418,True,True,True
12,11,Ob11.txt,119,0.2711877879384875,0.2600371690313693,0.22829269508006855,0.031744473951300756,0.475,0.9588822970537026,False,0.33657100228193393,0.2177202714830418,0.11885073079889213,0.225,1.2410994051040272,True,False,True
12,12,Ob12.txt,91,0.2839513323194218,0.13776931930359249,0.2224765381628295,-0.08470721885923702,0.675,0.48518638098381367,False,0.039114589929189925,0.13067302334885078,-0.09155843341966086,0.75,0.1377510350442351,False,False,False
12,13,Ob13.txt,102,0.13840986313512998,0.05244420619360671,0.0,0.05244420619360671,0.0,0.37890512284088645,True,0.19909744824076087,0.0,0.19909744824076087,0.0,1.438462864791517,True,True,True
12,14,Ob14.txt,47,0.35406105067382826,0.2196403915426885,0.27176085496919405,-0.05212046342650556,0.525,0.6203460988569112,False,0.21892929178151244,0.2190913501327852,-0.0001620583512727536,0.5,0.6183376888388571,False,False,False
12,15,Ob15.txt,96,0.00054534771964522,0.1496461307326215,0.2297607843710191,-0.08011465363839759,0.7,274.4049811558301,False,0.14249874229015705,0.44967849659371373,-0.3071797543035567,0.9,261.298868881052,False,False,False
12,16,Ob16.txt,84,0.21905994394956463,0.06068992599004158,0.1449871553647625,-0.08429722937472092,0.725,0.27704711731330744,False,0.1556962425839174,0.1637840661443814,-0.008087823560464003,0.525,0.7107472036045266,False,False,False
12,17,Ob17.txt,122,0.0542992015551875,0.02499375523958064,0.20145604242308218,-0.17646228718350154,0.925,0.4602969200970295,False,0.2547608822847722,0.24620970124813613,0.008551181036636102,0.5,4.691797945239465,False,False,False
12,18,Ob18.txt,103,0.3333491028384614,0.10376231732810876,0.0,0.10376231732810876,0.475,0.3112722261574264,False,0.02759945145387413,0.0,0.02759945145387413,0.475,0.08279443747970315,False,False,False
12,19,Ob19.txt,143,0.3778022026905277,0.010498827906994274,0.07189248053758684,-0.06139365263059257,0.95,0.027789218358777717,False,0.15594258801663446,0.07728171929402838,0.07866086872260608,0.125,0.41276251675105513,True,False,True
13,1,Ob1.txt,28,0.10909352446899498,0.03070590587348135,0.19177697650559578,-0.16107107063211443,0.9,0.281464055936777,False,0.7400895487615131,0.19555229758323645,0.5445372511782767,0.025,6.783991555537752,True,False,True
13,2,Ob2.txt,43,0.38224536591531405,0.11450719992142383,0.23198366315666527,-0.11747646323524144,0.75,0.29956465174464075,False,0.43564911751690316,0.22418957753073587,0.2114595399861673,0.15,1.1397106580316807,True,False,True
13,3,Ob3.txt,40,0.09419572124730154,0.006568239474903231,0.20405555964033162,-0.1974873201654284,0.975,0.06972970096655419,False,0.04430082713250694,0.2605323619589406,-0.21623153482643365,0.875,0.4703061513399266,False,False,False
13,4,Ob4.txt,58,0.04985471599025537,0.16649074236572103,0.20643661616957748,-0.039945873803856446,0.575,3.33951841984745,False,0.26003475537539233,0.2946301003966264,-0.03459534502123407,0.575,5.215850701590976,False,False,False
13,5,Ob5.txt,93,0.06108967474848653,0.008253037056930188,0.14673487000221147,-0.13848183294528127,0.975,0.13509708622461855,False,0.03250432776300202,0.1591290710596862,-0.1266247432966842,0.9,0.532075639571273,False,False,False
13,6,Ob6.txt,112,0.27932223419781227,0.0685482025109416,0.17533392982422386,-0.10678572731328226,0.675,0.2454090441736789,False,0.03366595202773659,0.2149607432245507,-0.1812947911968141,0.875,0.12052729036921139,False,False,False
13,7,Ob7.txt,33,0.23870015237226488,0.6803358165440431,0.2801957339103509,0.40014008263369216,0.2,2.8501691757742376,True,0.15644627279846757,0.26321605357767136,-0.1067697807792038,0.775,0.6554091869806674,False,False,True
13,8,Ob8.txt,84,0.3066279208359974,0.2909046523174794,0.2810887192653706,0.009815933052108816,0.45,0.9487219934973642,False,0.17339023107162146,0.23055127191894514,-0.05716104084732368,0.625,0.5654743723235848,False,False,False
13,9,Ob9.txt,37,0.508466487818547,0.09955356346093325,0.2138572636219212,-0.11430370016098795,0.7,0.19579178932331182,False,0.0830683684506397,0.2869163596799172,-0.2038479912292775,0.85,0.16337039006646145,False,False,False
13,10,Ob10.txt,36,0.15121263714278665,0.027309471182583867,0.22622136172026203,-0.19891189053767816,0.9,0.18060310102783375,False,0.24978838551605198,0.2726162247728945,-0.022827839256842508,0.575,1.6519015224910236,False,False,False
13,11,Ob11.txt,119,0.14237889495184458,0.13244082272946012,0.13436725748917405,-0.0019264347597139353,0.5,0.9301998219206173,False,0.2275639661602213,0.15764390464348688,0.06992006151673441,0.35,1.598298443299395,True,False,True
13,12,Ob12.txt,91,0.3373068909990998,0.6094515714559359,0.17039992558474432,0.43905164587119155,0.025,1.806816248700838,True,0.35966584337221597,0.22850379722753889,0.13116204614467708,0.225,1.0662866753385594,True,True,True
13,13,Ob13.txt,102,0.03472020612965737,0.22811194645619043,0.17037115206677073,0.0577407943894197,0.3,6.57000553523043,True,0.3724724172124749,0.22705218925058424,0.1454202279618907,0.175,10.727828510623839,True,True,True
13,14,Ob14.txt,47,0.10362868390552703,0.2689778611041497,0.23921684346831323,0.02976101763583644,0.475,2.595592754505722,False,0.2672355537435621,0.2986138409379504,-0.03137828719438829,0.6,2.578779770928936,False,False,False
13,15,Ob15.txt,96,0.5387377390453534,0.05561664220911253,0.15556299368351603,-0.0999463514744035,0.725,0.1032350959998933,False,0.44781248022753634,0.21682533806678347,0.23098714216075286,0.05,0.8312253769729643,True,False,True
13,16,Ob16.txt,84,0.27767063866896213,0.05927866175352248,0.16985131452976676,-0.11057265277624428,0.875,0.21348552384825342,False,0.13305742334887893,0.17287215163171227,-0.039814728282833334,0.625,0.4791915486156586,False,False,False
13,17,Ob17.txt,122,0.37747185828925467,0.11341888187523064,0.1506039495549828,-0.03718506767975216,0.6,0.3004697684994529,False,0.06046187922540085,0.2122350182640672,-0.15177313903866635,0.825,0.16017585920026184,False,False,False
13,18,Ob18.txt,103,0.044293869610630254,0.4345778605535706,0.321826158481008,0.11275170207256263,0.25,9.811241699444444,True,0.1513886964840868,0.089154435607194,0.062234260876892794,0.3,3.4178250357190385,True,True,True
13,19,Ob19.txt,143,0.05965368945674426,0.129843414711533,0.1924033350004243,-0.06255992028889132,0.675,2.1766200195494076,False,0.32336966714846693,0.07982059970835753,0.2435490674401094,0.0,5.420782353838263,True,False,True
14,1,Ob1.txt,28,1.1603494649209252,0.8040888649077864,0.2795228803905463,0.5245659845172401,0.0,0.6929712894404472,True,0.48144882392605204,0.20311359713499383,0.2783352267910582,0.15,0.41491709048089365,True,True,True
14,2,Ob2.txt,43,0.26911377329480685,0.09595262542676153,0.19487918107547414,-0.09892655564871261,0.7,0.35655040710847613,False,0.01845296729342858,0.2902498948670551,-0.2717969275736265,0.95,0.06856939006690622,False,False,False
14,3,Ob3.txt,40,0.29344754033812415,0.10614749570469828,0.28438850657134546,-0.17824101086664718,0.825,0.3617256276279914,False,0.190171200136092,0.24472695279241632,-0.05455575265632431,0.65,0.6480585930860683,False,False,False
14,4,Ob4.txt,58,0.02908383461981348,0.18415832094047802,0.1980678177656387,-0.013909496825160683,0.55,6.331982125046861,False,0.07554524945264057,0.2392474043794831,-0.16370215492684254,0.8,2.597499622734585,False,False,False
14,5,Ob5.txt,93,0.06998252463564114,0.11386300411227168,0.2584587706798449,-0.14459576656757323,0.75,1.627020526982858,False,0.4844447782131944,0.19220000486199718,0.29224477335119725,0.175,6.922367844478611,True,False,True
14,6,Ob6.txt,112,0.1256599841257128,0.13270506351213343,0.20095124968470052,-0.06824618617256709,0.6,1.0560646210123072,False,0.04992092490625455,0.20614499979264944,-0.1562240748863949,0.85,0.39726986481482157,False,False,False
14,7,Ob7.txt,33,0.20289229421083227,0.36720587865949306,0.24462359694210134,0.12258228171739172,0.35,1.8098562101028686,True,0.5435246996270966,0.2532108390164709,0.2903138606106257,0.075,2.6788829104682588,True,True,True
14,8,Ob8.txt,84,0.2829301932233465,0.28490845792464375,0.1616373334947272,0.12327112442991656,0.25,1.0069920593442483,True,0.41830575951832283,0.24943596559745257,0.16886979392087026,0.25,1.4784769159935864,True,True,True
14,9,Ob9.txt,37,0.10771171560086126,0.057390105641366096,0.14987521536708961,-0.09248510972572352,0.875,0.5328121023903476,False,0.16238457710185972,0.15196522975176646,0.010419347350093255,0.475,1.5075850959759598,False,False,False
14,10,Ob10.txt,36,0.1077684627387583,0.3855564641630751,0.1988036816714487,0.18675278249162638,0.2,3.5776372267432555,True,0.24896612898674642,0.24942130154735842,-0.00045517256061200495,0.5,2.3101946771781052,False,False,True
14,11,Ob11.txt,119,0.2504536981879532,0.06731253233403856,0.19329653568665717,-0.1259840033526186,0.775,0.2687623813145846,False,0.12265218201506939,0.2175853606553213,-0.09493317864025191,0.675,0.4897199877760437,False,False,False
14,12,Ob12.txt,91,0.05566248809544444,0.004826459634358585,0.23552303403418975,-0.23069657439983116,0.975,0.08670937644904872,False,0.15620039031832456,0.1997821743652206,-0.043581784046896055,0.65,2.8062056811130653,False,False,False
14,13,Ob13.txt,102,0.046713212081527955,0.17783287976638662,0.0,0.17783287976638662,0.0,3.806907550181247,True,0.1086632976843371,0.0,0.1086632976843371,0.0,2.326179100993708,True,True,True
14,14,Ob14.txt,47,0.5741284211486584,0.28372338387774293,0.19861586870466186,0.08510751517308107,0.3,0.49418104630684845,True,0.33225693463916744,0.24806550976476308,0.08419142487440437,0.25,0.5787153577494408,True,True,True
14,15,Ob15.txt,96,0.09914483706780575,0.0919007115914302,0.0566681474474786,0.03523256414395161,0.275,0.9269339111282089,True,0.3287603905375885,0.019301898196523462,0.30945849234106504,0.0,3.31596077275055,True,True,True
14,16,Ob16.txt,84,0.05467466256133047,0.43671393174124373,0.1777194920167189,0.25899443972452485,0.125,7.987501180302056,True,0.4471635172002156,0.2698684678745189,0.17729504932569667,0.225,8.178624178953399,True,True,True
14,17,Ob17.txt,122,0.3388138046155081,0.009735375393927374,0.1687273870842333,-0.1589920116903059,0.95,0.02873370347166123,False,0.061405005578629324,0.12483786300715777,-0.06343285742852844,0.75,0.1812352529387426,False,False,False
14,18,Ob18.txt,103,0.5724023039661634,0.5000777613339299,0.17088076447395062,0.3291969968599793,0.275,0.8736473593290972,True,0.36694499513522455,0.15038973584176563,0.21655525929345892,0.275,0.6410613524660373,True,True,True
14,19,Ob19.txt,143,0.19956592811637114,0.19649819279446018,0.11959955016342652,0.07689864263103366,0.375,0.9846279605398267,False,0.07321581706782326,0.12495480741508762,-0.051738990347264355,0.625,0.36687533668136757,False,False,False
15,1,Ob1.txt,28,0.5352920945984752,0.36536250855172775,0.2943911634150449,0.07097134513668285,0.375,0.6825479252141538,False,0.42498659099130587,0.24006645252895434,0.18492013846235153,0.15,0.7939339946914219,True,False,True
15,2,Ob2.txt,43,0.16540991963597165,0.16193690849569325,0.2710570996092103,-0.10912019111351706,0.75,0.9790036102555295,False,0.01739908141338528,0.2537015292054921,-0.23630244779210682,0.95,0.10518765411213891,False,False,False
15,3,Ob3.txt,40,0.1893376890647199,0.14946263427626222,0.28105880652926096,-0.13159617225299874,0.75,0.7893971613077654,False,0.21956389451162578,0.31094966818375064,-0.09138577367212486,0.6,1.1596417786454227,False,False,False
15,4,Ob4.txt,58,0.2750311705530145,0.16219978800381585,0.21213372704683592,-0.04993393904302007,0.525,0.5897505641912342,False,0.4189373669705574,0.1809067664819084,0.238030600488649,0.275,1.5232359522311083,True,False,True
15,5,Ob5.txt,93,0.6377619635991011,0.3457939758410465,0.2224496905999946,0.1233442852410519,0.325,0.5421991206399596,True,0.2712404354928589,0.21663416880240016,0.05460626669045876,0.425,0.4253004270780899,False,False,True
15,6,Ob6.txt,112,0.1018310836129358,0.02596151926375012,0.20198403464084963,-0.1760225153770995,0.95,0.2549469016988068,False,0.20059299313173115,0.24468300254284897,-0.04409000941111782,0.675,1.969860145004383,False,False,False
15,7,Ob7.txt,33,0.5155993891337357,0.47072981004376846,0.18835738819665293,0.28237242184711553,0.15,0.9129758878005012,True,0.28354149046664756,0.3627375884343593,-0.07919609796771176,0.55,0.5499259627576921,False,False,True
15,8,Ob8.txt,84,0.08905735471980095,0.49529002339108696,0.3225830179006982,0.17270700549038875,0.25,5.561472434807953,True,0.47384821659463017,0.21744467262133793,0.25640354397329224,0.15,5.3207084140943515,True,True,True
15,9,Ob9.txt,37,0.08251260970911056,0.019843591584147252,0.25851564847053254,-0.2386720568863853,0.95,0.24049162490562018,False,0.18296445354075958,0.30017480319275225,-0.11721034965199267,0.6,2.2174120317583133,False,False,False
15,10,Ob10.txt,36,0.1662013155417294,0.053235783514168106,0.1623749661677372,-0.10913918265356909,0.85,0.3203090381122874,False,0.385476516415099,0.25637561486978877,0.12910090154531023,0.325,2.319334929201054,True,False,True
15,11,Ob11.txt,119,0.33579185055745087,0.17318421695059383,0.13945329227226033,0.033730924678333496,0.45,0.5157487195210047,False,0.049812555909399224,0.16540636343864035,-0.11559380752924112,0.95,0.14834355219373246,False,False,False
15,12,Ob12.txt,91,0.5429228747544897,0.371955988003029,0.14598112218959927,0.2259748658134297,0.3,0.6850991278848361,True,0.6142504373980898,0.27225253138403716,0.34199790601405267,0.075,1.1313769707637653,True,True,True
15,13,Ob13.txt,102,0.2588775543836125,0.18903134542847938,0.14200320736280575,0.04702813806567363,0.35,0.7301959641830017,True,0.13223061115345874,0.1971840729972968,-0.06495346184383805,0.65,0.5107843801611146,False,False,True
15,14,Ob14.txt,47,0.2791672215616965,0.11072840374240372,0.36074476068416705,-0.25001635694176333,0.9,0.3966382697903254,False,0.3278865452236325,0.30279195911300616,0.025094586110626316,0.45,1.1745166333976962,False,False,False
15,15,Ob15.txt,96,0.3410358663022656,0.06787111383867733,0.20195967447027455,-0.13408856063159721,0.75,0.19901459214416486,False,0.244216958388354,0.12075995415491117,0.12345700423344283,0.25,0.7161034440052136,True,False,True
15,16,Ob16.txt,84,0.03442819405479658,0.13106718055874364,0.17285392990543078,-0.041786749346687135,0.6,3.806972284115007,False,0.22864076343797424,0.25480674180399093,-0.026165978366016696,0.575,6.641090818590867,False,False,False
15,17,Ob17.txt,122,0.4600376717931028,0.15276327003814172,0.143446814211589,0.009316455826552716,0.475,0.33206687061672946,False,0.13487175572780644,0.14911403008750737,-0.014242274359700935,0.5,0.2931754593099141,False,False,False
15,18,Ob18.txt,103,0.14376641586920902,0.17232199393347908,0.3429060974336151,-0.17058410350013603,0.6,1.1986248171495657,False,0.051800438687899776,0.16360289246966747,-0.1118024537817677,0.65,0.3603097314119943,False,False,False
15,19,Ob19.txt,143,0.06363764614244403,0.2904845794941479,0.18164834374789365,0.10883623574625426,0.275,4.564665683013142,True,0.14167646798792505,0.1588223930744121,-0.017145925086487046,0.525,2.2262996288517956,False,False,True
16,1,Ob1.txt,28,0.530643217437911,0.175027917287686,0.2622481242878728,-0.08722020700018682,0.625,0.3298410523981973,False,0.3950335092247699,0.26519964120990835,0.12983386801486152,0.325,0.7444427748122336,True,False,True
16,2,Ob2.txt,43,0.4474695629164198,0.33671618109435214,0.16132495967058275,0.1753912214237694,0.225,0.7524895747093425,True,0.10574189995843569,0.17884566845361208,-0.07310376849517639,0.7,0.23631082138694334,False,False,True
16,3,Ob3.txt,40,0.31567606095030953,0.08203795709907666,0.25000696013262824,-0.16796900303355158,0.75,0.25988019760545045,False,0.05648257457526146,0.21655408599751802,-0.16007151142225656,0.9,0.17892574560524677,False,False,False
16,4,Ob4.txt,58,0.20500106179080585,0.0803032300769358,0.21602706589657944,-0.13572383581964365,0.75,0.39172104463966895,False,0.3137641479688478,0.2597984574082596,0.0539656905605882,0.4,1.5305488919322263,False,False,False
16,5,Ob5.txt,93,0.34830894100138177,0.12171553272886579,0.21563288964271443,-0.09391735691384864,0.8,0.3494470523177955,False,0.14621157003868704,0.22062677483101664,-0.0744152047923296,0.75,0.41977552921360983,False,False,False
16,6,Ob6.txt,112,0.27967560677211334,0.49978680723246494,0.15438255421311398,0.34540425301935096,0.05,1.7870232338128211,True,0.6220393003566621,0.17997473670506992,0.4420645636515922,0.025,2.224145707721715,True,True,True
16,7,Ob7.txt,33,0.4033808188332962,0.5982491862484662,0.3065887256052273,0.2916604606432389,0.15,1.483087837390956,True,0.6702123181926432,0.3053082653512292,0.364904052841414,0.125,1.6614878221803093,True,True,True
16,8,Ob8.txt,84,0.3928309454214993,0.1778951832723461,0.16678262987696507,0.01111255339538103,0.4,0.4528543011841094,False,0.31909537535654803,0.25513202222638115,0.06396335313016688,0.425,0.8122969411540769,False,False,False
16,9,Ob9.txt,37,0.013002312284470519,0.23800554595775056,0.16026931445914466,0.0777362314986059,0.4,18.304863069779948,False,0.12903221878277693,0.26550048201728416,-0.13646826323450723,0.75,9.923790165914431,False,False,False
16,10,Ob10.txt,36,0.7369393925280097,0.061958322583637246,0.19981670539964363,-0.13785838281600638,0.825,0.08407519425864092,False,0.4760583365049751,0.24887379787333486,0.22718453863164023,0.175,0.6459938786443432,True,False,True
16,11,Ob11.txt,119,0.07086356429292878,0.14313085874935041,0.17550293131502778,-0.03237207256567737,0.575,2.0198089127677834,False,0.3071276137664921,0.20668311603975323,0.10044449772673888,0.25,4.334069515568232,True,False,True
16,12,Ob12.txt,91,0.20508971529124384,0.48186871464481834,0.18374672034316236,0.298121994301656,0.1,2.3495508488103662,True,0.49527151978019834,0.2382844565595701,0.25698706322062825,0.15,2.414901786161598,True,True,True
16,13,Ob13.txt,102,0.5773380576033891,0.5105462399229594,0.22781528009499466,0.2827309598279648,0.1,0.8843107312937384,True,0.35213636783467983,0.2576262653094186,0.09451010252526121,0.35,0.609930980986161,True,True,True
16,14,Ob14.txt,47,0.7045407029571814,0.18343961709588685,0.31702191730019635,-0.1335823002043095,0.75,0.2603676641050438,False,0.09598505901056595,0.31285437720328435,-0.2168693181927184,0.775,0.13623777676390608,False,False,False
16,15,Ob15.txt,96,0.15707221415045095,0.3222015500547627,0.27963378930778504,0.042567760746977656,0.45,2.0512956527507997,False,0.18306339404119495,0.17174070222476517,0.01132269181642978,0.475,1.1654728051764043,False,False,False
16,16,Ob16.txt,84,0.34472941625824627,0.10574773943217225,0.23212226468268257,-0.12637452525051032,0.875,0.3067557755296221,False,0.0851455368203062,0.3013371061440829,-0.21619156932377667,0.925,0.24699237374196506,False,False,False
16,17,Ob17.txt,122,0.033617821687712324,0.018084031043181847,0.18145159523450718,-0.16336756419132534,0.975,0.5379298876402737,False,0.06722651080527836,0.175152588046425,-0.10792607724114664,0.85,1.9997283414067955,False,False,False
16,18,Ob18.txt,103,0.26013342323537836,0.10797852811929506,0.160759976298392,-0.05278144817909694,0.55,0.4150890215348917,False,0.1417650139266694,0.05521551028401106,0.08654950364265834,0.0,0.5449703931293565,True,False,True
16,19,Ob19.txt,143,0.018847005509726927,0.14945491602972838,0.1701073084743879,-0.020652392444659523,0.6,7.9299024957887765,False,0.17919520051963428,0.08503589548429388,0.0941593050353404,0.25,9.507887097881504,True,False,True
17,1,Ob1.txt,28,0.42623396408105496,0.47202493189400085,0.15911982356014814,0.3129051083338527,0.1,1.1074315321437829,True,0.3662075110634351,0.19041213437649204,0.17579537668694303,0.225,0.8591701786434717,True,True,True
17,2,Ob2.txt,43,0.7442420070948459,0.14508888508668213,0.1779430206117219,-0.03285413552503977,0.6,0.19494852978406535,False,0.17127406092780867,0.25355658039707074,-0.08228251946926207,0.575,0.23013221411188306,False,False,False
17,3,Ob3.txt,40,0.03915858327542052,0.2735568935018848,0.2821802419387889,-0.0086233484369041,0.525,6.9858730990810365,False,0.15988701046865117,0.22111335997492249,-0.061226349506271316,0.675,4.083064224874826,False,False,False
17,4,Ob4.txt,58,0.2855388606065326,0.1469193957725854,0.22546803065115145,-0.07854863487856606,0.675,0.5145338027212963,False,0.45243686649002773,0.22766319740891022,0.2247736690811175,0.125,1.5845018976715661,True,False,True
17,5,Ob5.txt,93,0.0698179104293572,0.2814595008212415,0.21234261054393533,0.06911689027730616,0.35,4.03133664543035,True,0.18854000016948316,0.24901732612192348,-0.06047732595244032,0.55,2.7004532076371826,False,False,True
17,6,Ob6.txt,112,0.47287189339548946,0.26207653721339597,0.16559968765192895,0.09647684956146702,0.325,0.5542231223165691,True,0.30250058150361064,0.22282313171056775,0.07967744979304289,0.35,0.6397093710338422,True,True,True
17,7,Ob7.txt,33,0.0012194815090389166,0.08893402706973878,0.30264873227389816,-0.21371470520415936,0.85,72.92773724779839,False,0.16568689995545366,0.32852517465891695,-0.1628382747034633,0.725,135.86667672069325,False,False,False
17,8,Ob8.txt,84,0.24006143458250073,0.3569103233121268,0.15535276140767984,0.20155756190444696,0.125,1.4867457737759588,True,0.18957791326163898,0.13625116272472876,0.05332675053691022,0.3,0.7897058250582422,True,True,True
17,9,Ob9.txt,37,0.12981937355969247,0.30561665954657186,0.2728061880495513,0.032810471497020544,0.425,2.354168343032758,False,0.1510670233129716,0.28728108555588255,-0.13621406224291097,0.725,1.1636708695371203,False,False,False
17,10,Ob10.txt,36,0.5469585970242747,0.13596055182435265,0.18571337531130194,-0.04975282348694929,0.625,0.24857558243721792,False,0.3122445189207394,0.21259683942724578,0.09964767949349362,0.375,0.570874140418496,False,False,False
17,11,Ob11.txt,119,0.19951814562679973,0.32778139163588127,0.16312347530376742,0.16465791633211385,0.15,1.6428650667643983,True,0.019843178215569357,0.16779414401745998,-0.14795096580189063,0.95,0.09945550643141089,False,False,True
17,12,Ob12.txt,91,0.45579714350650014,0.5184052302921238,0.22233927655869365,0.29606595373343014,0.15,1.1373595417996094,True,0.3672594449012174,0.19505956819525067,0.17219987670596676,0.275,0.8057519669295161,True,True,True
17,13,Ob13.txt,102,0.09310785547246014,0.031064884920171575,0.032748040736649386,-0.0016831558164778111,0.525,0.3336440815067434,False,0.2074757050841867,0.07452715814449373,0.13294854693969296,0.0,2.22833727649924,True,False,True
17,14,Ob14.txt,47,0.6035663299803936,0.0766260673331075,0.252156745409037,-0.17553067807592948,0.825,0.12695550352452006,False,0.304316179228523,0.2469689289442517,0.05734725028427129,0.375,0.5041967454321192,False,False,False
17,15,Ob15.txt,96,0.028563905808474052,0.30248419907750446,0.1539957902461103,0.14848840883139416,0.125,10.589735210083436,True,0.1703199560466046,0.22543663828136323,-0.05511668223475863,0.6,5.962768438904311,False,False,True
17,16,Ob16.txt,84,0.03841995040430768,0.09829797488988562,0.24323407042704873,-0.1449360955371631,0.725,2.5585138412584825,False,0.1292400353833131,0.2124868418814998,-0.08324680649818669,0.725,3.3638782461526184,False,False,False
17,17,Ob17.txt,122,0.0266514770783034,0.02596354111845328,0.12343847539597447,-0.09747493427752119,0.75,0.974187698571868,False,0.3604525753597386,0.11552929971983461,0.24492327563990401,0.2,13.524675360420384,True,False,True
17,18,Ob18.txt,103,0.2631149442284285,0.028822515530368686,0.552938736119979,-0.5241162205896104,0.75,0.10954343781152104,False,0.010898425954979418,0.715147731167872,-0.7042493052128926,0.75,0.041420778994285215,False,False,False
17,19,Ob19.txt,143,0.1883330396278516,0.21735932212585288,0.12896700386570784,0.08839231826014504,0.4,1.1541220943248065,False,0.1907121122779387,0.12892137572764353,0.061790736550295156,0.3,1.0126322638597463,True,False,True
18,1,Ob1.txt,28,0.8150830283176509,0.3035969623180188,0.2569184016645127,0.04667856065350612,0.35,0.3724736643635551,True,0.3140880894709859,0.23945245448004182,0.07463563499094406,0.4,0.38534490175715047,False,False,True
18,2,Ob2.txt,43,0.4010261523883692,0.056176078900804505,0.21295438010716317,-0.15677830120635866,0.925,0.1400808365395617,False,0.140389650719629,0.2047867683385876,-0.06439711761895861,0.675,0.35007604836621786,False,False,False
18,3,Ob3.txt,40,0.028350207394333943,0.3219738723674297,0.2588113691557357,0.06316250321169398,0.4,11.357019999500222,False,0.10879776896225335,0.2179692688147128,-0.10917149985245944,0.725,3.837635733980472,False,False,False
18,4,Ob4.txt,58,0.03592094735896967,0.11601440053172601,0.2124054615522617,-0.09639106102053568,0.75,3.2297143884418333,False,0.29649815077992797,0.32938027694063143,-0.03288212616070346,0.575,8.25418516435343,False,False,False
18,5,Ob5.txt,93,0.32951914086342254,0.15460350375109802,0.18434163833818945,-0.02973813458709143,0.575,0.46917912976465703,False,0.10147168982346677,0.18793751847761067,-0.0864658286541439,0.75,0.30793868167289334,False,False,False
18,6,Ob6.txt,112,0.012587320527740142,0.0032768507789626145,0.1912421200018166,-0.18796526922285398,0.975,0.2603294936155028,False,0.1746784855756457,0.22562584494697618,-0.05094735937133049,0.6,13.877336736653874,False,False,False
18,7,Ob7.txt,33,0.22028535593675241,0.34729634759097927,0.21301014415508554,0.13428620343589373,0.325,1.5765748300159081,True,0.007960397707744524,0.19397146475026633,-0.1860110670425218,1.0,0.036136753956672846,False,False,True
18,8,Ob8.txt,84,0.03961093658022552,0.4872573512891936,0.21905227357078638,0.26820507771840724,0.125,12.301081301178854,True,0.3635078359636825,0.1946066800968124,0.16890115586687013,0.2,9.17695634960452,True,True,True
18,9,Ob9.txt,37,0.2878216282306355,0.07512981075913572,0.20573850116853554,-0.13060869040939982,0.825,0.26102906588706093,False,0.06865656042923582,0.27461028599698617,-0.20595372556775035,0.925,0.2385385728351879,False,False,False
18,10,Ob10.txt,36,0.9531228970172207,0.5708271956982397,0.22935399199614606,0.34147320370209366,0.125,0.5989019857613662,True,0.5946968972362392,0.22283680068823053,0.37186009654800867,0.075,0.6239456623037085,True,True,True
18,11,Ob11.txt,119,0.17275520979697417,0.013014548291049366,0.15938271677131688,-0.1463681684802675,1.0,0.07533520005760959,False,0.03726539612850402,0.20603225604558875,-0.16876685991708473,0.9,0.21571214073543227,False,False,False
18,12,Ob12.txt,91,0.03643236167926571,0.6752966526258413,0.19336766323265736,0.4819289893931839,0.025,18.535626610507776,True,0.09570524456873386,0.2969837641500248,-0.20127851958129095,0.85,2.6269294703231214,False,False,True
18,13,Ob13.txt,102,0.24423935456576285,0.3461730396560256,0.18521736862180752,0.16095567103421807,0.2,1.4173515986868386,True,0.0891606020200822,0.11260280382586443,-0.02344220180578223,0.625,0.36505419930625965,False,False,True
18,14,Ob14.txt,47,0.026512647969762604,0.6149166794750673,0.3047839670395451,0.31013271243552226,0.1,23.19333324141645,True,0.7611907977562566,0.26081583659722796,0.5003749611590287,0.05,28.710478056525577,True,True,True
18,15,Ob15.txt,96,0.28594891213394646,0.42869065071767665,0.22175417681554777,0.20693647390212888,0.175,1.4991861571302847,True,0.1363016808542753,0.2211086849321852,-0.08480700407790989,0.675,0.47666444973369154,False,False,True
18,16,Ob16.txt,84,0.038342708089373956,0.3073696422059413,0.18850175195288868,0.11886789025305264,0.325,8.016378016114196,True,0.13077155297087012,0.18095404552735422,-0.050182492556484104,0.6,3.4105977247629853,False,False,True
18,17,Ob17.txt,122,0.1621387851700969,0.16981512853705,0.1963495019489514,-0.026534373411901402,0.6,1.047344275824566,False,0.059740583278079296,0.18884777706355607,-0.12910719378547678,0.825,0.36845337909375925,False,False,False
18,18,Ob18.txt,103,0.09169493745415078,0.06171289694184848,0.015629500093802984,0.046083396848045494,0.3,0.673024036607322,True,0.04594010375004999,0.011656815888736127,0.03428328786131386,0.175,0.5010102523165024,True,True,True
18,19,Ob19.txt,143,0.04190300070557457,0.14498399700700942,0.21516184656284176,-0.07017784955583234,0.55,3.459990801749944,False,0.06711618352224699,0.1517492686638079,-0.0846330851415609,0.675,1.6017035150735204,False,False,False
19,1,Ob1.txt,28,0.6724257592704881,0.23603807977740449,0.25104610569829255,-0.015008025920888068,0.525,0.3510247436586624,False,0.2123355918200765,0.21358550508708007,-0.0012499132670035773,0.5,0.31577551706293716,False,False,False
19,2,Ob2.txt,43,0.8272138043832402,0.4997509936484292,0.21247969785234055,0.2872712957960886,0.0,0.6041376376945704,True,0.8846804928756886,0.23010570354475807,0.6545747893309306,0.0,1.0694701758939997,True,True,True
19,3,Ob3.txt,40,0.1753642839720897,0.5372457735089938,0.2623405251631563,0.2749052483458375,0.225,3.063598592256675,True,0.26224407259294935,0.2640800179969318,-0.001835945403982464,0.5,1.4954246477845348,False,False,True
19,4,Ob4.txt,58,0.11350181015295535,0.29114692160259736,0.22663784992058447,0.06450907168201289,0.45,2.5651302055028635,False,0.22542655432334238,0.19221590507540792,0.03321064924793446,0.475,1.986105367126365,False,False,False
19,5,Ob5.txt,93,0.08506372272200502,0.22066004629893,0.21129901139512983,0.009361034903800164,0.45,2.5940558352949648,False,0.3512652590256252,0.2587916275687411,0.09247363145688414,0.25,4.129436706803768,True,False,True
19,6,Ob6.txt,112,0.06383551633850293,0.23490919868369808,0.23700085788565511,-0.00209165920195703,0.5,3.6799138184774205,False,0.14642250190478878,0.20932094900003567,-0.06289844709524689,0.625,2.2937466523862486,False,False,False
19,7,Ob7.txt,33,0.2563939710679727,0.3363353196355199,0.1865244536422321,0.14981086599328777,0.25,1.3117910621476896,True,0.25736605410726976,0.33308524604316003,-0.07571919193589027,0.625,1.0037913646535759,False,False,True
19,8,Ob8.txt,84,0.11951812212575325,0.016987931558445246,0.1570494586207915,-0.14006152706234626,0.925,0.14213686808575418,False,0.1570545016875691,0.1103971580659462,0.046657343621622896,0.4,1.3140643351333887,False,False,False
19,9,Ob9.txt,37,0.6151574122756586,0.009659137191343356,0.2856266890093995,-0.27596755181805616,1.0,0.015701895154950997,False,0.15594221329500044,0.2911925483119619,-0.13525033501696146,0.675,0.2534996899706072,False,False,False
19,10,Ob10.txt,36,0.9484694587766502,0.444841339286689,0.2451054279898618,0.19973591129682722,0.15,0.46900966095466257,True,0.26782766718789586,0.2327490902494843,0.03507857693841157,0.45,0.2823787995591802,False,False,True
19,11,Ob11.txt,119,0.3704341699596227,0.002146520988637532,0.1895129753067239,-0.18736645431808635,1.0,0.0057946084964880604,False,0.1782918887826973,0.1293389483733653,0.04895294040933201,0.4,0.4813051906149239,False,False,False
19,12,Ob12.txt,91,0.19374624037117627,0.400141517231124,0.20642489696553667,0.19371662026558734,0.175,2.0652866164759565,True,0.09341574321822232,0.23635339030842492,-0.1429376470902026,0.825,0.48215512744535216,False,False,True
19,13,Ob13.txt,102,0.09085389752103123,0.40905969560973143,0.23767108371720935,0.17138861189252208,0.2,4.502390175556757,True,0.2399397238173122,0.24910177770539055,-0.009162053888078336,0.525,2.640940348891141,False,False,True
19,14,Ob14.txt,47,0.13192727551442002,0.294967967402603,0.1543741763678468,0.1405937910347562,0.275,2.23583763291134,True,0.05783893700961226,0.26259896650368064,-0.20476002949406838,0.875,0.43841530710069354,False,False,True
19,15,Ob15.txt,96,0.5605927797006203,0.6290119394977957,0.22184410232352397,0.4071678371742717,0.075,1.1220478790927597,True,0.7561124386519396,0.2684225728395123,0.48768986581242724,0.025,1.3487730595740723,True,True,True
19,16,Ob16.txt,84,0.4950854441766179,0.39058691819736324,0.15058872957500943,0.2399981886223538,0.15,0.7889283007440315,True,0.48385682447307093,0.15143439547753923,0.3324224289955317,0.075,0.9773198347161642,True,True,True
19,17,Ob17.txt,122,0.29097558232907084,0.36630543865624066,0.1928761218129001,0.17342931684334056,0.2,1.2588872087623406,True,0.012134468417380917,0.17228254694666134,-0.16014807852928042,0.975,0.04170270343735501,False,False,True
19,18,Ob18.txt,103,0.00013407522927191828,0.30098286667647656,0.0,0.30098286667647656,0.0,2244.8804921754227,True,0.35646911224959327,0.0,0.35646911224959327,0.0,2658.72461442253,True,True,True
19,19,Ob19.txt,143,0.19271640016366118,0.1899196560758739,0.12165662835486127,0.06826302772101264,0.4,0.9854877733010154,False,0.11190088953736102,0.2494581458129652,-0.13755725627560417,0.75,0.580650580035384,False,False,False
20,1,Ob1.txt,28,0.844260701266518,0.4916796795771812,0.22988892756342466,0.2617907520137565,0.2,0.5823789723240556,True,0.12478428179662907,0.2861400110299246,-0.16135572923329553,0.85,0.1478030205710557,False,False,True
20,2,Ob2.txt,43,0.152410469537141,0.17720916851794113,0.2591404213667971,-0.08193125284885597,0.725,1.1627099441141537,False,0.47260853218381393,0.21707881685635827,0.25552971532745566,0.075,3.1008928298632643,True,False,True
20,3,Ob3.txt,40,0.18473868364476795,0.19821289477367615,0.18675418890542722,0.01145870586824893,0.475,1.0729365981345715,False,0.5951907567129011,0.23408244735280054,0.3611083093601006,0.075,3.2217981906669158,True,False,True
20,4,Ob4.txt,58,0.2198847613204417,0.05293702643562953,0.24828770071782177,-0.19535067428219224,0.875,0.24074895466941215,False,0.18937859468235885,0.2832948013593559,-0.09391620667699707,0.775,0.8612629340255838,False,False,False
20,5,Ob5.txt,93,0.0622239585723722,0.08236424903254203,0.19858132924840438,-0.11621708021586236,0.75,1.323674207206615,False,0.18806730384928871,0.14834431795745662,0.0397229858918321,0.35,3.0224258977440193,True,False,True
20,6,Ob6.txt,112,0.14376790723557492,0.13331067640444952,0.1454694973452656,-0.012158820940816079,0.525,0.9272631073777097,False,0.01996323941896211,0.16978486955149208,-0.14982163013252997,0.925,0.13885741124582682,False,False,False
20,7,Ob7.txt,33,0.08132757609470057,0.06290234542922768,0.2928199230356916,-0.22991757760646392,1.0,0.7734442417905345,False,0.12203390148375215,0.2531833626247222,-0.13114946114097004,0.8,1.5005230371264449,False,False,False
20,8,Ob8.txt,84,0.3420293631602912,0.239453419058475,0.22801830874695353,0.011435110311521474,0.475,0.7000960877919004,False,0.27333866305434074,0.20047208126358368,0.07286658179075706,0.4,0.7991672426271813,False,False,False
20,9,Ob9.txt,37,0.22482128195849432,0.6354752976671114,0.24072003958919838,0.394755258077913,0.15,2.8265798154483903,True,0.20071879361654654,0.3627561614648892,-0.16203736784834266,0.625,0.892792674554727,False,False,True
20,10,Ob10.txt,36,0.24998265711858725,0.9441520852334307,0.2049790194672574,0.7391730657661734,0.025,3.776870348191963,True,0.8119172958758426,0.23452160091167218,0.5773956949641704,0.025,3.247894494899635,True,True,True
20,11,Ob11.txt,119,0.10890614620126754,0.6675837494422552,0.20011169082917984,0.46747205861307534,0.0,6.129899667999503,True,0.6192634657842035,0.20480172703534208,0.4144617387488615,0.05,5.686212278963151,True,True,True
20,12,Ob12.txt,91,0.27658510630931804,0.09074169722955805,0.11419291742138218,-0.023451220191824135,0.55,0.3280787546386441,False,0.13091982218601766,0.15628963527864742,-0.025369813092629756,0.55,0.4733437166338375,False,False,False
20,13,Ob13.txt,102,0.03938623529373189,0.09025950198507537,0.14564280370850669,-0.05538330172343131,0.575,2.2916509108307617,False,0.31052055543955703,0.1561697083764919,0.15435084706306512,0.275,7.883986705603587,True,False,True
20,14,Ob14.txt,47,0.3240246298943795,0.13395752842617836,0.22034493564380947,-0.08638740721763111,0.675,0.41341773454025316,False,0.2535203025631745,0.25098864373603114,0.002531658827143346,0.475,0.7824105922003924,False,False,False
20,15,Ob15.txt,96,0.5252932027987169,0.299630972757317,0.19699935586827977,0.10263161688903721,0.25,0.5704071005695657,True,0.057259934338094357,0.11032615415719638,-0.05306621981910202,0.775,0.10900566394733142,False,False,True
20,16,Ob16.txt,84,0.004488594685561481,0.3196200923678106,0.23376074972046776,0.08585934264734282,0.325,71.20716276654173,True,0.23896600432836979,0.19244035244784993,0.04652565188051985,0.375,53.23849023326939,False,False,True
20,17,Ob17.txt,122,0.13509379079919492,0.189180879455499,0.1281812533622229,0.06099962609327608,0.3,1.4003669475579361,True,0.2131819937021262,0.1733880419783793,0.03979395172374692,0.4,1.5780295485156868,False,False,True
20,18,Ob18.txt,103,0.5158324387798432,0.7624007814734662,0.0,0.7624007814734662,0.2,1.478000847090693,True,1.0566964373897902,0.0,1.0566964373897902,0.2,2.048526532936381,True,True,True
20,19,Ob19.txt,143,0.03784398383421389,0.0429803447273235,0.20498768086818414,-0.16200733614086066,0.85,1.1357246350070032,False,0.08121704515902553,0.18916812759776172,-0.10795108243873619,0.775,2.1461018880786815,False,False,False
21,1,Ob1.txt,28,0.02646686377764773,0.008141042187995107,0.23745303246599408,-0.22931199027799898,0.95,0.3075937616330094,False,0.16385867435800633,0.18522425782030102,-0.021365583462294696,0.575,6.191087683626164,False,False,False
21,2,Ob2.txt,43,0.05584674075210315,0.6874336126165872,0.23241959410346527,0.45501401851312195,0.05,12.30928794337383,True,0.5691019034225082,0.17801089741575127,0.39109100600675695,0.025,10.190422856522316,True,True,True
21,3,Ob3.txt,40,0.0011833017608878227,0.022917127088589923,0.2799750594721342,-0.25705793238354424,1.0,19.36710300455851,False,0.11970253982664045,0.20798039412507216,-0.08827785429843171,0.625,101.15977494770945,False,False,False
21,4,Ob4.txt,58,0.24948901319247715,0.10063290185303828,0.2575941138574093,-0.15696121200437105,0.825,0.4033560458848801,False,0.09966412402090935,0.2531977311289452,-0.15353360710803587,0.75,0.39947299781100953,False,False,False
21,5,Ob5.txt,93,0.10445561614198906,0.20327580766502568,0.1839667400354258,0.019309067629599885,0.475,1.9460495775421776,False,0.5070811094483176,0.14206694966991334,0.3650141597784043,0.1,4.854512645438135,True,False,True
21,6,Ob6.txt,112,0.4604857310979227,0.04731688347308746,0.16414688303915526,-0.1168299995660678,0.85,0.10275428808678001,False,0.17141764661946862,0.1856397390258881,-0.014222092406419473,0.525,0.3722539810533598,False,False,False
21,7,Ob7.txt,33,0.35674879075432203,0.33814527683993917,0.2544875547225052,0.08365772211743394,0.375,0.9478526223591481,False,0.20268690609006668,0.27940245443789274,-0.07671554834782607,0.775,0.5681502259937544,False,False,False
21,8,Ob8.txt,84,0.29716209743735345,0.19694297255027,0.06438170254570327,0.13256127000456672,0.275,0.6627459364725635,True,0.1451032163603756,0.1513269345356014,-0.006223718175225795,0.5,0.488296514298785,False,False,True
21,9,Ob9.txt,37,0.47333227253463195,0.049512138909225456,0.3050292459387066,-0.25551710702948116,0.9,0.10460334480067136,False,0.17089362908971867,0.2825662546135329,-0.11167262552381424,0.675,0.3610436875022398,False,False,False
21,10,Ob10.txt,36,0.6327566493739738,0.2557020866266634,0.1775039252716823,0.07819816135498109,0.375,0.4041080988712574,False,0.13678354057227332,0.2781965580915696,-0.1414130175192963,0.825,0.21617084657680316,False,False,False
21,11,Ob11.txt,119,0.30009510655706034,0.1677104775287852,0.2362980584995292,-0.068587580970744,0.65,0.5588577549727443,False,0.28760356958333627,0.2117732853914629,0.07583028419187338,0.375,0.9583747395382839,False,False,False
21,12,Ob12.txt,91,0.2467995900399349,0.13235105595548763,0.21223905980009716,-0.07988800384460953,0.675,0.5362693509096663,False,0.2248231566690123,0.15855259465907354,0.06627056200993875,0.25,0.9109543359963986,True,False,True
21,13,Ob13.txt,102,0.5860464684583591,0.3017484975124532,0.7109344096684949,-0.40918591215604166,0.55,0.5148883471753122,False,0.15197617001736458,0.9761643448501629,-0.8241881748327984,0.55,0.25932443619556267,False,False,False
21,14,Ob14.txt,47,0.1409395165465422,0.5492205271643599,0.2292589638994098,0.31996156326495007,0.15,3.896852640210326,True,0.11037315796310027,0.20546053129000436,-0.09508737332690409,0.775,0.783124283860105,False,False,True
21,15,Ob15.txt,96,0.09388733234477926,0.2941043745554706,0.14141223506254655,0.15269213949292407,0.275,3.1325245611989603,True,0.17506967067824558,0.14830697425431544,0.026762696423930143,0.425,1.8646782937163788,False,False,True
21,16,Ob16.txt,84,0.10001400130748081,0.2242557493329571,0.0951962410245294,0.12905950830842772,0.325,2.242243549915679,True,0.3166354563608593,0.14927793785450874,0.16735751850635058,0.2,3.165911294633662,True,True,True
21,17,Ob17.txt,122,0.24690554849443908,0.11101204473957864,0.2538047590794996,-0.14279271433992097,0.775,0.4496134064888335,False,0.32603470637582455,0.2060392002955126,0.11999550608031195,0.3,1.3204835142988602,True,False,True
21,18,Ob18.txt,103,0.21427127449622202,0.2247969720220036,0.06010097662560912,0.16469599539639448,0.2,1.0491232319895833,True,0.4929423990773838,0.31092385423793584,0.18201854483944796,0.35,2.3005528866916563,True,True,True
21,19,Ob19.txt,143,0.16938049775666145,0.20882069341373447,0.15462816102478316,0.0541925323889513,0.25,1.2328496856452407,True,0.034715696877248736,0.11950670025879624,-0.0847910033815475,0.85,0.20495687128705126,False,False,True
22,1,Ob1.txt,28,0.12646063196226143,0.5918367584802585,0.3279478052705989,0.2638889532096596,0.15,4.680007914691391,True,0.6207909504209835,0.29406445783861274,0.3267264925823708,0.2,4.908966061518979,True,True,True
22,2,Ob2.txt,43,0.05091626409305762,0.29256205938801405,0.1897447571864648,0.10281730220154925,0.25,5.745945123807789,True,0.38128689534163107,0.21745597514088033,0.16383092020075074,0.2,7.488508871050874,True,True,True
22,3,Ob3.txt,40,0.6533574269582466,0.10035818767450017,0.19754585913781353,-0.09718767146331336,0.7,0.1536038063295998,False,0.7597641836563209,0.2394198551441541,0.5203443285121668,0.025,1.1628614787367748,True,False,True
22,4,Ob4.txt,58,0.590098406239872,0.39158964075210145,0.2626365852508854,0.12895305550121605,0.25,0.663600573415076,True,0.24638149360087527,0.24020476566759086,0.006176727933284415,0.5,0.41752611258658856,False,False,True
22,5,Ob5.txt,93,0.30991338662892864,0.10869036699500378,0.1797447077706231,-0.07105434077561931,0.675,0.3507120753229772,False,0.2685062369997184,0.16332356824792776,0.10518266875179061,0.25,0.8663912195610037,True,False,True
22,6,Ob6.txt,112,0.3595659739054249,0.6362507678044452,0.17378084519979453,0.4624699226046507,0.0,1.769496598618076,True,0.08658442038500047,0.1567421286999697,-0.07015770831496923,0.825,0.24080259721064265,False,False,True
22,7,Ob7.txt,33,0.507168101990846,0.29900943258857104,0.2423976449834253,0.056611787605145736,0.4,0.5895667164690257,False,0.19657453330325697,0.2623431690568677,-0.06576863575361075,0.625,0.3875924620093812,False,False,False
22,8,Ob8.txt,84,0.19385540533335657,0.33802764190799406,0.19175700586863875,0.1462706360393553,0.075,1.7437101706125595,True,0.5633831766933688,0.07419273430398017,0.48919044238938864,0.0,2.906203083295856,True,True,True
22,9,Ob9.txt,37,0.002990934674981849,0.04406209894464655,0.2275955613293626,-0.18353346238471605,0.9,14.731882749968102,False,0.1423595731024178,0.1945875976258144,-0.05222802452339659,0.625,47.59701851505057,False,False,False
22,10,Ob10.txt,36,0.4926958084568578,0.236804056963317,0.26539530335776323,-0.02859124639444624,0.55,0.480629331321077,False,0.18938909878254084,0.28351328660362063,-0.09412418782107979,0.675,0.38439356603360353,False,False,False
22,11,Ob11.txt,119,0.453442163599864,0.3024980705709424,0.15813383205883297,0.14436423851210944,0.175,0.6671150035308122,True,0.39382737829818665,0.20133589705457167,0.19249148124361498,0.225,0.8685283591000948,True,True,True
22,12,Ob12.txt,91,0.08831610931082734,0.1317439326430872,0.2064989633021575,-0.0747550306590703,0.675,1.4917316180609388,False,0.13000754435728654,0.2920337398603948,-0.1620261955031083,0.7,1.4720705584949034,False,False,False
22,13,Ob13.txt,102,0.30297825953588675,0.508364386480834,0.18240548327772144,0.3259589032031126,0.075,1.677890642251247,True,0.536593666573997,0.17286071245828527,0.3637329541157117,0.075,1.7710632683545378,True,True,True
22,14,Ob14.txt,47,0.08152417038429596,0.08867064202948352,0.2629794444468351,-0.17430880241735155,0.8,1.0876607711737498,False,0.5571835737325765,0.2468806123247228,0.31030296140785374,0.15,6.8345813407983735,True,False,True
22,15,Ob15.txt,96,0.09319078242025973,0.14875746905026122,0.16709674081489034,-0.018339271764629128,0.55,1.5962680555616975,False,0.03395765767484535,0.15913246470956605,-0.1251748070347207,0.95,0.36438858858065487,False,False,False
22,16,Ob16.txt,84,0.2729295772666852,0.19389109674707183,0.224345966374046,-0.030454869626974163,0.575,0.710407053309641,False,0.19501563889010357,0.23677495608117885,-0.041759317191075285,0.525,0.714527318157056,False,False,False
22,17,Ob17.txt,122,0.0043683014129804465,0.049057639338634884,0.19674535301758297,-0.1476877136789481,0.925,11.230369587789815,False,0.19112461746294682,0.20112786837810787,-0.01000325091516105,0.5,43.75261672535194,False,False,False
22,18,Ob18.txt,103,0.18813370389276307,0.040849004934162936,0.1885359346688802,-0.14768692973471725,0.55,0.21712752201725122,False,0.05339684808871535,0.11299985344148822,-0.05960300535277287,0.55,0.283823934700992,False,False,False
22,19,Ob19.txt,143,0.08046933661832864,0.18925235244663907,0.2103479710983648,-0.02109561865172574,0.55,2.3518567494134497,False,0.1061464893369628,0.201810302906723,-0.0956638135697602,0.675,1.319092387208591,False,False,False
23,1,Ob1.txt,28,0.48578970661116827,0.6824890556798259,0.26438802151254737,0.4181010341672785,0.0,1.404906374902048,True,0.8657206922804868,0.2946059874503142,0.5711147048301726,0.0,1.7820894113209764,True,True,True
23,2,Ob2.txt,43,0.3017169882232915,0.5264271976171628,0.13646192808827387,0.389965269528889,0.05,1.7447714850831342,True,0.5208117359486113,0.2114311265705881,0.3093806093780232,0.05,1.7261597996701945,True,True,True
23,3,Ob3.txt,40,0.48784978060382833,0.1168928655279502,0.367009716926087,-0.25011685139813683,0.825,0.23960831832960527,False,0.2751954687229677,0.23140840753389824,0.04378706118906944,0.375,0.5640987854547128,False,False,False
23,4,Ob4.txt,58,0.2527873085694352,0.04840506898783875,0.24143368220864575,-0.193028613220807,0.925,0.19148536080300457,False,0.12362874785026379,0.2554005268192523,-0.1317717789689885,0.6,0.48906232100772434,False,False,False
23,5,Ob5.txt,93,0.17037135596945763,0.05731186875590363,0.17920539194677815,-0.12189352319087451,0.75,0.3363938053423599,False,0.004158615268768512,0.1773335644816672,-0.1731749492128987,1.0,0.024409122326372892,False,False,False
23,6,Ob6.txt,112,0.11335221888613206,0.03996611568866232,0.23747724598914172,-0.1975111303004794,0.925,0.3525834437242933,False,0.0017247492151815091,0.2606787592600073,-0.25895401004482577,0.975,0.01521583990264986,False,False,False
23,7,Ob7.txt,33,0.1476448098896488,0.559968511921668,0.2692678616664183,0.29070065025524966,0.275,3.792673188716854,True,0.2870666251284173,0.3440467603351101,-0.05698013520669282,0.575,1.9443055624032688,False,False,True
23,8,Ob8.txt,84,0.23537059054100531,0.6889157131122164,0.1886602645396823,0.5002554485725341,0.0,2.9269404963837076,True,0.5362474245833283,0.3093942745653412,0.22685315001798712,0.125,2.278311081052012,True,True,True
23,9,Ob9.txt,37,0.22143242659876494,0.09288624239690363,0.2949887591154825,-0.20210251671857887,0.875,0.419478952670348,False,0.20433068560191425,0.2572802414063742,-0.052949555804459925,0.6,0.9227676756311802,False,False,False
23,10,Ob10.txt,36,0.5489680324486644,0.009607530868613129,0.21763963193464334,-0.2080321010660302,0.95,0.0175010752916866,False,0.5952061601032874,0.202723448925475,0.3924827111778124,0.1,1.0842273591931728,True,False,True
23,11,Ob11.txt,119,0.24169160956452293,0.12421573192160762,0.19946623927485305,-0.07525050735324543,0.675,0.5139430870000744,False,0.2884288189745866,0.1832240193057703,0.1052047996688163,0.25,1.1933753906239204,True,False,True
23,12,Ob12.txt,91,0.2911263442307235,0.09087788854772477,0.32525482414020834,-0.23437693559248357,0.85,0.3121596184909402,False,0.17660356393764542,0.280301412737484,-0.10369784879983857,0.675,0.6066217209037034,False,False,False
23,13,Ob13.txt,102,0.10925318703331115,0.0970462659640173,0.03365292555791627,0.06339334040610103,0.375,0.888269428098496,False,0.20140018443621693,0.19677943267916975,0.004620751757047181,0.5,1.8434261727743493,False,False,False
23,14,Ob14.txt,47,0.038021375396712145,0.10818919704456463,0.24768650564012235,-0.1394973085955577,0.8,2.8454835185662475,False,0.13143554530644294,0.16640434003177434,-0.034968794725331404,0.6,3.456885605401026,False,False,False
23,15,Ob15.txt,96,0.19055210306784065,0.07416930618217397,0.20364502880585394,-0.12947572262367996,0.825,0.3892337318143799,False,0.15255442816735687,0.19112004280782496,-0.03856561464046809,0.625,0.8005916791852159,False,False,False
23,16,Ob16.txt,84,0.20909187422291584,0.12858995596147627,0.23720010386852033,-0.10861014790704407,0.875,0.614992602842063,False,0.09704035940311403,0.19475409448173903,-0.09771373507862499,0.675,0.46410392447703597,False,False,False
23,17,Ob17.txt,122,0.12967705322046763,0.06616407782609315,0.10273217817939864,-0.03656810035330549,0.6,0.5102219412219812,False,0.08911794492234436,0.1452035424471106,-0.05608559752476623,0.65,0.6872298738222592,False,False,False
23,18,Ob18.txt,103,0.15561370564498192,0.012509756953030929,0.09601749623503544,-0.08350773928200451,0.9,0.08038981464505938,False,0.021255675147304476,0.2113327182560537,-0.19007704310874923,0.975,0.13659256464078623,False,False,False
23,19,Ob19.txt,143,0.4143201686148007,0.06396526700620772,0.1369131360241183,-0.07294786901791059,0.75,0.1543860807453888,False,0.04978093900367711,0.1105407201444332,-0.060759781140756086,0.725,0.12015089482636108,False,False,False
24,1,Ob1.txt,28,0.5841251046195247,0.02032073944150331,0.20254923395074725,-0.18222849450924394,0.925,0.0347883343496072,False,0.24737481794512128,0.3051163917248286,-0.05774157377970729,0.65,0.42349629555170576,False,False,False
24,2,Ob2.txt,43,0.29318463142118734,0.338614168522065,0.2289527468164878,0.10966142170557719,0.25,1.1549519730303115,True,0.004121996892188673,0.20137526715261855,-0.19725327026042988,1.0,0.014059389375928905,False,False,True
24,3,Ob3.txt,40,0.18562743066100418,0.3820990411617998,0.2699953687876884,0.11210367237411145,0.3,2.0584190590861287,True,0.3964631329658005,0.22994361857358714,0.16651951439221335,0.275,2.135800358567845,True,True,True
24,4,Ob4.txt,58,0.75128051252577,0.5336702139461879,0.2790791704722614,0.25459104347392647,0.05,0.710347473478333,True,0.72342228487868,0.251689421806555,0.471732863072125,0.05,0.9629190067057217,True,True,True
24,5,Ob5.txt,93,0.4470078643390618,0.07568811874874742,0.24812350112855958,-0.17243538237981215,0.825,0.16932167146691834,False,0.1616344411997857,0.22448998930320946,-0.06285554810342375,0.625,0.3615919407565136,False,False,False
24,6,Ob6.txt,112,0.4021115064779883,0.07108195380683602,0.1978266925278655,-0.12674473872102948,0.85,0.176771747790627,False,0.3895060051773228,0.256362106524918,0.13314389865240484,0.2,0.9686517269523708,True,False,True
24,7,Ob7.txt,33,0.8302141789988912,0.6243442975787175,0.27644331520020304,0.3479009823785144,0.1,0.7520279867197394,True,0.5810873141221781,0.26796815646379535,0.3131191576583827,0.15,0.699924584307725,True,True,True
24,8,Ob8.txt,84,0.7472789191453932,0.19719318602243804,0.12015215146395561,0.07704103455848244,0.25,0.26388163906450496,False,0.15493865923101768,0.13414387088503688,0.020794788345980808,0.425,0.20733712039971552,False,False,False
24,9,Ob9.txt,37,0.9326290690010748,0.6518975589983058,0.30403019563109035,0.34786736336721547,0.2,0.6989891058151808,True,0.302207701959211,0.31404617451914396,-0.011838472559932978,0.525,0.3240384757499583,False,False,True
24,10,Ob10.txt,36,0.8098917990787718,0.31053898793329504,0.18850849891935997,0.12203048901393507,0.25,0.3834326860532778,True,0.2526066914843972,0.22321590510156958,0.029390786382827605,0.425,0.3119017772148451,False,False,True
24,11,Ob11.txt,119,0.3771539839580705,0.07091566347686398,0.1303246913702184,-0.05940902789335442,0.65,0.18802840880171617,False,0.2393546113401513,0.13112639550059665,0.10822821583955464,0.25,0.6346336550080329,True,False,True
24,12,Ob12.txt,91,0.08136635260067387,0.08226120066702053,0.22055307627058873,-0.1382918756035682,0.8,1.0109977655104974,False,0.14555450707675574,0.28443707129636375,-0.138882564219608,0.775,1.7888783560337478,False,False,False
24,13,Ob13.txt,102,0.11265522616593626,0.05782056083777781,0.0,0.05782056083777781,0.0,0.5132523612585059,True,0.058304440394136264,0.0,0.058304440394136264,0.0,0.5175475863699066,True,True,True
24,14,Ob14.txt,47,0.46572269942197775,0.17444070079124863,0.2126685500492796,-0.038227849258030966,0.55,0.3745591550674944,False,0.07588843608485452,0.18932858567615457,-0.11344014959130005,0.875,0.16294768577748497,False,False,False
24,15,Ob15.txt,96,0.05096055548855208,0.2508114853267089,0.09853100365922529,0.1522804816674836,0.15,4.92167879494665,True,0.497764200914456,0.3141505040166699,0.18361369689778612,0.275,9.767636874097166,True,True,True
24,16,Ob16.txt,84,0.4159747245129459,0.18645090675529444,0.17220643363949154,0.014244473115802903,0.4,0.4482265286036429,False,0.14773258741244602,0.17943977862353927,-0.03170719121109325,0.6,0.35514799026652955,False,False,False
24,17,Ob17.txt,122,0.137177506280851,0.5452065727905435,0.1441006386093392,0.4011059341812043,0.0,3.9744604459736443,True,0.3105218909881786,0.16502507277007505,0.14549681821810356,0.2,2.2636502106433554,True,True,True
24,18,Ob18.txt,103,0.29867974503222006,0.3480787097856822,0.0,0.3480787097856822,0.0,1.165391077148982,True,0.37773395471456656,0.0,0.37773395471456656,0.0,1.2646788441372834,True,True,True
24,19,Ob19.txt,143,0.006858933150581628,0.13535881684691517,0.12633245876607468,0.009026358080840485,0.45,19.734675039869273,False,0.16824005803359937,0.16175201974072556,0.00648803829287381,0.5,24.528604425796576,False,False,False
25,1,Ob1.txt,28,0.10342783486362533,0.12653280514312507,0.23480689438625024,-0.10827408924312518,0.75,1.2233921875089502,False,0.07456038846969165,0.22751989162981812,-0.15295950316012646,0.8,0.7208928676502141,False,False,False
25,2,Ob2.txt,43,0.06044007712345595,0.14525822390339269,0.2019959368091487,-0.05673771290575602,0.625,2.4033427953224766,False,0.49048971425760934,0.21190663480891364,0.2785830794486957,0.15,8.115305896379427,True,False,True
25,3,Ob3.txt,40,0.19741990541221954,0.13590122607693902,0.24895252037816393,-0.1130512943012249,0.725,0.6883866436526378,False,0.006249612172805952,0.24357902737514792,-0.23732941520234196,1.0,0.03165644396271261,False,False,False
25,4,Ob4.txt,58,0.002861435591751116,0.21185936608890193,0.2923486265367218,-0.08048926044781984,0.65,74.03953690226176,False,0.07105056228181802,0.276437892398029,-0.205387330116211,0.875,24.830390202261075,False,False,False
25,5,Ob5.txt,93,0.04754736703662493,0.10046672923966468,0.1972029701379424,-0.09673624089827773,0.65,2.1129819693754412,False,0.004622036455757705,0.19068201979114863,-0.18605998333539092,0.95,0.09720909366437533,False,False,False
25,6,Ob6.txt,112,0.198600560624061,0.04509120232189118,0.18144680409232894,-0.13635560177043776,0.875,0.2270446879918236,False,0.0662993348897658,0.1549610650136145,-0.0886617301238487,0.75,0.33383256664248034,False,False,False
25,7,Ob7.txt,33,0.5381887754931756,0.5378833378534347,0.2583047019091109,0.27957863594432375,0.175,0.9994324711817689,True,1.1447923425365802,0.34729117966864187,0.7975011628679384,0.0,2.12712043555263,True,True,True
25,8,Ob8.txt,84,0.08886310278003642,0.02666356881759882,0.260784600527712,-0.2341210317101132,0.925,0.3000521924560678,False,0.1686528783170438,0.18192555240537123,-0.01327267408832744,0.575,1.8978954486263175,False,False,False
25,9,Ob9.txt,37,0.3355489641374778,0.10378804239418282,0.32675821145863804,-0.22297016906445521,0.825,0.3093081889284564,False,0.30221517280194454,0.29570625921506255,0.0065089135868819925,0.475,0.9006589353621843,False,False,False
25,10,Ob10.txt,36,0.3225138306826466,0.06686213330131358,0.33826891185837604,-0.27140677855706247,0.8,0.20731555344398817,False,0.12388207527146447,0.26368692701472246,-0.139804851743258,0.75,0.3841139929076851,False,False,False
25,11,Ob11.txt,119,0.006459640001483871,0.03308376319004791,0.1490016161168184,-0.11591785292677048,0.875,5.121610984892053,False,0.020217250804392184,0.17034361190842728,-0.1501263611040351,0.85,3.129779801931376,False,False,False
25,12,Ob12.txt,91,0.01872348884298819,0.35314623120398636,0.2194284061792114,0.13371782502477497,0.425,18.861133956679076,False,0.2551285567797734,0.16484121530994444,0.09028734146982897,0.25,13.626122723133259,True,False,True
25,13,Ob13.txt,102,0.2145924843226409,0.08863611492836863,0.20686311666015567,-0.11822700173178703,0.7,0.41304389204564956,False,0.2567002744291706,0.19478138396732753,0.06191889046184307,0.3,1.196222110198512,True,False,True
25,14,Ob14.txt,47,0.5897040527144611,0.8382660480760515,0.16584510996599014,0.6724209381100614,0.0,1.421502945786852,True,0.6226920990277811,0.17785589016776665,0.44483620886001446,0.075,1.0559400027208106,True,True,True
25,15,Ob15.txt,96,0.06321737604279903,0.007076217922008632,0.1913060043929974,-0.18422978647098875,1.0,0.11193469841611166,False,0.2720983530144011,0.2127436856547307,0.059354667359670404,0.425,4.304170309602644,False,False,False
25,16,Ob16.txt,84,0.032770903561368026,0.3576580154616863,0.19810301798641006,0.15955499747527624,0.225,10.913889352849928,True,0.2559816934601855,0.17935076438577954,0.07663092907440597,0.35,7.811249176600351,True,True,True
25,17,Ob17.txt,122,0.3537749574139354,0.5422598702462438,0.17079324433529558,0.3714666259109482,0.025,1.5327819532793303,True,0.5396152047024373,0.12771463673538433,0.411900567967053,0.05,1.525306394344524,True,True,True
25,18,Ob18.txt,103,0.1527476219933412,0.17615083179904792,1.4314559670581004,-1.2553051352590525,0.575,1.1532148880637039,False,0.257270023849015,1.4733748299562697,-1.2161048061072548,0.575,1.6842816961185183,False,False,False
25,19,Ob19.txt,143,0.07454526983071297,0.21417971989786017,0.10810073972861603,0.10607898016924414,0.275,2.873149703317825,True,0.04553989635919961,0.15763674650892207,-0.11209685014972245,0.625,0.6109025624646272,False,False,True
26,1,Ob1.txt,28,0.8578221487115278,0.5388609205680328,0.19497795597515105,0.34388296459288176,0.15,0.6281732424109316,True,0.2590045130469939,0.26381725463934136,-0.004812741592347458,0.525,0.3019326482022243,False,False,True
26,2,Ob2.txt,43,0.9172732526408738,0.9105681047273905,0.3398218015777356,0.5707463031496549,0.0,0.9926901303464601,True,0.6109806048954823,0.176968214797614,0.43401239009786835,0.025,0.6660835286938105,True,True,True
26,3,Ob3.txt,40,0.1447766393128504,0.13451694481753113,0.20590911258268813,-0.071392167765157,0.675,0.9291343234377135,False,0.14018833560238592,0.30186857463661365,-0.16168023903422774,0.8,0.9683077067388646,False,False,False
26,4,Ob4.txt,58,0.23914548356138282,0.5496150255396909,0.21770037546699414,0.3319146500726967,0.175,2.2982454753263952,True,0.6580331922649194,0.25552690367573905,0.40250628858918036,0.175,2.7516020058811534,True,True,True
26,5,Ob5.txt,93,0.32360434938572735,0.1112601114583931,0.1642388548483058,-0.05297874338991271,0.775,0.3438152536255752,False,0.23981805821094893,0.2497795380260918,-0.009961479815142865,0.525,0.7410841623920589,False,False,False
26,6,Ob6.txt,112,0.6044662909807414,0.43731012548484854,0.16762334564787987,0.26968677983696865,0.1,0.7234648681158325,True,0.127840549392765,0.1538243068812648,-0.025983757488499792,0.575,0.211493264885532,False,False,True
26,7,Ob7.txt,33,0.1504874125798028,0.41634069790735884,0.2952626822138309,0.12107801569352794,0.275,2.7666147671093437,True,0.3944196870543402,0.23461222195144565,0.15980746510289456,0.375,2.62094802676723,False,False,True
26,8,Ob8.txt,84,0.1317123977669997,0.3800142325621333,0.22459339829543423,0.15542083426669906,0.275,2.885181949495609,True,0.26789756151662586,0.3421315175016948,-0.07423395598506893,0.55,2.0339585798941937,False,False,True
26,9,Ob9.txt,37,0.339026078457472,0.06729872557516614,0.28395588193381927,-0.21665715635865312,0.925,0.19850604378685932,False,0.22369470856956036,0.31539232949848245,-0.09169762092892209,0.625,0.6598156389247236,False,False,False
26,10,Ob10.txt,36,0.08285485729219015,0.3272482214434056,0.22795089270781327,0.09929732873559233,0.3,3.9496564491005626,True,0.03372617127571692,0.2602951188237181,-0.22656894754800116,0.925,0.4070512264209274,False,False,True
26,11,Ob11.txt,119,0.28805136633721207,0.1892897634865335,0.16490763066101116,0.024382132825522346,0.4,0.657138918983423,False,0.2011554527368737,0.1490138573877404,0.05214159534913332,0.4,0.6983318818956331,False,False,False
26,12,Ob12.txt,91,0.2670532836613555,0.11544325786538884,0.20081178868936572,-0.08536853082397688,0.675,0.4322854835658188,False,0.20941500261086726,0.24189522252312046,-0.032480219912253194,0.525,0.7841693602854998,False,False,False
26,13,Ob13.txt,102,0.315084651578454,0.06992292565147694,0.10203115342322211,-0.03210822777174517,0.6,0.22191790460496802,False,0.021261832787578788,0.12579172696543955,-0.10452989417786077,0.825,0.06747974768388466,False,False,False
26,14,Ob14.txt,47,0.12543498614246917,0.08234809971631413,0.18970205130397128,-0.10735395158765715,0.8,0.6565002496415401,False,0.3147979750113774,0.20066732030656953,0.11413065470480788,0.3,2.5096504945903177,True,False,True
26,15,Ob15.txt,96,0.16128069298484166,0.36504470179457515,0.17081465992372385,0.1942300418708513,0.05,2.2634122847480866,True,0.07870102961333536,0.16064103588245615,-0.08194000626912079,0.75,0.48797551744604833,False,False,True
26,16,Ob16.txt,84,0.5677376248287729,0.2084163033045855,0.14650514615993407,0.061911157144651424,0.35,0.36709968511853147,True,0.04152709201367205,0.1411346438704797,-0.09960755185680764,0.875,0.07314486515878957,False,False,True
26,17,Ob17.txt,122,0.1270887831524817,0.23931897656685805,0.12429331477096639,0.11502566179589166,0.3,1.8830849633655085,True,0.009572288007524306,0.15551183080236097,-0.14593954279483667,0.95,0.07531969203009388,False,False,True
26,18,Ob18.txt,103,0.39193286480607237,0.7104857979035721,0.0,0.7104857979035721,0.0,1.812774231768288,True,0.363292909368357,0.013592325886740031,0.349700583481617,0.225,0.9269263743628993,True,True,True
26,19,Ob19.txt,143,0.20413233960120603,0.07352711649900812,0.236588017986687,-0.16306090148767888,0.775,0.3601933757416932,False,0.3849215650574955,0.0390438496045476,0.3458777154529479,0.0,1.885647153260871,True,False,True
27,1,Ob1.txt,28,0.5445985753717186,0.013714752948149361,0.2972262502560927,-0.28351149730794334,0.925,0.025183233244391586,False,0.20066862966668048,0.2960405541851436,-0.0953719245184631,0.725,0.36847072089697086,False,False,False
27,2,Ob2.txt,43,0.5212232420243226,0.36449527148394195,0.16532733476552192,0.19916793671842004,0.2,0.6993074024640923,True,0.010372638004819232,0.20340955894293014,-0.19303692093811092,1.0,0.019900566913582104,False,False,True
27,3,Ob3.txt,40,0.3274893260544568,0.6596200356575537,0.26219476756630733,0.39742526809124634,0.0,2.0141726254243424,True,0.49376133103188824,0.3026996613630089,0.19106166966887933,0.15,1.507717326181748,True,True,True
27,4,Ob4.txt,58,0.23999283519563974,0.138023491079295,0.12932511713214556,0.008698373947149451,0.5,0.5751150486087623,False,0.19431086866382963,0.19660191760546764,-0.0022910489416380075,0.5,0.8096527902819656,False,False,False
27,5,Ob5.txt,93,0.0018611502235964528,0.361368891202379,0.17850844949556405,0.18286044170681492,0.325,194.16427896082257,True,0.4298181310701724,0.18318192576717818,0.24663620530299424,0.075,230.94220209672258,True,True,True
27,6,Ob6.txt,112,0.06703119793653445,0.25168618949271315,0.14931730159819562,0.10236888789451754,0.35,3.75476192042713,True,0.23023569066315874,0.1828467475328198,0.04738894313033895,0.425,3.4347542301294887,False,False,True
27,7,Ob7.txt,33,0.20199532253601582,0.18923321481842376,0.26780438220526404,-0.07857116738684028,0.575,0.9368197859367928,False,0.1328147874276489,0.22453470922247615,-0.09171992179482724,0.7,0.6575141729035235,False,False,False
27,8,Ob8.txt,84,0.11097108216991858,0.05260504003971239,0.15210918005508633,-0.09950414001537394,0.725,0.47404277773162307,False,0.3009401960087588,0.1665333526779903,0.13440684333076852,0.2,2.7118794385366103,True,False,True
27,9,Ob9.txt,37,0.14225873875953415,0.14416615683127962,0.38537672957248736,-0.24121057274120775,0.85,1.0134080906971181,False,0.2574779114666981,0.24597613246676908,0.011501778999928991,0.475,1.8099268537866322,False,False,False
27,10,Ob10.txt,36,0.22985558775449882,0.044296641897263095,0.2562711919604076,-0.2119745500631445,1.0,0.19271509703116235,False,0.07273808649264807,0.2294404182302915,-0.15670233173764342,0.9,0.31645124316202056,False,False,False
27,11,Ob11.txt,119,0.08421513343974985,0.008573216948108003,0.22163264011141448,-0.21305942316330648,0.975,0.10180138174621017,False,0.09674043175642877,0.2884501183110884,-0.19170968655465964,0.8,1.1487297805642012,False,False,False
27,12,Ob12.txt,91,0.13611008409147926,0.1962727798256954,0.18982956468348683,0.00644321514220858,0.475,1.4420149773310031,False,0.6180947064943154,0.1587729049576033,0.4593218015367121,0.075,4.541138231013768,True,False,True
27,13,Ob13.txt,102,0.21203223238562366,0.0612427344549929,0.220376134666618,-0.15913340021162511,0.825,0.2888369082659591,False,0.016066160139300623,0.1752543844672669,-0.15918822432796628,0.925,0.0757722538622385,False,False,False
27,14,Ob14.txt,47,0.49504389147274414,0.09572205603489865,0.3049848643978216,-0.20926280836292294,0.75,0.19336074575150852,False,0.24671786430707654,0.2423929452770086,0.004324919030067931,0.475,0.4983757370949404,False,False,False
27,15,Ob15.txt,96,0.2365854583897828,0.19767885238942895,0.22609807967864895,-0.02841922728922,0.525,0.8355494616399718,False,0.25757428010947436,0.25958009730943127,-0.0020058171999569052,0.5,1.0887156034971168,False,False,False
27,16,Ob16.txt,84,0.30714458518066723,0.48005682610069583,0.19222898795146087,0.28782783814923496,0.075,1.5629669193689966,True,0.190231508151743,0.19063021130871538,-0.0003987031569723798,0.5,0.6193549140377841,False,False,True
27,17,Ob17.txt,122,0.08476202105866264,0.5245480011738688,0.22131072945912678,0.303237271714742,0.0,6.188479163455013,True,0.46419797693215514,0.19042393287002995,0.2737740440621252,0.075,5.476485472318906,True,True,True
27,18,Ob18.txt,103,0.10293826992651448,0.07423427151358908,0.03731061569101812,0.036923655822570955,0.0,0.7211532850375609,True,0.19840383925253136,0.0,0.19840383925253136,0.0,1.9274060016179386,True,True,True
27,19,Ob19.txt,143,0.11279716757143352,0.4578873823613093,0.15572473802554343,0.3021626443357659,0.075,4.059387236575183,True,0.3468995197491689,0.12841689511507334,0.21848262463409554,0.125,3.075427576933439,True,True,True
28,1,Ob1.txt,28,0.41020471156492666,0.2831132987412961,0.3328044224834704,-0.049691123742174326,0.575,0.6901756385518387,False,0.1890663130501844,0.2628246393248248,-0.0737583262746404,0.675,0.46090721954142944,False,False,False
28,2,Ob2.txt,43,0.3700987579108116,0.30889560175675823,0.17263144614110115,0.13626415561565708,0.3,0.8346302038419636,True,0.37469128298965904,0.2188220624205238,0.15586922056913524,0.4,1.0124089178379632,False,False,True
28,3,Ob3.txt,40,0.46110862814422543,0.40602802722211495,0.2722122362897651,0.13381579093234985,0.275,0.8805474511639753,True,0.31807564743485417,0.27859265320595483,0.03948299422889934,0.475,0.689806323327714,False,False,True
28,4,Ob4.txt,58,0.42443479638466786,0.3935856458241097,0.2115468930079597,0.18203875281615,0.275,0.9273171030666407,True,0.21874171415102395,0.14221985546586846,0.07652185868515549,0.325,0.5153717744498427,True,True,True
28,5,Ob5.txt,93,0.245359244619125,0.08969819897013662,0.20040919087314465,-0.11071099190300804,0.75,0.3655790476098691,False,0.749904218454968,0.17155207830271074,0.5783521401522573,0.05,3.0563520018129173,True,False,True
28,6,Ob6.txt,112,0.05023310426034727,0.06530209292733674,0.1564452594034976,-0.09114316647616086,0.85,1.29998123526052,False,0.07006904117834117,0.18612754933871828,-0.1160585081603771,0.825,1.3948777844822917,False,False,False
28,7,Ob7.txt,33,0.31241161259384026,0.21613003279209053,0.2536789306721707,-0.037548897880080145,0.525,0.6918117767698879,False,0.2590668541138398,0.28820047989191544,-0.029133625778075656,0.55,0.8292484775546648,False,False,False
28,8,Ob8.txt,84,0.21201997090508432,0.32568870229521285,0.2789943598144926,0.04669434248072024,0.425,1.5361227572331617,False,0.31711714753033843,0.34396226532992036,-0.02684511779958193,0.55,1.495694703553673,False,False,False
28,9,Ob9.txt,37,0.04320765266908916,0.5367700987815269,0.2750111386099239,0.26175896017160305,0.2,12.42303308843096,True,0.2782515049149694,0.3585331828353251,-0.08028167792035568,0.55,6.439866267348309,False,False,True
28,10,Ob10.txt,36,0.04074027034911748,0.2842695268253347,0.223190484109739,0.061079042715595694,0.425,6.977605312614047,False,0.30066085520209507,0.24879239777945616,0.0518684574226389,0.4,7.379942563601766,False,False,False
28,11,Ob11.txt,119,0.03149375204559719,0.20452875436249873,0.17678772739432314,0.027741026968175597,0.375,6.4942644517674015,False,0.3019518639010442,0.14447985394551918,0.15747200995552504,0.25,9.587675151054507,True,False,True
28,12,Ob12.txt,91,0.4005726574264237,0.3711429086288589,0.1804464395112283,0.1906964691176306,0.175,0.9265308096996852,True,0.3556686377894078,0.1246911324534068,0.23097750533600103,0.05,0.887900437524836,True,True,True
28,13,Ob13.txt,102,0.5686798891516105,0.3121224786462584,0.02855899964983022,0.2835634789964282,0.0,0.5488544339274961,True,0.25491960311184664,0.06673027064683767,0.18818933246500896,0.0,0.44826554969642135,True,True,True
28,14,Ob14.txt,47,0.08350679093631336,0.23422190605491622,0.21951557179362163,0.014706334261294585,0.475,2.8048246547223457,False,0.3431854954963718,0.2432529315570242,0.09993256393934757,0.35,4.109671700330372,True,False,True
28,15,Ob15.txt,96,0.004823504739790596,0.16923894549389257,0.07097804328971408,0.09826090220417849,0.15,35.0863023099755,True,0.23198241425906344,0.1440098315936215,0.08797258266544195,0.2,48.09416114912629,True,True,True
28,16,Ob16.txt,84,0.1880983790064093,0.1605936975027347,0.1974662291007233,-0.03687253159798862,0.625,0.8537750210875693,False,0.1747213199592295,0.19343240282801374,-0.018711082868784257,0.55,0.9288826457843956,False,False,False
28,17,Ob17.txt,122,0.07205834608882924,0.3639087099084869,0.1537593545749033,0.2101493553335836,0.175,5.050195149634463,True,0.37815806470949515,0.22153994515187203,0.15661811955762311,0.2,5.2479426081098834,True,True,True
28,18,Ob18.txt,103,0.38048666444769597,0.24335495480316355,0.0,0.24335495480316355,0.0,0.6395886572172271,True,0.1265259638513175,0.0,0.1265259638513175,0.0,0.3325371837538094,True,True,True
28,19,Ob19.txt,143,0.26615761343031064,0.47367914505452346,0.1477763423866612,0.32590280266786226,0.025,1.7796941404366373,True,0.446516033284896,0.12367151381367728,0.3228445194712187,0.0,1.6776376506013775,True,True,True
29,1,Ob1.txt,28,0.4285839856656822,0.14247319162363856,0.3329339201985117,-0.19046072857487314,0.75,0.3324277070277074,False,0.007255607647026659,0.2886149615288403,-0.28135935388181366,0.975,0.016929255151139525,False,False,False
29,2,Ob2.txt,43,0.350210310230185,0.17680761100194273,0.26494090015604327,-0.08813328915410054,0.6,0.5048612386246746,False,0.21822675722734824,0.321784645620406,-0.10355788839305774,0.675,0.6231305899701037,False,False,False
29,3,Ob3.txt,40,0.32361816484837785,0.23706103649415558,0.17841383686876833,0.05864719962538725,0.4,0.732533158653884,False,0.07660088703356109,0.3137167012951125,-0.23711581426155137,0.875,0.23670144433780554,False,False,False
29,4,Ob4.txt,58,0.1454205399941092,0.16368058016897888,0.2544329835167544,-0.09075240334777554,0.7,1.1255671322332415,False,0.1326289074842258,0.25161974808342413,-0.11899084059919834,0.725,0.9120369618322035,False,False,False
29,5,Ob5.txt,93,0.27488591973112764,0.04729174921494883,0.1506624066208046,-0.10337065740585577,0.875,0.17204136632827902,False,0.19977647081465766,0.1662382755748315,0.03353819523982615,0.45,0.7267613816308369,False,False,False
29,6,Ob6.txt,112,0.35666601304018003,0.2184834691108961,0.19224939000695543,0.026234079103940683,0.375,0.6125715967399533,False,0.0730239221487951,0.16961280336273182,-0.09658888121393672,0.825,0.2047403438481497,False,False,False
29,7,Ob7.txt,33,0.04183851138082355,0.1906995434499379,0.22945911378063216,-0.03875957033069427,0.575,4.557990644412458,False,0.16477459159216784,0.22501881734836565,-0.06024422575619781,0.55,3.9383473779062648,False,False,False
29,8,Ob8.txt,84,0.5137486730712795,0.2734933553470114,0.196240819777349,0.07725253556966241,0.35,0.5323485386580569,True,0.18785975908210661,0.2044344811806298,-0.016574722098523176,0.575,0.3656647090863478,False,False,True
29,9,Ob9.txt,37,1.0123409086915571,0.6551906624818479,0.2026472137893065,0.4525434486925414,0.075,0.6472035821694461,True,0.8078746022840595,0.1895449986703906,0.618329603613669,0.0,0.7980262334041516,True,True,True
29,10,Ob10.txt,36,0.2311970558321608,0.40685413157526856,0.2311781497128878,0.17567598186238076,0.35,1.7597721134936395,True,0.4283693325144796,0.22889231596493284,0.19947701654954678,0.25,1.8528321261385676,True,True,True
29,11,Ob11.txt,119,0.28578895189589976,0.21929009856847506,0.23847277622214216,-0.019182677653667102,0.575,0.7673148213523409,False,0.30066536141112854,0.25707136256306806,0.04359399884806048,0.325,1.0520538299907674,True,False,True
29,12,Ob12.txt,91,0.21703620184536693,0.11279667348694528,0.23234624489954003,-0.11954957141259476,0.625,0.5197136354575086,False,0.10721169919872613,0.16422346169693294,-0.05701176249820682,0.675,0.4939807197469843,False,False,False
29,13,Ob13.txt,102,0.16066597086518325,0.1118518387127696,0.24874835208390833,-0.13689651337113873,0.725,0.6961762849373115,False,0.057003290745773726,0.22496836841646994,-0.1679650776706962,0.875,0.35479380256324394,False,False,False
29,14,Ob14.txt,47,0.4217616542160668,0.09075298066423343,0.17329026575600048,-0.08253728509176705,0.725,0.21517598804214913,False,0.11471470777836153,0.22020975012672184,-0.10549504234836031,0.7,0.2719894201657167,False,False,False
29,15,Ob15.txt,96,0.07714670406390242,0.41648071813818466,0.07720520548009953,0.33927551265808514,0.15,5.398554911603274,True,0.03398655454569521,0.3715998932539634,-0.3376133387082682,0.9,0.4405444789649517,False,False,True
29,16,Ob16.txt,84,0.34583240229633244,0.05018028761639087,0.16668701001359448,-0.11650672239720361,0.825,0.14510001747434015,False,0.2819009268980363,0.17132918863986363,0.11057173825817268,0.275,0.8151374047839642,True,False,True
29,17,Ob17.txt,122,0.038959119689272376,0.13734476883496993,0.14835981101990187,-0.011015042184931934,0.525,3.52535606375081,False,0.24066332911433863,0.13947217414447885,0.10119115496985978,0.25,6.1773297506156615,True,False,True
29,18,Ob18.txt,103,0.7905700156317828,0.588897430430106,0.1885359346688802,0.4003614957612258,0.075,0.7449023094551462,True,0.6093137876231651,0.25075007224829954,0.3585637153748656,0.125,0.7707271659376469,True,True,True
29,19,Ob19.txt,143,0.053000300875334,0.28827841309753416,0.25901490107707514,0.029263512020459015,0.475,5.439184463794187,False,0.34958936920215106,0.20984356647461844,0.13974580272753262,0.15,6.595988389281913,True,False,True
30,1,Ob1.txt,28,0.4271402988371412,0.49527913309012817,0.15746148579588629,0.3378176472942419,0.075,1.1595233098784874,True,0.43160062085305384,0.2887814160739882,0.14281920477906562,0.275,1.010442287997774,True,True,True
30,2,Ob2.txt,43,0.3009425125545647,0.05398101950983328,0.2059912137182524,-0.15201019420841913,0.9,0.17937319341030566,False,0.019571920176309404,0.1789618227700493,-0.1593899025937399,0.975,0.06503541161457128,False,False,False
30,3,Ob3.txt,40,0.04586222441851984,0.2881747379570647,0.3626841189051959,-0.0745093809481312,0.675,6.2834880255109375,False,0.3548741748001646,0.2902001913394457,0.0646739834607189,0.375,7.73783171879603,False,False,False
30,4,Ob4.txt,58,0.16819762979866637,0.043045732415989246,0.13960477187182935,-0.0965590394558401,0.875,0.2559235374928604,False,0.25207426608585937,0.21313586595344697,0.0389384001324124,0.425,1.4986790621698645,False,False,False
30,5,Ob5.txt,93,0.7216814799194068,0.2502737371125694,0.28380829987095235,-0.03353456275838296,0.55,0.3467925173035042,False,0.29138933272857204,0.26083790062873335,0.030551432099838682,0.425,0.4037644595800251,False,False,False
30,6,Ob6.txt,112,0.47102702388580664,0.08878171404681226,0.1795123850431921,-0.09073067099637985,0.825,0.18848539371349537,False,0.40840683922603216,0.14924062111513264,0.2591662181108995,0.2,0.8670560679445097,True,False,True
30,7,Ob7.txt,33,0.6058944663378523,0.24452011308199187,0.29866583601237584,-0.05414572293038397,0.6,0.40356881712407855,False,0.18945203390909493,0.22112735558699192,-0.031675321677896995,0.575,0.3126815715188505,False,False,False
30,8,Ob8.txt,84,0.151738325730803,0.036123966484947825,0.20706479400389916,-0.17094082751895134,0.875,0.2380675172931253,False,0.169503464638597,0.1810760760262868,-0.011572611387689807,0.575,1.117077467556291,False,False,False
30,9,Ob9.txt,37,0.8876234785636442,1.012694475254686,0.2516548716619321,0.7610396035927539,0.0,1.140905462407813,True,1.0886436546968636,0.26669053919890456,0.8219531154979591,0.0,1.2264700979502154,True,True,True
30,10,Ob10.txt,36,0.2231216879678044,0.2952962870969799,0.229202985811083,0.06609330128589691,0.35,1.323476394368216,True,0.09414257197583067,0.21983623867767826,-0.1256936667018476,0.675,0.4219337565670222,False,False,True
30,11,Ob11.txt,119,0.2885235432065473,0.12518660007926302,0.19350173292239198,-0.06831513284312896,0.7,0.4338869497025581,False,0.03256312396144151,0.1835965766296936,-0.15103345266825208,0.9,0.11286123690131702,False,False,False
30,12,Ob12.txt,91,0.37178382794741727,0.32988039340831443,0.1816206079232821,0.14825978548503232,0.175,0.8872908626218422,True,0.5324269629352664,0.25672944617931537,0.275697516755951,0.025,1.4320874737202647,True,True,True
30,13,Ob13.txt,102,0.3765592248291244,0.07179766890686105,0.09573722786299688,-0.023939558956135823,0.525,0.19066766705673324,False,0.3603335203892425,0.23116869164205134,0.12916482874719115,0.25,0.9569106175867957,True,False,True
30,14,Ob14.txt,47,0.4514167223254997,0.1436733451161395,0.22705965539107195,-0.08338631027493246,0.65,0.3182720931914038,False,0.17767462043088283,0.18812017657191904,-0.010445556141036205,0.5,0.39359335098527504,False,False,False
30,15,Ob15.txt,96,0.36758954372869257,0.09714045102068285,0.12287204100817356,-0.025731589987490713,0.525,0.2642633684171916,False,0.05904967131552541,0.14239464485450382,-0.0833449735389784,0.725,0.16064023670680985,False,False,False
30,16,Ob16.txt,84,0.07171516298334446,0.3556887471081097,0.23899163652753402,0.11669711058057569,0.35,4.959742574812483,True,0.3411074614699834,0.2341889418220214,0.10691851964796198,0.325,4.756420361886428,True,True,True
30,17,Ob17.txt,122,0.07162558372290428,0.5419906616090477,0.15688775096931593,0.3851029106397318,0.075,7.566998179111957,True,0.39034308229951903,0.1520970016079371,0.23824608069158193,0.125,5.449771743705816,True,True,True
30,18,Ob18.txt,103,0.2661055897940892,0.19495684267814042,0.0,0.19495684267814042,0.35,0.7326296408466908,True,0.07503682813850594,0.0,0.07503682813850594,0.4,0.28198140518795173,False,False,True
30,19,Ob19.txt,143,0.3394217991973931,0.14600173322655294,0.1806738037953737,-0.03467207056882077,0.575,0.430148368701695,False,0.14848741074953736,0.09359707148441526,0.0548903392651221,0.3,0.4374716388300784,True,False,True
31,1,Ob1.txt,28,0.6027964229888947,0.22468466495454853,0.1746122066944148,0.050072458260133734,0.425,0.37273722335722603,False,0.45371316637591486,0.258677447749822,0.19503571862609287,0.2,0.7526805884584249,True,False,True
31,2,Ob2.txt,43,0.3190758211317193,0.6985241531022985,0.20095944514514757,0.49756470795715096,0.025,2.1892105475893686,True,0.9952591753446293,0.18749957537353268,0.8077595999710966,0.0,3.1191933372280545,True,True,True
31,3,Ob3.txt,40,0.676593557625109,0.5914133493556847,0.3216452564753336,0.2697680928803511,0.225,0.8741043166765985,True,0.37885649493451296,0.38191448471134204,-0.0030579897768290842,0.5,0.5599469440180984,False,False,True
31,4,Ob4.txt,58,0.37856237013549293,0.2372047956307284,0.21816173343200257,0.01904306219872584,0.475,0.6265936985385774,False,0.09462922506903554,0.28314490740691345,-0.1885156823378779,0.775,0.24996997201588309,False,False,False
31,5,Ob5.txt,93,0.392739085715231,0.007510304717004514,0.2189369202193309,-0.2114266155023264,0.975,0.019122885880653393,False,0.10900497815123635,0.20549431366444573,-0.09648933551320939,0.675,0.2775506235971486,False,False,False
31,6,Ob6.txt,112,0.07150300862973899,0.08947058643797608,0.21418031434460758,-0.1247097279066315,0.85,1.2512842207980064,False,0.033665653428074815,0.21617444694390336,-0.18250879351582855,0.85,0.4708284878249564,False,False,False
31,7,Ob7.txt,33,0.6258054008880172,0.7767142753384705,0.13471246374029106,0.6420018115981794,0.025,1.2411434516805284,True,1.015361079020868,0.2768457268029626,0.7385153522179054,0.0,1.622486922580201,True,True,True
31,8,Ob8.txt,84,0.5508276030484239,0.6998281014261512,0.28833746581013653,0.4114906356160146,0.075,1.2705029623663002,True,0.14742328885014022,0.33644737595784313,-0.1890240871077029,0.75,0.2676396172491379,False,False,True
31,9,Ob9.txt,37,0.16357520995047783,0.03777654154499466,0.2227171298201931,-0.18494058827519844,0.95,0.23094295007435084,False,0.03050944839667233,0.2566180315632203,-0.22610858316654794,1.0,0.18651633340962254,False,False,False
31,10,Ob10.txt,36,0.6438687412986452,0.19440016248767905,0.14371097985238757,0.050689182635291485,0.45,0.3019251440838476,False,0.367790336042339,0.2248747941561079,0.14291554188623112,0.35,0.57121943099851,True,False,True
31,11,Ob11.txt,119,0.2833506452046933,0.40860384994982685,0.20992931220906222,0.19867453774076463,0.1,1.4420431252402843,True,0.34437373922724956,0.1887955909738192,0.15557814825343036,0.25,1.215362467159632,True,True,True
31,12,Ob12.txt,91,0.24945697919257498,0.22945863594938765,0.33312706323065266,-0.10366842728126502,0.65,0.9198324965374126,False,0.08507965124098577,0.2207145974065014,-0.13563494616551564,0.825,0.3410594143982889,False,False,False
31,13,Ob13.txt,102,0.06944363667588291,0.027162466584131524,0.0,0.027162466584131524,0.0,0.39114406854738903,False,0.00981988914557945,0.0,0.00981988914557945,0.0,0.14140804853599784,False,False,False
31,14,Ob14.txt,47,0.1345006429235786,0.5921311649575689,0.2508058395537619,0.341325325403807,0.225,4.402441148879932,True,0.4477140620335075,0.31617582170813635,0.13153824032537115,0.35,3.3287131741659586,True,True,True
31,15,Ob15.txt,96,0.034829511956407,0.1782913549037682,0.05932303817523513,0.11896831672853309,0.1,5.118973677464089,True,8.329230352467631e-05,0.11004844684990875,-0.10996515454638407,0.975,0.00239142895912311,False,False,True
31,16,Ob16.txt,84,0.0065729096556629285,0.05014752231597869,0.20467526587257576,-0.15452774355659707,0.775,7.629425162229911,False,0.1618383863214839,0.25720996363773424,-0.09537157731625034,0.8,24.62203115511425,False,False,False
31,17,Ob17.txt,122,0.08806999289916605,0.24725799709077595,0.23411806023409265,0.013139936856683299,0.45,2.8075169413703596,False,0.37713166582039437,0.18493141740601826,0.1922002484143761,0.1,4.2821811766487095,True,False,True
31,18,Ob18.txt,103,0.2155728250230965,0.3042207343433451,0.0014726118651079562,0.3027481224782372,0.025,1.4112202422116558,True,0.22072008867051096,0.013076276959352429,0.20764381171115853,0.125,1.0238771452146762,True,True,True
31,19,Ob19.txt,143,0.2213057853950886,0.20173150270741352,0.18816762816119004,0.013563874546223487,0.425,0.9115509671257357,False,0.16934347093764116,0.13343344013484548,0.03591003080279567,0.425,0.7652012830813205,False,False,False
32,1,Ob1.txt,28,0.16776831491547894,0.35299397031413665,0.23121857410762678,0.12177539620650987,0.35,2.1040562426342166,True,0.22236027742852327,0.2243795807696049,-0.0020193033410816352,0.525,1.3254009110155727,False,False,True
32,2,Ob2.txt,43,0.017321354351535923,0.18841647630060437,0.19896242982109025,-0.010545953520485873,0.525,10.87769884944921,False,0.03524688551912815,0.21524899386513535,-0.18000210834600722,0.95,2.034880460487937,False,False,False
32,3,Ob3.txt,40,0.20386893341643317,0.3270518650303586,0.22718938223824856,0.09986248279211005,0.45,1.6042261052217586,False,0.3758766222927273,0.2689579399216974,0.10691868237102986,0.3,1.8437170195271604,True,False,True
32,4,Ob4.txt,58,0.564202496318442,0.3334660851754364,0.2636686796584812,0.06979740551695524,0.35,0.5910397195180515,True,0.308123840366833,0.23750529111350616,0.07061854925332683,0.425,0.5461227881432921,False,False,True
32,5,Ob5.txt,93,0.4809392310645263,0.10937443449302081,0.21308932469353215,-0.10371489020051133,0.775,0.22741840845656933,False,0.032419924605402134,0.137588649404553,-0.10516872479915088,0.925,0.06740960710076163,False,False,False
32,6,Ob6.txt,112,0.4439128514787669,0.0036592212651001543,0.21213188560704233,-0.20847266434194217,1.0,0.008243107296647349,False,0.034106031704218526,0.15328055208442032,-0.11917452038020179,0.8,0.07683046704010522,False,False,False
32,7,Ob7.txt,33,0.24869012561247966,0.44517477768471564,0.22403825612114206,0.22113652156357358,0.375,1.7900782211932587,False,0.17761958256424532,0.25850027471639164,-0.08088069215214633,0.625,0.7142204867475128,False,False,False
32,8,Ob8.txt,84,0.5281228961495463,0.10916053753199897,0.14563766633379754,-0.03647712880179857,0.55,0.20669533233243584,False,0.16454247272205874,0.16888161753636372,-0.004339144814304974,0.5,0.31156095280418583,False,False,False
32,9,Ob9.txt,37,0.35818070339935093,0.14652375107302845,0.3142636553934196,-0.16773990432039115,0.75,0.40907773557433347,False,0.07673118659669026,0.17877489767300941,-0.10204371107631915,0.775,0.2142247917558512,False,False,False
32,10,Ob10.txt,36,0.6619590876245793,0.42812864719487087,0.21220576550795228,0.2159228816869186,0.125,0.6467599813928047,True,0.3703333097356193,0.2170762271036164,0.15325708263200288,0.25,0.5594504504267015,True,True,True
32,11,Ob11.txt,119,0.18361922805660544,0.26812940327145834,0.160537110658256,0.10759229261320236,0.25,1.4602468712525054,True,0.4328511101100487,0.13937994887684207,0.2934711612332066,0.1,2.357329974051579,True,True,True
32,12,Ob12.txt,91,0.2371866597208911,0.3650029489881504,0.21536844535050026,0.14963450363765013,0.225,1.5388848150973873,True,0.255196616960788,0.16252472322090838,0.09267189373987961,0.35,1.0759315775224882,True,True,True
32,13,Ob13.txt,102,0.3061299632119548,0.5231066327551108,0.2063478018659367,0.3167588308891741,0.025,1.7087730559485554,True,0.48922250200178186,0.1588269700325951,0.33039553196918675,0.0,1.5980876124270773,True,True,True
32,14,Ob14.txt,47,0.5553879431043413,0.4541530357536423,0.25100215275662835,0.20315088299701395,0.2,0.8177221731086808,True,0.06298340131544507,0.29414276755345026,-0.2311593662380052,0.975,0.11340433672974481,False,False,True
32,15,Ob15.txt,96,0.18578229465264334,0.35633905220406953,0.21345592024595406,0.14288313195811547,0.325,1.9180463502742051,True,0.17999096492086436,0.1713226286589104,0.008668336261953957,0.475,0.9688273323213764,False,False,True
32,16,Ob16.txt,84,0.09977826069273192,0.02580511998358037,0.1785936193832352,-0.15278849939965483,0.9,0.25862467239279185,False,0.1138695670444719,0.22934901853766188,-0.11547945149318997,0.725,1.1412262175538848,False,False,False
32,17,Ob17.txt,122,0.4426540594554922,0.058091144437874886,0.13770615644979878,-0.07961501201192389,0.75,0.13123373252090512,False,0.16634475287613532,0.16143271830174583,0.00491203457438949,0.5,0.3757895117481937,False,False,False
32,18,Ob18.txt,103,0.2286453581220286,0.32114355946933826,0.1729251009934657,0.14821845847587256,0.45,1.4045487829144694,False,0.4247355621851623,0.16608024249787295,0.25865531968728933,0.075,1.8576172535218487,True,False,True
32,19,Ob19.txt,143,0.35926087511510757,0.05108334049133671,0.15609526046490793,-0.10501191997357122,0.825,0.14219010203927593,False,0.12024900256768059,0.1344557040939769,-0.0142067015262963,0.55,0.3347122130378174,False,False,False
33,1,Ob1.txt,28,0.4435135417846485,0.39836145410199464,0.24114539806606927,0.15721605603592537,0.3,0.898194568082483,True,0.2929719875007556,0.2982755207101764,-0.005303533209420785,0.525,0.6605705573766008,False,False,True
33,2,Ob2.txt,43,0.16633562852381323,0.6544446072332875,0.18549556907062675,0.4689490381626607,0.075,3.934482425931945,True,0.07842871430206716,0.19278722167047813,-0.11435850736841097,0.775,0.47150881021764385,False,False,True
33,3,Ob3.txt,40,0.10909254711007466,0.3411689903127779,0.22727507753478904,0.11389391277798888,0.375,3.127335453709203,False,0.13550811910354948,0.30007371342163974,-0.16456559431809026,0.725,1.2421391075122798,False,False,False
33,4,Ob4.txt,58,0.3186560787177967,0.1895250788593071,0.2493933750152119,-0.05986829615590478,0.625,0.5947637328053339,False,0.5352000084716931,0.19707651394179887,0.33812349452989426,0.05,1.6795537390192663,True,False,True
33,5,Ob5.txt,93,0.20800297610091184,0.2675424558473528,0.14539266637482806,0.12214978947252475,0.275,1.2862434031595569,True,0.33035152063899065,0.21704075704487974,0.11331076359411091,0.275,1.5882057402809557,True,True,True
33,6,Ob6.txt,112,0.5172138119489289,0.3389142563716944,0.1855494068488362,0.15336484952285823,0.175,0.6552691527989584,True,0.012271844740050275,0.18026934652852875,-0.16799750178847847,1.0,0.023726831063943108,False,False,True
33,7,Ob7.txt,33,0.47843776618114,0.596086666733002,0.2512027774361384,0.34488388929686364,0.125,1.245902202685478,True,0.05352149967087527,0.26557410059206554,-0.21205260092119027,0.875,0.11186721336419678,False,False,True
33,8,Ob8.txt,84,0.3993490517080461,0.028553518907159514,0.22194020164631725,-0.19338668273915774,0.95,0.07150015452655754,False,0.17394003829574062,0.2128295816653741,-0.03888954336963349,0.65,0.43555891156316995,False,False,False
33,9,Ob9.txt,37,0.23258863698199472,0.0019059701829704234,0.21941138414555914,-0.2175054139625887,1.0,0.008194597155311458,False,0.7856976545505276,0.21706108143469224,0.5686365731158354,0.05,3.3780569194846373,True,False,True
33,10,Ob10.txt,36,0.5955810349528061,0.4600870319811755,0.1862752133841054,0.2738118185970701,0.075,0.772501145906422,True,0.81252507176898,0.2600213830601644,0.5525036887088156,0.025,1.3642561197963003,True,True,True
33,11,Ob11.txt,119,0.23441068457038056,0.20285521679439605,0.14738865898669995,0.055466557807696104,0.325,0.8653838333614433,True,0.12076512398621314,0.20547772528384695,-0.0847126012976338,0.7,0.5151860897789156,False,False,True
33,12,Ob12.txt,91,0.12963027251143272,0.32747293107109254,0.24895316830095454,0.078519762770138,0.275,2.526207225570795,True,0.6429372790705571,0.22744584851822586,0.41549143055233123,0.0,4.959777269725738,True,True,True
33,13,Ob13.txt,102,0.4171981254476194,0.0809773121806347,0.004065445518005362,0.07691186666262934,0.0,0.19409797705527243,False,0.11382409788852851,0.0,0.11382409788852851,0.15,0.27282984017822365,False,False,False
33,14,Ob14.txt,47,0.13001594231206726,0.3477259087430511,0.2307055633934631,0.117020345349588,0.3,2.6744867018571568,True,0.14853730347932825,0.22989396323852462,-0.08135665975919637,0.725,1.142454539327228,False,False,True
33,15,Ob15.txt,96,0.060552138537137534,0.3437959169379887,0.2643438415314286,0.07945207540656013,0.325,5.6776841453276425,True,0.0075808150023342,0.08305756806017649,-0.0754767530578423,0.925,0.1251948351532584,False,False,True
33,16,Ob16.txt,84,0.01686672343028963,0.03813628210140792,0.20178244648631144,-0.16364616438490354,0.9,2.2610367839981267,False,0.010649624918634956,0.2005387951360057,-0.18988917021737073,1.0,0.6313985619465442,False,False,False
33,17,Ob17.txt,122,0.13877112295297678,0.36360291731944866,0.1350873242686504,0.22851559305079827,0.125,2.620162679253213,True,0.45466847959890905,0.12529272780409423,0.3293757517948148,0.05,3.2763911534604753,True,True,True
33,18,Ob18.txt,103,0.290483660651757,0.35367147262850057,0.0,0.35367147262850057,0.125,1.2175262176019448,True,0.2931888510280881,0.0,0.2931888510280881,0.125,1.0093127109809257,True,True,True
33,19,Ob19.txt,143,0.031277596058984086,0.14406761371683707,0.16588149404976849,-0.021813880332931412,0.6,4.606096115735707,False,0.027229045512937894,0.21581092584259243,-0.18858188032965453,0.925,0.8705606870038435,False,False,False
34,1,Ob1.txt,28,0.31639088598359966,0.40798900924613973,0.23824698212800222,0.16974202711813752,0.225,1.2895093611112682,True,0.12342817014545812,0.24375996758964993,-0.12033179744419181,0.7,0.39011291289805394,False,False,True
34,2,Ob2.txt,43,0.09108684690143462,0.3036343687730848,0.22538314857736685,0.07825122019571795,0.3,3.3334600889374135,True,0.011774906214090441,0.14907449628568423,-0.13729959007159379,0.975,0.12927120231565492,False,False,True
34,3,Ob3.txt,40,0.1807406941252793,0.43076163344068835,0.1726966685609299,0.25806496487975844,0.125,2.3833129308561167,True,0.5411912261652503,0.16039711929277295,0.38079410687247733,0.125,2.9942964908064753,True,True,True
34,4,Ob4.txt,58,0.15534945230977332,0.2875580726266499,0.15244239340924465,0.13511567921740525,0.275,1.8510401443401747,True,0.13856507140145102,0.24650000754829066,-0.10793493614683963,0.75,0.891957257275336,False,False,True
34,5,Ob5.txt,93,0.06070392544985809,0.019074523459219256,0.21453879213483132,-0.19546426867561206,0.975,0.31422224045420194,False,0.3767643250933323,0.22352492774083105,0.15323939735250125,0.225,6.206589150557365,True,False,True
34,6,Ob6.txt,112,0.18593420513005549,0.3541333063395328,0.24237292566590707,0.11176038067362576,0.125,1.9046162382646434,True,0.08438507719216082,0.1514779074917889,-0.06709283029962809,0.75,0.4538437515202539,False,False,True
34,7,Ob7.txt,33,0.3990456302775796,0.389636302579083,0.26971847099834506,0.11991783158073793,0.35,0.9764204216646818,True,0.6848648419987688,0.2326466117459134,0.45221823025285546,0.15,1.716256964203244,True,True,True
34,8,Ob8.txt,84,0.1760553648347606,0.07261816985316824,0.27604724723422686,-0.20342907738105862,0.8,0.41247348481158247,False,0.02627654606920285,0.3172300350281763,-0.29095348895897344,0.9,0.14925160669693363,False,False,False
34,9,Ob9.txt,37,0.5010993539993979,0.0011493905240598512,0.3114739852242704,-0.31032459470021057,1.0,0.002293737788496994,False,0.16217523625620878,0.22740450665629752,-0.06522927040008875,0.575,0.32363888510701144,False,False,False
34,10,Ob10.txt,36,0.5172125065725656,0.41387626592070026,0.2993788956857586,0.11449737023494166,0.35,0.8002054487493969,True,0.07980612625832463,0.3504999462703884,-0.27069382001206377,0.9,0.15430045724760086,False,False,True
34,11,Ob11.txt,119,0.25065902116887673,0.3254326036426214,0.21616060158381317,0.10927200205880822,0.1,1.2983079648402815,True,0.31418926027640076,0.1915763108489092,0.12261294942749157,0.3,1.2534528333002695,True,True,True
34,12,Ob12.txt,91,0.24074801007449353,0.09891886653377428,0.2069837403559317,-0.10806487382215742,0.775,0.41088134644671115,False,0.18127381242821522,0.22650619513209597,-0.04523238270388075,0.625,0.7529607923742527,False,False,False
34,13,Ob13.txt,102,0.32067515002064473,0.10406082445511446,0.0,0.10406082445511446,0.15,0.32450542066766047,True,0.13965211335922018,0.0,0.13965211335922018,0.075,0.43549402986239977,True,True,True
34,14,Ob14.txt,47,0.1630934669206777,0.4258703591444341,0.2070290550568366,0.2188413040875975,0.275,2.611204281723687,True,0.4086458539424136,0.2930355583646241,0.11561029557778951,0.325,2.5055930299229154,True,True,True
34,15,Ob15.txt,96,0.08197256807303147,0.03264877180802481,0.13802954827310354,-0.10538077646507873,0.8,0.39828899564226383,False,0.03174426603226849,0.09454833517025987,-0.06280406913799139,0.85,0.3872547460509802,False,False,False
34,16,Ob16.txt,84,0.1315965637512833,0.038700088897842266,0.16885371913879227,-0.13015363024095,0.775,0.29408130269256266,False,0.06873756334705536,0.22269780467716277,-0.1539602413301074,0.875,0.5223355487987431,False,False,False
34,17,Ob17.txt,122,0.08279890660548112,0.2511727160151807,0.1973419222423054,0.05383079377287531,0.45,3.033526966871246,False,0.3478248655232242,0.19076468258509074,0.15706018293813348,0.175,4.200838873157281,True,False,True
34,18,Ob18.txt,103,0.0730186899778236,0.34081457758005235,0.2080872697529536,0.13272730782709874,0.25,4.66749783765719,True,0.06887682342383951,0.18710554391733045,-0.11822872049349094,0.775,0.9432766247211226,False,False,True
34,19,Ob19.txt,143,0.18268909259969218,0.11611818604313842,0.181799076526413,-0.06568089048327458,0.7,0.6356054671396079,False,0.03692448660144354,0.10621514389885761,-0.06929065729741407,0.775,0.20211653622010356,False,False,False
35,1,Ob1.txt,28,1.0751627959847494,0.7909851272664623,0.24215559408694537,0.548829533179517,0.05,0.7356887070687684,True,0.4119405584528327,0.2787150567173594,0.13322550173547326,0.275,0.3831424971095036,True,True,True
35,2,Ob2.txt,43,0.14688445320807314,0.2807987023734373,0.2647043402788307,0.016094362094606574,0.475,1.9116979111170078,False,0.2448069954902216,0.23818843560095615,0.006618559889265463,0.5,1.6666637628655883,False,False,False
35,3,Ob3.txt,40,0.17422801136158161,0.17544567253190313,0.28386837223591926,-0.10842269970401613,0.625,1.0069888943850394,False,0.04971976547741973,0.34100956025998386,-0.2912897947825641,0.875,0.28537182447795106,False,False,False
35,4,Ob4.txt,58,0.22963004801972994,0.14610108636106794,0.23525556472011575,-0.0891544783590478,0.725,0.6362455071581697,False,0.109741468626748,0.2963928877059694,-0.1866514190792214,0.8,0.47790552487851656,False,False,False
35,5,Ob5.txt,93,0.08741415201280911,0.18374730392982033,0.2401419381833595,-0.05639463425353916,0.65,2.102031532638962,False,0.19981487334937265,0.17394986793581055,0.025865005413562098,0.425,2.285841236783868,False,False,False
35,6,Ob6.txt,112,0.0717331863581549,0.11800545454991607,0.14133276421820185,-0.02332730966828578,0.525,1.6450608224863938,False,0.09577921812322363,0.19358236399967577,-0.09780314587645214,0.725,1.3352148842937197,False,False,False
35,7,Ob7.txt,33,0.1806711618838053,0.028112818758071978,0.22844198099210877,-0.2003291622340368,0.95,0.1556021363063582,False,0.45731141911954076,0.2519448608316604,0.20536655828788036,0.275,2.5311810382536346,True,False,True
35,8,Ob8.txt,84,0.045146001987171364,0.1738472080789251,0.2511247387068874,-0.0772775306279623,0.625,3.8507774869705034,False,0.07766956762235963,0.14627981113746277,-0.06861024351510314,0.775,1.7204085456876144,False,False,False
35,9,Ob9.txt,37,0.5271243572094371,0.26390412741985547,0.19289709630288446,0.07100703111697101,0.375,0.5006487061553125,False,0.03943458335984823,0.2328828962040025,-0.19344831284415426,0.95,0.07481077817881991,False,False,False
35,10,Ob10.txt,36,0.4917828665746705,0.35956871051571676,0.23553674074694797,0.12403196976876879,0.3,0.7311533909673552,True,0.14740073210434043,0.2228740817393735,-0.07547334963503308,0.65,0.2997272620150536,False,False,True
35,11,Ob11.txt,119,0.14041653353931963,0.18357599937631852,0.13461971139981654,0.04895628797650198,0.375,1.307367407164437,False,0.1114280068563665,0.16901235265460168,-0.05758434579823518,0.75,0.7935533234422446,False,False,False
35,12,Ob12.txt,91,0.13552824126294213,0.002693705525758344,0.20076104150541654,-0.1980673359796582,1.0,0.019875603052593376,False,0.212671786935357,0.20901080425240703,0.0036609826829499537,0.5,1.569206424827328,False,False,False
35,13,Ob13.txt,102,0.1928650067483005,0.07873806512663639,0.02855899964983022,0.05017906547680617,0.125,0.4082548019164198,True,0.19653290433102485,0.1264719724595284,0.07006093187149645,0.35,1.0190179527357763,True,True,True
35,14,Ob14.txt,47,0.68136186575,0.5211083596730688,0.23747093067233893,0.28363742900072986,0.15,0.7648041163845671,True,0.346205166980171,0.2052996122429154,0.1409055547372556,0.325,0.5081076361664154,True,True,True
35,15,Ob15.txt,96,0.2315707861973365,0.06787594806439691,0.17872218838224074,-0.11084624031784383,0.875,0.2931110144720734,False,0.06243302535921555,0.12091474509156822,-0.058481719732352666,0.725,0.2696066562818175,False,False,False
35,16,Ob16.txt,84,0.1678351118966368,0.27391394605973574,0.10327788057674853,0.1706360654829872,0.125,1.6320419664535322,True,0.5388638064527334,0.17043733846857528,0.36842646798415807,0.05,3.210673859380502,True,True,True
35,17,Ob17.txt,122,0.0484146545893168,0.01039177670627972,0.20420643878705821,-0.1938146620807785,0.95,0.2146411410848478,False,0.2352600880628472,0.15000458842128955,0.08525549964155765,0.25,4.8592743263061475,True,False,True
35,18,Ob18.txt,103,0.29608390053509126,0.10191699092608328,0.08528908625009779,0.01662790467598549,0.325,0.344216591114532,False,0.33489790074090536,0.1309056641047443,0.20399223663616106,0.05,1.1310912215614166,True,False,True
35,19,Ob19.txt,143,0.030897792427272433,0.23523442880990822,0.15398472599035248,0.08124970281955574,0.225,7.6133086000757375,True,0.1335302562837768,0.12708562159451225,0.006444634689264539,0.45,4.321676268558079,False,False,True
36,1,Ob1.txt,28,0.48590732211743626,0.2313374027007505,0.23353700729861196,-0.0021996045978614487,0.5,0.4760936750091612,False,0.004725789883627124,0.3049098567298687,-0.30018406684624155,1.0,0.009725702142197755,False,False,False
36,2,Ob2.txt,43,0.3770684978985024,0.17894404436729963,0.2100832603314665,-0.031139215964166855,0.55,0.47456641264014315,False,0.3020643617888997,0.21820638385348506,0.08385797793541466,0.3,0.8010861779023717,True,False,True
36,3,Ob3.txt,40,0.04033922337334844,0.11255501582198876,0.26910183619694483,-0.15654682037495607,0.775,2.7902127609217255,False,0.08900192479356939,0.2706617998206352,-0.18165987502706582,0.925,2.206337092061413,False,False,False
36,4,Ob4.txt,58,0.3450334717486303,0.1368274724835569,0.14861714308812193,-0.011789670604565039,0.575,0.3965628951594609,False,0.3368711448339969,0.20082028385091052,0.13605086098308636,0.325,0.9763433765620861,True,False,True
36,5,Ob5.txt,93,0.04900877017047868,0.05628627154359758,0.2049636020636848,-0.14867733052008722,0.775,1.148493858299318,False,0.058672630194859354,0.178122584522325,-0.11944995432746564,0.775,1.197186340133911,False,False,False
36,6,Ob6.txt,112,0.11354561366942162,0.037153248676682515,0.15162384110962857,-0.11447059243294605,0.75,0.3272098980842275,False,0.020441393952164266,0.12351600766578238,-0.10307461371361812,0.95,0.18002803711711526,False,False,False
36,7,Ob7.txt,33,0.12535889852670828,0.1331268029856332,0.23079567214929206,-0.09766886916365886,0.825,1.0619653215704503,False,0.03705471456227388,0.3698163149992206,-0.3327616004369467,0.95,0.2955890247741704,False,False,False
36,8,Ob8.txt,84,0.2820188928160082,0.18782311410640845,0.15702753792372634,0.03079557618268211,0.4,0.6659947928699445,False,0.059383244125776724,0.23897578020854832,-0.1795925360827716,0.85,0.21056477292292225,False,False,False
36,9,Ob9.txt,37,0.16720900512101758,0.2561178030849959,0.20482136141591561,0.05129644166908026,0.425,1.53172254628051,False,0.14939524700008167,0.25066762790550634,-0.10127238090542467,0.65,0.8934641222938728,False,False,False
36,10,Ob10.txt,36,1.517106463731578,0.44289551767151214,0.2763440873712415,0.16655143030027064,0.25,0.2919343686547457,False,0.9651778541282984,0.19893439573332955,0.7662434583949689,0.0,0.6361965209444045,True,False,True
36,11,Ob11.txt,119,0.42438327821957533,0.6460843154650917,0.21735154984044094,0.4287327656246508,0.0,1.5224075702879334,True,0.8373345351577073,0.21542332079035267,0.6219112143673546,0.0,1.9730620364463831,True,True,True
36,12,Ob12.txt,91,0.09940722233246814,0.34902119677388654,0.15617931974564375,0.1928418770282428,0.175,3.511024537096336,True,0.36740482241373373,0.19231891098932571,0.17508591142440802,0.2,3.6959570320247535,True,True,True
36,13,Ob13.txt,102,0.29097979728385187,0.31635302631492374,0.5272288514009176,-0.21087582508599384,0.775,1.087199280733295,False,0.09746123334358081,0.6348122338345015,-0.5373510004909207,0.9,0.3349415810077942,False,False,False
36,14,Ob14.txt,47,0.44300395878049925,0.16626459981664218,0.2999208977685107,-0.13365629795186854,0.625,0.37531176984136927,False,0.3639310139773699,0.2355629570843952,0.12836805689297467,0.25,0.8215073630023504,True,False,True
36,15,Ob15.txt,96,0.5300324050464214,0.3575526929084315,0.19113277805355364,0.16641991485487787,0.2,0.6745864771741952,True,0.7143118318905093,0.2438750201350558,0.4704368117554535,0.025,1.3476757743292098,True,True,True
36,16,Ob16.txt,84,0.05205363199795632,0.006532082185344665,0.1457425800510187,-0.13921049786567402,0.975,0.12548753919037045,False,0.03937018742206533,0.1872778192975289,-0.14790763187546357,0.875,0.7563389125971276,False,False,False
36,17,Ob17.txt,122,0.091651050444021,0.26425833289817,0.159903433202794,0.10435489969537604,0.275,2.883309374174329,True,0.5452431095904728,0.14431945784263805,0.4009236517478348,0.0,5.949120135000511,True,True,True
36,18,Ob18.txt,103,0.15881963178593883,0.502322385662135,0.3778891578389477,0.12443322782318733,0.425,3.162848194605929,False,0.5254275426811716,0.4974422048565692,0.02798533782460244,0.425,3.308328679349643,False,False,False
36,19,Ob19.txt,143,0.21474676067420584,0.06967661049701729,0.10631910386695835,-0.03664249336994106,0.65,0.32445942503749464,False,0.07859308624958608,0.09987519971883464,-0.021282113469248562,0.575,0.36598031096180456,False,False,False
37,1,Ob1.txt,28,0.16221585026938157,0.2814626325239921,0.20284214514890575,0.07862048737508637,0.375,1.7351117788834136,False,0.0927129730182468,0.3018413458331526,-0.2091283728149058,0.8,0.5715407764671839,False,False,False
37,2,Ob2.txt,43,0.06347864819150284,0.24725137309584538,0.18196793784489418,0.0652834352509512,0.4,3.895032111426439,False,0.3288620105763881,0.23635978444183814,0.09250222613454995,0.475,5.1806712957130845,False,False,False
37,3,Ob3.txt,40,0.5959133676522641,0.3133714550654929,0.2838807910403148,0.029490664025178137,0.425,0.525867470132598,False,0.31761122055387425,0.36349053518639635,-0.045879314632522095,0.575,0.53298220478788,False,False,False
37,4,Ob4.txt,58,0.5714876027964519,0.257691546646982,0.1672873539914459,0.09040419265553612,0.325,0.4509136250480741,True,0.3085051725021664,0.2196595806231054,0.08884559187906102,0.375,0.5398282849751466,False,False,True
37,5,Ob5.txt,93,0.2175434443269097,0.07154734448731265,0.21152801766438276,-0.1399806731770701,0.8,0.32888761464949545,False,0.440845757334668,0.16145335409187753,0.27939240324279047,0.075,2.0264722694754917,True,False,True
37,6,Ob6.txt,112,0.5599189570393219,0.005068199410980148,0.17808854263879756,-0.1730203432278174,0.975,0.009051666044277581,False,0.1321996203523469,0.24242643472030423,-0.11022681436795734,0.7,0.23610491963225813,False,False,False
37,7,Ob7.txt,33,0.510232773581101,0.2518855443129535,0.3139778383196169,-0.062092294006663384,0.575,0.49366790483699996,False,0.01849213170294739,0.42251592942221766,-0.4040237977192703,0.925,0.03624253999436217,False,False,False
37,8,Ob8.txt,84,0.055253053255844814,0.06309380075983609,0.18161216933623864,-0.11851836857640255,0.8,1.141906139877652,False,0.1872641592303424,0.217075289519776,-0.029811130289433607,0.575,3.3892092508124536,False,False,False
37,9,Ob9.txt,37,0.8062797740406922,0.659799448954807,0.2909780385067947,0.3688214104480123,0.05,0.8183256856961757,True,0.6232780891551222,0.19000829487879578,0.4332697942763264,0.05,0.7730295478349255,True,True,True
37,10,Ob10.txt,36,0.6625487236867363,0.23579402965597251,0.2660876224371066,-0.030293592781134082,0.6,0.3558893425134115,False,0.4031328771896756,0.18935238218590292,0.2137804950037727,0.225,0.6084577069991962,True,False,True
37,11,Ob11.txt,119,0.09138185778895427,0.45755672324258395,0.16521659970960062,0.29234012353298333,0.075,5.0070849325399776,True,0.07563299682349861,0.17389058214621472,-0.09825758532271611,0.8,0.8276587788155113,False,False,True
37,12,Ob12.txt,91,0.03471135101899647,0.03784950531793288,0.16277171476287966,-0.12492220944494678,0.825,1.0904071494428145,False,0.1546524904335001,0.14137078457730223,0.013281705856197867,0.475,4.45538666440449,False,False,False
37,13,Ob13.txt,102,0.0810279949437514,0.288090068272983,0.1574984882047234,0.1305915800682596,0.2,3.5554386909483746,True,0.23195115543443712,0.17775927015309706,0.05419188528134006,0.4,2.8626051477079577,False,False,True
37,14,Ob14.txt,47,0.040209878254869845,0.3660770511863284,0.22081662847567218,0.1452604227106562,0.25,9.104157164216048,True,0.5986704981533864,0.24333346149037532,0.35533703666301103,0.075,14.88864239674441,True,True,True
37,15,Ob15.txt,96,0.21002257436827956,0.1605385527943156,0.22651027629698411,-0.06597172350266853,0.6,0.764387129703531,False,0.43166522132713214,0.23713729012485263,0.1945279312022795,0.15,2.0553277314380356,True,False,True
37,16,Ob16.txt,84,0.2778819201048851,0.5002876482595787,0.1500435003315872,0.3502441479279915,0.05,1.8003605562778164,True,0.3822906043616115,0.16479279113273154,0.21749781322887995,0.1,1.375730397347614,True,True,True
37,17,Ob17.txt,122,0.1245490324475369,0.2883847361313713,0.16828636363880986,0.12009837249256142,0.2,2.315431364373272,True,0.386107539673786,0.17255444892410932,0.2135530907496767,0.125,3.100044473138914,True,True,True
37,18,Ob18.txt,103,0.015091181229753614,0.1592637327147028,0.12776041645475678,0.03150331625994601,0.25,10.55343052939422,True,0.18291088842669323,0.21579543939444656,-0.032884550967753334,0.55,12.120382469867106,False,False,True
37,19,Ob19.txt,143,0.009639653139970478,0.28949623504780103,0.1385291105417561,0.15096712450604494,0.1,30.031810361247878,True,0.3958212269971355,0.15892321486752728,0.23689801212960823,0.025,41.06177071412216,True,True,True
38,1,Ob1.txt,28,0.2157882087781545,0.0884854818436,0.21961460907079633,-0.13112912722719633,0.825,0.41005707561421634,False,0.07663867862059846,0.22349020656567142,-0.14685152794507295,0.85,0.3551569339888651,False,False,False
38,2,Ob2.txt,43,0.2968251540284826,0.01607304584265705,0.1487149188984948,-0.13264187305583774,0.95,0.05414987788101921,False,0.23189434895533367,0.23676934574887326,-0.004874996793539588,0.5,0.7812489804455106,False,False,False
38,3,Ob3.txt,40,0.17116906743355287,0.31940394946371675,0.2588229945264075,0.06058095493730925,0.425,1.8660144280315605,False,0.4606200135066708,0.23983946693483174,0.22078054657183907,0.225,2.6910236785947417,True,False,True
38,4,Ob4.txt,58,0.06739156128798665,0.6518466054130201,0.36212944417053683,0.28971716124248326,0.15,9.672525653879152,True,0.4156833144386212,0.370477236654317,0.045206077784304244,0.425,6.168180503524285,False,False,True
38,5,Ob5.txt,93,0.23535324981699263,0.11725974956905527,0.16878091410032856,-0.051521164531273284,0.65,0.498228724949559,False,0.24504424337831382,0.2040926284780074,0.04095161490030641,0.4,1.041176374530017,False,False,False
38,6,Ob6.txt,112,0.15702629992667735,0.38828210784925543,0.16971025577382262,0.2185718520754328,0.05,2.472720226042146,True,0.10060854502046937,0.20951167446756347,-0.1089031294470941,0.725,0.6407114290246158,False,False,True
38,7,Ob7.txt,33,0.5827984972676535,0.291218619155927,0.34245643104809187,-0.051237811892164864,0.525,0.49969006529916155,False,0.0324271267854766,0.29748597204144345,-0.26505884525596685,0.95,0.05564037473930592,False,False,False
38,8,Ob8.txt,84,0.031790063174574,0.029765522924257215,0.17416404753672143,-0.14439852461246422,0.975,0.9363153121401774,False,0.3785295609757249,0.22659938586415673,0.15193017511156814,0.275,11.907166050505884,True,False,True
38,9,Ob9.txt,37,0.1972901513139838,0.04766788678401139,0.43018510128727905,-0.38251721450326764,0.95,0.24161310874636,False,0.1044545285194168,0.30441974387356713,-0.19996521535415032,0.8,0.5294462385665631,False,False,False
38,10,Ob10.txt,36,0.7381775319941508,0.22460704277619065,0.20136117243159646,0.02324587034459419,0.475,0.3042723911813268,False,0.35722064289113076,0.24235266989221643,0.11486797299891433,0.3,0.4839223999762178,True,False,True
38,11,Ob11.txt,119,0.13669098196547086,0.12412255212210607,0.1965813758879683,-0.07245882376586224,0.7,0.9080522382483165,False,0.00934705739450617,0.1981928498466775,-0.18884579245217134,1.0,0.0683809367677767,False,False,False
38,12,Ob12.txt,91,0.19233265949213918,0.12429841812048506,0.23597412337848736,-0.1116757052580023,0.7,0.6462678696831791,False,0.46521115458334,0.17818163340269283,0.2870295211806472,0.025,2.418783974660079,True,False,True
38,13,Ob13.txt,102,0.18890930505798093,0.4214758096139164,0.18414034544894167,0.23733546416497472,0.1,2.231101371552635,True,0.2898878425479154,0.21707424313272855,0.07281359941518684,0.325,1.53453448181889,True,True,True
38,14,Ob14.txt,47,1.1278699871405462,0.25893632182774057,0.1754813284887205,0.08345499333902007,0.4,0.2295799380957142,False,0.1522869684856062,0.30504486066860664,-0.15275789218300045,0.8,0.135021740290913,False,False,False
38,15,Ob15.txt,96,0.4575785077059322,0.09380207394620259,0.15989746342354683,-0.06609538947734424,0.6,0.20499667787387757,False,0.06881176032578162,0.1347166595569732,-0.06590489923119158,0.725,0.15038241343713687,False,False,False
38,16,Ob16.txt,84,0.37620076765559984,0.0345628766284492,0.16223071982145715,-0.12766784319300795,0.9,0.09187348777578903,False,0.1415266595037848,0.16158112234548555,-0.02005446284170076,0.6,0.3761998158210779,False,False,False
38,17,Ob17.txt,122,0.4703630059320261,0.08954557756707116,0.22278807457510724,-0.1332424970080361,0.9,0.19037546838879527,False,0.16222686799900712,0.15056307140593558,0.01166379659307154,0.475,0.3448971665566129,False,False,False
38,18,Ob18.txt,103,0.5659261088043991,0.21901103101307198,0.08942968192782819,0.1295813490852438,0.0,0.3869958067065761,True,0.022461713491706087,0.0867770309991363,-0.06431531750743022,0.775,0.03969018771577744,False,False,True
38,19,Ob19.txt,143,0.0655043237345513,0.35174149819228395,0.13425322294789455,0.2174882752443894,0.075,5.369744745670159,True,0.1861576016833903,0.1242195702363069,0.06193803144708339,0.325,2.8419131909180906,True,True,True
39,1,Ob1.txt,28,0.04182420144767865,0.15673324012097506,0.23294501123274647,-0.07621177111177141,0.6,3.7474293518083215,False,0.12056219228045821,0.2620839293551379,-0.1415217370746797,0.725,2.8825940031701363,False,False,False
39,2,Ob2.txt,43,0.2687575852257935,0.1537047036020297,0.18775372110295335,-0.03404901750092365,0.575,0.5719083369233896,False,0.6217059192064389,0.17506058885876147,0.44664533034767745,0.025,2.313259060889835,True,False,True
39,3,Ob3.txt,40,0.026591592288332244,0.30650452438216436,0.3255684984631252,-0.019063974080960833,0.525,11.526369728399123,False,0.08176648576727291,0.29314633403183676,-0.21137984826456385,0.825,3.0748999488515056,False,False,False
39,4,Ob4.txt,58,0.0784123878616988,0.0319625088006774,0.25142838802650064,-0.21946587922582322,0.925,0.407620653729508,False,0.1916340800310838,0.20567629777562463,-0.014042217744540841,0.5,2.443926084346286,False,False,False
39,5,Ob5.txt,93,0.250883846026494,0.3039788912882347,0.2556789734814067,0.04829991780682796,0.425,1.2116319807060583,False,0.3042353581467732,0.2559691546304842,0.04826620351628902,0.35,1.2126542340818753,True,False,True
39,6,Ob6.txt,112,0.019813887474458614,0.37109836872814395,0.23621347832421685,0.1348848904039271,0.15,18.729205422535774,True,0.36526103108147384,0.2302612852032297,0.13499974587824415,0.15,18.434597024552552,True,True,True
39,7,Ob7.txt,33,1.1260648584916713,0.09593340091652908,0.33405092238365475,-0.23811752146712567,0.95,0.08519349502215075,False,0.08857478447890191,0.3835573172911304,-0.2949825328122285,0.85,0.07865868809505792,False,False,False
39,8,Ob8.txt,84,0.43023009676185653,0.6236839388093103,0.21100852765125389,0.4126754111580564,0.05,1.4496520431822217,True,0.2253320422464398,0.3404388655819566,-0.11510682333551678,0.575,0.5237477432248699,False,False,True
39,9,Ob9.txt,37,0.6082646320911745,0.19940995200647416,0.23801670596978602,-0.03860675396331187,0.625,0.3278342048606634,False,0.085732216209988,0.2801279079307428,-0.19439569172075483,0.925,0.14094558796760248,False,False,False
39,10,Ob10.txt,36,0.5034638460157581,0.24587877733199548,0.19477148127798355,0.05110729605401193,0.4,0.4883742482758129,False,0.00501665287403838,0.19280916445722407,-0.1877925115831857,0.975,0.009964276310480816,False,False,False
39,11,Ob11.txt,119,0.4444054306005356,0.08497341231888209,0.1919002506439483,-0.10692683832506622,0.7,0.19120696208427404,False,0.060983448231486104,0.2372037862924154,-0.1762203380609293,0.875,0.13722480427180586,False,False,False
39,12,Ob12.txt,91,0.23954437173781085,0.3424553107011,0.1728789113872769,0.16957639931382312,0.225,1.4296111748178686,True,0.17083344837958664,0.2834135655795687,-0.11258011719998207,0.625,0.7131599341710664,False,False,True
39,13,Ob13.txt,102,0.2789577338257261,0.29563441046093464,0.0,0.29563441046093464,0.0,1.059782091023248,True,0.21934006682684098,0.0,0.21934006682684098,0.0,0.7862842295810656,True,True,True
39,14,Ob14.txt,47,0.300214065696156,0.061713580078952696,0.20826645242559833,-0.14655287234664563,0.9,0.2055652520339019,False,0.093994172225025,0.26160469130961256,-0.16761051908458757,0.85,0.3130905009632549,False,False,False
39,15,Ob15.txt,96,0.06301681765930879,0.2636567686657969,0.24391515931534338,0.01974160935045352,0.45,4.1839111916317115,False,0.46881557903293836,0.18914322477534717,0.2796723542575912,0.1,7.439531167180184,True,False,True
39,16,Ob16.txt,84,0.20640032323523755,0.2452071849532359,0.1381849897142004,0.1070221952390355,0.325,1.1880174464347597,True,0.23178246858119567,0.14122116966038015,0.09056129892081552,0.35,1.1229753178100874,True,True,True
39,17,Ob17.txt,122,0.24552301685954492,0.3986754718635112,0.21043672187856938,0.18823874998494183,0.125,1.6237804380335528,True,0.32027376731584817,0.10178570503346834,0.21848806228237982,0.2,1.3044551643769737,True,True,True
39,18,Ob18.txt,103,0.21672090387579787,0.2846190059902911,0.0,0.2846190059902911,0.175,1.313297429552091,True,0.14743428711247547,0.0,0.14743428711247547,0.15,0.6802956451167703,True,True,True
39,19,Ob19.txt,143,0.045816671258764034,0.12087071516978293,0.08639368459893287,0.034477030570850054,0.35,2.6381382987674424,True,0.06592688509942088,0.07903653974289783,-0.01310965464347695,0.575,1.4389278681351183,False,False,True
40,1,Ob1.txt,28,0.6611385616534222,0.375047192599949,0.2889908027688306,0.08605638983111841,0.375,0.5672747202371684,False,0.29627646620177045,0.237857408968092,0.05841905723367846,0.45,0.4481306694028272,False,False,False
40,2,Ob2.txt,43,0.11633820015501947,0.14132416820451013,0.23989924867466855,-0.09857508047015842,0.65,1.214770110042936,False,0.09237287038310274,0.2648817737854871,-0.17250890340238437,0.75,0.7940029178723482,False,False,False
40,3,Ob3.txt,40,0.1968308910072551,0.24470567327815898,0.24580205471563926,-0.0010963814374802816,0.5,1.2432279914291464,False,0.23037707084576914,0.2822098496261898,-0.05183277878042064,0.525,1.1704314788539851,False,False,False
40,4,Ob4.txt,58,0.1939243865239328,0.22330555138391828,0.2628761233688781,-0.039570571984959835,0.525,1.1515083553267267,False,0.05364004511108886,0.28662027324088724,-0.23298022812979838,0.95,0.276602886684749,False,False,False
40,5,Ob5.txt,93,0.24035621957643655,0.549563412074741,0.20748058838489364,0.3420828236898474,0.0,2.286453885167604,True,0.550328587392702,0.1947219798299805,0.35560660756272144,0.05,2.2896373905468668,True,True,True
40,6,Ob6.txt,112,0.41399640272376426,0.10738600837916862,0.1859859197626179,-0.0785999113834493,0.625,0.2593887475172606,False,0.1079881910659779,0.234705661928166,-0.1267174708621881,0.7,0.2608433077087197,False,False,False
40,7,Ob7.txt,33,0.9476371488071895,0.4335798535086186,0.27336694322237765,0.16021291028624096,0.375,0.45753783930312836,False,0.4905510209542513,0.22856832382980058,0.2619826971244507,0.125,0.5176570183764092,True,False,True
40,8,Ob8.txt,84,0.061361656516622634,0.34907583547763316,0.16622753724429076,0.1828482982333424,0.175,5.688826790115581,True,0.3024757021546811,0.24472555506023058,0.05775014709445053,0.375,4.929392707524798,False,False,True
40,9,Ob9.txt,37,1.1274469689237605,0.663079379704594,0.3282318428545171,0.33484753685007684,0.125,0.5881246728061693,True,0.7059637910372384,0.28612945140038515,0.41983433963685324,0.125,0.6261614164532617,True,True,True
40,10,Ob10.txt,36,0.15022743538278927,0.043698689152901704,0.21061021063026217,-0.16691152147736046,0.875,0.29088354628137403,False,0.5182838990972995,0.24270841822451777,0.2755754808727818,0.125,3.4499949877775555,True,False,True
40,11,Ob11.txt,119,0.3501917927135686,0.6664653936555596,0.17902139801729905,0.4874439956382605,0.0,1.9031439557484997,True,0.7188647446468728,0.20529993179817513,0.5135648128486976,0.0,2.052774392787817,True,True,True
40,12,Ob12.txt,91,0.3537601843572753,0.6841839472760001,0.19246989195307318,0.4917140553229269,0.0,1.934033216652267,True,0.44035388591952296,0.15331675992748509,0.2870371259920379,0.025,1.2447808017727442,True,True,True
40,13,Ob13.txt,102,0.18477333797130982,0.12628971968439295,0.11407716820988228,0.012212551474510669,0.475,0.6834845387920754,False,0.13166882855505435,0.020763318274333642,0.11090551028072071,0.225,0.7125964709015479,True,False,True
40,14,Ob14.txt,47,0.6971307518748642,0.05284429040908491,0.23032593345821564,-0.17748164304913072,0.875,0.07580255248669696,False,0.32044691848714285,0.22959167157759064,0.09085524690955221,0.375,0.45966544672621684,False,False,False
40,15,Ob15.txt,96,0.47325234469659194,0.059985323602050514,0.11599243480403629,-0.056007111201985774,0.725,0.12675124439268834,False,0.2992771483474288,0.15318704037409492,0.14609010797333388,0.2,0.6323838681439585,True,False,True
40,16,Ob16.txt,84,0.005127828943659041,0.202291069457587,0.15638671997356357,0.04590434948402344,0.35,39.44965241239875,True,0.08237348431838423,0.1558105663294041,-0.07343708201101987,0.85,16.064007833226466,False,False,True
40,17,Ob17.txt,122,0.3963275394078692,0.3660705016851238,0.2268447970654638,0.13922570461966,0.225,0.9236564843110555,True,0.47992776278862975,0.19470742286269854,0.2852203399259312,0.025,1.210937204882767,True,True,True
40,18,Ob18.txt,103,0.1379947179913167,0.25470928392368325,0.12760571340103088,0.12710357052265236,0.175,1.8457900971232157,True,0.1644630154997691,0.13689256741687006,0.027570448082899046,0.45,1.1918065987867588,False,False,True
40,19,Ob19.txt,143,0.039160575373804865,0.27116817381928515,0.1636750356232673,0.10749313819601786,0.35,6.92451965352567,True,0.23068313645982097,0.19157820418600668,0.039104932273814286,0.4,5.890698342857562,False,False,True
41,1,Ob1.txt,28,0.9139956761071208,0.11555121657863324,0.28596765890874093,-0.1704164423301077,0.65,0.12642424860343712,False,0.14282238044425366,0.3066563783100081,-0.16383399786575442,0.775,0.15626154934622993,False,False,False
41,2,Ob2.txt,43,0.22750299950308916,0.07389856570307674,0.290576193978687,-0.21667762827561027,0.85,0.32482457754177124,False,0.014059592552540634,0.21922966589756457,-0.20517007334502393,0.925,0.06179959201966357,False,False,False
41,3,Ob3.txt,40,0.40699584224193186,0.15056975574274817,0.16819440445516518,-0.017624648712417007,0.575,0.36995403912073505,False,0.31000685841558917,0.22400680241905843,0.08600005599653074,0.325,0.761695394006779,True,False,True
41,4,Ob4.txt,58,0.5322823825869998,0.3165556758379069,0.28527070627886,0.031284969559046916,0.45,0.5947137951464454,False,0.061329486250581156,0.2947735597520498,-0.23344407350146862,0.9,0.115219831158994,False,False,False
41,5,Ob5.txt,93,0.36204533326310717,0.06293217020951708,0.2186633488335188,-0.1557311786240017,0.85,0.17382400607766635,False,0.09710223700864445,0.18752012218859154,-0.09041788517994709,0.775,0.26820463651185333,False,False,False
41,6,Ob6.txt,112,0.21388395554462958,0.06269188884211312,0.2301559485164035,-0.1674640596742904,0.85,0.2931116954634387,False,0.21969529420151268,0.20125173734791577,0.018443556853596915,0.425,1.0271705217069005,False,False,False
41,7,Ob7.txt,33,0.4634372760384569,0.21155609528540184,0.3687131928120967,-0.15715709752669485,0.75,0.45649348083050295,False,0.7568385179923048,0.2388897206541435,0.5179487973381613,0.05,1.6330980633709338,True,False,True
41,8,Ob8.txt,84,0.11231254783310032,0.5357895968766506,0.23485732786813085,0.30093226900851977,0.1,4.770523037843015,True,0.16742230019285773,0.18501080855856933,-0.017588508365711603,0.575,1.4906820602240463,False,False,True
41,9,Ob9.txt,37,0.8642340052792591,1.0170066141956127,0.2963899248147019,0.7206166893809107,0.0,1.17677227230487,True,1.267367177290676,0.2795827341082278,0.9877844431824483,0.0,1.4664629828829205,True,True,True
41,10,Ob10.txt,36,0.2663909759204082,0.058430511588495895,0.21066005949129812,-0.15222954790280224,0.9,0.21934118221014232,False,0.10873952097574249,0.27623385345396223,-0.16749433247821974,0.75,0.4081952123191721,False,False,False
41,11,Ob11.txt,119,0.1741869505246243,0.41715629443692986,0.1560679988474174,0.26108829558951246,0.05,2.3948768445656765,True,0.163890235226885,0.2100374352630821,-0.0461472000361971,0.6,0.9408869879934911,False,False,True
41,12,Ob12.txt,91,0.06807202158731968,0.2959099991821432,0.22084228080140494,0.07506771838073828,0.4,4.347013534812734,False,0.00699492459305593,0.19320153062082002,-0.1862066060277641,0.95,0.10275770323763869,False,False,False
41,13,Ob13.txt,102,0.18119865446134564,0.49853929354051624,0.22946660874349165,0.2690726847970246,0.05,2.7513410351889096,True,0.6289770204990659,0.25482042861170484,0.37415659188736106,0.025,3.471201385953133,True,True,True
41,14,Ob14.txt,47,0.7928596489735529,0.6229871967418356,0.191669780625584,0.4313174161162515,0.1,0.7857471338696117,True,0.35747312644135437,0.3863459218116543,-0.02887279537029991,0.525,0.4508655811960465,False,False,True
41,15,Ob15.txt,96,0.03784222329978951,0.21190601286270128,0.21859771465115643,-0.006691701788455157,0.5,5.5997241806847,False,0.16722763253878242,0.2751699796505203,-0.10794234711173789,0.725,4.4190752539561435,False,False,False
41,16,Ob16.txt,84,0.09715653450925421,0.147917621258091,0.12774720390562455,0.02017041735246644,0.45,1.5224670373972815,False,0.042317748182995274,0.2722514423897708,-0.2299336942067755,0.825,0.4355625527067815,False,False,False
41,17,Ob17.txt,122,0.03286286659912674,0.11598060740024393,0.14187501132078778,-0.025894403920543846,0.6,3.529229778248434,False,0.0030491098541886585,0.14853064067088373,-0.14548153081669507,1.0,0.09278283271458986,False,False,False
41,18,Ob18.txt,103,0.27529062634753776,0.3884001175444486,0.008824418224107011,0.3795756993203416,0.1,1.4108730206240911,True,0.35179659276716035,0.0,0.35179659276716035,0.0,1.2779098127483586,True,True,True
41,19,Ob19.txt,143,0.09278026853010457,0.1304416588320336,0.15052527557276535,-0.020083616740731752,0.525,1.405920255444281,False,0.14071258980885126,0.20277087121117532,-0.062058281402324056,0.65,1.5166219287584193,False,False,False
42,1,Ob1.txt,28,0.053032805648982884,0.018324557794262786,0.2101572660431021,-0.1918327082488393,0.975,0.34553249766853006,False,0.005239183182769724,0.2991714082156568,-0.2939322250328871,1.0,0.09879136354669191,False,False,False
42,2,Ob2.txt,43,0.48962763463133363,0.5166426162427207,0.21062146008995483,0.3060211561527658,0.05,1.0551745442875748,True,0.3917851680966724,0.23279438392796575,0.15899078416870666,0.2,0.8001696399176245,True,True,True
42,3,Ob3.txt,40,0.46296150398147873,0.2094056481370476,0.27178884467973446,-0.06238319654268687,0.65,0.4523176254097902,False,0.40798955411255244,0.3082812171899825,0.09970833692256992,0.375,0.8812602140865572,False,False,False
42,4,Ob4.txt,58,0.20304621369411047,0.8807333544812224,0.20824309230274135,0.672490262178481,0.0,4.337600482459865,True,0.39551219970063645,0.19973719738391071,0.19577500231672573,0.35,1.9478925142454337,True,True,True
42,5,Ob5.txt,93,0.06732246644216255,0.27883122943225835,0.18343707031554324,0.09539415911671512,0.3,4.141726293878511,True,0.0020791045261731034,0.2112710388145833,-0.2091919342884102,1.0,0.030882774147309118,False,False,True
42,6,Ob6.txt,112,0.15410743280789052,0.14084092711553345,0.14353086480883423,-0.0026899376933007813,0.525,0.9139139141400465,False,0.37758439392863463,0.18885034399242534,0.1887340499362093,0.175,2.4501374596209726,True,False,True
42,7,Ob7.txt,33,0.5886775963277162,0.501341358706817,0.3427136925814718,0.15862766612534518,0.325,0.8516399500070676,True,0.3650910538008517,0.3744841900441901,-0.009393136243338374,0.5,0.6201884632239443,False,False,True
42,8,Ob8.txt,84,0.1299088402136793,0.21149802373152154,0.2278706032406279,-0.016372579509106366,0.575,1.628049510592513,False,0.06078154672471642,0.21092473507592543,-0.15014318835120902,0.85,0.4678784494168409,False,False,False
42,9,Ob9.txt,37,0.15550561969727072,0.08100836755025323,0.22574919382668598,-0.14474082627643275,0.825,0.5209353057976657,False,0.6061946732213721,0.1796300787791467,0.4265645944422254,0.0,3.8982171474026246,True,False,True
42,10,Ob10.txt,36,0.44722182352388695,0.03996838725551727,0.20246277357039666,-0.1624943863148794,0.85,0.0893703865803912,False,0.31110775610451724,0.23998722401788633,0.07112053208663091,0.375,0.6956452922022943,False,False,False
42,11,Ob11.txt,119,0.26122347746460256,0.2398995135196848,0.18685654652415468,0.05304296699553013,0.35,0.9183688841757828,True,0.2203728311231814,0.17956115979612008,0.040811671327061316,0.375,0.8436180134423152,False,False,True
42,12,Ob12.txt,91,0.16924075692777765,0.19845924815887483,0.1379652556210375,0.06049399253783733,0.425,1.172644531739869,False,0.07453026667436488,0.16830487255559162,-0.09377460588122674,0.875,0.4403801308107489,False,False,False
42,13,Ob13.txt,102,0.5760837703550392,0.8690682563048369,0.35900253786727776,0.5100657184375591,0.15,1.5085796563392715,True,0.9237190580115161,0.2895480640408977,0.6341709939706184,0.125,1.6034457236006319,True,True,True
42,14,Ob14.txt,47,0.3392818923601052,0.3360684639252568,0.2563741367030946,0.07969432722216219,0.325,0.9905287358175964,True,0.22747831767202906,0.3003713459453082,-0.07289302827327912,0.675,0.6704699625719764,False,False,True
42,15,Ob15.txt,96,0.6036810565390658,0.5097918711079643,0.3357540202756638,0.1740378508323005,0.25,0.8444722019780231,True,0.5536627754407182,0.15162392655671345,0.40203884888400476,0.1,0.9171445243203341,True,True,True
42,16,Ob16.txt,84,0.3056891333910465,0.37749119528056807,0.17140267993137576,0.2060885153491923,0.075,1.2348858825729676,True,0.06929364105383226,0.16586114609750596,-0.0965675050436737,0.825,0.22668009256707797,False,False,True
42,17,Ob17.txt,122,0.5830063394321087,0.3108209844761518,0.2385784437137392,0.0722425407624126,0.275,0.5331348279658751,True,0.5268581085335904,0.25010162092070976,0.27675648761288063,0.1,0.9036919033278252,True,True,True
42,18,Ob18.txt,103,0.1939218667075701,0.10621261564850498,0.0,0.10621261564850498,0.0,0.5477082984595608,True,0.3448352034878251,0.0,0.3448352034878251,0.0,1.7782172239906753,True,True,True
42,19,Ob19.txt,143,0.12645634857524898,0.2864919494552951,0.12920461873529804,0.15728733071999706,0.2,2.265540264946172,True,0.12617345354512674,0.16381252244236644,-0.0376390688972397,0.625,0.9977629036951521,False,False,True
43,1,Ob1.txt,28,0.41162890627170684,0.027545396760068258,0.26244962344506495,-0.2349042266849967,0.975,0.0669180330641944,False,0.0347194830652697,0.25924479600006256,-0.22452531293479286,1.0,0.08434656200347641,False,False,False
43,2,Ob2.txt,43,0.5806027309678101,0.2664421801055182,0.24585773486063614,0.020584445244882038,0.425,0.45890617782900217,False,0.12736455372371397,0.2359633009763043,-0.10859874725259033,0.7,0.2193660948018781,False,False,False
43,3,Ob3.txt,40,0.8426411016122302,0.09198530076188655,0.1760658493179425,-0.08408054855605596,0.75,0.10916308329357603,False,0.5487497304176144,0.19416673612295537,0.35458299429465906,0.1,0.6512259244982097,True,False,True
43,4,Ob4.txt,58,0.5405360709978244,0.45843380330054795,0.16858012624716118,0.28985367705338677,0.175,0.8481095488304481,True,0.414326557516529,0.22072180438283864,0.19360475313369038,0.2,0.7665104694154568,True,True,True
43,5,Ob5.txt,93,0.3263408601914179,0.3454465918301814,0.21710741540393597,0.12833917642624543,0.25,1.058545324748966,True,0.15204359765107636,0.16197944174781792,-0.009935844096741558,0.575,0.4659042620709339,False,False,True
43,6,Ob6.txt,112,0.15953402742520092,0.25062281195794467,0.220819843181518,0.029802968776426658,0.35,1.570967749030542,False,0.2838629948980476,0.12272546133020745,0.16113753356784016,0.15,1.7793256992220017,True,False,True
43,7,Ob7.txt,33,0.6722225651385738,0.7117796843695994,0.3861851330013107,0.3255945513682887,0.1,1.0588452713170542,True,0.6877676074779899,0.29705956458452365,0.3907080428934663,0.025,1.0231248445761585,True,True,True
43,8,Ob8.txt,84,0.17291744511601334,0.09129871029602157,0.15390457391797036,-0.06260586362194878,0.625,0.5279901645248556,False,0.3995952443181052,0.28085121969146926,0.11874402462663597,0.325,2.3109018529044874,True,False,True
43,9,Ob9.txt,37,0.5832841398169876,0.05601159196363742,0.29223200848419095,-0.23622041652055353,0.9,0.09602797014369657,False,0.20899933901034862,0.3104861695574193,-0.1014868305470707,0.7,0.35831479847184716,False,False,False
43,10,Ob10.txt,36,1.0128091441997455,0.22776765319059253,0.2920382455017859,-0.06427059231119339,0.55,0.22488704263285397,False,0.2448891924552794,0.2616042509358948,-0.016715058480615386,0.55,0.24179204330621892,False,False,False
43,11,Ob11.txt,119,0.03196688505507413,0.28949959912212864,0.15228448730228977,0.13721511181983886,0.2,9.056234244386477,True,0.05415359272398333,0.18570812788942614,-0.1315545351654428,0.85,1.694052849712596,False,False,True
43,12,Ob12.txt,91,0.09518799948071183,0.015315649951413268,0.21089205418479864,-0.19557640423338538,0.925,0.16089895821916833,False,0.12853449522670815,0.16866095029511147,-0.040126455068403316,0.625,1.3503224768659352,False,False,False
43,13,Ob13.txt,102,0.23802657414825745,0.025056087795783444,0.1307568615698847,-0.10570077377410125,0.925,0.10526592623299694,False,0.03352130824193722,0.20758947248416385,-0.17406816424222663,0.9,0.14083010841074453,False,False,False
43,14,Ob14.txt,47,0.23306793284566224,0.6248707214613285,0.21693460081127897,0.4079361206500495,0.075,2.6810669053949963,True,0.5197929133564316,0.17450485141212013,0.3452880619443115,0.125,2.2302206357175653,True,True,True
43,15,Ob15.txt,96,0.3668854059515795,0.005048997739456579,0.16412742074180214,-0.15907842300234556,0.975,0.013761784081765661,False,0.05389578201023988,0.15356480818432772,-0.09966902617408784,0.9,0.14690086096625193,False,False,False
43,16,Ob16.txt,84,0.30174048086569555,0.21843252491990406,0.23214363758191037,-0.013711112662006308,0.525,0.7239085862567052,False,0.38077340742552224,0.17533084900294615,0.20544255842257608,0.15,1.2619235123278145,True,False,True
43,17,Ob17.txt,122,0.14928191482419884,0.09753569874415863,0.15232967870208694,-0.05479397995792831,0.625,0.6533658069634295,False,0.4629709764551393,0.22644061701558713,0.23653035943955217,0.025,3.101319922110826,True,False,True
43,18,Ob18.txt,103,0.18721393876362669,0.7663552713560138,0.0,0.7663552713560138,0.0,4.0934733621709745,True,0.5975685202832256,0.0,0.5975685202832256,0.0,3.191901864944501,True,True,True
43,19,Ob19.txt,143,0.4073976766143914,0.039035424882033126,0.07858680859177766,-0.039551383709744536,0.675,0.09581651325660552,False,0.04856492696011616,0.1394029654421932,-0.09083803848207703,0.825,0.11920766795654474,False,False,False
44,1,Ob1.txt,28,0.3611959847339944,0.04663857892011071,0.1901930447150818,-0.1435544657949711,0.875,0.12912263948465003,False,0.2881959331587138,0.2656313743811036,0.022564558777610155,0.425,0.7978935130493157,False,False,False
44,2,Ob2.txt,43,0.11248894022008393,0.12864196365207725,0.3123641132176367,-0.18372214956555943,0.75,1.143596547361812,False,0.40875198848551964,0.28475365689062415,0.12399833159489548,0.2,3.6337082355456354,True,False,True
44,3,Ob3.txt,40,0.1567442669972532,0.42390276251373815,0.1836347056150337,0.24026805689870445,0.3,2.70442275583302,True,0.705471342693012,0.25346125297197664,0.4520100897210354,0.05,4.5007792387416306,True,True,True
44,4,Ob4.txt,58,0.3749580462128772,0.34598777157171123,0.13442778714389708,0.21155998442781415,0.25,0.9227372903881665,True,0.29932451916607694,0.17379662802892823,0.1255278911371487,0.35,0.7982880276588054,True,True,True
44,5,Ob5.txt,93,0.22036735884059191,0.3842235034226086,0.19593538099665753,0.18828812242595105,0.275,1.743559052684141,True,0.5563490059011208,0.22799086247456052,0.3283581434265603,0.1,2.5246434355260816,True,True,True
44,6,Ob6.txt,112,0.007962071784483271,0.13702005092360423,0.17059799446524376,-0.03357794354163954,0.625,17.209095149158674,False,0.055426602673767866,0.18519339177679867,-0.1297667891030308,0.85,6.961329183414915,False,False,False
44,7,Ob7.txt,33,0.723318705028001,0.4333783404649971,0.275584065137518,0.15779427532747914,0.325,0.5991526797972413,True,0.5537375657078609,0.3496913184793937,0.2040462472284672,0.3,0.7655512872246608,True,True,True
44,8,Ob8.txt,84,0.05199855966532055,0.10218121097943109,0.2550839580959371,-0.152902747116506,0.8,1.9650777182503174,False,0.08379347608426213,0.2716268222921125,-0.18783334620785036,0.825,1.611457636972714,False,False,False
44,9,Ob9.txt,37,0.015616824566102111,0.07692051519675686,0.31101949890848823,-0.23409898371173138,0.85,4.925490125804485,False,0.25154751685083954,0.21538549494231152,0.03616202190852802,0.475,16.107468953505997,False,False,False
44,10,Ob10.txt,36,0.22942088933353755,0.4589747927236253,0.21905029155639746,0.23992450116722783,0.1,2.0005797818016338,True,0.09215685197546615,0.1786506817011743,-0.08649382972570814,0.775,0.4016933778052195,False,False,True
44,11,Ob11.txt,119,0.3893249025102421,0.1541137531064138,0.22115265481128538,-0.06703890170487159,0.6,0.39584869119015437,False,0.38863718534606384,0.12923844809270824,0.2593987372533556,0.175,0.9982335649229113,True,False,True
44,12,Ob12.txt,91,0.6445771055423137,0.2894614600421259,0.33867663865273534,-0.04921517861060942,0.625,0.4490718915599524,False,0.03829487002803944,0.3410206800076151,-0.30272580997957566,0.95,0.05941084425550629,False,False,False
44,13,Ob13.txt,102,0.313028868320415,0.2743585471518234,0.0012023366709918992,0.2731562104808315,0.0,0.8764640418754962,True,0.0044582816555760185,0.0277195573512955,-0.02326127569571948,0.525,0.014242397768286792,False,False,True
44,14,Ob14.txt,47,0.1919867715993244,0.22501482099112735,0.26303431540555877,-0.03801949441443142,0.55,1.1720329432943035,False,0.2467327080285429,0.32622916666586654,-0.07949645863732363,0.575,1.2851547321368217,False,False,False
44,15,Ob15.txt,96,0.10667117505527685,0.21892064215192564,0.15747772366590174,0.0614429184860239,0.375,2.052294277610435,False,0.32776008846469473,0.14322761766793973,0.184532470796755,0.125,3.0726209615188913,True,False,True
44,16,Ob16.txt,84,0.002864925284179587,0.08383709833863867,0.20634192275672733,-0.12250482441808866,0.775,29.263275660833383,False,0.01198388351379831,0.22527491883581327,-0.21329103532201496,0.975,4.182965461603676,False,False,False
44,17,Ob17.txt,122,0.09157898029910722,0.1652030231296292,0.23375137542358798,-0.06854835229395878,0.625,1.80394040848738,False,0.11886019012215171,0.21280202439688195,-0.09394183427473024,0.675,1.2978981610620801,False,False,False
44,18,Ob18.txt,103,0.19686401586322527,0.19822981789262256,0.04541526470748175,0.1528145531851408,0.025,1.006937794209919,True,0.32384220117796103,0.050701372743154116,0.2731408284348069,0.0,1.6450045467067789,True,True,True
44,19,Ob19.txt,143,0.031728195970501,0.03876863975842189,0.11946260797215584,-0.08069396821373395,0.875,1.2218986479554865,False,0.06413547409481737,0.09738773084461518,-0.0332522567497978,0.625,2.0214031126902627,False,False,False
45,1,Ob1.txt,28,0.4520540564982046,0.011940566646350764,0.19883381474342107,-0.1868932480970703,0.975,0.026414023886539746,False,0.23742600340401282,0.1981637735075208,0.03926222989649203,0.425,0.5252159559040608,False,False,False
45,2,Ob2.txt,43,0.20012814536105822,0.25826025121700946,0.190267643330916,0.06799260788609346,0.325,1.2904744145361118,True,0.207397952194879,0.20116922274327026,0.006228729451608739,0.45,1.0363257592814097,False,False,True
45,3,Ob3.txt,40,0.14715065165215463,0.11934020337414353,0.2760840025599496,-0.15674379918580605,0.775,0.8110069648637951,False,0.3959445606898071,0.2972228131745053,0.09872174751530183,0.35,2.6907428288239563,True,False,True
45,4,Ob4.txt,58,0.2335550068980335,0.11667997717247923,0.2509009221333099,-0.13422094496083065,0.75,0.4995824269501527,False,0.1612308266700993,0.2434669882266428,-0.08223616155654351,0.625,0.6903334200002409,False,False,False
45,5,Ob5.txt,93,0.13456292677014126,0.17595061712078042,0.20384166815516092,-0.0278910510343805,0.55,1.307571270512993,False,0.09799125464617031,0.2278182912060796,-0.1298270365599093,0.775,0.728218811809569,False,False,False
45,6,Ob6.txt,112,0.1385931275379397,0.2078907410588158,0.19520404512905568,0.012686695929760128,0.5,1.5000075743431502,False,0.1832414775875037,0.17476905520225572,0.00847242238524798,0.425,1.3221541417148666,False,False,False
45,7,Ob7.txt,33,1.0230784682763434,0.427656538251199,0.2688479272159373,0.15880861103526167,0.325,0.41800951883163356,True,0.1077112436493616,0.2841487015126064,-0.1764374578632448,0.8,0.10528150771350976,False,False,True
45,8,Ob8.txt,84,0.13017989507189842,0.09821195861480128,0.21281681800555938,-0.1146048593907581,0.725,0.754432614656501,False,0.36965636125692636,0.31572141066468534,0.053934950592241016,0.475,2.8395810355567193,False,False,False
45,9,Ob9.txt,37,0.21938398980411833,0.3061838291238027,0.24791451726206953,0.058269311861733175,0.4,1.3956525697120628,False,0.11218502797292457,0.2567357232335784,-0.14455069526065384,0.775,0.5113637876359681,False,False,False
45,10,Ob10.txt,36,0.46306404599622264,0.3445384694597223,0.3183501874809259,0.026188281978796357,0.45,0.7440406406817703,False,0.19940089888284657,0.2542253299796049,-0.05482443109675833,0.675,0.43061192205899124,False,False,False
45,11,Ob11.txt,119,0.4151938329706689,0.05239562548846993,0.1876055944179605,-0.13520996892949055,0.825,0.1261955774091938,False,0.03319931170066967,0.19619369831691752,-0.16299438661624785,0.975,0.07996099427376373,False,False,False
45,12,Ob12.txt,91,0.39010794867933785,0.18565326028958531,0.2532208019478652,-0.06756754165827991,0.625,0.4759022750448727,False,0.4292798843632969,0.18386703041846528,0.24541285394483162,0.125,1.1004130672460553,True,False,True
45,13,Ob13.txt,102,0.20789144051791697,0.2582704686875815,0.20498766973945204,0.053282798948129484,0.35,1.2423333449619474,True,0.2945700187686015,0.16733779777162217,0.12723222099697934,0.325,1.4169415442730275,True,True,True
45,14,Ob14.txt,47,0.7426078557475909,0.4641882301987053,0.26383003729001075,0.20035819290869455,0.15,0.6250785345266814,True,0.6059509510047661,0.2360148996558583,0.36993605134890784,0.075,0.8159770278685634,True,True,True
45,15,Ob15.txt,96,0.005706189169255485,0.048771910610093956,0.5120468177380226,-0.4632749071279287,0.875,8.547194837646343,False,0.358179587472369,0.18195889185242464,0.17622069561994436,0.2,62.770366850474126,True,False,True
45,16,Ob16.txt,84,0.2637055074088062,0.051524783610115255,0.22681923397708595,-0.1752944503669707,0.925,0.1953875901811925,False,0.06723488742179737,0.23184602016837497,-0.1646111327465776,0.875,0.2549620145686503,False,False,False
45,17,Ob17.txt,122,0.13636707531485542,0.01569746755965301,0.14472744415734698,-0.12902997659769397,0.925,0.11511185910095541,False,0.07636883513454451,0.19312415787061205,-0.11675532273606753,0.85,0.5600240010883706,False,False,False
45,18,Ob18.txt,103,0.013835182357912867,0.18283083836580438,0.09004531921425929,0.09278551915154509,0.075,13.214920745965916,True,0.18636965470293473,0.03633449652515286,0.15003515817778187,0.05,13.470704605230074,True,True,True
45,19,Ob19.txt,143,0.15706889328128518,0.12137273602135201,0.07411928259403883,0.047253453427313186,0.3,0.7727356670425691,True,0.023106446249008233,0.15483089664289051,-0.13172445039388228,0.9,0.1471102633137441,False,False,True
46,1,Ob1.txt,28,0.4515182374381204,0.24596624778804674,0.2120442954253091,0.03392195236273765,0.45,0.5447537383730948,False,0.11558770501281329,0.21881669595984626,-0.10322899094703297,0.8,0.2559978654874474,False,False,False
46,2,Ob2.txt,43,0.10585892379458348,0.34066189349906323,0.24786613857999568,0.09279575491906755,0.3,3.2180744077854873,True,0.4419245424013646,0.32331115849907477,0.11861338390228982,0.325,4.1746555373915175,True,True,True
46,3,Ob3.txt,40,0.2970323312918979,0.09594884608688398,0.25402565234179725,-0.15807680625491327,0.725,0.32302492348078327,False,0.26327009927870504,0.2242413730297216,0.03902872624898343,0.45,0.8863348246759906,False,False,False
46,4,Ob4.txt,58,0.1876061117531602,0.030269007018669233,0.307715463664255,-0.27744645664558576,0.925,0.1613433951368024,False,0.1526465570989633,0.19112993833456293,-0.038483381235599634,0.6,0.8136545002318774,False,False,False
46,5,Ob5.txt,93,0.6793010130085577,0.6990580187808079,0.21608609369508192,0.48297192508572595,0.0,1.0290843166636074,True,0.6477651043905723,0.2138335870118926,0.43393151737867974,0.0,0.9535759434859137,True,True,True
46,6,Ob6.txt,112,0.018790712113891994,0.17963399418312403,0.20240035360759018,-0.022766359424466143,0.6,9.55972254241075,False,0.22518337651986825,0.18440045315396497,0.04078292336590328,0.4,11.983759591175362,False,False,False
46,7,Ob7.txt,33,1.3465114882807772,0.6769013537584381,0.2589319463346835,0.41796940742375455,0.125,0.5027074478381942,True,1.0207841494324081,0.22020277882958741,0.8005813706028208,0.0,0.7580953882062625,True,True,True
46,8,Ob8.txt,84,0.08376033277290079,0.17669010296532545,0.2998638072754854,-0.12317370431015995,0.675,2.1094723136354405,False,0.04735375710874051,0.22100348199775705,-0.17364972488901653,0.85,0.5653482447011123,False,False,False
46,9,Ob9.txt,37,0.07620908203348832,0.08428090385115325,0.3513235834240447,-0.2670426795728914,0.85,1.1059167962962466,False,0.13112199730267168,0.316088614394562,-0.1849666170918903,0.825,1.720556051902753,False,False,False
46,10,Ob10.txt,36,0.3715670833050394,0.020233104154890935,0.28179066579685574,-0.2615575616419648,0.95,0.05445343536601839,False,0.08046537971259686,0.20856259112774184,-0.12809721141514496,0.9,0.21655680314000933,False,False,False
46,11,Ob11.txt,119,0.09012021634379369,0.048220880247499265,0.1678264000399501,-0.11960551979245085,0.9,0.5350728416312783,False,0.1307751884083982,0.19170514722232673,-0.06092995881392854,0.575,1.4511193349726605,False,False,False
46,12,Ob12.txt,91,0.057911727623610125,0.2104855919179627,0.14738031208488245,0.06310527983308026,0.35,3.6345935539341343,True,0.15616816715103993,0.1651822435844465,-0.00901407643340657,0.525,2.6966587521967047,False,False,True
46,13,Ob13.txt,102,0.10998313853865865,0.11080402983232096,0.19135228656602443,-0.08054825673370347,0.75,1.0074637922191478,False,0.00512577920873486,0.12040932145429867,-0.11528354224556381,1.0,0.04660513672223646,False,False,False
46,14,Ob14.txt,47,0.20615167888733404,0.24384675107391465,0.30888429633404785,-0.0650375452601332,0.65,1.1828511530443646,False,0.018795546935487267,0.2604919984266758,-0.24169645149118854,1.0,0.09117338765773236,False,False,False
46,15,Ob15.txt,96,0.14800180535153595,0.3613509688852148,0.2764519868859324,0.08489898199928236,0.3,2.441530817998665,True,0.38829270323798715,0.19648410919050713,0.19180859404748002,0.1,2.6235673430855044,True,True,True
46,16,Ob16.txt,84,0.2148167712961161,0.12459461079270398,0.1334424548576677,-0.008847844064963722,0.525,0.5800041125325146,False,0.08549378743581637,0.18515172685888642,-0.09965793942307005,0.775,0.3979846960736911,False,False,False
46,17,Ob17.txt,122,0.16900345801112993,0.08693408931987959,0.20427385582262314,-0.11733976650274355,0.75,0.5143923700907613,False,0.22539966814658932,0.10186394513422953,0.1235357230123598,0.175,1.333698557409076,True,False,True
46,18,Ob18.txt,103,0.07595245682656362,0.20034722965163723,0.09862413336406067,0.10172309628757656,0.125,2.6377978807074975,True,0.1538504040129709,0.0909982638339798,0.0628521401789911,0.275,2.025614581030422,True,True,True
46,19,Ob19.txt,143,0.42232329915994027,0.08826490349914234,0.08802420115588337,0.00024070234325897222,0.5,0.20899842294922752,False,0.015329983290590092,0.05453523474736387,-0.039205251456773775,0.875,0.03629916540499555,False,False,False
47,1,Ob1.txt,28,0.37775814679367514,0.040939392869842106,0.22286404181478348,-0.18192464894494137,0.775,0.10837461274449359,False,0.08699036285334358,0.26795602604170865,-0.18096566318836507,0.85,0.23028057393784332,False,False,False
47,2,Ob2.txt,43,0.027163205416693675,0.059298050978964206,0.17475984223843327,-0.11546179125946907,0.775,2.1830284780205447,False,0.32038131280993265,0.2807740266031698,0.03960728620676285,0.4,11.794679894922714,False,False,False
47,3,Ob3.txt,40,0.1163273807924867,0.1729240516302753,0.2603278671778674,-0.08740381554759208,0.675,1.486529228563565,False,0.03578436574324825,0.24930396601407662,-0.21351960027082836,0.95,0.30761773796904296,False,False,False
47,4,Ob4.txt,58,0.15633533501963945,0.0698653628502697,0.33557313127743893,-0.26570776842716926,0.9,0.4468942535703329,False,0.12169809055001221,0.3546469450175296,-0.23294885446751737,0.825,0.778442637646339,False,False,False
47,5,Ob5.txt,93,0.003131444401219652,0.19054377736430397,0.1487948957945184,0.04174888156978557,0.45,60.848526414867834,False,0.27501431130253273,0.15260132801237136,0.12241298329016137,0.125,87.8234693215114,True,False,True
47,6,Ob6.txt,112,0.12055272870299802,0.20292783548250248,0.13463218501495433,0.06829565046754815,0.425,1.6833118392736628,False,0.2818712343032076,0.18964788965931872,0.09222334464388887,0.25,2.338157230747094,True,False,True
47,7,Ob7.txt,33,0.020529439248145903,0.33668809944077616,0.25893442854074666,0.07775367090002949,0.375,16.40025795985557,False,0.09316173310592449,0.23696571718981407,-0.14380398408388959,0.8,4.537958001670129,False,False,False
47,8,Ob8.txt,84,0.28129251700088204,0.2725245800257611,0.2023778913615844,0.07014668866417667,0.325,0.9688298250212839,True,0.33438195778035473,0.2301604942349732,0.10422146354538153,0.2,1.1887339249031863,True,True,True
47,9,Ob9.txt,37,0.3651341644065134,0.7153838624843587,0.33861582794027356,0.37676803454408514,0.025,1.959235624108576,True,0.2639045840916271,0.2450798323672071,0.018824751724419997,0.425,0.7227605899890956,False,False,True
47,10,Ob10.txt,36,0.549036024815585,0.6885593180370997,0.21779134416779883,0.47076797386930086,0.025,1.2541241137471426,True,0.5864117179123334,0.19937436116114005,0.38703735675119333,0.125,1.068075119677807,True,True,True
47,11,Ob11.txt,119,0.30048473268186837,0.11117795138172107,0.14107314298533072,-0.02989519160360965,0.65,0.3699953418246653,False,0.4541861890432386,0.19944847238951266,0.2547377166537259,0.15,1.5115116997444868,True,False,True
47,12,Ob12.txt,91,0.621963350667615,0.3027389823238422,0.22864092909917877,0.07409805322466345,0.35,0.48674730110525394,True,0.12078447743179337,0.1483656006972075,-0.027581123265414134,0.575,0.19419870528085523,False,False,True
47,13,Ob13.txt,102,0.3732982919681774,0.30304208841092084,0.1982430380094968,0.10479905040142404,0.325,0.811796075500807,True,0.6565474488310912,0.18612519959555696,0.4704222492355342,0.0,1.7587743179040851,True,True,True
47,14,Ob14.txt,47,0.5767106085485473,0.45812695865877806,0.2740744245777557,0.18405253408102235,0.275,0.7943792811645723,True,0.59700007332627,0.22363858462853306,0.373361488697737,0.05,1.0351813621545594,True,True,True
47,15,Ob15.txt,96,0.2587856523239335,0.10068222270271748,0.10420274633140963,-0.0035205236286921515,0.5,0.3890564326058118,False,0.16022433211714004,0.22556776414437718,-0.06534343202723714,0.6,0.6191391627715903,False,False,False
47,16,Ob16.txt,84,0.38756719603659345,0.0772451327996464,0.1738026805456615,-0.0965575477460151,0.775,0.19930771641558911,False,0.10377992939607159,0.17571793857243356,-0.07193800917636198,0.625,0.2677727383983057,False,False,False
47,17,Ob17.txt,122,0.04009920252785122,0.08379542035780152,0.17017804302115772,-0.0863826226633562,0.675,2.089702913657715,False,0.2555587684678741,0.21035963846074107,0.04519913000713305,0.275,6.373163363794423,True,False,True
47,18,Ob18.txt,103,0.4104231361016249,0.25361004024521633,0.18105605093872867,0.07255398930648765,0.375,0.6179233526016914,False,0.24465268628912168,0.5614713568927456,-0.31681867060362395,0.575,0.5960986717584634,False,False,False
47,19,Ob19.txt,143,0.1323050019604139,0.26428398132381475,0.1267275750496186,0.13755640627419616,0.1,1.9975358256136788,True,0.21098990959363273,0.14568981099918193,0.0653000985944508,0.275,1.5947236043030455,True,True,True
48,1,Ob1.txt,28,0.3940897413959874,0.17550283887579143,0.31297839533631416,-0.13747555646052273,0.775,0.44533724286784593,False,0.07671387870825494,0.3149110403538892,-0.2381971616456343,0.8,0.1946609379795341,False,False,False
48,2,Ob2.txt,43,0.9474279550231899,0.5639159677646348,0.16750170499279315,0.39641426277184166,0.1,0.5952072289769327,True,0.7251318020694886,0.2532978961890018,0.4718339058804868,0.0,0.7653688053269864,True,True,True
48,3,Ob3.txt,40,0.09294930904273996,0.2452292291366888,0.24599413890844074,-0.0007649097717519482,0.5,2.638311480335238,False,0.11119089871991761,0.19334289401529217,-0.08215199529537456,0.8,1.1962530960697062,False,False,False
48,4,Ob4.txt,58,0.21226252880621174,0.3558981206847829,0.20887669236310547,0.14702142832167742,0.275,1.6766884041493042,True,0.23035831938204257,0.25608685383805896,-0.02572853445601639,0.525,1.0852519315472382,False,False,True
48,5,Ob5.txt,93,0.10712243824533499,0.028227530133924456,0.17888097166862316,-0.1506534415346987,0.925,0.26350716615763475,False,0.13594718656479687,0.23172611694468873,-0.09577893037989185,0.725,1.2690822650381295,False,False,False
48,6,Ob6.txt,112,0.025482384416531195,0.03438789494927619,0.14113313641249875,-0.10674524146322256,0.875,1.3494771284812623,False,0.054859384259764804,0.1384462417612231,-0.0835868575014583,0.75,2.152835596663233,False,False,False
48,7,Ob7.txt,33,0.7523720486528693,0.4247897337425711,0.27835131638781485,0.14643841735475627,0.3,0.5646006314338258,True,0.4100325828573043,0.3309985251175273,0.07903405773977701,0.35,0.5449864645974984,True,True,True
48,8,Ob8.txt,84,0.3887255128983478,0.3198066245157407,0.17840032573176876,0.14140629878397196,0.35,0.8227055181720747,True,0.2443164428565932,0.1791139659846322,0.06520247687196101,0.35,0.6285063232278306,True,True,True
48,9,Ob9.txt,37,0.6910376889605316,0.1449053775479129,0.23509260659771447,-0.09018722904980156,0.725,0.20969243771042584,False,0.2839595987213677,0.24984491990109137,0.034114678820276356,0.475,0.410917672447799,False,False,False
48,10,Ob10.txt,36,0.40854090099533025,0.4749427238652302,0.25219533699780056,0.22274738686742962,0.125,1.1625340882837554,True,0.347093575171437,0.2842847649584762,0.06280881021296081,0.4,0.8495932092131074,False,False,True
48,11,Ob11.txt,119,0.29283501705550413,0.13875884784519454,0.18422326614181234,-0.04546441829661779,0.675,0.4738464997814592,False,0.011440639118047685,0.24143170137778044,-0.22999106225973276,1.0,0.03906854867660591,False,False,False
48,12,Ob12.txt,91,0.5073625346270425,0.24783815907491372,0.21107574888725406,0.03676241018765966,0.4,0.4884833667450381,False,0.06085828020015605,0.2238069966082783,-0.16294871640812225,0.9,0.11995028415902331,False,False,False
48,13,Ob13.txt,102,0.26921126175425836,0.3970236650291845,0.16964076472268422,0.2273829003065003,0.1,1.4747661834132184,True,0.456136848068156,0.15049781858023667,0.3056390294879193,0.05,1.6943453446034782,True,True,True
48,14,Ob14.txt,47,0.7371417230594801,0.10406325567787651,0.20233670736906723,-0.09827345169119071,0.7,0.14117130047389764,False,0.2581126334484523,0.16837147741628328,0.08974115603216903,0.375,0.3501533360195176,False,False,False
48,15,Ob15.txt,96,0.1279375111360448,0.42454026002685374,0.1138436480440454,0.31069661198280835,0.15,3.318340776345186,True,0.2522897755736845,0.1982676847904567,0.05402209078322778,0.35,1.9719765792958668,True,True,True
48,16,Ob16.txt,84,0.016695524500314224,0.15281133458000784,0.1741236102060582,-0.02131227562605037,0.525,9.152832220223557,False,0.019244911964155162,0.24828256870794743,-0.22903765674379228,0.975,1.1526988543422494,False,False,False
48,17,Ob17.txt,122,0.1797585828256047,0.3232254767962374,0.1259708045245688,0.19725467227166862,0.2,1.7981087284706685,True,0.07413344403530013,0.16014779374178834,-0.0860143497064882,0.7,0.41240558792801413,False,False,True
48,18,Ob18.txt,103,0.7037170767754437,0.41942670106252833,0.017648836448213967,0.40177786461431436,0.0,0.5960160907056793,True,0.2234828008357108,0.026152553918704746,0.19733024691700604,0.0,0.3175747871001633,True,True,True
48,19,Ob19.txt,143,0.14473916866263786,0.46915983921914517,0.11262487959033435,0.3565349596288108,0.025,3.2414158762558336,True,0.2524282412743385,0.16648527308571634,0.08594296818862215,0.225,1.7440216328912692,True,True,True
49,1,Ob1.txt,28,0.1810637129418144,0.6125359868650724,0.2572311778865778,0.3553048089784946,0.15,3.38298589437362,True,0.44748934785648087,0.27909752382157954,0.16839182403490133,0.225,2.4714468768255267,True,True,True
49,2,Ob2.txt,43,0.011391418384354077,0.19301718446825192,0.1778946976555198,0.015122486812732122,0.425,16.94408702724481,False,0.09657506262580676,0.20267797684158803,-0.10610291421578127,0.75,8.47787864226381,False,False,False
49,3,Ob3.txt,40,0.09487474491061151,0.43311486409001204,0.24847859138262152,0.18463627270739053,0.2,4.5651228311399565,True,0.46055660000265985,0.21075778710146553,0.24979881290119432,0.2,4.854364567057168,True,True,True
49,4,Ob4.txt,58,0.3326869875613859,0.16940214878296797,0.1852301235099248,-0.015827974726956823,0.5,0.5091937921128058,False,0.13575012920606785,0.14582218480188774,-0.01007205559581989,0.55,0.40804159549829055,False,False,False
49,5,Ob5.txt,93,0.12250840069407631,0.11938147515189057,0.1639775401899873,-0.04459606503809674,0.65,0.9744758275802311,False,0.3544122633376009,0.24534315950904886,0.10906910382855203,0.275,2.892962942375085,True,False,True
49,6,Ob6.txt,112,0.278254931810234,0.09365159248725376,0.12050451191036043,-0.026852919423106678,0.625,0.33656759245195644,False,0.14528384561996888,0.19647707830127673,-0.05119323268130785,0.625,0.5221249617205364,False,False,False
49,7,Ob7.txt,33,0.487792392435167,0.3126651130099074,0.19619234932075463,0.11647276368915277,0.325,0.6409798878760989,True,0.07614090511686766,0.22750076458379542,-0.15135985946692776,0.825,0.1560928507653748,False,False,True
49,8,Ob8.txt,84,0.11168872868139024,0.7003190865431023,0.18687877361787977,0.5134403129252225,0.0,6.270275387777698,True,0.5846081737105469,0.2146407853444044,0.36996738836614246,0.025,5.234262943203823,True,True,True
49,9,Ob9.txt,37,0.15847391556214138,0.35107696992865556,0.3744872909437086,-0.023410321015053026,0.55,2.2153612389982875,False,0.3296560646216624,0.308923646648132,0.020732417973530426,0.425,2.0801913264545826,False,False,False
49,10,Ob10.txt,36,0.1363340982787871,0.16063479281093293,0.21168207575278358,-0.05104728294185065,0.525,1.1782437030716542,False,0.4279081578828198,0.24635318218893404,0.18155497569388573,0.275,3.1386730340035567,True,False,True
49,11,Ob11.txt,119,0.048685400130118184,0.02808891191996582,0.17226776183535789,-0.14417884991539207,0.875,0.5769473362629142,False,0.02418715631933943,0.23850722487002718,-0.21432006855068775,0.975,0.49680512545231326,False,False,False
49,12,Ob12.txt,91,0.03826367485752454,0.3576683884023804,0.23590848229767747,0.12175990610470294,0.225,9.34746570302421,True,0.34426052171803717,0.15882662992666463,0.18543389179137254,0.2,8.997058515678308,True,True,True
49,13,Ob13.txt,102,0.2809963661454499,0.05842386621556249,0.23645727972754393,-0.17803341351198143,0.85,0.20791680339852156,False,0.0820484595761016,0.12838148378977687,-0.04633302421367527,0.575,0.2919911766176774,False,False,False
49,14,Ob14.txt,47,0.4840059103434406,0.7929717381796744,0.2316145859841478,0.5613571521955265,0.075,1.6383513532241745,True,0.9126847478874027,0.2649430081217319,0.6477417397656708,0.05,1.885689262017029,True,True,True
49,15,Ob15.txt,96,0.14320511990699883,0.029134011769624546,0.20633564876308028,-0.17720163699345573,0.9,0.20344252906980517,False,0.044985869375057726,0.25753591887035404,-0.21255004949529632,0.975,0.31413590103672784,False,False,False
49,16,Ob16.txt,84,0.08255524255204921,0.08749788771853564,0.17438826626810405,-0.08689037854956841,0.825,1.0598707606409152,False,0.39189852890571053,0.13467938931438111,0.2572191395913294,0.075,4.747106504576343,True,False,True
49,17,Ob17.txt,122,0.19195195882097876,0.0709943775141369,0.1841229349170055,-0.11312855740286859,0.775,0.36985492594190605,False,0.16134940716152463,0.17957989803350793,-0.018230490871983307,0.575,0.8405718188685162,False,False,False
49,18,Ob18.txt,103,0.3324711559274235,0.31166535239894055,0.14843257856980668,0.16323277382913387,0.2,0.9374207261064634,True,0.3625424632171338,0.16600768121830212,0.19653478199883168,0.275,1.0904478681942402,True,True,True
49,19,Ob19.txt,143,0.2475156971600171,0.14986271142707608,0.12321367534983595,0.026649036077240132,0.425,0.6054675042698037,False,0.08925735252526118,0.2093722736115199,-0.12011492108625871,0.65,0.3606128966744156,False,False,False
50,1,Ob1.txt,28,0.41935055041619157,0.3494996454853339,0.24456012807047145,0.10493951741486246,0.425,0.8334307541470186,False,0.09346349799835041,0.2566462083831731,-0.16318271038482268,0.825,0.22287677434926692,False,False,False
50,2,Ob2.txt,43,0.3531581247780906,0.08308514297536632,0.2607555831400324,-0.17767044016466607,0.8,0.23526329184008848,False,0.0416121268930989,0.264560302311003,-0.22294817541790413,0.875,0.11782859850455422,False,False,False
50,3,Ob3.txt,40,0.18941577895388947,0.14186378784191617,0.281805944536597,-0.13994215669468085,0.775,0.7489544357149404,False,0.12553508221290027,0.31819826123646494,-0.19266317902356467,0.85,0.6627488106123406,False,False,False
50,4,Ob4.txt,58,0.02288222228446095,0.16918937175015003,0.11539131843809802,0.05379805331205201,0.375,7.393922218168669,False,0.25844684321775413,0.19049265951968097,0.06795418369807316,0.325,11.294656611795192,True,False,True
50,5,Ob5.txt,93,0.13376649407279262,0.1922703953763687,0.13994789869616003,0.05232249668020866,0.4,1.4373584110811757,False,0.13780129848663455,0.14979608497912045,-0.011994786492485893,0.575,1.0301630422611383,False,False,False
50,6,Ob6.txt,112,0.20749271076441592,0.3327496329246855,0.17303474517108913,0.15971488775359638,0.175,1.6036690238361404,True,0.6105928989006344,0.12821289913285738,0.482379999767777,0.0,2.942719754593656,True,True,True
50,7,Ob7.txt,33,0.45196364982246956,0.8998750753578941,0.22821206846465514,0.671663006893239,0.025,1.9910341809819514,True,0.6408068552694808,0.3361436333047544,0.3046632219647264,0.175,1.4178283043806477,True,True,True
50,8,Ob8.txt,84,0.15378176599435855,0.2773060710263724,0.18328355129283547,0.09402251973353692,0.225,1.8032441572854958,True,0.43512241408624286,0.17581647119465882,0.25930594289158404,0.125,2.829479888416714,True,True,True
50,9,Ob9.txt,37,0.0926806902194734,0.11926119595123483,0.3732596501390926,-0.2539984541878578,0.925,1.286796588035946,False,0.029078569125110226,0.3077492644565185,-0.2786706953314083,0.925,0.3137500277161342,False,False,False
50,10,Ob10.txt,36,0.6397221316072474,0.23627653820714872,0.24021927878128396,-0.0039427405741352395,0.5,0.3693424481243505,False,0.4977228220471105,0.1970946921612506,0.30062812988585985,0.1,0.7780297061110333,True,False,True
50,11,Ob11.txt,119,0.1508446676279256,0.12381541790962561,0.18282000061626766,-0.05900458270664205,0.675,0.8208140191937676,False,0.07376469456764487,0.12676925440087783,-0.05300455983323296,0.65,0.4890109523101826,False,False,False
50,12,Ob12.txt,91,0.1992446030595645,0.14124787454875354,0.17069902533754272,-0.029451150788789182,0.575,0.7089169411857407,False,0.019056189066195467,0.19029815332927863,-0.17124196426308316,0.875,0.09564218439833268,False,False,False
50,13,Ob13.txt,102,0.06261352847775575,0.2372579898671298,0.059637794496414626,0.17762019537071516,0.425,3.7892448426927205,False,0.05069382046328885,0.18000847741182613,-0.12931465694853728,0.825,0.8096304695765304,False,False,False
50,14,Ob14.txt,47,0.7230464944917373,0.3061932237054119,0.27983440327018716,0.02635882043522475,0.4,0.42347653441103983,False,0.19656291772648446,0.26089688689150237,-0.0643339691650179,0.65,0.2718537731998239,False,False,False
50,15,Ob15.txt,96,0.44566131270875825,0.24200423116811254,0.17813858156973622,0.06386564959837632,0.4,0.5430227490405106,False,0.28897005749300825,0.1517490516719924,0.13722100582101585,0.175,0.6484073202060766,True,False,True
50,16,Ob16.txt,84,0.2832616047090928,0.14821024243856798,0.17330863359029855,-0.02509839115173057,0.55,0.5232274334913078,False,0.18653450517380182,0.1565504817217587,0.029984023452043124,0.35,0.6585237888677894,False,False,False
50,17,Ob17.txt,122,0.206938875587241,0.20906405570303618,0.16367957798534294,0.045384477717693245,0.325,1.0102696030881797,True,0.048824186140292575,0.22661515701897217,-0.1777909708786796,0.875,0.23593530215983677,False,False,True
50,18,Ob18.txt,103,0.5807817379913836,0.03588084824243226,0.026067878416296264,0.009812969826135998,0.05,0.061780262524309244,False,0.2629113821981193,0.026152553918704746,0.23675882827941458,0.025,0.45268534631855084,True,False,True
50,19,Ob19.txt,143,0.48957322292148797,0.23639654115280423,0.1387211754639411,0.09767536568886312,0.1,0.48286248120787184,True,0.1659262176673714,0.09129572697561875,0.07463049069175265,0.3,0.3389201245060347,True,True,True
