replicate,ob,dataset,n_events,b3_event_direction_abs_z,k8_local_event_direction_abs_z,k8_local_non_event_direction_abs_median_z,k8_local_event_minus_non_event_direction_z,k8_p_non_event_direction_ge_event,k8_local_to_b3_direction_ratio,k8_pass,k10_local_event_direction_abs_z,k10_local_non_event_direction_abs_median_z,k10_local_event_minus_non_event_direction_z,k10_p_non_event_direction_ge_event,k10_local_to_b3_direction_ratio,k10_pass,both_pass,any_pass
551,1,Ob1.txt,28,0.019000450482089842,0.09441439845091625,0.1423360774746051,-0.047921679023688865,0.7,4.969061051468906,False,0.4714178851575186,0.19852057068129803,0.27289731447622056,0.2,24.810879384248565,True,False,True
551,2,Ob2.txt,43,0.3302132507711008,0.3571624150066902,0.18180259747094463,0.1753598175357456,0.1,1.0816113955834867,True,0.3908859894056333,0.22143839693460204,0.16944759247103125,0.275,1.183738049556921,True,True,True
551,3,Ob3.txt,40,0.307455777471515,0.11018534915495534,0.22853038728426328,-0.11834503812930794,0.725,0.3583778781492039,False,0.16413131814981918,0.1793466712315276,-0.015215353081708405,0.575,0.5338371570039062,False,False,False
551,4,Ob4.txt,58,0.45258217543490054,0.14356858285960578,0.28802062126526273,-0.14445203840565696,0.675,0.3172210278092507,False,0.03358310736749312,0.31435739602788004,-0.2807742886603869,0.85,0.07420333630068848,False,False,False
551,5,Ob5.txt,93,0.33251305198677483,0.13479951002493898,0.18964158395280836,-0.054842073927869384,0.575,0.4053961467662942,False,0.16897195741761378,0.21621412034031892,-0.04724216292270514,0.625,0.5081663904860323,False,False,False
551,6,Ob6.txt,112,0.09197809910428556,0.1153214625779576,0.18128774142767728,-0.06596627884971969,0.625,1.2537926278211635,False,0.020610013316056094,0.18658825284704328,-0.16597823953098717,0.925,0.2240752256978945,False,False,False
551,7,Ob7.txt,33,1.0032149086936957,0.21378420390585265,0.2533113925476707,-0.03952718864181806,0.525,0.2130991097253777,False,0.1240279838289142,0.2395960483976992,-0.11556806456878502,0.8,0.12363052298576113,False,False,False
551,8,Ob8.txt,84,0.03732958898719818,0.008480402560402861,0.12255388001877278,-0.11407347745836992,0.95,0.22717642466706858,False,0.10473598739782769,0.17914078022643623,-0.07440479282860854,0.75,2.805709632478029,False,False,False
551,9,Ob9.txt,37,0.6466150565971517,0.04400576726657168,0.2547904547325419,-0.21078468746597023,0.975,0.06805558704146873,False,0.030462369225013886,0.2800959093734032,-0.2496335401483893,0.975,0.047110516394907084,False,False,False
551,10,Ob10.txt,36,1.094462728276071,0.19257177546258714,0.2803913211263057,-0.08781954566371858,0.65,0.1759509670703123,False,0.12878319233787755,0.2939538411666907,-0.16517064882881316,0.775,0.11766795616761545,False,False,False
551,11,Ob11.txt,119,0.593416571717161,0.36190171817279193,0.18045731389526215,0.18144440427752978,0.25,0.6098611589588105,True,0.6097272317871988,0.2520586966495017,0.3576685351376971,0.025,1.027486020524907,True,True,True
551,12,Ob12.txt,91,0.04421540759655035,0.2790382517416532,0.13600674143270336,0.14303151030894984,0.175,6.310882719611603,True,0.06840874166977785,0.17069577912510286,-0.10228703745532501,0.725,1.5471697624950775,False,False,True
551,13,Ob13.txt,102,0.1816066414621864,0.6554512266965375,0.0,0.6554512266965375,0.0,3.6091809276315128,True,0.4596610846977349,0.0,0.4596610846977349,0.0,2.531080807380297,True,True,True
551,14,Ob14.txt,47,0.7733570848735936,0.6559026857699137,0.3118304573446676,0.34407222842524615,0.175,0.8481239761023487,True,0.6951391902781302,0.2656896863900634,0.4294495038880668,0.125,0.8988592771368376,True,True,True
551,15,Ob15.txt,96,0.3875961947408499,0.10878035552734384,0.09903348009995055,0.00974687542739329,0.475,0.28065382736813327,False,0.005982618447460911,0.1596527396783905,-0.1536701212309296,1.0,0.015435183648954397,False,False,False
551,16,Ob16.txt,84,0.10122614703255906,0.13671101600498334,0.181080056240306,-0.04436904023532265,0.575,1.3505504260772732,False,0.13337140765217725,0.27528993815056857,-0.14191853049839132,0.8,1.3175588675649068,False,False,False
551,17,Ob17.txt,122,0.0510813327252691,0.07180434642663723,0.15086863475852746,-0.07906428833189023,0.8,1.405686629454693,False,0.14685652670436294,0.20295233211471386,-0.05609580541035092,0.65,2.8749548782174865,False,False,False
551,18,Ob18.txt,103,0.36373299435012646,0.4617471647489878,0.12776041645475678,0.33398674829423103,0.125,1.2694673618322172,True,0.3695358776458973,0.4315908787888929,-0.062055001142995614,0.625,1.0159536896182286,False,False,True
551,19,Ob19.txt,143,0.146185847031985,0.16663356254783573,0.16937423247807926,-0.0027406699302435222,0.525,1.1398747958916764,False,0.18580975868225097,0.21642336127899967,-0.030613602596748696,0.625,1.2710516267802339,False,False,False
552,1,Ob1.txt,28,0.27546277321351126,0.3836954407678619,0.26102375780665743,0.12267168296120445,0.35,1.3929121394216832,True,0.37796853032067645,0.2039228251787949,0.17404570514188156,0.2,1.3721219964184161,True,True,True
552,2,Ob2.txt,43,0.2555436120064147,0.1832352304033847,0.18360090847669525,-0.0003656780733105325,0.5,0.7170409346753114,False,0.12499363210167361,0.20960043357761937,-0.08460680147594576,0.8,0.4891283766409939,False,False,False
552,3,Ob3.txt,40,0.26626794619957933,0.16725788135275377,0.2975908774355609,-0.13033299608280713,0.7,0.6281562754361232,False,0.20681912605288627,0.26968265133075486,-0.06286352527786859,0.625,0.7767330953830485,False,False,False
552,4,Ob4.txt,58,0.05762435754735391,0.17688509616947895,0.1593639796968326,0.017521116472646342,0.45,3.0696237441627052,False,0.05562533855023097,0.2971208919477195,-0.24149555339748854,0.925,0.965309478800172,False,False,False
552,5,Ob5.txt,93,0.23041828257439645,0.23801599874797225,0.14705501092919132,0.09096098781878093,0.375,1.0329735821684318,False,0.06790253347033973,0.1558337750202299,-0.08793124154989018,0.75,0.2946924728007017,False,False,False
552,6,Ob6.txt,112,0.7139728025082122,0.3260295329588729,0.15738926317785604,0.16864026978101684,0.15,0.45664138999905796,True,0.3139400380229661,0.13562115531077518,0.17831888271219093,0.125,0.43970867926632984,True,True,True
552,7,Ob7.txt,33,0.17338220250217626,0.06402451985887792,0.3177282135443025,-0.25370369368542456,0.975,0.36926811942000964,False,0.04689140321866553,0.29959437474585676,-0.25270297152719123,0.925,0.2704510759579084,False,False,False
552,8,Ob8.txt,84,0.5212959801853969,0.21427847253621513,0.15251750000665748,0.061760972529557645,0.35,0.41104953938069466,True,0.2040539610621494,0.2697958103067494,-0.06574184924459997,0.7,0.3914358997926253,False,False,True
552,9,Ob9.txt,37,0.2979544133454759,0.33034165009898575,0.3958698075214532,-0.06552815742246743,0.6,1.1086986307397202,False,0.3492740891157301,0.30352873047332407,0.04574535864240603,0.45,1.1722400255597134,False,False,False
552,10,Ob10.txt,36,0.028750545288588808,0.010988286431648953,0.23462964370751305,-0.2236413572758641,0.975,0.38219401828215904,False,0.2173461149028597,0.2068085289855912,0.0105375859172685,0.45,7.559721484278253,False,False,False
552,11,Ob11.txt,119,0.10420238904806359,0.22886933425446115,0.18671116726620182,0.04215816698825933,0.425,2.196392389323192,False,0.2483614397292279,0.16543920109612884,0.08292223863309905,0.325,2.3834524524641236,True,False,True
552,12,Ob12.txt,91,0.3784139974211376,0.06270624409372588,0.16818828216105025,-0.10548203806732437,0.8,0.1657080460053384,False,0.23550733625568657,0.10386814938977414,0.13163918686591242,0.325,0.6223536599085948,True,False,True
552,13,Ob13.txt,102,0.12738293522455982,0.10030703188166253,0.17640705106110458,-0.07610001917944205,0.725,0.7874448151538828,False,0.44279296761934783,0.17293296620206627,0.26986000141728156,0.125,3.476077598924538,True,False,True
552,14,Ob14.txt,47,0.018199524416708468,0.024496206816628785,0.2037417019443291,-0.17924549512770033,0.9,1.3459806012370032,False,0.08849284055210518,0.2047147760632111,-0.1162219355111059,0.8,4.862371044754467,False,False,False
552,15,Ob15.txt,96,0.44515663550667284,0.15173771550310433,0.22968970826198076,-0.07795199275887643,0.65,0.3408636497811562,False,0.42422927221916035,0.1881911636350217,0.23603810858413865,0.2,0.9529887648115294,True,False,True
552,16,Ob16.txt,84,0.5690195462036612,0.8528813327774571,0.18474013916616128,0.6681411936112959,0.0,1.498861222725374,True,0.8428367770195309,0.22970921063367064,0.6131275663858602,0.0,1.4812088313006142,True,True,True
552,17,Ob17.txt,122,0.28327056871393097,0.31735222149374426,0.14465626695198322,0.17269595454176104,0.175,1.1203148386877835,True,0.35726003082907315,0.17853096438914737,0.17872906643992578,0.125,1.2611971390146874,True,True,True
552,18,Ob18.txt,103,0.007676701622612719,0.06326010030669521,0.19949847010276786,-0.13623836979607265,0.825,8.24053133970381,False,0.3071727363884659,0.15897693875367358,0.1481957976347923,0.2,40.013634955362704,True,False,True
552,19,Ob19.txt,143,0.3997271968864581,0.14028942964436536,0.303968959109279,-0.16367952946491365,0.75,0.3509629335634482,False,0.08988738448082251,0.17693974670245965,-0.08705236222163715,0.65,0.22487182553744245,False,False,False
553,1,Ob1.txt,28,0.05125612094617441,0.7133886602347173,0.26381126265858124,0.449577397576136,0.025,13.918116452547551,True,0.7959922000296515,0.2540042020641093,0.5419879979655422,0.025,15.529700362334223,True,True,True
553,2,Ob2.txt,43,0.021178739564438998,0.07131546863617827,0.231985653906156,-0.16067018526997773,0.875,3.367314113249843,False,0.692754159031991,0.2978263796906769,0.3949277793413141,0.025,32.709886106498395,True,False,True
553,3,Ob3.txt,40,0.05694340634121209,0.3373578905437626,0.2385694973585478,0.09878839318521479,0.325,5.924441690795093,True,0.18909771030064243,0.20704724850870732,-0.017949538208064886,0.5,3.32080081699969,False,False,True
553,4,Ob4.txt,58,0.1392617841756689,0.2580843461777175,0.1931667377567637,0.06491760842095382,0.375,1.853231650774791,False,0.09024073940125102,0.25108869000891876,-0.16084795060766774,0.825,0.6479935607274621,False,False,False
553,5,Ob5.txt,93,0.384976026512894,0.13581206560611886,0.19490749920771966,-0.0590954336016008,0.6,0.35278057918645517,False,0.10569336877094726,0.21412350099727456,-0.1084301322263273,0.725,0.27454532618125843,False,False,False
553,6,Ob6.txt,112,0.24114069852917697,0.03553384103399537,0.13421025850071383,-0.09867641746671846,0.75,0.14735729493499802,False,0.09537806369653462,0.20457938148070834,-0.10920131778417372,0.775,0.3955286862743922,False,False,False
553,7,Ob7.txt,33,0.740087287353856,0.6369094854363444,0.2649885256721174,0.371920959764227,0.1,0.8605869825349676,True,1.0867943151950905,0.2889526873831524,0.7978416278119381,0.0,1.4684677520686347,True,True,True
553,8,Ob8.txt,84,0.2824951638221402,0.3564820406202859,0.24943019353072182,0.10705184708956406,0.35,1.2619049324494915,True,0.13437067058732488,0.3157652087902785,-0.1813945382029536,0.8,0.47565653432539845,False,False,True
553,9,Ob9.txt,37,0.04934038807632671,0.011542020543364409,0.15397810405025647,-0.14243608350689207,0.9,0.2339264240384485,False,0.10468577258548872,0.21380648405912908,-0.10912071147364036,0.775,2.12170549659127,False,False,False
553,10,Ob10.txt,36,0.6227618815930349,0.10191303115911976,0.2955464660663054,-0.19363343490718565,0.85,0.1636468675610405,False,0.14450804016737723,0.2893579844523798,-0.14484994428500259,0.725,0.23204381070614555,False,False,False
553,11,Ob11.txt,119,0.7332418828307989,0.33621509185079146,0.15455964293008223,0.18165544892070923,0.2,0.4585323066281739,True,0.2538257983370783,0.21775094375911885,0.03607485457795945,0.35,0.3461692577586304,True,True,True
553,12,Ob12.txt,91,0.09232858761448536,0.28514964955281863,0.15300279111880252,0.1321468584340161,0.2,3.088422090278805,True,0.15506899903406862,0.1501266843018922,0.004942314732176434,0.475,1.679533967112695,False,False,True
553,13,Ob13.txt,102,0.14588649898960537,0.3662828217294536,0.03403291682628973,0.33224990490316386,0.0,2.5107383086597466,True,0.2489662577422832,0.06717873740590152,0.18178752033638168,0.0,1.7065750392709227,True,True,True
553,14,Ob14.txt,47,0.024796677472426892,0.24419622892126355,0.2294401974681453,0.01475603145311824,0.5,9.847941491064757,False,0.04443905894745104,0.1453863208709164,-0.10094726192346537,0.85,1.7921376360549046,False,False,False
553,15,Ob15.txt,96,0.06137644320364409,0.32843655286939966,0.19528738604954732,0.13314916681985234,0.175,5.351182566569766,True,0.34846273960962787,0.11089042499206889,0.23757231461755898,0.075,5.677467142457982,True,True,True
553,16,Ob16.txt,84,0.3321079595804402,0.11602071387322041,0.14166582310543424,-0.02564510923221383,0.575,0.3493463812785219,False,0.12174068428249851,0.18915080577808857,-0.06741012149559006,0.7,0.36656960717321074,False,False,False
553,17,Ob17.txt,122,0.09789318054614851,0.20241105405496923,0.15818006292066686,0.04423099113430237,0.35,2.067672670616205,True,0.18302476249196786,0.10963752632304846,0.0733872361689194,0.325,1.8696375117333823,True,True,True
553,18,Ob18.txt,103,0.04596131618084484,0.03165709424919155,0.45138976716511936,-0.4197326729159278,0.8,0.6887769298126668,False,0.30577544769886417,0.34066779164141603,-0.03489234394255186,0.525,6.65288710392287,False,False,False
553,19,Ob19.txt,143,0.5715746082033363,0.057911986639634164,0.09733991020765045,-0.03942792356801629,0.65,0.10132008281766099,False,0.1595966444918724,0.1071160280271945,0.052480616464677915,0.375,0.2792227684738163,False,False,False
554,1,Ob1.txt,28,0.48119325012098724,0.2954621520269357,0.24123618272738429,0.054225969299551424,0.375,0.6140197352158351,False,0.06067964126502401,0.17707954279573695,-0.11639990153071295,0.875,0.12610243649462502,False,False,False
554,2,Ob2.txt,43,0.48576695545405607,0.2176706070071745,0.1474056828327555,0.07026492417441899,0.325,0.44809677678407217,True,0.3475698975932582,0.2055513373462283,0.14201856024702988,0.325,0.7155074952934534,True,True,True
554,3,Ob3.txt,40,0.09220397229609445,0.04804141458407968,0.23577788075389372,-0.18773646616981404,0.95,0.5210341093527334,False,0.18667439387186557,0.25763094736760306,-0.07095655349573748,0.625,2.0245808203620386,False,False,False
554,4,Ob4.txt,58,0.18571556552244978,0.15524953864945099,0.13835358267524459,0.0168959559742064,0.45,0.835953293482468,False,0.3139869982623644,0.21736980306576545,0.09661719519659898,0.325,1.6906875704202018,True,False,True
554,5,Ob5.txt,93,0.756348251796775,0.7062856966121795,0.1711872916787109,0.5350984049334686,0.0,0.9338101792849164,True,0.769772018418201,0.1662783235306814,0.6034936948875196,0.0,1.0177481293696873,True,True,True
554,6,Ob6.txt,112,0.45515645234058155,0.0776064513984892,0.16972224788238421,-0.09211579648389501,0.725,0.1705050010812949,False,0.05565014367941512,0.16782402167544141,-0.1121738779960263,0.9,0.12226596677525202,False,False,False
554,7,Ob7.txt,33,0.6206842231223011,0.04443479594313676,0.26614443252870534,-0.22170963658556858,0.875,0.07159001999375973,False,0.14981219655344105,0.2534514421861521,-0.10363924563271107,0.75,0.2413662067964658,False,False,False
554,8,Ob8.txt,84,0.08810544268304527,0.04864885518077422,0.13381353824090458,-0.08516468306013036,0.8,0.5521662873403399,False,0.005788087066478209,0.1831103769148787,-0.17732228984840048,0.95,0.06569500010686684,False,False,False
554,9,Ob9.txt,37,0.12970515316810208,0.030391552047203882,0.25862137292016196,-0.22822982087295807,0.975,0.23431260289107747,False,0.09062449011966008,0.28824267196692777,-0.1976181818472677,0.75,0.6986961420276633,False,False,False
554,10,Ob10.txt,36,0.2978916062531833,0.25496448004603856,0.1910925956398568,0.06387188440618174,0.4,0.8558968252007066,False,0.5052373251091515,0.2191166200789235,0.286120705030228,0.2,1.6960441801765354,True,False,True
554,11,Ob11.txt,119,0.03973739052099892,0.1844310895225543,0.16768607525915516,0.01674501426339914,0.425,4.641248131909746,False,0.08316723566944051,0.13665376202247045,-0.053486526353029945,0.6,2.092921416807463,False,False,False
554,12,Ob12.txt,91,0.41399407737882193,0.17862933232012468,0.21090467231128843,-0.03227533999116375,0.55,0.4314779898570176,False,0.18538206329900647,0.21773255552846965,-0.03235049222946318,0.625,0.4477891675956855,False,False,False
554,13,Ob13.txt,102,0.3760326079725452,0.2561434538923862,0.0,0.2561434538923862,0.0,0.6811735165028233,True,0.3162015034521822,0.0,0.3162015034521822,0.0,0.8408885206978344,True,True,True
554,14,Ob14.txt,47,0.8740775554738484,0.5051514745330046,0.35803827897087603,0.14711319556212854,0.225,0.577925232571789,True,0.5019705004078091,0.18595754007650667,0.31601296033130244,0.3,0.5742859970082227,True,True,True
554,15,Ob15.txt,96,0.0065061766286384215,0.07972080937827854,0.14002607118563049,-0.06030526180735195,0.725,12.253096392644675,False,0.14478977127297982,0.21261885524964513,-0.06782908397666532,0.675,22.254202358364296,False,False,False
554,16,Ob16.txt,84,0.16466343165312908,0.1860014060008864,0.22557230491293118,-0.039570898912044766,0.575,1.1295853859811857,False,0.11354892243805463,0.202315691610007,-0.08876676917195238,0.7,0.6895819022966225,False,False,False
554,17,Ob17.txt,122,0.02085816416777675,0.1568547031325409,0.11852525831778318,0.038329444814757724,0.425,7.520062737585591,False,0.10643388447730899,0.1492362048003649,-0.042802320323055906,0.65,5.1027445954105595,False,False,False
554,18,Ob18.txt,103,0.11876248989456176,0.08387064514060394,0.0,0.08387064514060394,0.025,0.7062048397188787,True,0.2583143669197778,0.0,0.2583143669197778,0.0,2.175050111774444,True,True,True
554,19,Ob19.txt,143,0.3934182688562743,0.1940874636757343,0.13918879980827162,0.05489866386746267,0.35,0.4933361743468994,True,0.13561103790240597,0.16235187636076562,-0.026740838458359645,0.525,0.34469939155761,False,False,True
555,1,Ob1.txt,28,0.3642783915746417,0.07928258983234818,0.20043656452464287,-0.12115397469229469,0.775,0.2176428568536241,False,0.11577353514941184,0.35871156730727305,-0.2429380321578612,0.85,0.3178160929309185,False,False,False
555,2,Ob2.txt,43,0.04181755905424822,0.4625286295907756,0.18586294433024775,0.27666568526052787,0.1,11.060631946277782,True,0.36289280822499775,0.27450745184615766,0.0883853563788401,0.3,8.678000735390405,True,True,True
555,3,Ob3.txt,40,0.5306631545317764,0.2344216252696611,0.23694694589670806,-0.0025253206270469675,0.5,0.44175221751828603,False,0.3419685508022326,0.24452260295559614,0.09744594784663646,0.3,0.6444173632216166,True,False,True
555,4,Ob4.txt,58,0.007047857570946357,0.20948211207090847,0.25788144511334676,-0.04839933304243829,0.55,29.722807244922812,False,0.1612557337850774,0.23270644282407957,-0.07145070903900216,0.675,22.8801067788072,False,False,False
555,5,Ob5.txt,93,0.9589788161259378,0.8860616386442287,0.2478775854785902,0.6381840531656385,0.0,0.9239637244790471,True,0.35652484941853224,0.24281098230274156,0.11371386711579068,0.35,0.37177552144354314,True,True,True
555,6,Ob6.txt,112,0.25540801063152685,0.3316310520415853,0.17782590777913276,0.1538051442624525,0.25,1.298436377236516,True,0.013004309200877695,0.17199241860656403,-0.15898810940568633,0.975,0.05091582354336884,False,False,True
555,7,Ob7.txt,33,0.03189984908920662,0.127462729714042,0.3047730438539254,-0.1773103141398834,0.825,3.995715758955401,False,0.11509402965780136,0.2984750912569212,-0.18338106159911982,0.775,3.6079803805950807,False,False,False
555,8,Ob8.txt,84,0.5659342845852294,0.1618142003629685,0.17032707198747146,-0.008512871624502955,0.55,0.28592401056168804,False,0.16128078172418164,0.24001465118256152,-0.07873386945837987,0.675,0.28498146536992996,False,False,False
555,9,Ob9.txt,37,0.3417246621848129,0.2961761208643388,0.3536782294628028,-0.057502108598464,0.6,0.8667098212073429,False,0.26368129926400846,0.22844060237430297,0.03524069688970549,0.45,0.7716191672505137,False,False,False
555,10,Ob10.txt,36,0.10941797761488095,0.07479718031161578,0.20131483899927927,-0.1265176586876635,0.775,0.6835913251374451,False,0.3023279322865967,0.16632147798479383,0.1360064543018029,0.25,2.7630553852009765,True,False,True
555,11,Ob11.txt,119,0.4897669115664592,0.13558980530790948,0.17541063418796518,-0.0398208288800557,0.625,0.27684558124647946,False,0.47463906818218793,0.17062732499250785,0.30401174318968005,0.05,0.9691121571772036,True,False,True
555,12,Ob12.txt,91,0.020167435955431523,0.28443860825261663,0.23411529766715272,0.05032331058546391,0.425,14.103855784205985,False,0.09302124776752542,0.1729693463465835,-0.07994809857905809,0.75,4.6124479072647215,False,False,False
555,13,Ob13.txt,102,0.007848469119546703,0.008118587568406707,0.0,0.008118587568406707,0.0,1.0344167053148328,False,0.12838252441131529,0.0,0.12838252441131529,0.0,16.357651722369287,True,False,True
555,14,Ob14.txt,47,0.31275432225478894,0.13458883003764976,0.22811921645061292,-0.09353038641296316,0.775,0.4303340368482755,False,0.014885215662336304,0.22240628740629692,-0.20752107174396062,0.95,0.04759395667187579,False,False,False
555,15,Ob15.txt,96,0.2686499882404909,0.10107826819330157,0.19930266665007074,-0.09822439845676917,0.775,0.37624519865163003,False,0.08916677057852168,0.17305989083338674,-0.08389312025486506,0.7,0.33190684713040486,False,False,False
555,16,Ob16.txt,84,0.0948288756925976,0.16998553127195956,0.1608460970098324,0.009139434262127155,0.475,1.7925503179326288,False,0.14948754137079448,0.16617253900650691,-0.016684997635712434,0.525,1.5763926365148666,False,False,False
555,17,Ob17.txt,122,0.2223534411232435,0.2169264329685916,0.16395977074482251,0.052966662223769084,0.275,0.9755928753464,True,0.11889123552161743,0.18011588423577934,-0.06122464871416192,0.675,0.5346948305410743,False,False,True
555,18,Ob18.txt,103,0.4258510902143071,0.39080999927053317,0.0,0.39080999927053317,0.0,0.9177151550178263,True,0.3213941739030268,0.0,0.3213941739030268,0.0,0.7547102292054414,True,True,True
555,19,Ob19.txt,143,0.1973140911450528,0.1310633339809591,0.20704292767013327,-0.07597959368917417,0.725,0.6642370710595101,False,0.3371226431041095,0.13693839301996674,0.20018425008414276,0.075,1.7085583758753364,True,False,True
556,1,Ob1.txt,28,0.43552797943533006,0.4647649993736014,0.2360253050130827,0.2287396943605187,0.175,1.0671300612561738,True,0.3418763626510333,0.2051067903548881,0.13676957229614523,0.175,0.7849699187966804,True,True,True
556,2,Ob2.txt,43,0.5555706050808632,0.09244298532407953,0.1580774957418585,-0.06563451041777897,0.725,0.1663928661427731,False,0.029910940110657334,0.17404434799883023,-0.1441334078881729,0.95,0.05383823376743232,False,False,False
556,3,Ob3.txt,40,0.30636815172759585,0.560460656162752,0.19590628461701667,0.36455437154573533,0.025,1.8293698382235237,True,0.11835134755576959,0.23135141819935323,-0.11300007064358364,0.725,0.38630434295598876,False,False,True
556,4,Ob4.txt,58,0.09478414905560184,0.0936308461452875,0.24134353214842838,-0.1477126860031409,0.7,0.9878323230012035,False,0.07421394275312922,0.24037054907489452,-0.16615660632176532,0.775,0.7829784145616392,False,False,False
556,5,Ob5.txt,93,0.23218215836108563,0.16039085735531416,0.14665311032675843,0.013737747028555736,0.425,0.6907975121235505,False,0.17400764505858807,0.1479927273707963,0.026014917687791766,0.45,0.7494445149742058,False,False,False
556,6,Ob6.txt,112,0.09315885133603397,0.21876809832484698,0.10649225085495716,0.11227584746988982,0.3,2.348334003558363,True,0.5135064670133771,0.17330225282936312,0.340204214184014,0.025,5.5121597105261015,True,True,True
556,7,Ob7.txt,33,0.031710375172115446,0.07164214949199171,0.2139048057108781,-0.1422626562188864,0.8,2.259265275265186,False,0.09477132551983991,0.23199611921918808,-0.13722479369934817,0.7,2.9886535559874794,False,False,False
556,8,Ob8.txt,84,0.3286100579681408,0.45390797544416356,0.2018164938000822,0.25209148164408135,0.075,1.38129665978809,True,0.6425735879352743,0.2607942419298422,0.3817793460054321,0.05,1.955428850560541,True,True,True
556,9,Ob9.txt,37,0.05490727316285804,0.1772557519264275,0.28940747477584094,-0.11215172284941344,0.625,3.228274538432769,False,0.2562914991501649,0.2538444762301425,0.0024470229200224125,0.475,4.667714938055474,False,False,False
556,10,Ob10.txt,36,0.31163359199176144,0.1809524172104614,0.2252134013861147,-0.0442609841756533,0.55,0.580657611568541,False,0.1412762197931627,0.27088493337094005,-0.12960871357777734,0.775,0.45334079323803317,False,False,False
556,11,Ob11.txt,119,0.3680249675428499,0.3111422723848548,0.16773271633452214,0.14340955605033268,0.2,0.8454379453171961,True,0.19740270190930437,0.13241590409416293,0.06498679781514144,0.375,0.5363839938015085,False,False,True
556,12,Ob12.txt,91,0.34865362235247854,0.29375115682468644,0.3329593147160983,-0.039208157891411854,0.525,0.8425300584650536,False,0.028915978509848367,0.27695317027575894,-0.24803719176591058,0.9,0.08293611956400432,False,False,False
556,13,Ob13.txt,102,0.24405184095048463,0.04368980768261935,0.24939265526089105,-0.2057028475782717,0.95,0.17901855405992825,False,0.11466137665591278,0.25240303231874117,-0.1377416556628284,0.8,0.46982385467510684,False,False,False
556,14,Ob14.txt,47,0.14048883614860952,0.07056779459089169,0.21537688224805648,-0.1448090876571648,0.775,0.5023017951137758,False,0.10202651593360704,0.1961094804603347,-0.09408296452672765,0.825,0.7262250775975044,False,False,False
556,15,Ob15.txt,96,0.519762790877047,0.4526145680946342,0.24584343465523212,0.20677113343940207,0.175,0.8708098695000713,True,0.2363707718642732,0.23492358391439588,0.0014471879498773044,0.5,0.45476662818710334,False,False,True
556,16,Ob16.txt,84,0.30892261054940223,0.19761466882560513,0.18788355063985418,0.009731118185750953,0.45,0.6396898837354704,False,0.05690635975187208,0.23977783908101635,-0.18287147932914427,0.85,0.18420911195417902,False,False,False
556,17,Ob17.txt,122,0.02486975145708928,0.10225912216355937,0.14166241629820453,-0.03940329413464516,0.65,4.111787057462119,False,0.27341874776918546,0.17113202458081817,0.10228672318836729,0.325,10.994028156692565,True,False,True
556,18,Ob18.txt,103,0.068076362018682,0.15911084094702654,0.3511308208715932,-0.19201997992456665,0.7,2.337240654889317,False,0.042918568469014484,0.4992500635727204,-0.4563314951037059,0.825,0.6304474445511126,False,False,False
556,19,Ob19.txt,143,0.2678520775103066,0.1433740385236092,0.20292913206638652,-0.059555093542777326,0.6,0.5352731995072629,False,0.09164666786413686,0.13697138910981968,-0.04532472124568282,0.75,0.34215403037376263,False,False,False
557,1,Ob1.txt,28,0.5613525794564819,0.772211005341322,0.22507516554098184,0.5471358398003402,0.025,1.3756256470559012,True,0.8016786948148351,0.23042879453822546,0.5712499002766096,0.025,1.4281197310806768,True,True,True
557,2,Ob2.txt,43,1.4220435592963632,0.5956351861474942,0.1506380592738605,0.4449971268736337,0.05,0.4188586082709158,True,0.5629963335565534,0.19307345309301166,0.36992288046354177,0.125,0.3959065317486673,True,True,True
557,3,Ob3.txt,40,0.25330621500963557,0.14704235755153833,0.290713540074421,-0.1436711825228827,0.75,0.580492498164504,False,0.40731306320985966,0.24993962769615122,0.15737343551370844,0.25,1.6079868517808211,True,False,True
557,4,Ob4.txt,58,0.8215913241312387,1.1098106218906274,0.22739121827490036,0.882419403615727,0.025,1.3508061603062271,True,1.1946132778125282,0.2360417821787933,0.958571495633735,0.0,1.4540237253305075,True,True,True
557,5,Ob5.txt,93,0.20987040675043964,0.07440337951357784,0.1664922866792916,-0.09208890716571377,0.775,0.3545205856586161,False,0.12874912903940514,0.2167434956407938,-0.08799436660138865,0.75,0.6134696693684062,False,False,False
557,6,Ob6.txt,112,0.3335493560616385,0.10946289182902547,0.2441620848793626,-0.13469919305033715,0.8,0.3281759950656214,False,0.3270034545216283,0.2860008930978559,0.0410025614237724,0.375,0.980375013709214,False,False,False
557,7,Ob7.txt,33,0.8716488942900149,0.2202463479848852,0.2711758051335975,-0.050929457148712304,0.55,0.25267782639050174,False,0.14118859390351224,0.29953235211415863,-0.1583437582106464,0.725,0.1619787449148487,False,False,False
557,8,Ob8.txt,84,0.24442309140018348,0.8045701611602538,0.17601072888116132,0.6285594322790925,0.0,3.2917109285839343,True,0.41872490882519886,0.19732991221298388,0.22139499661221498,0.125,1.7131151824752862,True,True,True
557,9,Ob9.txt,37,0.1424719785770051,0.0506440173063229,0.2924070084737138,-0.24176299116739092,0.9,0.35546651216716385,False,0.5099751022737129,0.33836477593212066,0.17161032634159223,0.3,3.579476521399434,True,False,True
557,10,Ob10.txt,36,0.17525467405681788,0.5872737172629366,0.20705779078680495,0.38021592647613167,0.05,3.350973207553605,True,0.32035788593659,0.1798126068155247,0.1405452791210653,0.225,1.827956302225237,True,True,True
557,11,Ob11.txt,119,0.302884481411767,0.19700338486738786,0.18744312850859615,0.009560256358791708,0.45,0.6504241615454859,False,0.35405601241824225,0.1631650504028945,0.19089096201534775,0.175,1.1689473517030684,True,False,True
557,12,Ob12.txt,91,0.17192609182490712,0.4220233601241652,0.264112481973072,0.15791087815109317,0.2,2.454678959107394,True,0.16675667073501896,0.298186292770998,-0.13142962203597905,0.75,0.9699323061728594,False,False,True
557,13,Ob13.txt,102,0.00026908220702925867,0.05458946509445284,0.13120143491837688,-0.07661196982392404,0.675,202.8728160703582,False,0.14503363017818496,0.13323098857942173,0.011802641598763236,0.475,538.9937587453143,False,False,False
557,14,Ob14.txt,47,0.7969751983599107,0.22960216949808374,0.23452411071645052,-0.004921941218366782,0.55,0.28809198827087756,False,0.33135144962735974,0.3280567213573208,0.00329472827003896,0.5,0.4157613063860022,False,False,False
557,15,Ob15.txt,96,0.17104930010691816,0.4934087980033339,0.1722529901990875,0.32115580780424646,0.0,2.8845999235011064,True,0.15790481280682508,0.09578775994966976,0.062117052857155325,0.325,0.9231538083355102,True,True,True
557,16,Ob16.txt,84,0.16346058306544928,0.010711157757560846,0.27924142992485557,-0.26853027216729475,1.0,0.06552746574550099,False,0.1300620797681873,0.2643376517749567,-0.13427557200676943,0.7,0.7956785503212765,False,False,False
557,17,Ob17.txt,122,0.5002173587730567,0.003209919585890453,0.1471946818289932,-0.14398476224310275,0.95,0.006417049567739529,False,0.2213261541213029,0.21223336516882285,0.009092788952480058,0.475,0.4424599631331791,False,False,False
557,18,Ob18.txt,103,0.44465318524568076,0.2995022964779795,0.17404304918621838,0.1254592472917611,0.375,0.6735638165112836,False,0.4595654955895874,0.23905838220024306,0.22050711338934437,0.25,1.0335369470830784,True,False,True
557,19,Ob19.txt,143,0.24239394528816974,0.34011668034767306,0.14197084232502136,0.1981458380226517,0.1,1.4031566669015836,True,0.1395652260231778,0.14396356399783627,-0.004398337974658467,0.525,0.5757785156607599,False,False,True
558,1,Ob1.txt,28,0.7094009301098818,0.3043332084641648,0.16492335154155224,0.13940985692261254,0.35,0.4290002952449265,True,0.08389972769375298,0.28227428942353183,-0.19837456172977885,0.85,0.11826842076561336,False,False,True
558,2,Ob2.txt,43,0.4427578527114211,0.7071175126933453,0.2160971161851914,0.49102039650815393,0.025,1.5970750340462678,True,0.2251375980957812,0.2067535133086021,0.018384084787179122,0.425,0.5084892265988119,False,False,True
558,3,Ob3.txt,40,0.19517211914405316,0.3869223127265229,0.29901600866314104,0.08790630406338185,0.4,1.982467139381431,False,0.056775045499760785,0.29962371239835617,-0.24284866689859538,0.85,0.29089731539911245,False,False,False
558,4,Ob4.txt,58,0.21772459469542588,0.485183191771764,0.27198690671756787,0.21319628505419613,0.25,2.228426202609241,True,0.47191519493770784,0.17685420181750983,0.295060993120198,0.275,2.16748684547039,True,True,True
558,5,Ob5.txt,93,0.20952667000774422,0.21150138151368053,0.2329949695953741,-0.021493588081693576,0.55,1.0094246307921724,False,0.13251249592533854,0.2113023621302318,-0.07878986620489326,0.7,0.6324373690492041,False,False,False
558,6,Ob6.txt,112,0.1732204901216577,0.12960798897318287,0.15762477643487288,-0.028016787461690007,0.575,0.7482255065907936,False,0.20371957330901208,0.13939389265408136,0.06432568065493072,0.375,1.1760708745595514,False,False,False
558,7,Ob7.txt,33,0.38826712418877457,0.0997294860369353,0.2901374722898688,-0.1904079862529335,0.8,0.2568579202921313,False,0.11438428110457385,0.32666383417090905,-0.2122795530663352,0.925,0.29460202519995093,False,False,False
558,8,Ob8.txt,84,0.1828849581588315,0.1452572991652339,0.11908170405609811,0.02617559510913578,0.35,0.7942550367596726,False,0.03876916409005782,0.2081074744053664,-0.16933831031530858,0.975,0.21198661978743855,False,False,False
558,9,Ob9.txt,37,0.13270003236609754,0.1333931082772683,0.33444765435274026,-0.20105454607547196,0.775,1.0052228767304192,False,0.21410561816464868,0.21434210140739907,-0.0002364832427503849,0.5,1.6134556589554292,False,False,False
558,10,Ob10.txt,36,0.0743687820201789,0.11239948678271933,0.16713902296189714,-0.05473953617917782,0.625,1.5113799598361224,False,0.08908095446208414,0.2721483468298993,-0.18306739236781516,0.875,1.1978272608782716,False,False,False
558,11,Ob11.txt,119,0.5145285716249063,0.23739993362000716,0.16991693658734308,0.06748299703266408,0.3,0.46139310178691656,True,0.32648012020895373,0.14969380216446504,0.1767863180444887,0.2,0.6345228199435332,True,True,True
558,12,Ob12.txt,91,0.25187012711620327,0.37963458085915375,0.11918160924699706,0.2604529716121567,0.025,1.5072632281001106,True,0.2861653333343637,0.18579893555734942,0.10036639777701431,0.275,1.1361622619197629,True,True,True
558,13,Ob13.txt,102,0.24008706833999435,0.24240759478439428,0.1634533888908717,0.07895420589352259,0.25,1.009665353742059,True,0.37456138640439385,0.20768520079248806,0.1668761856119058,0.175,1.5601064605194248,True,True,True
558,14,Ob14.txt,47,0.26927453039038096,0.4948039385013051,0.19704507563836898,0.2977588628629361,0.15,1.8375445229965222,True,0.33354989876248303,0.147321826546062,0.18622807221642104,0.25,1.238698284159734,True,True,True
558,15,Ob15.txt,96,0.254489639241707,0.168119922101144,0.2266930435081736,-0.05857312140702961,0.7,0.6606159787175795,False,0.20278073902333166,0.1677018837403925,0.035078855282939164,0.4,0.7968133383643815,False,False,False
558,16,Ob16.txt,84,0.12451849423093539,0.18612936155238347,0.22990531568980843,-0.043775954137424966,0.65,1.4947929036724688,False,0.039469347732313045,0.2833235654960419,-0.24385421776372884,0.9,0.3169757872201066,False,False,False
558,17,Ob17.txt,122,0.20026452051550847,0.3113408471209709,0.17605600945886077,0.1352848376621101,0.2,1.5546480540813552,True,0.050630979261416076,0.18655187999824746,-0.13592090073683138,0.8,0.25282051524196575,False,False,True
558,18,Ob18.txt,103,0.096355613497969,0.2179845165531792,0.1885359346688802,0.029448581884298997,0.0,2.2622918233795883,False,0.015367200550340965,0.11299985344148822,-0.09763265289114725,0.675,0.15948422715055285,False,False,False
558,19,Ob19.txt,143,0.08496042932272022,0.1985848344371831,0.14361291652398903,0.054971917913194085,0.325,2.3373803077531923,True,0.09560580636923532,0.14056288543285883,-0.044957079063623506,0.6,1.1252980608899572,False,False,True
559,1,Ob1.txt,28,0.10829900769689078,0.07019307757778497,0.2664548228983113,-0.19626174532052632,0.85,0.6481414656562932,False,0.6222949605061471,0.258746839349622,0.3635481211565251,0.025,5.746081831588314,True,False,True
559,2,Ob2.txt,43,0.27223112482175504,0.0683034008107018,0.20946070407241565,-0.14115730326171386,0.775,0.25090224659441074,False,0.3158603530000389,0.2798613958363113,0.035998957163727585,0.45,1.160265392896754,False,False,False
559,3,Ob3.txt,40,0.46385866516435037,0.20287516215194334,0.29255120129795675,-0.08967603914601341,0.625,0.4373641744518503,False,0.045008647332154594,0.28420721553214745,-0.23919856819999286,0.9,0.09703095083112767,False,False,False
559,4,Ob4.txt,58,0.3207139244816253,0.04727521110573285,0.18556016624819333,-0.13828495514246048,0.875,0.1474061694768772,False,0.12187763552915953,0.25778341265347776,-0.13590577712431823,0.75,0.3800197815737255,False,False,False
559,5,Ob5.txt,93,0.2607488452931527,0.29921127282283644,0.20817025424947752,0.09104101857335892,0.3,1.1475075660888987,True,0.4662471719018292,0.27505599827608335,0.19119117362574584,0.125,1.7881082900967038,True,True,True
559,6,Ob6.txt,112,0.35740598671866625,0.2953262324434135,0.18216162566846847,0.11316460677494503,0.175,0.8263046602962498,True,0.16544775952145585,0.11244073111120305,0.0530070284102528,0.4,0.46291266981962675,False,False,True
559,7,Ob7.txt,33,0.30018217680521564,0.2989828867454387,0.2771101740233398,0.021872712722098897,0.45,0.996004792581156,False,0.04084733976127422,0.2656969728801095,-0.2248496331188353,0.9,0.13607516674042755,False,False,False
559,8,Ob8.txt,84,0.01924866429356631,0.0026579892225495616,0.11865011985601653,-0.11599213063346697,0.975,0.13808694369707358,False,0.11469210218092518,0.1847581342381993,-0.07006603205727413,0.65,5.958444722798765,False,False,False
559,9,Ob9.txt,37,0.720323078609744,0.5527377818793804,0.32124386420159395,0.23149391767778643,0.15,0.7673470395342451,True,0.18989118245084594,0.23139073761718182,-0.04149955516633588,0.625,0.2636194620021678,False,False,True
559,10,Ob10.txt,36,0.3620527601589555,0.2958386651848637,0.2559979644307522,0.0398407007541115,0.475,0.8171147902724973,False,0.2903951255626507,0.2532188022338461,0.037176323328804606,0.45,0.8020795793274873,False,False,False
559,11,Ob11.txt,119,0.4082754299782152,0.175065516603776,0.18639461523936357,-0.011329098635587564,0.525,0.42879268197235665,False,0.009850439720755638,0.13800759376508046,-0.12815715404432482,0.95,0.024126947147618556,False,False,False
559,12,Ob12.txt,91,0.13108266842368638,0.04271951987191186,0.14145283751609342,-0.09873331764418156,0.8,0.32589754530960197,False,0.09135057037219449,0.21110508692277108,-0.11975451655057659,0.8,0.6968928193995143,False,False,False
559,13,Ob13.txt,102,0.17750393680998794,0.00825963636782702,0.0,0.00825963636782702,0.325,0.046532130589693264,False,0.15672938124946612,0.0,0.15672938124946612,0.325,0.8829628461550106,True,False,True
559,14,Ob14.txt,47,0.23676318338534885,0.08141519990734099,0.1943328923889439,-0.11291769248160292,0.8,0.3438676518165917,False,0.10291593482911024,0.31213854126907314,-0.2092226064399629,0.8,0.4346787932041244,False,False,False
559,15,Ob15.txt,96,0.25587933407986013,0.12926593660969346,0.13079419266382633,-0.0015282560541328705,0.5,0.5051831836069632,False,0.43075376712878677,0.15133692613795524,0.2794168409908315,0.05,1.6834253875084269,True,False,True
559,16,Ob16.txt,84,0.31854983151032645,0.2739014237330366,0.2575670153404984,0.01633440839253819,0.5,0.8598385453051401,False,0.13097137657898267,0.1656242358769436,-0.03465285929796094,0.55,0.41114878622918677,False,False,False
559,17,Ob17.txt,122,0.26952031882577215,0.13652754278896856,0.17673706148729168,-0.04020951869832312,0.625,0.5065575144159168,False,0.17421605962720432,0.17965759388280703,-0.0054415342556027035,0.525,0.6463930451930936,False,False,False
559,18,Ob18.txt,103,0.36731610543498144,0.32970659288466175,0.3867729645927149,-0.05706637170805312,0.55,0.8976099550391837,False,0.3669601194790576,0.1428523525510763,0.2241077669279813,0.275,0.9990308457738266,True,False,True
559,19,Ob19.txt,143,0.14279678953044198,0.31619033048457645,0.1411275074256679,0.17506282305890855,0.1,2.2142677823801478,True,0.4280375943026534,0.0984815033293094,0.32955609097334404,0.025,2.997529536274362,True,True,True
560,1,Ob1.txt,28,0.19113925151896044,0.153188534038167,0.23407016359111443,-0.08088162955294742,0.675,0.8014499001162573,False,0.13625049252959937,0.2955780903629506,-0.1593275978333512,0.65,0.7128336615678529,False,False,False
560,2,Ob2.txt,43,0.14027839012975601,0.047878932460902135,0.28238455493144593,-0.2345056224705438,0.925,0.3413136721672856,False,0.16317440621764767,0.2903001413835598,-0.12712573516591213,0.65,1.1632184120926472,False,False,False
560,3,Ob3.txt,40,0.2264955296370324,0.25882654312673126,0.16535559402874989,0.09347094909798137,0.325,1.1427445987190588,True,0.33996708199129555,0.23841816516678588,0.10154891682450967,0.35,1.5009880439411125,True,True,True
560,4,Ob4.txt,58,0.7672834043066864,0.04535119961389933,0.17174933745122017,-0.12639813783732085,0.875,0.05910619121871723,False,0.2870326302174253,0.2959947940056489,-0.008962163788223565,0.525,0.37408945456964054,False,False,False
560,5,Ob5.txt,93,0.3358601208095291,0.002376231580140553,0.1833285524481884,-0.18095232086804786,1.0,0.0070750631971818615,False,0.08491558669743457,0.1946562613843987,-0.10974067468696413,0.8,0.2528302154264732,False,False,False
560,6,Ob6.txt,112,0.03903364313386182,0.16020869193009102,0.17665330832956483,-0.01644461639947381,0.55,4.104374561725432,False,0.1256569547279227,0.162203775973201,-0.03654682124527828,0.65,3.2191961764110837,False,False,False
560,7,Ob7.txt,33,0.2379066701024783,0.1717130909269528,0.3325555771827554,-0.1608424862558026,0.775,0.7217666106334362,False,0.25314110194660233,0.2589100882580001,-0.005768986311397772,0.5,1.064035328801676,False,False,False
560,8,Ob8.txt,84,0.29684839760630766,0.34873850453543864,0.19047519812266242,0.15826330641277622,0.225,1.1748033923967807,True,0.19461441780308067,0.25599238364142957,-0.0613779658383489,0.575,0.655602049303248,False,False,True
560,9,Ob9.txt,37,0.6382622874061603,0.2792378015734911,0.21940302166700823,0.059834779906482866,0.4,0.43749694613524487,False,0.14496046191629686,0.20718877823034365,-0.062228316314046794,0.675,0.22711738540185877,False,False,False
560,10,Ob10.txt,36,0.2518773957880447,0.01472677932585853,0.26228188107710126,-0.24755510175124273,0.925,0.05846804664540498,False,0.2501521622386619,0.14752151581663198,0.1026306464220299,0.225,0.9931505026722025,True,False,True
560,11,Ob11.txt,119,0.683756691269906,0.4728520734133408,0.2048513121621216,0.2680007612512192,0.075,0.6915501953408851,True,0.6294110956976857,0.18342217213756468,0.44598892356012104,0.0,0.9205191023852549,True,True,True
560,12,Ob12.txt,91,0.8110796406645775,0.10343875921595903,0.17608336206301706,-0.07264460284705802,0.75,0.12753218553384477,False,0.03223435295174257,0.17617730438322035,-0.14394295143147778,0.875,0.039742525068599405,False,False,False
560,13,Ob13.txt,102,0.22813579885018953,0.20522616617187414,0.20489730022178237,0.0003288659500917668,0.5,0.8995789665901601,False,0.3931200147135029,0.19362447456429538,0.1994955401492075,0.125,1.723184246816318,True,False,True
560,14,Ob14.txt,47,0.6707095794948437,0.4253491418686125,0.28828069564869013,0.13706844621992237,0.225,0.63417782431104,True,0.22470202189859095,0.24739058579171241,-0.02268856389312146,0.55,0.33502133973966663,False,False,True
560,15,Ob15.txt,96,0.25228544161065536,0.10690619831353432,0.18644898547242233,-0.07954278715888802,0.7,0.42375096093939296,False,0.08375424903741818,0.10267588189873096,-0.01892163286131278,0.6,0.33198209338878,False,False,False
560,16,Ob16.txt,84,0.0404959307658706,0.18130235200138714,0.3384563854951182,-0.15715403349373105,0.7,4.4770511153230785,False,0.04353601491033601,0.2769529735591959,-0.2334169586488599,0.925,1.0750713488237083,False,False,False
560,17,Ob17.txt,122,0.004470794850752191,0.09115724589392188,0.15917837814366326,-0.06802113224974138,0.65,20.389494248116772,False,0.19965674750923768,0.18648140697320398,0.013175340536033697,0.425,44.657998001327734,False,False,False
560,18,Ob18.txt,103,0.2575943636862111,0.8825977474687452,0.0,0.8825977474687452,0.0,3.426308459698609,True,0.6276676582382681,0.0,0.6276676582382681,0.0,2.4366513663430243,True,True,True
560,19,Ob19.txt,143,0.003879700901321781,0.22664182669868121,0.1796420281204362,0.04699979857824502,0.35,58.41734516737264,True,0.17512228163509755,0.14839158781770007,0.026730693817397483,0.35,45.13808824165669,False,False,True
561,1,Ob1.txt,28,0.21839492205640332,0.18339772840075402,0.29621582988645345,-0.11281810148569943,0.7,0.8397527134508612,False,0.026579786177425305,0.25488626058264585,-0.22830647440522056,0.975,0.12170514738690093,False,False,False
561,2,Ob2.txt,43,0.1664143703293469,0.06555910502230658,0.2221393101805294,-0.15658020515822282,0.8,0.39395098447664134,False,0.18671659990714812,0.19826962400356135,-0.011553024096413234,0.55,1.1219980554420965,False,False,False
561,3,Ob3.txt,40,0.27726122772777595,0.11703957468911597,0.3403519417909535,-0.22331236710183755,0.875,0.42212744871789,False,0.22384132049614747,0.24620017180461895,-0.022358851308471483,0.575,0.807330048743498,False,False,False
561,4,Ob4.txt,58,0.2584154553152882,0.29755271492364593,0.19883235748889044,0.09872035743475549,0.35,1.1514509244836268,True,0.16449266463402737,0.252697955132208,-0.08820529049818063,0.65,0.6365434468048079,False,False,True
561,5,Ob5.txt,93,0.09308674177491488,0.11320868421359623,0.1796583333113011,-0.06644964909770487,0.65,1.2161633553286944,False,0.00799148188737242,0.17223444060588078,-0.16424295871850836,0.95,0.08584983999865353,False,False,False
561,6,Ob6.txt,112,0.15956246390263124,0.2047014110817763,0.19163526519187482,0.013066145889901487,0.475,1.2828920165502704,False,0.11469261007879089,0.20497834057180989,-0.090285730493019,0.6,0.7187944286745223,False,False,False
561,7,Ob7.txt,33,0.35890995146011206,0.8754644667063434,0.24385214070392058,0.6316123260024228,0.075,2.4392315207332422,True,0.0024217853496026898,0.307748651338019,-0.3053268659884163,0.975,0.0067476127082863515,False,False,True
561,8,Ob8.txt,84,0.05091007957795499,0.20152019149846787,0.20935796493972453,-0.007837773441256662,0.525,3.9583554606292513,False,0.40834300116101396,0.2568839721880667,0.15145902897294727,0.275,8.020867469589147,True,False,True
561,9,Ob9.txt,37,0.2798859225282939,0.16490703537080262,0.21957363531820234,-0.054666599947399724,0.55,0.5891937467992232,False,0.2542964947954694,0.23618511890996066,0.018111375885508735,0.45,0.9085719370889843,False,False,False
561,10,Ob10.txt,36,0.22717083357200651,0.3178202699988482,0.24724261066500114,0.07057765933384708,0.35,1.3990364211878832,True,0.605307574245652,0.26070509136706094,0.344602482878591,0.05,2.6645479295377377,True,True,True
561,11,Ob11.txt,119,0.3223201172391114,0.2326652324878911,0.19996635339115446,0.03269887909673663,0.475,0.7218452092932495,False,0.4135614555850836,0.2540841218134755,0.1594773337716081,0.3,1.2830767720225336,True,False,True
561,12,Ob12.txt,91,0.20953400417263218,0.2123602956187653,0.26122561983998194,-0.048865324221216644,0.625,1.0134884619672737,False,0.5025980900874546,0.2156426086975614,0.2869554813898932,0.15,2.3986469025493875,True,False,True
561,13,Ob13.txt,102,0.2971749431696893,0.5656633045478727,0.31413628525600856,0.25152701929186416,0.4,1.9034690425594678,False,0.4121380503189201,0.8015948768349277,-0.3894568265160076,0.65,1.3868532990131202,False,False,False
561,14,Ob14.txt,47,0.07114219757657414,0.39707616534922185,0.2908804692457548,0.10619569610346707,0.275,5.581443628049691,True,0.294874122427403,0.25216339118256537,0.04271073124483765,0.375,4.144855408915563,False,False,True
561,15,Ob15.txt,96,0.28629232716583597,0.11564558212682524,0.21588618624168662,-0.10024060411486138,0.775,0.4039423035596657,False,0.1082927770003167,0.12429631797124718,-0.016003540970930485,0.55,0.37825944576428583,False,False,False
561,16,Ob16.txt,84,0.48130841936792856,0.6087435057491405,0.15898174499492582,0.4497617607542147,0.025,1.2647680390643576,True,0.4681903598507923,0.23907814484868814,0.22911221500210419,0.1,0.9727450030183071,True,True,True
561,17,Ob17.txt,122,0.17346767929065263,0.6240029829994853,0.2134318333179237,0.4105711496815616,0.0,3.597229095075061,True,0.3279285944347258,0.15906213169413444,0.16886646274059133,0.25,1.8904305157923234,True,True,True
561,18,Ob18.txt,103,0.338391883352984,0.08312786834718316,0.0,0.08312786834718316,0.425,0.24565562129772087,False,0.28026316914428595,0.0,0.28026316914428595,0.025,0.8282207196203264,True,False,True
561,19,Ob19.txt,143,0.045641968006592565,0.23736761866298006,0.19781498584062826,0.0395526328223518,0.325,5.200643815987393,True,0.2505254103071962,0.12563221630509103,0.12489319400210519,0.2,5.488926557045264,True,True,True
562,1,Ob1.txt,28,0.7281170152704282,0.28947274471254686,0.2743428625563182,0.01512988215622868,0.475,0.3975634941109493,False,0.07159556808915946,0.3009478054497047,-0.22935223736054522,0.95,0.09832975550306063,False,False,False
562,2,Ob2.txt,43,0.07628326100614585,0.359136329053537,0.21573295918918736,0.14340336986434962,0.2,4.70793099713714,True,0.5734340376108391,0.323016290455623,0.2504177471552161,0.125,7.517167331960804,True,True,True
562,3,Ob3.txt,40,0.39082821853422584,0.19256477493816532,0.2974311300343012,-0.1048663550961359,0.6,0.4927094969251866,False,0.3859344218839908,0.34961188200223525,0.036322539881755544,0.475,0.9874783948083665,False,False,False
562,4,Ob4.txt,58,0.48500792226357664,0.08714774697897953,0.2732243346173437,-0.18607658763836415,0.9,0.1796831411995354,False,0.3876255968293527,0.24437704450462427,0.14324855232472844,0.35,0.7992149798713974,True,False,True
562,5,Ob5.txt,93,0.12039332638192302,0.14524560738030276,0.2114929642039442,-0.06624735682364144,0.725,1.2064257359211175,False,0.1685580385739243,0.20112313459618264,-0.03256509602225835,0.575,1.4000613126944317,False,False,False
562,6,Ob6.txt,112,0.028737049855652674,0.15972341486942693,0.18199393016259577,-0.02227051529316884,0.525,5.558100628690972,False,0.031996597794221704,0.17802649914499954,-0.14602990135077784,0.925,1.1134266723599626,False,False,False
562,7,Ob7.txt,33,0.1278979855214416,0.42407025672063053,0.3592215348064247,0.06484872191420582,0.35,3.315691447302247,True,0.24510691267784282,0.2895144953395998,-0.044407582661756956,0.625,1.9164251233398166,False,False,True
562,8,Ob8.txt,84,0.09770638770029483,0.315934732985224,0.16715849738710797,0.14877623559811604,0.25,3.2335115484396386,True,0.12196588541933835,0.2586540950507006,-0.13668820963136225,0.75,1.2482897821732726,False,False,True
562,9,Ob9.txt,37,0.5211494652650528,0.2631144838512071,0.31242713912132436,-0.049312655270117245,0.575,0.5048733643377894,False,0.27357705442169056,0.28042737046379196,-0.006850316042101401,0.525,0.5249493142673595,False,False,False
562,10,Ob10.txt,36,0.4412614838261217,0.3399948453547836,0.26271169833187874,0.07728314702290484,0.3,0.770506508763765,True,0.6412262717056298,0.2230860428073775,0.4181402288982523,0.025,1.4531661955755557,True,True,True
562,11,Ob11.txt,119,0.11258194667832307,0.36022659519100203,0.17586680224244727,0.18435979294855476,0.275,3.1996834822928264,True,0.3618918662710907,0.18557176617236265,0.17632010009872806,0.2,3.214475117445901,True,True,True
562,12,Ob12.txt,91,0.5152759497177581,0.3682219659327597,0.2647591743768081,0.10346279155595156,0.4,0.7146112022780277,False,0.07415080469611998,0.20663849092130415,-0.13248768622518417,0.8,0.14390503716840658,False,False,False
562,13,Ob13.txt,102,0.24000486703469495,0.035017421343067706,0.0,0.035017421343067706,0.0,0.14590296345117706,False,0.21046411000712661,0.0,0.21046411000712661,0.0,0.876916008443704,True,False,True
562,14,Ob14.txt,47,0.7194171862625084,0.6703056847440833,0.232857250351859,0.43744843439222425,0.05,0.9317343226486324,True,0.34272122995872684,0.2501241118505812,0.09259711810814564,0.4,0.4763873264401987,False,False,True
562,15,Ob15.txt,96,0.2850491900056125,0.1647123761517946,0.27697690102620337,-0.11226452487440877,0.8,0.5778384290393931,False,0.2952005034161359,0.24710210887779666,0.04809839453833925,0.4,1.0356124969529767,False,False,False
562,16,Ob16.txt,84,0.03887816273899958,0.14435948584614672,0.1831339356628387,-0.03877444981669198,0.575,3.7131252012929203,False,0.44127434065922705,0.23898446889163044,0.2022898717675966,0.175,11.350185028588674,True,False,True
562,17,Ob17.txt,122,0.0011764529564913806,0.031989199228063064,0.19363560315928652,-0.16164640393122345,0.925,27.191226858289966,False,0.06330893696018769,0.1789808370474802,-0.1156719000872925,0.875,53.81340291667798,False,False,False
562,18,Ob18.txt,103,0.17021604472830493,0.0467059624490834,0.0,0.0467059624490834,0.0,0.27439224383127,False,0.03596417339726485,0.0,0.03596417339726485,0.0,0.2112854487640696,False,False,False
562,19,Ob19.txt,143,0.233292228970926,0.27584917162493383,0.1659460733969067,0.10990309822802713,0.325,1.182419032308665,True,0.224635915401123,0.15567239534924088,0.06896352005188211,0.2,0.9628949767937542,True,True,True
563,1,Ob1.txt,28,0.10619740028691554,0.24142833070512634,0.3426955932898289,-0.10126726258470256,0.675,2.2733920986093334,False,0.49599236950839354,0.24060300547228763,0.2553893640361059,0.225,4.670475625282365,True,False,True
563,2,Ob2.txt,43,0.15382270428945402,0.3104338250555564,0.2250675232723099,0.0853663017832465,0.4,2.0181274701256147,False,0.51455789341213,0.22274818522610668,0.2918097081860233,0.075,3.345136179922223,True,False,True
563,3,Ob3.txt,40,0.46641514677612705,0.22239859457188538,0.2425219468082247,-0.02012335223633932,0.6,0.47682541210145063,False,0.4728831166563595,0.3099203907809699,0.16296272587538962,0.3,1.0138674095919467,True,False,True
563,4,Ob4.txt,58,0.28128499084585173,0.34488233696873183,0.19830359075219534,0.1465787462165365,0.25,1.2260957683224996,True,0.3916337929404442,0.11668886774792284,0.27494492519252134,0.15,1.3923024892396951,True,True,True
563,5,Ob5.txt,93,0.014031729831326757,0.041312265274082494,0.2196239906819177,-0.17831172540783521,0.775,2.9442032999987036,False,0.19538139210375932,0.1371472152537612,0.058234176849998126,0.35,13.92425555882337,True,False,True
563,6,Ob6.txt,112,0.23332990659445296,0.1782887914286,0.16581434404485362,0.012474447383746368,0.45,0.7641060420877849,False,0.15026179019205876,0.1703794837124747,-0.020117693520415925,0.625,0.643988558454388,False,False,False
563,7,Ob7.txt,33,0.301276321987284,0.5065549071590605,0.26664466390885405,0.23991024325020643,0.275,1.6813631546538885,True,0.1820537322558437,0.2655829391168667,-0.083529206861023,0.675,0.6042749428663288,False,False,True
563,8,Ob8.txt,84,0.3120936725721708,0.2756809416737223,0.150891111350401,0.1247898303233213,0.175,0.8833275580425998,True,0.4741781396707033,0.22981094731537227,0.24436719235533105,0.1,1.5193455726374938,True,True,True
563,9,Ob9.txt,37,0.6537365861592932,0.31778590520199995,0.18727695968366193,0.13050894551833803,0.225,0.4861069610146715,True,0.1227636268177307,0.2103134027970288,-0.08754977597929808,0.775,0.1877876034733926,False,False,True
563,10,Ob10.txt,36,0.07329359369363359,0.10330426361392994,0.21495950758406746,-0.11165524397013751,0.8,1.4094582951647947,False,0.24673700284447353,0.2624215723530421,-0.015684569508568558,0.525,3.366419770271212,False,False,False
563,11,Ob11.txt,119,0.05053281498608583,0.024276282546722594,0.18886729744822117,-0.16459101490149858,0.925,0.4804062974407234,False,0.009605061652235847,0.15413977620457048,-0.14453471455233463,0.975,0.19007572910554443,False,False,False
563,12,Ob12.txt,91,0.12954884263920396,0.2687163593077464,0.1442248455422117,0.12449151376553469,0.225,2.074247471713249,True,0.1265427404603088,0.1800077384610873,-0.0534649980007785,0.65,0.9767956076051778,False,False,True
563,13,Ob13.txt,102,0.12159465080885067,0.27266031095493054,0.25928103327990315,0.01337927767502739,0.225,2.242370936066573,False,0.35504909777481114,0.3499840238573997,0.005065073917411456,0.275,2.919940107669339,False,False,False
563,14,Ob14.txt,47,0.2639123528199673,0.38736644139126497,0.1682946910906684,0.21907175030059656,0.125,1.467784426352768,True,0.2225049505121659,0.23891218751793947,-0.016407237005773567,0.525,0.8431016893853082,False,False,True
563,15,Ob15.txt,96,0.11219110670640207,0.3854173634757942,0.29566613246040196,0.08975123101539223,0.3,3.4353646629443646,True,0.5347287737201533,0.08473098030849503,0.44999779341165824,0.05,4.766231383379691,True,True,True
563,16,Ob16.txt,84,0.21401122204323536,0.3809719900342394,0.19531728443304402,0.1856547056011954,0.15,1.7801495940118226,True,0.41895227100240784,0.15067695488307614,0.2682753161193317,0.025,1.9576182361024483,True,True,True
563,17,Ob17.txt,122,0.057560230275618185,0.003925702985841162,0.12131144953817453,-0.11738574655233337,1.0,0.06820165532770708,False,0.09095293584327913,0.13244181099210636,-0.04148887514882724,0.675,1.5801350239178193,False,False,False
563,18,Ob18.txt,103,0.22947835611009165,0.027553809084859493,0.0,0.027553809084859493,0.0,0.12007149411354778,False,0.018817406254604693,0.0,0.018817406254604693,0.0,0.08200078897888344,False,False,False
563,19,Ob19.txt,143,0.18961982688653478,0.04801744117021797,0.19859995505825168,-0.1505825138880337,0.825,0.25323006543482807,False,0.10028718224978947,0.15862068118637784,-0.058333498936588374,0.675,0.5288855279347955,False,False,False
564,1,Ob1.txt,28,0.938994077977021,0.32890142247751014,0.24099899297357186,0.08790242950393828,0.375,0.35026996462650645,False,0.6767804357154564,0.2527069184959081,0.42407351721954833,0.075,0.720750483510524,True,False,True
564,2,Ob2.txt,43,0.07205706087882008,0.12183037591550135,0.23895506327659963,-0.11712468736109828,0.75,1.6907486154672078,False,0.19753895797017013,0.23811917514411252,-0.04058021717394239,0.6,2.741424026472238,False,False,False
564,3,Ob3.txt,40,0.21216898831910896,0.2401763094187509,0.32165742242831497,-0.08148111300956407,0.675,1.1320047822329153,False,0.35602303507796484,0.35276513630190676,0.003257898776058088,0.5,1.6780163675121775,False,False,False
564,4,Ob4.txt,58,0.7410283012532428,0.5315605368877653,0.16252579361319908,0.3690347432745662,0.1,0.7173282531703294,True,0.7734651162882813,0.14380145159733998,0.6296636646909413,0.025,1.0437727074393524,True,True,True
564,5,Ob5.txt,93,0.5745285581953844,0.27970746759646803,0.16070574719157116,0.11900172040489687,0.15,0.486846934946175,True,0.4246177096348884,0.17618372905363425,0.24843398058125413,0.075,0.7390715458403467,True,True,True
564,6,Ob6.txt,112,0.19947061858909587,0.26976340191100223,0.20025423519006416,0.06950916672093807,0.375,1.3523966778621548,False,0.19058849934887973,0.22465416805302565,-0.03406566870414593,0.55,0.9554715411069483,False,False,False
564,7,Ob7.txt,33,0.3382117099795309,0.20514932197490554,0.2601576484772694,-0.05500832650236387,0.575,0.6065707245539237,False,0.08250100374095833,0.2443788236538065,-0.16187781991284816,0.825,0.24393301978205137,False,False,False
564,8,Ob8.txt,84,0.32244557944395,0.17237272679767124,0.17336337432594728,-0.0009906475282760452,0.5,0.5345792834093865,False,0.4547859554995868,0.21971599619459542,0.23506995930499136,0.1,1.410427013091185,True,False,True
564,9,Ob9.txt,37,0.9777389657319474,0.2740218781887599,0.30008892891645,-0.02606705072769011,0.55,0.28026077285732776,False,0.7728145950709098,0.27431730352951755,0.4984972915413922,0.1,0.790409937781677,True,False,True
564,10,Ob10.txt,36,0.2434428654452851,0.1495872779880718,0.16271353648012266,-0.013126258492050846,0.55,0.6144656476765479,False,0.48836513591877234,0.22373318936928327,0.26463194654948907,0.125,2.006077011234222,True,False,True
564,11,Ob11.txt,119,0.026354660254767737,0.0664200919368241,0.2424045130565614,-0.1759844211197373,0.775,2.5202408718134874,False,0.23490775752040596,0.18464907849421736,0.05025867902618861,0.35,8.913328999485378,True,False,True
564,12,Ob12.txt,91,0.18951207876191173,0.5977234582721518,0.21069612020092449,0.3870273380712273,0.025,3.1540124628313806,True,0.24459715835767495,0.16167702126777728,0.08292013708989768,0.375,1.2906679086401023,False,False,True
564,13,Ob13.txt,102,0.06826910550587525,0.07126408981182944,0.0,0.07126408981182944,0.025,1.0438702731456828,True,0.17379950330292002,0.0,0.17379950330292002,0.0,2.545800212483563,True,True,True
564,14,Ob14.txt,47,0.0832592877525935,0.06844590638915521,0.2958586500072846,-0.2274127436181294,0.925,0.8220813345478462,False,0.14345014528991828,0.31249563122266016,-0.16904548593274188,0.75,1.7229326500628137,False,False,False
564,15,Ob15.txt,96,0.2017364166627019,0.0750343016201076,0.13839129857089438,-0.06335699695078678,0.775,0.371942274287359,False,0.17723056594223566,0.19636033335192304,-0.019129767409687387,0.5,0.8785253990039915,False,False,False
564,16,Ob16.txt,84,0.015006310866910871,0.032426135557813096,0.19666688871513555,-0.16424075315732245,0.8,2.1608332551148988,False,0.07662620861919722,0.2687621521943172,-0.19213594357511998,0.85,5.1062655771152325,False,False,False
564,17,Ob17.txt,122,0.1745788521114633,0.3240647002095399,0.18846425031888286,0.13560044989065706,0.225,1.8562655000310946,True,0.5646836804908348,0.24052023266877995,0.32416344782205486,0.075,3.2345480203427015,True,True,True
564,18,Ob18.txt,103,0.6451410264650334,0.20709124878291735,0.0,0.20709124878291735,0.0,0.3210015179435216,True,0.28537118025167824,0.0,0.28537118025167824,0.0,0.4423392228135492,True,True,True
564,19,Ob19.txt,143,0.20753806096063415,0.09923980432697165,0.04393509091681269,0.055304713410158954,0.3,0.478176407101517,True,0.006277152380461712,0.08896476768825326,-0.08268761530779155,0.95,0.030245788899667725,False,False,True
565,1,Ob1.txt,28,0.417732749053409,0.3255117042717426,0.23292373516016257,0.09258796911158002,0.35,0.7792343430323785,True,0.007934409313458235,0.2063650032127272,-0.19843059389926895,0.975,0.018993984386998074,False,False,True
565,2,Ob2.txt,43,0.66660966848453,0.028263832361912378,0.24859256330827206,-0.22032873094635969,0.95,0.04239937357369472,False,0.4832183543866075,0.2434948157919995,0.239723538594608,0.2,0.7248895076561908,True,False,True
565,3,Ob3.txt,40,0.18750233264927235,0.3022946217892141,0.2535165950796525,0.048778026709561606,0.35,1.6122179256012965,True,0.05073641821117292,0.2666692649170779,-0.21593284670590496,0.85,0.270590864093817,False,False,True
565,4,Ob4.txt,58,0.3443905712281021,0.5589617938715802,0.2483956927530506,0.31056610111852956,0.15,1.6230461591277419,True,0.5594942318205527,0.3348937697013112,0.2246004621192415,0.175,1.6245921885299808,True,True,True
565,5,Ob5.txt,93,0.17275149023119193,0.18174118026049935,0.19844892302010927,-0.016707742759609928,0.525,1.0520382777438075,False,0.13506940681950041,0.2565877893382,-0.12151838251869956,0.7,0.7818711528261673,False,False,False
565,6,Ob6.txt,112,0.006815011620562972,0.23296599790254213,0.1806871540578056,0.05227884384473652,0.35,34.184240742834916,True,0.35737002860593475,0.20704739005654643,0.15032263854938832,0.225,52.43865285976039,True,True,True
565,7,Ob7.txt,33,0.6106322343256319,0.5825435414781551,0.21765583913357114,0.364887702344584,0.175,0.9540006385701252,True,0.5218573244175984,0.27949906096209276,0.2423582634555056,0.125,0.8546180418954226,True,True,True
565,8,Ob8.txt,84,0.3620715008054981,0.9943821931815826,0.21419782598939752,0.7801843671921851,0.0,2.7463696838038536,True,1.006370775961497,0.20570764267957317,0.8006631332819238,0.0,2.779480775820882,True,True,True
565,9,Ob9.txt,37,0.8475521374701024,0.3614117725440821,0.2950758746465264,0.06633589789755567,0.425,0.4264183364847345,False,0.249172215431744,0.26166061245452443,-0.012488397022780429,0.5,0.293990427745849,False,False,False
565,10,Ob10.txt,36,0.7863948226236364,0.3092993117371891,0.2338372047142073,0.07546210702298181,0.35,0.3933130061885184,True,0.35322111465819217,0.21719584373614553,0.13602527092204664,0.3,0.44916510701297124,True,True,True
565,11,Ob11.txt,119,0.19404738682963152,0.04813876202481296,0.18743458327117893,-0.13929582124636597,0.85,0.24807735270909637,False,0.10993464654966371,0.16535293267225837,-0.055418286122594654,0.6,0.5665350528331692,False,False,False
565,12,Ob12.txt,91,0.3309045378414719,0.5828465242205638,0.1669106837802556,0.41593584044030824,0.075,1.7613736215965434,True,0.3491529366761569,0.17949522302981716,0.16965771364633972,0.2,1.0551470189974468,True,True,True
565,13,Ob13.txt,102,0.3651687587852207,0.1580737650754216,0.0,0.1580737650754216,0.0,0.4328786657469649,True,0.33821717949053326,0.0,0.33821717949053326,0.0,0.9261941810566018,True,True,True
565,14,Ob14.txt,47,0.34384803780581025,0.43760507098196794,0.2130304372755547,0.22457463370641323,0.2,1.2726699671588861,True,0.29743663145322186,0.24386404860880012,0.053572582844421734,0.45,0.8650234951208317,False,False,True
565,15,Ob15.txt,96,0.348907730815862,0.0021253005511570333,0.16342721369743823,-0.1613019131462812,0.95,0.0060912968198995636,False,0.1299242047788029,0.18900001048788578,-0.059075805709082885,0.6,0.3723741072603837,False,False,False
565,16,Ob16.txt,84,0.08075302665815443,0.19778069053819183,0.12666223254766357,0.07111845799052827,0.3,2.449204676568243,True,0.059254255862474306,0.19163690767615263,-0.1323826518136783,0.875,0.7337713311144459,False,False,True
565,17,Ob17.txt,122,0.23453140009232243,0.6718316830293873,0.08999616382761408,0.5818355192017732,0.0,2.8645702996056106,True,0.6653956633823569,0.11097657344505268,0.5544190899373043,0.0,2.83712826137748,True,True,True
565,18,Ob18.txt,103,0.1312130640913097,0.4232640469002118,0.24887389425255152,0.17439015264766028,0.225,3.2257767153861074,True,0.24584075975667052,0.3669285815995778,-0.12108782184290728,0.55,1.8735997170647025,False,False,True
565,19,Ob19.txt,143,0.12291080212849155,0.008631383713675639,0.2220238135619176,-0.21339242984824197,0.975,0.07022477735237907,False,0.19799142988468926,0.16092372776663286,0.037067702118056406,0.275,1.610854590939111,True,False,True
566,1,Ob1.txt,28,0.17492702093988904,0.11430096620942397,0.1834457537283738,-0.06914478751894983,0.7,0.6534208700021349,False,0.08452297714675577,0.2924137468840307,-0.20789076973727494,0.85,0.4831899422548377,False,False,False
566,2,Ob2.txt,43,0.6554010236207333,0.4563997266694123,0.19881949335700622,0.2575802333124061,0.2,0.6963671251961931,True,0.48136624492812896,0.20307044093739726,0.2782958039907317,0.15,0.7344606242279619,True,True,True
566,3,Ob3.txt,40,0.6462068436519679,0.2800436656805957,0.2133627303110714,0.0666809353695243,0.425,0.4333653665720395,False,0.634790582787909,0.21250788515016694,0.42228269763774207,0.125,0.9823334262454709,True,False,True
566,4,Ob4.txt,58,0.3684820522800465,0.32868859838658204,0.2913011359139943,0.03738746247258773,0.425,0.8920070770143741,False,0.477230871048338,0.3578245305062096,0.1194063405421284,0.275,1.2951265009934387,True,False,True
566,5,Ob5.txt,93,0.18238642133391386,0.06957230263045924,0.2005139421531532,-0.13094163952269397,0.775,0.3814554949959019,False,0.006790421968411307,0.13225082156433887,-0.12546039959592756,0.975,0.037230962254472734,False,False,False
566,6,Ob6.txt,112,0.27661841540057364,0.16691357358005887,0.2586059252922546,-0.09169235171219575,0.6,0.60340730872292,False,0.2032523068159265,0.20135514937727844,0.001897157438648045,0.475,0.7347750384644312,False,False,False
566,7,Ob7.txt,33,0.11968238381063973,0.4256331416302812,0.3291345499600441,0.09649859167023711,0.35,3.5563558151023607,True,0.00034856503105584746,0.3160360531009584,-0.31568748806990254,1.0,0.0029124171825265746,False,False,True
566,8,Ob8.txt,84,0.23394143229710357,0.3791700274468816,0.21301186713405235,0.16615816031282926,0.2,1.6207903992198311,True,0.5137775759820271,0.23952066094455943,0.2742569150374677,0.175,2.196180347094456,True,True,True
566,9,Ob9.txt,37,0.33283861360543754,0.1871768589912911,0.2104764602832926,-0.02329960129200148,0.65,0.5623652164744902,False,0.21166275840819862,0.2659155611856139,-0.05425280277741526,0.65,0.6359320996905532,False,False,False
566,10,Ob10.txt,36,0.4095844255014416,0.11317987749209846,0.24349561453944515,-0.1303157370473467,0.825,0.27632856731194266,False,0.21919695810645978,0.24182621590931624,-0.02262925780285646,0.625,0.5351691726024584,False,False,False
566,11,Ob11.txt,119,0.11966341051085438,0.014266039772948547,0.1767747114272225,-0.16250867165427396,0.975,0.11921806099329342,False,0.11928629291725995,0.16402504419153624,-0.04473875127427629,0.65,0.9968485137438046,False,False,False
566,12,Ob12.txt,91,0.35754278548240115,0.4738510496244703,0.23487627750016665,0.23897477212430362,0.2,1.3252988701342263,True,0.4760870603783247,0.16350817322122208,0.31257888715710264,0.025,1.3315526972135157,True,True,True
566,13,Ob13.txt,102,0.053124021544674674,0.3235028125868592,0.0,0.3235028125868592,0.0,6.089576865238061,True,0.5570437478275152,0.0,0.5570437478275152,0.0,10.485722496725309,True,True,True
566,14,Ob14.txt,47,0.2720632881963916,0.7265272931693916,0.19163341348222646,0.5348938796871652,0.05,2.6704348755975507,True,0.3603111973078768,0.21332449350502175,0.14698670380285506,0.275,1.3243653698979871,True,True,True
566,15,Ob15.txt,96,0.04625888338616263,0.7038984831894062,0.22686002676046257,0.4770384564289436,0.0,15.216503980724328,True,0.6306891167732966,0.12797930333606333,0.5027098134372333,0.075,13.633902736224584,True,True,True
566,16,Ob16.txt,84,0.1638642671544538,0.060923335497309966,0.32186858625535425,-0.2609452507580443,0.9,0.3717914622587325,False,0.098228515356125,0.29269357900721077,-0.19446506365108576,0.825,0.5994504907133756,False,False,False
566,17,Ob17.txt,122,0.034431780203241405,0.4067007131328314,0.171400144688474,0.2353005684443574,0.125,11.811782914859123,True,0.7107277851138947,0.1891874176321256,0.5215403674817691,0.0,20.641621807488967,True,True,True
566,18,Ob18.txt,103,0.1906840652380392,0.06750369110294316,0.0,0.06750369110294316,0.4,0.3540080342774073,False,0.33268902143798507,0.0,0.33268902143798507,0.2,1.744713282794107,True,False,True
566,19,Ob19.txt,143,0.05617916488523775,0.02795618135850053,0.0760230674448863,-0.04806688608638576,0.775,0.49762543490294214,False,0.04727288255246833,0.1780910735877108,-0.13081819103524248,0.825,0.8414664520029252,False,False,False
567,1,Ob1.txt,28,0.45165693891803155,0.4339284418934934,0.22682664208373302,0.20710179980976037,0.15,0.9607478696839957,True,0.28007622597984905,0.29970378079067905,-0.019627554810830006,0.5,0.6201083208215215,False,False,True
567,2,Ob2.txt,43,0.030763481744248894,0.0860923692461118,0.2537519507265838,-0.167659581480472,0.875,2.7985248861568284,False,0.11254562054399203,0.30624128659293304,-0.193695666048941,0.775,3.6584162182823134,False,False,False
567,3,Ob3.txt,40,0.7448894181795922,0.33821954672554,0.25660184816899234,0.08161769855654766,0.4,0.4540533647962167,False,0.3877486077211103,0.3774640433372568,0.0102845643838535,0.475,0.5205451953777446,False,False,False
567,4,Ob4.txt,58,0.46589062710808377,0.36954656598051233,0.1846550475449828,0.18489151843552953,0.125,0.7932045516227563,True,0.24432643381471736,0.24206855653005677,0.002257877284660592,0.5,0.5244287384172576,False,False,True
567,5,Ob5.txt,93,0.03457619874530532,0.11665510022619682,0.20346646924050818,-0.08681136901431136,0.6,3.3738555555369136,False,0.11729609809411344,0.22192315592582998,-0.10462705783171654,0.65,3.392394258204559,False,False,False
567,6,Ob6.txt,112,0.8783577875306506,0.21549637579109487,0.2605767153501468,-0.04508033955905194,0.525,0.24534008675089597,False,0.2922540252471527,0.20597103057105529,0.08628299467609743,0.375,0.3327277669715593,False,False,False
567,7,Ob7.txt,33,0.026449472229230067,0.01281563457898971,0.3339841733229498,-0.32116853874396006,0.975,0.4845327146008904,False,0.11727216479666412,0.2909724853681643,-0.17370032057150014,0.8,4.433818708377224,False,False,False
567,8,Ob8.txt,84,0.10665577594843906,0.4339280313322277,0.2236574043777072,0.21027062695452048,0.2,4.068490688605584,True,0.11915641177619204,0.20078765930475695,-0.0816312475285649,0.8,1.117205427615999,False,False,True
567,9,Ob9.txt,37,0.6869631535544818,0.22766003493796763,0.2531353764905809,-0.025475341552613245,0.575,0.3314006490159044,False,0.21799282173594886,0.3328246034165424,-0.11483178168059355,0.65,0.31732825932222325,False,False,False
567,10,Ob10.txt,36,0.6851481611648705,0.21220592259225415,0.18984374852562802,0.022362174066626134,0.5,0.3097226769629905,False,0.013733107286560298,0.2493794580566304,-0.2356463507700701,1.0,0.020043996415624377,False,False,False
567,11,Ob11.txt,119,0.6383787701859773,0.25831738303107094,0.1960042635650301,0.062313119466040845,0.35,0.4046459486048008,True,0.44238301814005593,0.13353779442247388,0.30884522371758205,0.05,0.6929789003026802,True,True,True
567,12,Ob12.txt,91,0.40296971425882455,0.3929100488818307,0.16459579866733803,0.22831425021449264,0.125,0.9750361751242362,True,0.07432071465067033,0.12585916602870056,-0.05153845137803023,0.675,0.184432507012015,False,False,True
567,13,Ob13.txt,102,0.17617445047426694,0.0874122104325949,0.1559703912148585,-0.06855818078226361,0.675,0.49616848639106625,False,0.015202419753371638,0.1439948594369344,-0.12879243968356277,0.975,0.08629185283363316,False,False,False
567,14,Ob14.txt,47,0.6078451467319854,0.2439916761580889,0.24963723848770653,-0.005645562329617632,0.5,0.40140433376803963,False,0.15979498271087494,0.207524610254223,-0.04772962754334806,0.6,0.26288765085975535,False,False,False
567,15,Ob15.txt,96,0.18066788206741294,0.15002025617023768,0.20480800050560852,-0.05478774433537084,0.7,0.8303648354844849,False,0.20505243755892372,0.3066345871726975,-0.10158214961377376,0.625,1.1349689563660912,False,False,False
567,16,Ob16.txt,84,0.5240573177260921,0.36135166226561644,0.07777757343310618,0.28357408883251023,0.075,0.6895269850128938,True,0.01992549915514416,0.15028857328656925,-0.1303630741314251,0.875,0.03802160275445019,False,False,True
567,17,Ob17.txt,122,0.2500786689416429,0.10287292261622272,0.17311172879339834,-0.07023880617717562,0.775,0.41136224473519023,False,0.14047677125522712,0.18589463794476233,-0.04541786668953521,0.575,0.5617303221011948,False,False,False
567,18,Ob18.txt,103,0.1490087700251742,0.25323263857008466,0.0,0.25323263857008466,0.0,1.699447881673692,True,0.3719600133630686,0.0,0.3719600133630686,0.0,2.496229002495813,True,True,True
567,19,Ob19.txt,143,0.2221348622974219,0.11253862150370392,0.09355497257411756,0.018983648929586358,0.425,0.5066229602133462,False,0.051379838146544204,0.06452455791225317,-0.013144719765708968,0.6,0.23130020031592546,False,False,False
568,1,Ob1.txt,28,0.5062145728901669,0.11128771071875078,0.23242224841859688,-0.1211345376998461,0.725,0.21984296122367225,False,0.07483189591249227,0.22453603647117631,-0.14970414055868403,0.775,0.1478264355078701,False,False,False
568,2,Ob2.txt,43,0.2402399747203655,0.21536257479981236,0.19643649415467548,0.018926080645136872,0.45,0.8964477083819629,False,0.21221658638465365,0.24060533820428365,-0.028388751819629993,0.575,0.8833525171307127,False,False,False
568,3,Ob3.txt,40,0.6862397214944621,0.30432302094681063,0.24944997661728247,0.054873044329528164,0.45,0.44346459613860534,False,0.3583702714432519,0.3335039436087932,0.02486632783445869,0.45,0.5222231535400037,False,False,False
568,4,Ob4.txt,58,0.19062821630008597,0.11969342052623871,0.2787278900192749,-0.15903446949303618,0.65,0.6278893169614405,False,0.021149776203991166,0.22354349961981937,-0.2023937234158282,0.925,0.11094777370574195,False,False,False
568,5,Ob5.txt,93,0.12673811452877573,0.11725565079884104,0.15358461891898406,-0.036328968120143024,0.75,0.9251806469964352,False,0.30718187996916546,0.17197783613499376,0.1352040438341717,0.25,2.4237529579108594,True,False,True
568,6,Ob6.txt,112,0.29179661305764937,0.16658089876852944,0.14158593453591023,0.02499496423261921,0.375,0.5708801655474273,False,0.2362179522371719,0.22493090428316653,0.01128704795400537,0.45,0.8095294519080077,False,False,False
568,7,Ob7.txt,33,0.5556658589076026,0.4387079908349044,0.2923093426466564,0.146398648188248,0.275,0.7895176279092825,True,0.31123709518455706,0.3164238323511272,-0.005186737166570143,0.5,0.5601155626088417,False,False,True
568,8,Ob8.txt,84,0.3225364084624179,0.47844737993201464,0.16738971363576277,0.31105766629625187,0.1,1.483390300688375,True,0.44268514866615993,0.22014969411671279,0.22253545454944715,0.175,1.3725121786297247,True,True,True
568,9,Ob9.txt,37,0.2450294372523027,0.14362709703664342,0.19237520496169547,-0.04874810792505205,0.6,0.5861626204885456,False,0.36011317339588045,0.19736981704212278,0.16274335635375767,0.225,1.4696731030936416,True,False,True
568,10,Ob10.txt,36,0.5487347611141096,0.0520159945964018,0.24171869937461699,-0.1897027047782152,0.9,0.0947925997813451,False,0.30750029902874265,0.2731120427767678,0.034388256251974836,0.4,0.5603805714885226,False,False,False
568,11,Ob11.txt,119,0.1629981256109435,0.13904957875487725,0.13480422493659427,0.004245353818282976,0.5,0.8530747101152041,False,0.17823945689443688,0.19230067225910985,-0.014061215364672974,0.525,1.093506175156103,False,False,False
568,12,Ob12.txt,91,0.18039336430231362,0.1921333217586082,0.19288954592022306,-0.0007562241616148602,0.5,1.0650797633366385,False,0.27479967942276745,0.2795102221265864,-0.004710542703818932,0.5,1.5233358526549916,False,False,False
568,13,Ob13.txt,102,0.12286691080398174,0.32717220682601467,0.20262423527354978,0.12454797155246489,0.3,2.662817878997345,True,0.2192773378003503,0.19740258758945323,0.021874750210897076,0.4,1.7846736470015017,False,False,True
568,14,Ob14.txt,47,0.8947260757187315,0.2954543331207104,0.207494132358443,0.0879602007622674,0.375,0.33021763994457476,False,0.27686907420341794,0.2591264674033429,0.017742606800075056,0.4,0.30944563002817327,False,False,False
568,15,Ob15.txt,96,0.05324588718448932,0.2360745908930407,0.1424790463408727,0.09359554455216801,0.3,4.433668089238072,True,0.22201735254548186,0.18373411232264444,0.03828324022283741,0.425,4.169662001803515,False,False,True
568,16,Ob16.txt,84,0.568997045711074,0.3249318944609002,0.23755040416499468,0.08738149029590553,0.4,0.5710607759919627,False,0.3368995858179375,0.24364617654538628,0.09325340927255121,0.3,0.5920937346817241,True,False,True
568,17,Ob17.txt,122,0.22595120532670876,0.4393426081151979,0.2199827640247499,0.21935984409044798,0.075,1.9444136510798466,True,0.3057425114701381,0.1954939826368438,0.11024852883329428,0.2,1.3531351206029505,True,True,True
568,18,Ob18.txt,103,0.3562558904304987,0.2729572232706807,0.11263556839187244,0.16032165487880828,0.3,0.766183045958454,True,0.3592708801856569,0.09324775025130916,0.26602312993434774,0.3,1.0084629892056378,True,True,True
568,19,Ob19.txt,143,0.02616746263158949,0.07679783627027206,0.09515937909639838,-0.018361542826126315,0.6,2.9348598812007602,False,0.04400701771858875,0.11701899131671423,-0.07301197359812547,0.75,1.6817456983950465,False,False,False
569,1,Ob1.txt,28,0.06160001594710249,0.3551481825746045,0.22159578077264183,0.13355240180196268,0.25,5.765391081709773,True,0.21168082468020125,0.24334468939433637,-0.031663864714135126,0.575,3.436376134414916,False,False,True
569,2,Ob2.txt,43,0.0072982367221406524,0.11444966458608508,0.17181253441537403,-0.057362869829288954,0.65,15.681824109497471,False,0.014509358052130897,0.20182794834660917,-0.18731859029447828,0.95,1.9880635014364325,False,False,False
569,3,Ob3.txt,40,0.1889972292023146,0.31290032558239605,0.24475875964973495,0.0681415659326611,0.325,1.6555815495445583,True,0.22943382387448708,0.23628004525625956,-0.006846221381772488,0.5,1.2139533729824503,False,False,True
569,4,Ob4.txt,58,0.3860209816426405,0.4467030476717923,0.21124077758313753,0.23546227008865478,0.05,1.1571988801513602,True,0.3642363461158131,0.2541902096406979,0.11004613647511524,0.275,0.9435661879462435,True,True,True
569,5,Ob5.txt,93,0.2855407249934664,0.4351289734474051,0.23972499511895187,0.19540397832845322,0.225,1.5238771052968416,True,0.35767051357819996,0.21061281047234903,0.14705770310585092,0.35,1.252607709763236,True,True,True
569,6,Ob6.txt,112,0.0031527557908674897,0.1117610076391827,0.16435441748194296,-0.05259340984276026,0.7,35.4486725432138,False,0.010606074404154231,0.15083406638724667,-0.14022799198309244,1.0,3.3640646810883945,False,False,False
569,7,Ob7.txt,33,0.3921517150739311,0.4225694206167997,0.2362864467918143,0.1862829738249854,0.225,1.0775661673113786,True,0.06082855768422174,0.3928774502639893,-0.33204889257976755,0.925,0.15511485821948764,False,False,True
569,8,Ob8.txt,84,0.10630587361358393,0.2545728493650121,0.23330843809688986,0.021264411268122257,0.4,2.394720448753101,False,0.149329369669951,0.2976667226702604,-0.1483373530003094,0.8,1.4047141949348456,False,False,False
569,9,Ob9.txt,37,0.11662963852677,0.013665715406568787,0.2781190107376624,-0.2644532953310936,0.95,0.11717189197522974,False,0.4360641266686333,0.2730453411655477,0.16301878550308563,0.275,3.7388791749409696,True,False,True
569,10,Ob10.txt,36,0.19745539713287952,0.3610703984263296,0.33288644725115063,0.028183951175178967,0.375,1.828617519040737,False,0.021368911913072303,0.24139844739817135,-0.22002953548509904,0.975,0.10822146278783094,False,False,False
569,11,Ob11.txt,119,0.1314114744132269,0.013171618676685138,0.2185786967937542,-0.20540707811706904,0.95,0.10023187651990442,False,0.5658627921262994,0.176366883673349,0.38949590845295046,0.05,4.306037921368485,True,False,True
569,12,Ob12.txt,91,0.1289421711105546,0.5049398867329642,0.2250243668108168,0.27991551992214736,0.125,3.916018183841735,True,0.4333164631802845,0.17265778841191914,0.26065867476836535,0.125,3.360548837112107,True,True,True
569,13,Ob13.txt,102,0.39032141660472003,0.30178767729876266,0.12411777045922716,0.17766990683953549,0.2,0.773177346823334,True,0.16025785559974437,0.1921418946840891,-0.03188403908434473,0.55,0.410579201607167,False,False,True
569,14,Ob14.txt,47,0.14291984440322214,0.6114653985214559,0.249073612970918,0.36239178555053786,0.1,4.2783799623817,True,0.5114082168105036,0.35586783698396474,0.1555403798265389,0.25,3.578286968796713,True,True,True
569,15,Ob15.txt,96,0.5678024023179041,0.5024312149435389,0.1802411058979694,0.32219010904556955,0.0,0.8848698295260736,True,0.3463185149635797,0.2748574032392739,0.0714611117243058,0.3,0.6099278790470511,True,True,True
569,16,Ob16.txt,84,0.24040105567329992,0.15382634827713842,0.21449314551963933,-0.0606667972425009,0.7,0.639873846836119,False,0.26038173242167995,0.23881171166560833,0.021570020756071617,0.375,1.0831139309784619,False,False,False
569,17,Ob17.txt,122,0.006381603454858012,0.22616134859913184,0.18236675478402734,0.043794593815104504,0.375,35.43958038116047,False,0.12062116815372982,0.17469659713870023,-0.054075428984970406,0.625,18.901388813481766,False,False,False
569,18,Ob18.txt,103,0.15850533422569835,0.11818213106122799,0.6582971023486628,-0.5401149712874348,0.725,0.7456034942833313,False,0.08767760018098647,0.42607319088420337,-0.3383955907032169,0.7,0.553152363037454,False,False,False
569,19,Ob19.txt,143,0.02765181349273718,0.1718099609281602,0.13049720355199204,0.04131275737616816,0.35,6.213334289025438,True,0.20812448844798234,0.07855384148981984,0.1295706469581625,0.225,7.52661262172359,True,True,True
570,1,Ob1.txt,28,0.10606119982079243,0.348108359034939,0.21071235983869038,0.1373959991962486,0.275,3.2821461535709986,True,0.5381073461531756,0.2452708592651313,0.29283648688804426,0.125,5.07355514610805,True,True,True
570,2,Ob2.txt,43,0.66689600866953,0.36145341383753904,0.2937226537741903,0.06773076006334872,0.375,0.5419936678863101,False,0.29534049714810284,0.22203264601093817,0.07330785113716468,0.375,0.44285839667463694,False,False,False
570,3,Ob3.txt,40,0.40393134155667954,0.7618886130099554,0.2428889145488636,0.5189996984610917,0.025,1.8861834540339757,True,0.25785466267532087,0.23287429139187452,0.02498037128344635,0.425,0.6383626031136749,False,False,True
570,4,Ob4.txt,58,0.1068437813061189,0.027621947355274304,0.18858522369268496,-0.16096327633741064,0.925,0.25852648621761576,False,0.24161684749385517,0.2586601315668742,-0.017043284073019,0.525,2.261402999221798,False,False,False
570,5,Ob5.txt,93,0.3406030450627846,0.059334548185308145,0.16676998853195854,-0.1074354403466504,0.775,0.17420439730470053,False,0.23586799036731837,0.16537202357296255,0.07049596679435582,0.275,0.6925011205458834,True,False,True
570,6,Ob6.txt,112,0.1053900315054987,0.0525415176454232,0.18365745887015839,-0.1311159412247352,0.8,0.49854352347054626,False,0.018725341400005147,0.15643317112275523,-0.13770782972275009,0.975,0.17767658983030246,False,False,False
570,7,Ob7.txt,33,0.7866862234734222,0.7899977710236817,0.2548467549892133,0.5351510160344685,0.0,1.0042094896941733,True,0.20532521832398032,0.2687057273099167,-0.06338050898593639,0.675,0.2610001449083684,False,False,True
570,8,Ob8.txt,84,0.11103071750042506,0.5396408123206868,0.13581147895480827,0.40382933336587856,0.075,4.860283932855076,True,0.3399102531829348,0.3027383659032036,0.0371718872797312,0.45,3.0614073369527985,False,False,True
570,9,Ob9.txt,37,0.750511508249081,0.14915183577987534,0.4268586982422603,-0.27770686246238496,0.85,0.19873357588858528,False,0.16657125064543787,0.39639909927317546,-0.22982784862773759,0.725,0.22194363286186405,False,False,False
570,10,Ob10.txt,36,0.35270330963819485,0.26881090322993656,0.24217611443304732,0.02663478879688924,0.475,0.7621445443925218,False,0.07712432544778956,0.29222337885770455,-0.21509905340991498,0.85,0.21866629356811013,False,False,False
570,11,Ob11.txt,119,0.14563830139749354,0.4255629133448332,0.25272921312001206,0.17283370022482114,0.15,2.9220535344156193,True,0.5428953680205267,0.22531465812174928,0.31758070989877746,0.15,3.7276963739009252,True,True,True
570,12,Ob12.txt,91,0.14349433794205707,0.07146332671306072,0.21998366361606808,-0.14852033690300737,0.7,0.4980219271224316,False,0.13719389860214048,0.3659899381529581,-0.22879603955081762,0.75,0.9560927669323044,False,False,False
570,13,Ob13.txt,102,0.15681448354400124,0.09969207781872037,0.0,0.09969207781872037,0.0,0.6357325902919378,True,0.12903604559509532,0.0,0.12903604559509532,0.0,0.8228579572427603,True,True,True
570,14,Ob14.txt,47,0.2653506596868329,0.04128891532629311,0.21304523227170769,-0.17175631694541457,0.925,0.15560132910550262,False,0.010898050293888434,0.3503533678752213,-0.33945531758133285,0.975,0.041070371962708976,False,False,False
570,15,Ob15.txt,96,0.0019434648421039341,0.050584153610186894,0.24170118039234517,-0.19111702678215828,0.925,26.02782026940404,False,0.20651871999545435,0.23180298579399158,-0.025284265798537237,0.5,106.26316232810451,False,False,False
570,16,Ob16.txt,84,0.13904715986869853,0.012733700210819154,0.223889075150624,-0.21115537493980485,0.925,0.09157828338848141,False,0.06541735083054262,0.22897799512765538,-0.16356064429711276,0.775,0.47046880275955194,False,False,False
570,17,Ob17.txt,122,0.14120572843471563,0.3414204363486677,0.1538828138466517,0.187537622502016,0.25,2.4178936657411767,True,0.09506912603659035,0.13410674423181565,-0.039037618195225304,0.575,0.6732667795453082,False,False,True
570,18,Ob18.txt,103,0.23867514363181572,0.4574519608548566,0.0,0.4574519608548566,0.0,1.9166300851190843,True,0.20218872424395465,0.0,0.20218872424395465,0.025,0.8471293707729128,True,True,True
570,19,Ob19.txt,143,0.5909168205937987,0.6738737270709543,0.13844583018718523,0.535427896883769,0.0,1.1403867745612557,True,0.48517720348147014,0.050752992862655874,0.43442421061881425,0.025,0.82105837331543,True,True,True
571,1,Ob1.txt,28,1.1561405133056033,0.604988247360086,0.19135588319370092,0.41363236416638516,0.05,0.5232826290554607,True,0.6357729885397567,0.19592624444478932,0.4398467440949674,0.1,0.5499097914335457,True,True,True
571,2,Ob2.txt,43,0.35856272761650915,0.2198569423453973,0.2571985676614684,-0.03734162531607113,0.575,0.6131617299066824,False,0.15109164932944413,0.3136860313762626,-0.16259438204681848,0.7,0.4213813586643619,False,False,False
571,3,Ob3.txt,40,0.5736110446070545,0.3546247308443924,0.38391159177821554,-0.029286860933823156,0.525,0.6182320479678419,False,0.41417079804967544,0.29937300622551993,0.1147977918241555,0.375,0.722041184429073,False,False,False
571,4,Ob4.txt,58,0.019835869854083275,0.10392778877328414,0.16155852035819002,-0.05763073158490588,0.65,5.239386502220384,False,0.3514831362815885,0.23552697328753086,0.11595616299405764,0.25,17.719572616031993,True,False,True
571,5,Ob5.txt,93,0.027053500991563333,0.041230469119530044,0.19068855756380437,-0.14945808844427433,0.875,1.5240345097068144,False,0.05586029541018678,0.11245721844067923,-0.05659692303049245,0.775,2.0648083746206036,False,False,False
571,6,Ob6.txt,112,0.08305915481395015,0.049273980400681566,0.17288047051106686,-0.1236064901103853,0.825,0.5932396074948475,False,0.15517602803970187,0.16884455094735673,-0.013668522907654856,0.55,1.8682591748891644,False,False,False
571,7,Ob7.txt,33,0.19495452650880143,0.6570358532626599,0.18082648736923046,0.47620936589342944,0.05,3.3702005540917632,True,1.0366421226019333,0.26343544884000913,0.7732066737619242,0.025,5.317353442189161,True,True,True
571,8,Ob8.txt,84,0.31370600491993605,0.36372416298834304,0.2213279343749202,0.14239622861342283,0.175,1.159442781725433,True,0.1976864331831536,0.20352435236414618,-0.005837919180992579,0.525,0.6301646448674358,False,False,True
571,9,Ob9.txt,37,0.6025743885989545,0.3245010199328888,0.3827135068981399,-0.058212486965251053,0.625,0.5385244146990482,False,0.20292436250603663,0.28935521958229243,-0.08643085707625581,0.625,0.3367623422858313,False,False,False
571,10,Ob10.txt,36,0.5141465419001304,0.33971161634851377,0.17474466375011027,0.1649669525984035,0.25,0.6607291670056599,True,0.11869325923135328,0.20783866465313802,-0.08914540542178474,0.725,0.2308549208416317,False,False,True
571,11,Ob11.txt,119,0.4277605733884826,0.6902546771671101,0.22320483688339274,0.4670498402837173,0.0,1.6136472599596883,True,0.42392469837214863,0.22548707733119022,0.1984376210409584,0.2,0.9910326587933331,True,True,True
571,12,Ob12.txt,91,0.3996917431462411,0.8504792849773111,0.22223701518840572,0.6282422697889054,0.025,2.127838014072094,True,0.6345565330921247,0.16243632579822104,0.47212020729390364,0.025,1.5876148156004066,True,True,True
571,13,Ob13.txt,102,0.14729436218636635,0.04577552592549952,0.0,0.04577552592549952,0.0,0.31077581820532524,True,0.17439666985860036,0.0,0.17439666985860036,0.1,1.1840009846265698,True,True,True
571,14,Ob14.txt,47,0.011499832065029386,0.5931496249397534,0.18732551537663533,0.4058241095631181,0.05,51.57898146560784,True,0.5340209046731126,0.23064849312812047,0.3033724115449921,0.125,46.43727853183637,True,True,True
571,15,Ob15.txt,96,0.02127753743350952,0.03934077842859422,0.18746087048896534,-0.14812009206037113,0.925,1.8489347534474223,False,0.005332335166487234,0.09576131457254071,-0.09042897940605348,0.875,0.25060866104220586,False,False,False
571,16,Ob16.txt,84,0.15191621857824203,0.1689830157305437,0.22996668740897253,-0.06098367167842883,0.625,1.11234348321744,False,0.3334040331492587,0.21366884908451203,0.11973518406474667,0.2,2.194657267469729,True,False,True
571,17,Ob17.txt,122,0.24032396072244067,0.05579515093357659,0.15048082042114505,-0.09468566948756846,0.825,0.23216640890009527,False,0.16274496707443686,0.14680858220120702,0.015936384873229847,0.45,0.6771899338925979,False,False,False
571,18,Ob18.txt,103,0.20569872370355496,0.2861301091624142,0.0009817412434053041,0.2851483679190089,0.15,1.3910154813346038,True,0.14302948967543522,0.043891266399121,0.09913822327631422,0.15,0.6953348426291831,True,True,True
571,19,Ob19.txt,143,0.057836278249043,0.28504834790656713,0.1891269685380443,0.09592137936852282,0.325,4.928538912534258,True,0.1888007146313619,0.2030156018180822,-0.014214887186720315,0.525,3.2643994452476015,False,False,True
572,1,Ob1.txt,28,0.22050319187079737,0.18096009015224634,0.2522363840931229,-0.07127629394087653,0.675,0.8206688012855565,False,0.27265560153830104,0.2063913926702387,0.06626420886806234,0.4,1.2365154410012444,False,False,False
572,2,Ob2.txt,43,0.2794384352067504,0.2525698343749371,0.1982329478935011,0.054336886481435975,0.375,0.9038478697036296,False,0.007244322539313938,0.20667429937319173,-0.1994299768338778,0.95,0.02592457452731591,False,False,False
572,3,Ob3.txt,40,0.7100013673140291,0.13942886148090283,0.2850037332258065,-0.1455748717449037,0.7,0.19637829995788492,False,0.4754683357108604,0.3249842275602586,0.15048410815060181,0.275,0.6696724226174113,True,False,True
572,4,Ob4.txt,58,0.42049166349994493,0.9352716921328306,0.1367029704267235,0.798568721706107,0.0,2.2242336134517755,True,0.9561640732520272,0.20734179255331672,0.7488222806987105,0.0,2.273919214696042,True,True,True
572,5,Ob5.txt,93,0.04699828211676477,0.5961851236177977,0.18597367417770583,0.4102114494400919,0.05,12.685253519194745,True,0.6390527625262323,0.20459370959364154,0.4344590529325908,0.0,13.59736428107179,True,True,True
572,6,Ob6.txt,112,0.22391694359511835,0.46005989330274705,0.2210450760883501,0.23901481721439694,0.075,2.054600629663011,True,0.5836761118704825,0.23748571723246467,0.3461903946380178,0.025,2.6066634462726177,True,True,True
572,7,Ob7.txt,33,0.09069952326935277,0.14508114497678684,0.29145202817610105,-0.1463708831993142,0.75,1.5995800170408343,False,0.2610310361793719,0.326695318670751,-0.06566428249137912,0.6,2.8779758346047877,False,False,False
572,8,Ob8.txt,84,0.4439754540478976,0.45810361245497117,0.20820285596309276,0.2499007564918784,0.1,1.031821935826095,True,0.49288293177616394,0.24256420912432725,0.2503187226518367,0.125,1.1101580668083286,True,True,True
572,9,Ob9.txt,37,0.841368616937497,0.47976380489297166,0.22118765006231778,0.2585761548306539,0.175,0.5702183267059175,True,0.7909612231826002,0.2837466810042971,0.5072145421783031,0.125,0.940088811562315,True,True,True
572,10,Ob10.txt,36,0.3659010455087201,0.05811079016217739,0.307914877380125,-0.2498040872179476,0.875,0.15881558928421402,False,0.1745943854870397,0.21172127958568449,-0.03712689409864478,0.55,0.47716284943733184,False,False,False
572,11,Ob11.txt,119,0.00976730890739927,0.030426026079891227,0.20601440296412352,-0.1755883768842323,0.925,3.1150879293724247,False,0.25599787841214616,0.197403769856686,0.058594108555460156,0.4,26.209663361646502,False,False,False
572,12,Ob12.txt,91,0.1329324053654827,0.36911539120044135,0.22186928503187706,0.1472461061685643,0.25,2.776714903981464,True,0.33764417616010656,0.17633387431022496,0.1613103018498816,0.25,2.5399689054884087,True,True,True
572,13,Ob13.txt,102,0.5204814402907619,0.47023969108863917,0.0,0.47023969108863917,0.0,0.9034706229408378,True,0.44821576214105724,0.0,0.44821576214105724,0.0,0.8611560901973101,True,True,True
572,14,Ob14.txt,47,0.7599817970167517,0.8848252916020712,0.27687520256311016,0.6079500890389611,0.0,1.16427169055283,True,0.751374055818863,0.245121607260478,0.506252448558385,0.05,0.9886737534613621,True,True,True
572,15,Ob15.txt,96,0.6038582692609964,0.7032667726495618,0.0764289762523987,0.6268377963971632,0.0,1.1646222440742955,True,0.554568435732979,0.129741111728008,0.424827324004971,0.0,0.9183751617936134,True,True,True
572,16,Ob16.txt,84,0.5688948147769746,0.07246027876327335,0.23082447692258873,-0.15836419815931538,0.8,0.1273702569985282,False,0.13064983453349158,0.16827799725949574,-0.037628162726004166,0.55,0.22965552003617856,False,False,False
572,17,Ob17.txt,122,0.08665314771272392,0.16592744176990665,0.16693135190741942,-0.0010039101375127757,0.5,1.914846097916675,False,0.2756574741976564,0.1815101644723761,0.09414730972528029,0.25,3.181159386287125,True,False,True
572,18,Ob18.txt,103,0.12615302037510004,0.1675942162082599,0.23413544867698022,-0.06654123246872032,0.55,1.3284994343372811,False,0.04340403091856296,0.0684172580067548,-0.02501322708819184,0.65,0.3440585947883496,False,False,False
572,19,Ob19.txt,143,0.35485274992494636,0.02584580032116221,0.16006846309372974,-0.13422266277256753,0.9,0.0728352825971583,False,0.12217983805073657,0.08569694932029119,0.036482888730445376,0.3,0.3443113744407459,True,False,True
573,1,Ob1.txt,28,0.018971992945225447,0.04404801008489079,0.3086843884341969,-0.2646363783493061,0.825,2.3217386919794345,False,0.26600644075487334,0.3538916193071039,-0.08788517855223055,0.65,14.021006729386192,False,False,False
573,2,Ob2.txt,43,0.40834633666641157,0.6952881012019759,0.2072119817660349,0.48807611943594104,0.025,1.7026921482339006,True,0.8297419432902681,0.22926084553282006,0.600481097757448,0.0,2.031956378166569,True,True,True
573,3,Ob3.txt,40,0.8271576081953782,0.6665087995371984,0.1576237218689258,0.5088850776682726,0.025,0.8057821060140284,True,0.9244171541146429,0.1683979128951556,0.7560192412194873,0.0,1.1175828463108224,True,True,True
573,4,Ob4.txt,58,0.21958152434008266,0.018197185250387493,0.24336875395996824,-0.22517156870958074,0.9,0.08287211460561739,False,0.23112659687864529,0.3133726744481432,-0.08224607756949792,0.625,1.0525776135913962,False,False,False
573,5,Ob5.txt,93,0.0336907594455213,0.3837779350641706,0.20523510988542937,0.17854282517874126,0.125,11.391192759686762,True,0.16673839108088168,0.21944393164984,-0.05270554056895832,0.6,4.949083779203652,False,False,True
573,6,Ob6.txt,112,0.30532371622050936,0.15208520438108059,0.16564263029149384,-0.013557425910413257,0.55,0.4981113365960814,False,0.03967010323275566,0.19116569442796175,-0.1514955911952061,0.925,0.12992801123940637,False,False,False
573,7,Ob7.txt,33,0.1819305277155991,0.16763164287979765,0.37483431635023434,-0.2072026734704367,0.75,0.9214046976318674,False,0.226674015634592,0.2142743435289953,0.012399672105596699,0.475,1.245937218348191,False,False,False
573,8,Ob8.txt,84,0.32179776313041575,0.14473396820171275,0.21179116050939586,-0.06705719230768312,0.7,0.4497668560332909,False,0.16812171360739686,0.1522903193106025,0.015831394296794365,0.45,0.5224452524838147,False,False,False
573,9,Ob9.txt,37,0.14634921511292442,0.8261461219791628,0.3303151110761191,0.4958310109030437,0.0,5.645032816484194,True,0.8135775372374595,0.2437600549058033,0.5698174823316562,0.0,5.5591520365155045,True,True,True
573,10,Ob10.txt,36,0.15657267868358407,0.11299970715508692,0.2989534930335811,-0.18595378587849418,0.7,0.7217076957816295,False,0.07417958400943955,0.16531335666438327,-0.09113377265494371,0.825,0.4737709326628321,False,False,False
573,11,Ob11.txt,119,0.32198183679908005,0.04591124810277053,0.15260722706290214,-0.10669597896013161,0.8,0.14258955896142558,False,0.13903600491831627,0.12979243306029736,0.009243571858018912,0.45,0.4318131926338322,False,False,False
573,12,Ob12.txt,91,0.18617307886230405,0.006635053903194854,0.09344135537617453,-0.08680630147297967,0.95,0.03563916944244244,False,0.19211868647273161,0.08963492087800308,0.10248376559472853,0.15,1.0319359149387275,True,False,True
573,13,Ob13.txt,102,0.09831797734487252,0.2586058830042318,0.0,0.2586058830042318,0.075,2.630301090278874,True,0.40108618906472626,0.0,0.40108618906472626,0.075,4.079479662786652,True,True,True
573,14,Ob14.txt,47,0.24324381960745967,0.12405053370081875,0.24181338913104256,-0.1177628554302238,0.775,0.5099843190302149,False,0.12409136455804626,0.22003783494035667,-0.09594647038231041,0.725,0.5101521788232958,False,False,False
573,15,Ob15.txt,96,0.05709998066804578,0.25993320044530466,0.1583750480450637,0.10155815240024096,0.375,4.552246732909459,False,0.30521505600234244,0.18797483578101526,0.11724022022132718,0.3,5.3452742440795,True,False,True
573,16,Ob16.txt,84,0.22861754395117662,0.5929392852644583,0.18243635328175178,0.4105029319827065,0.05,2.593586104621463,True,0.06359985637798857,0.1978521132629162,-0.13425225688492765,0.75,0.278193244835011,False,False,True
573,17,Ob17.txt,122,0.48074710688803746,0.26969881769772286,0.15407816678500835,0.1156206509127145,0.25,0.5609993566961471,True,0.5354502869402218,0.15530498672772874,0.38014530021249304,0.075,1.1137878507606376,True,True,True
573,18,Ob18.txt,103,0.4691038301155414,0.17504449876690792,0.04475330157275326,0.13029119719415466,0.025,0.37314659896039226,True,0.36950205679936876,0.08893807939393017,0.2805639774054386,0.25,0.7876764866924226,True,True,True
573,19,Ob19.txt,143,0.07149353578801565,0.18174624063076472,0.14319604797629903,0.03855019265446569,0.4,2.54213529415663,False,0.12558466458500286,0.07431370044403389,0.051270964140968975,0.375,1.7565876858765521,False,False,False
574,1,Ob1.txt,28,0.06848452541546518,0.11464963363516761,0.3345964521782496,-0.219946818543082,0.8,1.674095468131512,False,0.26009383358535554,0.26443168443310006,-0.004337850847744518,0.525,3.797848229325995,False,False,False
574,2,Ob2.txt,43,0.47766672968475987,0.2748100841231732,0.2879282157693582,-0.013118131646184972,0.525,0.5753176159129534,False,0.3900255304777077,0.24228071254737898,0.14774481793032873,0.2,0.8165222868570066,True,False,True
574,3,Ob3.txt,40,0.14925674578720988,0.023597752346965706,0.22439997601858347,-0.20080222367161776,0.95,0.15810174757935697,False,0.10852690811505428,0.2960420770998825,-0.18751516898482823,0.8,0.7271155989812166,False,False,False
574,4,Ob4.txt,58,0.1226923444010332,0.3903484860741146,0.2274917688612808,0.1628567172128338,0.2,3.1815227590583675,True,0.29056336123038656,0.26533899695811225,0.025224364272274313,0.475,2.3682273140094936,False,False,True
574,5,Ob5.txt,93,0.4505865712488657,0.04785721790020925,0.1728512707362922,-0.12499405283608295,0.825,0.10621092805221882,False,0.09693298393281113,0.21167926501750112,-0.11474628108468998,0.7,0.21512621573285548,False,False,False
574,6,Ob6.txt,112,0.13022871406807188,0.08689633927520785,0.23187187428339232,-0.14497553500818447,0.825,0.6672594434879103,False,0.04355854575354526,0.1801721311858965,-0.13661358543235125,0.85,0.3344772776515075,False,False,False
574,7,Ob7.txt,33,0.33570832522083444,0.07075667085818008,0.2641321978781248,-0.19337552701994473,0.875,0.21076829361212648,False,0.02399553103521141,0.3349371119829492,-0.3109415809477378,0.975,0.07147731894771081,False,False,False
574,8,Ob8.txt,84,0.4459503108811891,0.17638131936322948,0.23252254880559564,-0.05614122944236616,0.6,0.3955178751074384,False,0.11267119932288092,0.293863195497868,-0.18119199617498707,0.725,0.2526541557965165,False,False,False
574,9,Ob9.txt,37,0.26704967261294255,0.6060582826315142,0.3096888087238441,0.2963694739076701,0.125,2.2694589987755767,True,0.9001587009382778,0.2777424231306444,0.6224162778076334,0.125,3.370753808198646,True,True,True
574,10,Ob10.txt,36,0.48693952149932584,0.9520556049644544,0.2805639155800724,0.6714916893843821,0.0,1.955182446544899,True,0.7621001169656274,0.30725853381201984,0.45484158315360756,0.025,1.5650816648011237,True,True,True
574,11,Ob11.txt,119,0.27635579072619454,0.06689678841808729,0.14200803234941195,-0.07511124393132466,0.825,0.24206761957945264,False,0.16727852851973352,0.20550993328872452,-0.038231404768991006,0.625,0.605301333039438,False,False,False
574,12,Ob12.txt,91,0.5885530548642905,0.12198495173423396,0.19677047285175994,-0.07478552111752598,0.675,0.2072624561644004,False,0.48465488355794956,0.13123487174200507,0.3534200118159445,0.05,0.8234684699235858,True,False,True
574,13,Ob13.txt,102,0.16605546677776278,0.2534572561741,0.11324900182098681,0.14020825435311318,0.275,1.5263409334985023,True,0.1658165375865466,0.15309917600788556,0.012717361578661046,0.425,0.9985611482966956,False,False,True
574,14,Ob14.txt,47,0.38093744674657454,0.4111106736644656,0.22044098275739019,0.1906696909070754,0.175,1.0792078257876399,True,0.24498287951931824,0.20855829977841525,0.03642457974090299,0.425,0.6431052699376585,False,False,True
574,15,Ob15.txt,96,0.2305366178722153,0.03459069447854368,0.19259900532403476,-0.15800831084549108,0.9,0.15004425239602084,False,0.2694843719236196,0.11723768419301528,0.15224668773060435,0.175,1.1689438945139412,True,False,True
574,16,Ob16.txt,84,0.11722483860934557,0.35088189984086005,0.27784972545643427,0.07303217438442577,0.4,2.993238497944808,False,0.3475798214533399,0.1812273237243176,0.16635249772902228,0.35,2.965069737580595,True,False,True
574,17,Ob17.txt,122,0.03276376246387541,0.06542363724795874,0.17829506792519678,-0.11287143067723804,0.825,1.9968291895686088,False,0.10875216670540785,0.1206236965711014,-0.01187152986569355,0.525,3.3192819910508002,False,False,False
574,18,Ob18.txt,103,0.4585589610387544,0.4395969358045086,0.21358460983687516,0.22601232596763343,0.125,0.9586486649583907,True,0.46895730142795156,0.1679485945991108,0.30100870682884073,0.125,1.022676125150062,True,True,True
574,19,Ob19.txt,143,0.10331019697022586,0.06388074311012137,0.142746442561009,-0.07886569945088762,0.875,0.6183391860973015,False,0.0765039383432907,0.24391917745688374,-0.16741523911359305,0.9,0.7405264977409658,False,False,False
575,1,Ob1.txt,28,0.23481686118638123,0.2879784740625603,0.3066622726171749,-0.018683798554614606,0.525,1.2263960629044568,False,0.1329007321525576,0.26338859040787477,-0.13048785825531717,0.85,0.5659761035944956,False,False,False
575,2,Ob2.txt,43,0.29061618435076353,0.4536052503029957,0.23799954405005286,0.21560570625294284,0.125,1.5608396047052564,True,0.2638298628743284,0.17683190752387107,0.08699795535045735,0.325,0.9078292162693012,True,True,True
575,3,Ob3.txt,40,0.4069497785209308,0.9795799165619413,0.2159903898638377,0.7635895266981036,0.0,2.40712728760352,True,0.6809714064529351,0.21043469829996786,0.4705367081529672,0.05,1.6733549012557343,True,True,True
575,4,Ob4.txt,58,0.4080224788049653,0.17977970976673355,0.21275792072789196,-0.03297821096115841,0.6,0.44061226796445263,False,0.17781399817822607,0.2433123473190224,-0.06549834914079633,0.7,0.43579461283362564,False,False,False
575,5,Ob5.txt,93,0.24779175835025252,0.362801928427784,0.16972407514527754,0.19307785328250648,0.225,1.464140417111715,True,0.2516392052752863,0.23166553895977063,0.019973666315515698,0.45,1.0155269366126192,False,False,True
575,6,Ob6.txt,112,0.07132654629625647,0.03378440560722362,0.20248247834292848,-0.16869807273570486,0.9,0.4736582291100891,False,0.10613938088405636,0.19915312160944437,-0.09301374072538801,0.8,1.48807682967298,False,False,False
575,7,Ob7.txt,33,0.20399771843755088,0.4438326934560145,0.2034245542428781,0.24040813921313642,0.325,2.175674791146664,True,0.39525987884824776,0.23336414404265787,0.16189573480558989,0.275,1.9375700957618667,True,True,True
575,8,Ob8.txt,84,0.4641143486631766,0.20621767685726192,0.21140093821627898,-0.005183261359017061,0.525,0.44432514842785226,False,0.37178326473630385,0.2199530214811903,0.15183024325511355,0.225,0.8010596220676631,True,False,True
575,9,Ob9.txt,37,0.11023744850470613,0.012117459527296148,0.23211065331308767,-0.21999319378579152,1.0,0.10992144404339006,False,0.1523982717667507,0.2572232707112272,-0.1048249989444765,0.725,1.3824546361869459,False,False,False
575,10,Ob10.txt,36,0.010876194968086172,0.10812271682988381,0.26990403613519576,-0.16178131930531195,0.825,9.94122642589126,False,0.3269209300585893,0.2811743492772534,0.04574658078133592,0.3,30.058391838126074,True,False,True
575,11,Ob11.txt,119,0.07097129119985729,0.08964646569673101,0.19261113019910925,-0.10296466450237823,0.8,1.2631370259882109,False,0.006082672431907632,0.22029389027089424,-0.2142112178389866,0.95,0.08570609790342751,False,False,False
575,12,Ob12.txt,91,0.11796501989135386,0.13756974161128996,0.26249727922377464,-0.12492753761248468,0.725,1.166190975409423,False,0.06009570695162833,0.2508723324260442,-0.19077662547441585,0.925,0.5094366703534375,False,False,False
575,13,Ob13.txt,102,0.4475839672509025,0.02710418611049545,0.0,0.02710418611049545,0.325,0.060556651027898936,False,0.14775346151375185,0.0,0.14775346151375185,0.325,0.3301133917313119,True,False,True
575,14,Ob14.txt,47,0.7579210035488921,0.0749506488604953,0.2987088234869604,-0.22375817462646508,0.775,0.0988897899775123,False,0.19666041156767447,0.26350972063228345,-0.06684930906460898,0.675,0.25947349479277,False,False,False
575,15,Ob15.txt,96,1.0834915947395216,0.5983875141136848,0.22835412321753096,0.3700333908961539,0.05,0.5522770245924622,True,0.8747346773543717,0.2408475830959148,0.6338870942584569,0.05,0.8073294537782396,True,True,True
575,16,Ob16.txt,84,0.31976981005692046,0.17685536231400076,0.21288007575371068,-0.03602471343970992,0.525,0.5530708551958664,False,0.1032736644877787,0.21643362017555953,-0.11315995568778084,0.725,0.3229625225389336,False,False,False
575,17,Ob17.txt,122,0.040689124917190345,0.010601056003955028,0.1381525235831205,-0.12755146757916547,0.975,0.26053782246558693,False,0.11710701241862723,0.17782206500619535,-0.060715052587568125,0.75,2.8780912014441444,False,False,False
575,18,Ob18.txt,103,0.30726705373241037,0.0063960857318163256,0.0,0.0063960857318163256,0.0,0.02081604797560393,False,0.02762248332672826,0.0,0.02762248332672826,0.0,0.08989731567766406,False,False,False
575,19,Ob19.txt,143,0.11654142136269284,0.27004373031039086,0.1407377555232862,0.12930597478710465,0.225,2.3171480762189938,True,0.0860409986891259,0.11867233942743499,-0.03263134073830909,0.675,0.7382868484275179,False,False,True
576,1,Ob1.txt,28,0.20705084083838465,0.5851105389924711,0.2689000050138638,0.3162105339786073,0.125,2.8259268913048476,True,0.13591168293072214,0.29730945389074004,-0.1613977709600179,0.7,0.6564169572091194,False,False,True
576,2,Ob2.txt,43,0.15383790087861723,0.19147275673411163,0.16347595651025526,0.027996800223856366,0.4,1.2446396865827585,False,0.22592058906223542,0.23203781607067464,-0.006117227008439224,0.525,1.4685626089015191,False,False,False
576,3,Ob3.txt,40,0.6375834108722283,0.38409954034627775,0.25480804200401724,0.1292914983422605,0.2,0.6024302605690777,True,0.4668197468313119,0.20650506637259816,0.26031468045871375,0.125,0.7321704719272607,True,True,True
576,4,Ob4.txt,58,0.06495915682922798,0.3765041396700355,0.26570674182923326,0.11079739784080223,0.35,5.7960133420424835,True,0.4592241716624095,0.3280164670047615,0.13120770465764797,0.275,7.069429378057818,True,True,True
576,5,Ob5.txt,93,0.20627910788173015,0.40098898673753997,0.20552185042105434,0.19546713631648563,0.15,1.9439146836307168,True,0.21288978886858562,0.23019337491245612,-0.0173035860438705,0.575,1.0320472638006835,False,False,True
576,6,Ob6.txt,112,0.13281502683125412,0.07945927345623571,0.14344979431857252,-0.06399052086233681,0.725,0.5982702059548679,False,0.20401752166497142,0.16091402074732455,0.043103500917646864,0.4,1.5361027026270335,False,False,False
576,7,Ob7.txt,33,0.1857871146680089,0.19083530212904118,0.3427369005796368,-0.15190159845059562,0.775,1.0271718922491104,False,0.41714919081274027,0.2583987349758852,0.15875045583685504,0.3,2.245307439959775,True,False,True
576,8,Ob8.txt,84,0.04356226437427751,0.5533411774686223,0.1730176664832193,0.380323510985403,0.1,12.702305204211498,True,0.35973125072329565,0.21814545621779724,0.1415857945054984,0.25,8.25786390791266,True,True,True
576,9,Ob9.txt,37,0.36613936436221584,0.34077791219666415,0.23549399827155537,0.10528391392510877,0.3,0.9307327902048194,True,0.26212549093212234,0.22752666533325694,0.0345988255988654,0.45,0.7159172611465119,False,False,True
576,10,Ob10.txt,36,0.1297827542129319,0.05651266082928216,0.22913208300974644,-0.17261942218046428,0.9,0.4354404494803909,False,0.23420079134772356,0.1706723871581568,0.06352840418956676,0.275,1.8045601880468274,True,False,True
576,11,Ob11.txt,119,0.46505404720462296,0.17984119888365055,0.2658924682487892,-0.08605126936513866,0.675,0.3867103188643378,False,0.30797516079750265,0.1684637561545742,0.13951140464292844,0.225,0.6622352017979409,True,False,True
576,12,Ob12.txt,91,0.5598950778486177,0.13081534713172402,0.26464320132520597,-0.13382785419348195,0.65,0.2336426096731884,False,0.26355436417377903,0.3066405620911219,-0.04308619791734286,0.575,0.47072098791523553,False,False,False
576,13,Ob13.txt,102,0.29324758733638234,0.5052168073906614,0.12337243683520949,0.38184437055545195,0.0,1.7228336368582997,True,0.31948448576362737,0.15482772877107598,0.1646567569925514,0.325,1.0894701254511903,True,True,True
576,14,Ob14.txt,47,0.5612462732207693,0.19353985554277636,0.25617695678864544,-0.06263710124586908,0.725,0.34483944887888174,False,0.04844642755766271,0.28483240820522937,-0.23638598064756666,0.95,0.08631937505731294,False,False,False
576,15,Ob15.txt,96,0.4928901603655785,0.150947210463663,0.16022536263632575,-0.009278152172662757,0.575,0.30624918613044516,False,0.17316110245040284,0.22259375308228185,-0.049432650631879016,0.575,0.3513178317902889,False,False,False
576,16,Ob16.txt,84,0.49642489249073307,0.1399850524434392,0.25523504784155693,-0.11524999539811773,0.8,0.28198636805073657,False,0.022836835673578526,0.22401135585710352,-0.201174520183525,1.0,0.04600259982733406,False,False,False
576,17,Ob17.txt,122,0.3605560019142089,0.1412758889268922,0.17092064828867917,-0.029644759361786982,0.55,0.39182786634212663,False,0.276174016294425,0.1943194502154674,0.08185456607895761,0.35,0.7659670476381035,True,False,True
576,18,Ob18.txt,103,0.04732203817959968,0.19752360406805386,0.0,0.19752360406805386,0.25,4.174029937561003,True,0.3645959309689891,0.0,0.3645959309689891,0.225,7.704569477444123,True,True,True
576,19,Ob19.txt,143,0.05614885943935678,0.02457025511275148,0.07788960196466937,-0.053319346851917894,0.775,0.43759134839218644,False,0.012746785048709894,0.14210896682494967,-0.12936218177623976,0.95,0.22701770215790362,False,False,False
577,1,Ob1.txt,28,0.04922202339438597,0.14858572040411422,0.25228485389066113,-0.10369913348654691,0.75,3.018683714271307,False,0.14562326690657468,0.29394028768865843,-0.14831702078208375,0.75,2.9584981856553214,False,False,False
577,2,Ob2.txt,43,0.25153463338000603,0.40390612522975394,0.19687685775637834,0.2070292674733756,0.2,1.6057674436408629,True,0.5953612696658386,0.2916207148371228,0.30374055482871576,0.025,2.366915687377318,True,True,True
577,3,Ob3.txt,40,0.33508402429962864,0.19067739119335125,0.195959173231536,-0.005281782038184746,0.5,0.5690435155537272,False,0.45694709512459397,0.20510087527126505,0.2518462198533289,0.15,1.363679143103512,True,False,True
577,4,Ob4.txt,58,0.006230873617819377,0.7593243493708637,0.2934061866368187,0.46591816273404496,0.0,121.86482922704585,True,0.5808210342948371,0.1789957589331807,0.4018252753616564,0.025,93.21662898662795,True,True,True
577,5,Ob5.txt,93,0.06713189985114382,0.09247181448800035,0.17089136106000918,-0.07841954657200884,0.675,1.3774645837976351,False,0.12968815038324097,0.16005348972396816,-0.030365339340727188,0.575,1.931840908283654,False,False,False
577,6,Ob6.txt,112,0.3119203604721172,0.08891929244668106,0.16740892822906797,-0.07848963578238691,0.8,0.2850704978414823,False,0.020830006379327415,0.15521953356322482,-0.1343895271838974,0.95,0.06677988685252698,False,False,False
577,7,Ob7.txt,33,0.586007934548228,0.2760831098439549,0.3201550803318202,-0.04407197048786532,0.575,0.47112520764210486,False,0.7617883313303526,0.2374063263372925,0.5243820049930601,0.05,1.2999624858623107,True,False,True
577,8,Ob8.txt,84,0.11140958238641253,0.2971757374761097,0.11050720533740319,0.18666853213870652,0.125,2.667416312946822,True,0.13906195918745667,0.11303252617569012,0.02602943301176655,0.425,1.2482046535740055,False,False,True
577,9,Ob9.txt,37,0.21304193210165034,0.37958770794280106,0.3047077191055896,0.07487998883721148,0.425,1.781751151983007,False,0.15114738385145765,0.26442604166329564,-0.11327865781183799,0.675,0.7094724609394715,False,False,False
577,10,Ob10.txt,36,0.5624977308553716,0.7963470377492768,0.2582996108328579,0.5380474269164189,0.0,1.415733778229289,True,0.043285462492040974,0.19441013173491023,-0.15112466924286927,0.95,0.07695224374722047,False,False,True
577,11,Ob11.txt,119,0.28018938885546507,0.061120980685440696,0.18553119895440673,-0.12441021826896603,0.75,0.21814166815920993,False,0.1975284717547658,0.20848103796787892,-0.010952566213113135,0.6,0.704981985797686,False,False,False
577,12,Ob12.txt,91,0.1711996575898388,0.07222477187449775,0.27013976722030775,-0.19791499534581,0.825,0.42187451126528713,False,0.019152107398238638,0.12493651675786611,-0.10578440935962748,0.875,0.11187000995132465,False,False,False
577,13,Ob13.txt,102,0.4484978254117832,0.38731542744533703,0.0,0.38731542744533703,0.3,0.8635837355280993,True,0.5416896615526313,0.0,0.5416896615526313,0.3,1.2077865952979485,True,True,True
577,14,Ob14.txt,47,0.14075557885624784,0.14475445955899174,0.21843438557164468,-0.07367992601265294,0.7,1.0284101044892004,False,0.03748369239130895,0.16657064147438977,-0.12908694908308083,0.85,0.26630342254206946,False,False,False
577,15,Ob15.txt,96,0.20838168118473605,0.1509282333967221,0.3261614193412835,-0.17523318594456141,0.7,0.7242874351460871,False,0.13648844606967964,0.3470092975246538,-0.21052085145497418,0.85,0.6549925372215368,False,False,False
577,16,Ob16.txt,84,0.244865457848357,0.05260350179970599,0.18473670811656995,-0.13213320631686395,0.8,0.21482614273950748,False,0.3365311487415685,0.16601935891180447,0.170511789829764,0.15,1.3743512527192758,True,False,True
577,17,Ob17.txt,122,0.40488326000758224,0.024313372147651946,0.15208750635778856,-0.12777413421013661,0.9,0.06005032696880733,False,0.26876477742981425,0.17283252164171,0.09593225578810424,0.3,0.6638080750110071,True,False,True
577,18,Ob18.txt,103,0.2951097951752788,0.7583291440655074,0.04908702353562244,0.709242120529885,0.0,2.5696508772780726,True,0.03336382923650805,0.13982790613423912,-0.10646407689773107,0.775,0.11305564837890857,False,False,True
577,19,Ob19.txt,143,0.5137589007300958,0.03763782137635305,0.11501711256647128,-0.07737929119011823,0.75,0.07325969695681467,False,0.0007816892152348737,0.14318632461866154,-0.14240463540342668,0.925,0.0015215098251806943,False,False,False
578,1,Ob1.txt,28,0.29255214310678246,0.4659514424953578,0.33665928837414666,0.12929215412121114,0.3,1.5927124564774904,True,0.09443178524718512,0.263443291501444,-0.1690115062542589,0.8,0.32278616811471184,False,False,True
578,2,Ob2.txt,43,0.2677926867759861,0.12580773248620647,0.21153294952649876,-0.08572521704029229,0.775,0.4697952509489071,False,0.006824126657192925,0.17059579289666071,-0.1637716662394678,1.0,0.025482871617406946,False,False,False
578,3,Ob3.txt,40,0.9313729921984604,0.0760466663566433,0.18932948478501602,-0.11328281842837272,0.875,0.08165006607840201,False,0.2810518714003301,0.2966371565554944,-0.015585285155164275,0.55,0.3017608130733112,False,False,False
578,4,Ob4.txt,58,0.6166005483108088,0.9232784197926435,0.20132912231742084,0.7219492974752226,0.0,1.4973687946304712,True,0.9884206091578087,0.18824762967880437,0.8001729794790043,0.0,1.603016104779033,True,True,True
578,5,Ob5.txt,93,0.10801860051992582,0.20611377556709273,0.2704390275539066,-0.06432525198681385,0.6,1.9081322529176041,False,0.28340591225661893,0.25138527434563673,0.0320206379109822,0.375,2.6236769490856346,False,False,False
578,6,Ob6.txt,112,0.0857477852819229,0.08017077431105978,0.14001769287202778,-0.05984691856096801,0.8,0.9349602913646465,False,0.27554038962339855,0.20482634568157357,0.07071404394182498,0.375,3.213381998351008,False,False,False
578,7,Ob7.txt,33,0.3843021226290624,0.6254200787013511,0.29150431047984116,0.3339157682215099,0.1,1.6274177056914712,True,0.3062111796876909,0.35389511015773245,-0.04768393047004155,0.575,0.7967980441868474,False,False,True
578,8,Ob8.txt,84,0.4330546993590665,0.1719853645934061,0.18193770619104926,-0.00995234159764316,0.525,0.39714466751648103,False,0.003792883386186968,0.2400378410189231,-0.23624495763273612,1.0,0.008758439503832992,False,False,False
578,9,Ob9.txt,37,0.32509913095606546,0.5438727101027512,0.32265014694504246,0.22122256315770872,0.3,1.672944213979616,True,0.07381484834106651,0.330823501903855,-0.2570086535627885,0.85,0.2270533548459162,False,False,True
578,10,Ob10.txt,36,0.30073272613757285,0.1344018127051115,0.2562971399389923,-0.12189532723388077,0.725,0.4469144892585724,False,0.024544445000150017,0.2532170803695739,-0.2286726353694239,0.95,0.0816154773555371,False,False,False
578,11,Ob11.txt,119,0.13613650715460898,0.3378878124397534,0.1354034224978305,0.20248438994192292,0.175,2.4819779756507,True,0.3064202056677237,0.18981192513986508,0.11660828052785863,0.25,2.250830523510678,True,True,True
578,12,Ob12.txt,91,0.33023947614033766,0.01795220538014561,0.311820882839063,-0.2938686774589174,0.9,0.05436117326117817,False,0.11920631683982978,0.22140979552326479,-0.102203478683435,0.725,0.3609693130362531,False,False,False
578,13,Ob13.txt,102,0.004310860151986173,0.1000871259709662,0.2727384072103405,-0.1726512812393743,0.65,23.21743745847388,False,0.10282561045016042,0.21595821740634158,-0.11313260695618116,0.65,23.852689909874446,False,False,False
578,14,Ob14.txt,47,0.011830816416915954,0.19434362060222587,0.2505267876174854,-0.05618316701525955,0.575,16.426898512629204,False,0.1533562634132547,0.21923285705767503,-0.06587659364442033,0.675,12.96244130658495,False,False,False
578,15,Ob15.txt,96,0.03209660811505423,0.045589578422704086,0.21642193769469775,-0.17083235927199367,0.825,1.4203861747410396,False,0.15627367670952377,0.17924627898060796,-0.02297260227108419,0.6,4.868853311519448,False,False,False
578,16,Ob16.txt,84,0.20962786956870583,0.3860027695868764,0.15417312301330066,0.23182964657357574,0.1,1.8413714282411455,True,0.3214591553696337,0.1734030579007268,0.1480560974689069,0.2,1.5334752770755753,True,True,True
578,17,Ob17.txt,122,0.14512184726496413,0.07760855533151412,0.18627631995759145,-0.10866776462607733,0.775,0.5347820248581598,False,0.31035285715841365,0.1488841582580644,0.16146869890034926,0.2,2.1385674383800395,True,False,True
578,18,Ob18.txt,103,0.28720446812362144,0.680012234171634,1.1156814894649543,-0.43566925529332023,0.625,2.367693784899392,False,0.27559482181686673,0.7149082260988138,-0.43931340428194704,0.725,0.9595770693171891,False,False,False
578,19,Ob19.txt,143,0.15567482373684066,0.1516357520277637,0.18391249601959317,-0.032276743991829476,0.525,0.9740544321032617,False,0.08790516491828837,0.17126140305553572,-0.08335623813724735,0.75,0.5646716842723843,False,False,False
579,1,Ob1.txt,28,1.0017767158334923,0.08655309304423753,0.25560432708192,-0.16905123403768246,0.875,0.08639958553261456,False,0.275639593248064,0.2622795996175575,0.013359993630506495,0.475,0.2751507285919777,False,False,False
579,2,Ob2.txt,43,1.2255398748921944,0.24881640439570707,0.19636568521591263,0.052450719179794436,0.35,0.2030259557385633,False,0.013873949698603553,0.22843676965211185,-0.2145628199535083,0.95,0.011320684037166875,False,False,False
579,3,Ob3.txt,40,0.0028851180103587337,0.16498876884325853,0.191040548606852,-0.026051779763593463,0.525,57.18614221355331,False,0.41268144437925114,0.20162966977917182,0.21105177460007932,0.25,143.037977267328,True,False,True
579,4,Ob4.txt,58,0.20835578518719663,0.21397372476431434,0.17700794745928333,0.036965777305031006,0.375,1.0269632041753498,False,0.05132839290906868,0.21977630380922292,-0.16844791090015424,0.9,0.24634973712370328,False,False,False
579,5,Ob5.txt,93,0.11313557115779249,0.0604666902206296,0.2532498631793485,-0.19278317295871888,0.8,0.5344622350144455,False,0.1143265145596476,0.2175672746250013,-0.10324076006535371,0.725,1.010526692795797,False,False,False
579,6,Ob6.txt,112,0.09647560747382897,0.4087236274831454,0.13427581806672173,0.27444780941642366,0.125,4.236548887178764,True,0.4431022920931887,0.23425373132195731,0.20884856077123137,0.2,4.592894553303429,True,True,True
579,7,Ob7.txt,33,0.4262531858934385,0.13355345490719647,0.24117443478568898,-0.1076209798784925,0.65,0.3133195465208424,False,0.01813529901084937,0.25560255509977425,-0.23746725608892488,0.975,0.04254583803951466,False,False,False
579,8,Ob8.txt,84,0.04622818231305913,0.26892552220814236,0.23559572521727706,0.0333297969908653,0.45,5.8173501260977085,False,0.06359732969513346,0.19157331619320558,-0.12797598649807213,0.85,1.3757263754055862,False,False,False
579,9,Ob9.txt,37,0.047191623171602276,0.6048421482818118,0.24667339300635593,0.3581687552754559,0.1,12.816726945001072,True,0.5198560822160294,0.27562265954596776,0.24423342267006165,0.25,11.0158550877914,True,True,True
579,10,Ob10.txt,36,0.45066528394181565,0.19695927541120847,0.2054976479674397,-0.008538372556231216,0.525,0.437041153222349,False,0.14652786509428248,0.216158561431666,-0.06963069633738353,0.7,0.3251367929045991,False,False,False
579,11,Ob11.txt,119,0.14657728308604728,0.0816814034564779,0.18165126852622415,-0.09996986506974626,0.775,0.5572582717918665,False,0.2872670772763272,0.23998941726886647,0.04727766000746075,0.325,1.959833551476656,True,False,True
579,12,Ob12.txt,91,0.1993982494438764,0.549246561707804,0.08841841477662396,0.46082814693118,0.0,2.754520479691561,True,0.38846705309406104,0.18454155351979365,0.2039254995742674,0.075,1.948196908335451,True,True,True
579,13,Ob13.txt,102,0.6185657276516102,0.08668953398779067,0.0,0.08668953398779067,0.0,0.1401460347906894,False,0.39555703386449337,0.0,0.39555703386449337,0.0,0.6394745395387954,True,False,True
579,14,Ob14.txt,47,0.6803366073377436,0.3426848656250021,0.19393875632150492,0.1487461093034972,0.25,0.503698995363454,True,0.2968878648953847,0.2723571416828422,0.024530723212542516,0.425,0.43638378663342875,False,False,True
579,15,Ob15.txt,96,0.04490110621822388,0.17778120980651552,0.16520066520125362,0.012580544605261895,0.45,3.9593948742037894,False,0.0831565749338537,0.21999297764911951,-0.13683640271526581,0.775,1.8519939025489573,False,False,False
579,16,Ob16.txt,84,0.0016207877854890196,0.7682066999265544,0.16191118070113006,0.6062955192254244,0.0,473.9711804372793,True,0.6953060613579509,0.18142680954429263,0.5138792518136583,0.0,428.99265874475054,True,True,True
579,17,Ob17.txt,122,0.0687351599700648,0.3103392839135523,0.19942837410627093,0.11091090980728138,0.3,4.515000533187233,True,0.0039614041550636026,0.14552718095791733,-0.14156577680285373,0.95,0.05763286441449841,False,False,True
579,18,Ob18.txt,103,0.09763327691305543,0.19875714845544082,0.32883937132577046,-0.13008222287032964,0.6,2.0357520994859,False,0.3228846053023067,0.35306845023351763,-0.0301838449312109,0.6,3.3071163389286067,False,False,False
579,19,Ob19.txt,143,0.03225544140549455,0.23168323895440607,0.05628781864797402,0.17539542030643204,0.025,7.182764484349608,True,0.4492197629692356,0.14386955579257454,0.30535020717666106,0.0,13.926945141501406,True,True,True
580,1,Ob1.txt,28,0.2856111082019368,0.635184748869711,0.23478000170676594,0.40040474716294505,0.075,2.223949736648946,True,0.40393366303890765,0.19839677290522978,0.20553689013367787,0.3,1.4142785467339483,True,True,True
580,2,Ob2.txt,43,0.48463381812364814,0.18463175483550887,0.1716772550974447,0.012954499738064174,0.475,0.3809716696006601,False,0.3249530326305043,0.2050522969811834,0.11990073564932088,0.25,0.670512499289921,True,False,True
580,3,Ob3.txt,40,0.047640667942758286,0.2605278917342304,0.31161505176606474,-0.05108716003183433,0.525,5.4686028341849156,False,0.16341571737243898,0.35045286702354284,-0.18703714965110385,0.75,3.4301726745054864,False,False,False
580,4,Ob4.txt,58,0.08196381936817211,0.009064509801665122,0.2581385787356443,-0.24907406893397915,1.0,0.11059159848259852,False,0.08937180045027715,0.28947441247180616,-0.200102612021529,0.75,1.0903811113148503,False,False,False
580,5,Ob5.txt,93,0.6446265226721509,0.02491096965236149,0.22826725112181628,-0.20335628146945478,0.875,0.03864403460952676,False,0.05971261914681281,0.18557675004553295,-0.12586413089872014,0.825,0.09263134085654418,False,False,False
580,6,Ob6.txt,112,0.024706746960274723,0.17189606051039447,0.2027946674331989,-0.03089860692280444,0.525,6.957454204180796,False,0.04821462837523856,0.1247040908321721,-0.07648946245693354,0.85,1.9514761879725198,False,False,False
580,7,Ob7.txt,33,0.047815428147026884,0.28028719375008176,0.3086786901629261,-0.02839149641284433,0.575,5.861856823455208,False,0.12211591573933872,0.292505637497152,-0.1703897217578133,0.8,2.5539019615979694,False,False,False
580,8,Ob8.txt,84,0.13382714192891298,0.2601074615240694,0.2326877667350361,0.027419694789033278,0.45,1.9436076850706014,False,0.3094357218815425,0.28736134272499075,0.02207437915655175,0.475,2.312204515627407,False,False,False
580,9,Ob9.txt,37,0.06617418360535937,0.2342035554865106,0.27065959406756457,-0.03645603858105398,0.575,3.53919826020404,False,0.5011809752949575,0.3633867284864948,0.13779424680846275,0.275,7.573663141563373,True,False,True
580,10,Ob10.txt,36,0.99437198044824,0.11414556697823669,0.2502764296378551,-0.13613086265961843,0.75,0.11479161643993879,False,0.1275733466462555,0.22550934321427085,-0.09793599656801535,0.725,0.12829539564132567,False,False,False
580,11,Ob11.txt,119,0.06193204201810186,0.09122763427077271,0.13288751171171637,-0.041659877440943655,0.625,1.4730280368295972,False,0.02094118837965203,0.20626556238500943,-0.1853243740053574,0.925,0.33813172789508894,False,False,False
580,12,Ob12.txt,91,0.10612862623621577,0.5311073138719792,0.18588050934756187,0.34522680452441734,0.05,5.004373774610699,True,0.5143248324376075,0.10915308260720577,0.4051717498304017,0.025,4.84624036584483,True,True,True
580,13,Ob13.txt,102,0.24049019070351385,0.07961755584516184,0.13982730623070977,-0.06020975038554793,0.75,0.3310636313782861,False,0.3474864388776212,0.16551982467820806,0.18196661419941315,0.25,1.444908991344336,True,False,True
580,14,Ob14.txt,47,0.42601570400126654,0.06565437818242265,0.2823028869799231,-0.21664850879750047,0.875,0.15411257746082396,False,0.04158399852843647,0.1970975275775512,-0.15551352904911472,0.9,0.09761142168672929,False,False,False
580,15,Ob15.txt,96,0.46660902157319034,0.5593011102944793,0.14137763830349975,0.4179234719909795,0.025,1.1986504427384923,True,0.34893066093446934,0.11994133539193881,0.22898932554253054,0.075,0.7478009314051326,True,True,True
580,16,Ob16.txt,84,0.31533716166075887,0.1422049059665454,0.2100445609824656,-0.06783965501592021,0.65,0.45096145731003334,False,0.04831317811580793,0.145700657099097,-0.09738747898328906,0.925,0.15321117835069328,False,False,False
580,17,Ob17.txt,122,0.279544956263166,0.4583284233283137,0.19462612344714364,0.26370229988117005,0.125,1.639551753875464,True,0.43182345377627773,0.22920276539697826,0.20262068837929947,0.175,1.5447370596440146,True,True,True
580,18,Ob18.txt,103,0.3921484567854672,0.37834481779593065,0.0,0.37834481779593065,0.0,0.9647999660570177,True,0.1568964131922616,0.0,0.1568964131922616,0.0,0.4000944297432107,True,True,True
580,19,Ob19.txt,143,0.0745413411704263,0.10339820576117514,0.13900458899244517,-0.03560638323127002,0.575,1.3871256424642597,False,0.1580229692225757,0.10098091830340866,0.05704205091916703,0.35,2.1199372957522007,True,False,True
581,1,Ob1.txt,28,0.1634388919361104,0.2962421866707663,0.19798635765072486,0.09825582902004143,0.25,1.8125562597828295,True,0.004060784345139734,0.25072479417671706,-0.24666400983157732,0.975,0.02484588764054475,False,False,True
581,2,Ob2.txt,43,0.04546060163086568,0.05107731346146227,0.19175483582339004,-0.14067752236192776,0.825,1.123551198820543,False,0.24943158772555818,0.21223934107167114,0.03719224665388704,0.4,5.486763896151464,False,False,False
581,3,Ob3.txt,40,0.20356531231595343,0.02827370748157565,0.2614252518146166,-0.23315154433304097,0.925,0.1388925606229615,False,0.1988347515220653,0.2526722239505752,-0.05383747242850989,0.625,0.9767614593072428,False,False,False
581,4,Ob4.txt,58,0.04757541227504375,0.32116716959435154,0.2353796715732317,0.08578749802111985,0.3,6.750696509735211,True,0.01637506882882031,0.24001551938604682,-0.2236404505572265,0.975,0.3441918429240822,False,False,True
581,5,Ob5.txt,93,0.04826358925790403,0.2483489770383399,0.23826416789154622,0.010084809146793688,0.5,5.1456798148858836,False,0.0895272168265261,0.231645539331405,-0.14211832250487888,0.775,1.8549639221427034,False,False,False
581,6,Ob6.txt,112,0.03714046030222368,0.3066832471234875,0.2237601766630121,0.0829230704604754,0.375,8.257389505351007,False,0.24100915942955586,0.25301347289333764,-0.01200431346378178,0.525,6.4891268839531895,False,False,False
581,7,Ob7.txt,33,0.2762456149091629,0.04928169237594421,0.23752062443276925,-0.18823893205682504,0.975,0.17839809834501583,False,0.6199522181206762,0.3054451463232585,0.31450707179741777,0.15,2.2442065490325827,True,False,True
581,8,Ob8.txt,84,0.12323662691202465,0.29281133080900335,0.11904131967961969,0.17377001112938367,0.225,2.3760089686488546,True,0.41974683292827336,0.16766318264577956,0.2520836502824938,0.075,3.406023383193695,True,True,True
581,9,Ob9.txt,37,0.5380432967647928,0.31629835799324446,0.30500886551546175,0.011289492477782714,0.475,0.5878678535633076,False,0.7307123450901462,0.23373356812931873,0.49697877696082743,0.0,1.3580920893984842,True,False,True
581,10,Ob10.txt,36,0.05325787909987832,0.2617710888918927,0.2626099378201244,-0.0008388489282316614,0.5,4.915161724727614,False,0.193105761214077,0.17728090727983936,0.01582485393423763,0.45,3.6258627733172006,False,False,False
581,11,Ob11.txt,119,0.20918339140891862,0.4362440883532245,0.17583599695857657,0.26040809139464793,0.225,2.0854623563322963,True,0.1564865084680044,0.20603297504552437,-0.04954646657751996,0.575,0.7480828540641613,False,False,True
581,12,Ob12.txt,91,0.3400496084390393,0.09503612124091135,0.1273093302489377,-0.032273209008026355,0.65,0.2794772259176075,False,0.08074520143243907,0.19640959258489013,-0.11566439115245106,0.8,0.23745124072658436,False,False,False
581,13,Ob13.txt,102,0.1058834760832369,0.014275851030728454,0.25236930769690596,-0.2380934566661775,0.75,0.13482605179590015,False,0.05344780765747964,0.5483626249063036,-0.49491481724882397,0.6,0.5047794956737477,False,False,False
581,14,Ob14.txt,47,0.24384990119293848,0.2570089673479195,0.20900249241873786,0.04800647492918164,0.375,1.053963795312631,False,0.34195613673860015,0.2309095525494781,0.11104658418912206,0.325,1.4023222280005692,True,False,True
581,15,Ob15.txt,96,0.22697218240324443,0.11811117685829468,0.2442024161472514,-0.1260912392889567,0.65,0.5203773238099082,False,0.016541767725423526,0.47303977584664275,-0.4564980081212192,0.975,0.07288015452058794,False,False,False
581,16,Ob16.txt,84,0.652079619662151,0.1072274846974267,0.20639458275950062,-0.09916709806207392,0.675,0.16443925168675314,False,0.07892081456027285,0.23988901057036705,-0.1609681960100942,0.85,0.12102941447727275,False,False,False
581,17,Ob17.txt,122,0.2035649061121647,0.21361318546368008,0.11370799121858328,0.09990519424509679,0.35,1.0493615502957998,True,0.38251142669591326,0.14870004212379778,0.23381138457211548,0.075,1.879063705043288,True,True,True
581,18,Ob18.txt,103,0.13484751680115536,0.3324708454853671,0.0,0.3324708454853671,0.0,2.465531834565592,True,0.42420719522858974,0.0,0.42420719522858974,0.0,3.1458287500697613,True,True,True
581,19,Ob19.txt,143,0.07662752564308697,0.46224209372259534,0.23532500776103557,0.22691708596155977,0.175,6.03232441401815,True,0.47836036198758974,0.22227557794334343,0.2560847840442463,0.025,6.242670084581356,True,True,True
582,1,Ob1.txt,28,0.49779585528931597,0.5988466567501638,0.22248355824527233,0.37636309850489147,0.05,1.2029964701134719,True,0.39656238915595454,0.2342629566975762,0.16229943245837833,0.15,0.796636582933128,True,True,True
582,2,Ob2.txt,43,0.3269230503497198,0.09083874339327987,0.21842307895187513,-0.12758433555859527,0.675,0.27785970825889095,False,0.2433743815504686,0.22488405674910694,0.018490324801361646,0.425,0.7444393452530295,False,False,False
582,3,Ob3.txt,40,0.652921435977633,0.5040792431557328,0.18532776445408602,0.3187514787016468,0.075,0.7720365964106607,True,0.4152565264493976,0.21725668632126371,0.19799984012813387,0.2,0.6359976921689289,True,True,True
582,4,Ob4.txt,58,0.18193898329824587,0.4377462961820431,0.16802502309689063,0.2697212730851525,0.15,2.4060060589899073,True,0.11625526633351449,0.2788824997248862,-0.16262723339137172,0.8,0.6389794217050313,False,False,True
582,5,Ob5.txt,93,0.44285370192840195,0.06863228778399375,0.19843512375296857,-0.12980283596897482,0.875,0.15497733785477041,False,0.24036661225374703,0.1591323854894827,0.08123422676426434,0.4,0.5427675352087451,False,False,False
582,6,Ob6.txt,112,0.010978213619327604,0.1429712956014697,0.14964559955266424,-0.006674303951194532,0.575,13.02318396772338,False,0.04047887302124456,0.17580258581873218,-0.13532371279748762,0.875,3.6872003428663307,False,False,False
582,7,Ob7.txt,33,0.8429349140270924,0.4339936425107518,0.2585951818745185,0.17539846063623327,0.275,0.5148602048494613,True,0.9219018527229814,0.37988769590974436,0.5420141568132371,0.05,1.0936809442601294,True,True,True
582,8,Ob8.txt,84,0.29743925995094445,0.334200197378879,0.306067496732759,0.02813270064612,0.475,1.1235914096679687,False,0.06242280352480456,0.2576610970471474,-0.19523829352234284,0.925,0.20986739791882122,False,False,False
582,9,Ob9.txt,37,1.037007309762282,0.08702714115233474,0.3250478528811482,-0.23802071172881345,0.925,0.08392143462545541,False,0.11020242380707433,0.196214303405701,-0.08601187959862668,0.8,0.10626966923920386,False,False,False
582,10,Ob10.txt,36,0.1005639939225299,0.3532205770531448,0.3125346080649912,0.040685968988153576,0.4,3.5123960701605634,False,0.027643494608817,0.32141363919370514,-0.29377014458488815,0.925,0.27488461357364485,False,False,False
582,11,Ob11.txt,119,0.3276673716049672,0.08677501489486694,0.18139771056269804,-0.0946226956678311,0.725,0.264826535732957,False,0.31410730314273116,0.1863966011117248,0.12771070203100637,0.2,0.9586163602563886,True,False,True
582,12,Ob12.txt,91,0.06252531343714168,0.40495542734006584,0.18145141284565347,0.22350401449441237,0.1,6.476663691533158,True,0.27722756859798636,0.13449466212734154,0.14273290647064482,0.275,4.433845323729411,True,True,True
582,13,Ob13.txt,102,0.2256134463889577,0.5208276274753969,0.0,0.5208276274753969,0.0,2.3084955077433187,True,0.03634007788580504,0.0,0.03634007788580504,0.05,0.16107230516373888,False,False,True
582,14,Ob14.txt,47,0.34688537144992515,0.1442686148891148,0.19445906617500977,-0.05019045128589497,0.6,0.4158970852131791,False,0.14479422396393318,0.24514958104094303,-0.10035535707700985,0.7,0.41741230931335205,False,False,False
582,15,Ob15.txt,96,0.35524392854440023,0.3453097553563218,0.1147534920980614,0.2305562632582604,0.1,0.9720356285080414,True,0.3646196995080381,0.1566529054005802,0.2079667941074579,0.075,1.0263924875565213,True,True,True
582,16,Ob16.txt,84,0.20112553950815587,0.2349805809984446,0.2215060180253942,0.013474562973050386,0.475,1.1683279088925247,False,0.19834782898604217,0.22548371580423698,-0.027135886818194815,0.625,0.9861891705603054,False,False,False
582,17,Ob17.txt,122,0.7606800372276808,0.21591405527211688,0.21104750065987507,0.004866554612241808,0.475,0.28384346204091476,False,0.13838294642602444,0.22511149711708717,-0.08672855069106272,0.675,0.18192004476726492,False,False,False
582,18,Ob18.txt,103,0.21865311517131647,0.8395629135519783,0.03315121091355455,0.8064117026384238,0.0,3.8397025027252596,True,0.6102537111635826,0.12867680617498556,0.48157690498859707,0.0,2.7909673762728877,True,True,True
582,19,Ob19.txt,143,0.007018953616878598,0.22532231192967003,0.13964757296495808,0.08567473896471195,0.35,32.10198047011361,True,0.08604070216954979,0.18306817328692232,-0.09702747111737253,0.65,12.258337476778053,False,False,True
583,1,Ob1.txt,28,0.45143193577162694,0.1921276891844232,0.23589461176444732,-0.043766922580024126,0.575,0.42559613966172277,False,0.15657801892343814,0.2610644338311662,-0.10448641490772803,0.65,0.34684745698330205,False,False,False
583,2,Ob2.txt,43,0.2875318923510073,0.04308806485577743,0.21123282390716802,-0.1681447590513906,0.85,0.14985490654086214,False,0.25260846143403237,0.25024791019203035,0.002360551242002018,0.5,0.8785406702838313,False,False,False
583,3,Ob3.txt,40,0.07334458151601383,0.22887388017025218,0.28544328235753336,-0.05656940218728118,0.525,3.120528816709937,False,0.3624316634899444,0.23891999263841374,0.12351167085153064,0.4,4.941492009342396,False,False,False
583,4,Ob4.txt,58,0.02933264015889883,0.04233590461232489,0.3026901213816468,-0.2603542167693219,0.875,1.4433035820500861,False,0.24167543974175335,0.3037211778374662,-0.06204573809571287,0.625,8.239130144186312,False,False,False
583,5,Ob5.txt,93,0.5178480822222014,0.2679294477017482,0.20761672334598116,0.06031272435576704,0.375,0.5173900549211331,False,0.31142741306975874,0.19496632868117952,0.11646108438857922,0.275,0.6013875956310476,True,False,True
583,6,Ob6.txt,112,0.34924323063146967,0.4897849262772631,0.17212667647846164,0.3176582497988015,0.075,1.4024178089054977,True,0.4540432367091001,0.2111910730949154,0.24285216361418469,0.225,1.300077415639927,True,True,True
583,7,Ob7.txt,33,1.277899551503539,0.9316035683064144,0.251604500313158,0.6799990679932564,0.0,0.7290115777960147,True,0.7602702845390653,0.23017201475228216,0.5300982697867831,0.0,0.5949374374883798,True,True,True
583,8,Ob8.txt,84,0.11677039935961948,0.12171567965327967,0.3052511104705775,-0.18353543081729784,0.775,1.0423504614249897,False,0.01856397395201198,0.22148182815284762,-0.20291785420083563,0.925,0.15897842307484317,False,False,False
583,9,Ob9.txt,37,0.3152897736884725,0.40737284243952276,0.2199438064613135,0.18742903597820926,0.225,1.292058532929249,True,0.1357092985067314,0.263929536023079,-0.1282202375163476,0.625,0.43042721277988966,False,False,True
583,10,Ob10.txt,36,0.06943925540566254,0.05107671061620779,0.3149837670220985,-0.26390705640589074,0.95,0.7355595954740416,False,0.21361902084892165,0.2865607195656491,-0.07294169871672745,0.65,3.0763437712712243,False,False,False
583,11,Ob11.txt,119,0.0263183431092191,0.1151712782859928,0.17661250948683332,-0.061441231200840524,0.725,4.376083927777705,False,0.4166393508060669,0.124640431322824,0.2919989194832429,0.15,15.830759143045048,True,False,True
583,12,Ob12.txt,91,0.217696285062166,0.00818746096478696,0.18899915831060776,-0.1808116973458208,1.0,0.03760955756525162,False,0.03312809225764755,0.23366161720151374,-0.2005335249438662,0.875,0.15217573532863635,False,False,False
583,13,Ob13.txt,102,0.24804311896613457,0.10055349690673411,0.14596979045196543,-0.045416293545231315,0.65,0.4053871654486925,False,0.2252329200238644,0.18125909137702795,0.043973828646836466,0.35,0.9080393802603957,True,False,True
583,14,Ob14.txt,47,0.564604326399305,0.5295896500652775,0.23444693277065204,0.29514271729462543,0.175,0.9379836910614388,True,0.007263901205588008,0.2810326476429408,-0.2737687464373528,1.0,0.012865472094258734,False,False,True
583,15,Ob15.txt,96,0.14025990910062103,0.25657063011194337,0.23141994468518545,0.025150685426757913,0.45,1.829251364535551,False,0.11728918096279184,0.11567419089047742,0.001614990072314415,0.5,0.8362274131993753,False,False,False
583,16,Ob16.txt,84,0.10769166796244534,0.2782862266862537,0.19496135899482137,0.08332486769143232,0.2,2.584101741123545,True,0.48272124662976806,0.2071175934583987,0.27560365317136937,0.125,4.4824382030938965,True,True,True
583,17,Ob17.txt,122,0.06449211058521472,0.29744615027404103,0.16851627207926612,0.12892987819477492,0.225,4.6121323612292,True,0.3532931249150607,0.15496688088317753,0.19832624403188318,0.125,5.478082849347091,True,True,True
583,18,Ob18.txt,103,0.2743092027583802,0.27738939332161944,0.004412209112053506,0.27297718420956596,0.075,1.0112288998410028,True,0.28033062404815995,0.0006037316276972238,0.2797268924204627,0.075,1.0219512186584698,True,True,True
583,19,Ob19.txt,143,0.08500644275139843,0.04628595537410832,0.18106995715011875,-0.13478400177601044,0.8,0.5444993799996045,False,0.08621213442333303,0.15025760848199077,-0.06404547405865774,0.675,1.014183532834807,False,False,False
584,1,Ob1.txt,28,0.0797406830320064,0.0968280589367532,0.20649536821628578,-0.10966730927953258,0.75,1.2142868013544383,False,0.16161763844960506,0.21469136310008238,-0.05307372465047733,0.625,2.026790244381714,False,False,False
584,2,Ob2.txt,43,0.27031161646492047,0.5143175682588931,0.21337292890352655,0.30094463935536653,0.1,1.9026839282197048,True,0.1894289848868715,0.17133170042024526,0.01809728446662623,0.45,0.7007800381063332,False,False,True
584,3,Ob3.txt,40,0.38100616293042855,0.10953106132090651,0.2565090940365032,-0.14697803271559667,0.8,0.2874784504231413,False,0.01310195161576927,0.22345363262800486,-0.2103516810122356,0.975,0.034387768205633135,False,False,False
584,4,Ob4.txt,58,0.8006323904031447,0.5418948910275038,0.23893655465830752,0.3029583363691962,0.125,0.6768335849548154,True,0.5488539639079317,0.2882214013535096,0.26063256255442213,0.125,0.6855255551571748,True,True,True
584,5,Ob5.txt,93,0.2958700582987177,0.36917555152281933,0.2581051139223949,0.11107043760042445,0.25,1.2477624591201135,True,0.49262182065854615,0.1967472087294332,0.29587461192911296,0.1,1.6649938269900328,True,True,True
584,6,Ob6.txt,112,0.054726262306078854,0.13973160726968673,0.1598820768023913,-0.02015046953270458,0.575,2.553282489642376,False,0.201441875905644,0.1872939579386092,0.014147917967034795,0.475,3.6808995794194472,False,False,False
584,7,Ob7.txt,33,0.5827147418751197,0.22894622704249,0.4197778041975974,-0.1908315771551074,0.6,0.39289588985815455,False,0.4907880803042464,0.3626141266728192,0.1281739536314272,0.325,0.8422441462952144,True,False,True
584,8,Ob8.txt,84,0.14312892068080363,0.09377823532015206,0.14254697643947736,-0.048768741119325304,0.675,0.6552011632176693,False,0.2838905273555604,0.13163504831675757,0.15225547903880285,0.225,1.9834602678844602,True,False,True
584,9,Ob9.txt,37,0.22329892758051176,0.1280985360415464,0.269085162936192,-0.1409866268946456,0.775,0.5736639106578768,False,0.27491057860401547,0.266678241347271,0.008232337256744493,0.475,1.2311325521475907,False,False,False
584,10,Ob10.txt,36,0.9027361018533009,0.2322163659365172,0.228538603795984,0.0036777621405331973,0.5,0.25723615734408006,False,0.09228660859722237,0.22849632718510549,-0.1362097185878831,0.9,0.10222988579692298,False,False,False
584,11,Ob11.txt,119,0.06658990751100494,0.08987782442092826,0.14563114082338224,-0.055753316402453984,0.7,1.349721418460818,False,0.2526592815715125,0.14620616576402407,0.10645311580748845,0.325,3.794257884045821,True,False,True
584,12,Ob12.txt,91,0.14369409875598382,0.6166871269873072,0.24115690525981603,0.3755302217274912,0.025,4.291666340693247,True,0.1152371833620943,0.16641347442013343,-0.05117629105803913,0.675,0.8019618367055279,False,False,True
584,13,Ob13.txt,102,0.1590421703067175,0.35354839614899947,0.16026156492677435,0.19328683122222512,0.225,2.2229852338355984,True,0.22265524235971834,0.13429660198473536,0.08835864037498298,0.025,1.3999761316782913,True,True,True
584,14,Ob14.txt,47,0.3353761097764178,0.12928820396513674,0.21162753434382087,-0.08233933037868413,0.675,0.3855021278985201,False,0.046223084688777116,0.20299607958773863,-0.15677299489896152,0.875,0.13782461940891452,False,False,False
584,15,Ob15.txt,96,0.3771701203681119,0.6026161329070021,0.2590611152743456,0.3435550176326565,0.075,1.5977303088560104,True,0.5078757959077742,0.2558402585118589,0.25203553739591533,0.1,1.3465430278837986,True,True,True
584,16,Ob16.txt,84,0.024764502711814657,0.1211688247872992,0.18341934712705021,-0.06225052233975101,0.7,4.89284304221025,False,0.09228585399740585,0.24730475221632417,-0.15501889821891832,0.8,3.726537741191067,False,False,False
584,17,Ob17.txt,122,0.04946479257021685,0.11083365442294163,0.12619310630477754,-0.015359451881835906,0.55,2.2406574184175487,False,0.041563911053009384,0.1664610964897417,-0.12489718543673231,0.85,0.8402726240893073,False,False,False
584,18,Ob18.txt,103,0.5358565301633365,0.27499086275980883,0.12730767354560735,0.14768318921420148,0.25,0.5131800160688307,True,0.3853201510492567,0.16600768121830212,0.2193124698309546,0.125,0.7190733514655608,True,True,True
584,19,Ob19.txt,143,0.006138396270259833,0.3291621918153083,0.22079614384681961,0.1083660479684887,0.3,53.623483614128936,True,0.39665472674444824,0.23928889458887104,0.1573658321555772,0.25,64.61862500898108,True,True,True
585,1,Ob1.txt,28,0.4420474410920857,0.08671848306375188,0.27664883174050636,-0.18993034867675448,0.825,0.19617460707274403,False,0.16553182751604817,0.23758722321192005,-0.07205539569587188,0.65,0.37446620459355895,False,False,False
585,2,Ob2.txt,43,0.693634445637638,0.2562240618343864,0.16240107969204154,0.09382298214234486,0.35,0.36939350899571755,True,0.6836230924673443,0.22274090451455553,0.4608821879527888,0.075,0.985566816594452,True,True,True
585,3,Ob3.txt,40,0.13098391734231435,0.005968278684721939,0.17509871828097234,-0.1691304395962504,0.975,0.04556497321059955,False,0.019168903325740325,0.17254759737065167,-0.15337869404491133,0.975,0.14634547289988412,False,False,False
585,4,Ob4.txt,58,0.34557579411837763,0.31191061898325356,0.24157641776161826,0.0703342012216353,0.3,0.9025823691702435,True,0.4723725018896473,0.15836453707430934,0.314007964815338,0.225,1.3669143207635521,True,True,True
585,5,Ob5.txt,93,0.17621919720118837,0.4008068331626273,0.2917347717924721,0.10907206137015518,0.3,2.2744788282347503,True,0.20814540765343564,0.21271141701151391,-0.004566009358078271,0.525,1.1811732828166124,False,False,True
585,6,Ob6.txt,112,0.23864757558836308,0.0034678399870842203,0.16591031321826005,-0.16244247323117583,0.975,0.01453121817196168,False,0.3209911038090525,0.19898775078879538,0.12200335302025711,0.175,1.3450423831781204,True,False,True
585,7,Ob7.txt,33,0.408194386103248,0.8798745999171167,0.25865362071433246,0.6212209792027843,0.025,2.1555284194784656,True,0.3522573080423152,0.2457195242935532,0.106537783748762,0.375,0.8629646071448318,False,False,True
585,8,Ob8.txt,84,0.030020228367646812,0.2736398384854056,0.16678042341934204,0.10685941506606353,0.275,9.115181774576731,True,0.14421399881983982,0.28261825734688895,-0.13840425852704913,0.7,4.80389412944177,False,False,True
585,9,Ob9.txt,37,0.12317309459450315,0.01192672057901023,0.1819725874268824,-0.17004586684787218,0.95,0.09682894318985864,False,0.613718433549578,0.2643378388921832,0.3493805946573948,0.075,4.982568925218564,True,False,True
585,10,Ob10.txt,36,0.5308727714863094,0.2582184228584447,0.28900716575678126,-0.030788742898336552,0.55,0.4864035918351933,False,0.24611375804582958,0.2786378000959363,-0.03252404205010673,0.525,0.46360214963893015,False,False,False
585,11,Ob11.txt,119,0.34057496369439433,0.07788968468027094,0.16815342357719099,-0.09026373889692005,0.75,0.22870055929937094,False,0.5137730724712801,0.1656214142371617,0.3481516582341184,0.0,1.5085462151947857,True,False,True
585,12,Ob12.txt,91,0.18775280001930822,0.0125701955014563,0.25789131828918066,-0.24532112278772436,0.925,0.06695077516907125,False,0.297616610647772,0.21673515695104176,0.08088145369673025,0.35,1.5851513831866453,True,False,True
585,13,Ob13.txt,102,0.1971850589350707,0.05008344391777411,0.026203156253211568,0.023880287664562544,0.45,0.2539920833163411,False,0.0941290350829647,0.06672400998358802,0.027405025099376687,0.45,0.4773639320916277,False,False,False
585,14,Ob14.txt,47,0.07486641745974847,0.2759863161945667,0.23321403477240452,0.04277228142216219,0.425,3.686383368657239,False,0.40025942132028797,0.251581024506938,0.14867839681335,0.3,5.346314608088271,True,False,True
585,15,Ob15.txt,96,0.0006713949312129042,0.6448839265427821,0.1820490285207717,0.46283489802201044,0.0,960.51354659138,True,0.3841502308405893,0.2936282550797148,0.0905219757608745,0.3,572.1673086607984,True,True,True
585,16,Ob16.txt,84,0.5779282935785108,0.05364372478135809,0.1769107640504924,-0.1232670392691343,0.85,0.0928207277224621,False,0.4105828358668989,0.19776475675477914,0.21281807911211978,0.075,0.7104390638578794,True,False,True
585,17,Ob17.txt,122,0.0902531020161973,0.1146472142380503,0.15744637741810638,-0.04279916318005608,0.675,1.2702855821783845,False,0.0008230842860684762,0.18812066486010126,-0.18729758057403278,1.0,0.009119734033305151,False,False,False
585,18,Ob18.txt,103,0.19754046966751557,0.16424672370067944,0.7730022225880464,-0.6087554988873669,0.625,0.8314586068218147,False,0.10362905027915874,0.2163183486937115,-0.11268929841455276,0.65,0.5245965571185435,False,False,False
585,19,Ob19.txt,143,0.23768942210130306,0.4722342080814854,0.1367510703540951,0.33548313772739036,0.0,1.9867699786834416,True,0.5764802520146943,0.13866142160720332,0.43781883040749103,0.0,2.4253508924305383,True,True,True
586,1,Ob1.txt,28,0.8898391375942061,0.30332028951172274,0.23161575037207321,0.07170453913964953,0.3,0.3408709245266374,True,0.09657754774691231,0.23891935397384606,-0.14234180622693376,0.8,0.10853371543987385,False,False,True
586,2,Ob2.txt,43,0.45300543337348176,0.4872064987981119,0.16530034622667766,0.32190615257143423,0.1,1.0754981351325934,True,0.11347440254182262,0.22808667750115239,-0.11461227495932977,0.75,0.25049236539348146,False,False,True
586,3,Ob3.txt,40,0.12715449657120206,0.34650953838853693,0.1796844643385538,0.16682507404998312,0.35,2.7251064471361715,True,0.22763720376689212,0.3539717646619124,-0.12633456089502026,0.675,1.7902410839196965,False,False,True
586,4,Ob4.txt,58,0.5774980114778626,0.8047683416023084,0.35205946866744287,0.4527088729348655,0.1,1.3935430522831467,True,0.641347083493747,0.34372406430728686,0.29762301918646017,0.15,1.1105615443635721,True,True,True
586,5,Ob5.txt,93,0.6681286827956295,0.26625036250596706,0.13432997638047567,0.1319203861254914,0.35,0.39850162006502127,True,0.07159048995716583,0.2381201947550789,-0.16652970479791307,0.875,0.10715075074701481,False,False,True
586,6,Ob6.txt,112,0.17927568039884215,0.17246976635816505,0.18857370126655362,-0.016103934908388573,0.575,0.9620366018104871,False,0.08212850003793093,0.2141052633939431,-0.13197676335601216,0.825,0.45811288990908416,False,False,False
586,7,Ob7.txt,33,0.06764107693118535,0.21788451897742722,0.20200129245258272,0.0158832265248445,0.475,3.221186427872697,False,0.25155905774531206,0.256186218264571,-0.004627160519258933,0.5,3.71902798060468,False,False,False
586,8,Ob8.txt,84,0.16916990246980323,0.32955216638203955,0.18140534472645642,0.14814682165558313,0.225,1.9480543617435997,True,0.7228932512715921,0.16755599867391852,0.5553372525976736,0.025,4.2731788617105115,True,True,True
586,9,Ob9.txt,37,0.13465413374521448,0.08533763766271815,0.1922057262329785,-0.10686808857026034,0.75,0.6337543103146731,False,0.4817382706415646,0.15045201473928657,0.331286255902278,0.075,3.577597339514913,True,False,True
586,10,Ob10.txt,36,0.01699261874224761,0.32603600685878686,0.3036550508006496,0.02238095605813728,0.45,19.186919438625747,False,0.22879355002369328,0.3929202102670912,-0.1641266602433979,0.775,13.464290201183598,False,False,False
586,11,Ob11.txt,119,0.06341318859218817,0.2550722048888182,0.2145013540231057,0.04057085086571252,0.45,4.022384153069388,False,0.23009713514486518,0.20161523150205302,0.028481903642812167,0.475,3.628537536956637,False,False,False
586,12,Ob12.txt,91,0.5837620830527552,0.35126796147443,0.3245901037171514,0.0266778577572786,0.45,0.6017313759699695,False,0.6495389377402645,0.2006959294965288,0.4488430082437357,0.025,1.1126775044099,True,False,True
586,13,Ob13.txt,102,0.14615623420032742,0.4689019257398207,0.14927428842559753,0.31962763731422317,0.0,3.2082239139873123,True,0.5754102221142307,0.2158000366156074,0.3596101854986232,0.0,3.9369529822829934,True,True,True
586,14,Ob14.txt,47,0.28706529151479776,0.4076102585402886,0.27315692546430853,0.13445333307598006,0.2,1.4199217759464904,True,0.37837921059785484,0.24620216523402122,0.13217704536383362,0.25,1.3180946000166307,True,True,True
586,15,Ob15.txt,96,0.41836753844890995,0.08802071567909774,0.0901408005157752,-0.0021200848366774577,0.525,0.21039088263260802,False,0.113379543440015,0.05602462652286597,0.05735491691714903,0.3,0.2710046383148358,False,False,False
586,16,Ob16.txt,84,0.08683391343187545,0.2086720654969141,0.20516391288228364,0.003508152614630472,0.475,2.403117137644906,False,0.09559584609519334,0.2367441715203725,-0.14114832542517916,0.825,1.1009045005231965,False,False,False
586,17,Ob17.txt,122,0.464355168673805,0.15323728898695776,0.17028257066442956,-0.017045281677471796,0.575,0.3300001794415304,False,0.31215432905476426,0.13215239518850125,0.180001933866263,0.15,0.6722318391464766,True,False,True
586,18,Ob18.txt,103,0.04139722905509406,0.47699543764017505,0.0,0.47699543764017505,0.0,11.522400134689189,True,0.4352950991290857,0.0,0.4352950991290857,0.0,10.515078160177517,True,True,True
586,19,Ob19.txt,143,0.1579816755421991,0.0031149915824940644,0.05842584619683655,-0.055310854614342486,0.95,0.019717423377130894,False,0.13525986420249084,0.18501116238007498,-0.04975129817758414,0.6,0.8561743869235078,False,False,False
587,1,Ob1.txt,28,0.02568980658035963,0.21471544285610933,0.23249184629636566,-0.017776403440256328,0.575,8.358001535919058,False,0.03455541837425996,0.30910357323421467,-0.2745481548599547,0.9,1.345102317768257,False,False,False
587,2,Ob2.txt,43,0.2895541231369214,0.1438745644549712,0.17183482443113035,-0.02796025997615914,0.525,0.4968831488092375,False,0.27763878587589913,0.319194923440728,-0.04155613756482884,0.525,0.9588493607622093,False,False,False
587,3,Ob3.txt,40,0.09679094081738125,0.09799475354236054,0.24269314883641982,-0.14469839529405928,0.8,1.0124372458291377,False,0.15291321195535937,0.2277183889597955,-0.07480517700443612,0.625,1.5798297925821996,False,False,False
587,4,Ob4.txt,58,0.05030365263459313,0.06496408579352142,0.2678262668919085,-0.2028621810983871,0.975,1.2914387403519583,False,0.08009378768455065,0.22976414818731034,-0.14967036050275967,0.875,1.5922062015327938,False,False,False
587,5,Ob5.txt,93,0.37628593943214955,0.49868910689744084,0.23181735273848775,0.2668717541589531,0.1,1.3252929611189008,True,0.2676863513322808,0.24254865910457302,0.025137692227707786,0.45,0.7113907889735247,False,False,True
587,6,Ob6.txt,112,0.3573793445833503,0.3129576298111679,0.15264746768486218,0.16031016212630575,0.225,0.8757015047302991,True,0.4941569757387462,0.16134929820771152,0.3328076775310347,0.05,1.3827239409005512,True,True,True
587,7,Ob7.txt,33,0.008779441946093397,0.6305947031095782,0.22353155068388092,0.4070631524256973,0.05,71.82628542696555,True,0.24173524652060774,0.29064581046971094,-0.0489105639491032,0.6,27.53423828130364,False,False,True
587,8,Ob8.txt,84,0.12293582818069508,0.23620616510906056,0.23499308615132575,0.0012130789577348144,0.5,1.921377751340944,False,0.37479782249398425,0.3111892321093574,0.06360859038462685,0.35,3.0487273567075515,True,False,True
587,9,Ob9.txt,37,0.014982332706091742,0.431366819175995,0.33358559376550756,0.09778122541048745,0.4,28.791699372728747,False,0.3685087057923222,0.3513767436553765,0.017131962136945678,0.425,24.59621695909132,False,False,False
587,10,Ob10.txt,36,0.20611185004367086,0.11857482281613585,0.3031597858246293,-0.18458496300849347,0.825,0.5752935738096198,False,0.18379024883122136,0.2801338196840019,-0.09634357085278056,0.725,0.8917015144557675,False,False,False
587,11,Ob11.txt,119,0.1437998326086422,0.10769988733967573,0.20220642180712967,-0.09450653446745394,0.775,0.7489569729388064,False,0.019426680139522645,0.13584366308812684,-0.1164169829486042,0.9,0.13509529035679227,False,False,False
587,12,Ob12.txt,91,0.1606330883730596,0.07160593635877377,0.3190064722311987,-0.24740053587242494,0.875,0.4457732655458493,False,0.13337979937022695,0.19842805215593562,-0.06504825278570867,0.65,0.8303382616940123,False,False,False
587,13,Ob13.txt,102,0.19205211902065003,0.3846171242137075,0.13188975350712084,0.25272737070658663,0.125,2.002670557216566,True,0.16319132387164786,0.07228485170047777,0.0909064721711701,0.3,0.8497241514638068,True,True,True
587,14,Ob14.txt,47,0.22869242300459294,0.12490854811618526,0.22788876191257082,-0.10298021379638556,0.675,0.5461857742163878,False,0.18599893883754454,0.3034009923336494,-0.11740205349610489,0.675,0.8133148286850284,False,False,False
587,15,Ob15.txt,96,0.2564308013910289,0.331905363432481,0.16328702221628855,0.16861834121619246,0.15,1.2943272088689597,True,0.17269918446471877,0.220923514481464,-0.048224330016745226,0.65,0.6734728571134924,False,False,True
587,16,Ob16.txt,84,0.3757744587483356,0.15896816931227703,0.30447895712582707,-0.14551078781355004,0.7,0.4230414431086747,False,0.12024162822780157,0.26662890797942396,-0.14638727975162238,0.8,0.31998350454236174,False,False,False
587,17,Ob17.txt,122,0.0900340887032712,0.17579787664478208,0.14741120650177314,0.02838667014300894,0.425,1.952570178437257,False,0.0019876740109324165,0.18667410262314987,-0.18468642861221746,1.0,0.022076904865259088,False,False,False
587,18,Ob18.txt,103,0.23965774488912292,0.09679333676508284,1.0747568517380943,-0.9779635149730115,0.675,0.4038815303459692,False,0.05304841756200207,1.1719913141063216,-1.1189428965443196,0.6,0.22135073325731575,False,False,False
587,19,Ob19.txt,143,0.2036014318591739,0.49776686115693,0.1352715745007938,0.3624952866561362,0.0,2.4448102187278478,True,0.35595136604546995,0.11965357062018231,0.23629779542528764,0.0,1.7482753573740717,True,True,True
588,1,Ob1.txt,28,0.5797090136188195,0.4853777390201671,0.19741966321412197,0.28795807580604516,0.125,0.8372782337645714,True,0.04108542174114335,0.18355752655191476,-0.1424721048107714,0.85,0.07087249081167221,False,False,True
588,2,Ob2.txt,43,0.2929543513493385,0.06585049160792106,0.18968056902488473,-0.12383007741696367,0.75,0.2247807254086371,False,0.1589824259699072,0.26109263807188454,-0.10211021210197735,0.625,0.5426866856137796,False,False,False
588,3,Ob3.txt,40,0.40799100382991293,0.02386303301585846,0.2479264392905087,-0.22406340627465024,0.925,0.058489115671302154,False,0.07471500489208721,0.2433106336954292,-0.168595628803342,0.775,0.18312904988276432,False,False,False
588,4,Ob4.txt,58,0.21361985374166573,0.33652170905029555,0.14120160742013607,0.19532010163015948,0.225,1.5753297418565655,True,0.5248942545307238,0.2289077529716586,0.2959865015590652,0.05,2.4571417185103392,True,True,True
588,5,Ob5.txt,93,0.4850877489517132,0.434255186462358,0.22636025780238064,0.20789492865997736,0.15,0.8952095520878323,True,0.2892516350859349,0.19382039970879458,0.0954312353771403,0.4,0.5962872402179089,False,False,True
588,6,Ob6.txt,112,0.32763292488957196,0.3289238313267703,0.1569548485790186,0.1719689827477517,0.125,1.0039400998469046,True,0.31340932419899803,0.24048022152425264,0.0729291026747454,0.3,0.9565867786475735,True,True,True
588,7,Ob7.txt,33,0.7700691116067029,0.3919250034024596,0.2743675540977166,0.11755744930474299,0.45,0.5089478301301187,False,0.16757629243968958,0.3390351175601623,-0.17145882512047272,0.7,0.21761201678385947,False,False,False
588,8,Ob8.txt,84,0.20069942280939854,0.1650449873682991,0.21216667340699147,-0.04712168603869238,0.6,0.8223490882932933,False,0.09181754581616847,0.23368801703848557,-0.1418704712223171,0.85,0.4574878419225267,False,False,False
588,9,Ob9.txt,37,0.6653821454850515,0.36478994166121936,0.2623945568729959,0.10239538478822346,0.375,0.5482412537464378,False,0.7449462243871712,0.25686877493176996,0.4880774494554012,0.075,1.119576516205013,True,False,True
588,10,Ob10.txt,36,0.3277707730867322,0.5550748093338562,0.2622534030873277,0.2928214062465285,0.25,1.6934847610313826,True,0.12593952802066186,0.2242788169586831,-0.09833928893802124,0.775,0.38423049997608144,False,False,True
588,11,Ob11.txt,119,0.2489610169269114,0.12437699724327303,0.14294505507842864,-0.01856805783515561,0.525,0.49958422719564544,False,0.03849760932048846,0.12640592234452866,-0.0879083130240402,0.875,0.15463308190049035,False,False,False
588,12,Ob12.txt,91,0.503754134647378,0.6505850102984451,0.21161785401971417,0.4389671562787309,0.0,1.2914732913385356,True,0.3864608947022419,0.16421326221035873,0.22224763249188315,0.1,0.7671617325240616,True,True,True
588,13,Ob13.txt,102,0.36831322258409716,0.17310746265191296,0.0,0.17310746265191296,0.0,0.4700006734414408,True,0.21665039332456673,0.0,0.21665039332456673,0.0,0.5882232296862457,True,True,True
588,14,Ob14.txt,47,0.39686469476244246,0.16219338503002084,0.29239012934913444,-0.1301967443191136,0.775,0.4086868576886324,False,0.17370300685147833,0.4190959254951011,-0.24539291864362278,0.7,0.43768823264930246,False,False,False
588,15,Ob15.txt,96,0.2740768774752639,0.36445821811948703,0.10035124441886427,0.26410697370062275,0.05,1.3297663833476077,True,0.045439397391945156,0.12124390913420727,-0.0758045117422621,0.725,0.1657907000784704,False,False,True
588,16,Ob16.txt,84,0.3300980177974465,0.11944342967937019,0.23231133478008914,-0.11286790510071895,0.8,0.36184231119092214,False,0.277321439903195,0.15579645325830427,0.12152498664489075,0.175,0.8401184646717992,True,False,True
588,17,Ob17.txt,122,0.4616150570549451,0.10230955174536682,0.15180383302710573,-0.04949428128173891,0.7,0.22163391375942298,False,0.07725769684811185,0.18315036267308787,-0.10589266582497603,0.775,0.16736390130124376,False,False,False
588,18,Ob18.txt,103,0.02223931358363257,0.11184738108213477,0.07287242133428226,0.038974959747852506,0.275,5.029264085041316,True,0.18417943699810876,0.08568664047372243,0.09849279652438633,0.15,8.281705112232375,True,True,True
588,19,Ob19.txt,143,0.12132946326922966,0.17463265639541414,0.1644236725466115,0.010208983848802644,0.475,1.439326044061572,False,0.10515371106284163,0.11615226665491091,-0.010998555592069276,0.55,0.8666791085155129,False,False,False
589,1,Ob1.txt,28,0.42777650727114375,0.013936652909790626,0.21899962249089058,-0.20506296958109996,1.0,0.0325792853812726,False,0.28535291335914503,0.24145270263034002,0.04390021072880501,0.375,0.6670607396826392,False,False,False
589,2,Ob2.txt,43,0.592465884651238,0.09584946443381526,0.2157982164816951,-0.11994875204787983,0.8,0.16178056309560876,False,0.4269663088764056,0.19919597268049893,0.22777033619590664,0.25,0.72065973744251,True,False,True
589,3,Ob3.txt,40,0.02045824798134102,0.024930349667640406,0.2022747182823128,-0.1773443686146724,0.925,1.2185965137571004,False,0.09568105362587499,0.25886429858329385,-0.16318324495741887,0.8,4.676893823612905,False,False,False
589,4,Ob4.txt,58,0.5511434412792178,0.6049072587378299,0.2472809553297772,0.3576263034080527,0.075,1.0975495913256719,True,0.6232565337622369,0.25298808925513205,0.37026844450710483,0.025,1.1308426937198832,True,True,True
589,5,Ob5.txt,93,0.2359453820050213,0.012055691216369319,0.21446592258703226,-0.20241023137066294,1.0,0.05109526244558054,False,0.019389502960835636,0.2479454271369884,-0.22855592417615275,0.975,0.0821779294685369,False,False,False
589,6,Ob6.txt,112,0.09163255812525437,0.05179552558402628,0.17783145352909516,-0.12603592794506888,0.875,0.5652524238516395,False,0.31527806502425043,0.1632490454362411,0.15202901958800932,0.2,3.440677325555951,True,False,True
589,7,Ob7.txt,33,0.10432396572325417,0.21549997427852055,0.26269603699220134,-0.04719606271368079,0.625,2.065680429079824,False,0.08727473345675352,0.258194856531188,-0.1709201230744345,0.775,0.8365741548617115,False,False,False
589,8,Ob8.txt,84,0.18460213550784585,0.27409807940940206,0.16056058343004553,0.11353749597935653,0.225,1.484804488611956,True,0.11310331095253254,0.19883867990163018,-0.08573536894909764,0.675,0.6126869044140906,False,False,True
589,9,Ob9.txt,37,0.2060600889842961,0.4951371661996802,0.33569407340974644,0.15944309278993374,0.2,2.4028775714903956,True,0.15098191322782079,0.1809674082475306,-0.029985495019709818,0.55,0.732708182220222,False,False,True
589,10,Ob10.txt,36,0.07271993341658098,0.45728153572281516,0.21852454344161235,0.2387569922812028,0.15,6.288255698795094,True,0.44844501289210903,0.17252571021984633,0.2759193026722627,0.05,6.166741247178568,True,True,True
589,11,Ob11.txt,119,0.08212169155395072,0.02038793752808782,0.2143485001856279,-0.19396056265754008,1.0,0.24826494854521777,False,0.0016254606764019575,0.22260109373008347,-0.2209756330536815,1.0,0.01979331703529382,False,False,False
589,12,Ob12.txt,91,0.0556773269914409,0.359997119312473,0.2275537526345684,0.13244336667790463,0.25,6.465775904935491,True,0.3299558616686058,0.140886960516759,0.1890689011518468,0.175,5.9262159212371825,True,True,True
589,13,Ob13.txt,102,0.10750587519177368,0.12296245005653789,0.17517113688238228,-0.0522086868258444,0.625,1.143774234079692,False,0.09866416440542772,0.19032398552695617,-0.09165982112152846,0.7,0.9177560224445991,False,False,False
589,14,Ob14.txt,47,0.7988091080852486,0.3142559595734795,0.23031361168404252,0.083942347889437,0.45,0.3934055788707184,False,0.1915908159977349,0.2912728292650607,-0.09968201326732581,0.65,0.23984555766643612,False,False,False
589,15,Ob15.txt,96,0.17081876836666293,0.05056247124396482,0.34923887614249916,-0.2986764048985343,0.925,0.2960006779549677,False,0.1212918027348607,0.307493192350654,-0.18620138961579327,0.725,0.7100613351485332,False,False,False
589,16,Ob16.txt,84,0.30263171307628334,0.16326395680009118,0.1847844530872116,-0.02152049628712041,0.525,0.5394806616282736,False,0.18040736943613195,0.15503506069902645,0.025372308737105498,0.45,0.596128434797107,False,False,False
589,17,Ob17.txt,122,0.04302134369950181,0.021699451441742235,0.13855275759409694,-0.1168533061523547,0.975,0.5043880449971514,False,0.06799550073544358,0.20026504367743064,-0.13226954294198706,0.875,1.580506206649026,False,False,False
589,18,Ob18.txt,103,0.5347047058621269,0.1891141746975336,0.0,0.1891141746975336,0.0,0.35367965275827684,True,0.15724719734618445,0.0,0.15724719734618445,0.0,0.29408231426100534,False,False,True
589,19,Ob19.txt,143,0.03687347229749596,0.21314186077499855,0.11438172122087167,0.09876013955412688,0.225,5.780357734019879,True,0.37618677511375154,0.13464403004266823,0.2415427450710833,0.125,10.202097922285935,True,True,True
590,1,Ob1.txt,28,0.5652808388384383,0.40852711909280265,0.21123311551988866,0.197294003572914,0.175,0.722697623949647,True,0.2552642590250752,0.23840890439624957,0.016855354628825647,0.5,0.4515706910384623,False,False,True
590,2,Ob2.txt,43,0.26377171652749715,0.34947603225426044,0.16843971660921733,0.1810363156450431,0.125,1.3249185199044227,True,0.01107792601991181,0.2596554735386434,-0.24857754751873157,0.975,0.04199815721621154,False,False,True
590,3,Ob3.txt,40,0.04388653690042327,0.638728630805349,0.25867553896236467,0.38005309184298436,0.125,14.554090523355667,True,0.7368858250283523,0.36798621891815775,0.36889960611019457,0.125,16.79070341549883,True,True,True
590,4,Ob4.txt,58,0.16425819438571881,0.1653926770955742,0.21469048203284485,-0.04929780493727065,0.625,1.006906703888339,False,0.12492166048054434,0.3472365911259102,-0.22231493064536587,0.725,0.7605201125442632,False,False,False
590,5,Ob5.txt,93,0.09906592575522383,0.6534210052057607,0.2412521595074609,0.4121688456982998,0.025,6.595819907041098,True,0.7678975059490384,0.22299241752496052,0.5449050884240778,0.0,7.751378691462403,True,True,True
590,6,Ob6.txt,112,0.005638072468853839,0.10647171696847835,0.13633631269345017,-0.029864595724971826,0.575,18.8844179560755,False,0.21661466692366602,0.19895925583668084,0.01765541108698518,0.475,38.41998628437309,False,False,False
590,7,Ob7.txt,33,0.2205520317255903,0.251464580201424,0.2935713357306121,-0.04210675552918813,0.6,1.1401598898635172,False,0.44753996984464056,0.2531307090615854,0.19440926078305515,0.25,2.029180898235694,True,False,True
590,8,Ob8.txt,84,0.5037749333273233,0.44600169221722785,0.18870131014354974,0.2573003820736781,0.1,0.8853193414596559,True,0.451369306514887,0.20588413518049825,0.24548517133438874,0.1,0.8959741278385795,True,True,True
590,9,Ob9.txt,37,0.12745036607730006,0.8428320393048974,0.2614103530057294,0.5814216862991679,0.025,6.6130217216772085,True,0.749552078627936,0.22301772383298865,0.5265343547949474,0.05,5.881129271714483,True,True,True
590,10,Ob10.txt,36,0.3724574560532292,0.22677930883211989,0.2214677146645741,0.005311594167545786,0.475,0.6088730542145733,False,0.33249330527549575,0.25392405107142146,0.07856925420407429,0.3,0.8927014344102108,True,False,True
590,11,Ob11.txt,119,0.4014232992904887,0.05292533817130976,0.22713976370640412,-0.17421442553509436,0.925,0.13184421099835192,False,0.01003926141559558,0.11981079480438449,-0.10977153338878891,0.975,0.02500916472297414,False,False,False
590,12,Ob12.txt,91,0.29472978163093755,0.024077087727023994,0.10548174422585321,-0.08140465649882922,0.825,0.08169207602227817,False,0.15828614624191464,0.09462234809619657,0.06366379814571807,0.275,0.5370551471453316,True,False,True
590,13,Ob13.txt,102,0.4122228661211229,0.06096126296496088,0.001803505006487821,0.059157757958473056,0.475,0.14788423441568307,False,0.11306414569533767,0.039774370568673584,0.07328977512666408,0.25,0.27427917029259646,False,False,False
590,14,Ob14.txt,47,0.14643101966652894,0.05436273929164975,0.26449075712230485,-0.2101280178306551,0.95,0.371251524543443,False,0.08045669610042411,0.29726950759240295,-0.21681281149197884,0.85,0.5494511769681737,False,False,False
590,15,Ob15.txt,96,0.6894975717231231,0.006479633919998326,0.08949130571100317,-0.08301167179100484,0.975,0.009397616736785708,False,0.17196436583413105,0.1328086673340344,0.03915569850009665,0.4,0.24940532481408886,False,False,False
590,16,Ob16.txt,84,0.038532080160143076,0.05023646373083182,0.09991734719823092,-0.0496808834673991,0.725,1.303756857196502,False,0.45852249212051666,0.17057205715320886,0.28795043496730777,0.125,11.89975963443584,True,False,True
590,17,Ob17.txt,122,0.21586745128738724,0.25237096604595577,0.18983440652832473,0.06253655951763104,0.35,1.16910152290616,True,0.11770971345492853,0.17843483122094136,-0.06072511776601283,0.65,0.5452869932587475,False,False,True
590,18,Ob18.txt,103,0.3099782196068205,0.07423590211664649,0.07429415487497093,-5.825275832443966e-05,0.55,0.2394874782196248,False,0.18597762486841676,0.07510744085130483,0.11087018401711193,0.15,0.5999699756463943,True,False,True
590,19,Ob19.txt,143,0.4644617949737224,0.2342410586681882,0.1534893742914356,0.08075168437675259,0.35,0.5043279365559888,True,0.30378510635287004,0.12966973913793003,0.17411536721494,0.075,0.6540583308258048,True,True,True
591,1,Ob1.txt,28,0.3106812144160407,0.3936446078470226,0.21714254152156637,0.17650206632545623,0.25,1.267037044988126,True,0.4616334532434757,0.27709250746539815,0.18454094577807756,0.3,1.485875012144414,True,True,True
591,2,Ob2.txt,43,0.029673304897797376,0.007200634867237432,0.24128782053207176,-0.23408718566483433,0.95,0.24266373065077523,False,0.09197107822022442,0.23311900182386155,-0.14114792360363715,0.75,3.0994551681046945,False,False,False
591,3,Ob3.txt,40,0.2573142644540937,0.22975312396870554,0.27342035337736936,-0.04366722940866383,0.55,0.8928891853552672,False,0.4444909957865065,0.3149140074343663,0.1295769883521402,0.225,1.7274246211321338,True,False,True
591,4,Ob4.txt,58,0.23753459313277925,0.6316600661626022,0.2623127397287003,0.3693473264339019,0.125,2.65923399969583,True,0.8158599115264166,0.30013953663466303,0.5157203748917536,0.0,3.4346993453301335,True,True,True
591,5,Ob5.txt,93,0.2709907581914678,0.0695842603988332,0.16657093627039482,-0.09698667587156162,0.85,0.2567772453319926,False,0.1612157424293827,0.11945011192080913,0.041765630508573556,0.425,0.5949123265505466,False,False,False
591,6,Ob6.txt,112,0.06938314798495071,0.2746729454714284,0.1324219650127773,0.1422509804586511,0.25,3.9587847113971435,True,0.1293262231549534,0.2859710459015803,-0.1566448227466269,0.775,1.8639428580410393,False,False,True
591,7,Ob7.txt,33,0.5456548902150153,1.1645074652942133,0.2761756816983004,0.8883317835959129,0.0,2.1341464837515507,True,0.48313744554902127,0.1764478307239689,0.30668961482505236,0.125,0.8854267673815605,True,True,True
591,8,Ob8.txt,84,0.037943531570943684,0.01871027882419335,0.22870650663624087,-0.20999622781204752,0.875,0.4931085233647905,False,0.11110922810643409,0.21180729395770037,-0.10069806585126628,0.8,2.928278510361937,False,False,False
591,9,Ob9.txt,37,0.76503209571247,0.47191408877748914,0.2242457268647442,0.24766836191274494,0.25,0.6168552815264544,True,0.2677781297552745,0.23971579819710254,0.02806233155817195,0.425,0.3500220856824239,False,False,True
591,10,Ob10.txt,36,0.145296555688734,0.13933161417469545,0.1844707243962868,-0.045139110221591366,0.625,0.9589464355451265,False,0.1545632072248509,0.24864600526639968,-0.09408279804154879,0.625,1.0637775031361971,False,False,False
591,11,Ob11.txt,119,0.028006470795999064,0.35385758115942567,0.13439908531096095,0.21945849584846472,0.05,12.63485084346925,True,0.2883851509613237,0.15712050502343702,0.1312646459378867,0.175,10.2970900211576,True,True,True
591,12,Ob12.txt,91,0.47816352784419525,0.01013722400857528,0.21543837492052592,-0.20530115091195064,0.975,0.021200328796048183,False,0.1626068716787074,0.3900887351805181,-0.2274818635018107,0.8,0.3400654006628695,False,False,False
591,13,Ob13.txt,102,0.3126392093747185,0.04530052967883124,0.2133092431123142,-0.16800871343348295,0.875,0.14489714764003128,False,0.2522364658321955,0.18696551501947473,0.06527095081272077,0.3,0.8067972866764566,True,False,True
591,14,Ob14.txt,47,0.10543850938126909,0.09483775810179797,0.2011983361150545,-0.10636057801325653,0.85,0.899460345734418,False,0.41864587932711606,0.18682475671864934,0.2318211226084667,0.2,3.9705216033857127,True,False,True
591,15,Ob15.txt,96,0.4340008949287667,0.18031832385281274,0.08999540215077032,0.09032292170204242,0.325,0.4154791521395565,True,0.2549681486326534,0.06422787512976022,0.19074027350289316,0.225,0.5874830020212325,True,True,True
591,16,Ob16.txt,84,0.4960104022207644,0.1710900670983022,0.24470111566888655,-0.07361104857058434,0.75,0.3449324174095716,False,0.21411587490727263,0.22694823005158782,-0.012832355144315188,0.55,0.4316761784604144,False,False,False
591,17,Ob17.txt,122,0.16982453695987387,0.3138567362731636,0.1994043304560442,0.11445240581711938,0.2,1.8481236097662472,True,0.5302188320212359,0.12575237146965035,0.4044664605515855,0.05,3.122156794966065,True,True,True
591,18,Ob18.txt,103,0.28855581009282855,0.21139449350918016,0.25328291504247674,-0.04188842153329658,0.525,0.7325948260794833,False,0.2970517461893074,0.44683572332478144,-0.14978397713547403,0.625,1.0294429562646676,False,False,False
591,19,Ob19.txt,143,0.41447747006128854,0.2305540413231021,0.12245121369530643,0.10810282762779566,0.2,0.5562522886684533,True,0.4368140440120982,0.13546495502159797,0.3013490889905003,0.15,1.053890924270279,True,True,True
592,1,Ob1.txt,28,0.8672046010937605,0.7205266969362871,0.2441435206559235,0.47638317628036364,0.025,0.830861247769585,True,0.050549693708922955,0.19987890179795043,-0.14932920808902747,0.825,0.05829038919439222,False,False,True
592,2,Ob2.txt,43,0.4630557516899728,0.313269771570117,0.1676305099430031,0.14563926162711388,0.175,0.6765271145575982,True,0.36084723515442485,0.19698834244448687,0.16385889270993798,0.175,0.7792738430253231,True,True,True
592,3,Ob3.txt,40,0.2331802170370736,0.7088341090515818,0.2852713814898945,0.42356272756168734,0.025,3.039855258985729,True,0.4685690837338314,0.2697419869093256,0.19882709682450578,0.125,2.0094718569514542,True,True,True
592,4,Ob4.txt,58,0.049212178728924805,0.7645618899178708,0.17155589656773435,0.5930059933501364,0.025,15.536030097941877,True,0.28228488519673045,0.17339028693907477,0.10889459825765568,0.4,5.736077785778168,False,False,True
592,5,Ob5.txt,93,0.505349169007735,0.532672939618259,0.18611165125338866,0.3465612883648703,0.05,1.054069091800774,True,0.29029024136239695,0.19574927853646448,0.09454096282593247,0.35,0.5744349831075981,True,True,True
592,6,Ob6.txt,112,0.5053915502015754,0.21705087420069163,0.1897175169658922,0.027333357234799432,0.45,0.42947072248066054,False,0.39515098282210487,0.18376264825067354,0.21138833457143133,0.15,0.7818709724460151,True,False,True
592,7,Ob7.txt,33,0.39584537920035046,0.01390395120101641,0.2907585890968708,-0.2768546378958544,1.0,0.03512470255205167,False,0.07506744619219236,0.2773163797214582,-0.20224893352926582,0.9,0.1896383035816574,False,False,False
592,8,Ob8.txt,84,0.07431118715907237,0.057004650749183844,0.14588575201363974,-0.08888110126445589,0.775,0.7671072543513304,False,0.14179732194100272,0.07556618350038574,0.06623113844061698,0.3,1.908155788676446,True,False,True
592,9,Ob9.txt,37,0.36669000696757903,0.03496920780075641,0.24454707533010125,-0.20957786752934485,0.975,0.09536449626741046,False,0.280411503122756,0.29847110583190806,-0.01805960270915208,0.525,0.7647099669873159,False,False,False
592,10,Ob10.txt,36,0.24195223005434366,0.09133314906678786,0.2606620402374412,-0.16932889117065336,0.825,0.3774842209401169,False,0.29644454714391555,0.23508211673887516,0.061362430405040386,0.275,1.2252193215054585,True,False,True
592,11,Ob11.txt,119,0.2072153574652426,0.12490133980961851,0.2075170290623868,-0.0826156892527683,0.75,0.6027610179934125,False,0.021948357976779395,0.18992955132782183,-0.16798119335104245,0.95,0.10592051788661908,False,False,False
592,12,Ob12.txt,91,0.06737697893233913,0.08391671786291602,0.18154960461005398,-0.09763288674713796,0.775,1.2454805661023525,False,0.23271758481261914,0.18119286026932002,0.05152472454329912,0.375,3.4539628891096066,False,False,False
592,13,Ob13.txt,102,0.3924769791183387,0.5692398481212412,0.0,0.5692398481212412,0.0,1.4503776741249463,True,0.0464219680690679,0.0,0.0464219680690679,0.15,0.11827946743105884,False,False,True
592,14,Ob14.txt,47,0.3506850458307057,0.17730052338757274,0.28094685904595695,-0.10364633565838421,0.675,0.5055833589013805,False,0.07027041443697109,0.264140557576491,-0.19387014313951995,0.85,0.20038041334358567,False,False,False
592,15,Ob15.txt,96,0.2628714146413317,0.14416246537497596,0.2666662332865275,-0.12250376791155154,0.725,0.5484143856861532,False,0.20167557273156758,0.16600338365069828,0.035672189080869304,0.4,0.7672023715729562,False,False,False
592,16,Ob16.txt,84,0.1407602877351906,0.12016304892153751,0.17883251833396138,-0.058669469412423875,0.625,0.8536715209590774,False,0.17351250997341758,0.13770687593692585,0.03580563403649173,0.4,1.2326808417715305,False,False,False
592,17,Ob17.txt,122,0.49921230155113105,0.4821082394305016,0.18362457321130987,0.2984836662191917,0.05,0.9657378993516696,True,0.7259896489508719,0.22457833747980338,0.5014113114710685,0.025,1.4542703509010255,True,True,True
592,18,Ob18.txt,103,0.025812803122932215,0.41614001465210115,0.22448408634241418,0.19165592830968697,0.25,16.121457738249298,True,0.06796324413298652,0.22200187907290642,-0.1540386349399199,0.875,2.6329276913210427,False,False,True
592,19,Ob19.txt,143,0.13517413153926866,0.2610296969398106,0.3565268028266081,-0.0954971058867975,0.725,1.9310625041003526,False,0.14474376594065108,0.2993677611875494,-0.1546239952468983,0.725,1.0707948650559844,False,False,False
593,1,Ob1.txt,28,0.2186825108194017,0.24403451623062558,0.24987030390605364,-0.005835787675428056,0.525,1.1159306490319234,False,0.18229063714952198,0.2727629264595671,-0.09047228931004514,0.725,0.8335858065031371,False,False,False
593,2,Ob2.txt,43,0.015166164292559486,0.060044027910623576,0.238306897362272,-0.17826286945164843,0.85,3.959078033994472,False,0.050019991471541334,0.2505988227787372,-0.20057883130719584,0.825,3.298130661559635,False,False,False
593,3,Ob3.txt,40,0.2777664623405458,0.512226482603948,0.2659098920629866,0.2463165905409614,0.275,1.8440904574575698,True,0.7657060224880305,0.24912470747813026,0.5165813150099003,0.075,2.7566539748389913,True,True,True
593,4,Ob4.txt,58,0.3002285173279645,0.08400418543904922,0.21887720981007466,-0.13487302437102544,0.675,0.27980082034407305,False,0.08923115682927293,0.19373324130103672,-0.10450208447176379,0.725,0.297210796707224,False,False,False
593,5,Ob5.txt,93,0.2437371851356005,0.18037058930079505,0.23257926647155497,-0.052208677170759915,0.625,0.7400208105318352,False,0.3090304960260326,0.24664021279575143,0.062390283230281174,0.35,1.26788407708125,True,False,True
593,6,Ob6.txt,112,0.2997066754593192,0.4015666298722266,0.22506026415990737,0.1765063657123192,0.2,1.3398654843333089,True,0.3204332125762576,0.19355244340833908,0.12688076916791854,0.325,1.069156074302228,True,True,True
593,7,Ob7.txt,33,0.2392968574575028,0.635422229981868,0.2735377528773909,0.36188447710447713,0.15,2.655372229845158,True,0.4423978709470873,0.34691855489086554,0.09547931605622179,0.3,1.8487408303122144,True,True,True
593,8,Ob8.txt,84,0.17446429503883518,0.19379921423052693,0.1402822183810275,0.05351699584949943,0.325,1.1108245053085954,True,0.008565628277553805,0.17497291737023365,-0.16640728909267985,0.975,0.04909674082967592,False,False,True
593,9,Ob9.txt,37,0.40327659805181637,0.2179958498836408,0.23572674515279246,-0.01773089526915167,0.525,0.5405616168573978,False,0.07878861487447897,0.2957277418621597,-0.21693912698768075,0.875,0.19537115531894947,False,False,False
593,10,Ob10.txt,36,0.49222519907076767,0.3356607592568891,0.3110596646543502,0.024601094602538898,0.425,0.6819251836162716,False,0.5003086355650321,0.2631556797973407,0.2371529557676914,0.2,1.016422232160248,True,False,True
593,11,Ob11.txt,119,0.15235752535508168,0.0699262606262849,0.16428468860301493,-0.09435842797673002,0.875,0.458961646057955,False,0.13090134238662404,0.153254756470825,-0.022353414084200968,0.55,0.8591721484156937,False,False,False
593,12,Ob12.txt,91,0.3844626548271861,0.6620340435565797,0.25375327320883767,0.408280770347742,0.075,1.721972304056841,True,0.380600519556043,0.3362158371337973,0.04438468242224569,0.45,0.9899544592364137,False,False,True
593,13,Ob13.txt,102,0.16379778840458104,0.29123189706258584,0.0,0.29123189706258584,0.0,1.7779965156992363,True,0.40985912763714893,0.0,0.40985912763714893,0.0,2.5022262609846457,True,True,True
593,14,Ob14.txt,47,0.4554865753503695,0.691820565204271,0.29461022496408806,0.397210340240183,0.05,1.5188604947843054,True,0.32920289645423395,0.23033334350448476,0.0988695529497492,0.35,0.7227499431811012,True,True,True
593,15,Ob15.txt,96,0.025071324761270802,0.28422310591324024,0.307355383460154,-0.02313227754691377,0.525,11.336581078966235,False,0.07852968690997034,0.13825994727347074,-0.059730260363500404,0.7,3.132251193653712,False,False,False
593,16,Ob16.txt,84,0.03933596292448334,0.7032250728204075,0.19762284197294216,0.5056022308474653,0.0,17.87740836980271,True,0.4772900702565721,0.15332845066760104,0.3239616195889711,0.075,12.133682126273794,True,True,True
593,17,Ob17.txt,122,0.17283377160481736,0.09539116553635556,0.1553190581612,-0.05992789262484445,0.65,0.5519243412361936,False,0.004556449121434963,0.19795297097904413,-0.19339652185760917,1.0,0.026363187466933474,False,False,False
593,18,Ob18.txt,103,0.24929945469134898,0.2876140205733329,0.0,0.2876140205733329,0.0,1.1536889277572635,True,0.4209046075637439,0.0,0.4209046075637439,0.0,1.6883494915175596,True,True,True
593,19,Ob19.txt,143,0.26783930295672453,0.14858906906977293,0.1142831023866009,0.034305966683172026,0.425,0.5547694734472216,False,0.08227126511627605,0.11326758688222609,-0.030996321765950033,0.575,0.30716651442887316,False,False,False
594,1,Ob1.txt,28,0.41767644052609243,0.08317728171966865,0.2112965308352208,-0.12811924911555214,0.8,0.19914286191220434,False,0.6066582206874336,0.24399668813976438,0.3626615325476692,0.1,1.452459755506692,True,False,True
594,2,Ob2.txt,43,0.5207565525267737,0.22545085131303966,0.2767875476870591,-0.05133669637401944,0.625,0.43292945661293153,False,0.03975944444049198,0.2912153484618034,-0.25145590402131146,1.0,0.07634938868762065,False,False,False
594,3,Ob3.txt,40,0.001721441969971177,0.3930468801815046,0.28835100058710883,0.10469587959439575,0.325,228.32421135176898,True,0.34571351947197754,0.31587866775187656,0.029834851720100974,0.475,200.8278672778996,False,False,True
594,4,Ob4.txt,58,0.34559788258707774,0.0979655967736307,0.17820369238792216,-0.08023809561429146,0.8,0.28346700518035445,False,0.029404841492034706,0.259923213667723,-0.23051837217568827,0.825,0.08508397468154565,False,False,False
594,5,Ob5.txt,93,0.3174859516634114,0.21695393749373465,0.18772880599979747,0.029225131493937184,0.4,0.6833497241595822,False,0.1842655359041881,0.21221460184107316,-0.027949065936885065,0.575,0.5803895729520044,False,False,False
594,6,Ob6.txt,112,0.08401630430002882,0.5606605855547486,0.18065085798496486,0.3800097275697838,0.0,6.673235513342573,True,0.49123361490499423,0.15993682179227312,0.3312967931127211,0.0,5.846884351765348,True,True,True
594,7,Ob7.txt,33,0.8888744087932268,0.39155755129262704,0.2843746601525778,0.10718289114004925,0.35,0.4405094211500835,True,0.6765608345598328,0.3006394677357759,0.37592136682405697,0.175,0.7611433379867019,True,True,True
594,8,Ob8.txt,84,0.029575873663140406,0.2895139540784278,0.1614129030810747,0.12810105099735308,0.25,9.788855517030457,True,0.12465271050830351,0.23688764871990553,-0.11223493821160202,0.75,4.214675513158373,False,False,True
594,9,Ob9.txt,37,0.06826907928257359,0.2749017530526294,0.254850640938168,0.020051112114461422,0.45,4.026738839039844,False,0.13012808369999385,0.3681018118873375,-0.23797372818734364,0.825,1.906105737289626,False,False,False
594,10,Ob10.txt,36,1.2152815232166982,0.4844170280806708,0.24449427198676346,0.2399227560939073,0.175,0.3986047831933456,True,0.23410642249838104,0.21393420283735348,0.020172219661027557,0.375,0.19263554824624554,False,False,True
594,11,Ob11.txt,119,0.10376500993090403,0.2206158725170042,0.18751535485476417,0.03310051766224004,0.45,2.1261104553828876,False,0.4007341950550576,0.2211856640301218,0.1795485310249358,0.15,3.8619395432227304,True,False,True
594,12,Ob12.txt,91,0.018661605163610095,0.017521309436245497,0.19246516362586805,-0.17494385418962255,0.95,0.9388961604659731,False,0.16760306826803917,0.20414092902094902,-0.03653786075290985,0.575,8.981171062115445,False,False,False
594,13,Ob13.txt,102,0.19879341586974736,0.007033972267082356,0.054127671375425734,-0.04709369910834338,0.675,0.03538332613435813,False,0.27275771861402665,0.008969452294373015,0.26378826631965363,0.0,1.372066159337701,True,False,True
594,14,Ob14.txt,47,0.3047198086511214,0.851398781116087,0.24126580419672577,0.6101329769193613,0.0,2.7940381850622225,True,1.1137644918684235,0.16560268243373244,0.9481618094346911,0.0,3.6550446024452263,True,True,True
594,15,Ob15.txt,96,0.5346255935151683,0.020279107855819947,0.0973002345130581,-0.07702112665723815,0.925,0.03793141986055068,False,0.1324634157906793,0.3170896020030728,-0.1846261862123935,0.725,0.24776856438864273,False,False,False
594,16,Ob16.txt,84,0.019224261089071937,0.456978743811527,0.18790150518553753,0.2690772386259894,0.125,23.770939319550614,True,0.730596955575102,0.20090529862512577,0.5296916569499762,0.0,38.003903098799,True,True,True
594,17,Ob17.txt,122,0.47820853025237114,0.44668270837278495,0.18074011330530268,0.2659425950674823,0.1,0.9340751578334484,True,0.10359559491135706,0.135771985276817,-0.03217639036545994,0.625,0.21663267875352457,False,False,True
594,18,Ob18.txt,103,0.18875135558798203,0.2341435052123415,0.21423678584743566,0.019906719364905845,0.45,1.2404864827749593,False,0.369034944194219,0.21500383241532628,0.15403111177889273,0.175,1.9551379805704334,True,False,True
594,19,Ob19.txt,143,0.0357955032986077,0.6524938474902784,0.14446790705206397,0.5080259404382144,0.0,18.22837472201872,True,0.6556919017474854,0.13837431813592163,0.5173175836115638,0.05,18.31771706847293,True,True,True
595,1,Ob1.txt,28,0.6296013047629574,0.08115017403484506,0.2540465509914377,-0.17289637695659263,0.85,0.1288913689043224,False,0.036528623112348196,0.3517850064971058,-0.3152563833847576,0.9,0.058018658532007154,False,False,False
595,2,Ob2.txt,43,0.42727200741699317,0.383909328545721,0.2044799682749613,0.17942936027075973,0.275,0.8985127082548315,True,0.024828673992729505,0.20101237853932924,-0.17618370454659973,0.975,0.058109760437683275,False,False,True
595,3,Ob3.txt,40,0.3904182317872646,0.09668091240379367,0.18903532094168443,-0.09235440853789076,0.775,0.24763421513694636,False,0.017894377218680507,0.24047680195530893,-0.22258242473662843,1.0,0.04583386676580973,False,False,False
595,4,Ob4.txt,58,0.5979986999410357,0.7454421658094045,0.1733545759490373,0.5720875898603672,0.0,1.2465615157405978,True,0.8977899576353561,0.23734198640656246,0.6604479712287936,0.0,1.5013242632866604,True,True,True
595,5,Ob5.txt,93,0.06513291393191878,0.0856375633084,0.15360822717715888,-0.06797066386875888,0.725,1.3148124064879707,False,0.2853286912312678,0.15627664326084892,0.1290520479704189,0.175,4.380714357866934,True,False,True
595,6,Ob6.txt,112,0.3104321380131522,0.370488924369674,0.1870066016887932,0.1834823226808808,0.1,1.1934618842652733,True,0.24509361952492056,0.1649100545443503,0.08018356498057028,0.35,0.7895239877339523,True,True,True
595,7,Ob7.txt,33,0.6600991459078523,0.74385520845725,0.19070237583397795,0.553152832623272,0.1,1.126884064414605,True,1.1080257380486933,0.3513954867991587,0.7566302512495346,0.0,1.6785747185368576,True,True,True
595,8,Ob8.txt,84,0.3244243633158179,0.1173982693430766,0.1632843759380502,-0.04588610659497361,0.625,0.36186637816960965,False,0.42353764374288955,0.2206839396710352,0.20285370407185435,0.1,1.3055050471982823,True,False,True
595,9,Ob9.txt,37,0.04459612050208653,0.2436616392449512,0.33328512094184437,-0.08962348169689316,0.575,5.463740713355346,False,0.3700116703957441,0.30685748595401263,0.06315418444173149,0.425,8.296947497449521,False,False,False
595,10,Ob10.txt,36,0.5743550232400157,0.00621955180859303,0.2877348917429383,-0.2815153399343453,1.0,0.010828758445443171,False,0.025562723348001942,0.2881122063046113,-0.2625494829566094,0.975,0.04450683342821501,False,False,False
595,11,Ob11.txt,119,0.37295241866718676,0.22298164863983844,0.14588296247732782,0.07709868616251062,0.35,0.5978822967195222,True,0.3140536845057524,0.20264909654823365,0.11140458795751873,0.275,0.8420744008795553,True,True,True
595,12,Ob12.txt,91,0.05516756565568748,0.032044267674155,0.17575181225552,-0.143707544581365,0.875,0.5808533926283804,False,0.15914047572486534,0.1711463218549829,-0.01200584613011757,0.525,2.884674606055575,False,False,False
595,13,Ob13.txt,102,0.5017363390100513,0.003275300760159125,0.0,0.003275300760159125,0.0,0.006527932113949415,False,0.2876046731818609,0.0,0.2876046731818609,0.0,0.573218742236845,True,False,True
595,14,Ob14.txt,47,0.2426094094793786,0.09994348201356476,0.18125758921548482,-0.08131410720192006,0.775,0.411952208399649,False,0.23827816881058675,0.19617073496489995,0.0421074338456868,0.425,0.9821472684093896,False,False,False
595,15,Ob15.txt,96,0.712095020256182,0.2174613937460319,0.21888881028168117,-0.0014274165356492619,0.5,0.3053825508677176,False,0.18039036024746055,0.2799933234036658,-0.09960296315620523,0.725,0.2533234401534835,False,False,False
595,16,Ob16.txt,84,0.405996218696832,0.38257150882764107,0.2392211089494424,0.14335039987819867,0.275,0.9423031329100068,True,0.29333942537188595,0.19071897613300318,0.10262044923888278,0.3,0.7225176291381428,True,True,True
595,17,Ob17.txt,122,0.5303608948717036,0.30771924884723345,0.1959085698713957,0.11181067897583774,0.25,0.5802072736182255,True,0.19636690729787754,0.2143284085078629,-0.017961501209985353,0.525,0.3702514819562243,False,False,True
595,18,Ob18.txt,103,0.18064937052056435,0.30631234259055695,0.07767610172234996,0.228636240868207,0.025,1.6956181010090354,True,0.13714118201063702,0.08300384060915106,0.05413734140148596,0.4,0.7591567112326332,False,False,True
595,19,Ob19.txt,143,0.10704449884572854,0.10173918571373333,0.16931678587137738,-0.06757760015764405,0.625,0.9504382458771545,False,0.17096547329511574,0.08564564382604412,0.08531982946907163,0.225,1.597143946103288,True,False,True
596,1,Ob1.txt,28,0.23649915126668136,0.21853347361954106,0.22943905823925864,-0.010905584619717579,0.5,0.9240349170349376,False,0.16687088283577864,0.2277332143077413,-0.060862331471962655,0.625,0.7055876604293246,False,False,False
596,2,Ob2.txt,43,0.033298567582240174,0.6892214638848451,0.20393006307678896,0.4852914008080561,0.05,20.698231603585317,True,0.2782249941144947,0.20111584446600517,0.07710914964848953,0.4,8.35546434324359,False,False,True
596,3,Ob3.txt,40,0.39510221018897984,0.5671388160141164,0.2518080889878537,0.31533072702626275,0.15,1.4354230408957986,True,0.6493232486396678,0.21098975089734467,0.43833349774232316,0.125,1.6434310714918363,True,True,True
596,4,Ob4.txt,58,0.40416871536632204,0.2822741535033132,0.19121863356209892,0.09105551994121427,0.4,0.698406736522077,False,0.530745846484326,0.2141577910844278,0.3165880553998982,0.125,1.3131789431135945,True,False,True
596,5,Ob5.txt,93,0.07660643971890335,0.13345348275935806,0.16510157658012647,-0.031648093820768414,0.625,1.7420661141419311,False,0.013981874067252043,0.23412089085973403,-0.220139016792482,0.975,0.18251564905713644,False,False,False
596,6,Ob6.txt,112,0.10229084324039822,0.44382493704898424,0.21531899679602984,0.2285059402529544,0.125,4.338853048712598,True,0.3909472536020517,0.22158278333598386,0.16936447026606782,0.225,3.8219183772223806,True,True,True
596,7,Ob7.txt,33,0.0657742949346449,0.01628825375779809,0.3521894302038675,-0.3359011764460694,1.0,0.24763859154982254,False,0.08057824465851526,0.3731330841089096,-0.29255483945039434,0.875,1.2250719637295993,False,False,False
596,8,Ob8.txt,84,0.16333696579980295,0.04182719456935691,0.1500417821000239,-0.10821458753066698,0.85,0.25607916961444727,False,0.2746075764620196,0.1896861080911698,0.0849214683708498,0.25,1.6812334863535887,True,False,True
596,9,Ob9.txt,37,0.9137292515257053,0.5154557927738395,0.16938597951884055,0.3460698132549989,0.075,0.5641231162438478,True,0.1680603482509065,0.19782286126300908,-0.029762513012102587,0.575,0.18392795017811528,False,False,True
596,10,Ob10.txt,36,1.0088436705467736,0.01777125630604267,0.2676266901091662,-0.2498554338031235,1.0,0.017615470885009366,False,0.11508371233637095,0.25243858875416136,-0.13735487641779043,0.775,0.11407487175292265,False,False,False
596,11,Ob11.txt,119,0.23295064187845546,0.2257861696819045,0.23521118851647993,-0.009425018834575416,0.55,0.969244677160885,False,0.30049245314620593,0.17759120647687748,0.12290124666932845,0.275,1.2899404385543232,True,False,True
596,12,Ob12.txt,91,0.06400333490329263,0.019590536823017132,0.22777535645843566,-0.20818481963541852,1.0,0.3060861883621834,False,0.047883711513371466,0.2682173596342261,-0.22033364812085465,0.875,0.7481440082102363,False,False,False
596,13,Ob13.txt,102,0.0682472543938345,0.1380532750716583,0.0,0.1380532750716583,0.0,2.022839985254119,True,0.1660918777544662,0.0,0.1660918777544662,0.0,2.4336785300694976,True,True,True
596,14,Ob14.txt,47,0.6510792397153459,0.9944251501753818,0.23243085039977043,0.7619942997756114,0.025,1.5273488840008906,True,0.4058285140415681,0.2737578449085213,0.13207066913304683,0.3,0.6233166245924194,True,True,True
596,15,Ob15.txt,96,0.3482892599977332,0.04581839803274124,0.1569378049618882,-0.11111940692914696,0.85,0.13155271578870806,False,0.17901982288932106,0.09264512207109374,0.08637470081822732,0.25,0.5139975401207784,True,False,True
596,16,Ob16.txt,84,0.4779478923711601,0.19699991351783414,0.11425848763513793,0.0827414258826962,0.425,0.4121786426141406,False,0.21425430242491386,0.22578031400285162,-0.011526011577937756,0.525,0.4482796259692058,False,False,False
596,17,Ob17.txt,122,0.07867654537343893,0.013389036651564323,0.17863019369778782,-0.1652411570462235,0.95,0.17017824801550627,False,0.10498706481238287,0.2532126004663696,-0.14822553565398675,0.825,1.3344137609761693,False,False,False
596,18,Ob18.txt,103,0.11796758876852625,0.14824092110473086,0.9968597135645558,-0.848618792459825,0.65,1.2566241511946672,False,0.0779089255178463,1.217674732720761,-1.1397658072029149,0.625,0.6604265318223779,False,False,False
596,19,Ob19.txt,143,0.4322278668103486,0.050502074540511976,0.1221679026770105,-0.07166582813649852,0.7,0.11684132009626093,False,0.032705383111861844,0.07802053979144521,-0.04531515667958337,0.775,0.07566699332278869,False,False,False
597,1,Ob1.txt,28,0.9035302490019081,0.40479210953242584,0.17708938705501004,0.2277027224774158,0.2,0.4480116852530202,True,0.1777698347515645,0.19975331180994838,-0.021983477058383882,0.55,0.1967502858348565,False,False,True
597,2,Ob2.txt,43,0.33597921015069193,0.19366185486305693,0.24327365171951534,-0.04961179685645842,0.575,0.5764102331694766,False,0.15228109156545927,0.3252908539713677,-0.17300976240590843,0.8,0.4532455787879221,False,False,False
597,3,Ob3.txt,40,0.9395680115616678,0.3334417001943202,0.3195471653960239,0.013894534798296276,0.475,0.3548883062122374,False,0.9107692882903023,0.2561993493965573,0.654569938893745,0.025,0.9693489742977747,True,False,True
597,4,Ob4.txt,58,0.45431581290137457,0.07126449472550722,0.3596539436541069,-0.2883894489285997,0.875,0.1568611364645098,False,0.47103837947515964,0.36182883737499344,0.1092095421001662,0.35,1.0368082424139953,True,False,True
597,5,Ob5.txt,93,0.19887367388661337,0.35734513350070235,0.2490865651861729,0.10825856831452946,0.25,1.7968448337935394,True,0.05980113585693693,0.23710495500294373,-0.1773038191460068,0.85,0.3006991055590002,False,False,True
597,6,Ob6.txt,112,0.23033449711489878,0.5049801474260164,0.16314874670552795,0.34183140072048845,0.125,2.192377406559795,True,0.42235933164216993,0.1703259450996384,0.25203338654253155,0.15,1.8336781373720261,True,True,True
597,7,Ob7.txt,33,0.40766317845704936,0.14073851595076925,0.23020348558206605,-0.0894649696312968,0.7,0.3452323471632776,False,0.06455406260190452,0.2649040118997057,-0.20034994929780117,0.9,0.1583514676165579,False,False,False
597,8,Ob8.txt,84,0.3396379396261922,0.13384456735956857,0.11844926319812464,0.015395304161443926,0.425,0.39408014165578437,False,0.12638809460737832,0.16016710825475186,-0.03377901364737354,0.6,0.37212596079955584,False,False,False
597,9,Ob9.txt,37,0.16812382752006771,0.33929358953014055,0.25891645671359087,0.08037713281654968,0.375,2.0181172088152795,False,0.3312904844345034,0.3228891041392381,0.00840138029526527,0.5,1.970514764749569,False,False,False
597,10,Ob10.txt,36,0.3406455686836227,0.23611104056628987,0.24572828536046135,-0.009617244794171476,0.525,0.6931281727183713,False,0.06612788664725715,0.28126936645054296,-0.2151414798032858,0.875,0.19412519265346426,False,False,False
597,11,Ob11.txt,119,0.20506686582937628,0.08951599616696801,0.20674459270132756,-0.11722859653435955,0.725,0.43652101379190555,False,0.1559484411405777,0.20158079141253604,-0.04563235027195833,0.7,0.7604760550167717,False,False,False
597,12,Ob12.txt,91,0.32458205573860993,0.036831989948926475,0.20540562991554567,-0.1685736399666192,0.925,0.1134751268523228,False,0.011036737731833335,0.1461280203429979,-0.13509128261116457,0.95,0.0340029201759735,False,False,False
597,13,Ob13.txt,102,0.04182485147400586,0.2816356099599264,0.28702490352782223,-0.005389293567895803,0.55,6.733690617764966,False,0.35808709726950344,0.1169654681825944,0.24112162908690904,0.0,8.561586823375919,True,False,True
597,14,Ob14.txt,47,0.21655817889760537,0.41951202499105167,0.34849986207506983,0.07101216291598184,0.3,1.9371793165540445,True,0.2461253299836471,0.3165636762604371,-0.07043834627678996,0.6,1.1365321376295001,False,False,True
597,15,Ob15.txt,96,0.22198115995472176,0.4803733998544267,0.27564914324420037,0.2047242566102263,0.275,2.1640277938560644,True,0.3886503487703543,0.3627389026666701,0.025911446103684233,0.425,1.7508258306679207,False,False,True
597,16,Ob16.txt,84,0.022580503108517225,0.09867436937895491,0.15992720011047512,-0.061252830731520214,0.7,4.369892420232902,False,0.14613516838637963,0.2363627932463771,-0.09022762485999747,0.725,6.471741027384742,False,False,False
597,17,Ob17.txt,122,0.07864857526141633,0.012229339028721142,0.12263575902514606,-0.11040641999642492,0.925,0.1554934592021866,False,0.2640615295923915,0.16273519880568296,0.10132633078670852,0.325,3.3574864988296316,True,False,True
597,18,Ob18.txt,103,0.07511337025148634,0.7035797173870324,0.14237485286067936,0.561204864526353,0.0,9.366903855217574,True,0.2263972867130862,0.15674752373704381,0.06964976297604239,0.5,3.014074404531279,False,False,True
597,19,Ob19.txt,143,0.12236200318296611,0.0690756646754398,0.09749708937472133,-0.028421424699281536,0.65,0.5645189101076743,False,0.06960574735627506,0.14093204915997026,-0.0713263018036952,0.7,0.5688509957800757,False,False,False
598,1,Ob1.txt,28,0.2216813444627404,0.030683561068875057,0.18845208632797522,-0.15776852525910018,0.975,0.13841291491279395,False,0.09425197423063297,0.2496098255416564,-0.15535785131102342,0.8,0.4251687234172048,False,False,False
598,2,Ob2.txt,43,0.0905349391199318,0.13909227271048083,0.22434528542111995,-0.08525301271063912,0.675,1.5363380597873386,False,0.017010712153875146,0.21123024555711475,-0.1942195334032396,0.9,0.18789113152592973,False,False,False
598,3,Ob3.txt,40,0.13710068856478197,0.03959913197998616,0.2999606740508147,-0.26036154207082857,0.95,0.2888324806718605,False,0.15227896976226632,0.25643605363055433,-0.10415708386828801,0.65,1.1107090077838113,False,False,False
598,4,Ob4.txt,58,0.3865713636996908,0.18590263780468266,0.281943289770753,-0.09604065196607034,0.6,0.4809012132339469,False,0.005653040308896698,0.2776772073014605,-0.2720241669925638,1.0,0.014623536142962416,False,False,False
598,5,Ob5.txt,93,0.04892784079032422,0.3635563020772864,0.17055490571977944,0.19300139635750696,0.1,7.430458736883027,True,0.04608613347215429,0.2074068042931616,-0.16132067082100732,0.8,0.9419204429979281,False,False,True
598,6,Ob6.txt,112,0.04474657986914321,0.05612938552804514,0.1855202816976426,-0.12939089616959745,0.8,1.2543838141862411,False,0.006156953271485632,0.23543605401866707,-0.22927910074718144,1.0,0.13759606409006034,False,False,False
598,7,Ob7.txt,33,0.9719344730078965,0.19698950906465013,0.25989999502654193,-0.0629104859618918,0.675,0.2026777674167852,False,0.14767075797754153,0.2899641440215792,-0.14229338604403768,0.725,0.15193489075507025,False,False,False
598,8,Ob8.txt,84,0.014726129127542342,0.24114484424773508,0.1808457753022979,0.060299068945437184,0.4,16.375304206501955,False,0.10088251480650742,0.26493061154682107,-0.16404809674031365,0.675,6.850579261716946,False,False,False
598,9,Ob9.txt,37,0.26862397803853894,0.07082867890665479,0.25806085284060143,-0.18723217393394664,0.825,0.2636722135672235,False,0.1855770946578036,0.31178504402881113,-0.12620794937100754,0.725,0.6908433715145832,False,False,False
598,10,Ob10.txt,36,0.8561312371772996,0.6327561310481737,0.254389443399238,0.3783666876489357,0.075,0.739087774830407,True,0.5614558718094343,0.2538432106202077,0.30761266118922664,0.1,0.6558058477816764,True,True,True
598,11,Ob11.txt,119,0.2949697947788082,0.08903617395577898,0.1599098282402647,-0.07087365428448572,0.675,0.3018484452706264,False,0.0852637605970642,0.23498012671355378,-0.14971636611648959,0.75,0.28905929388804624,False,False,False
598,12,Ob12.txt,91,0.08314210623714194,0.3906408348974168,0.14165411309672638,0.24898672180069042,0.1,4.698471720011664,True,0.38712981942888686,0.23449857887565173,0.15263124055323513,0.275,4.65624263023475,True,True,True
598,13,Ob13.txt,102,0.3253259392541096,0.1700580623077258,0.002032722759002681,0.16802533954872312,0.0,0.522731334297001,True,0.18065266466329993,0.22695350790643243,-0.046300843243132495,0.55,0.555297450542957,False,False,True
598,14,Ob14.txt,47,0.6909871610859959,0.09904056623450402,0.2823159811046534,-0.18327541487014937,0.65,0.14333199198498286,False,0.47067652206365485,0.22529000361374973,0.2453865184499051,0.225,0.6811653653939272,True,False,True
598,15,Ob15.txt,96,0.27639404462335193,0.22234780437628354,0.16321490728193772,0.059132897094345827,0.35,0.8044594617777733,True,0.01875355192081901,0.11629048104151937,-0.09753692912070036,0.825,0.06785078146808438,False,False,True
598,16,Ob16.txt,84,0.16645204323332052,0.0012009912155847013,0.2524910268270083,-0.2512900356114236,1.0,0.007215238649256099,False,0.05071067660752665,0.16895649054934547,-0.11824581394181882,0.9,0.30465637803222434,False,False,False
598,17,Ob17.txt,122,0.15531773836956253,0.1560944971149268,0.15334210136906418,0.0027523957458626125,0.475,1.0050010948750492,False,0.15322027880847316,0.15781658654990027,-0.004596307741427108,0.5,0.9864956856627755,False,False,False
598,18,Ob18.txt,103,0.04395040013881912,0.04170547648154915,0.2071157398540257,-0.16541026337247655,0.825,0.9489214284698367,False,0.0705233403817428,0.181344531963692,-0.1108211915819492,0.875,1.6046120208005379,False,False,False
598,19,Ob19.txt,143,0.1816256532842729,0.12264009605646961,0.09181929223860621,0.030820803817863396,0.35,0.6752355399075616,True,0.018428457165443043,0.174973223877609,-0.15654476671216594,0.95,0.1014639552960043,False,False,True
599,1,Ob1.txt,28,0.42508756871052267,0.6480444835370847,0.2385633075937126,0.4094811759433721,0.125,1.524496436117594,True,0.3202067033684096,0.2289765013429041,0.09123020202550552,0.375,0.753272330074806,False,False,True
599,2,Ob2.txt,43,0.040250848682021376,0.16537263821604353,0.16715961111946273,-0.0017869729034191983,0.5,4.1085503444281315,False,0.26409908230734763,0.29847132714148206,-0.034372244834134424,0.55,6.561329536023207,False,False,False
599,3,Ob3.txt,40,0.4722106921405327,0.615663251502945,0.27649748737053126,0.3391657641324137,0.075,1.3037893079297747,True,0.6458234485076779,0.24393584351756278,0.4018876049901151,0.075,1.3676595199065866,True,True,True
599,4,Ob4.txt,58,0.36291052284916236,0.36560333285201885,0.18979727952534953,0.17580605332666932,0.175,1.0074200383656984,True,0.1648393440625142,0.2224151031791538,-0.05757575911663962,0.575,0.4542148372231876,False,False,True
599,5,Ob5.txt,93,0.13650936516901713,0.08377646897651665,0.24714878543447644,-0.1633723164579598,0.825,0.6137049196059919,False,0.052129349488262006,0.16166176725837933,-0.10953241777011732,0.9,0.38187379615837197,False,False,False
599,6,Ob6.txt,112,0.27324087521443513,0.16804715373549617,0.18219812514557282,-0.014150971410076651,0.55,0.6150146957464376,False,0.09403569023061359,0.21863072576522652,-0.12459503553461293,0.825,0.34414942550896116,False,False,False
599,7,Ob7.txt,33,0.15208717844648234,0.4527765155305026,0.22540258878582153,0.22737392674468104,0.175,2.9770853806051063,True,0.6377049174173929,0.22944540792523266,0.4082595094921602,0.1,4.193022212203073,True,True,True
599,8,Ob8.txt,84,0.5449376221383327,0.49325991234380373,0.2095513716561868,0.2837085406876169,0.1,0.9051676601227386,True,0.4645533642591914,0.29185061349840336,0.17270275076078806,0.15,0.8524890655122803,True,True,True
599,9,Ob9.txt,37,0.8051788784265455,0.26977002531735994,0.20540290868098895,0.06436711663637099,0.4,0.3350435940949368,False,0.783750373276807,0.2435428623417684,0.5402075109350386,0.025,0.9733866526757218,True,False,True
599,10,Ob10.txt,36,0.12692495586524022,0.2678802643346302,0.23688620552209394,0.03099405881253625,0.475,2.1105405356141795,False,0.2124061541352999,0.32281643164358975,-0.11041027750828986,0.7,1.673478258765892,False,False,False
599,11,Ob11.txt,119,0.3773528091344437,0.24328867747544788,0.19614985907827925,0.04713881839716863,0.45,0.6447247021520615,False,0.08091881755890973,0.178600115524715,-0.09768129796580527,0.825,0.21443809506683673,False,False,False
599,12,Ob12.txt,91,0.15092114000695817,0.45906217704736035,0.23461703570723133,0.22444514134012902,0.075,3.04173541908175,True,0.27990182369625816,0.2843039789408933,-0.004402155244635164,0.525,1.854623041433118,False,False,True
599,13,Ob13.txt,102,0.27344748940089475,0.1070653265148257,0.0,0.1070653265148257,0.0,0.391538890151812,True,0.08705521763451271,0.0,0.08705521763451271,0.0,0.3183617367460381,True,True,True
599,14,Ob14.txt,47,0.2465641950135497,0.07234511275892005,0.22870790808037852,-0.15636279532145847,0.85,0.29341288890280437,False,0.14049218611774986,0.17125992531772108,-0.030767739199971222,0.575,0.5697996260569351,False,False,False
599,15,Ob15.txt,96,0.2661124414961754,0.21123431753056396,0.22137144235795514,-0.01013712482739118,0.525,0.7937784356978282,False,0.43670110767501735,0.15133095389251172,0.28537015378250563,0.05,1.6410397996415875,True,False,True
599,16,Ob16.txt,84,0.16513272466596612,0.2524907778323836,0.13962834387051687,0.11286243396186674,0.275,1.5290172092971102,True,0.13708496325838065,0.1560031868875819,-0.01891822362920126,0.55,0.8301501930382299,False,False,True
599,17,Ob17.txt,122,0.42111201228532025,0.19254714546556934,0.19531600529577486,-0.002768859830205528,0.5,0.45723498700652343,False,0.14422088346976314,0.12922053791492466,0.015000345554838479,0.475,0.34247629908986715,False,False,False
599,18,Ob18.txt,103,0.3728694151050651,0.2690731405912693,0.19949321779669837,0.06957992279457093,0.125,0.7216283494731026,True,0.145086397250971,0.11860898713793389,0.026477410113037114,0.125,0.38910779853072514,False,False,True
599,19,Ob19.txt,143,0.11879162201137171,0.3077748160096803,0.12490317081795171,0.1828716451917286,0.175,2.5908798179405075,True,0.03178836514911154,0.18978358625069305,-0.1579952211015815,0.925,0.2675977026904178,False,False,True
600,1,Ob1.txt,28,0.34534500950707264,0.16187612997645692,0.29989113998862404,-0.13801501001216712,0.8,0.46873742350442654,False,0.01213548656858282,0.17561754573653837,-0.16348205916795555,0.975,0.035140182236611375,False,False,False
600,2,Ob2.txt,43,0.21756730096775176,0.19930495945123278,0.18238832622236312,0.01691663322886966,0.475,0.9160611845838642,False,0.004859497873432178,0.24238504315258833,-0.23752554527915615,0.95,0.022335607657110488,False,False,False
600,3,Ob3.txt,40,0.23904783112703853,0.09846432945229533,0.24099519285629253,-0.1425308634039972,0.775,0.41190220797262905,False,0.33302382141014275,0.2568702802504206,0.07615354115972217,0.425,1.3931263038030328,False,False,False
600,4,Ob4.txt,58,0.23815212192516738,0.08725843134095863,0.2508300555030102,-0.16357162416205157,0.825,0.3663978747515722,False,0.038053721313335453,0.33436348943061533,-0.2963097681172799,1.0,0.1597874543620181,False,False,False
600,5,Ob5.txt,93,0.017265642898023306,0.0696815876670453,0.21466544837623672,-0.14498386070919142,0.825,4.035852477582687,False,0.10605885606605614,0.22183347224452904,-0.1157746161784729,0.875,6.142769006197766,False,False,False
600,6,Ob6.txt,112,0.05498872691196932,0.03420367818663983,0.2040747572220667,-0.16987107903542686,0.95,0.622012548888357,False,0.00309056494400084,0.1900512136356504,-0.18696064869164955,1.0,0.056203609677097664,False,False,False
600,7,Ob7.txt,33,1.17757500591715,1.0114401798704646,0.4075679611967798,0.6038722186736849,0.075,0.8589178394481193,True,0.954376986997431,0.33262846891590325,0.6217485180815278,0.1,0.8104596159071141,True,True,True
600,8,Ob8.txt,84,0.4001186129939367,0.14950017954427705,0.17421965159055708,-0.024719472046280028,0.55,0.3736396525660818,False,0.17425998551200167,0.22614221794549025,-0.05188223243348858,0.55,0.4355208177097284,False,False,False
600,9,Ob9.txt,37,0.17728392188843822,0.2796376119442008,0.2020872168883017,0.07755039505589909,0.35,1.577343331338146,True,0.3168841967685484,0.23220503266076645,0.08467916410778195,0.4,1.7874390040172863,False,False,True
600,10,Ob10.txt,36,0.3329739156113352,0.41772918126969216,0.23140221813752757,0.1863269631321646,0.225,1.2545402558117729,True,0.1618547489270025,0.1726954750977953,-0.010840726170792792,0.525,0.4860883731082645,False,False,True
600,11,Ob11.txt,119,0.2244117497153254,0.18129945067918135,0.20845463403799622,-0.027155183358814866,0.625,0.8078875143978264,False,0.5576564761027487,0.14533774476335704,0.4123187313393917,0.025,2.4849700463997833,True,False,True
600,12,Ob12.txt,91,0.3380656272909746,0.15988109498548514,0.2010057955051427,-0.04112470051965755,0.65,0.4729291654601571,False,0.15104261451651552,0.2855223609811276,-0.13447974646461208,0.775,0.446784891226201,False,False,False
600,13,Ob13.txt,102,0.4428763368630964,0.449574376753229,0.13381876446253593,0.31575561229069304,0.075,1.0151239507117833,True,0.6355650763136748,0.1993316221117661,0.4362334542019086,0.0,1.4350847480707531,True,True,True
600,14,Ob14.txt,47,0.5324909536032312,0.38072437005760795,0.2209734688524493,0.15975090120515864,0.3,0.7149874894237034,True,0.033416807514257074,0.19256214620471254,-0.15914533869045547,0.875,0.06275563422840147,False,False,True
600,15,Ob15.txt,96,0.004623328823245426,0.08723931989441666,0.14678914616146346,-0.0595498262670468,0.675,18.869373827747236,False,0.049714331706815995,0.2466190299203859,-0.1969046982135699,0.85,10.752930108898928,False,False,False
600,16,Ob16.txt,84,0.24926630650440545,0.36497702375887686,0.18144947110480808,0.18352755265406878,0.125,1.4642052063800544,True,0.45336234827779687,0.17749662060389343,0.27586572767390344,0.075,1.818787122237013,True,True,True
600,17,Ob17.txt,122,0.07358275389461255,0.04630297255318824,0.12177966814835295,-0.0754766955951647,0.8,0.6292639253418643,False,0.17200835686679444,0.18556521309803803,-0.013556856231243586,0.525,2.337617821604639,False,False,False
600,18,Ob18.txt,103,0.2628801097817718,0.0209502448599318,0.11116342166864218,-0.09021317680871038,0.8,0.07969505519958703,False,0.10373481940899015,0.083003840609151,0.02073097879983915,0.45,0.3946088560869247,False,False,False
600,19,Ob19.txt,143,0.04373509566838726,0.17253430862755043,0.17021530664285256,0.002319001984697866,0.475,3.9449852799170215,False,0.4008266049213223,0.18010395754675063,0.2207226473745717,0.175,9.164873170977172,True,False,True
