replicate,ob,dataset,n_events,b3_event_direction_abs_z,k8_local_event_direction_abs_z,k8_local_non_event_direction_abs_median_z,k8_local_event_minus_non_event_direction_z,k8_p_non_event_direction_ge_event,k8_local_to_b3_direction_ratio,k8_pass,k10_local_event_direction_abs_z,k10_local_non_event_direction_abs_median_z,k10_local_event_minus_non_event_direction_z,k10_p_non_event_direction_ge_event,k10_local_to_b3_direction_ratio,k10_pass,both_pass,any_pass
651,1,Ob1.txt,28,0.3449979648551694,0.020514666127159117,0.36337561070782637,-0.34286094458066724,0.95,0.05946315113995296,False,0.14415535025563012,0.27350586894235673,-0.12935051868672662,0.775,0.4178440597936475,False,False,False
651,2,Ob2.txt,43,0.3047193175025626,0.3407107563147321,0.1655286846767879,0.17518207163794416,0.25,1.118113413705276,True,0.37610914805104656,0.22319836496021747,0.1529107830908291,0.275,1.234280619730922,True,True,True
651,3,Ob3.txt,40,0.5533554679701581,0.8169366997950931,0.22815573710741857,0.5887809626876745,0.025,1.4763325693551286,True,1.0790660260626508,0.32783766882414656,0.7512283572385042,0.0,1.9500413179631646,True,True,True
651,4,Ob4.txt,58,0.5512706995186248,0.05346994268129118,0.2143437581414389,-0.16087381546014773,0.875,0.0969939863083267,False,0.21341531259163077,0.2531521977443772,-0.039736885152746426,0.6,0.38713342243291216,False,False,False
651,5,Ob5.txt,93,0.7904239519474672,0.5944933621985805,0.20431534157732384,0.39017802062125667,0.05,0.7521196197734801,True,0.5033112136050041,0.23066868446951067,0.2726425291354934,0.1,0.6367610854465288,True,True,True
651,6,Ob6.txt,112,0.1664284279486651,0.013130777995925796,0.1853513599892075,-0.1722205819932817,1.0,0.07889744653465085,False,0.059527603951127606,0.22716175563936788,-0.16763415168824028,0.875,0.3576768986214838,False,False,False
651,7,Ob7.txt,33,0.09465573739945796,0.8748730538944933,0.28830579114730254,0.5865672627471907,0.05,9.242683834392729,True,0.8280474118818006,0.4543572250982374,0.37369018678356325,0.125,8.747989658432923,True,True,True
651,8,Ob8.txt,84,0.017962604703456307,0.17927769852955036,0.3705174265147896,-0.19123972798523922,0.75,9.980607016033389,False,0.22894465245082496,0.4244725334654392,-0.1955278810146142,0.725,12.745626607636261,False,False,False
651,9,Ob9.txt,37,0.027978691226198005,0.2952939907558423,0.22997615199139743,0.06531783876444486,0.375,10.55424602846834,False,0.32406922073618605,0.21972772935731513,0.10434149137887092,0.3,11.582715507176475,True,False,True
651,10,Ob10.txt,36,0.48017469391821227,0.3258052553661753,0.2446122007781234,0.08119305458805187,0.4,0.6785140064496389,False,0.6517310800325774,0.2586781634285172,0.3930529166040602,0.025,1.3572791075566055,True,False,True
651,11,Ob11.txt,119,0.17681867119309946,0.05719322639155597,0.2157232045394295,-0.15852997814787353,0.9,0.3234569404104197,False,0.4454805296920924,0.15479517619351144,0.29068535349858093,0.125,2.5194201872809785,True,False,True
651,12,Ob12.txt,91,0.04489661966811037,0.11552585783438721,0.38715744307776273,-0.2716315852433755,0.775,2.5731526936413007,False,0.009502174194622251,0.3239060612385456,-0.31440388704392336,1.0,0.21164564871175706,False,False,False
651,13,Ob13.txt,102,0.5781671664752334,0.5208439726728571,0.002680974331498498,0.5181629983413586,0.0,0.9008535988789468,True,0.3544242855267235,0.06888201438899832,0.2855422711377252,0.0,0.613013512488876,True,True,True
651,14,Ob14.txt,47,0.8863465902336937,0.08286897337766636,0.20683668713341102,-0.12396771375574467,0.75,0.09349499878576524,False,0.1218877751092251,0.16982451497173814,-0.04793673986251304,0.7,0.13751705760732744,False,False,False
651,15,Ob15.txt,96,0.08413493592221213,0.4416694134390222,0.21772932038199624,0.22394009305702597,0.1,5.249536457095212,True,0.7336289333789452,0.14658600116094486,0.5870429322180003,0.0,8.719670673514624,True,True,True
651,16,Ob16.txt,84,0.12494615609327392,0.15640247689291867,0.3088954074646253,-0.15249293057170663,0.675,1.2517590119071946,False,0.2531448814781926,0.26534488297514824,-0.01220000149695566,0.525,2.026031767549669,False,False,False
651,17,Ob17.txt,122,0.3897355357598713,0.20978135706009618,0.1723305100355709,0.03745084702452528,0.425,0.5382659208919283,False,0.07655231846077298,0.1743121769422803,-0.09775985848150731,0.75,0.19642119190265306,False,False,False
651,18,Ob18.txt,103,0.2739440045527292,0.16579725642875615,0.0,0.16579725642875615,0.0,0.6052231612057172,True,0.1459329752839344,0.0,0.1459329752839344,0.0,0.5327109659589027,True,True,True
651,19,Ob19.txt,143,0.14600081330814876,0.059633755006754496,0.10514404788718626,-0.04551029288043176,0.675,0.40844810145606325,False,0.21460232762954548,0.07385639093425612,0.14074593669528934,0.15,1.4698707682991232,True,False,True
652,1,Ob1.txt,28,0.29744486127952785,0.16842379155493994,0.22977571054217094,-0.061351918987231,0.75,0.5662353379729811,False,0.12116773511572296,0.3065620766700753,-0.18539434155435233,0.775,0.40736200516119836,False,False,False
652,2,Ob2.txt,43,0.1316521142262995,0.41157929393497106,0.24664708689228163,0.16493220704268943,0.175,3.1262642180398186,True,0.08836804723163688,0.22245594076915343,-0.13408789353751654,0.775,0.6712239127412664,False,False,True
652,3,Ob3.txt,40,0.26515718479908806,0.4564143533772807,0.19865365363717583,0.25776069974010485,0.15,1.7212973268030052,True,0.3721314423899379,0.27409401994987304,0.09803742244006486,0.35,1.4034371449218137,True,True,True
652,4,Ob4.txt,58,0.45127453199438394,0.17677859887262848,0.2705095624748154,-0.09373096360218691,0.65,0.3917318313784844,False,0.28600930971057714,0.276315294090119,0.00969401562045813,0.475,0.6337811895711777,False,False,False
652,5,Ob5.txt,93,0.1180263044479993,0.008947809781775583,0.18192375472847666,-0.17297594494670107,0.975,0.07581199651741921,False,0.059464474119451396,0.19529087766047873,-0.13582640354102732,0.775,0.5038239094036074,False,False,False
652,6,Ob6.txt,112,0.36741938901061677,0.07435614931147772,0.11495233523845626,-0.04059618592697854,0.65,0.20237404866330871,False,0.19183654914905476,0.11363542216914999,0.07820112697990478,0.325,0.5221187419249438,True,False,True
652,7,Ob7.txt,33,0.25479299420646917,0.3546596798638446,0.38659859586378814,-0.03193891599994353,0.55,1.3919522433040266,False,0.25129575137379945,0.37145067096396084,-0.12015491959016139,0.6,0.9862741797765611,False,False,False
652,8,Ob8.txt,84,0.05301532425512412,0.060793411288727145,0.20514991649194236,-0.14435650520321522,0.775,1.1467139387127534,False,0.14315417811762254,0.14597189760202003,-0.0028177194843974906,0.5,2.7002414892102857,False,False,False
652,9,Ob9.txt,37,0.518203598452293,0.3936814896013765,0.16424613320059206,0.22943535640078444,0.2,0.7597042760358594,True,0.42519743952140343,0.2155439376978465,0.20965350182355694,0.225,0.8205219739718732,True,True,True
652,10,Ob10.txt,36,0.21405687132510953,0.4326473229068466,0.22111042685651797,0.21153689605032863,0.175,2.0211793259826822,True,0.47815405956022033,0.22931992644109433,0.248834133119126,0.225,2.233771131009385,True,True,True
652,11,Ob11.txt,119,0.1191787595115773,0.45892992898105545,0.17958833816227704,0.2793415908187784,0.1,3.850769473200247,True,0.5465529532983737,0.16605372917808758,0.38049922412028614,0.05,4.585992970041614,True,True,True
652,12,Ob12.txt,91,0.050831540117589495,0.15142932592947572,0.15834898774874073,-0.0069196618192650106,0.525,2.979042649094865,False,0.13894478699003662,0.17006813223941908,-0.031123345249382456,0.575,2.733436497666866,False,False,False
652,13,Ob13.txt,102,0.19685972752272335,0.2406821954687276,0.22842799747763273,0.012254197991094867,0.45,1.222607582045677,False,0.3321293930845354,0.1835327478589943,0.14859664522554109,0.1,1.6871373198776676,True,False,True
652,14,Ob14.txt,47,0.23555303782561154,0.046570295588513444,0.2540480785924684,-0.20747778300395497,0.875,0.19770619822356578,False,0.05744233351155975,0.23161035175426495,-0.1741680182427052,0.825,0.24386156952934904,False,False,False
652,15,Ob15.txt,96,0.36379743112586166,0.21307734985221863,0.21797756496651643,-0.004900215114297807,0.5,0.585703283260681,False,0.5523251393051027,0.12668118613097112,0.4256439531741316,0.0,1.5182216586736064,True,False,True
652,16,Ob16.txt,84,0.3346799295131647,0.6043324692817376,0.22142844933497374,0.3829040199467638,0.025,1.805702750567736,True,0.29428712380118965,0.1360226173328932,0.15826450646829646,0.15,0.8793091483832579,True,True,True
652,17,Ob17.txt,122,0.2581527708867043,0.28644232325682567,0.17488415227920764,0.11155817097761803,0.25,1.109584538926126,True,0.3907403629043372,0.18106222579909675,0.20967813710524047,0.15,1.5136012740139122,True,True,True
652,18,Ob18.txt,103,0.2308129924903161,0.19927651577479288,0.2815504723916884,-0.08227395661689552,0.55,0.8633678443519753,False,0.4393700368183212,0.12596898350593805,0.31340105331238316,0.0,1.90357584327388,True,False,True
652,19,Ob19.txt,143,0.21373303462520926,0.3674215204368921,0.18864467689237754,0.17877684354451454,0.25,1.7190675324531963,True,0.3227966124606269,0.2553717542937146,0.0674248581669123,0.3,1.5102794616034234,True,True,True
653,1,Ob1.txt,28,0.17316898610565734,0.10820688859461852,0.23918144950729742,-0.1309745609126789,0.8,0.6248629793824465,False,0.1762323350339171,0.22442430361722254,-0.04819196858330543,0.6,1.01768993973546,False,False,False
653,2,Ob2.txt,43,0.3643899356846944,0.5008506702923888,0.24765846031120783,0.25319220998118097,0.225,1.3744909539043184,True,0.5046743796725625,0.322878404040485,0.18179597563207744,0.275,1.3849844088703256,True,True,True
653,3,Ob3.txt,40,0.07491079998830374,0.6372787773654693,0.2923124144239552,0.3449663629415141,0.075,8.507168224941816,True,0.07300603515141402,0.30880984228137154,-0.23580380712995752,0.95,0.9745728941996731,False,False,True
653,4,Ob4.txt,58,0.0062208160509768795,0.822732131429227,0.1980505577811059,0.624681573648121,0.025,132.25469531445637,True,0.460243959692896,0.22739762006477604,0.23284633962811996,0.2,73.98449912702725,True,True,True
653,5,Ob5.txt,93,0.086532205971346,0.09469349261690711,0.267194672744975,-0.17250118012806787,0.8,1.0943150189452424,False,0.11900588396574,0.20052652092835463,-0.08152063696261463,0.675,1.3752785177480304,False,False,False
653,6,Ob6.txt,112,0.13933813749306984,0.18223926249566774,0.14495820557782985,0.037281056917837896,0.425,1.3078921950189815,False,0.12238239650569938,0.15574728614733185,-0.03336488964163248,0.625,0.8783122747839673,False,False,False
653,7,Ob7.txt,33,0.31744956401032937,0.04460214945994105,0.19290799884652482,-0.14830584938658375,0.775,0.14050153005877103,False,0.2511462202384649,0.20528271176867793,0.04586350846978696,0.4,0.791137392238765,False,False,False
653,8,Ob8.txt,84,0.22909664971263702,0.01901646084148756,0.1515738126267236,-0.13255735178523603,0.925,0.08300628082226646,False,0.03503457400583729,0.19331246215602063,-0.15827788815018334,0.8,0.15292486402477834,False,False,False
653,9,Ob9.txt,37,0.22976380505577798,0.5834374731606602,0.23509273432759398,0.3483447388330662,0.1,2.5392923529405493,True,0.11819961517706898,0.2929157283990006,-0.17471611322193162,0.8,0.5144396661970956,False,False,True
653,10,Ob10.txt,36,0.5407302054849987,0.4127278667277678,0.23264094999058582,0.18008691673718197,0.275,0.7632787340917613,True,0.5509389921184471,0.22959018723515007,0.32134880488329703,0.175,1.01887963078425,True,True,True
653,11,Ob11.txt,119,0.5200721460808482,0.1546882745934724,0.2283960396421727,-0.0737077650487003,0.725,0.2974361841124735,False,0.10811454399407278,0.1920298782357349,-0.08391533424166212,0.675,0.2078837423015263,False,False,False
653,12,Ob12.txt,91,0.17893367356593606,0.30120244418940556,0.21842613068409905,0.08277631350530651,0.275,1.683318953815667,True,0.18241084149502168,0.19920224615607776,-0.01679140466105608,0.55,1.0194327197323443,False,False,True
653,13,Ob13.txt,102,0.04355761582294712,0.03927326516146684,0.6382853239691421,-0.5990120588076753,0.575,0.9016394588974912,False,0.16909492209422675,0.765637159372438,-0.5965422372782113,0.65,3.882097743401827,False,False,False
653,14,Ob14.txt,47,0.00826863837887817,0.09178541894138054,0.2186443126168811,-0.12685889367550057,0.725,11.10042726936056,False,0.2851153527290292,0.2109160240355813,0.07419932869344792,0.375,34.48153609635927,False,False,False
653,15,Ob15.txt,96,0.07732233892399554,0.06744607462534935,0.10388392255690064,-0.03643784793155129,0.625,0.8722715267530368,False,0.18891921926144095,0.08709818247973401,0.10182103678170694,0.125,2.4432682959466634,True,False,True
653,16,Ob16.txt,84,0.06940431517192375,0.05254653180730012,0.16178677409643982,-0.1092402422891397,0.825,0.7571075613545837,False,0.2696688297701627,0.20201066855863486,0.06765816121152785,0.325,3.8854764160147255,True,False,True
653,17,Ob17.txt,122,0.19465435539116516,0.15544828811976208,0.1310603391010161,0.02438794901874597,0.45,0.798586231514743,False,0.5132478454505791,0.20846168058385783,0.3047861648667213,0.05,2.6367139045986847,True,False,True
653,18,Ob18.txt,103,0.03558183020938599,0.0770829669375324,0.21966632965050273,-0.14258336271297034,0.775,2.1663575618209485,False,0.1483993095645253,0.17641469965578216,-0.028015390091256864,0.575,4.170648577975048,False,False,False
653,19,Ob19.txt,143,0.06995436732030119,0.5365720563530487,0.040290227460184236,0.4962818288928645,0.0,7.6703153342269195,True,0.32076980075027284,0.1329374842550159,0.18783231649525695,0.1,4.5854149360190615,True,True,True
654,1,Ob1.txt,28,0.35079574258130664,0.08798402162615242,0.25360834649051034,-0.1656243248643579,0.8,0.2508126836965807,False,0.09452993007158482,0.2893662079294429,-0.19483627785785806,0.775,0.26947285441947716,False,False,False
654,2,Ob2.txt,43,0.21144134101676446,0.026784728719564666,0.209232924135776,-0.18244819541621132,1.0,0.12667687686222628,False,0.30140930987221703,0.20975238716749728,0.09165692270471976,0.375,1.4254984783146987,False,False,False
654,3,Ob3.txt,40,0.28840190183934883,0.021011682227822265,0.27473735668581944,-0.2537256744579972,1.0,0.07285556056952286,False,0.04196281342393604,0.3478701862152993,-0.30590737279136326,0.925,0.14550116748991127,False,False,False
654,4,Ob4.txt,58,0.3210389232665329,0.31644303085586,0.21744752708677734,0.09899550376908267,0.325,0.9856843140267535,True,0.41839278045860867,0.2131914240025533,0.20520135645605536,0.15,1.303246273696385,True,True,True
654,5,Ob5.txt,93,0.3380463224673548,0.15720024257398835,0.14703226276077497,0.01016797981321338,0.45,0.4650257438880117,False,0.16644151945927912,0.19009898908136452,-0.023657469622085397,0.6,0.4923630532184015,False,False,False
654,6,Ob6.txt,112,0.09091909079905641,0.18936560094066407,0.1915910255791069,-0.00222542463844283,0.5,2.0827925056926477,False,0.03866260962804233,0.2229023211517671,-0.1842397115237248,0.9,0.4252419298108905,False,False,False
654,7,Ob7.txt,33,0.0899144497345688,0.2572181969120237,0.269270201624179,-0.012052004712155284,0.5,2.860699227669663,False,0.20661701829598167,0.45236261932449384,-0.24574560102851217,0.75,2.297928963652936,False,False,False
654,8,Ob8.txt,84,0.5304413631840166,0.18157444495462305,0.165098342981446,0.01647610197317706,0.45,0.34230823151631307,False,0.0365636299498098,0.17356818051552092,-0.13700455056571112,0.875,0.06893057835899843,False,False,False
654,9,Ob9.txt,37,0.32605364805056924,0.2856566434130988,0.2457053098033578,0.03995133360974101,0.4,0.8761031968849339,False,0.237312289715841,0.3414446930488845,-0.10413240333304347,0.65,0.727832033576987,False,False,False
654,10,Ob10.txt,36,0.10222750859645571,0.28043344564106754,0.30545254602044025,-0.025019100379372716,0.55,2.743228799090486,False,0.11939037671195715,0.2489449597971312,-0.12955458308517404,0.825,1.1678889405712904,False,False,False
654,11,Ob11.txt,119,0.3813856550962317,0.22908346754799477,0.2237167140202452,0.005366753527749568,0.5,0.6006609438160231,False,0.2662548906422977,0.15254039843062167,0.11371449221167601,0.3,0.6981250791278868,True,False,True
654,12,Ob12.txt,91,0.8068331699026379,0.4669399171152684,0.2001321619640311,0.2668077551512373,0.075,0.5787316815093446,True,0.18761384826337701,0.28055629409143656,-0.09294244582805955,0.7,0.23253115422363801,False,False,True
654,13,Ob13.txt,102,0.4586040288912665,0.1094130141577677,0.1872154968019295,-0.0778024826441618,0.775,0.2385783971900281,False,0.3071993637497315,0.20210022741165173,0.10509913633807977,0.2,0.6698575337256085,True,False,True
654,14,Ob14.txt,47,0.013308297667887936,0.5111203699012918,0.21428787506518,0.29683249483611185,0.1,38.40614199174342,True,0.10827323975195821,0.23501976215844883,-0.12674652240649062,0.7,8.13576931129325,False,False,True
654,15,Ob15.txt,96,0.17605787927266797,0.03072331306083244,0.1978542429339697,-0.16713092987313727,0.975,0.17450689050530932,False,0.0044928566113640045,0.20884085917619782,-0.20434800256483382,0.975,0.02551920215059353,False,False,False
654,16,Ob16.txt,84,0.7509245961750631,0.12159471206457513,0.2580724605451987,-0.1364777484806236,0.825,0.16192666039164835,False,0.08754299526791842,0.1912208121501698,-0.10367781688225139,0.725,0.11658027412316845,False,False,False
654,17,Ob17.txt,122,0.383539676686695,0.5234244507851528,0.20031930165356193,0.32310514913159083,0.025,1.3647204777009982,True,0.5540901079125319,0.18958261921069663,0.36450748870183525,0.05,1.4446748057441676,True,True,True
654,18,Ob18.txt,103,0.4391259898008109,0.22171571984124117,0.094258112591875,0.12745760724936617,0.4,0.5049022945369556,False,0.019662112723999148,0.2863235031940561,-0.26666139047005694,0.875,0.044775561412154066,False,False,False
654,19,Ob19.txt,143,0.1851017051828024,0.19924342559584685,0.12009046205016952,0.07915296354567733,0.225,1.0763997306187882,True,0.20512061459032865,0.16895683519783505,0.0361637793924936,0.375,1.108150864346474,False,False,True
655,1,Ob1.txt,28,0.12291195189652485,0.21055083332924307,0.26221689637551626,-0.05166606304627319,0.6,1.7130216393154203,False,0.5899564172732499,0.2727305454799173,0.31722587179333256,0.225,4.7998295378948415,True,False,True
655,2,Ob2.txt,43,0.033079428662033894,0.222005633933037,0.23193772986805655,-0.009932095935019564,0.5,6.7112898533171625,False,0.4398966039072614,0.249125681693311,0.19077092221395037,0.225,13.298192311650835,True,False,True
655,3,Ob3.txt,40,0.10689003642416706,0.21781606726646177,0.20124877190812926,0.016567295358332512,0.475,2.0377583781720476,False,0.12320819454192244,0.2954891434166015,-0.17228094887467904,0.775,1.1526630419789619,False,False,False
655,4,Ob4.txt,58,0.4850824452623046,0.3803505691259425,0.2390218740690836,0.1413286950568589,0.275,0.784094689141494,True,0.277123068475109,0.2187826961961099,0.058340372278999075,0.4,0.5712906562208344,False,False,True
655,5,Ob5.txt,93,0.09340963040965562,0.0054838044391129215,0.20206745435784174,-0.19658364991872881,1.0,0.058707056382337086,False,0.12635714005473878,0.24956748419212893,-0.12321034413739015,0.825,1.3527206937934466,False,False,False
655,6,Ob6.txt,112,0.4288734650888813,0.13203708078824927,0.17849704724779192,-0.046459966459542645,0.675,0.30786955019678225,False,0.00977488812606564,0.21987896682698532,-0.21010407870091968,0.875,0.02279200958268625,False,False,False
655,7,Ob7.txt,33,0.3201507940552649,0.08741669048132084,0.20925876723040332,-0.12184207674908248,0.825,0.27304848872631826,False,0.34190886322248876,0.24539484514649848,0.09651401807599028,0.375,1.0679619403457357,False,False,False
655,8,Ob8.txt,84,0.04011564923156874,0.2803869832302876,0.21482488691872956,0.06556209631155804,0.4,6.989466420242775,False,0.3782746542043359,0.32731528957946876,0.050959364624867165,0.325,9.429603196017958,True,False,True
655,9,Ob9.txt,37,0.00855104185878372,0.09342642174649429,0.22405133644007502,-0.13062491469358073,0.7,10.925735517307249,False,0.3135399498263952,0.27449743568703583,0.039042514139359386,0.475,36.66687112568905,False,False,False
655,10,Ob10.txt,36,0.4572240350044685,0.011352861962664919,0.22223311078555458,-0.21088024882288967,0.975,0.02482997632124472,False,0.2231417556722349,0.2521260244273785,-0.028984268755143622,0.55,0.4880359267859882,False,False,False
655,11,Ob11.txt,119,0.2517941250016483,0.2169677678297856,0.21636607748596293,0.0006016903438226806,0.5,0.8616871733141721,False,0.10863795393561876,0.18312718208328033,-0.07448922814766157,0.6,0.43145547551956426,False,False,False
655,12,Ob12.txt,91,0.14363733599091472,0.5741550459819721,0.13873115219331666,0.4354238937886554,0.0,3.9972549060523392,True,0.6505946797216751,0.16369125594453565,0.4869034237771394,0.025,4.529425968766409,True,True,True
655,13,Ob13.txt,102,0.49115770127281944,0.13549535487037684,0.0,0.13549535487037684,0.2,0.27586934811211344,False,0.29583807436139015,0.0,0.29583807436139015,0.0,0.6023280783233883,True,False,True
655,14,Ob14.txt,47,0.38172381359653906,0.6760414447649077,0.21300188419613,0.4630395605687777,0.05,1.7710224531064915,True,0.663362884694671,0.19471209355217603,0.46865079114249497,0.1,1.737808491549361,True,True,True
655,15,Ob15.txt,96,0.3362835216116974,0.5421120215587365,0.1177945152470739,0.4243175063116626,0.0,1.6120683492327252,True,0.48430930000712846,0.15646018683812582,0.32784911316900267,0.025,1.4401814804543254,True,True,True
655,16,Ob16.txt,84,0.2956921812034935,0.2245017646277802,0.18952472964465128,0.03497703498312893,0.4,0.7592414642620513,False,0.20623169149673695,0.1973067350026419,0.008924956494095054,0.475,0.6974539896772232,False,False,False
655,17,Ob17.txt,122,0.02173242787266083,0.14840604499250676,0.1763865210338153,-0.027980476041308544,0.55,6.82878350555577,False,0.17171052636101938,0.17204749682136933,-0.0003369704603499446,0.5,7.901120269080908,False,False,False
655,18,Ob18.txt,103,0.24572007693142056,0.10233082133829366,0.0,0.10233082133829366,0.0,0.4164528296434392,True,0.3002078008629163,0.0,0.3002078008629163,0.0,1.2217471384998102,True,True,True
655,19,Ob19.txt,143,0.0062975446012895064,0.16479815833724487,0.14227049565028338,0.02252766268696149,0.475,26.168636948359246,False,0.15118809955418888,0.07642983450712076,0.07475826504706812,0.325,24.007467850760612,True,False,True
656,1,Ob1.txt,28,0.9073097304964635,0.016327252251722518,0.21841683798405137,-0.20208958573232885,0.975,0.017995235477953644,False,0.2750480123089789,0.2950646724951067,-0.0200166601861278,0.55,0.303146767927285,False,False,False
656,2,Ob2.txt,43,0.06528618323785407,0.025500898932778793,0.20257647102267742,-0.17707557208989863,0.925,0.39060177311748445,False,0.022780421669892872,0.25378146624948306,-0.2310010445795902,0.95,0.34893174237032726,False,False,False
656,3,Ob3.txt,40,0.4503316315464594,0.01569940916137652,0.28956189627819134,-0.2738624871168148,0.975,0.034861884135173965,False,0.04689250470928091,0.23719858437798266,-0.19030607966870175,0.975,0.10412882734497221,False,False,False
656,4,Ob4.txt,58,0.025648146350495296,0.4801696456218472,0.25595950177917703,0.22421014384267018,0.1,18.721417098143412,True,0.5054061626798614,0.2203232397008567,0.28508292297900467,0.225,19.705368012690766,True,True,True
656,5,Ob5.txt,93,0.04291932668446713,0.134872726248102,0.21592970519315632,-0.08105697894505431,0.65,3.142470692507709,False,0.051173913678682875,0.21133117137954593,-0.16015725770086306,0.925,1.1923279704479417,False,False,False
656,6,Ob6.txt,112,0.20495928142302378,0.09970739234921949,0.21471026387111336,-0.11500287152189387,0.725,0.4864741506554629,False,0.3614014030661733,0.19183383216187627,0.16956757090429703,0.125,1.7632839096477035,True,False,True
656,7,Ob7.txt,33,0.32788350230409014,0.31106018770549476,0.3474335765954676,-0.036373388889972824,0.55,0.9486911830562526,False,0.10007150452382452,0.38721061928287664,-0.2871391147590521,0.875,0.305204451643971,False,False,False
656,8,Ob8.txt,84,0.03305205823035566,0.06451134106463452,0.20585113390207324,-0.14133979283743872,0.7,1.9518100995412757,False,0.16322374552585608,0.2283400936613852,-0.0651163481355291,0.625,4.93838369726543,False,False,False
656,9,Ob9.txt,37,0.25091859351498225,0.07571489415274221,0.21804767863128446,-0.14233278447854225,0.8,0.30175083118430324,False,0.08934142347863985,0.27132806978865054,-0.18198664631001069,0.825,0.3560574058187733,False,False,False
656,10,Ob10.txt,36,0.8259294660555043,0.7290318798302373,0.25136327879598674,0.4776686010342506,0.0,0.882680555413487,True,0.44020312543151063,0.19142130724629886,0.24878181818521178,0.175,0.5329790781455519,True,True,True
656,11,Ob11.txt,119,0.22923912814418518,0.09745822154157543,0.2673146478500741,-0.16985642630849865,0.85,0.42513781277460133,False,0.22275590062093542,0.18623420865888513,0.036521691962050296,0.4,0.9717184951114803,False,False,False
656,12,Ob12.txt,91,0.641940624711696,0.1506912090773596,0.10364180055385344,0.04704940852350617,0.375,0.23474321966309114,False,0.29828937610617173,0.1443843100233036,0.15390506608286814,0.325,0.46466817120374243,True,False,True
656,13,Ob13.txt,102,0.5149909874358045,0.4116492348689437,0.13492383025010246,0.27672540461884126,0.05,0.7993328910833751,True,0.4186217489489005,0.18744113143498753,0.23118061751391294,0.1,0.8128719903104774,True,True,True
656,14,Ob14.txt,47,0.6610277413537694,0.5230171765469742,0.24105165428593006,0.28196552226104415,0.175,0.791218195284584,True,0.40189483483416805,0.22109132771073398,0.18080350712343407,0.2,0.6079848237701746,True,True,True
656,15,Ob15.txt,96,0.47645816064115376,0.05890735042240178,0.14391537711228253,-0.08500802668988075,0.7,0.12363593551033344,False,0.17281681656335207,0.28109750973637015,-0.10828069317301808,0.625,0.36271142114723837,False,False,False
656,16,Ob16.txt,84,0.043686937673150794,0.039343230374132176,0.1979535071928711,-0.15861027681873893,0.925,0.9005719436890588,False,0.2520188224484954,0.2019889763919643,0.050029846056531074,0.425,5.768745439060189,False,False,False
656,17,Ob17.txt,122,0.2117957455689805,0.0653276275527076,0.17853613163791016,-0.11320850408520255,0.875,0.3084463636283516,False,0.1618795949103191,0.12484083641259143,0.037038758497727683,0.375,0.7643193893032945,False,False,False
656,18,Ob18.txt,103,0.02831488412863159,0.17474353494550174,0.14971502597186767,0.025028508973634067,0.4,6.171437402027143,False,0.33112589527819447,0.10798508351891911,0.22314081175927536,0.05,11.69441110102813,True,False,True
656,19,Ob19.txt,143,0.25944032986015736,0.11146324400262847,0.20067377991280178,-0.0892105359101733,0.675,0.4296295956095531,False,0.23301173428575406,0.17130536669504762,0.06170636759070644,0.425,0.898132277319225,False,False,False
657,1,Ob1.txt,28,0.47009704907808325,0.6459062151274086,0.24542952071224683,0.4004766944151618,0.075,1.3739848322683759,True,0.28382196540289467,0.3134171603054753,-0.029595194902580613,0.525,0.6037518549829309,False,False,True
657,2,Ob2.txt,43,0.12402048179115174,0.12275253419609802,0.20040855413393538,-0.07765601993783736,0.725,0.9897763048752792,False,0.05223654623788364,0.24007504889858375,-0.18783850266070012,0.775,0.4211928988136737,False,False,False
657,3,Ob3.txt,40,0.304592816779283,0.9830847642760318,0.2829457227084548,0.700139041567577,0.0,3.2275375849995966,True,0.416062301652677,0.31456777116332196,0.10149453048935503,0.35,1.3659622904179256,True,True,True
657,4,Ob4.txt,58,0.21636100528169244,0.06419279263259019,0.23074221650509547,-0.16654942387250526,0.9,0.2966929856376569,False,0.0413568310770146,0.24091513194361588,-0.19955830086660128,0.925,0.1911473420229761,False,False,False
657,5,Ob5.txt,93,0.14943814874749467,0.3243298864349971,0.18590441044584272,0.1384254759891544,0.225,2.1703285884718544,True,0.21290008806442848,0.189161676447867,0.023738411616561483,0.35,1.4246702722754236,False,False,True
657,6,Ob6.txt,112,0.31279346106153694,0.1702030124430466,0.16243552299687916,0.007767489446167425,0.5,0.5441386525965834,False,0.27908860195628404,0.2353464585407963,0.04374214341548774,0.375,0.8922456403312663,False,False,False
657,7,Ob7.txt,33,0.2324696648991928,0.27831764226450695,0.22104545572415035,0.057272186540356596,0.375,1.197221333739159,False,0.05746217839835062,0.21364496808289027,-0.15618278968453964,0.875,0.24718140503737676,False,False,False
657,8,Ob8.txt,84,0.04133252098101614,0.2679264454330863,0.199736901329456,0.06818954410363029,0.275,6.482218821255636,True,0.08232571082266454,0.25851044758857766,-0.17618473676591312,0.725,1.9917902143079154,False,False,True
657,9,Ob9.txt,37,0.023958028213351745,0.06914578668346108,0.2428748811715977,-0.17372909448813662,0.8,2.8861217654350333,False,0.2690045021067079,0.2832930994345553,-0.014288597327847374,0.5,11.228156996525799,False,False,False
657,10,Ob10.txt,36,0.002892516030781861,0.3723351358048328,0.2590046305169993,0.1133305052878335,0.3,128.72362048904145,True,0.03216470266437789,0.24725185980949113,-0.21508715714511323,0.95,11.119973864305123,False,False,True
657,11,Ob11.txt,119,0.12263472995325417,0.10893319333484472,0.1616452807349745,-0.05271208740012978,0.6,0.8882736022362329,False,0.11983235156577804,0.12491041713970613,-0.005078065573928092,0.55,0.9771485745633041,False,False,False
657,12,Ob12.txt,91,0.8528517711960302,0.3503343194661966,0.23296454973425806,0.11736976973193852,0.225,0.4107798462737452,True,0.6104289875372133,0.17210580711685708,0.43832318042035623,0.025,0.7157503896382301,True,True,True
657,13,Ob13.txt,102,0.2793674717465745,0.5313787207888452,0.12840994509725476,0.4029687756915904,0.025,1.9020779959339011,True,0.8286786856494842,0.07918922574876767,0.7494894599007166,0.025,2.966267620452291,True,True,True
657,14,Ob14.txt,47,0.7300794003432887,0.538319766040597,0.2029073092498816,0.33541245679071535,0.1,0.7373441378944195,True,0.18798189934126489,0.2348690696965542,-0.046887170355289304,0.575,0.2574814455152062,False,False,True
657,15,Ob15.txt,96,0.1654066033880245,0.31688913404713337,0.11321026198118603,0.20367887206594734,0.05,1.9158191242446871,True,0.22642783613103037,0.09756027913283133,0.12886755699819905,0.125,1.368916545610076,True,True,True
657,16,Ob16.txt,84,0.3611164496820625,0.5212295000806818,0.16349828458929955,0.35773121549138226,0.1,1.4433834308561337,True,0.24774755261428827,0.17231571578485444,0.07543183682943383,0.375,0.6860600031718646,False,False,True
657,17,Ob17.txt,122,0.6130618009126039,0.18372277534805193,0.14453289720889198,0.039189878139159945,0.4,0.299680676686367,False,0.1994429113044461,0.11939981454054106,0.08004309676390504,0.275,0.3253226852620003,True,False,True
657,18,Ob18.txt,103,0.047078343224644936,0.032228519653898835,0.6148141793559003,-0.5825856597020015,0.925,0.6845720865773288,False,0.049616950119700326,0.5293503988524698,-0.47973344873276946,0.925,1.0539230295964719,False,False,False
657,19,Ob19.txt,143,0.11354543164025438,0.11068497929092513,0.19469410911511104,-0.0840091298241859,0.725,0.9748078605364591,False,0.009184686936203501,0.2688971531039261,-0.2597124661677226,0.95,0.08088997332189739,False,False,False
658,1,Ob1.txt,28,0.7119927297482026,0.5329619149605094,0.2368082267026683,0.29615368825784105,0.175,0.7485496588553541,True,0.28458721058850944,0.22802688427276768,0.05656032631574176,0.4,0.39970521986812163,False,False,True
658,2,Ob2.txt,43,0.09326374385273639,0.16844984547511077,0.2553745515982854,-0.08692470612317466,0.625,1.8061664535051623,False,0.1658394639853078,0.26451109991082555,-0.09867163592551775,0.775,1.7781772115771868,False,False,False
658,3,Ob3.txt,40,0.11244918663501832,0.06283048438257588,0.1829106817219657,-0.12008019733938982,0.8,0.5587455655549362,False,0.22695890250620465,0.24893952451121132,-0.021980622005006667,0.55,2.0183240919550265,False,False,False
658,4,Ob4.txt,58,0.24703656763799328,0.47460145552066707,0.33858093417693524,0.13602052134373183,0.3,1.9211789576681082,True,0.35379121162587696,0.21784253413996846,0.1359486774859085,0.35,1.4321410591500836,True,True,True
658,5,Ob5.txt,93,0.5236826808423031,0.5208429097518468,0.14916837740811695,0.3716745323437298,0.025,0.9945773056960968,True,0.4074737553596906,0.15348279239019094,0.25399096296949963,0.15,0.7780928609368952,True,True,True
658,6,Ob6.txt,112,0.12859292241350895,0.1234413435667505,0.1510121985248844,-0.027570854958133897,0.625,0.9599388617190547,False,0.051099358920284076,0.17759753084476837,-0.1264981719244843,0.9,0.39737302770028643,False,False,False
658,7,Ob7.txt,33,0.7905123315542383,0.3242392722347036,0.3670167203106425,-0.04277744807593886,0.65,0.41016345892696177,False,0.34229085151438066,0.3246795636338819,0.01761128788049876,0.425,0.43299875011613975,False,False,False
658,8,Ob8.txt,84,0.4288942586722857,0.1809670614880375,0.31296178235122907,-0.13199472086319156,0.7,0.4219386429845237,False,0.13945451871405298,0.24841492323130443,-0.10896040451725145,0.775,0.3251489519718867,False,False,False
658,9,Ob9.txt,37,0.4286566955917145,0.15092657494499662,0.2392138671137008,-0.08828729216870418,0.65,0.35209195726351294,False,0.04195166141234086,0.3176724206963142,-0.2757207592839733,0.925,0.09786773855108247,False,False,False
658,10,Ob10.txt,36,0.17374922172711704,0.052261577970344336,0.17714488048006016,-0.12488330250971583,0.8,0.30078740756850175,False,0.09144488481631899,0.19826281810923274,-0.10681793329291375,0.675,0.5263038528019328,False,False,False
658,11,Ob11.txt,119,0.20284080059353182,0.03932757777124035,0.2237083249715367,-0.18438074720029635,0.9,0.19388396050579593,False,0.1350060410203292,0.20895384596840824,-0.07394780494807904,0.75,0.6655763565578939,False,False,False
658,12,Ob12.txt,91,0.0260716341492154,0.04650952401880485,0.22581672993295676,-0.17930720591415192,0.925,1.7839128822005392,False,0.22549834248115846,0.2232537498385819,0.002244592642576565,0.5,8.6491832921008,False,False,False
658,13,Ob13.txt,102,0.5075455693749549,0.5319217683328151,0.0,0.5319217683328151,0.0,1.0480276066400889,True,0.461147653361509,0.0,0.461147653361509,0.0,0.9085837433856724,True,True,True
658,14,Ob14.txt,47,0.11417433556765141,0.08038997380043397,0.24998872665920177,-0.1695987528587678,0.85,0.7040984596122367,False,0.13189553724684688,0.277940778997906,-0.1460452417510591,0.725,1.155211778470961,False,False,False
658,15,Ob15.txt,96,0.4247227057968097,0.10530792534427282,0.1447889125278765,-0.0394809871836037,0.8,0.24794512727241114,False,0.06361315522171959,0.11137581837971029,-0.0477626631579907,0.675,0.14977573450512102,False,False,False
658,16,Ob16.txt,84,0.41590530806994436,0.4381911985676055,0.1911770120736478,0.24701418649395773,0.2,1.0535840492180333,True,0.40681459675041515,0.2442099315773995,0.16260466517301564,0.225,0.9781423532156498,True,True,True
658,17,Ob17.txt,122,0.1371188535640272,0.19994341158998163,0.15129213468993752,0.048651276900044116,0.3,1.4581759283497708,True,0.00044275057646814275,0.15261903534744725,-0.1521762847709791,1.0,0.0032289547714268326,False,False,True
658,18,Ob18.txt,103,0.055421025811849906,0.27231184847109835,0.0,0.27231184847109835,0.0,4.913511514485062,True,0.19111047683243748,0.0,0.19111047683243748,0.0,3.4483388575527774,True,True,True
658,19,Ob19.txt,143,0.27739699690314124,0.08394516408332323,0.07675621405894528,0.007188950024377944,0.5,0.3026174220358787,False,0.05659780198058159,0.1862105447193896,-0.12961274273880802,0.75,0.20403177616354606,False,False,False
659,1,Ob1.txt,28,0.09338373320249,0.33654372909334307,0.17610847383526734,0.16043525525807573,0.2,3.6038795789368745,True,0.3772294676262135,0.19726942462220992,0.1799600430040036,0.275,4.039562937671836,True,True,True
659,2,Ob2.txt,43,0.4337020451420296,0.29100728341300913,0.22230876949930473,0.0686985139137044,0.375,0.6709843466790881,False,0.8363284238206572,0.2477627111796893,0.5885657126409679,0.0,1.928347890420426,True,False,True
659,3,Ob3.txt,40,0.07996319237311766,0.8326180635241016,0.24849804116880192,0.5841200223552997,0.025,10.412516544349652,True,0.7133528749467302,0.22071220552680804,0.49264066941992213,0.05,8.921015454437358,True,True,True
659,4,Ob4.txt,58,0.293763804836776,0.3530711618666016,0.22022540876406774,0.13284575310253385,0.175,1.2018878978735266,True,0.2658742850340399,0.233641883505812,0.03223240152822793,0.475,0.9050614155197495,False,False,True
659,5,Ob5.txt,93,0.6099499564785816,0.17343996751648733,0.19902555858818596,-0.025585591071698638,0.575,0.28435114335904976,False,0.254673104444393,0.14285963200036894,0.11181347244402406,0.275,0.41753114618565573,True,False,True
659,6,Ob6.txt,112,0.4512887997380133,0.16182551412711918,0.22892765523044822,-0.06710214110332904,0.7,0.35858526562383947,False,0.15707103760735347,0.19323219825167912,-0.036161160644325646,0.6,0.34804993542613494,False,False,False
659,7,Ob7.txt,33,0.13671132623770998,0.007802766889595997,0.2379118745038118,-0.2301091076142158,0.975,0.05707476552475802,False,0.12013432581852565,0.30065215926864697,-0.18051783345012132,0.875,0.8787444985329109,False,False,False
659,8,Ob8.txt,84,0.26807168623210703,0.3911840647276248,0.15397377009360086,0.23721029463402393,0.1,1.4592517032512051,True,0.29403178893310633,0.2065273383439042,0.08750445058920214,0.4,1.0968401514754602,False,False,True
659,9,Ob9.txt,37,0.6393443768113876,0.31145922865434733,0.2953095137959927,0.016149714858354647,0.475,0.48715409089494605,False,0.18070204156914116,0.3557647470330839,-0.17506270546394276,0.775,0.2826364759323596,False,False,False
659,10,Ob10.txt,36,0.3618021709855194,0.2882980921492816,0.3056382360074528,-0.01734014385817123,0.525,0.7968390332318384,False,0.24962878693957613,0.23044012012252607,0.01918866681705006,0.475,0.6899593395462714,False,False,False
659,11,Ob11.txt,119,0.49345180009565226,0.010958548337608676,0.13833238743766965,-0.12737383910006098,0.975,0.02220794074615684,False,0.2454951889120069,0.18107603179580528,0.06441915711620161,0.35,0.49750591418334944,True,False,True
659,12,Ob12.txt,91,0.020989550572640098,0.23060599890848577,0.16725678454743753,0.06334921436104823,0.3,10.986704937316807,True,0.45644634944776075,0.20554507551354567,0.2509012739342151,0.1,21.746361260480683,True,True,True
659,13,Ob13.txt,102,0.039352609920201544,0.3690941581718547,0.06656383259208953,0.30253032557976517,0.025,9.37915322313556,True,0.059728473512336684,0.0027821179018987507,0.05694635561043793,0.1,1.5177766769079082,True,True,True
659,14,Ob14.txt,47,0.1708473973832092,0.06087170706803846,0.3064577189525126,-0.24558601188447415,0.95,0.35629285549784384,False,0.2770531829954152,0.17884734692343202,0.09820583607198319,0.425,1.621641226257532,False,False,False
659,15,Ob15.txt,96,0.4052878346941927,0.6032130825060634,0.1265046079598843,0.47670847454617915,0.05,1.4883572386553716,True,0.4231573883646227,0.1825052122544025,0.2406521761102202,0.225,1.0440910191245028,True,True,True
659,16,Ob16.txt,84,0.4410322955184696,0.12285354039668309,0.285331931302202,-0.16247839090551894,0.8,0.27855905711453327,False,0.2748853796969967,0.34889575642724824,-0.07401037673025151,0.55,0.6232772123271526,False,False,False
659,17,Ob17.txt,122,0.14802651487007096,0.3966484866255598,0.1584433927635665,0.2382050938619933,0.025,2.6795772836624216,True,0.24959975462412648,0.11577010665091428,0.1338296479732122,0.25,1.6861827412690935,True,True,True
659,18,Ob18.txt,103,0.36122006942763407,0.1035126211821174,0.0,0.1035126211821174,0.025,0.28656387045752135,False,0.1213118444964792,0.0,0.1213118444964792,0.0,0.33583915945950094,True,False,True
659,19,Ob19.txt,143,0.19646014868385905,0.05819048389298301,0.13587527948887815,-0.07768479559589514,0.7,0.2961948480789472,False,0.07940153371258558,0.13281606726808373,-0.05341453355549815,0.65,0.40416101812259864,False,False,False
660,1,Ob1.txt,28,0.48535432204314205,0.7490247401923644,0.21664125284828736,0.532383487344077,0.075,1.5432534669502445,True,0.4213227073691762,0.2897546433501276,0.13156806401904858,0.2,0.8680724333422661,True,True,True
660,2,Ob2.txt,43,0.6876386321141128,0.18028606918883694,0.24903517060757457,-0.06874910141873763,0.725,0.26218141443646914,False,0.24964700628514627,0.33091445235829225,-0.08126744607314598,0.55,0.36304971045273915,False,False,False
660,3,Ob3.txt,40,0.5440041407437349,0.31506185137324394,0.3116076850254459,0.003454166347798049,0.5,0.579153406704786,False,0.18258662615102675,0.23951623422637314,-0.05692960807534639,0.6,0.33563462568759783,False,False,False
660,4,Ob4.txt,58,0.06640916879579856,0.08319755456969916,0.1769531696371786,-0.09375561506747945,0.775,1.2528022271370867,False,0.35064073366970266,0.24355213075318294,0.10708860291651973,0.4,5.280004855171238,False,False,False
660,5,Ob5.txt,93,0.2613690238208378,0.000916732683927779,0.2595139380221432,-0.2585972053382154,1.0,0.0035074266664292136,False,0.16979864818891868,0.26299147067098116,-0.09319282248206248,0.6,0.6496510018926787,False,False,False
660,6,Ob6.txt,112,0.2705707012179904,0.22009905789974055,0.21490138723704266,0.005197670662697884,0.475,0.8134622740339266,False,0.07829227067478026,0.20765518345238831,-0.12936291277760806,0.875,0.289359750787291,False,False,False
660,7,Ob7.txt,33,0.1373417664746785,0.2726361885734323,0.30701504824976433,-0.03437885967633203,0.525,1.9850930679830585,False,0.14829683219688453,0.328717194484372,-0.18042036228748745,0.825,1.0797649979565815,False,False,False
660,8,Ob8.txt,84,0.15400115786199028,0.27741430900915426,0.12446177746836808,0.1529525315407862,0.1,1.8013780731295665,True,0.07484981965421045,0.20525228191847925,-0.1304024622642688,0.75,0.48603413567375825,False,False,True
660,9,Ob9.txt,37,0.2992254061194115,0.3450426723352649,0.30492258046956255,0.04012009186570237,0.45,1.1531195723319336,False,0.7960717772750933,0.2555276937631292,0.540544083511964,0.1,2.660441797369993,True,False,True
660,10,Ob10.txt,36,0.8771864922944494,0.3107801352230475,0.24322427783429892,0.06755585738874856,0.375,0.3542919754841897,False,0.1373935780192195,0.271624298899188,-0.13423072087996848,0.75,0.15662983781229947,False,False,False
660,11,Ob11.txt,119,0.15137634187722854,0.2485778025634915,0.1897364229438523,0.0588413796196392,0.375,1.6421179127521572,False,0.13614635024096228,0.16680225218825295,-0.030655901947290676,0.675,0.8993898818837999,False,False,False
660,12,Ob12.txt,91,0.049275735997599796,0.178373898751828,0.15359035287593345,0.02478354587589454,0.425,3.619913434890481,False,0.03865038632585889,0.15337942808714705,-0.11472904176128816,0.875,0.7843695389499923,False,False,False
660,13,Ob13.txt,102,0.02017642274954258,0.16315420182690235,0.008130891036010723,0.15502331079089163,0.0,8.08637903022731,True,0.2793854987427642,0.0,0.2793854987427642,0.35,13.84712752160678,True,True,True
660,14,Ob14.txt,47,0.16045115259911752,0.24513058234971793,0.2106344160786378,0.034496166271080125,0.45,1.527758313847514,False,0.2347017774984536,0.20481921705754103,0.029882560440912587,0.4,1.462761555131044,False,False,False
660,15,Ob15.txt,96,0.5653858535504767,0.1482232996190894,0.06683510575752008,0.08138819386156931,0.275,0.26216308506533276,False,0.006579903051045222,0.16500831441436786,-0.15842841136332264,1.0,0.0116378982773006,False,False,False
660,16,Ob16.txt,84,0.2052188727861947,0.40407190047069436,0.16323417132126963,0.24083772914942472,0.2,1.9689802160236636,True,0.6753637003129878,0.24028324331588466,0.43508045699710307,0.0,3.2909434261273276,True,True,True
660,17,Ob17.txt,122,0.3202441197261422,0.16460901304699802,0.19046934940944452,-0.0258603363624465,0.55,0.5140110400395922,False,0.0824009666946649,0.18173529044443354,-0.09933432374976864,0.825,0.25730672827070283,False,False,False
660,18,Ob18.txt,103,0.2004167540111837,0.016184335110748044,0.16506375663381667,-0.14887942152306863,1.0,0.08075340402851212,False,0.26298011512137215,0.17991733430538343,0.08306278081598872,0.275,1.312166322715202,True,False,True
660,19,Ob19.txt,143,0.4538309271063511,0.25767177688094023,0.2545135770009054,0.003158199880034851,0.5,0.5677704217380435,False,0.10190900745671884,0.1954474989511645,-0.09353849149444567,0.725,0.2245528045135571,False,False,False
661,1,Ob1.txt,28,0.16458365372069006,0.38361368298154613,0.2107353387645035,0.17287834421704262,0.225,2.330812777024414,True,0.00908536690183226,0.22047930084478168,-0.21139393394294942,0.975,0.055202121817338926,False,False,True
661,2,Ob2.txt,43,1.003226006161705,0.43253718913827044,0.20270621118750198,0.22983097795076846,0.1,0.43114630849048374,True,0.7911763395835614,0.22841232979580578,0.5627640097877555,0.025,0.7886322072237385,True,True,True
661,3,Ob3.txt,40,0.25505713753198833,0.9589268348312977,0.25182464389657255,0.7071021909347251,0.0,3.759654970294774,True,0.41093195223206186,0.23000542816747896,0.1809265240645829,0.325,1.611136846466507,True,True,True
661,4,Ob4.txt,58,0.14367934561309517,0.008190821996552688,0.1832151499570643,-0.17502432796051162,1.0,0.057007651041293184,False,0.04389518598070481,0.36761029467163236,-0.32371510869092757,0.925,0.30550797536973284,False,False,False
661,5,Ob5.txt,93,0.1201207070875338,0.15421014574673747,0.12996895391258256,0.024241191834154907,0.45,1.2837931900813917,False,0.1531437208838886,0.11887043255361808,0.03427328833027053,0.475,1.2749152464802795,False,False,False
661,6,Ob6.txt,112,0.1487660445166597,0.23650195881410668,0.15506212756098728,0.0814398312531194,0.3,1.5897576599720764,True,0.014275064108360908,0.1952724724689351,-0.18099740836057418,1.0,0.09595646745022048,False,False,True
661,7,Ob7.txt,33,0.5483027814251014,0.16757291095396593,0.2647798775158482,-0.09720696656188227,0.675,0.305621121451226,False,0.45034518838455995,0.29503460147108196,0.155310586913478,0.2,0.8213439793503537,True,False,True
661,8,Ob8.txt,84,0.05819452963214383,0.027806834942401076,0.11840469223825761,-0.09059785729585654,0.85,0.4778255811701231,False,0.09440289550870351,0.10284158478172345,-0.00843868927301994,0.55,1.6221953524745036,False,False,False
661,9,Ob9.txt,37,0.5085436776968247,0.010470541369419814,0.2625244011698107,-0.25205385980039086,1.0,0.02058926662276189,False,0.35474653704358905,0.2531923336170479,0.10155420342654115,0.25,0.6975733896648225,True,False,True
661,10,Ob10.txt,36,0.1446860789460951,0.08291820048304538,0.24568445835668803,-0.16276625787364266,0.825,0.5730903835878901,False,0.3165357015404979,0.17598906616393128,0.14054663537656664,0.275,2.1877412384534103,True,False,True
661,11,Ob11.txt,119,0.016127343271174516,0.09728864939469589,0.16541082778161667,-0.06812217838692078,0.75,6.03252797183194,False,0.1617025703202657,0.13820511011033165,0.02349746020993404,0.45,10.026609318181226,False,False,False
661,12,Ob12.txt,91,0.5475524472961572,0.6976367024277715,0.17071304195374995,0.5269236604740216,0.0,1.2741002361924203,True,0.42515069106589465,0.20130849115701321,0.22384219990888143,0.1,0.7764565625910562,True,True,True
661,13,Ob13.txt,102,0.2940077667908028,0.09757171572831924,0.0,0.09757171572831924,0.0,0.3318678169401731,True,0.16957071850851976,0.0,0.16957071850851976,0.125,0.5767559148502885,True,True,True
661,14,Ob14.txt,47,0.13387446952068063,0.5858743543743138,0.19144973550145977,0.394424618872854,0.075,4.376296365333565,True,0.39725816948437825,0.20371321411961377,0.1935449553647645,0.25,2.9673930429506625,True,True,True
661,15,Ob15.txt,96,0.1855527512604624,0.42251238779898437,0.3228566053469959,0.09965578245198847,0.3,2.2770472813194735,True,0.06617169672323767,0.42037519851464245,-0.3542035017914048,0.85,0.3566193240128881,False,False,True
661,16,Ob16.txt,84,0.08034045098955184,0.4319688970408152,0.22748236395225235,0.20448653308856285,0.15,5.376729800744984,True,0.002047658456044127,0.2264296340088549,-0.22438197555281078,0.975,0.02548726613832952,False,False,True
661,17,Ob17.txt,122,0.08452824901157778,0.2140591414366661,0.15474003650621454,0.05931910493045156,0.35,2.5323976769866197,True,0.19382472654808672,0.17238014457725692,0.021444581970829796,0.475,2.293017172537653,False,False,True
661,18,Ob18.txt,103,0.025937112661819875,0.2801074112221301,0.19920408062640008,0.08090333059573004,0.475,10.799483152743356,False,0.3697972346157187,0.1253074353584538,0.24448979925726488,0.225,14.257455694367636,True,False,True
661,19,Ob19.txt,143,0.3146695074327752,0.12728874258586775,0.1237387211169774,0.0035500214688903575,0.475,0.404515657155186,False,0.03811784961183093,0.10711718492806716,-0.06899933531623623,0.825,0.1211361403359818,False,False,False
662,1,Ob1.txt,28,0.1508011718503702,0.4061141261629295,0.32373740111824184,0.08237672504468768,0.25,2.693043569753484,True,0.008951539620044066,0.26883478676523553,-0.25988324714519145,0.95,0.05935988102881636,False,False,True
662,2,Ob2.txt,43,0.00850199816494207,0.528292852685189,0.2016346710041549,0.3266581816810341,0.075,62.13749314409416,True,0.4829384094645354,0.25121754335688684,0.23172086610764858,0.175,56.802930334180566,True,True,True
662,3,Ob3.txt,40,0.24001673706758642,0.37622061501320303,0.31347273948348475,0.06274787552971828,0.425,1.5674765835486835,False,0.3814929049249911,0.24408880849395373,0.13740409643103738,0.3,1.5894429262971206,True,False,True
662,4,Ob4.txt,58,0.34685769248331005,0.6102456995426124,0.17525903079508667,0.4349866687475258,0.05,1.7593546655217283,True,0.6553265053961105,0.18088988027068365,0.47443662512542684,0.05,1.8893238339456553,True,True,True
662,5,Ob5.txt,93,0.07090229363219652,0.08810080960179859,0.1846715685817493,-0.09657075897995071,0.775,1.2425664261133615,False,0.04317946656869137,0.17965433764613278,-0.1364748710774414,0.95,0.6089995733097653,False,False,False
662,6,Ob6.txt,112,0.03603905578778838,0.19772607590854252,0.1943582165322306,0.003367859376311927,0.5,5.486438853249337,False,0.04955840486230734,0.16324802226340474,-0.1136896174010974,0.775,1.3751305015904416,False,False,False
662,7,Ob7.txt,33,0.058690712652125776,0.32631980195750027,0.2165439941910387,0.10977580776646156,0.325,5.55999045183993,True,0.43361556525507305,0.2262567754106755,0.20735878984439757,0.25,7.3881461931671994,True,True,True
662,8,Ob8.txt,84,0.30429538633870135,0.21434656984861739,0.17275877439056128,0.041587795458056104,0.425,0.7044029567048222,False,0.19471617707669553,0.2763832792025538,-0.08166710212585826,0.575,0.6398919793675848,False,False,False
662,9,Ob9.txt,37,0.29540047230766076,0.16272961909901654,0.19737176362114256,-0.03464214452212602,0.55,0.5508779922651342,False,0.37505975550074666,0.24706534618756368,0.12799440931318298,0.4,1.269665388720572,False,False,False
662,10,Ob10.txt,36,0.6753733164276827,0.5593037214598611,0.24462128240025496,0.31468243905960613,0.125,0.828140093568162,True,0.6445702645458745,0.19318922307774108,0.4513810414681334,0.05,0.9543910735995053,True,True,True
662,11,Ob11.txt,119,0.9817407177824112,0.4683860265956195,0.24366823160960283,0.22471779498601668,0.05,0.47709748420502057,True,0.23152340541308009,0.18918115796242602,0.04234224745065407,0.45,0.23582948248907604,False,False,True
662,12,Ob12.txt,91,0.21691081088138287,0.11770355165247681,0.15430405433377561,-0.0366005026812988,0.65,0.5426357090004273,False,0.26263476462433444,0.21255781154111414,0.0500769530832203,0.35,1.2107961035098227,True,False,True
662,13,Ob13.txt,102,0.576705049910115,0.12715024294245011,0.0,0.12715024294245011,0.0,0.22047707569452998,False,0.06643162266783374,0.0,0.06643162266783374,0.0,0.11519167844669949,False,False,False
662,14,Ob14.txt,47,0.10661308132445413,0.06037139312667819,0.28352871502735955,-0.22315732190068135,0.875,0.566266281554613,False,0.04053790599963346,0.2951984222811316,-0.2546605162814981,0.925,0.3802338840227777,False,False,False
662,15,Ob15.txt,96,0.09211712991770478,0.1080695245699573,0.18120731546563146,-0.07313779089567415,0.625,1.173175115925822,False,0.33059059469709234,0.1883296874160318,0.14226090728106056,0.2,3.588806935175184,True,False,True
662,16,Ob16.txt,84,0.36805168291641555,0.43558111770697394,0.16406349012253432,0.27151762758443965,0.125,1.1834781307219135,True,0.2813303454211393,0.2878586181816555,-0.006528272760516152,0.5,0.7643772830812715,False,False,True
662,17,Ob17.txt,122,0.5023327504441767,0.28919287941385785,0.18126279993996805,0.1079300794738898,0.275,0.5756998307558991,True,0.5160853345731312,0.18827637420646115,0.32780896036667007,0.1,1.0273774387929,True,True,True
662,18,Ob18.txt,103,0.012548982046414622,0.37955988754997066,0.030970958150052394,0.34858892939991826,0.225,30.246269071555087,True,0.22874077458155856,0.013680008587049541,0.21506076599450902,0.05,18.227835033592406,True,True,True
662,19,Ob19.txt,143,0.03488222534906739,0.004571451432224205,0.17493588640308633,-0.17036443497086212,0.975,0.13105389310680626,False,0.003892765749338112,0.19052075981471223,-0.18662799406537411,1.0,0.11159740269960124,False,False,False
663,1,Ob1.txt,28,0.2521046521801693,0.028345997932541778,0.1737474211352776,-0.14540142320273583,0.825,0.1124374250431682,False,0.2558146026419253,0.23353983409309315,0.022274768548832147,0.425,1.0147159143223767,False,False,False
663,2,Ob2.txt,43,0.34389016210403217,0.14571094939322263,0.16150677333184227,-0.01579582393861964,0.575,0.4237136314156692,False,0.1948825300670858,0.14513599533185867,0.04974653473522714,0.35,0.5666999278918912,True,False,True
663,3,Ob3.txt,40,0.26539005768320717,0.0919125697813229,0.32294347481987495,-0.23103090503855206,0.95,0.3463301172006895,False,0.1080978118927533,0.24899005645949085,-0.14089224456673755,0.75,0.4073167353608564,False,False,False
663,4,Ob4.txt,58,0.021758956579044947,0.14090647306323667,0.20458983444220302,-0.06368336137896635,0.625,6.475791821696874,False,0.35949786070786094,0.24744476838008464,0.1120530923277763,0.3,16.521833636732232,True,False,True
663,5,Ob5.txt,93,0.38934447114060977,0.11102179885159488,0.2559574675201645,-0.14493566866856963,0.8,0.2851505725157708,False,0.24933344239073707,0.23337771535375926,0.015955727036977813,0.475,0.6403929190526287,False,False,False
663,6,Ob6.txt,112,0.1718140490813397,0.381317773166029,0.1690610416457176,0.21225673152031138,0.15,2.2193631731797825,True,0.28159940595183247,0.22526121437602314,0.05633819157580933,0.325,1.6389777637946155,True,True,True
663,7,Ob7.txt,33,0.39928117602583596,0.21480810522405921,0.20858418875886853,0.0062239164651906875,0.475,0.5379870580479351,False,0.18083310850594347,0.1898267147750318,-0.008993606269088322,0.525,0.4528966536960972,False,False,False
663,8,Ob8.txt,84,0.1406931947935523,0.07790512149733678,0.20259692938481294,-0.12469180788747616,0.85,0.5537234520237578,False,0.16382014780880352,0.20431562055472097,-0.040495472745917444,0.6,1.1643786186615976,False,False,False
663,9,Ob9.txt,37,0.6270023941389864,0.118417789712214,0.164123425659846,-0.045705635947631995,0.65,0.1888633772680054,False,0.5126356154559297,0.2372552873269836,0.27538032812894614,0.125,0.8175975406918379,True,False,True
663,10,Ob10.txt,36,0.16263038154529702,0.5541792030840135,0.28094132017619283,0.27323788290782064,0.2,3.407599476913601,True,0.46336171885745187,0.3627249898444639,0.10063672901298798,0.275,2.8491707050960398,True,True,True
663,11,Ob11.txt,119,0.14501812256846736,0.3016952050775473,0.23519193529551313,0.06650326978203419,0.35,2.0803965720567654,True,0.07502462501399093,0.2500489372858527,-0.17502431227186177,0.85,0.517346547350105,False,False,True
663,12,Ob12.txt,91,0.5991832847003353,0.25837611845577946,0.2547119570722189,0.0036641613835605713,0.475,0.43121382897888916,False,0.2914567093218494,0.2950905379577379,-0.0036338286358884586,0.5,0.4864232977854402,False,False,False
663,13,Ob13.txt,102,0.2462938427697008,0.14773276862811857,0.19058001707726713,-0.042847248449148556,0.575,0.5998232313353338,False,0.07120143552975094,0.22531055886541013,-0.15410912333565918,0.875,0.2890914150717461,False,False,False
663,14,Ob14.txt,47,0.37728388568288207,0.060226376132313464,0.28220338723854677,-0.2219770111062333,0.9,0.1596314563589272,False,0.3252866830381168,0.24262931413863806,0.08265736889947875,0.375,0.8621801656048719,False,False,False
663,15,Ob15.txt,96,0.09200257345936966,0.07684458071549573,0.09802556730057435,-0.021180986585078623,0.55,0.8352438179289841,False,0.2137914519619464,0.17611864286552664,0.03767280909641976,0.3,2.323755129049313,True,False,True
663,16,Ob16.txt,84,0.08637009309712408,0.005301067836871315,0.15133267867020805,-0.14603161083333674,0.95,0.061376196861455366,False,0.054789638720265516,0.11450507072906167,-0.05971543200879616,0.7,0.6343589170229791,False,False,False
663,17,Ob17.txt,122,0.036298772572382676,0.012008526766112526,0.18268239123600155,-0.17067386446988903,0.975,0.3308245958500816,False,0.26392800973826525,0.17537879132832473,0.08854921840994051,0.325,7.27098992705529,True,False,True
663,18,Ob18.txt,103,0.11434815017218797,0.21485836462395552,0.20958284609428546,0.005275518529670065,0.4,1.8789841750864973,False,0.1288321017482383,0.11238100037814576,0.01645110137009255,0.425,1.1266653772207078,False,False,False
663,19,Ob19.txt,143,0.30537493139895433,0.2708541047265982,0.10603100388176825,0.16482310084482996,0.1,0.886955924920842,True,0.10151568147062412,0.12722273379388865,-0.025707052323264534,0.6,0.33242964969511485,False,False,True
664,1,Ob1.txt,28,0.2052620755765508,0.17248314206778534,0.20828935786504132,-0.035806215797255986,0.575,0.8403069177942672,False,0.15169235089423194,0.20936714526968422,-0.05767479437545228,0.625,0.7390179138944716,False,False,False
664,2,Ob2.txt,43,0.5898716894195175,0.07364094863292225,0.19645807288336692,-0.12281712425044466,0.8,0.12484231732733442,False,0.15654838829868678,0.23798454862523977,-0.08143616032655299,0.625,0.26539396805556703,False,False,False
664,3,Ob3.txt,40,0.04246028766100287,0.3490493596034556,0.11464146579084086,0.23440789381261476,0.1,8.2206075095444,True,0.42197244725606,0.2475743446963733,0.17439810255968669,0.25,9.938049657718532,True,True,True
664,4,Ob4.txt,58,0.48080913664728925,0.3335972947909535,0.2272902334355145,0.10630706135543902,0.275,0.6938247827758585,True,0.07807496662783683,0.2748465496668892,-0.19677158303905237,0.875,0.16238245215608468,False,False,True
664,5,Ob5.txt,93,0.2507520561746674,0.12211382732974102,0.19310230476275114,-0.07098847743301012,0.675,0.4869903329713065,False,0.0951525210939545,0.17108904151167642,-0.07593652041772192,0.75,0.3794685576882118,False,False,False
664,6,Ob6.txt,112,0.2906770875138079,0.4008940365599898,0.20892623662947435,0.19196779993051544,0.2,1.3791731573646868,True,0.2193687014705873,0.20355472096137533,0.015813980509211956,0.475,0.7546817788318686,False,False,True
664,7,Ob7.txt,33,0.11897794136090428,0.14689496211340436,0.3568825592484458,-0.20998759713504145,0.775,1.2346403075492574,False,0.4431949065225641,0.3148999802893989,0.12829492623316519,0.425,3.7250174398142373,False,False,False
664,8,Ob8.txt,84,0.3205058142349541,0.39289598845501045,0.15506387396393878,0.23783211449107167,0.1,1.2258622808227406,True,0.1599154980071262,0.11099165836263722,0.04892383964448899,0.45,0.4989472605632561,False,False,True
664,9,Ob9.txt,37,0.03899348815044662,0.49854587323163363,0.17548249992645107,0.32306337330518253,0.2,12.785362297112766,True,0.28980633499748193,0.32297694180060155,-0.03317060680311962,0.525,7.4321726201907525,False,False,True
664,10,Ob10.txt,36,0.09039240372117681,0.322629167338532,0.18957947520987425,0.13304969212865772,0.225,3.5692066374704403,True,0.57935089612045,0.2183132743406981,0.36103762177975185,0.075,6.409287420959708,True,True,True
664,11,Ob11.txt,119,0.19094142033304895,0.3364073843269367,0.14308627014043868,0.193321114186498,0.15,1.761835560561764,True,0.35034114873514294,0.1569619575498008,0.19337919118534214,0.225,1.834809587799554,True,True,True
664,12,Ob12.txt,91,0.3398043944848335,0.4333462189678611,0.19477105080381701,0.23857516816404406,0.1,1.2752813854124614,True,0.3642934967947753,0.1460969075797,0.2181965892150753,0.175,1.0720682330994245,True,True,True
664,13,Ob13.txt,102,0.16080356168087134,0.28609596546356675,0.21399083140335518,0.07210513406021157,0.3,1.7791643572631126,True,0.2631022165576944,0.18206740407970978,0.08103481247798461,0.35,1.6361715736113087,True,True,True
664,14,Ob14.txt,47,0.7458913674641634,0.11513367959434392,0.25296272181496987,-0.13782904222062595,0.675,0.1543571686394072,False,0.3542525271837235,0.27432176268476705,0.07993076449895647,0.375,0.47493849994281334,False,False,False
664,15,Ob15.txt,96,0.05139531241455397,0.02718455642363582,0.19346870925261506,-0.16628415282897924,0.95,0.5289306581963257,False,0.13756863981494688,0.12719867607162166,0.010369963743325217,0.45,2.6766767892238863,False,False,False
664,16,Ob16.txt,84,0.2761076617148667,0.38793913949003844,0.25685463929121677,0.13108450019882167,0.3,1.4050285206886393,True,0.48208515150359266,0.2358656744162409,0.24621947708735176,0.1,1.746004252505809,True,True,True
664,17,Ob17.txt,122,0.20466704777381892,0.08201266814920985,0.18645235904917248,-0.10443969089996263,0.95,0.40071261613077774,False,0.05308207822421296,0.20082165108449956,-0.1477395728602866,0.85,0.25935820544436095,False,False,False
664,18,Ob18.txt,103,0.11208283479787634,0.11944359752714623,0.0,0.11944359752714623,0.0,1.0656725246336236,True,0.09286551704101029,0.0,0.09286551704101029,0.0,0.8285436142695584,True,True,True
664,19,Ob19.txt,143,0.05898862340865778,0.5178926490656306,0.14646787871759626,0.37142477034803434,0.0,8.779534410860983,True,0.27072031144494196,0.1074324828473726,0.16328782859756935,0.025,4.589364792757789,True,True,True
665,1,Ob1.txt,28,0.8775038193286322,0.3265049583142767,0.3206313679765248,0.005873590337751922,0.5,0.37208380308142913,False,0.39907607185357286,0.33659380341212514,0.06248226844144772,0.45,0.45478556681257665,False,False,False
665,2,Ob2.txt,43,0.03456393863350721,0.4522480097253837,0.18322164457059148,0.2690263651547922,0.175,13.084388747495414,True,0.454012905279638,0.19005503782032834,0.26395786745930966,0.1,13.135450507932152,True,True,True
665,3,Ob3.txt,40,0.4781821594481627,0.030326050023791143,0.19490810516725787,-0.16458205514346674,0.9,0.06341945098660386,False,0.20382672068250257,0.1699803726299244,0.03384634805257816,0.425,0.4262532941791995,False,False,False
665,4,Ob4.txt,58,0.2064111313965171,0.740357143018791,0.21345254884219067,0.5269045941766003,0.025,3.5868082210961783,True,0.48673963646737056,0.23717100431580462,0.24956863215156594,0.15,2.358107497276107,True,True,True
665,5,Ob5.txt,93,0.5683438216426779,0.20528181866048395,0.23890587980527322,-0.033624061144789275,0.55,0.36119301528986475,False,0.14582466687738244,0.19060153032888882,-0.04477686345150639,0.675,0.2565782565488387,False,False,False
665,6,Ob6.txt,112,0.189518073431681,0.018725659100684217,0.16226949005892252,-0.1435438309582383,0.925,0.0988067193888745,False,0.013652324270141514,0.1619724180784232,-0.14832009380828168,0.95,0.07203705706233349,False,False,False
665,7,Ob7.txt,33,0.6133343829243676,0.12131508526236666,0.25589343895332683,-0.13457835369096016,0.725,0.1977959961806453,False,0.24369769820020012,0.2138591361507512,0.02983856204944893,0.45,0.3973325236362158,False,False,False
665,8,Ob8.txt,84,0.3587122999648126,0.41078787086307644,0.14656078397971117,0.26422708688336527,0.15,1.145173641671535,True,0.5918154397554938,0.1770113736617277,0.4148040660937661,0.05,1.6498331387397287,True,True,True
665,9,Ob9.txt,37,0.26365822282983586,0.3957779177086479,0.2752815663259929,0.12049635138265502,0.375,1.5011021217573846,False,0.5700009741002589,0.3901184979521475,0.17988247614811137,0.275,2.16189340875644,True,False,True
665,10,Ob10.txt,36,0.44094503403380947,0.19528690286581846,0.25726897456092146,-0.061982071695103,0.65,0.4428826447580422,False,0.3591869938068747,0.2060209847911471,0.15316600901572758,0.3,0.8145845084612837,True,False,True
665,11,Ob11.txt,119,0.06654004268219896,0.0032479285089230814,0.20006839445685892,-0.19682046594793584,1.0,0.04881163849616795,False,0.033957677751464244,0.15970484467544843,-0.1257471669239842,0.95,0.5103344750415787,False,False,False
665,12,Ob12.txt,91,0.06521893295460099,0.3318409123109602,0.18184550742299949,0.1499954048879607,0.3,5.088107046184813,True,0.14282944677914564,0.19576475400469492,-0.05293530722554929,0.625,2.189999748670673,False,False,True
665,13,Ob13.txt,102,0.09810984558292232,0.38130354668330224,0.29629284943575085,0.08501069724755139,0.25,3.8864962473213245,True,0.3920435562547027,0.11679136776771515,0.27525218848698757,0.1,3.9959654805831692,True,True,True
665,14,Ob14.txt,47,0.789241593592625,0.04346716653049541,0.21081484595036065,-0.16734767941986523,0.95,0.05507460184990127,False,0.5089964671748646,0.2175821024873551,0.2914143646875095,0.075,0.6449184524828632,True,False,True
665,15,Ob15.txt,96,0.45169755584120636,0.5049198995463324,0.07439166534161896,0.4305282342047135,0.0,1.117827389183032,True,0.2563757147293948,0.049463519330937455,0.20691219539845734,0.0,0.5675826920337008,True,True,True
665,16,Ob16.txt,84,0.2807157184040203,0.27911253771008543,0.194515371556731,0.08459716615335444,0.375,0.9942889528842574,False,0.6247724565684565,0.18008290293176188,0.4446895536366946,0.0,2.2256411579676927,True,False,True
665,17,Ob17.txt,122,0.17347326989456924,0.3106385136993226,0.1586281244656659,0.1520103892336567,0.2,1.7906995924393276,True,0.2892497382225727,0.178307732144318,0.11094200607825472,0.325,1.667402351949486,True,True,True
665,18,Ob18.txt,103,0.3092727777085307,0.08280440893186858,0.008824418224106956,0.07397999070776162,0.0,0.2677390798678903,False,0.6192718656077965,0.004882830952256556,0.6143890346555398,0.0,2.002348445266074,True,False,True
665,19,Ob19.txt,143,0.04051707519355291,0.16230532106836115,0.1495306058669097,0.012774715201451459,0.475,4.005849886572939,False,0.29186372235195024,0.07314580723004808,0.21871791512190214,0.0,7.203474608117609,True,False,True
666,1,Ob1.txt,28,0.32266331329168163,0.28652651172802734,0.27780551291126415,0.008720998816763192,0.475,0.8880046163445074,False,0.3049448207684796,0.211315540162242,0.09362928060623762,0.4,0.9450867458638385,False,False,False
666,2,Ob2.txt,43,0.2346243056824291,0.46265545860472235,0.20703522192695265,0.2556202366777697,0.175,1.971899105930398,True,0.2855192129746428,0.2772295162511894,0.008289696723453366,0.425,1.2169208648020526,False,False,True
666,3,Ob3.txt,40,0.6206247216306309,0.6864903875928519,0.28046128050343555,0.4060291070894163,0.05,1.1061280088701033,True,0.7657452053077862,0.25904250270064,0.5067027026071462,0.05,1.2338296858298932,True,True,True
666,4,Ob4.txt,58,0.055400386743814076,0.03460190230195787,0.2237940805947119,-0.18919217829275403,0.95,0.6245787138989868,False,0.23310094758807703,0.256362649918621,-0.023261702330543976,0.55,4.207568959148191,False,False,False
666,5,Ob5.txt,93,0.3874921673354095,0.16291420769243958,0.12216116385235375,0.04075304384008584,0.425,0.4204322601221062,False,0.0074821203325111385,0.16355827556297795,-0.1560761552304668,1.0,0.019309087933214113,False,False,False
666,6,Ob6.txt,112,0.5055417826121795,0.03284407763659661,0.1807903181892708,-0.1479462405526742,0.85,0.06496807735037909,False,0.007557620840302148,0.18481411496005185,-0.1772564941197497,0.975,0.014949547396955493,False,False,False
666,7,Ob7.txt,33,0.03762899758281148,0.4567916978735713,0.30058982001651663,0.1562018778570547,0.225,12.139353350253181,True,0.4835781559245187,0.2180423459431637,0.26553580998135495,0.225,12.85121015674922,True,True,True
666,8,Ob8.txt,84,0.1594167931201676,0.01701973674693709,0.23584868270015633,-0.21882894595321922,0.95,0.10676250860289038,False,0.10220322327269082,0.16477327551669457,-0.06257005224400375,0.575,0.6411070080656467,False,False,False
666,9,Ob9.txt,37,0.0435511267996368,0.24802981703214758,0.22893424685334463,0.01909557017880295,0.475,5.6951412112307525,False,0.11291556354576571,0.21833643257239999,-0.10542086902663428,0.75,2.592712791686193,False,False,False
666,10,Ob10.txt,36,0.40368493464858946,0.04344185515375683,0.3510713149407332,-0.30762945978697637,0.925,0.10761326823249737,False,0.11343642248987605,0.3137621883406883,-0.20032576585081224,0.875,0.2810023678208929,False,False,False
666,11,Ob11.txt,119,0.15330269783238254,0.016585166593679937,0.12090669075551008,-0.10432152416183015,0.95,0.10818574511854812,False,0.07374706138923567,0.23361794321352175,-0.15987088182428608,0.925,0.48105520928189355,False,False,False
666,12,Ob12.txt,91,0.7143975149205399,0.44906861783257174,0.25893922711869666,0.19012939071387508,0.175,0.6285976762986363,True,0.2543228417403377,0.2522444856643993,0.0020783560759384256,0.5,0.3559962575858417,False,False,True
666,13,Ob13.txt,102,0.2075825731945201,0.23236573497679341,0.041018425786541024,0.1913473091902524,0.075,1.1193894140576517,True,0.3174742925818542,0.04082696508356347,0.27664732749829074,0.075,1.5293879813521607,True,True,True
666,14,Ob14.txt,47,0.7701468938832207,0.4291809575024701,0.2060732446082751,0.22310771289419498,0.25,0.5572715554801002,True,0.4712368835256527,0.2692308312312491,0.2020060522944036,0.225,0.6118792236499074,True,True,True
666,15,Ob15.txt,96,0.1553005695621976,0.03656014296612245,0.13467275597974007,-0.09811261301361762,0.825,0.23541538237231113,False,0.19852477130995538,0.12476735804504244,0.07375741326491295,0.175,1.278326099315731,True,False,True
666,16,Ob16.txt,84,0.08897486053079294,0.010919925443471312,0.21762371044679651,-0.2067037850033252,0.975,0.12273045867480827,False,0.05219214787957826,0.20091978859106657,-0.1487276407114883,0.85,0.5865943207802534,False,False,False
666,17,Ob17.txt,122,0.13312548317459788,0.3763951597970874,0.17871856413778883,0.19767659565929854,0.15,2.8273712201550047,True,0.10535899059929438,0.1436066269578461,-0.03824763635855172,0.65,0.7914261648997213,False,False,True
666,18,Ob18.txt,103,0.2805849702340364,0.27722489213169155,0.792342878894422,-0.5151179867627305,0.625,0.9880247395306235,False,0.40214678985635144,0.7414569838022217,-0.33931019394587025,0.525,1.433244230868532,False,False,False
666,19,Ob19.txt,143,0.5246657598688317,0.4133585539350101,0.1521330558997772,0.2612254980352329,0.1,0.7878512103369414,True,0.46666809149462907,0.2161852118022045,0.25048287969242455,0.025,0.8894578743070594,True,True,True
667,1,Ob1.txt,28,0.217251167458852,0.4837008299877261,0.20110509966770856,0.28259573032001756,0.1,2.2264590595552978,True,0.36136274724459777,0.2504623188585134,0.11090042838608438,0.3,1.6633408762373667,True,True,True
667,2,Ob2.txt,43,0.41446241973482467,0.3534740106256258,0.27309110244028256,0.08038290818534322,0.3,0.8528493629212038,True,0.6288281433877391,0.1651688709302942,0.46365927245744487,0.075,1.517213897921232,True,True,True
667,3,Ob3.txt,40,0.10486773227346047,0.2883014926786116,0.2887211343004569,-0.0004196416218453236,0.5,2.749191638156305,False,0.057076225940007,0.24825070224644535,-0.19117447630643836,0.775,0.5442687154821945,False,False,False
667,4,Ob4.txt,58,0.13158928570351805,0.783653831069083,0.2339175750201857,0.5497362560488973,0.025,5.955301200089514,True,0.6831179628467972,0.2548391904010973,0.42827877244569984,0.075,5.1912886310966115,True,True,True
667,5,Ob5.txt,93,0.3790373665429697,0.2033114927494008,0.2599046986277841,-0.05659320587838329,0.625,0.5363890494589333,False,0.2774415327392368,0.22563447406201925,0.05180705867721752,0.35,0.7319635403486915,True,False,True
667,6,Ob6.txt,112,0.6285596459050113,0.35776062307483025,0.10331559593288561,0.2544450271419446,0.125,0.5691752968960012,True,0.7542065362541753,0.14938983991663318,0.6048166963375421,0.025,1.199896527191553,True,True,True
667,7,Ob7.txt,33,1.1116798659245737,0.08135687572724601,0.3183719021946434,-0.2370150264673974,0.95,0.07318372691726521,False,0.22227565918058023,0.24960081585053004,-0.027325156669949807,0.525,0.1999457451680261,False,False,False
667,8,Ob8.txt,84,0.6217178279338624,0.664631170691678,0.2641156909579361,0.4005154797337419,0.05,1.0690238253267215,True,0.853222934159491,0.221502191095848,0.631720743063643,0.0,1.3723636283601246,True,True,True
667,9,Ob9.txt,37,0.4996820865307416,0.3338031998949575,0.27301235506926036,0.06079084482569713,0.3,0.66803115199212,True,0.14185923612242912,0.23446167391325828,-0.09260243779082916,0.7,0.283898982865982,False,False,True
667,10,Ob10.txt,36,0.29907761690766665,0.4147195890686836,0.2818798016253514,0.1328397874433322,0.225,1.3866620757404216,True,0.24891921136391976,0.2204094577814603,0.02850975358245947,0.45,0.8322896709477522,False,False,True
667,11,Ob11.txt,119,0.06635816460191783,0.14378135716018925,0.17724063543987226,-0.03345927827968301,0.575,2.1667470464671923,False,0.24710684433636415,0.17334161764279904,0.07376522669356511,0.275,3.723834826034692,True,False,True
667,12,Ob12.txt,91,0.3923868339600723,0.6269087723071394,0.1583841297521322,0.46852464255500714,0.0,1.5976804470736423,True,0.5629125344068739,0.1977083041845974,0.36520423022227655,0.0,1.434585683535329,True,True,True
667,13,Ob13.txt,102,0.0763896709974389,0.11581514422073194,0.05581903643203248,0.05999610778869946,0.25,1.5161100016337923,True,0.34382597362045286,0.03760269212320322,0.30622328149724964,0.25,4.500948480743951,True,True,True
667,14,Ob14.txt,47,0.5569783695820232,0.3834251501218141,0.31769255232560384,0.06573259779621027,0.375,0.6884022271987874,False,0.4571830191676806,0.282978838362426,0.17420418080525463,0.25,0.8208272423770556,True,False,True
667,15,Ob15.txt,96,0.14621329643472475,0.6778100096479679,0.21310152989229142,0.4647084797556765,0.05,4.63576176842828,True,0.579206264760317,0.17990697795314572,0.3992992868071713,0.075,3.961378881973959,True,True,True
667,16,Ob16.txt,84,0.09850085068713282,0.08319451635597808,0.1994100780901823,-0.11621556173420422,0.775,0.8446070848690223,False,0.09158817974239641,0.1653871822200216,-0.07379900247762519,0.75,0.9298212056391975,False,False,False
667,17,Ob17.txt,122,0.43340234414550594,0.4532775829376021,0.11141952814509185,0.3418580547925103,0.1,1.045858632424525,True,0.28597487870642907,0.1918209627611741,0.09415391594525496,0.25,0.6598369449760495,True,True,True
667,18,Ob18.txt,103,0.07176991157002234,0.31420533979889453,0.0,0.31420533979889453,0.0,4.377953559164413,True,0.48548520187024174,0.0,0.48548520187024174,0.025,6.764467048236194,True,True,True
667,19,Ob19.txt,143,0.04162154953414836,0.10238029676996765,0.11607543778159521,-0.013695141011627554,0.575,2.45979061125463,False,0.005763584591428034,0.14979214882940634,-0.1440285642379783,1.0,0.1384759735266297,False,False,False
668,1,Ob1.txt,28,1.4781684807069204,0.2297535127018516,0.18973093640902983,0.04002257629282177,0.4,0.15543120807986252,False,0.6289910658445044,0.2943961107000582,0.33459495514444615,0.05,0.4255205506368903,True,False,True
668,2,Ob2.txt,43,0.34310322546702854,0.02935222374961763,0.254881524965172,-0.2255293012155544,0.925,0.08554925040318023,False,0.06846129081478693,0.24393349349147458,-0.17547220267668767,0.875,0.1995355500421138,False,False,False
668,3,Ob3.txt,40,0.07291207995414123,0.4221905167377116,0.3984656036762345,0.02372491306147706,0.45,5.790405609101434,False,0.028525870771628103,0.26390785009308027,-0.23538197932145216,0.925,0.3912365521539055,False,False,False
668,4,Ob4.txt,58,0.1476243494096705,0.019238789593334304,0.21262053792595204,-0.19338174833261773,0.95,0.13032260375925503,False,0.13958958615666678,0.2483863279416727,-0.10879674178500592,0.7,0.9455729133768674,False,False,False
668,5,Ob5.txt,93,0.11451996313840446,0.11379651447773823,0.188656103665566,-0.07485958918782779,0.7,0.9936827724979976,False,0.08264904279359242,0.19538309309734758,-0.11273405030375516,0.75,0.7216998724816732,False,False,False
668,6,Ob6.txt,112,0.5754581225641473,0.3220372669420526,0.19939300339863933,0.12264426354341326,0.3,0.5596189441329061,True,0.3057261554472991,0.2334539756933005,0.07227217975399858,0.375,0.5312743768130916,False,False,True
668,7,Ob7.txt,33,0.0445213937334957,0.44767748244973327,0.2915529815333434,0.15612450091638985,0.275,10.055333962128927,True,0.6681678064001282,0.2259521534873019,0.4422156529128263,0.075,15.007791768599366,True,True,True
668,8,Ob8.txt,84,0.3874491866278158,0.20607474548820243,0.2813022018756144,-0.07522745638741196,0.675,0.5318755403302939,False,0.053347911365440426,0.2660555861539462,-0.21270767478850577,0.875,0.13769008480765377,False,False,False
668,9,Ob9.txt,37,0.3058526254700373,0.17110608842381594,0.30009455608443153,-0.12898846766061559,0.625,0.5594396587600269,False,0.3185540346667295,0.26009547676888123,0.05845855789784826,0.475,1.0415278736848264,False,False,False
668,10,Ob10.txt,36,0.08537192245146702,0.21664382324337433,0.22053040384277323,-0.0038865805993988922,0.525,2.5376472383708344,False,0.29903645009628105,0.23686677681281942,0.062169673283461624,0.4,3.502749399444295,False,False,False
668,11,Ob11.txt,119,0.06648886070657058,0.2031330412481282,0.16921117546662914,0.033921865781499055,0.4,3.0551439607996493,False,0.29005788896788115,0.2301238906177721,0.05993399835010904,0.375,4.362503521423958,False,False,False
668,12,Ob12.txt,91,0.3655906494697062,0.1285716004900952,0.20787301235859806,-0.07930141186850287,0.625,0.3516818624234233,False,0.10184933937833518,0.13800323196546946,-0.03615389258713428,0.575,0.2785884691691894,False,False,False
668,13,Ob13.txt,102,0.04771945228366331,0.0450573679915062,0.16355766360408014,-0.11850029561257394,0.95,0.9442138548378001,False,0.18864709829500065,0.1675039577367365,0.021143140558264162,0.45,3.953253636978221,False,False,False
668,14,Ob14.txt,47,0.056494483754562785,0.1680238457326773,0.23425840094775835,-0.06623455521508104,0.675,2.974163751325665,False,0.16346133710439403,0.2276488360013772,-0.06418749889698316,0.625,2.893403501385072,False,False,False
668,15,Ob15.txt,96,0.17582413544555564,0.22825043378184906,0.16637941083691957,0.061871022944929494,0.325,1.2981746402644894,True,0.3178887212910837,0.1718881724332229,0.1460005488578608,0.175,1.8079925175546716,True,True,True
668,16,Ob16.txt,84,0.5665903505939335,0.024925919486941034,0.20844700849846018,-0.18352108901151915,0.95,0.043992841496174814,False,0.02481203200944765,0.1784172375387932,-0.15360520552934556,0.925,0.04379183652428639,False,False,False
668,17,Ob17.txt,122,0.13635483304032042,0.634968178284501,0.18165667671766672,0.4533115015668343,0.025,4.656733935472163,True,0.43911671705031385,0.14057420019705205,0.29854251685326183,0.1,3.220397159816595,True,True,True
668,18,Ob18.txt,103,0.015107960113050128,0.05602773278775784,0.22481657699294602,-0.1687888442051882,0.925,3.7084909126389314,False,0.2515674827164458,0.21424798258457867,0.037319500131867134,0.375,16.651320286392863,False,False,False
668,19,Ob19.txt,143,0.18749485982488034,0.41156352333063245,0.12387405267162281,0.2876894706590096,0.15,2.195065633879412,True,0.32878074050969985,0.06652941200013805,0.2622513285095618,0.0,1.753545354879489,True,True,True
669,1,Ob1.txt,28,0.023184238861909567,0.14656999634824963,0.2641802307533778,-0.11761023440512819,0.7,6.3219671441988154,False,0.5568348178505373,0.20749116907220938,0.34934364877832796,0.175,24.017817499516294,True,False,True
669,2,Ob2.txt,43,0.5027520283235998,0.5904997008076094,0.2709955678221555,0.3195041329854539,0.125,1.1745346961137075,True,0.6069133490060061,0.2728964565753038,0.3340168924307023,0.175,1.2071822982588987,True,True,True
669,3,Ob3.txt,40,0.18190854284680436,0.28472882208060357,0.3114683024830299,-0.026739480402426352,0.575,1.5652306242724954,False,0.15483742194914746,0.2679447036295305,-0.11310728168038303,0.675,0.8511827950793106,False,False,False
669,4,Ob4.txt,58,0.9256771332747505,0.26244524684234066,0.2511260471291408,0.01131919971319989,0.475,0.2835170465039933,False,0.23701492684816045,0.27205926545981907,-0.03504433861165862,0.55,0.256044919257838,False,False,False
669,5,Ob5.txt,93,0.13661863621974074,0.19387958345846323,0.23174634839666547,-0.037866764938202235,0.55,1.419129840724091,False,0.16909272680228182,0.17462111409890732,-0.005528387296625498,0.5,1.2376988343691921,False,False,False
669,6,Ob6.txt,112,0.2701688481133584,0.12852234851329808,0.15489503144587854,-0.026372682932580466,0.6,0.4757112058284833,False,0.07253007385725257,0.17470237446102724,-0.10217230060377466,0.75,0.26846201685999027,False,False,False
669,7,Ob7.txt,33,0.5451187421378357,0.16222939016987895,0.30174494118483997,-0.13951555101496102,0.75,0.29760376525241267,False,0.1060061753005136,0.4115583092101097,-0.3055521339095961,0.8,0.19446437465125618,False,False,False
669,8,Ob8.txt,84,0.23658069673155946,0.14869125462311383,0.12974257023984084,0.01894868438327299,0.425,0.6285012119641741,False,0.03868980861762064,0.10354431464676253,-0.06485450602914189,0.85,0.16353747009850397,False,False,False
669,9,Ob9.txt,37,0.3459057947772917,0.18987314625001087,0.2003283639054082,-0.010455217655397336,0.5,0.5489157716257946,False,0.4280651499491199,0.3145692348918496,0.1134959150572703,0.4,1.2375194530196458,False,False,False
669,10,Ob10.txt,36,0.4855993605684677,0.25457984190367,0.3104707716502448,-0.05589092974657478,0.6,0.5242590138620563,False,0.1541819045474737,0.2562480605372787,-0.10206615598980501,0.825,0.3175084587569893,False,False,False
669,11,Ob11.txt,119,0.3844085294253716,0.07265747647449687,0.17136305909093036,-0.09870558261643349,0.8,0.18901109344037711,False,0.12453262174813468,0.235404885913248,-0.11087226416511334,0.75,0.3239590493329863,False,False,False
669,12,Ob12.txt,91,0.6049679284933384,0.22652931628191358,0.2061597225897236,0.02036959369218999,0.475,0.3744484717497021,False,0.19539996901424816,0.23836832542476857,-0.04296835641052041,0.6,0.3229922774598783,False,False,False
669,13,Ob13.txt,102,0.1452599956211214,0.6247280888233882,0.19707940895540507,0.42764867986798305,0.0,4.300758003964514,True,0.593791343139594,0.17704931127542436,0.4167420318641697,0.025,4.087783016931706,True,True,True
669,14,Ob14.txt,47,0.08557183911679697,0.3867197700418857,0.2714720560981835,0.1152477139437022,0.325,4.51924107315319,True,0.552884734937799,0.31262878874805666,0.24025594618974233,0.175,6.461059393419918,True,True,True
669,15,Ob15.txt,96,0.047457385478298,0.9637327050211788,0.15960272992111252,0.8041299751000663,0.0,20.307328254774767,True,0.6128390389694649,0.15692456380241743,0.4559144751670475,0.0,12.913459786985374,True,True,True
669,16,Ob16.txt,84,0.4506974606007642,0.4342734963182864,0.1389587069760601,0.29531478934222627,0.05,0.9635587822913729,True,0.5835120190457502,0.20766195281668517,0.375850066229065,0.1,1.2946867245889266,True,True,True
669,17,Ob17.txt,122,0.21298241279334174,0.11453620387181618,0.15231045803023016,-0.037774254158413983,0.625,0.5377730600833761,False,0.4275311494915627,0.13774154686641973,0.289789602625143,0.1,2.007354240588865,True,False,True
669,18,Ob18.txt,103,0.6326520180943618,0.29949664643737145,1.76785391531016,-1.4683572688727886,0.675,0.47339870556249564,False,0.5531778061704969,2.5318885575783336,-1.9787107514078368,0.65,0.8743792643493772,False,False,False
669,19,Ob19.txt,143,0.09029429384961551,0.1511824934516071,0.25253102784895476,-0.10134853439734767,0.7,1.6743305363614718,False,0.16291488435947377,0.2021504168362368,-0.039235532476763035,0.575,1.804265556700707,False,False,False
670,1,Ob1.txt,28,0.02044093505250827,0.2255363696090203,0.24600732741888912,-0.020470957809868823,0.55,11.0335642195265,False,0.16051350137909387,0.3287562233213509,-0.16824272194225703,0.725,7.852551801899961,False,False,False
670,2,Ob2.txt,43,0.16032398988563423,0.13395378945925177,0.3011172380966165,-0.16716344863736474,0.85,0.8355193103340715,False,0.07741591043049231,0.22745127271502197,-0.15003536228452966,0.85,0.4828716556125899,False,False,False
670,3,Ob3.txt,40,0.8555255769316812,0.8339607158807122,0.269544650849166,0.5644160650315462,0.025,0.9747934350153379,True,0.79352872850735,0.28676469467787147,0.5067640338294785,0.025,0.9275336119737283,True,True,True
670,4,Ob4.txt,58,0.8131071085242265,0.2586926274089097,0.2740977776784673,-0.015405150269557633,0.525,0.3181531986338574,False,0.2156787782669396,0.16750359210007015,0.048175186166869444,0.475,0.26525260449191296,False,False,False
670,5,Ob5.txt,93,0.13581133436037193,0.2134255198553855,0.2813838533419569,-0.06795833348657143,0.55,1.571485331916895,False,0.22875607299683906,0.22133682601808485,0.007419246978754207,0.45,1.6843665815832471,False,False,False
670,6,Ob6.txt,112,0.06339533707962852,0.47331691313456326,0.17870577277218722,0.294611140362376,0.0,7.466115568406041,True,0.38626106084293854,0.13201228350573488,0.25424877733720364,0.025,6.0928938725851465,True,True,True
670,7,Ob7.txt,33,0.3946847620606073,0.339619705509795,0.25100222147957485,0.08861748403022013,0.4,0.8604834494665476,False,0.24747778219989625,0.28423149022524796,-0.03675370802535172,0.575,0.6270264423380345,False,False,False
670,8,Ob8.txt,84,0.23884867007886346,0.05776982927498581,0.3128426922876652,-0.2550728630126794,0.925,0.24186791266583677,False,0.00687464352506037,0.25395561234774744,-0.24708096882268707,0.975,0.028782423292499342,False,False,False
670,9,Ob9.txt,37,0.2613537708323719,0.05918641916288506,0.32187279590938345,-0.2626863767464984,0.925,0.22646093444294046,False,0.4802928101172547,0.27609737361047115,0.20419543650678357,0.125,1.8377114230554066,True,False,True
670,10,Ob10.txt,36,0.33207296541664966,0.40063779622651285,0.21902403568374143,0.18161376054277142,0.2,1.2064751965696316,True,0.2601363161998179,0.1982724000510739,0.06186391614874401,0.375,0.7833709554568126,False,False,True
670,11,Ob11.txt,119,0.10656037679336372,0.23010005156481944,0.15798810547799927,0.07211194608682017,0.325,2.1593396953824344,True,0.1467883784300178,0.20855064540520502,-0.06176226697518722,0.6,1.3775136954954852,False,False,True
670,12,Ob12.txt,91,0.17842742871361217,0.33241827993697226,0.30012440672845153,0.03229387320852073,0.375,1.863044725430223,False,0.04652760618932553,0.16733573977869282,-0.12080813358936729,0.875,0.2607648752479946,False,False,False
670,13,Ob13.txt,102,0.1791953432530799,0.14110512879835607,0.11625800710244005,0.02484712169591602,0.45,0.7874374759787786,False,0.311166322957105,0.14417286733497042,0.16699345562213458,0.225,1.7364643372324737,True,False,True
670,14,Ob14.txt,47,0.17191996164336398,0.281488480202118,0.29132395314046466,-0.00983547293834669,0.525,1.6373228420446386,False,0.14279002957070974,0.21048398270778834,-0.0676939531370786,0.7,0.8305610832261453,False,False,False
670,15,Ob15.txt,96,0.2422424084258304,0.04983298725862256,0.16446597777280364,-0.11463299051418108,0.925,0.20571537239269314,False,0.377680723166118,0.1779165598791536,0.1997641632869644,0.2,1.559102411590149,True,False,True
670,16,Ob16.txt,84,0.17093215541746928,0.09078444035657185,0.1535507393196589,-0.06276629896308705,0.675,0.5311138804448357,False,0.005568861318728233,0.2298406957361004,-0.22427183441737214,0.95,0.03257936638736783,False,False,False
670,17,Ob17.txt,122,0.023645112720944883,0.35645751839816175,0.17609550157221182,0.18036201682594993,0.05,15.075314827423556,True,0.2711930351703511,0.16478575685512736,0.10640727831522373,0.15,11.46930608328747,True,True,True
670,18,Ob18.txt,103,0.004868075052096174,0.18186220236325318,0.2008839917928463,-0.019021789429593122,0.525,37.35813446116531,False,0.31489224877488203,0.2391675520994763,0.07572469667540574,0.325,64.68516721805484,True,False,True
670,19,Ob19.txt,143,0.17430693404655248,0.2723677501902159,0.1448904004557253,0.12747734973449062,0.125,1.562575531949143,True,0.15942451342302064,0.2117959765201833,-0.052371463097162674,0.7,0.914619457309959,False,False,True
671,1,Ob1.txt,28,0.22500905190008336,0.606241064554605,0.3385282171983112,0.2677128473562938,0.15,2.694296338014926,True,0.463430138430601,0.3847231385072391,0.07870699992336189,0.35,2.0596066447868506,True,True,True
671,2,Ob2.txt,43,0.525113316282242,0.17318885256480593,0.213219603019852,-0.04003075045504606,0.6,0.32981234182170127,False,0.1716449017784264,0.253724294877967,-0.0820793930995406,0.6,0.32687211780051173,False,False,False
671,3,Ob3.txt,40,0.10647970008789098,0.4089400324784023,0.22005839711223016,0.18888163536617217,0.225,3.840544555824754,True,0.30194660011913077,0.21539263052673763,0.08655396959239314,0.325,2.8357198589956263,True,True,True
671,4,Ob4.txt,58,0.19539618398378455,0.2826580347819895,0.19145998782900445,0.09119804695298503,0.3,1.4465893295308498,True,0.2504701913170944,0.21003534351963615,0.04043484779745826,0.45,1.2818581520398593,False,False,True
671,5,Ob5.txt,93,0.1957850140942796,0.27375386803080426,0.20440366020737954,0.06935020782342471,0.275,1.398237088253236,True,0.19432131989070459,0.1551362772189548,0.0391850426717498,0.45,0.9925239722235831,False,False,True
671,6,Ob6.txt,112,0.020639177019560154,0.0019286730965994425,0.14717135364545397,-0.14524268054885453,1.0,0.09344719001012497,False,0.0857778489823523,0.24732360410139304,-0.16154575511904073,0.85,4.156069251262245,False,False,False
671,7,Ob7.txt,33,0.5954784044153416,0.08549783502193653,0.3539739976125318,-0.26847616259059526,0.825,0.14357839744983,False,0.3914276198563057,0.26175468757347153,0.12967293228283416,0.35,0.6573330232531622,True,False,True
671,8,Ob8.txt,84,0.5575638343831305,0.1398360077975639,0.1946456843852149,-0.05480967658765101,0.65,0.2507982031371774,False,0.12929324825973654,0.1471952842735218,-0.01790203601378526,0.55,0.23188958875494883,False,False,False
671,9,Ob9.txt,37,0.48295380705096014,0.37886661123151555,0.2567371608154616,0.12212945041605394,0.4,0.7844779473734191,False,0.6411980534492258,0.2848421141376052,0.3563559393116206,0.125,1.327659175863103,True,False,True
671,10,Ob10.txt,36,0.7996521540359427,0.2963543013141971,0.2627373769355682,0.0336169243786289,0.45,0.37060401803266646,False,0.5134567152538705,0.21943225410553835,0.29402446114833214,0.175,0.6421000839707507,True,False,True
671,11,Ob11.txt,119,0.05592011698878563,0.062382418161979564,0.19192489420872863,-0.12954247604674907,0.85,1.1155630839343542,False,0.14105966700531739,0.2082498113735028,-0.0671901443681854,0.675,2.52252095669982,False,False,False
671,12,Ob12.txt,91,0.6898470148367819,0.2421930804403531,0.18488140437906467,0.057311676061288425,0.425,0.3510823055422746,False,0.2039920863844097,0.19828158213393612,0.005710504250473564,0.475,0.2957062681972673,False,False,False
671,13,Ob13.txt,102,0.08246921759418999,0.3797367326669937,0.2822475430638487,0.09748918960314501,0.45,4.604587550903919,False,0.21488401569677104,0.25177024722627306,-0.03688623152950202,0.5,2.605626947428561,False,False,False
671,14,Ob14.txt,47,0.10595037187047576,0.10595700991475993,0.19004864553478557,-0.08409163562002564,0.775,1.000062652392502,False,0.19886503660057211,0.1946359988612162,0.004229037739355929,0.5,1.8769640265508878,False,False,False
671,15,Ob15.txt,96,0.01938359496525574,0.29083100581921423,0.18571093101996436,0.10512007479924987,0.225,15.00397662768523,True,0.21419009752275636,0.16096778910586348,0.05322230841689288,0.35,11.050070841176927,True,True,True
671,16,Ob16.txt,84,0.10156629681801169,0.032574717086993,0.22120699061278978,-0.18863227352579678,0.925,0.32072368598178747,False,0.03238522352470455,0.23761038006127033,-0.20522515653656578,0.975,0.3188579729625564,False,False,False
671,17,Ob17.txt,122,0.054111687456125435,0.10188424743132729,0.12681877836252192,-0.02493453093119463,0.6,1.8828510479170801,False,0.20466141295008106,0.14229633520407692,0.06236507774600414,0.35,3.7822034863729503,True,False,True
671,18,Ob18.txt,103,0.2136466840143903,0.29552371036963554,0.3718529119054401,-0.07632920153580458,0.7,1.3832356525118377,False,0.17469910900574243,0.22596462397055528,-0.05126551496481285,0.65,0.8177010086146502,False,False,False
671,19,Ob19.txt,143,0.0556884678404196,0.41112918950637256,0.11527767391892214,0.29585151558745043,0.0,7.382662972242311,True,0.304625552331391,0.1377173184279108,0.1669082339034802,0.05,5.470172984545442,True,True,True
672,1,Ob1.txt,28,0.5177524315959603,0.3044344389897105,0.2052213064530463,0.09921313253666422,0.3,0.5879922920908323,True,0.23660457017903055,0.3364406576816046,-0.09983608750257403,0.6,0.45698398643865806,False,False,True
672,2,Ob2.txt,43,0.8042106030136995,0.09068093406297495,0.17468710244590846,-0.08400616838293351,0.675,0.11275769521460814,False,0.191410960659548,0.22255566160644025,-0.031144700946892256,0.575,0.23801098859211056,False,False,False
672,3,Ob3.txt,40,0.14087185570993344,0.6220349642721714,0.2761179239779942,0.34591704029417725,0.1,4.415608505598108,True,0.5909516507340016,0.2076392673164486,0.38331238341755297,0.075,4.194958941627197,True,True,True
672,4,Ob4.txt,58,0.43723579642489196,0.8946547622206972,0.2623597548292915,0.6322950073914057,0.025,2.0461608348079987,True,0.8053294891519368,0.28625785020177286,0.519071638950164,0.0,1.8418654093210223,True,True,True
672,5,Ob5.txt,93,0.2367277554732965,0.026855012400404332,0.21603521193640796,-0.18918019953600362,1.0,0.11344260138280932,False,0.09562173138023977,0.20160357731260053,-0.10598184593236076,0.725,0.4039312212843844,False,False,False
672,6,Ob6.txt,112,0.03654039798413464,0.263517916978093,0.15333660013366487,0.11018131684442814,0.35,7.2116871056661465,True,0.2997046300548049,0.22026675214457184,0.07943787791023307,0.325,8.202007821177338,True,True,True
672,7,Ob7.txt,33,0.3050183380264936,0.21140598318434428,0.23991136060989593,-0.028505377425551648,0.525,0.6930926991215255,False,0.214023475184123,0.27463923062658696,-0.06061575544246395,0.6,0.7016741241489984,False,False,False
672,8,Ob8.txt,84,0.11072819929153804,0.0991418452719888,0.2891672436655886,-0.1900253983935998,0.875,0.8953622104063722,False,0.06106486820424059,0.16785548930699898,-0.10679062110275839,0.775,0.5514843426963164,False,False,False
672,9,Ob9.txt,37,0.15913280295823,0.3856129847100618,0.15473627193126804,0.23087671277879374,0.175,2.4232149345806437,True,0.04535349126350635,0.21894103752301552,-0.17358754625950917,0.95,0.28500403700807664,False,False,True
672,10,Ob10.txt,36,0.6911574041661188,0.3103913045608635,0.28096346244890313,0.029427842111960367,0.5,0.449089169398902,False,0.22457008460342964,0.2647796742461842,-0.04020958964275456,0.575,0.3249188726761502,False,False,False
672,11,Ob11.txt,119,0.21055664630651877,0.029486559874882412,0.19344134226461657,-0.16395478238973415,0.925,0.14004098370733556,False,0.10044304376707572,0.1873658217607138,-0.0869227779936381,0.7,0.4770357313767969,False,False,False
672,12,Ob12.txt,91,0.40480780153603685,0.24762187295222368,0.22720704550983536,0.020414827442388317,0.45,0.6117023239488626,False,0.3051748115177006,0.29137451225596855,0.01380029926173204,0.45,0.7538758155344822,False,False,False
672,13,Ob13.txt,102,0.15385556582776305,0.04844358820287736,0.0006011683354959219,0.04784241986738144,0.35,0.3148640606028422,True,0.18599840397008835,0.055439114702591025,0.13055928926749732,0.3,1.2089156669074181,True,True,True
672,14,Ob14.txt,47,0.1336054559030305,0.6192852268116512,0.2628798985325189,0.3564053282791323,0.05,4.635179174577438,True,0.1915613434669557,0.2506616407621819,-0.0591002972952262,0.55,1.4337838389323636,False,False,True
672,15,Ob15.txt,96,0.09351682183807669,0.13392138089249672,0.12040018124121088,0.013521199651285842,0.475,1.4320565889672776,False,0.17915263881706234,0.20459973131202247,-0.025447092494960133,0.525,1.9157263398799318,False,False,False
672,16,Ob16.txt,84,0.14613582620255322,0.5969238934970207,0.16477118576086272,0.432152707736158,0.025,4.084719736484383,True,0.4980449298042008,0.13152632306730278,0.366518606736898,0.025,3.4080960346703755,True,True,True
672,17,Ob17.txt,122,0.4764096008056754,0.4216002652337977,0.1730258752332482,0.24857439000054948,0.125,0.8849533353669039,True,0.2580084011044189,0.16386042136351606,0.09414797974090286,0.325,0.5415684332727354,True,True,True
672,18,Ob18.txt,103,0.13667414743026285,0.1241406785725124,0.46827089735396044,-0.344130218781448,0.725,0.9082967108747061,False,0.09156591256212024,0.11235171521328091,-0.020785802651160673,0.525,0.6699578104838092,False,False,False
672,19,Ob19.txt,143,0.40353215785610463,0.3246273899281049,0.14912173398261497,0.17550565594548995,0.15,0.8044647337471024,True,0.1913226931373931,0.06906145127732016,0.12226124186007295,0.075,0.4741200655577412,True,True,True
673,1,Ob1.txt,28,0.1412317023089567,0.22699883436778825,0.2029732773820903,0.024025556985697943,0.375,1.6072796026433813,False,0.2761302196632037,0.23055670020167762,0.0455735194615261,0.3,1.955157483403724,True,False,True
673,2,Ob2.txt,43,0.5032153669789488,0.5120439814524986,0.16851517259337961,0.343528808859119,0.1,1.0175444055426057,True,1.1449129039581318,0.21392404837859924,0.9309888555795326,0.0,2.2751946365064555,True,True,True
673,3,Ob3.txt,40,0.08738896587123007,0.5161920816409264,0.15663590040617056,0.35955618123475586,0.1,5.906833620179794,True,0.08040904553764111,0.20405935934371136,-0.12365031380607025,0.8,0.9201281275730616,False,False,True
673,4,Ob4.txt,58,0.4550394404915288,0.04125988484546794,0.20735830597417182,-0.16609842112870388,0.85,0.09067320582343247,False,0.03592179691626639,0.2111528806145438,-0.1752310836982774,0.95,0.07894216131565221,False,False,False
673,5,Ob5.txt,93,0.03319680377451881,0.12572552574572027,0.2569528918976218,-0.13122736615190156,0.6,3.787278034345723,False,0.5174863956549842,0.22134297998877686,0.2961434156662074,0.125,15.58844035618261,True,False,True
673,6,Ob6.txt,112,0.14196252146593905,0.1642473400027285,0.16649610623818278,-0.0022487662354542803,0.5,1.1569767732121907,False,0.12931501305899099,0.1683791739627168,-0.0390641609037258,0.65,0.9109095254413146,False,False,False
673,7,Ob7.txt,33,0.8534481185480371,0.46156600887976756,0.3318786521262252,0.12968735675354237,0.325,0.5408249181743177,True,0.7754650148088511,0.24496005854735795,0.5305049562614932,0.075,0.9086258414022191,True,True,True
673,8,Ob8.txt,84,0.6095985972451167,0.018359100763456482,0.25208299833827286,-0.23372389757481637,0.95,0.030116704412419072,False,0.29117783097497457,0.1897619515903089,0.10141587938466567,0.3,0.47765502133839943,True,False,True
673,9,Ob9.txt,37,0.9083690804005705,0.2823017747379438,0.34350943632763464,-0.06120766158969082,0.65,0.310778714103143,False,0.6057451499712911,0.35110292856076986,0.2546422214105213,0.1,0.6668491509025946,True,False,True
673,10,Ob10.txt,36,0.08496934474807905,0.2969580481668246,0.23881623635595906,0.05814181181086553,0.425,3.4948845262636685,False,0.014572987333659637,0.264823405379873,-0.25025041804621334,0.925,0.17150876444753443,False,False,False
673,11,Ob11.txt,119,0.23229421086967367,0.6285995694260894,0.196400054234293,0.43219951519179645,0.0,2.7060492255605926,True,0.45693206721464896,0.21373486821654308,0.24319719899810588,0.025,1.9670402697680922,True,True,True
673,12,Ob12.txt,91,0.03242518741476434,0.1430378242679296,0.2165091531857624,-0.07347132891783278,0.7,4.411318350709036,False,0.05134293708741621,0.2023837508352609,-0.15104081374784467,0.825,1.583427612327013,False,False,False
673,13,Ob13.txt,102,0.002996066930225083,0.07751093926756242,0.0,0.07751093926756242,0.0,25.870897103670284,True,0.134730580622881,0.0,0.134730580622881,0.0,44.969149141390915,True,True,True
673,14,Ob14.txt,47,0.6080991824421211,0.3649772284601681,0.29310579173949847,0.07187143672066965,0.4,0.6001935851885587,False,0.45058580922587055,0.2765715353621854,0.17401427386368518,0.325,0.7409742065699246,True,False,True
673,15,Ob15.txt,96,0.009486072116872715,0.2762875840667398,0.29657531347124466,-0.02028772940450485,0.525,29.125604429604937,False,0.013521415661671275,0.217194579481653,-0.2036731638199817,0.95,1.4253966757875438,False,False,False
673,16,Ob16.txt,84,0.3762545670977395,0.20484669612018253,0.17050374966610343,0.03434294645407909,0.425,0.5444364375435463,False,0.04192074083665315,0.16306672817247903,-0.12114598733582588,0.8,0.11141589897502403,False,False,False
673,17,Ob17.txt,122,0.3774632337486324,0.11845788156253434,0.13925253463743845,-0.020794653074904107,0.575,0.3138262775585187,False,0.1956616201667814,0.226940516644671,-0.03127889647788959,0.55,0.5183594127132397,False,False,False
673,18,Ob18.txt,103,0.11479246778610752,0.18223893272955646,0.0,0.18223893272955646,0.275,1.5875513110243586,True,0.013842790251912596,0.0,0.013842790251912596,0.275,0.12058970870550346,False,False,True
673,19,Ob19.txt,143,0.23206005003150984,0.2452573631699742,0.17920400933510597,0.06605335383486824,0.35,1.0568702503368088,True,0.30665480815449586,0.14701757877942812,0.15963722937506775,0.125,1.3214459279520854,True,True,True
674,1,Ob1.txt,28,0.27289266376428045,0.27959992835212194,0.18065731114176273,0.09894261721035921,0.4,1.0245783983172048,False,0.1820069368402137,0.3206097148680724,-0.13860277802785867,0.7,0.6669543047790683,False,False,False
674,2,Ob2.txt,43,0.0006777898930971915,0.19302808415035172,0.24179386061056007,-0.048765776460208354,0.6,284.7904433456527,False,0.10940879633893347,0.2241225876238285,-0.11471379128489503,0.725,161.41992887941282,False,False,False
674,3,Ob3.txt,40,0.7709251720309247,0.32829568869552256,0.31561675117598254,0.012678937519540023,0.45,0.42584637343033,False,0.6354022194581823,0.23821357506609572,0.39718864439208657,0.1,0.8242073842060172,True,False,True
674,4,Ob4.txt,58,0.19697799351876033,0.25076716870931504,0.17440040580496044,0.0763667629043546,0.325,1.2730720027637594,True,0.5681434789935367,0.138372836507072,0.4297706424864647,0.05,2.884299250105958,True,True,True
674,5,Ob5.txt,93,0.1316855721402721,0.3075640814160009,0.20045873783179324,0.10710534358420765,0.325,2.3355943739104705,True,0.29272506965728906,0.1562746856529994,0.13645038400428966,0.25,2.2229091987805387,True,True,True
674,6,Ob6.txt,112,0.10201387610504753,0.020717940769104937,0.19529260943977955,-0.17457466867067462,0.95,0.20308943802675328,False,0.13376400235761685,0.22348503060323566,-0.08972102824561881,0.65,1.3112334073050516,False,False,False
674,7,Ob7.txt,33,0.0014441015684801828,0.1235775520877741,0.3509054092083838,-0.2273278571206097,0.8,85.57400309303101,False,0.5374803403370212,0.29462958066140205,0.24285075967561914,0.225,372.19012295837484,True,False,True
674,8,Ob8.txt,84,0.188395765927437,0.09057665330314602,0.1904814021969233,-0.09990474889377729,0.775,0.48077860379321236,False,0.14152005778394888,0.1908910912818203,-0.04937103349787142,0.6,0.7511849169606981,False,False,False
674,9,Ob9.txt,37,0.1848907010780892,0.11227720195084455,0.26716571026110925,-0.15488850831026468,0.85,0.6072625680802839,False,0.17983632492126278,0.23529460198498947,-0.05545827706372669,0.625,0.9726628969042003,False,False,False
674,10,Ob10.txt,36,0.2121764456654665,0.005259698278074848,0.1807341791990787,-0.17547448092100384,0.975,0.02478926565848731,False,0.08069877013280292,0.22344487158512383,-0.14274610145232092,0.775,0.38033802423120394,False,False,False
674,11,Ob11.txt,119,0.2216169971289215,0.0617888330493635,0.12400863174363473,-0.06221979869427123,0.725,0.27880908887786715,False,0.004601034708231991,0.20908304308443296,-0.20448200837620095,1.0,0.02076119958233811,False,False,False
674,12,Ob12.txt,91,0.03151651815281632,0.1635227529360307,0.09819393652999472,0.06532881640603597,0.375,5.1884777418351415,False,0.32501947751856525,0.19053073940667006,0.13448873811189518,0.2,10.312670833199936,True,False,True
674,13,Ob13.txt,102,0.18717995141197724,0.19696325091576702,0.0,0.19696325091576702,0.0,1.052266812925157,True,0.11616102369478881,0.0,0.11616102369478881,0.0,0.6205847518312579,True,True,True
674,14,Ob14.txt,47,0.5774941024255448,0.056622922966764105,0.19759940072252646,-0.14097647775576236,0.85,0.09804935276211654,False,0.14331652537580888,0.18515595653682768,-0.04183943116101879,0.6,0.24816967787872157,False,False,False
674,15,Ob15.txt,96,6.388280374169941e-05,0.17946088573302124,0.18214579444164286,-0.0026849087086216195,0.5,2809.220560491436,False,0.10108519321898912,0.36013621125216344,-0.2590510180331743,0.775,1582.3537368164368,False,False,False
674,16,Ob16.txt,84,0.013961329431050773,0.12011842245265711,0.16520853483906567,-0.04509011238640856,0.675,8.603652184118445,False,0.04124774845135448,0.12402944914289903,-0.08278170069154454,0.85,2.9544284199481172,False,False,False
674,17,Ob17.txt,122,0.5740611968122223,0.19372076833109164,0.13457579873726963,0.05914496959382201,0.35,0.337456649930057,True,0.5536699835439832,0.17979612178598503,0.3738738617579982,0.0,0.9644790252651249,True,True,True
674,18,Ob18.txt,103,0.389287879030202,0.12422959337123772,0.17534506380815462,-0.0511154704369169,0.525,0.31912011666204393,False,6.653272751927508e-06,0.2541515681563371,-0.25414491488358515,0.525,1.7090880837343844e-05,False,False,False
674,19,Ob19.txt,143,0.017065496553768128,0.5942807879694776,0.1152817520751746,0.478999035894303,0.0,34.82352746649251,True,0.5527143360107395,0.19753661756848034,0.35517771844225915,0.0,32.387826177181935,True,True,True
675,1,Ob1.txt,28,0.010945750722915815,0.230305944149859,0.38156755211695836,-0.15126160796709937,0.725,21.040671396589993,False,0.458940961262581,0.2529930717213409,0.2059478895412401,0.225,41.92868747702713,True,False,True
675,2,Ob2.txt,43,0.5789617476643028,0.10495538333415838,0.17678287617766605,-0.07182749284350767,0.675,0.18128206873351893,False,0.04865512340437231,0.18021138115114566,-0.13155625774677335,0.775,0.08403858044276843,False,False,False
675,3,Ob3.txt,40,0.2638546584351147,0.022791547174878746,0.24030110164272528,-0.21750955446784653,0.95,0.08637917295094294,False,0.26315423953040595,0.28441716379704185,-0.021262924266635896,0.575,0.9973454366549266,False,False,False
675,4,Ob4.txt,58,0.0860917738442758,0.6537823381274035,0.25284166838072364,0.40094066974667986,0.075,7.5940163494595385,True,0.7271063469112238,0.2708197040479277,0.45628664286329607,0.05,8.445712225960468,True,True,True
675,5,Ob5.txt,93,0.026190873836840156,0.14876933820781912,0.14944793304666992,-0.000678594838850799,0.5,5.6801975808290806,False,0.019120316795405823,0.20011511677978985,-0.18099479998438403,0.925,0.7300373754048302,False,False,False
675,6,Ob6.txt,112,0.15864119400354199,0.15217582218861603,0.17365709071251845,-0.02148126852390242,0.525,0.9592453154709514,False,0.09700741971779508,0.1778320904620586,-0.08082467074426353,0.65,0.6114894704816026,False,False,False
675,7,Ob7.txt,33,0.2422059068295484,0.5108103784004472,0.21893926077867204,0.29187111762177514,0.15,2.1089922417124547,True,0.29978022643040403,0.29012290537596175,0.00965732105444228,0.475,1.237708156479327,False,False,True
675,8,Ob8.txt,84,0.18516088600673886,0.1438315569813517,0.19680109117142325,-0.052969534190071554,0.725,0.7767923349433368,False,0.5496587802965092,0.19507738820399453,0.3545813920925146,0.075,2.9685469331600873,True,False,True
675,9,Ob9.txt,37,1.1036404161723916,0.16209597740088527,0.2009232630685614,-0.038827285667676126,0.65,0.14687390478418783,False,0.30431107578523486,0.24072725273756496,0.06358382304766991,0.3,0.2757338996705433,False,False,False
675,10,Ob10.txt,36,0.3888015250616041,0.03619148508217129,0.24776221988168884,-0.21157073479951755,0.925,0.09308473025263184,False,0.23922924152595754,0.22009049785856566,0.019138743667391878,0.425,0.6152991336339346,False,False,False
675,11,Ob11.txt,119,0.0028725127023236374,0.025713832979088053,0.1749260035851417,-0.14921217060605366,0.85,8.951686430590048,False,0.04591857666516645,0.16913919421121282,-0.12322061754604637,0.775,15.985508655200002,False,False,False
675,12,Ob12.txt,91,0.10165933381731734,0.3359217874441647,0.20898014869755374,0.12694163874661094,0.25,3.304387062459202,True,0.211042635036442,0.22512073359861956,-0.014078098562177566,0.55,2.0759789299395504,False,False,True
675,13,Ob13.txt,102,0.6646791463617532,0.5094439483869788,0.0034588204155567848,0.505985127971422,0.05,0.7664509277529112,True,0.3914193532662361,0.009795484396087795,0.3816238688701483,0.0,0.5888846602285386,True,True,True
675,14,Ob14.txt,47,0.2769848940045089,0.2649463388903316,0.22687585653240244,0.03807048235792915,0.425,0.9565371420075302,False,0.1652093770494254,0.19732036941676762,-0.03211099236734222,0.6,0.5964562711738931,False,False,False
675,15,Ob15.txt,96,0.5409980107814008,0.5666057037768024,0.1410204433268007,0.4255852604500017,0.025,1.0473341721874627,True,0.6861605864516962,0.23758506351847197,0.4485755229332242,0.05,1.2683236773100646,True,True,True
675,16,Ob16.txt,84,0.017549507546070098,0.08214840697138194,0.23958058709304816,-0.1574321801216662,0.875,4.680952257818632,False,0.022695165357160985,0.2300893538869801,-0.2073941885298191,0.975,1.293208102710732,False,False,False
675,17,Ob17.txt,122,0.618981312390639,0.1598085483459897,0.14187095917994766,0.017937589166042045,0.45,0.25817992425130687,False,0.2386874990144052,0.1674483577806889,0.0712391412337163,0.4,0.3856134171362019,False,False,False
675,18,Ob18.txt,103,0.40690223642973605,0.13669021765154943,0.07767610172234996,0.05901411592919947,0.375,0.33592889252933145,False,0.04429349700242513,0.083003840609151,-0.03871034360672587,0.575,0.10885537860658512,False,False,False
675,19,Ob19.txt,143,0.21719665127029797,0.30599694449798565,0.3184451417237867,-0.012448197225801039,0.525,1.408847432537885,False,0.32529072563625905,0.17600751076080895,0.1492832148754501,0.1,1.497678365360429,True,False,True
676,1,Ob1.txt,28,1.2125856701666327,0.9906092973019891,0.19600909247041468,0.7946002048315745,0.0,0.8169396370698165,True,0.024069422218588155,0.20354704032193568,-0.17947761810334753,0.925,0.019849667376722793,False,False,True
676,2,Ob2.txt,43,0.01470450260010707,0.038937852407018164,0.27531315857612493,-0.23637530616910676,0.925,2.6480224095940956,False,0.10739924849068226,0.35637852104381984,-0.24897927255313757,0.875,7.303834166406978,False,False,False
676,3,Ob3.txt,40,0.35523217489791004,0.48605423150182214,0.3073988193452749,0.17865541215654723,0.2,1.368271980547677,True,0.19987741060851433,0.2190585001941862,-0.019181089585671884,0.625,0.5626669675007816,False,False,True
676,4,Ob4.txt,58,0.1453029090659513,0.2871509310955581,0.2084905686575417,0.07866036243801641,0.3,1.9762228639567267,True,0.3814276607126215,0.18938148883310513,0.1920461718795164,0.225,2.625051784334861,True,True,True
676,5,Ob5.txt,93,0.08293051522381009,0.11331635068420914,0.20469403781417586,-0.09137768712996672,0.725,1.3664011417075461,False,0.26155379240608034,0.18318490100102325,0.0783688914050571,0.35,3.1538908410276694,True,False,True
676,6,Ob6.txt,112,0.24661339565478219,0.298239929020464,0.1637878582216576,0.1344520707988064,0.3,1.2093419671247314,True,0.26716193663920934,0.1605495191563578,0.10661241748285155,0.4,1.0833228905910355,False,False,True
676,7,Ob7.txt,33,0.3587145282378924,0.5129771143082011,0.30695044058314763,0.2060266737250535,0.275,1.4300427608217887,True,0.5652876265120558,0.40401513243707465,0.16127249407498112,0.325,1.575870454115447,True,True,True
676,8,Ob8.txt,84,0.3767922014381734,0.4254339366255333,0.2538313565306343,0.17160258009489898,0.275,1.1290943257363075,True,0.28897621014483266,0.2623382702570077,0.02663793988782498,0.45,0.7669378746211918,False,False,True
676,9,Ob9.txt,37,0.43221606157665626,0.17455111062329354,0.272571271229344,-0.09802016060605045,0.675,0.40385151349202186,False,0.3461526689193989,0.32818230624908407,0.01797036267031482,0.475,0.8008787726598784,False,False,False
676,10,Ob10.txt,36,0.11165904461991313,0.21098218721912604,0.34056484884359434,-0.1295826616244683,0.725,1.8895216947029094,False,0.05638429958232649,0.292090371621617,-0.2357060720392905,0.875,0.5049684938130931,False,False,False
676,11,Ob11.txt,119,0.0789911073819198,0.11919789586715762,0.17881073154230692,-0.0596128356751493,0.65,1.5090039856111792,False,0.06051753103797139,0.17718634090446367,-0.11666880986649228,0.825,0.7661309360479125,False,False,False
676,12,Ob12.txt,91,0.0673576734489353,0.0661659629133112,0.19819803064917885,-0.13203206773586765,0.8,0.9823077242041688,False,0.007846301347514496,0.1990713640628424,-0.1912250627153279,1.0,0.116487119369746,False,False,False
676,13,Ob13.txt,102,0.32304189065759414,0.11464250088929012,0.23623376438450405,-0.12159126349521393,0.725,0.35488431749801946,False,0.17926634350180848,0.1933796316101194,-0.014113288108310917,0.525,0.5549321889396088,False,False,False
676,14,Ob14.txt,47,0.2651527751880882,0.04712479882347717,0.3047702748448958,-0.25764547602141863,1.0,0.17772696812261846,False,0.19800611361513423,0.23316829764776942,-0.035162184032635185,0.55,0.7467623654878853,False,False,False
676,15,Ob15.txt,96,0.2915360210134777,0.2405875978282021,0.1793885416893622,0.06119905613883991,0.35,0.8252414126797722,True,0.17338279072292123,0.06516865553562669,0.10821413518729454,0.2,0.5947216749415186,True,True,True
676,16,Ob16.txt,84,0.2824208194094998,0.31338948214159634,0.2763156495188256,0.03707383262277075,0.425,1.1096543193835617,False,0.46490323781324033,0.18273233078231854,0.2821709070309218,0.15,1.6461365659418603,True,False,True
676,17,Ob17.txt,122,0.37299654355321765,0.09044546711519102,0.19298859462602488,-0.10254312751083386,0.775,0.24248339208078112,False,0.16587348932067703,0.24045597954903747,-0.07458249022836044,0.65,0.4447051646659853,False,False,False
676,18,Ob18.txt,103,0.360767522325876,0.022058692949454395,0.2070768245851614,-0.18501813163570702,0.975,0.06114378813048781,False,0.006318844648248324,0.16221617720217124,-0.1558973325539229,1.0,0.0175150041431407,False,False,False
676,19,Ob19.txt,143,0.0885283329074843,0.15614598941977959,0.10226095895552925,0.05388503046425033,0.325,1.7637967901525773,True,0.24204113200874583,0.1008118094610509,0.14122932254769494,0.15,2.7340527496625135,True,True,True
677,1,Ob1.txt,28,0.5911967947371586,0.2144916843893119,0.21908900932753222,-0.004597324938220321,0.55,0.3628092816109959,False,0.17448428525852297,0.19287872153382396,-0.01839443627530099,0.55,0.295137400628326,False,False,False
677,2,Ob2.txt,43,0.2682761022627833,0.048970883307410285,0.22106707161881262,-0.17209618831140233,0.95,0.18253911881961835,False,0.010294529058399449,0.26084969139800596,-0.2505551623396065,0.975,0.038372888869228065,False,False,False
677,3,Ob3.txt,40,0.07736854015070588,0.09887326411981401,0.25696776479600925,-0.15809450067619524,0.8,1.277951786698045,False,0.2633590901837095,0.2605987749737082,0.0027603152100013073,0.5,3.403955789662224,False,False,False
677,4,Ob4.txt,58,0.3813792225116591,0.38853194330085544,0.1997804686532367,0.18875147464761874,0.275,1.0187548779980473,True,0.12030231475970368,0.16346252372798903,-0.043160208968285346,0.725,0.31544013847274005,False,False,True
677,5,Ob5.txt,93,0.018328920192426074,0.3291644784102558,0.2476041828795122,0.08156029553074362,0.275,17.958749067294978,True,0.548235343220411,0.21622574760561225,0.33200959561479876,0.075,29.910946060366083,True,True,True
677,6,Ob6.txt,112,0.09481547588031064,0.4062843836235004,0.17903805484001084,0.22724632878348955,0.1,4.285000732753473,True,0.36314021027056376,0.17719474811579355,0.1859454621547702,0.075,3.82996770199171,True,True,True
677,7,Ob7.txt,33,0.4357470952071336,0.1781848559555172,0.332660316563546,-0.1544754606080288,0.7,0.40891805800981074,False,0.08583330435419012,0.3153320840774279,-0.2294987797232378,0.9,0.1969796363493577,False,False,False
677,8,Ob8.txt,84,0.1021190566722025,0.22214907617383656,0.20282075724178217,0.01932831893205439,0.475,2.175392952237357,False,0.26765792251329257,0.30771944963244446,-0.040061527119151896,0.525,2.6210379456643658,False,False,False
677,9,Ob9.txt,37,0.5772049020007597,0.17734611632171848,0.24962802869468256,-0.07228191237296408,0.6,0.3072498443914551,False,0.41329722225343424,0.24729771412501222,0.165999508128422,0.35,0.7160320725288821,True,False,True
677,10,Ob10.txt,36,0.121215231476835,0.2674280363903527,0.25882453228759017,0.008603504102762505,0.475,2.2062246891922976,False,0.07812069055255941,0.2294879994572973,-0.1513673089047379,0.9,0.6444791599270985,False,False,False
677,11,Ob11.txt,119,0.06542212324211996,0.08517390109593517,0.15640126279239158,-0.07122736169645641,0.725,1.3019128220696246,False,0.2035575380036324,0.14256124120056057,0.06099629680307184,0.425,3.111448053287551,False,False,False
677,12,Ob12.txt,91,0.4287301185940866,0.20320948677327522,0.19193132702448637,0.011278159748788846,0.475,0.47397996539093173,False,0.2811019825172878,0.27237715374691407,0.008724828770373727,0.475,0.6556618495548938,False,False,False
677,13,Ob13.txt,102,0.03634832852646781,0.025018624721987973,0.005734990048271604,0.01928363467371637,0.375,0.6883019312365388,False,0.016866236191691447,0.13323098857942173,-0.11636475238773028,0.525,0.46401683035878627,False,False,False
677,14,Ob14.txt,47,0.5828857461013801,0.31631701558354486,0.2961615587255566,0.020155456857988252,0.45,0.5426741307352685,False,0.36676411897318384,0.22415822680200195,0.14260589217118189,0.3,0.6292212863777824,True,False,True
677,15,Ob15.txt,96,0.053027604228739755,0.18164639969387084,0.17241038003505407,0.009236019658816763,0.45,3.4255064383131724,False,0.10239674120066514,0.1615092613568849,-0.05911252015621976,0.675,1.9310082491935103,False,False,False
677,16,Ob16.txt,84,0.46541826710507006,0.26722742928635856,0.1978106796140324,0.06941674967232617,0.3,0.5741661816338439,True,0.36565584683178826,0.22308084471608822,0.14257500211570004,0.2,0.7856499683740173,True,True,True
677,17,Ob17.txt,122,0.08566166944801804,0.16100974686872294,0.1819601900085136,-0.020950443139790664,0.55,1.8796008518889336,False,0.31733706885462,0.1469657906619574,0.1703712781926626,0.15,3.704539858952775,True,False,True
677,18,Ob18.txt,103,0.0692918039896766,0.27297276413069543,0.0,0.27297276413069543,0.0,3.939466840426959,True,0.1697794215191219,0.0,0.1697794215191219,0.0,2.450209285133006,True,True,True
677,19,Ob19.txt,143,0.1203567892311124,0.11851266623014033,0.15032451856901932,-0.031811852338878996,0.575,0.9846778647656432,False,0.031933608689553944,0.22469592696869986,-0.19276231827914592,0.9,0.26532453128368316,False,False,False
678,1,Ob1.txt,28,0.6167528941175793,0.06306971235774164,0.27339326382716217,-0.21032355146942053,0.85,0.10226091025965721,False,0.43657843691167225,0.40043848971796336,0.03613994719370889,0.4,0.7078660531237684,False,False,False
678,2,Ob2.txt,43,0.524787394256772,0.5752021457766802,0.2374850855393152,0.337717060237365,0.025,1.0960670017451692,True,0.2856583533494413,0.2982053102732445,-0.012546956923803199,0.55,0.5443315835625278,False,False,True
678,3,Ob3.txt,40,0.32389758858808193,0.5205913511356783,0.2507818655675902,0.26980948556808815,0.15,1.6072714631961724,True,0.3373751318754898,0.2645002636358545,0.0728748682396353,0.4,1.0416105082663891,False,False,True
678,4,Ob4.txt,58,0.33713228884701035,0.06487961855276761,0.24230949530960438,-0.17742987675683677,0.85,0.19244557907714913,False,0.24564800391358443,0.21673362295474452,0.028914380958839914,0.425,0.7286398011703317,False,False,False
678,5,Ob5.txt,93,0.020112200279354564,0.4821223730136075,0.24228015695752847,0.23984221605607903,0.1,23.971637429869492,True,0.3636642769290602,0.18354808046684062,0.1801161964622196,0.175,18.08177483705581,True,True,True
678,6,Ob6.txt,112,0.16558770402565692,0.18968246152832652,0.1722787498228044,0.01740371170552213,0.425,1.1455105476849672,False,0.010914937076662523,0.20237759001284805,-0.19146265293618553,1.0,0.06591635013534164,False,False,False
678,7,Ob7.txt,33,0.0832843598974598,0.5933369207290656,0.34584768134880906,0.24748923938025658,0.25,7.124229824898523,True,0.8561292293997117,0.3006354946261234,0.5554937347735883,0.025,10.279591875999085,True,True,True
678,8,Ob8.txt,84,0.49716242067858774,0.6115034986464715,0.11912320526647234,0.4923802933799991,0.0,1.2299873707506233,True,0.39028830017509725,0.13800636104988848,0.2522819391252088,0.125,0.7850317802427309,True,True,True
678,9,Ob9.txt,37,0.37592614770114063,0.14247948543418684,0.19209097438910697,-0.049611488954920124,0.675,0.37900924504846445,False,0.25142819795112176,0.3699657540231094,-0.11853755607198763,0.725,0.6688233832327245,False,False,False
678,10,Ob10.txt,36,0.1564491904850832,0.19872438434876905,0.23791557816771294,-0.0391911938189439,0.6,1.2702167632354517,False,0.28981073386575706,0.17256474924754797,0.11724598461820909,0.375,1.8524271871728817,False,False,False
678,11,Ob11.txt,119,0.26872049718649577,0.1079943133071858,0.21633512671509292,-0.10834081340790712,0.725,0.40188342325161835,False,0.05355018395961417,0.1838901411024756,-0.13033995714286142,0.825,0.1992783748180162,False,False,False
678,12,Ob12.txt,91,0.29993515949340815,0.16209917179174904,0.24089190395216079,-0.07879273216041174,0.7,0.5404473822460004,False,0.13024237571813158,0.16645271637689388,-0.0362103406587623,0.675,0.4342351058079071,False,False,False
678,13,Ob13.txt,102,0.35738459414577356,0.22370426040537691,0.4843993987279774,-0.2606951383226005,0.725,0.6259482475456964,False,0.1177082615055324,0.45496796959643576,-0.33725970809090333,0.875,0.32936020028194163,False,False,False
678,14,Ob14.txt,47,0.4739527104790975,0.015342703843645222,0.22862560855559982,-0.2132829047119546,0.975,0.03237180314495084,False,0.41461968798874127,0.20065105162655922,0.21396863636218205,0.225,0.8748123574810256,True,False,True
678,15,Ob15.txt,96,0.16489929485988597,0.24744398749627977,0.17599692447401766,0.07144706302226211,0.45,1.5005763833407024,False,0.048039490895270376,0.3317671413264705,-0.28372765043120013,0.85,0.29132623602841523,False,False,False
678,16,Ob16.txt,84,0.29307045085783595,0.5675050138052522,0.2220037113982677,0.3455013024069845,0.1,1.9364115766162324,True,0.40337687018279034,0.1906802044202226,0.21269666576256774,0.275,1.3763819211458557,True,True,True
678,17,Ob17.txt,122,0.07445847496910857,0.33281018795921685,0.19623561592680686,0.13657457203241,0.2,4.469742203252129,True,0.6649203044164251,0.15771568006362655,0.5072046243527986,0.0,8.930082232980036,True,True,True
678,18,Ob18.txt,103,0.12312314543526093,0.0463640853820321,0.0,0.0463640853820321,0.0,0.37656677156945023,True,0.07258377848332706,0.0,0.07258377848332706,0.0,0.5895218013374436,True,True,True
678,19,Ob19.txt,143,0.0005725830576665814,0.04411107587328686,0.1844723172849344,-0.14036124141164755,0.85,77.03873749434796,False,0.11953426808781455,0.2111057410416691,-0.09157147295385455,0.725,208.76319424285182,False,False,False
679,1,Ob1.txt,28,0.19260549726683815,0.2701304467377845,0.26350236446962094,0.006628082268163582,0.475,1.4025064215251464,False,0.6342621709712701,0.2390875793532657,0.39517459161800444,0.175,3.2930636974112693,True,False,True
679,2,Ob2.txt,43,0.6685573971413171,0.5294785023582482,0.21431784166640014,0.3151606606918481,0.1,0.7919716461477264,True,0.2926424075839007,0.2703878006239306,0.022254606959970114,0.475,0.4377221893515944,False,False,True
679,3,Ob3.txt,40,0.4691913917800662,0.25777032028614716,0.159040553766414,0.09872976651973317,0.35,0.5493926887878139,True,0.11488862258417284,0.21388266268552555,-0.09899404010135271,0.725,0.244865154384646,False,False,True
679,4,Ob4.txt,58,0.45679350792698087,0.3505764839511454,0.17579740657908263,0.17477907737206275,0.175,0.767472562257136,True,0.609705462506243,0.22461911941187726,0.38508634309436574,0.05,1.3347507176124433,True,True,True
679,5,Ob5.txt,93,0.4544208139842141,0.0717314771755192,0.22616062675302262,-0.15442914957750342,0.85,0.1578525344088025,False,0.12951102425140656,0.16425853827580195,-0.03474751402439538,0.725,0.2850024036440936,False,False,False
679,6,Ob6.txt,112,0.6197795338878338,0.01914395751325762,0.18788112104740554,-0.16873716353414792,0.925,0.03088833442622558,False,0.027267554243190495,0.16850726647409825,-0.14123971223090775,0.85,0.04399557060579756,False,False,False
679,7,Ob7.txt,33,0.05944806060034244,0.7157936557677418,0.21345358495235586,0.5023400708153859,0.125,12.04065613813512,True,0.07410180499268887,0.26542064839042767,-0.1913188433977388,0.825,1.2464965928974647,False,False,True
679,8,Ob8.txt,84,0.16688120462112602,0.05109560309056426,0.2196316602162833,-0.16853605712571904,0.85,0.3061794958070186,False,0.007343634257547679,0.18009154688945633,-0.17274791263190864,0.95,0.0440051608820783,False,False,False
679,9,Ob9.txt,37,0.18776090644608912,0.16875047432260998,0.24379019798789364,-0.07503972366528366,0.575,0.8987519154902593,False,0.08704427924517831,0.31411981557922763,-0.2270755363340493,0.825,0.4635910685176145,False,False,False
679,10,Ob10.txt,36,0.22395033809033654,0.22005048235306968,0.19364806699389228,0.026402415359177395,0.45,0.9825860689895732,False,0.0594099369872573,0.20702046334776802,-0.14761052636051072,0.925,0.2652817472563612,False,False,False
679,11,Ob11.txt,119,0.3092881992914407,0.3128810624332395,0.12198232335814298,0.19089873907509652,0.15,1.0116165542365658,True,0.36667122937728186,0.1627476437746802,0.20392358560260165,0.25,1.1855325557758167,True,True,True
679,12,Ob12.txt,91,0.39257426741051776,0.9159085523356338,0.12630814707687626,0.7896004052587575,0.0,2.3330835165970307,True,0.8593835374106822,0.22743536193245997,0.6319481754782222,0.0,2.1890979841325633,True,True,True
679,13,Ob13.txt,102,0.08298828549762097,0.25929959452920653,0.39458690264315666,-0.13528730811395012,0.525,3.1245324924400313,False,0.0007562370170467458,0.1666432976122969,-0.16588706059525016,0.525,0.00911257549800116,False,False,False
679,14,Ob14.txt,47,0.20164822603202753,0.4364757344177356,0.29422520160759214,0.14225053281014344,0.35,2.164540412809834,True,0.3047944966579721,0.2601051418946456,0.04468935476332647,0.425,1.5115158841494691,False,False,True
679,15,Ob15.txt,96,0.1795263190926541,0.021839201879278347,0.11023104288376936,-0.08839184100449102,0.925,0.12164902611302951,False,0.4101069041960681,0.224582501376842,0.1855244028192261,0.125,2.2843831827488796,True,False,True
679,16,Ob16.txt,84,0.19481461708976489,0.2359170847004975,0.31588808350929576,-0.07997099880879827,0.65,1.210982462326191,False,0.4095415685376792,0.3015254164308218,0.10801615210685739,0.3,2.10221170595723,True,False,True
679,17,Ob17.txt,122,0.04817677401645004,0.1810584090137361,0.18728252252491295,-0.006224113511176854,0.5,3.7582094839291935,False,0.2261438409081955,0.1872768975736534,0.0388669433345421,0.375,4.694042835474586,False,False,False
679,18,Ob18.txt,103,0.3047073966813134,0.06723602734785317,0.0,0.06723602734785317,0.0,0.22065768038500821,False,0.2091067438326732,0.0,0.2091067438326732,0.0,0.6862542429561472,True,False,True
679,19,Ob19.txt,143,0.09188915046889856,0.12249544838591842,0.19738303101657875,-0.07488758263066034,0.775,1.3330784729300449,False,0.15868003866403557,0.23160478497269343,-0.07292474630865786,0.65,1.7268637032153598,False,False,False
680,1,Ob1.txt,28,0.07088950690603896,0.20060897591362842,0.22893706448460288,-0.028328088570974463,0.525,2.8298825125067824,False,0.5549614174229806,0.35080555719123896,0.2041558602317416,0.175,7.828541086603387,True,False,True
680,2,Ob2.txt,43,0.53122612250743,0.03978450715556646,0.2909290049463404,-0.2511444977907739,0.95,0.07489185013677488,False,0.4475439249619889,0.3240932853145544,0.12345063964743452,0.225,0.8424734891604081,True,False,True
680,3,Ob3.txt,40,0.8181680936467174,0.2846711005018904,0.22739281775236403,0.057278282749526344,0.375,0.34793718150638436,False,0.1395050997837472,0.19330497735599542,-0.05379987757224822,0.65,0.17050909326217883,False,False,False
680,4,Ob4.txt,58,0.3727965416192624,0.21926769972181118,0.19465179862471066,0.024615901097100518,0.475,0.5881698869024101,False,0.08705605231879876,0.3059558466347009,-0.21889979431590212,0.875,0.2335216199717572,False,False,False
680,5,Ob5.txt,93,0.4936002690152755,0.2650791113893547,0.19293773828686367,0.07214137310249102,0.45,0.5370319427057509,False,0.4248333661710124,0.19767129112977472,0.2271620750412377,0.15,0.8606830118195602,True,False,True
680,6,Ob6.txt,112,0.6717562566462305,0.4752356915228134,0.20941799685611287,0.2658176946667006,0.05,0.7074525720020031,True,0.35094457371436927,0.20925699782275353,0.14168757589161574,0.225,0.5224284407360399,True,True,True
680,7,Ob7.txt,33,0.0832678795487517,0.6239809001085185,0.322244637564005,0.30173626254451347,0.075,7.49365665956691,True,0.43849138204619786,0.2760423600974865,0.16244902194871136,0.35,5.2660327658454404,True,True,True
680,8,Ob8.txt,84,0.11332552679677732,0.24580176898532002,0.17441768745757746,0.07138408152774256,0.3,2.168988540649872,True,0.09810697831050312,0.3226150046182295,-0.22450802630772637,0.8,0.8657094397313936,False,False,True
680,9,Ob9.txt,37,0.3811378409319491,0.13549161439087132,0.24344745865246864,-0.10795584426159732,0.575,0.3554924225303121,False,0.29093932939374834,0.22800721891919046,0.06293211047455788,0.325,0.76334411897373,True,False,True
680,10,Ob10.txt,36,0.09554987881158294,0.23201374856071127,0.2727748694942777,-0.04076112093356643,0.575,2.4281951107256208,False,0.5090200962762392,0.16655095867354788,0.3424691376026914,0.05,5.327270977287035,True,False,True
680,11,Ob11.txt,119,0.10769568148950269,0.18358888590126704,0.21583164195771898,-0.03224275605645194,0.6,1.7047005354542635,False,0.13123283646193046,0.23280285912482065,-0.1015700226628902,0.725,1.2185524493358815,False,False,False
680,12,Ob12.txt,91,0.9543715151795416,0.6781873976779252,0.17249735248411724,0.505690045193808,0.05,0.7106115248529196,True,0.8048132796775043,0.16983615590733114,0.6349771237701731,0.0,0.8432913879728466,True,True,True
680,13,Ob13.txt,102,0.16236148161968786,0.20848726720229327,0.11010079511844573,0.09838647208384754,0.4,1.2840931551157526,False,0.17032770943635422,0.10948881343509953,0.060838896001254694,0.325,1.0490647642359305,True,False,True
680,14,Ob14.txt,47,0.07357128570339178,0.1107672512958651,0.23699609525112203,-0.12622884395525694,0.875,1.505577213132195,False,0.16252369411838774,0.28605707308284567,-0.12353337896445793,0.625,2.209064209827926,False,False,False
680,15,Ob15.txt,96,0.08599409022625651,0.03154870982364528,0.21117105816647275,-0.17962234834282748,0.975,0.36687067379442473,False,0.12530633633600546,0.1657550010695254,-0.040448664733519935,0.625,1.4571505554197466,False,False,False
680,16,Ob16.txt,84,0.22094167194352177,0.21837118032049707,0.24212280687275045,-0.02375162655225338,0.55,0.9883657455815679,False,0.10163381673965405,0.23573042994989069,-0.13409661321023664,0.7,0.46000293129688186,False,False,False
680,17,Ob17.txt,122,0.1537560124399192,0.21072928794898182,0.16890892168863908,0.041820366260342745,0.325,1.3705433992789398,True,0.10134106427934952,0.18118962334918085,-0.07984855906983132,0.65,0.6591030989370186,False,False,True
680,18,Ob18.txt,103,0.3548560322371124,0.6766731828330521,0.39356087475941026,0.28311230807364185,0.25,1.906894969678587,True,0.7966218983061623,0.25350466208303424,0.543117236223128,0.125,2.2449157571988656,True,True,True
680,19,Ob19.txt,143,0.139082292571097,0.44628212043666793,0.19406912919869262,0.2522129912379753,0.15,3.2087630437105035,True,0.2919029251657884,0.16385507910472505,0.12804784606106337,0.175,2.0987784984675284,True,True,True
681,1,Ob1.txt,28,0.5254018895081046,0.3307647217655999,0.2072383579056441,0.1235263638599558,0.325,0.6295461214942921,True,1.0789485608241032,0.2394506820035402,0.8394978788205629,0.0,2.053568101618827,True,True,True
681,2,Ob2.txt,43,0.04784707810593969,0.31878607301794104,0.18809657838014,0.13068949463780105,0.2,6.662602725961802,True,0.2567144884549676,0.2529784433775688,0.0037360450773987752,0.475,5.365311710081191,False,False,True
681,3,Ob3.txt,40,0.5822230003229322,0.5147121909908605,0.28461857197995066,0.23009361901090986,0.15,0.8840464748135568,True,0.7268287568965903,0.17974843668440316,0.5470803202121872,0.025,1.2483683339432692,True,True,True
681,4,Ob4.txt,58,0.9476348045156,0.177945653956974,0.26397512644219495,-0.08602947248522094,0.6,0.18777872352201544,False,0.30344572055463037,0.27903741207584243,0.024408308478787943,0.45,0.3202137776163064,False,False,False
681,5,Ob5.txt,93,0.14432848171701668,0.009914516027405257,0.23224867376542527,-0.22233415773802,0.9,0.06869410603822843,False,0.14674363481039307,0.21451656583773157,-0.0677729310273385,0.675,1.016733724796688,False,False,False
681,6,Ob6.txt,112,0.15930696585011783,0.25538775213098575,0.1713299266627231,0.08405782546826265,0.3,1.6031172947657821,True,0.014923419077550182,0.1741377146231911,-0.15921429554564093,0.975,0.09367712829074099,False,False,True
681,7,Ob7.txt,33,0.738984573641774,0.3186238303134775,0.29627767016490725,0.02234616014857027,0.475,0.4311643864814042,False,0.10227455704437283,0.301587264981614,-0.19931270793724115,0.85,0.13839877135777787,False,False,False
681,8,Ob8.txt,84,0.17240717806765346,0.1840228174278163,0.15646004794533336,0.02756276948248293,0.425,1.0673732932140725,False,0.17357254247855702,0.2782070290638017,-0.10463448658524466,0.725,1.006759372921505,False,False,False
681,9,Ob9.txt,37,0.24899338849676375,0.22135271309463075,0.3263336921302031,-0.10498097903557232,0.675,0.8889903239238328,False,0.2015754960553554,0.3355639074253698,-0.13398841137001438,0.775,0.8095616404608886,False,False,False
681,10,Ob10.txt,36,0.5255140652529644,0.23012048042978323,0.24203845219874046,-0.01191797176895723,0.525,0.4378959492150056,False,0.30531029177406843,0.225126328428676,0.08018396334539243,0.325,0.5809745389537815,True,False,True
681,11,Ob11.txt,119,0.07659092219714497,0.09923721913916872,0.20428977226479036,-0.10505255312562164,0.65,1.2956786038393975,False,0.08744938243847847,0.11990069385508731,-0.03245131141660884,0.6,1.1417721569324342,False,False,False
681,12,Ob12.txt,91,0.25433802030789354,0.336942236348784,0.2653913136882006,0.07155092266058338,0.375,1.3247812338119658,False,0.2560222657207269,0.13992697400322052,0.11609529171750638,0.25,1.006622074870263,True,False,True
681,13,Ob13.txt,102,0.3006350173304292,0.1346961376242842,0.2081730965145347,-0.0734769588902505,0.675,0.44803875084265093,False,0.027979757003264896,0.1867549885527956,-0.15877523154953072,0.925,0.0930688555568769,False,False,False
681,14,Ob14.txt,47,0.4548358219383569,0.03245595512351793,0.24307343871677883,-0.2106174835932609,0.95,0.07135751749983453,False,0.16298244738551237,0.2116140796267732,-0.048631632241260825,0.625,0.35833247849946415,False,False,False
681,15,Ob15.txt,96,0.4148613650257948,0.08374557154989481,0.23115119539338475,-0.14740562384348993,0.8,0.20186399267304098,False,0.208265123550003,0.30661862005745205,-0.09835349650744904,0.675,0.5020113732139259,False,False,False
681,16,Ob16.txt,84,0.4860608074813313,0.5451094112642408,0.2112141195276813,0.3338952917365595,0.1,1.1214839848719493,True,0.2962245356820944,0.2935953147536964,0.002629220928398013,0.5,0.6094392535309933,False,False,True
681,17,Ob17.txt,122,0.24098061293547063,0.18800011182412749,0.12360407181706269,0.0643960400070648,0.225,0.7801462098300407,True,0.2519866480419977,0.14095217259462628,0.11103447544737144,0.175,1.0456718695021092,True,True,True
681,18,Ob18.txt,103,0.35646834531125937,0.287939001079077,0.3216124589204412,-0.03367345784136422,0.575,0.8077547554121692,False,0.24275465910484423,0.41649152775298504,-0.1737368686481408,0.625,0.6809992031490955,False,False,False
681,19,Ob19.txt,143,0.16533981819892063,0.2015098419387456,0.25195858502384,-0.050448743085094394,0.625,1.2187617243918145,False,0.16531283910940925,0.17897039065558706,-0.013657551546177815,0.525,0.9998368264232701,False,False,False
682,1,Ob1.txt,28,0.10816123290727256,0.4110042813625781,0.20440879615886975,0.20659548520370835,0.2,3.799922304093327,True,0.195796575656238,0.16786341680513356,0.02793315885110445,0.4,1.8102287704513862,False,False,True
682,2,Ob2.txt,43,0.13086164188379795,0.5493644604969311,0.1566146684548563,0.39274979204207483,0.075,4.198055691405384,True,0.5719671876249459,0.16160397536626203,0.4103632122586839,0.05,4.370778017081883,True,True,True
682,3,Ob3.txt,40,0.3612479896108326,0.005755272768320219,0.21077947386101886,-0.20502420109269864,1.0,0.01593163957679126,False,0.18377849950158234,0.20042637474044514,-0.016647875238862797,0.575,0.5087322415262833,False,False,False
682,4,Ob4.txt,58,0.09777069157605281,0.4229004255118162,0.21519150862063974,0.2077089168911765,0.2,4.325431463097047,True,0.06466534262234092,0.17719595771354033,-0.11253061509119941,0.775,0.6613980281814795,False,False,True
682,5,Ob5.txt,93,0.3405633025771761,0.003933473562339848,0.20955502288214653,-0.2056215493198067,0.975,0.0115499043278407,False,0.09017726934153875,0.19345321903317403,-0.10327594969163528,0.75,0.2647885684074942,False,False,False
682,6,Ob6.txt,112,0.17189121958811135,0.7853391332242978,0.2114582903161594,0.5738808429081385,0.025,4.5688147137831745,True,0.5949391992052641,0.18477386486997113,0.4101653343352929,0.025,3.461137809312584,True,True,True
682,7,Ob7.txt,33,0.015143825826326451,0.6258238253411507,0.3526089906678983,0.27321483467325236,0.075,41.3253448975358,True,0.9554325450965376,0.20474497181266954,0.750687573283868,0.0,63.0905661524175,True,True,True
682,8,Ob8.txt,84,0.41226145908639167,0.5003853639499456,0.15439119769842585,0.34599416625151974,0.15,1.2137573205577945,True,0.14128577314557242,0.1616126089188588,-0.020326835773286395,0.6,0.3427091473907708,False,False,True
682,9,Ob9.txt,37,0.7214819276786835,0.5810981440858853,0.24207342381490735,0.33902472027097796,0.175,0.8054230075527007,True,0.40605391484251985,0.3424614749628285,0.06359243987969132,0.45,0.5628053860600075,False,False,True
682,10,Ob10.txt,36,0.8434752935148568,0.3022608359209231,0.2705918342137549,0.03166900170716824,0.425,0.3583517362569899,False,0.21988325275773804,0.26834957482313354,-0.0484663220653955,0.65,0.2606872476862478,False,False,False
682,11,Ob11.txt,119,0.1440215201890354,0.15609798515237153,0.19957725886826636,-0.04347927371589483,0.625,1.0838518087261206,False,0.27432506908610355,0.17883956397388723,0.09548550511221632,0.325,1.9047505450993591,True,False,True
682,12,Ob12.txt,91,0.24179534083278686,0.13251704286766927,0.20926138637400984,-0.07674434350634057,0.675,0.5480545754573128,False,0.1321636066420439,0.10533212398951286,0.026831482652531047,0.45,0.5465928590139436,False,False,False
682,13,Ob13.txt,102,0.3228570005421758,0.0408163938225978,0.1620954318777963,-0.12127903805519849,0.775,0.1264225144694232,False,0.3642931898291802,0.16965147091911192,0.19464171891006826,0.275,1.1283422357806097,True,False,True
682,14,Ob14.txt,47,0.00468817411449951,0.048225820238413056,0.24107612975722612,-0.19285030951881305,0.825,10.286695643248617,False,0.43780496148653997,0.28989771964799615,0.1479072418385438,0.175,93.38496199032022,True,False,True
682,15,Ob15.txt,96,0.10545348536661872,0.15393789254614018,0.09292211549149947,0.061015777054640716,0.375,1.4597705520207414,False,0.1988332725965684,0.13870331520539475,0.06012995739117366,0.3,1.885506883962216,True,False,True
682,16,Ob16.txt,84,0.3944506344655671,0.14972677262045408,0.20547095175555724,-0.055744179135103156,0.6,0.379583044208601,False,0.48365378521286645,0.2182407652840121,0.26541301992885435,0.175,1.226145283979981,True,False,True
682,17,Ob17.txt,122,0.19513226548546353,0.047598525192815086,0.18887912536493773,-0.14128060017212263,0.85,0.24392954734777555,False,0.11386272427397448,0.19065529294167757,-0.07679256866770309,0.75,0.5835156169109139,False,False,False
682,18,Ob18.txt,103,0.24280592117160235,0.4205553374146536,0.0007850829723407005,0.4197702544423129,0.075,1.7320637626354565,True,0.347102727667319,0.36018541917813707,-0.01308269151081809,0.575,1.4295480357005181,False,False,True
682,19,Ob19.txt,143,0.11411157779682952,0.09521917086059015,0.12036064897413509,-0.025141478113544946,0.6,0.83443917522658,False,0.1593340319777723,0.15272085212302133,0.006613179854750961,0.475,1.39630031460488,False,False,False
683,1,Ob1.txt,28,0.8753814564902758,0.30177577661253807,0.1917493199273711,0.11002645668516697,0.35,0.3447363139521683,True,0.676245586811304,0.18729838609219235,0.48894720071911163,0.05,0.7725153209466188,True,True,True
683,2,Ob2.txt,43,0.10198506335378325,0.1352511147730482,0.17115751360752507,-0.03590639883447688,0.675,1.326185524873049,False,0.0030405122869203334,0.29963580846632687,-0.29659529617940655,1.0,0.029813309782167646,False,False,False
683,3,Ob3.txt,40,0.21330449170802684,0.610346419192436,0.3041534697793814,0.30619294941305464,0.1,2.8613856853417032,True,0.8666926252245437,0.2796243203508503,0.5870683048736934,0.0,4.063171001625603,True,True,True
683,4,Ob4.txt,58,0.14457864645328442,0.034254565415380966,0.1777918171781338,-0.14353725176275284,0.85,0.2369268647597219,False,0.45953615433263834,0.2324252106631752,0.22711094366946313,0.075,3.1784510756304636,True,False,True
683,5,Ob5.txt,93,0.36571847073306746,0.6226804716601386,0.2433494442196749,0.37933102744046376,0.075,1.7026224308878946,True,0.6051594782504903,0.1883090591582252,0.4168504190922651,0.075,1.6547140127690936,True,True,True
683,6,Ob6.txt,112,0.24009632214704552,0.3250128181356217,0.15147382114302627,0.17353899699259545,0.25,1.353676787837548,True,0.18830085348187642,0.2160081618588137,-0.027707308376937273,0.575,0.7842721279443536,False,False,True
683,7,Ob7.txt,33,0.3485870515784258,1.0940494185286997,0.2735762762999104,0.8204731422287894,0.025,3.1385256955895806,True,0.45102519944230224,0.23662519812908228,0.21440000131321996,0.275,1.2938667612581407,True,True,True
683,8,Ob8.txt,84,0.10246185511168651,0.6818336459357858,0.25864634174861506,0.4231873041871707,0.025,6.654512015154972,True,0.2695664701235397,0.16213780555072016,0.10742866457281952,0.15,2.6308958570943703,True,True,True
683,9,Ob9.txt,37,0.019253528782157817,0.27634827808467083,0.20673339151366932,0.06961488657100151,0.375,14.353123586402608,False,0.12153253687659171,0.16092624387343124,-0.03939370699683953,0.575,6.312221424532605,False,False,False
683,10,Ob10.txt,36,0.36763771654571703,0.17608800557534088,0.24094682529467415,-0.06485881971933327,0.625,0.4789715463088068,False,0.2616067077080263,0.2375280450726333,0.02407866263539299,0.45,0.7115883271337167,False,False,False
683,11,Ob11.txt,119,0.0443717862979838,0.004880926682352571,0.1897288722842092,-0.18484794560185663,1.0,0.11000068037771006,False,0.10767503017595048,0.2357426894203971,-0.12806765924444663,0.7,2.4266552951654123,False,False,False
683,12,Ob12.txt,91,0.11798698552158243,0.617072348201748,0.24688074831684792,0.37019159988490014,0.025,5.230003508216352,True,0.6861381481115716,0.14166416894134232,0.5444739791702293,0.0,5.815371458795866,True,True,True
683,13,Ob13.txt,102,0.27853830640248095,0.24976764651037275,0.1798988554647556,0.06986879104561716,0.35,0.8967084267018723,True,0.30027143749523466,0.1690752583361803,0.13119617915905435,0.275,1.0780256452818016,True,True,True
683,14,Ob14.txt,47,0.17211685293098364,0.4281248059203179,0.21297507086686288,0.215149735053455,0.225,2.487407819918656,True,0.3538275338162181,0.3488054943966009,0.005022039419617208,0.5,2.055740200862828,False,False,True
683,15,Ob15.txt,96,0.10486516098188858,0.19929903769419183,0.1601306502640547,0.03916838743013712,0.4,1.9005266937854894,False,0.07539296291603323,0.20251714387119968,-0.12712418095516645,0.825,0.7189514821710373,False,False,False
683,16,Ob16.txt,84,0.3475464237141957,0.04390981338060557,0.24657652349793582,-0.20266671011733026,0.95,0.12634229669620983,False,0.1485135678193501,0.2572432714254362,-0.10872970360608608,0.725,0.427320086428166,False,False,False
683,17,Ob17.txt,122,0.2040604816450865,0.01083810707231117,0.13192357318854847,-0.1210854661162373,0.975,0.05311222920252348,False,0.11894087119244856,0.16342504516741843,-0.04448417397496987,0.65,0.5828706775245058,False,False,False
683,18,Ob18.txt,103,0.31753591372371237,0.039983441442819845,0.0,0.039983441442819845,0.0,0.12591785594875857,False,0.26727367587320916,0.0,0.26727367587320916,0.0,0.8417116436969825,True,False,True
683,19,Ob19.txt,143,0.13770372958232535,0.10260101233967864,0.15595404825709686,-0.05335303591741822,0.75,0.7450852104796424,False,0.009857597435360077,0.20378960242822333,-0.19393200499286325,0.95,0.07158555156973269,False,False,False
684,1,Ob1.txt,28,0.26767204715015114,0.11120476465594006,0.2317475321850468,-0.12054276752910673,0.675,0.4154515416903415,False,0.49212599734784634,0.3053663112210597,0.18675968612678662,0.275,1.8385408659118871,True,False,True
684,2,Ob2.txt,43,0.048824295983586785,0.08384976925480886,0.21655219902604672,-0.13270242977123786,0.8,1.717377948122315,False,0.14995995728163256,0.3025219320889079,-0.15256197480727532,0.675,3.071420780589329,False,False,False
684,3,Ob3.txt,40,0.127257019002586,0.5866919711634195,0.23208242089016234,0.3546095502732572,0.075,4.61029164254977,True,1.0207156404603877,0.24633339246709135,0.7743822479932962,0.0,8.020898559942266,True,True,True
684,4,Ob4.txt,58,0.004569394104192187,0.05900352097823465,0.23491219162639837,-0.17590867064816373,0.825,12.91276690800251,False,0.06560483651332236,0.16802662752962946,-0.1024217910163071,0.95,14.357447621585814,False,False,False
684,5,Ob5.txt,93,0.07294832959947606,0.1026924749446298,0.1792408793292683,-0.0765484043846385,0.675,1.4077426516613119,False,0.2261362043669363,0.2010840531775112,0.02505215118942508,0.425,3.0999504115932557,False,False,False
684,6,Ob6.txt,112,0.3467541595092541,0.13660044076647038,0.16194256169278276,-0.025342120926312384,0.625,0.39394030906448235,False,0.16187635580264023,0.18320694272934618,-0.021330586926705947,0.525,0.46683320549560736,False,False,False
684,7,Ob7.txt,33,0.6389007709105017,0.5913687740560363,0.26361822812074365,0.3277505459352926,0.1,0.9256034755025773,True,0.3380605446166417,0.23666788896804392,0.10139265564859778,0.325,0.5291284030458586,True,True,True
684,8,Ob8.txt,84,0.6865585387448333,0.1999146452335893,0.27767257391244693,-0.07775792867885764,0.6,0.2911836849324944,False,0.09006499736278609,0.29102731753783384,-0.20096232017504775,0.8,0.13118327466648796,False,False,False
684,9,Ob9.txt,37,0.15274896927413664,0.16223773764524496,0.2894388109694697,-0.12720107332422476,0.7,1.0621200157107376,False,0.26066571147455525,0.3344611281336006,-0.07379541665904538,0.65,1.7064973512635742,False,False,False
684,10,Ob10.txt,36,0.8476421214519199,0.531536998141678,0.25286122004309064,0.27867577809858735,0.2,0.6270771410359035,True,0.6377965540870534,0.2086683401274061,0.4291282139596473,0.075,0.7524361259850755,True,True,True
684,11,Ob11.txt,119,0.08194585051385063,0.4519436016656087,0.2772547785906496,0.1746888230749591,0.225,5.515149319113119,True,0.3321468303180765,0.2690936164315818,0.06305321388649471,0.25,4.053247702419496,True,True,True
684,12,Ob12.txt,91,0.16671803553014808,0.5454999046808978,0.18900209957526726,0.35649780510563056,0.075,3.2719909573445856,True,0.3348467565326658,0.19379961610786117,0.14104714042480465,0.25,2.0084615048868817,True,True,True
684,13,Ob13.txt,102,0.25824179795291113,0.14210963231574003,0.0,0.14210963231574003,0.0,0.5502967894517714,True,0.22571234095855175,0.0,0.22571234095855175,0.0,0.8740348880304383,True,True,True
684,14,Ob14.txt,47,0.3861003957291578,0.4573432033172571,0.18502378841051528,0.27231941490674183,0.15,1.18451886705155,True,0.20027225025788192,0.17157650286510928,0.02869574739277264,0.425,0.518705115232177,False,False,True
684,15,Ob15.txt,96,0.3401518893393565,0.21294662454661048,0.2776945018343757,-0.06474787728776524,0.6,0.6260339313716462,False,0.2474494650888744,0.13749888524872328,0.10995057984015111,0.2,0.7274675603580245,True,False,True
684,16,Ob16.txt,84,0.27091429818267887,0.09643219459352284,0.22853292267208475,-0.1321007280785619,0.725,0.3559509233746612,False,0.28494104185428315,0.22908672251657547,0.05585431933770768,0.4,1.0517755753967108,False,False,False
684,17,Ob17.txt,122,0.37265269472741236,0.2959146701797351,0.16990004884641005,0.12601462133332506,0.175,0.7940762923938883,True,0.06182224798363889,0.13289638568802858,-0.0710741377043897,0.8,0.16589776179898705,False,False,True
684,18,Ob18.txt,103,0.4002103323158835,0.011307951536615901,0.1154959163943218,-0.1041879648577059,0.525,0.028255021481281013,False,0.04296595924888963,0.423650715041039,-0.3806847557921494,0.55,0.1073584457459156,False,False,False
684,19,Ob19.txt,143,0.21116581772837859,0.18975151513851432,0.13477074038932813,0.054980774749186195,0.275,0.8985901088527057,True,0.07764538048871539,0.1767747838285963,-0.0991294033398809,0.775,0.36769862340405024,False,False,True
685,1,Ob1.txt,28,0.14856775648659093,0.5074028427596382,0.15996762906692047,0.34743521369271774,0.125,3.415295853952228,True,0.16463794412767033,0.1591848681485854,0.005453075979084926,0.5,1.1081673979678748,False,False,True
685,2,Ob2.txt,43,0.27851409304592745,0.011817838433609062,0.2218836918223879,-0.21006585338877884,0.975,0.04243174305603373,False,0.2826562379169669,0.2431791250821549,0.039477112834812034,0.375,1.0148722990127341,False,False,False
685,3,Ob3.txt,40,0.5353681291884242,0.0836720844634868,0.2795100054359061,-0.1958379209724193,0.875,0.15628887844019976,False,0.2442944207967486,0.27033430218013665,-0.026039881383388058,0.55,0.4563111016098019,False,False,False
685,4,Ob4.txt,58,0.11239332001516475,0.08497768195309446,0.22647464954178692,-0.14149696758869246,0.85,0.7560741327120579,False,0.19069033066540655,0.2031592142571107,-0.012468883591704144,0.525,1.6966340227308663,False,False,False
685,5,Ob5.txt,93,0.5063096053988083,0.14442699198862166,0.2502175928081747,-0.10579060081955302,0.7,0.28525429983667777,False,0.08837519930978632,0.21005135755261495,-0.12167615824282862,0.725,0.17454774384573493,False,False,False
685,6,Ob6.txt,112,0.17960182119098028,0.24555813994590348,0.2375711991289411,0.007986940816962385,0.5,1.3672363582816252,False,0.1850363369430416,0.17097635759320334,0.01405997934983827,0.475,1.0302586895612964,False,False,False
685,7,Ob7.txt,33,0.01268695862694158,0.35519043997353067,0.2860169796305717,0.06917346034295896,0.45,27.996500218678158,False,0.1392799463165854,0.2770093705286804,-0.137729424212095,0.75,10.978198196438933,False,False,False
685,8,Ob8.txt,84,0.22896925931576473,0.05158343430239025,0.22213045234057274,-0.1705470180381825,0.95,0.22528541366879762,False,0.057994153526155404,0.34542972753794987,-0.2874355740117945,0.8,0.25328357919950023,False,False,False
685,9,Ob9.txt,37,0.8393670788374521,0.7383795857544033,0.29048693486441046,0.44789265088999286,0.05,0.8796861401534601,True,0.2723355140978725,0.26233081479765874,0.010004699300213749,0.475,0.3244534137258101,False,False,True
685,10,Ob10.txt,36,0.9777461724503713,0.6144212204227506,0.18745336152371517,0.42696785889903544,0.1,0.6284056514206785,True,0.9199467016408591,0.2607694031485781,0.659177298492281,0.0,0.9408849940423101,True,True,True
685,11,Ob11.txt,119,0.6488522220778876,0.05688824922403056,0.21129924628684618,-0.15441099706281564,0.75,0.08767520136072178,False,0.26198720619718485,0.16208398552084724,0.09990322067633761,0.35,0.4037702226836732,True,False,True
685,12,Ob12.txt,91,0.4186587504128418,0.02501722389753528,0.1168796112509506,-0.09186238735341531,0.875,0.05975564555348635,False,0.11548045622608641,0.08575273990932229,0.029727716316764116,0.4,0.27583433073406555,False,False,False
685,13,Ob13.txt,102,0.41294270443083375,0.17112658134488398,0.10410900482472552,0.06701757652015847,0.3,0.4144075667367723,True,0.011076262442640677,0.2325496355980734,-0.22147337315543272,0.825,0.026822758517812503,False,False,True
685,14,Ob14.txt,47,0.10427837765321904,0.15606688335645413,0.11981044229478378,0.03625644106167035,0.45,1.4966370485304188,False,0.17156892381880628,0.2061780138247219,-0.03460909000591561,0.575,1.6452972100253038,False,False,False
685,15,Ob15.txt,96,0.031304213905275435,0.3087513814685479,0.3295041271015567,-0.020752745633008773,0.525,9.862933546352897,False,0.1828430577409869,0.24719801449901913,-0.06435495675803224,0.575,5.840844887345147,False,False,False
685,16,Ob16.txt,84,0.0010276452505331157,0.8444928706711992,0.30168249267348896,0.5428103779977103,0.025,821.7747031216251,True,0.9361761366118699,0.24050854554468726,0.6956675910671827,0.0,910.9915470598497,True,True,True
685,17,Ob17.txt,122,0.013990454981819833,0.5145377930537891,0.2141027550814812,0.3004350379723079,0.075,36.77777411259428,True,0.2411238455376078,0.17059421314043108,0.07052963239717672,0.425,17.23488234306467,False,False,True
685,18,Ob18.txt,103,0.3913291774768177,0.12524683667663628,0.12011039819908342,0.0051364384775528515,0.475,0.3200549406619594,False,0.4244664031386051,0.0832022701852626,0.3412641329533425,0.025,1.0846786479746975,True,False,True
685,19,Ob19.txt,143,0.013840998108866076,0.49506892164386335,0.17749230543075747,0.31757661621310584,0.125,35.76829631431991,True,0.30716483882656787,0.08945622965443317,0.2177086091721347,0.25,22.19239078067704,True,True,True
686,1,Ob1.txt,28,0.5690090549799578,0.1331374495321752,0.22674043852357467,-0.09360298899139946,0.7,0.23398124927355454,False,0.10453960971657031,0.23455525143993777,-0.13001564172336746,0.8,0.18372222515905745,False,False,False
686,2,Ob2.txt,43,0.2870181741882195,0.33019134537587574,0.2955974995643217,0.03459384581155406,0.425,1.1504196426228548,False,0.05765104073210278,0.30257726647224514,-0.24492622574014236,0.875,0.20086198685905038,False,False,False
686,3,Ob3.txt,40,0.19059533828299988,0.3025810330919114,0.24654128990505425,0.05603974318685717,0.375,1.5875573653466428,False,0.4767291387418155,0.25986630505784697,0.21686283368396853,0.25,2.501263373157418,True,False,True
686,4,Ob4.txt,58,0.5860023804108867,0.15524946164226633,0.18845744312861684,-0.03320798148635051,0.6,0.2649297457348385,False,0.22152054396456755,0.27510102400701203,-0.05358048004244448,0.6,0.37801987051527713,False,False,False
686,5,Ob5.txt,93,0.017355122424341063,0.1534476794198227,0.23236265849210475,-0.07891497907228204,0.625,8.841636242485267,False,0.05632170125249436,0.23340754653005463,-0.17708584527756027,0.9,3.245249435607642,False,False,False
686,6,Ob6.txt,112,0.25160663859347215,0.42241863889981845,0.20056673579184553,0.22185190310797293,0.125,1.6788851091577595,True,0.36620260753555345,0.1525270942193639,0.21367551331618956,0.2,1.4554568575085858,True,True,True
686,7,Ob7.txt,33,0.4700213988263787,0.5905656244323197,0.21505484190184213,0.37551078253047765,0.1,1.2564653990370105,True,0.7943362274356971,0.2179899841959519,0.5763462432397453,0.05,1.6900001349281484,True,True,True
686,8,Ob8.txt,84,0.018675877947433556,0.07997047999549628,0.2405212036114776,-0.16055072361598133,0.85,4.282019845095735,False,0.04208524085665691,0.23307538902408542,-0.19099014816742851,0.95,2.2534544815035202,False,False,False
686,9,Ob9.txt,37,0.3647757565879017,0.6295494146786875,0.24833986310739034,0.3812095515712972,0.125,1.7258532216270852,True,0.3261037891524421,0.27022481818792976,0.05587897096451233,0.4,0.8939842718792618,False,False,True
686,10,Ob10.txt,36,0.32714835589796737,0.18305688247073668,0.3024416796788768,-0.11938479720814013,0.65,0.559553117631529,False,0.001670262543199269,0.24829637084538178,-0.2466261083021825,1.0,0.005105520211509786,False,False,False
686,11,Ob11.txt,119,0.21964516972332715,0.050626347148886475,0.1772021933925721,-0.12657584624368562,0.775,0.23049151143481653,False,0.15936384025891073,0.18695327109256932,-0.027589430833658585,0.625,0.7255513083199193,False,False,False
686,12,Ob12.txt,91,0.08715209401446641,0.09499383166121617,0.19458356103148272,-0.09958972937026656,0.8,1.0899776159761358,False,0.0073835386064445285,0.15620263621355795,-0.14881909760711343,1.0,0.08472015147701364,False,False,False
686,13,Ob13.txt,102,0.06573736910356687,0.05763732544194375,0.1389407086585313,-0.08130338321658756,0.85,0.8767817487666446,False,0.05448693191187179,0.2168883446626143,-0.16240141275074252,0.8,0.828857811848685,False,False,False
686,14,Ob14.txt,47,0.44213483730839864,0.21455601365610819,0.200774583097763,0.013781430558345187,0.45,0.485272807187665,False,0.29905572131303704,0.20804624587534803,0.091009475437689,0.325,0.676390313718797,True,False,True
686,15,Ob15.txt,96,0.04442147433297173,0.10836955422361996,0.19874120564026326,-0.0903716514166433,0.725,2.4395758099181983,False,0.07083076820445139,0.2244421450599166,-0.15361137685546522,0.725,1.594516374524684,False,False,False
686,16,Ob16.txt,84,0.2862749537198426,0.29985122460239494,0.1765871920519121,0.12326403255048285,0.225,1.047423886393633,True,0.3503138863579864,0.13762466609791205,0.21268922026007434,0.2,1.223697294527604,True,True,True
686,17,Ob17.txt,122,0.3054485809089045,0.2196781429049054,0.17466929102971174,0.045008851875193656,0.35,0.7191984400491327,True,0.2993046475677815,0.1617794959956277,0.13752515157215384,0.175,0.9798855397434133,True,True,True
686,18,Ob18.txt,103,0.21467482293176227,0.40007595250368333,0.1495281777900434,0.2505477747136399,0.075,1.8636370443442904,True,0.20042968114381934,0.13815123177552807,0.06227844936829127,0.4,0.9336431650745045,False,False,True
686,19,Ob19.txt,143,0.3352343163139664,0.19313895048553043,0.09962178064781532,0.0935171698377151,0.15,0.5761312046128494,True,0.27133990592322166,0.14296908104176204,0.12837082488145962,0.075,0.8094037296262239,True,True,True
687,1,Ob1.txt,28,0.9646543488301504,0.38104711351238374,0.25613458310405124,0.1249125304083325,0.325,0.39500896251023465,True,0.24051855242600406,0.2743543081554296,-0.03383575572942554,0.55,0.24933133066541835,False,False,True
687,2,Ob2.txt,43,0.3220799045138858,0.029140145224567912,0.25140545223810695,-0.22226530701353903,0.9,0.09047489401286629,False,0.07417685153323869,0.2449241342332401,-0.17074728270000142,0.85,0.23030574243740412,False,False,False
687,3,Ob3.txt,40,0.5763812255087257,0.021706998173581543,0.251869942749134,-0.23016294457555245,0.95,0.0376608349004125,False,0.23166747354118938,0.2543231998171358,-0.02265572627594642,0.525,0.4019344546427844,False,False,False
687,4,Ob4.txt,58,0.09001255549667497,0.14746551147001558,0.23259878138137396,-0.08513326991135839,0.725,1.6382771342989244,False,0.13556723952716465,0.1745618049257156,-0.03899456539855095,0.625,1.5060925531902318,False,False,False
687,5,Ob5.txt,93,0.13437410931665084,0.19806206149307215,0.1680701361859558,0.029991925307116363,0.425,1.4739599949744893,False,0.17211154716488297,0.16975300121402565,0.002358545950857327,0.45,1.28083860827166,False,False,False
687,6,Ob6.txt,112,0.04596824816173711,0.09530439394107475,0.1485173774009568,-0.053212983459882054,0.6,2.0732657378143005,False,0.09798401286368166,0.15936130072279425,-0.06137728785911259,0.65,2.131558560137631,False,False,False
687,7,Ob7.txt,33,0.4275554723260917,0.2300579214125716,0.3907044663757375,-0.16064654496316594,0.65,0.5380773637651141,False,0.21127941257567784,0.48765601437762696,-0.2763766018019491,0.775,0.4941567264388501,False,False,False
687,8,Ob8.txt,84,0.2621603920609778,0.21535510586661535,0.20331677729224823,0.012038328574367124,0.475,0.8214631667796878,False,0.4778331824316383,0.2072306976389003,0.27060248479273796,0.075,1.8226749612141853,True,False,True
687,9,Ob9.txt,37,0.19019591918381668,0.09110582288929264,0.18840987521391594,-0.0973040523246233,0.7,0.47901039770071274,False,0.2039675904324384,0.20449659028175018,-0.0005289998493117898,0.5,1.072407816675141,False,False,False
687,10,Ob10.txt,36,0.2338878399218508,0.08965410653176746,0.2720201903469605,-0.18236608381519304,0.85,0.38332093947989637,False,0.04284431592480761,0.23819468240562022,-0.1953503664808126,1.0,0.18318316992932693,False,False,False
687,11,Ob11.txt,119,0.12146950199568374,0.3096131603579285,0.14654565666190034,0.16306750369602818,0.2,2.548896268373029,True,0.28074911194365554,0.18329935737961,0.09744975456404553,0.2,2.3112724373697655,True,True,True
687,12,Ob12.txt,91,0.008609793950397973,0.024448700841993756,0.3009209441481733,-0.27647224330617953,1.0,2.83963832152611,False,0.008223311055520634,0.13452273087652972,-0.1262994198210091,0.95,0.9551112492233946,False,False,False
687,13,Ob13.txt,102,0.11605051344705258,0.08335800350023811,0.0,0.08335800350023811,0.15,0.7182906910469616,True,0.08387445784489989,0.0,0.08387445784489989,0.225,0.7227409457620982,True,True,True
687,14,Ob14.txt,47,0.46721041052955065,0.2522674917799797,0.20863243378314733,0.04363505799683237,0.4,0.539944072509112,False,0.07870677398891171,0.26888894372755534,-0.19018216973864363,0.85,0.1684610877991846,False,False,False
687,15,Ob15.txt,96,0.08416366841552039,0.06442493791722226,0.20817181700324494,-0.14374687908602268,0.8,0.765472075185138,False,0.009185215195136487,0.16408077276521593,-0.15489555757007945,0.825,0.1091351573435298,False,False,False
687,16,Ob16.txt,84,0.29023275407123456,0.23029816599143377,0.11106223597722409,0.11923593001420968,0.225,0.7934947477875275,True,0.3575464904089117,0.15858731854778801,0.19895917186112366,0.125,1.231930184975455,True,True,True
687,17,Ob17.txt,122,0.1913513347581557,0.20449066616222622,0.16678181834308958,0.03770884781913664,0.375,1.068666003405082,False,0.04766550540610551,0.13276695512591313,-0.08510144971980763,0.85,0.24909941425989415,False,False,False
687,18,Ob18.txt,103,0.11896439617349573,0.07315192246889807,0.1553522034446999,-0.08220028097580184,0.725,0.6149060124023535,False,0.1805000703050197,0.16600768121830212,0.014492389086717572,0.325,1.5172612656460789,False,False,False
687,19,Ob19.txt,143,0.05128695037035619,0.23908843470387425,0.09389462736873071,0.14519380733514353,0.175,4.661779126607363,True,0.21274063787924857,0.20850099629094299,0.004239641588305587,0.5,4.148046166578321,False,False,True
688,1,Ob1.txt,28,0.06970802850405206,0.10426315809593861,0.279802713135475,-0.1755395550395364,0.675,1.4957123351993509,False,0.014378654317712874,0.26272630823309395,-0.24834765391538108,0.975,0.20626970273412706,False,False,False
688,2,Ob2.txt,43,0.48046813527640575,0.09125980051374184,0.19470623327529085,-0.10344643276154901,0.675,0.18993934001729693,False,0.08054087937119045,0.2093406248545785,-0.12879974548338805,0.775,0.16763001218562923,False,False,False
688,3,Ob3.txt,40,0.6419296706717748,0.14723541343187796,0.26103959945337185,-0.11380418602149389,0.775,0.22936377637412703,False,0.027299646745461814,0.25187880117966194,-0.22457915443420012,0.875,0.04252747301256995,False,False,False
688,4,Ob4.txt,58,0.1828931472340585,0.6448049159175109,0.12308866407916592,0.5217162518383449,0.0,3.5255827004404834,True,0.44530524436003055,0.2501734900048074,0.19513175435522317,0.15,2.4347836487834544,True,True,True
688,5,Ob5.txt,93,0.1797335879520972,0.3589466016088767,0.23460339218066506,0.12434320942821164,0.25,1.9971036337656796,True,0.2696217413743016,0.18502982765258483,0.08459191372171679,0.325,1.5001188394801392,True,True,True
688,6,Ob6.txt,112,0.1472742834439302,0.24739750662586835,0.20439583758140767,0.04300166904446068,0.45,1.6798418626837641,False,0.06382120269674763,0.2109504035478963,-0.14712920085114867,0.775,0.4333492664457297,False,False,False
688,7,Ob7.txt,33,0.36709213892904224,0.05229233756241991,0.23501189046060178,-0.18271955289818187,0.875,0.1424501699082362,False,0.3038827345011729,0.4623195378311252,-0.1584368033299523,0.6,0.8278105202353911,False,False,False
688,8,Ob8.txt,84,0.46117625457051786,0.031030465181409977,0.250268212708107,-0.21923774752669703,0.875,0.06728547897659624,False,0.07631053484158895,0.1896793118749544,-0.11336877703336545,0.65,0.16546934948473244,False,False,False
688,9,Ob9.txt,37,0.5082575095375041,0.5767796759153566,0.28074376230760045,0.29603591360775616,0.175,1.134817813986074,True,0.5159520850292325,0.31126365480852486,0.20468843022070765,0.375,1.0151391279958266,False,False,True
688,10,Ob10.txt,36,0.26225905462002486,0.2297352145660319,0.2489500716241867,-0.01921485705815479,0.55,0.8759858259188982,False,0.39037169860015764,0.22402533517177775,0.16634636342837988,0.15,1.4884965522572684,True,False,True
688,11,Ob11.txt,119,0.2060088945280646,0.022824213965439807,0.20272007800775427,-0.17989586404231445,0.9,0.11079237145428429,False,0.010715292928303907,0.19429560312523553,-0.1835803101969316,1.0,0.05201373927495234,False,False,False
688,12,Ob12.txt,91,0.019419935930647475,0.2140342090674082,0.20037370092298448,0.01366050814442371,0.45,11.021365355260064,False,0.21979613733112582,0.18313972792134264,0.03665640940978318,0.475,11.31806706860735,False,False,False
688,13,Ob13.txt,102,0.012631371343541115,0.2890626748704357,0.7757539507717346,-0.4866912759012989,0.625,22.884504541008848,False,0.31205141924167956,1.062873183968266,-0.7508217647265863,0.525,24.704476715526454,False,False,False
688,14,Ob14.txt,47,0.5328473584801763,0.15895199277965816,0.2036624988221013,-0.04471050604244314,0.575,0.2983068044721699,False,0.5002214829122366,0.23731068521920665,0.26291079769302994,0.175,0.9387706909892591,True,False,True
688,15,Ob15.txt,96,0.20294974576817207,0.5470977168637117,0.1699887079169502,0.37710900894676147,0.125,2.695729993614563,True,0.4325032946553875,0.25119536556658584,0.18130792908880167,0.275,2.1310856686139075,True,True,True
688,16,Ob16.txt,84,0.20156271263041114,0.061202284802812035,0.15609607201165404,-0.094893787208842,0.85,0.30363892212064836,False,0.41956411922125636,0.15173177980892377,0.2678323394123326,0.05,2.08155622508701,True,False,True
688,17,Ob17.txt,122,0.1781273658321084,0.3939568702793849,0.19418384556302898,0.19977302471635594,0.125,2.211658317850519,True,0.4789849940081311,0.12241292571550594,0.35657206829262517,0.025,2.689002847881286,True,True,True
688,18,Ob18.txt,103,0.14132334108175792,0.2690931093457394,0.0,0.2690931093457394,0.15,1.9040952986673623,True,0.30372596467864144,0.0,0.30372596467864144,0.0,2.1491564121947193,True,True,True
688,19,Ob19.txt,143,0.2985678940894822,0.08058256408017225,0.20510587094059782,-0.12452330686042556,0.825,0.26989695032655214,False,0.014290253966285596,0.20075552397247948,-0.1864652700061939,1.0,0.04786266122104455,False,False,False
689,1,Ob1.txt,28,0.17734811601627606,0.6181620691160216,0.23337174127636273,0.38479032783965883,0.075,3.485585767707225,True,0.29270770183665745,0.2646400151962497,0.028067686640407763,0.45,1.6504697563846367,False,False,True
689,2,Ob2.txt,43,0.0986107937240974,0.15430176803241685,0.17637307467086943,-0.02207130663845258,0.575,1.5647553599876391,False,0.1560878104458494,0.24830503353485095,-0.09221722308900154,0.675,1.5828673976863694,False,False,False
689,3,Ob3.txt,40,0.13218427873002414,1.0136960408020086,0.33786548056646953,0.675830560235539,0.0,7.6688094116880725,True,0.3542414890475343,0.3106314814570133,0.04361000759052097,0.4,2.6799063583880827,False,False,True
689,4,Ob4.txt,58,0.15569255721633518,0.04163540902719165,0.12290572079971895,-0.0812703117725273,0.775,0.2674206768236143,False,0.2939220546876125,0.26298231489798685,0.030939739789625664,0.375,1.8878362584744954,False,False,False
689,5,Ob5.txt,93,0.03948914295190603,0.028054306920009958,0.2650769036922569,-0.23702259677224694,0.95,0.7104308886667254,False,0.26994823299310544,0.23526151534779044,0.034686717645315,0.325,6.836011440457859,True,False,True
689,6,Ob6.txt,112,0.19988388968652662,0.10297282529165541,0.1880248073746529,-0.0850519820829975,0.8,0.5151632052645432,False,0.1308133961371667,0.1986103819294833,-0.0677969857923166,0.7,0.6544469208715038,False,False,False
689,7,Ob7.txt,33,0.6330788492604434,0.1352703882939429,0.34243718645354293,-0.20716679815960004,0.75,0.21367068012454443,False,0.3722792859945418,0.3911715510461633,-0.018892265051621504,0.55,0.5880456856668562,False,False,False
689,8,Ob8.txt,84,0.04913303518694642,0.34884300073910945,0.16165303933922132,0.18718996139988814,0.275,7.099968471554744,True,0.2435526067834096,0.29975684873220765,-0.056204241948798056,0.575,4.9570030806506375,False,False,True
689,9,Ob9.txt,37,0.12518611746936864,0.12689853585226343,0.15948892380277757,-0.03259038795051414,0.6,1.0136789798861987,False,0.16207530454197366,0.2680519398074962,-0.10597663526552253,0.65,1.2946747436402548,False,False,False
689,10,Ob10.txt,36,0.9521452909109932,0.03397773938906977,0.276040553074746,-0.24206281368567623,0.9,0.03568545653002239,False,0.5810532857334838,0.17718269072889933,0.40387059500458444,0.1,0.6102569547737235,True,False,True
689,11,Ob11.txt,119,0.18500217302112254,0.11981186963076737,0.17193937771070045,-0.05212750807993308,0.65,0.6476241207020196,False,0.2618379077301666,0.17864676982985694,0.08319113790030963,0.25,1.4153234173107325,True,False,True
689,12,Ob12.txt,91,0.047859332143532204,0.04047895897862755,0.250029472659763,-0.20955051368113545,0.95,0.8457903018209574,False,0.3057208310345,0.31572559764160835,-0.010004766607108362,0.5,6.387904246503691,False,False,False
689,13,Ob13.txt,102,0.043612878782707976,0.1989877365565821,0.020947370593441428,0.17804036596314068,0.075,4.562591191193702,True,0.14655859750599215,0.12105603553371225,0.025502561972279902,0.375,3.3604430983836138,False,False,True
689,14,Ob14.txt,47,0.1981844171514066,0.20315026168905526,0.27346891546933044,-0.07031865378027519,0.65,1.0250566851270395,False,0.01073567420773719,0.1851221791769409,-0.17438650496920372,0.975,0.05417012276770214,False,False,False
689,15,Ob15.txt,96,0.12498412773456131,0.5859161474826415,0.08079905265008896,0.5051170948325525,0.025,4.687924443710149,True,0.2613226848695381,0.10961318662267966,0.15170949824685842,0.175,2.0908469707812,True,True,True
689,16,Ob16.txt,84,0.17872090377695332,0.11737450561064122,0.13594989958231174,-0.018575393971670517,0.525,0.6567474936067164,False,0.0442469975061869,0.22981765332274048,-0.18557065581655358,0.9,0.2475759498251413,False,False,False
689,17,Ob17.txt,122,0.37312022577299037,0.46094272284744026,0.19569310127658784,0.2652496215708524,0.0,1.2353731880723129,True,0.44471946315489114,0.18006027060466107,0.26465919255023007,0.0,1.1918932087735774,True,True,True
689,18,Ob18.txt,103,0.5908047930625826,0.5180424501745151,0.14915036084360733,0.3688920893309078,0.1,0.8768419895328101,True,0.36218181996710874,0.17426031870115466,0.18792150126595408,0.35,0.613031282447202,True,True,True
689,19,Ob19.txt,143,0.22214872412683348,0.06162242571947999,0.19153525135046473,-0.12991282563098475,0.775,0.2773926609828167,False,0.19097938616880167,0.08122572981281873,0.10975365635598294,0.15,0.8596915733793006,True,False,True
690,1,Ob1.txt,28,0.022057203186361757,0.31841525890162425,0.24195378560487957,0.07646147329674469,0.3,14.435885466136721,True,0.10676048761600894,0.2363697543051133,-0.12960926668910439,0.7,4.840164308864883,False,False,True
690,2,Ob2.txt,43,0.22346877969054946,0.33867974280801294,0.15025416547162082,0.18842557733639212,0.275,1.5155573108556952,True,0.27515342277474114,0.2345531689018878,0.04060025387285335,0.375,1.2312835070552697,False,False,True
690,3,Ob3.txt,40,0.9005535153642042,0.09787390580316355,0.21170102113171674,-0.11382711532855319,0.725,0.10868194297546117,False,0.2656598046528415,0.18564007699632296,0.08001972765651855,0.375,0.29499613306756417,False,False,False
690,4,Ob4.txt,58,0.3308902582674474,0.2529444087861283,0.21906796414964477,0.03387644463648351,0.425,0.7644359495820572,False,0.2904044163677397,0.3554023072888429,-0.0649978909211032,0.55,0.8776457121714828,False,False,False
690,5,Ob5.txt,93,0.026320659380807132,0.2542209814605567,0.21872912789690924,0.03549185356364748,0.45,9.658609907240134,False,0.27165939455594595,0.19814232768850798,0.07351706686743797,0.325,10.321146998089203,True,False,True
690,6,Ob6.txt,112,0.2635100203186205,0.18226152447405475,0.18613063912651637,-0.0038691146524616193,0.525,0.691668287428596,False,0.22418045990190832,0.2416955243752305,-0.017515064473322184,0.55,0.8507473819433613,False,False,False
690,7,Ob7.txt,33,0.31120513020084783,0.4612881872722222,0.2823581461759303,0.1789300410962919,0.375,1.48226408406093,False,0.09943360992023192,0.3372429735257827,-0.23780936360555077,0.85,0.3195114741715817,False,False,False
690,8,Ob8.txt,84,0.07977946102187622,0.6835959799832295,0.2346664165966338,0.44892956338659573,0.05,8.568571048578299,True,0.4032544651476708,0.21905051855191515,0.18420394659575567,0.2,5.054615059847233,True,True,True
690,9,Ob9.txt,37,0.32773469458697335,0.08472721592241186,0.3269708622979287,-0.24224364637551685,0.875,0.2585237917187531,False,0.1437085042657273,0.2379476089789804,-0.09423910471325311,0.7,0.4384903601580403,False,False,False
690,10,Ob10.txt,36,0.5362791505800045,0.5694737803834291,0.23737745613505434,0.33209632424837476,0.1,1.061898042777765,True,0.5100642936541473,0.27883513647064256,0.23122915718350473,0.25,0.9511171431939784,True,True,True
690,11,Ob11.txt,119,0.46549520937953864,0.007047480430162484,0.13222729641753458,-0.1251798159873721,0.9,0.01513974856917671,False,0.16736281289000482,0.13177513122475934,0.03558768166524548,0.325,0.3595371327517714,True,False,True
690,12,Ob12.txt,91,0.44338327951807466,0.2941415710498127,0.23801675175048956,0.05612481929932314,0.375,0.6634024886313331,False,0.49887039182610954,0.3515790349518675,0.14729135687424205,0.225,1.1251448010586806,True,False,True
690,13,Ob13.txt,102,0.490235449200373,0.13925145788607698,0.18227463830788526,-0.04302318042180828,0.625,0.28405016021018303,False,0.1931362703490544,0.19201492910229517,0.001121341246759222,0.5,0.3939663495654599,False,False,False
690,14,Ob14.txt,47,0.9755069102992521,0.0868761348936676,0.26845147754487,-0.18157534265120237,0.775,0.0890574264276785,False,0.30983058286344517,0.24030994567327146,0.0695206371901737,0.275,0.31760982889234457,True,False,True
690,15,Ob15.txt,96,0.03215964013578372,0.559506145798944,0.11895812020857088,0.4405480255903731,0.025,17.397773838158933,True,0.45412260756627487,0.25608859136779194,0.19803401619848293,0.175,14.12088585720762,True,True,True
690,16,Ob16.txt,84,0.06983661949708625,0.022771674625977345,0.2584323884178218,-0.23566071379184445,0.9,0.3260706888443739,False,0.18005561217239152,0.2871953486642671,-0.10713973649187558,0.675,2.5782406632655506,False,False,False
690,17,Ob17.txt,122,0.3243196690485206,0.35152651528324774,0.1715886332762232,0.17993788200702454,0.075,1.0838889800132867,True,0.21503064564530516,0.1776210713395187,0.03740957430578645,0.4,0.6630206742506727,False,False,True
690,18,Ob18.txt,103,0.5869655217911134,0.3862996008089739,0.22431517571296647,0.16198442509600744,0.25,0.6581299692530296,True,0.39834890001741774,0.20412681263682442,0.19422208738059332,0.2,0.6786580901751506,True,True,True
690,19,Ob19.txt,143,0.1639996379919724,0.020575619140547008,0.12447692450463921,-0.1039013053640922,0.9,0.12546136925957216,False,0.06445058851264807,0.10676234935384876,-0.042311760841200696,0.725,0.3929922608475688,False,False,False
691,1,Ob1.txt,28,0.27175007301143805,0.0672290451429976,0.25311926735737555,-0.18589022221437795,0.925,0.24739292393922524,False,0.2293880964374052,0.20728660861386228,0.02210148782354293,0.4,0.8441142035231401,False,False,False
691,2,Ob2.txt,43,0.11132020698732317,0.09349267510044357,0.17680881188337744,-0.08331613678293387,0.75,0.8398535866097541,False,0.39122535821716137,0.20045377804396042,0.19077158017320095,0.225,3.51441457759518,True,False,True
691,3,Ob3.txt,40,0.0008564107666074738,0.019516554405843902,0.32911490955694467,-0.3095983551511008,0.95,22.788777496522407,False,0.17161510632025873,0.2330366302330279,-0.06142152391276917,0.65,200.38877722203668,False,False,False
691,4,Ob4.txt,58,0.3379429131208735,0.06753131372023424,0.32739214673489536,-0.2598608330146611,0.875,0.19983053675127677,False,0.05521258065098639,0.20283128803428252,-0.14761870738329613,0.875,0.1633784243057592,False,False,False
691,5,Ob5.txt,93,0.28798219706502903,0.06865620585450145,0.16411463127636639,-0.09545842542186493,0.725,0.2384043408037416,False,0.04563518393464608,0.24331097504820312,-0.19767579111355704,0.9,0.15846529542359605,False,False,False
691,6,Ob6.txt,112,0.08225298406491394,0.054977383765558885,0.1480622048622397,-0.09308482109668081,0.825,0.6683937900924155,False,0.058911888860271294,0.18914953954662797,-0.13023765068635668,0.825,0.7162279828507877,False,False,False
691,7,Ob7.txt,33,0.3076266490217429,0.25945984726180527,0.21102948528953502,0.04843036197227024,0.45,0.8434244825241611,False,0.18901959788167977,0.2893650374106989,-0.10034543952901914,0.7,0.6144448099108604,False,False,False
691,8,Ob8.txt,84,0.1892712920059453,0.1771610292661578,0.2479402541904822,-0.07077922492432442,0.6,0.9360163783348237,False,0.0711696690123517,0.14817862693979536,-0.07700895792744367,0.725,0.37601935432509304,False,False,False
691,9,Ob9.txt,37,0.3043385371408791,0.20309855999381043,0.26003410392830767,-0.056935543934497235,0.65,0.6673442078739952,False,0.1869498644950071,0.3017432813976424,-0.11479341690263528,0.725,0.6142825888936554,False,False,False
691,10,Ob10.txt,36,0.3989369070977291,0.015196926523454113,0.17672883818847754,-0.16153191166502343,0.975,0.03809355878856118,False,0.1215410997190947,0.27236228151820263,-0.15082118179910792,0.725,0.3046624605462244,False,False,False
691,11,Ob11.txt,119,0.18806649976585033,0.07398912908156069,0.19515301031774912,-0.12116388123618843,0.825,0.39342003585795376,False,0.1460270963728554,0.11831717085160975,0.027709925521245654,0.425,0.7764652213693799,False,False,False
691,12,Ob12.txt,91,0.5153510115936042,0.10349044054287877,0.2918067763867859,-0.18831633584390717,0.8,0.20081544076698024,False,0.0999559012115526,0.3182667699381533,-0.2183108687266007,0.775,0.19395693219357815,False,False,False
691,13,Ob13.txt,102,0.11590210264063784,0.5464307534360706,0.19812331073474926,0.34830744270132136,0.0,4.714588786454681,True,0.40443209597917257,0.25625750856046203,0.14817458741871053,0.45,3.489428463891989,False,False,True
691,14,Ob14.txt,47,0.4491161343871276,0.22697693016251821,0.25070584519597283,-0.023728915033454617,0.6,0.5053858295967373,False,0.05783215823846108,0.2921044235881036,-0.23427226534964254,0.925,0.128768827949991,False,False,False
691,15,Ob15.txt,96,0.5832569245714163,0.38893794120206315,0.2890450603947327,0.09989288080733044,0.325,0.6668381031015775,True,0.47207545706070775,0.2876313639637182,0.18444409309698956,0.175,0.8093782296842752,True,True,True
691,16,Ob16.txt,84,0.11675716120462099,0.2525077372808966,0.12065999151828595,0.13184774576261066,0.15,2.1626745175687168,True,0.09189852604891088,0.20635333056041108,-0.1144548045115002,0.675,0.7870911308631041,False,False,True
691,17,Ob17.txt,122,0.19252341703131606,0.017842180786443104,0.1915020754758857,-0.1736598946894426,0.95,0.09267537976193761,False,0.0953869840499351,0.22388453013246729,-0.12849754608253217,0.725,0.4954565295006132,False,False,False
691,18,Ob18.txt,103,0.2500184912655541,0.39176271374469707,0.030998844855952945,0.3607638688887441,0.35,1.566934956537239,True,0.35945466526069797,0.09650760463123914,0.26294706062945883,0.35,1.4377123205615523,True,True,True
691,19,Ob19.txt,143,0.05014629987739749,0.09186963053084196,0.0827822234991608,0.009087407031681163,0.5,1.8320320892160276,False,0.2089476309800477,0.07956230300731983,0.1293853279727279,0.225,4.166760688044841,True,False,True
692,1,Ob1.txt,28,0.16913713081607762,0.22810696166973254,0.1765436925707733,0.05156326909895925,0.325,1.3486510062523152,True,0.4498637168811652,0.2263465098476653,0.22351720703349992,0.2,2.6597572910844405,True,True,True
692,2,Ob2.txt,43,0.16377779626043037,0.21687758665686654,0.15846884038211223,0.058408746274754314,0.4,1.3242184936473307,False,0.5555478645257452,0.2274552679659651,0.3280925965597801,0.15,3.3920829148436202,True,False,True
692,3,Ob3.txt,40,0.662423900018652,0.6058343142108943,0.23861057948894743,0.36722373472194686,0.1,0.9145719443302629,True,0.6676084115613807,0.25017058008470383,0.4174378314766769,0.15,1.0078265768227606,True,True,True
692,4,Ob4.txt,58,1.0512677709182894,0.6716125997537621,0.23065215778204343,0.4409604419717187,0.05,0.6388596876389581,True,0.41307712745119823,0.29773707111038017,0.11534005634081806,0.3,0.3929323611722374,True,True,True
692,5,Ob5.txt,93,0.04027112708139524,0.12990051163045707,0.2057748356813054,-0.07587432405084832,0.625,3.2256487723302256,False,0.09876715433943697,0.18747430584120522,-0.08870715150176825,0.8,2.4525550064643253,False,False,False
692,6,Ob6.txt,112,0.07641838863503028,0.14494792602982065,0.15621675118034745,-0.011268825150526796,0.55,1.896767631702932,False,0.15730180613564215,0.24300265570329493,-0.08570084956765278,0.65,2.0584287230512843,False,False,False
692,7,Ob7.txt,33,0.28497909770279917,0.21290855905963868,0.2985929300505503,-0.08568437099091164,0.625,0.7471023691768374,False,0.060478791897717876,0.24597538417310447,-0.1854965922753866,0.8,0.21222185200681065,False,False,False
692,8,Ob8.txt,84,0.13909961530324536,0.07004000081875116,0.21631211439209058,-0.1462721135733394,0.85,0.5035240440173744,False,0.1317035354589023,0.2743573475416359,-0.1426538120827336,0.825,0.946828897921686,False,False,False
692,9,Ob9.txt,37,0.010066592009487674,0.04625514196442568,0.2937927569286669,-0.24753761496424123,0.975,4.594915729258782,False,0.1399978082974666,0.29917564191771295,-0.15917783362024635,0.7,13.90717018883053,False,False,False
692,10,Ob10.txt,36,0.2715212179801055,0.07212345194687136,0.34086693704455695,-0.2687434850976856,0.9,0.26562731444492815,False,0.06479948992952947,0.2811461608092527,-0.21634667087972323,0.9,0.2386535034410363,False,False,False
692,11,Ob11.txt,119,0.13103673399169524,0.2205245271559022,0.18535063647231703,0.035173890683585174,0.425,1.6829214254521825,False,0.2507306093150731,0.2385564171070093,0.012174192208063817,0.45,1.913437565766587,False,False,False
692,12,Ob12.txt,91,0.31572107980204395,0.5841791242430809,0.17231113964468464,0.4118679845983963,0.025,1.8503012995184207,True,0.5366460511534484,0.3032927448386644,0.23335330631478401,0.15,1.699747294320429,True,True,True
692,13,Ob13.txt,102,0.6666947489550439,0.37061026924883855,0.15040854437054652,0.22020172487829204,0.225,0.555891987794596,True,0.23572353632466586,0.07695843293210058,0.15876510339256528,0.025,0.3535704108876385,True,True,True
692,14,Ob14.txt,47,0.4514080390094767,0.021223860741097778,0.20554326724325445,-0.18431940650215667,0.95,0.04701701987334836,False,0.3228082663232487,0.2541302168684403,0.06867804945480843,0.3,0.7151141282986141,True,False,True
692,15,Ob15.txt,96,0.22519634091278323,0.26413837412067415,0.24733586510467212,0.016802509016002026,0.475,1.1729248044175498,False,0.17816657562417076,0.13170458503073407,0.0464619905934367,0.375,0.7911610592872522,False,False,False
692,16,Ob16.txt,84,0.17019590207932395,0.16353997817335825,0.2219841026897626,-0.05844412451640435,0.7,0.9608925724729639,False,0.028759338241925392,0.24773622065049494,-0.21897688240856955,0.925,0.16897785370015198,False,False,False
692,17,Ob17.txt,122,0.4954953455345816,0.5126119637640841,0.18876188654507542,0.3238500772190087,0.075,1.0345444581543661,True,0.7563187491139318,0.17617223478508814,0.5801465143288437,0.0,1.5263892101709902,True,True,True
692,18,Ob18.txt,103,0.15219202102889745,0.15246893265807096,0.0973213690305112,0.055147563627559765,0.45,1.0018194884810745,False,0.401680967681235,0.42245848979283285,-0.020777522111597835,0.525,2.6393037227948097,False,False,False
692,19,Ob19.txt,143,0.12100949235615434,0.34127551510162424,0.2701515075802924,0.07112400752133186,0.35,2.8202375570437432,True,0.19437360594857483,0.19875728607031823,-0.004383680121743394,0.525,1.6062674271576622,False,False,True
693,1,Ob1.txt,28,0.10732911718542862,0.31188477151399996,0.3177262071559567,-0.005841435641956716,0.5,2.9058728860609926,False,0.45342055441786183,0.298556730084489,0.1548638243333728,0.3,4.2245810485378685,True,False,True
693,2,Ob2.txt,43,0.02486854060075841,0.16844476496445304,0.25233924337941416,-0.08389447841496112,0.725,6.773407722981381,False,0.38452387952344436,0.26291521797880735,0.12160866154463701,0.15,15.46226156559093,True,False,True
693,3,Ob3.txt,40,0.41441909075261385,0.7467820108985237,0.27413467648001133,0.47264733441851237,0.075,1.8019971269719155,True,0.3068819313335858,0.37084346579033384,-0.06396153445674801,0.575,0.7405110869199267,False,False,True
693,4,Ob4.txt,58,0.29272432032138906,0.3661734501061837,0.3027825350392325,0.06339091506695116,0.375,1.2509157069838033,False,0.18147770032345464,0.28437802197594164,-0.102900321652487,0.7,0.6199611297216641,False,False,False
693,5,Ob5.txt,93,0.2848212918658426,0.3015906113527622,0.1721266769047443,0.1294639344480179,0.275,1.0588766358619648,True,0.29314673371255967,0.21447009310579862,0.07867664060676105,0.35,1.0292304054664514,True,True,True
693,6,Ob6.txt,112,0.0033565650464340013,0.11674755464878891,0.17645658002442396,-0.05970902537563505,0.675,34.781853780197395,False,0.17487453278548948,0.2345930369945016,-0.05971850420901212,0.725,52.09925336357636,False,False,False
693,7,Ob7.txt,33,0.5084684542655047,0.0905794171847667,0.2406394192430127,-0.150060002058246,0.725,0.17814166527913894,False,0.11203975266260308,0.2505738419110379,-0.1385340892484348,0.85,0.22034749987479024,False,False,False
693,8,Ob8.txt,84,0.004947370578008731,0.14353200346430572,0.31200078138107235,-0.16846877791676662,0.725,29.011775285706612,False,0.28757664314460013,0.294231058192295,-0.006654415047694873,0.525,58.12716848478874,False,False,False
693,9,Ob9.txt,37,0.8615495914986838,0.3324204972439895,0.1994096371674644,0.13301086007652507,0.35,0.38584023545961754,True,0.06169491921866242,0.26836998081154606,-0.20667506159288362,0.85,0.07160924899441111,False,False,True
693,10,Ob10.txt,36,0.7924309752077181,0.6076304380397349,0.25540431299869903,0.3522261250410359,0.075,0.766792890548553,True,0.5130362660067482,0.22644183627593564,0.2865944297308126,0.075,0.6474207622591573,True,True,True
693,11,Ob11.txt,119,0.01965831351458644,0.04346062676895138,0.2036645793839794,-0.160203952615028,0.95,2.210801386227952,False,0.026271394194916642,0.19723785847553169,-0.17096646428061504,0.925,1.3364012215708791,False,False,False
693,12,Ob12.txt,91,0.34335000092777435,0.3548295666468363,0.22321208759577477,0.13161747905106153,0.35,1.0334340052076387,True,0.2046329370957708,0.23240400769641067,-0.02777107060063988,0.6,0.5959893302543386,False,False,True
693,13,Ob13.txt,102,0.16593042070357383,0.4141091712514771,0.1313906434914034,0.2827185277600737,0.025,2.4956796318335255,True,0.2727756750121113,0.0675483939828957,0.2052272810292156,0.0,1.643916009225403,True,True,True
693,14,Ob14.txt,47,0.19030631776410956,0.0959156892276994,0.272181736302475,-0.1762660470747756,0.85,0.5040068577575538,False,0.34274840985886923,0.1785548208780792,0.16419358898079003,0.175,1.8010353722660761,True,False,True
693,15,Ob15.txt,96,0.08131104724965753,0.07009733027784557,0.23602403907279915,-0.16592670879495358,0.875,0.8620886416899618,False,0.0396422189624516,0.31173662189373075,-0.2720944029312792,0.925,0.48753792139380625,False,False,False
693,16,Ob16.txt,84,0.06892829663421017,0.5366951932665469,0.20581005708625852,0.33088513618028836,0.15,7.786282549744263,True,0.4012791757877466,0.2578526499443884,0.1434265258433582,0.25,5.821690008056656,True,True,True
693,17,Ob17.txt,122,0.11159868625454122,0.024110055263042746,0.14300272817364323,-0.11889267291060049,0.9,0.2160424649448922,False,0.2644642469751858,0.1902376913469453,0.07422655562824049,0.325,2.3697792138160056,True,False,True
693,18,Ob18.txt,103,0.05996054481707547,0.1914105092939199,0.0,0.1914105092939199,0.15,3.1922743510397575,True,0.02824083757338225,0.0,0.02824083757338225,0.15,0.470990343058722,False,False,True
693,19,Ob19.txt,143,0.09274759028394902,0.07580831205052899,0.13483695310603028,-0.05902864105550129,0.7,0.8173615273285266,False,0.06147946139613364,0.08153250026099831,-0.020053038864864675,0.55,0.6628685576402876,False,False,False
694,1,Ob1.txt,28,0.29424764475861254,0.2912624803321594,0.30232113202114363,-0.011058651688984233,0.5,0.9898549249938703,False,0.294506107399971,0.300630733627382,-0.006124626227411001,0.5,1.0008783847414326,False,False,False
694,2,Ob2.txt,43,0.35471536170973506,0.20798712387308313,0.2027923503250376,0.005194773548045539,0.5,0.5863493559190137,False,0.24609129259048357,0.2619227392095048,-0.01583144661902125,0.5,0.6937711730451105,False,False,False
694,3,Ob3.txt,40,0.15020843275865586,0.7819162989387152,0.22084078606788252,0.5610755128708327,0.075,5.205541956456214,True,0.604255436275443,0.2581474601763229,0.3461079760991201,0.075,4.022779714680316,True,True,True
694,4,Ob4.txt,58,0.45374036964515835,0.3998663884092248,0.22091513796918816,0.17895125044003662,0.2,0.881266942859713,True,0.5480757518647945,0.27644110568276636,0.27163464618202815,0.075,1.2079060813861677,True,True,True
694,5,Ob5.txt,93,0.5772317904154463,0.0020575671111266874,0.19263382706747814,-0.19057625995635147,0.975,0.003564542260650287,False,0.15965883947664422,0.18566163411103656,-0.02600279463439234,0.525,0.2765939820496274,False,False,False
694,6,Ob6.txt,112,0.0229267485669645,0.3265243223171638,0.194354535054525,0.13216978726263878,0.15,14.242068445224616,True,0.2518422874855546,0.21049725520590812,0.041345032279646476,0.35,10.984649077036504,True,True,True
694,7,Ob7.txt,33,0.936296478430602,0.8456039644829665,0.26810199115605493,0.5775019733269116,0.05,0.9031369699268204,True,0.7318438145614724,0.2237334752479365,0.5081103393135359,0.05,0.7816368334399502,True,True,True
694,8,Ob8.txt,84,0.35613440534171664,0.09275282234733678,0.19398161833640282,-0.10122879598906603,0.65,0.2604433072349159,False,0.3842130483377374,0.2868425963165292,0.0973704520212082,0.35,1.0788428261208822,True,False,True
694,9,Ob9.txt,37,0.3837957123411879,0.15852123942961924,0.1970420423083583,-0.038520802878739074,0.55,0.4130354621801937,False,0.7221753086793754,0.2926204880229569,0.4295548206564185,0.025,1.8816659109452836,True,False,True
694,10,Ob10.txt,36,0.7901380457012701,0.20542810923793625,0.22591060205310357,-0.020482492815167314,0.525,0.2599901502725551,False,0.27591416910542654,0.18916013323784353,0.08675403586758301,0.325,0.34919742266118176,True,False,True
694,11,Ob11.txt,119,0.0020385647429215364,0.2506209925393921,0.21836710275460194,0.03225388978479013,0.35,122.93992300691839,True,0.09907743523904344,0.22493554311807418,-0.12585810787903073,0.95,48.60156420494754,False,False,True
694,12,Ob12.txt,91,0.1985164814728799,0.07871297473310365,0.3689041023742565,-0.29019112764115285,0.975,0.39650599360364414,False,0.017076540901246058,0.2686233553591968,-0.25154681445795074,0.975,0.08602077154777171,False,False,False
694,13,Ob13.txt,102,0.12237627911729376,0.4858112158044009,0.0,0.4858112158044009,0.0,3.9698152232489954,True,0.17193291640125566,0.009261057797567696,0.16267185860368796,0.125,1.4049529667139449,True,True,True
694,14,Ob14.txt,47,0.29429865550276335,0.1527290936120039,0.28955529663885,-0.1368262030268461,0.75,0.5189595356835391,False,0.17441016242575672,0.3018192430350169,-0.12740908060926018,0.7,0.5926298308356325,False,False,False
694,15,Ob15.txt,96,0.3421916078199018,0.16213758150815494,0.3609190317676775,-0.19878145025952254,0.75,0.4738210341893868,False,0.20809493994560868,0.2491474412964929,-0.04105250135088423,0.6,0.6081240310695484,False,False,False
694,16,Ob16.txt,84,0.19750209320419504,0.16484371249599758,0.23314223793260913,-0.06829852543661155,0.625,0.8346428628762311,False,0.26336428416144597,0.23623671624707565,0.02712756791437032,0.45,1.3334759135395937,False,False,False
694,17,Ob17.txt,122,0.28282095651137235,0.43604968328939153,0.12811042709135206,0.30793925619803947,0.075,1.541787032573938,True,0.06629265261149153,0.11038129016996297,-0.044088637558471436,0.775,0.23439795066539165,False,False,True
694,18,Ob18.txt,103,0.21298652396843173,0.17373709035660023,0.12776041645475678,0.04597667390184346,0.4,0.8157186995659456,False,0.4684961901857459,0.0056561050486061415,0.46284008513713976,0.025,2.199651797008458,True,False,True
694,19,Ob19.txt,143,0.11075174661504614,0.14389822854119919,0.24040055974609267,-0.09650233120489349,0.725,1.299286313211515,False,0.2791847685341228,0.17402219665244756,0.10516257188167522,0.175,2.5208159425649566,True,False,True
695,1,Ob1.txt,28,0.8632479646259799,0.41933550669147934,0.15868521235360883,0.2606502943378705,0.2,0.4857648368428707,True,0.3136421411407853,0.22505329847857997,0.08858884266220535,0.325,0.36332798221734275,True,True,True
695,2,Ob2.txt,43,0.011764824165427318,0.07455778162641097,0.22293989145742835,-0.14838210983101738,0.825,6.337347722162315,False,0.44373176027653827,0.21895000935319542,0.22478175092334285,0.1,37.71682041628041,True,False,True
695,3,Ob3.txt,40,0.06589676511947229,0.1405119574013547,0.332429263844481,-0.19191730644312632,0.775,2.1323043270273345,False,0.005437676683187842,0.33593043151618635,-0.3304927548329985,1.0,0.0825181125860915,False,False,False
695,4,Ob4.txt,58,0.29130066686423883,0.3753234246941851,0.1983397099858725,0.17698371470831262,0.15,1.288439977616341,True,0.4219095516093951,0.24195825670575266,0.17995129490364242,0.25,1.4483645236762426,True,True,True
695,5,Ob5.txt,93,0.1681731871736602,0.05131549791064313,0.20540683316803196,-0.15409133525738883,0.825,0.3051348361356401,False,0.08554373406936217,0.16184775117663627,-0.07630401710727411,0.775,0.5086645232038528,False,False,False
695,6,Ob6.txt,112,0.3407256654414965,0.33620480195350094,0.18733592010492464,0.1488688818485763,0.2,0.9867316614316751,True,0.20055338487849206,0.16174437806978864,0.03880900680870342,0.45,0.5886066276182168,False,False,True
695,7,Ob7.txt,33,0.0031904580182626485,0.058368294042384694,0.2780551703402012,-0.21968687629781652,0.95,18.29464412578885,False,0.001608283778112729,0.24140661181399348,-0.23979832803588075,1.0,0.5040918165688679,False,False,False
695,8,Ob8.txt,84,0.3009213551657012,0.011922364585041478,0.18040983697198387,-0.1684874723869424,0.975,0.0396195364017169,False,0.18203668882935417,0.16377160695625945,0.018265081873094724,0.475,0.6049311080933966,False,False,False
695,9,Ob9.txt,37,0.22418744824142378,0.263226931957891,0.23721392669432362,0.026013005263567368,0.45,1.1741376871127336,False,0.4845336207647676,0.30495717985578785,0.17957644090897973,0.2,2.161287906908068,True,False,True
695,10,Ob10.txt,36,0.005796807913495572,0.42309205817565115,0.2457577994849331,0.17733425869071806,0.225,72.98707573018744,True,0.030018844586395532,0.27317909008537133,-0.2431602454989758,0.925,5.178512904750309,False,False,True
695,11,Ob11.txt,119,0.08280604505645144,0.5378508895666784,0.17653262909730433,0.36131826046937404,0.025,6.495309481330848,True,0.1874422279942209,0.1928023115540885,-0.005360083559867612,0.5,2.263629761165815,False,False,True
695,12,Ob12.txt,91,0.03644479688071642,0.004993995095392723,0.32190885977971534,-0.3169148646843226,0.975,0.13702902808700063,False,0.09113260818582494,0.30073187009694613,-0.2095992619111212,0.85,2.500565677018351,False,False,False
695,13,Ob13.txt,102,0.1724591473254694,0.1400168651829831,0.3274530904980065,-0.18743622531502344,0.85,0.8118842482662842,False,0.0286168325741471,0.47676670754691763,-0.44814987497277053,0.85,0.16593397925214523,False,False,False
695,14,Ob14.txt,47,0.22469903534898955,0.05090783495321033,0.23904298106419647,-0.18813514611098614,0.925,0.22656009570376315,False,0.06485308973644512,0.27279327660735364,-0.20794018687090854,0.975,0.2886220211658632,False,False,False
695,15,Ob15.txt,96,0.040663084355551854,0.24918042938698587,0.145279578458139,0.10390085092884688,0.3,6.127927414659201,True,0.5125818274441514,0.1497082961930736,0.3628735312510778,0.0,12.605581587520845,True,True,True
695,16,Ob16.txt,84,0.006734964474051641,0.23354083941146653,0.23256038429436038,0.0009804551171061493,0.5,34.67588289607893,False,0.3253998612600242,0.25608367213071204,0.06931618912931214,0.45,48.31500782427574,False,False,False
695,17,Ob17.txt,122,0.3686081458931425,0.37821137915828584,0.1840067106891187,0.19420466846916715,0.1,1.0260526886671877,True,0.529011944284538,0.11697949363955899,0.412032450644979,0.075,1.435160753169833,True,True,True
695,18,Ob18.txt,103,0.023577795169633778,0.23515647928946348,0.17435761912833525,0.06079886016112823,0.25,9.973641623298404,True,0.20356662513226073,0.11299985344148822,0.09056677169077251,0.3,8.633827873542538,True,True,True
695,19,Ob19.txt,143,0.2977050232755765,0.20408728875443974,0.15032198739284935,0.053765301361590384,0.4,0.6855352540206294,False,0.008851896074922594,0.14740256496332027,-0.13855066888839768,0.975,0.02973378137032193,False,False,False
696,1,Ob1.txt,28,0.5437402416162344,0.13851298694092906,0.2744907123621872,-0.13597772542125813,0.7,0.25474109940659856,False,0.019581959956872563,0.260488822864569,-0.24090686290769642,1.0,0.03601344623430187,False,False,False
696,2,Ob2.txt,43,0.19971821758742742,0.11222557527535351,0.29352144969253874,-0.18129587441718523,0.85,0.5619195716396094,False,0.2584960667741138,0.24260766146670534,0.015888405307408454,0.475,1.2943038942401743,False,False,False
696,3,Ob3.txt,40,0.31017048267848535,0.062349313934922185,0.23180175760078436,-0.16945244366586218,0.9,0.20101627142758088,False,0.10202415857865926,0.19154676791955577,-0.08952260934089651,0.775,0.3289292962296959,False,False,False
696,4,Ob4.txt,58,0.3837995482549132,0.3610510072240317,0.2607038677998327,0.10034713942419904,0.375,0.9407280672050915,False,0.2668957671264806,0.28244907300591504,-0.015553305879434431,0.55,0.6954040679308277,False,False,False
696,5,Ob5.txt,93,0.23755641765198532,0.12833036641783624,0.17746455678117562,-0.04913419036333938,0.525,0.5402100590935719,False,0.013757057437065845,0.1730812176100635,-0.15932416017299766,1.0,0.05791069579614396,False,False,False
696,6,Ob6.txt,112,0.3225799862937329,0.09257189502029356,0.1973955384721137,-0.10482364345182013,0.85,0.28697346070316965,False,0.0431409983460469,0.17867333185763523,-0.13553233351158833,0.9,0.1337373680299057,False,False,False
696,7,Ob7.txt,33,0.14451438463166394,0.18444223351302672,0.27271421731751677,-0.08827198380449006,0.7,1.2762897893045753,False,0.13668714311823427,0.17481312605023977,-0.0381259829320055,0.575,0.9458376303965891,False,False,False
696,8,Ob8.txt,84,0.10128392162183408,0.0697719394813408,0.19877975999024394,-0.12900782050890314,0.8,0.6888747825331031,False,0.10173143316647568,0.1067012736024923,-0.004969840436016629,0.5,1.0044183868226635,False,False,False
696,9,Ob9.txt,37,0.6808849176678019,0.49382472830538937,0.19217451074661723,0.30165021755877214,0.05,0.7252690072749156,True,0.2887302500531775,0.1515125425692624,0.1372177074839151,0.25,0.4240514697287605,True,True,True
696,10,Ob10.txt,36,0.2920520018112751,0.09075606823710862,0.22751821747371756,-0.13676214923660895,0.9,0.3107531113440389,False,0.17939448497108978,0.23556249600831136,-0.05616801103722158,0.6,0.6142552828212252,False,False,False
696,11,Ob11.txt,119,0.15173898465792493,0.5116615695653124,0.20579523610127332,0.3058663334640391,0.1,3.3719849300348512,True,0.3840703095958638,0.19851113369913184,0.18555917589673196,0.125,2.531124815825666,True,True,True
696,12,Ob12.txt,91,0.07990580477859746,0.3454416231704365,0.21295073482674434,0.13249088834369213,0.175,4.323110494007089,True,0.16543408351252875,0.1573958583736521,0.008038225138876642,0.475,2.0703637735820637,False,False,True
696,13,Ob13.txt,102,0.27615146116664835,0.05285569723578121,0.0,0.05285569723578121,0.0,0.19140111376736307,False,0.10309398715261084,0.0,0.10309398715261084,0.0,0.37332406903469906,True,False,True
696,14,Ob14.txt,47,0.3609544247044331,0.2616719578338248,0.26479657976980947,-0.0031246219359846727,0.525,0.7249445911297373,False,0.20623675009316145,0.2020237717800446,0.004212978313116844,0.475,0.5713650698756166,False,False,False
696,15,Ob15.txt,96,0.43115593711881167,0.1322587716316179,0.36806175718423195,-0.23580298555261406,0.725,0.30675391487227033,False,0.2001002469055182,0.441172573826761,-0.2410723269212428,0.675,0.46410180094627224,False,False,False
696,16,Ob16.txt,84,0.54151259815049,0.005895016499528172,0.21763965399462382,-0.21174463749509564,1.0,0.01088620379223367,False,0.4972480465708429,0.2054813174895579,0.29176672908128504,0.15,0.9182575775137448,True,False,True
696,17,Ob17.txt,122,0.11945163682927099,0.31068995755068307,0.15846861569445747,0.1522213418562256,0.275,2.6009686078621415,True,0.11952866269649565,0.1493039101355233,-0.029775247439027652,0.65,1.0006448288970269,False,False,True
696,18,Ob18.txt,103,0.40426658831759704,0.15528113588289896,0.1777748572878628,-0.022493721404963835,0.55,0.3841057865531744,False,0.6594846092890962,0.12860290923266682,0.5308817000564294,0.0,1.6313111900580728,True,False,True
696,19,Ob19.txt,143,0.060809484124848046,0.6096487139166242,0.12854625012408857,0.48110246379253563,0.0,10.0255531302478,True,0.37949755686919673,0.05541404727654875,0.324083509592648,0.0,6.240762643045116,True,True,True
697,1,Ob1.txt,28,0.13819129046515294,0.2709738307049435,0.15803088814020513,0.11294294256473839,0.25,1.9608604116282837,True,0.0789792720596937,0.2564710408650298,-0.17749176880533613,0.775,0.5715213440286205,False,False,True
697,2,Ob2.txt,43,0.6207474112791684,0.3685531077521816,0.16761561003307587,0.2009374977191057,0.3,0.5937247599514069,True,0.33450347087269494,0.23336466602158729,0.10113880485110766,0.4,0.5388721157666799,False,False,True
697,3,Ob3.txt,40,0.6823986256058361,0.17157249460609592,0.26596371299938254,-0.09439121839328662,0.725,0.2514256157151155,False,0.34970948118883877,0.29998455113273476,0.04972493005610401,0.425,0.5124709635491504,False,False,False
697,4,Ob4.txt,58,0.30067757033408926,0.3676075689603878,0.20123227223713533,0.1663752967232525,0.25,1.2225972444566824,True,0.554046845188431,0.26516983313182324,0.2888770120566077,0.2,1.8426610424343182,True,True,True
697,5,Ob5.txt,93,0.11874115008181363,0.0534301275068243,0.18740322013973448,-0.13397309263291018,0.875,0.44997145025132823,False,0.2958589614984874,0.1485450627734627,0.1473138987250247,0.2,2.4916295765590792,True,False,True
697,6,Ob6.txt,112,0.12056868153813129,0.08108898880952897,0.15836509557503786,-0.07727610676550889,0.825,0.6725543298230694,False,0.02385410311726477,0.14653965028383154,-0.12268554716656677,0.925,0.19784659509377336,False,False,False
697,7,Ob7.txt,33,0.6292361968309095,0.49358423665547485,0.2574023791388944,0.23618185751658044,0.15,0.7844180597705069,True,0.481341990171218,0.3036578172755651,0.17768417289565286,0.225,0.7649623346454842,True,True,True
697,8,Ob8.txt,84,0.1120574877057593,0.44076544474171253,0.180970518831726,0.25979492590998654,0.125,3.9333868156947713,True,0.0837351558504765,0.23151739100303503,-0.14778223515255853,0.8,0.7472517683989881,False,False,True
697,9,Ob9.txt,37,0.5242610240149176,0.2511033719066788,0.20756765768162616,0.043535714225052646,0.4,0.4789663171671022,False,0.0796607261883994,0.16757144865767318,-0.08791072246927378,0.725,0.15194859533584684,False,False,False
697,10,Ob10.txt,36,0.1996084816551441,0.014527731211885664,0.22556687362412717,-0.2110391424122415,1.0,0.07278113180072511,False,0.2700545885797041,0.23033895930513318,0.039715629274570924,0.375,1.3529214106556204,False,False,False
697,11,Ob11.txt,119,0.10692763585055828,0.04629042575129114,0.1780114118129376,-0.13172098606164645,0.9,0.43291358106885003,False,0.039697158967851864,0.20499542201220125,-0.16529826304434939,0.975,0.3712525639614111,False,False,False
697,12,Ob12.txt,91,0.20726338362273172,0.23199176623206202,0.22306291745203444,0.008928848780027587,0.475,1.1193089786391879,False,0.07377451073532479,0.22368115506008446,-0.14990664432475967,0.85,0.35594570273740106,False,False,False
697,13,Ob13.txt,102,0.0824288768777699,0.29320766703949946,0.21999267216987028,0.07321499486962918,0.325,3.557098897201815,True,0.3583149568609134,0.15761103891449008,0.20070391794642334,0.025,4.346959105026296,True,True,True
697,14,Ob14.txt,47,0.196276374143861,0.32385972037073557,0.2108324312484121,0.11302728912232346,0.25,1.6500188664243522,True,0.09098022280162894,0.22180020095052178,-0.13081997814889285,0.85,0.4635311977739352,False,False,True
697,15,Ob15.txt,96,0.40940837700732646,0.35912081272480323,0.19942770487619227,0.15969310784861096,0.15,0.8771701628332258,True,0.03997672756314791,0.12259362582660105,-0.08261689826345314,0.875,0.09764511379900884,False,False,True
697,16,Ob16.txt,84,0.12308987922527903,0.36992450266380883,0.12279240629712561,0.2471320963666832,0.175,3.0053202179748117,True,0.1738852354165833,0.2350514373917726,-0.061166201975189294,0.65,1.4126688279410742,False,False,True
697,17,Ob17.txt,122,0.5191659403553871,0.14864068309295686,0.1254390796019479,0.02320160349100897,0.45,0.28630669221329724,False,0.09178548027534539,0.18327455278894716,-0.09148907251360178,0.675,0.17679410982260324,False,False,False
697,18,Ob18.txt,103,0.005824253428080489,0.12800781773605596,0.022926561229059318,0.10508125650699665,0.175,21.978407931030528,True,0.09805225976078816,0.03636670105204552,0.061685558708742635,0.375,16.835163677467833,False,False,True
697,19,Ob19.txt,143,0.0615274176183874,0.13316776997403817,0.1389346631303024,-0.005766893156264219,0.525,2.164364686975602,False,0.016532944968987086,0.12580605727509991,-0.10927311230611284,0.925,0.26870857918220564,False,False,False
698,1,Ob1.txt,28,0.7640488722004545,0.17075634851231303,0.3034372293974613,-0.1326808808851483,0.725,0.22348877764917857,False,0.07916501991679359,0.29578482250042604,-0.21661980258363245,0.75,0.10361250804388858,False,False,False
698,2,Ob2.txt,43,0.4785794715386409,0.40175002933521997,0.2345851773530409,0.16716485198217906,0.125,0.8394635650450843,True,0.3448885527957525,0.23312808122362177,0.1117604715721307,0.325,0.7206505362357689,True,True,True
698,3,Ob3.txt,40,0.27591551862758545,0.2284198879760161,0.24219871405715304,-0.013778826081136952,0.525,0.8278616915503177,False,0.3487804886080951,0.20555411643060076,0.14322637217749432,0.275,1.2640843485098006,True,False,True
698,4,Ob4.txt,58,0.439750695765904,0.18702038129758025,0.20015835796801157,-0.013137976670431317,0.525,0.4252872891351565,False,0.19042563104111,0.2544376379292766,-0.0640120068881666,0.575,0.4330308806207797,False,False,False
698,5,Ob5.txt,93,0.29899811286542854,0.05612578171828414,0.13547338021899852,-0.07934759850071438,0.75,0.18771282928981203,False,0.036639674989580734,0.19937512665528292,-0.1627354516657022,0.9,0.12254149244771763,False,False,False
698,6,Ob6.txt,112,0.4549204216830887,0.11299927290736783,0.1688026642017696,-0.05580339129440176,0.65,0.24839349372204383,False,0.15481445476997652,0.14463482500590785,0.010179629764068665,0.5,0.3403110684660029,False,False,False
698,7,Ob7.txt,33,0.5780923232922319,0.08084831165564169,0.2601876708054658,-0.1793393591498241,0.85,0.13985363305848986,False,0.1063088584979608,0.3422595681697078,-0.23595070967174703,0.9,0.18389598722316977,False,False,False
698,8,Ob8.txt,84,0.3515525238118695,0.6498240202804861,0.16366022108429257,0.48616379919619357,0.025,1.8484407770266333,True,0.3953495758090223,0.22835715789117061,0.1669924179178517,0.125,1.1245818164587844,True,True,True
698,9,Ob9.txt,37,0.7277275784002011,0.1846173199504172,0.25053477046260414,-0.06591745051218695,0.55,0.25369015196080713,False,0.2583198913847586,0.35837134702024814,-0.10005145563548956,0.6,0.354967846556861,False,False,False
698,10,Ob10.txt,36,0.23969178268238553,0.1858225985292165,0.24793821358819984,-0.06211561505898333,0.55,0.7752564416254902,False,0.023442519266583514,0.18911838198964934,-0.16567586272306584,1.0,0.09780276571953694,False,False,False
698,11,Ob11.txt,119,0.3941166589631777,0.15435603793942504,0.15693782477115237,-0.0025817868317273285,0.525,0.39165063041358655,False,0.16890962020722322,0.19438339750729144,-0.025473777300068223,0.55,0.42857772277777384,False,False,False
698,12,Ob12.txt,91,0.17233117656410743,0.08070728584376512,0.3011328890883275,-0.2204256032445624,0.775,0.46832666876003076,False,0.07293253847552192,0.23054526005646775,-0.15761272158094583,0.725,0.42321151592898754,False,False,False
698,13,Ob13.txt,102,0.48600578148691176,0.18161811376467407,0.0,0.18161811376467407,0.0,0.3736953770570836,True,0.06364876819807452,0.0,0.06364876819807452,0.2,0.1309629856734299,False,False,True
698,14,Ob14.txt,47,0.564695502149398,0.055192187039179,0.22437222354824982,-0.16918003650907082,0.85,0.09773796112967292,False,0.2467993250823213,0.20450804821233887,0.042291276869982436,0.425,0.4370485051553096,False,False,False
698,15,Ob15.txt,96,0.4544066892015527,0.5494688875070193,0.31211266069196963,0.23735622681504964,0.225,1.2092007018481667,True,0.5450026142386389,0.08231822212290815,0.46268439211573076,0.025,1.1993719000842047,True,True,True
698,16,Ob16.txt,84,0.35363105724485144,0.8224329540553129,0.16840730229506062,0.6540256517602523,0.0,2.3256807828557506,True,0.547409484844158,0.20193385164483896,0.345475633199319,0.025,1.5479677862827976,True,True,True
698,17,Ob17.txt,122,0.04748351405487483,0.38127263384216753,0.18692498788649553,0.194347645955672,0.15,8.029579137751805,True,0.12264184337094547,0.15065003983337555,-0.02800819646243008,0.575,2.582829973982404,False,False,True
698,18,Ob18.txt,103,0.37250605407203596,0.513671873799225,0.18599271431634035,0.3276791594828846,0.225,1.378962484459085,True,0.3952876163147309,0.0684172580067548,0.3268703583079761,0.225,1.0611575623903535,True,True,True
698,19,Ob19.txt,143,0.18807746622499769,0.29573577301751613,0.18282673521282072,0.11290903780469541,0.3,1.5724147020554098,True,0.5030672683451067,0.18895683335876595,0.3141104349863408,0.05,2.674787567285098,True,True,True
699,1,Ob1.txt,28,0.16139702196836764,0.3833025766344593,0.1917378613504772,0.1915647152839821,0.275,2.374904889568428,True,0.031192924186764504,0.3128220498273379,-0.2816291256405734,0.95,0.19326827599630703,False,False,True
699,2,Ob2.txt,43,0.2537920843199287,0.5091688175306267,0.1882296564345996,0.3209391610960271,0.1,2.00624388619139,True,0.25481434023316035,0.29147171513708336,-0.03665737490392301,0.575,1.0040279267021701,False,False,True
699,3,Ob3.txt,40,0.18466058123784113,0.2886597666650885,0.22489794041886957,0.06376182624621896,0.3,1.5631910434273864,True,0.26898398378795674,0.20916213168044426,0.05982185210751248,0.425,1.456639971481016,False,False,True
699,4,Ob4.txt,58,0.4485629521806682,0.34702125716350385,0.3134836090346347,0.03353764812886917,0.4,0.7736288863725279,False,0.41180317030149216,0.2581290000420727,0.15367417025941948,0.275,0.9180498931076004,True,False,True
699,5,Ob5.txt,93,0.1645627828058064,0.1186212582672056,0.19752576779053305,-0.07890450952332745,0.675,0.7208267643795592,False,0.10934496334294791,0.15686668814043522,-0.047521724797487314,0.725,0.6644574276067103,False,False,False
699,6,Ob6.txt,112,0.048738937267542304,0.19081545797437804,0.192593869639834,-0.0017784116654559479,0.525,3.915051674740795,False,0.21153020100852016,0.2097545730898669,0.0017756279186532664,0.45,4.340065928138091,False,False,False
699,7,Ob7.txt,33,0.05305964012560738,0.3934777700184919,0.38076849265213497,0.012709277366356908,0.45,7.415764017377751,False,0.10612077041041398,0.2689032648202504,-0.16278249440983641,0.8,2.000028084608107,False,False,False
699,8,Ob8.txt,84,0.1697310591718722,0.060577411709753226,0.2108002922430631,-0.15022288053330987,0.825,0.3569023371757295,False,0.21708512798679075,0.2567392988403629,-0.039654170853572146,0.55,1.278994716971436,False,False,False
699,9,Ob9.txt,37,0.7695031695175265,0.4881603879770481,0.2954982429244041,0.192662145052644,0.3,0.634383856122544,True,0.7047323062058469,0.28459079193841896,0.42014151426742796,0.075,0.9158276848264439,True,True,True
699,10,Ob10.txt,36,1.0214438488546806,0.5017869545910841,0.2959222126956103,0.20586474189547382,0.25,0.49125260791743497,True,0.32962048427464585,0.2635913203574495,0.06602916391719638,0.35,0.32270054261351816,True,True,True
699,11,Ob11.txt,119,0.14234279885669426,0.11233533490682246,0.17908924649515826,-0.0667539115883358,0.65,0.7891887458242108,False,0.11633986854011763,0.16463375202297603,-0.0482938834828584,0.575,0.8173217716285355,False,False,False
699,12,Ob12.txt,91,0.395692822154344,0.49446756499201283,0.19753207622358632,0.2969354887684265,0.075,1.249624803148794,True,0.3853683374177459,0.28026655571504544,0.10510178170270046,0.275,0.9739078291074713,True,True,True
699,13,Ob13.txt,102,0.3669382046142843,0.27788493034916967,0.0,0.27788493034916967,0.325,0.7573071619546266,True,0.29325796430904777,0.0,0.29325796430904777,0.35,0.7992025922111675,True,True,True
699,14,Ob14.txt,47,0.4803730332871319,0.24843354381870458,0.1713558596506153,0.07707768416808927,0.35,0.5171679644852362,True,0.4805141110265051,0.21815608948591525,0.26235802154058985,0.15,1.000293683719937,True,True,True
699,15,Ob15.txt,96,0.2897080377810763,0.41737305513040607,0.23673301897220542,0.18064003615820065,0.225,1.4406678472821746,True,0.4862211345716598,0.29376775108507125,0.19245338348658853,0.175,1.6783142721745352,True,True,True
699,16,Ob16.txt,84,0.22862396887475472,0.16859894946221912,0.21150490683632767,-0.042905957374108544,0.65,0.7374508906132294,False,0.09853532018040884,0.22975108261153465,-0.13121576243112582,0.675,0.4309929560989673,False,False,False
699,17,Ob17.txt,122,0.07366963686201797,0.013867972953882202,0.11928775711404356,-0.10541978416016136,0.95,0.18824543658137868,False,0.028154085014680433,0.1986801864270895,-0.1705261014124091,1.0,0.38216674078918805,False,False,False
699,18,Ob18.txt,103,0.4104354114164664,0.08874544888007843,0.5694994114427174,-0.480753962562639,0.675,0.21622269037119934,False,0.2970160619528226,0.6269900949481753,-0.32997403299535266,0.675,0.7236609066644158,False,False,False
699,19,Ob19.txt,143,0.2631941244777586,0.17661652059532149,0.11157760122013873,0.06503891937518276,0.375,0.6710503927311136,False,0.2688080833867762,0.09705732084359087,0.17175076254318533,0.075,1.021330107274078,True,False,True
700,1,Ob1.txt,28,0.5301920612336402,0.03656711375770118,0.2802669935792913,-0.24369987982159014,0.975,0.06896956109191367,False,0.2489559140216659,0.17388794345777087,0.07506797056389503,0.325,0.46955798138961247,True,False,True
700,2,Ob2.txt,43,0.12567450094110788,0.27424424208342235,0.22206823739322276,0.05217600469019959,0.4,2.1821788829854634,False,0.43792640297383056,0.27550244961511033,0.16242395335872023,0.2,3.4846082514307857,True,False,True
700,3,Ob3.txt,40,0.45707091742107264,0.2977709624305064,0.27574605918210715,0.02202490324839923,0.5,0.6514765019630148,False,0.6067039245158071,0.2756156539748239,0.3310882705409832,0.175,1.3273737212137835,True,False,True
700,4,Ob4.txt,58,0.4416910910946361,0.2211329069801366,0.2216427032562539,-0.0005097962761173025,0.5,0.5006505936809963,False,0.08295662941202006,0.23346456482832528,-0.15050793541630522,0.925,0.18781594441135308,False,False,False
700,5,Ob5.txt,93,0.276087198546384,0.6614072991039845,0.22326052258556728,0.43814677651841727,0.025,2.395646384860777,True,0.5307749154272011,0.16575788443017592,0.3650170309970252,0.15,1.9224901343552454,True,True,True
700,6,Ob6.txt,112,0.21376173873030663,0.04973522869350405,0.1891265274336036,-0.13939129874009953,0.975,0.23266665488837882,False,0.266869067217425,0.1485805116388312,0.11828855557859377,0.35,1.248441694021405,True,False,True
700,7,Ob7.txt,33,0.6849650296261981,0.1286903790102743,0.2840141470000905,-0.15532376798981617,0.65,0.18787875795718176,False,0.11685516851288213,0.2581308297162529,-0.14127566120337076,0.7,0.17060019630002543,False,False,False
700,8,Ob8.txt,84,0.3761861285730521,0.4323722029259216,0.19694123155151572,0.23543097137440588,0.175,1.1493571136341318,True,0.13008008812671512,0.2812880675409938,-0.15120797941427866,0.825,0.3457865089819618,False,False,True
700,9,Ob9.txt,37,0.007078042685465524,0.45332634681830797,0.22477394901232617,0.2285523978059818,0.225,64.04685122190565,True,0.7180471849681074,0.251518886607259,0.46652829836084836,0.05,101.44713967924895,True,True,True
700,10,Ob10.txt,36,0.38650977819613375,0.07861763814664646,0.3918000305816105,-0.31318239243496404,0.825,0.20340400833727956,False,0.1608839086932805,0.27322960643995625,-0.11234569774667574,0.7,0.41624796517215207,False,False,False
700,11,Ob11.txt,119,0.0724578504264547,0.0962094854300635,0.15665477272018705,-0.06044528729012355,0.625,1.3277993324921624,False,0.038925611278462544,0.1684462565010989,-0.12952064522263634,0.85,0.5372173070186833,False,False,False
700,12,Ob12.txt,91,0.06766584474486556,0.08386114143286894,0.16892613270550372,-0.08506499127263478,0.65,1.2393422671226204,False,0.1853847017043847,0.11480453378545476,0.07058016791892995,0.325,2.739708672867068,True,False,True
700,13,Ob13.txt,102,0.24160042535560838,0.14822208223599853,0.2658283824208879,-0.11760630018488938,0.725,0.6135009158938046,False,0.08374983452846912,0.1436535762356016,-0.059903741707132474,0.725,0.3466460557972896,False,False,False
700,14,Ob14.txt,47,0.22638811754436888,0.04024929254097395,0.23318977978553618,-0.19294048724456223,0.875,0.17778889182682328,False,0.19445650893298783,0.2310958436760297,-0.036639334743041874,0.525,0.8589519231055803,False,False,False
700,15,Ob15.txt,96,0.05040601545775641,0.08749000170987044,0.3065229428732785,-0.2190329411634081,0.9,1.7357055683798865,False,0.11772804546440341,0.2770179736723748,-0.1592899282079714,0.8,2.3355951545717266,False,False,False
700,16,Ob16.txt,84,0.1702335148133599,0.29130674757449526,0.30475866468080604,-0.013451917106310773,0.525,1.7112185452663493,False,0.653853474949749,0.2705048172568761,0.3833486576928729,0.1,3.840920958875923,True,False,True
700,17,Ob17.txt,122,0.1558544602743468,0.35169856189421306,0.17090155727008008,0.18079700462413298,0.05,2.256583233326314,True,0.2816741247069575,0.1486219464544455,0.133052178252512,0.25,1.8072894687205836,True,True,True
700,18,Ob18.txt,103,0.05186070678080612,0.04460280218684451,0.0013571338051783233,0.043245668381666186,0.25,0.8600500254530316,True,0.06354981724394547,0.02739962950180963,0.03615018774213584,0.175,1.2253943532344134,True,True,True
700,19,Ob19.txt,143,0.08102031507050159,0.1652553955721707,0.19705622696093067,-0.03180083138875997,0.6,2.039678510610211,False,0.06327339028518253,0.15642903161970448,-0.09315564133452195,0.75,0.7809570998350699,False,False,False
