replicate,ob,dataset,n_events,b3_event_direction_abs_z,k8_local_event_direction_abs_z,k8_local_non_event_direction_abs_median_z,k8_local_event_minus_non_event_direction_z,k8_p_non_event_direction_ge_event,k8_local_to_b3_direction_ratio,k8_pass,k10_local_event_direction_abs_z,k10_local_non_event_direction_abs_median_z,k10_local_event_minus_non_event_direction_z,k10_p_non_event_direction_ge_event,k10_local_to_b3_direction_ratio,k10_pass,both_pass,any_pass
201,1,Ob1.txt,28,0.040284432397436926,0.3131318582125139,0.2215121163528851,0.09161974185962879,0.3,7.7730239593108115,True,0.36795762524089076,0.24804176106503184,0.11991586417585892,0.2,9.133990560192226,True,True,True
201,2,Ob2.txt,43,0.28953537875733626,0.40993696465125423,0.21454699402960992,0.19538997062164432,0.175,1.4158441238189003,True,0.31512813513273147,0.16089197541559297,0.1542361597171385,0.2,1.0883925014111828,True,True,True
201,3,Ob3.txt,40,0.3279552422878754,0.6028284009152771,0.2693850128058297,0.3334433881094474,0.125,1.8381422925574737,True,0.3233931910629159,0.24497352544570458,0.07841966561721134,0.325,0.9860894090512662,True,True,True
201,4,Ob4.txt,58,0.3935085321297904,0.37570306956962884,0.2263590778673035,0.14934399170232535,0.2,0.9547520292284569,True,0.3653512021715564,0.255982603488064,0.10936859868349241,0.35,0.9284454397828739,True,True,True
201,5,Ob5.txt,93,0.2552300573213173,0.26490763868506517,0.2135657757304964,0.05134186295456877,0.325,1.0379170912129854,True,0.09227368994548507,0.16618692189548717,-0.0739132319500021,0.775,0.36153143918045183,False,False,True
201,6,Ob6.txt,112,0.07013985784903981,0.2067544270294434,0.17952865899431814,0.027225768035125275,0.475,2.9477451675826827,False,0.13984944570564256,0.1707162209607866,-0.03086677525514403,0.55,1.993865542280352,False,False,False
201,7,Ob7.txt,33,0.5554827260217955,0.16251540854873386,0.31457574968541846,-0.1520603411366846,0.775,0.29256608880103546,False,0.016135198949279686,0.4224337706723487,-0.40629857172306905,0.975,0.02904716599350488,False,False,False
201,8,Ob8.txt,84,0.12756537060776685,0.013852339270575692,0.177193448014539,-0.16334110874396332,0.975,0.1085901228881962,False,0.09237924673795966,0.38928562176155557,-0.2969063750235959,0.975,0.7241718210657958,False,False,False
201,9,Ob9.txt,37,0.14176682255642525,0.12907397302823823,0.262077277102691,-0.1330033040744528,0.675,0.9104667135843079,False,0.20946536114478145,0.18717484389456854,0.022290517250212916,0.475,1.4775344284902145,False,False,False
201,10,Ob10.txt,36,0.1294528379869476,0.22823079389469,0.20290594619398447,0.025324847700705533,0.45,1.7630420270716811,False,0.2145648323722697,0.19886468898650517,0.01570014338576453,0.475,1.6574749206649586,False,False,False
201,11,Ob11.txt,119,0.1635637737509697,0.12216034087737865,0.21313791154775424,-0.0909775706703756,0.75,0.7468667301805539,False,0.04798623905860133,0.17808108012132118,-0.13009484106271985,0.75,0.29337938321025586,False,False,False
201,12,Ob12.txt,91,0.6588262403921358,0.3571148698213392,0.1766350202468235,0.1804798495745157,0.325,0.5420471255194437,True,0.6602724374325665,0.3193567535882628,0.34091568384430365,0.15,1.0021951114751744,True,True,True
201,13,Ob13.txt,102,0.12764286979979933,0.4367848132058864,0.33542586090285625,0.10135895230303016,0.5,3.4219288072334857,False,0.16421715884107618,0.422178135759319,-0.2579609769182428,0.5,1.2865360916645134,False,False,False
201,14,Ob14.txt,47,0.33244273909034955,0.012311632448712126,0.2043132183947965,-0.19200158594608435,1.0,0.03703384373020141,False,0.6323518997332229,0.1990796077863871,0.4332722919468358,0.025,1.9021377981167626,True,False,True
201,15,Ob15.txt,96,0.2940184909904438,0.25911009036971167,0.2883071699146811,-0.029197079544969418,0.575,0.8812714108451541,False,0.24154013954433473,0.3153479916930448,-0.07380785214871005,0.65,0.8215134317935986,False,False,False
201,16,Ob16.txt,84,0.05186013412355517,0.3048188655914572,0.1718363966788672,0.13298246891259002,0.275,5.8777107067489585,True,0.5076513586295506,0.23139620750629494,0.2762551511232556,0.175,9.788855490039554,True,True,True
201,17,Ob17.txt,122,0.2197763360874262,0.1245926888350404,0.21235817668174095,-0.08776548784670055,0.725,0.5669067518965186,False,0.02046228843566239,0.2281000572275729,-0.2076377687919105,0.975,0.09310505762332197,False,False,False
201,18,Ob18.txt,103,0.5151384435666614,0.275566747915293,0.036666736842423275,0.23890001107286973,0.0,0.5349372607630541,True,0.08671111989974667,0.05468905032740429,0.03202206957234238,0.4,0.16832585683061302,False,False,True
201,19,Ob19.txt,143,0.08600189838214906,0.5136227200666458,0.09586402143690334,0.41775869862974246,0.0,5.972225377913933,True,0.43736006586997145,0.09838498046632649,0.33897508540364496,0.05,5.085469903542872,True,True,True
202,1,Ob1.txt,28,0.26064553330254653,0.12597126091944266,0.2183687907422014,-0.09239752982275873,0.675,0.4833048904514333,False,0.6856881514260984,0.2564820161298069,0.4292061352962915,0.05,2.6307304895579393,True,False,True
202,2,Ob2.txt,43,0.020917116896023352,0.9253278734666742,0.20176378014310495,0.7235640933235693,0.025,44.23783057992053,True,0.2550729796065676,0.20079182467212808,0.054281154934439524,0.4,12.194461639933785,False,False,True
202,3,Ob3.txt,40,0.24196713228952688,0.12813393663349118,0.22522297477703215,-0.09708903814354097,0.7,0.5295509990182135,False,0.07894012462173661,0.3020527132130155,-0.22311258859127892,0.9,0.32624317143735226,False,False,False
202,4,Ob4.txt,58,0.39090004238697557,0.061423436561435826,0.21359626158200004,-0.15217282502056423,0.8,0.15713335866213352,False,0.29168782534924886,0.1900413663729586,0.10164645897629027,0.2,0.7461954303409604,True,False,True
202,5,Ob5.txt,93,0.11929782893361746,0.35583219776846137,0.2181443984245739,0.13768779934388747,0.275,2.9827214874669847,True,0.3233535036387543,0.17482792050287554,0.14852558313587877,0.25,2.7104726593028143,True,True,True
202,6,Ob6.txt,112,0.10540131601704841,0.17931129127758944,0.17440675217946638,0.004904539098123051,0.475,1.701224406425687,False,0.03498348246425281,0.15988195238055003,-0.12489846991629722,0.875,0.3319074541592471,False,False,False
202,7,Ob7.txt,33,0.6310866363865418,0.24591028557239586,0.30563685699764165,-0.05972657142524579,0.6,0.3896616904779066,False,0.7399442367122575,0.33643847108333425,0.40350576562892326,0.125,1.1724923236356413,True,False,True
202,8,Ob8.txt,84,0.692246136566672,0.17388998650969614,0.2917899680693489,-0.11789998155965278,0.625,0.2511967598290068,False,0.3797431939526681,0.2695159360617947,0.1102272578908734,0.375,0.5485667219987352,False,False,False
202,9,Ob9.txt,37,1.1061388913344259,0.8820568936336445,0.24748692108372786,0.6345699725499166,0.05,0.7974196554734162,True,0.8375793975258845,0.2921619016556591,0.5454174958702254,0.0,0.757209970725687,True,True,True
202,10,Ob10.txt,36,0.1980869247430624,0.10055588583871611,0.2734577134985132,-0.1729018276597971,0.85,0.507635150422708,False,0.0031865598822767155,0.2911159376502597,-0.287929377767983,1.0,0.016086674506204723,False,False,False
202,11,Ob11.txt,119,0.03586382732042065,0.0349024069310437,0.16234611010308556,-0.12744370317204184,0.85,0.9731924766203208,False,0.23181500138185532,0.15366820785198734,0.07814679352986798,0.325,6.463755229210053,True,False,True
202,12,Ob12.txt,91,0.05521714570106431,0.12388831618709731,0.24217924763154597,-0.11829093144444866,0.85,2.2436566507404483,False,0.10434413607557308,0.2704859306232684,-0.16614179454769534,0.725,1.8897053578334788,False,False,False
202,13,Ob13.txt,102,0.11447073755282519,0.192049595663525,0.11039729885752836,0.08165229680599664,0.375,1.6777178147812601,False,0.08616682578801473,0.2768379920050562,-0.1906711662170415,0.725,0.7527410727850953,False,False,False
202,14,Ob14.txt,47,0.2518787278711836,0.17536768437325528,0.18506186255487578,-0.009694178181620494,0.5,0.6962385662950554,False,0.12677036287957288,0.12843127305301988,-0.0016609101734469944,0.5,0.5032992025607104,False,False,False
202,15,Ob15.txt,96,0.06893789189597682,0.09542482839047847,0.18096028609951462,-0.08553545770903614,0.675,1.3842144830083993,False,0.30764501879379313,0.3956186064679357,-0.08797358767414254,0.625,4.462640361240102,False,False,False
202,16,Ob16.txt,84,0.023982514914564407,0.13886418495297906,0.25038192345278815,-0.11151773849980909,0.725,5.790226147994506,False,0.23469268140811722,0.23000258817487404,0.004690093233243181,0.475,9.78599126255896,False,False,False
202,17,Ob17.txt,122,0.03746947510825005,0.066525930817312,0.2041521563147512,-0.1376262254974392,0.8,1.7754700492899163,False,0.11529408657675755,0.22282772686842733,-0.10753364029166979,0.725,3.0770136556135537,False,False,False
202,18,Ob18.txt,103,0.0571037485503208,0.11415512645279939,0.0,0.11415512645279939,0.0,1.999082885989594,True,0.26989806747049777,0.0,0.26989806747049777,0.0,4.726450965520398,True,True,True
202,19,Ob19.txt,143,0.0382207934453902,0.02506055684574051,0.13274018415146135,-0.10767962730572084,0.825,0.6556786133063143,False,0.06120305106805077,0.08996223223158978,-0.02875918116353901,0.75,1.6013024731026992,False,False,False
203,1,Ob1.txt,28,0.22073648978283764,0.3859750564997171,0.2275402296138499,0.15843482688586719,0.25,1.7485783926320586,True,0.2682836667942411,0.32310205991524277,-0.054818393121001674,0.575,1.215402433273179,False,False,True
203,2,Ob2.txt,43,0.2654427177339009,0.15035268243615146,0.1770090292770698,-0.026656346840918332,0.55,0.5664223291553093,False,0.27566254349394825,0.23149935255016027,0.04416319094378798,0.475,1.0385010590883585,False,False,False
203,3,Ob3.txt,40,0.28126480320855485,0.44501942351431295,0.23809811508113846,0.2069213084331745,0.225,1.5822080062550017,True,0.0835206274779387,0.23718622715085452,-0.15366559967291582,0.825,0.29694660165498576,False,False,True
203,4,Ob4.txt,58,0.25866265593574367,0.016701608705443897,0.19049248197759686,-0.17379087327215295,0.975,0.0645690760617291,False,0.04215303488303185,0.2978304774794365,-0.2556774425964046,0.875,0.1629652905655751,False,False,False
203,5,Ob5.txt,93,0.05389990066938306,0.011974307603827297,0.2143347247235861,-0.20236041711975883,0.975,0.22215824992473693,False,0.2910124830052957,0.20933974196497757,0.08167274104031813,0.325,5.399128372987902,True,False,True
203,6,Ob6.txt,112,0.3422186452929395,0.1548595372644911,0.16342372957056012,-0.00856419230606903,0.5,0.45251636459472033,False,0.16952075083117427,0.15392413504575905,0.015596615785415213,0.45,0.495358020852617,False,False,False
203,7,Ob7.txt,33,0.05155299850130257,0.6201629729481015,0.21161059103600038,0.40855238191210114,0.025,12.02961982768921,True,0.4546140458974475,0.19506098567300156,0.25955306022444596,0.15,8.818382230200653,True,True,True
203,8,Ob8.txt,84,0.08621430959741644,0.1824002316441104,0.13251509121980667,0.049885140424303726,0.375,2.115660758589156,False,0.21564292697596843,0.29977391477232807,-0.08413098779635964,0.55,2.501242867720309,False,False,False
203,9,Ob9.txt,37,0.19242689158696746,0.38971296049038817,0.24975953292094077,0.1399534275694474,0.175,2.0252520698971908,True,0.5433018010950839,0.24565492600721067,0.2976468750878732,0.05,2.823419308052057,True,True,True
203,10,Ob10.txt,36,1.1874108787186195,0.8121185632435629,0.19991071704853813,0.6122078461950248,0.0,0.6839406458192054,True,0.7547408906392563,0.1711980744943535,0.5835428161449028,0.0,0.6356189792144452,True,True,True
203,11,Ob11.txt,119,0.15444332947390285,0.21097276828516978,0.14131830753540944,0.06965446074976034,0.275,1.366020591525897,True,0.09162365872417055,0.19582006023696186,-0.1041964015127913,0.675,0.5932509939812759,False,False,True
203,12,Ob12.txt,91,0.6551797238017287,0.18416723233493715,0.18913996491232257,-0.004972732577385425,0.525,0.2810942183410274,False,0.21308504798934863,0.307376768746159,-0.09429172075681036,0.575,0.32523144451557034,False,False,False
203,13,Ob13.txt,102,0.04229241907310097,0.3691801598023986,0.0,0.3691801598023986,0.05,8.729227788183117,True,0.35563181503278257,0.0,0.35563181503278257,0.05,8.408878537264219,True,True,True
203,14,Ob14.txt,47,0.2553192484415387,0.1024561697591995,0.29076621765169175,-0.18831004789249225,0.9,0.40128650849706393,False,0.1984528240366672,0.3486950671236622,-0.15024224308699502,0.7,0.7772732578840706,False,False,False
203,15,Ob15.txt,96,0.029559350890997413,0.4294482151168609,0.2560760803910388,0.17337213472582208,0.325,14.52833713096364,True,0.27224511450641736,0.16351938755049067,0.1087257269559267,0.275,9.21011816228117,True,True,True
203,16,Ob16.txt,84,0.16913050261073717,0.03465873057011698,0.23039219735256328,-0.1957334667824463,0.95,0.20492300345068973,False,0.14183204229634255,0.19822729492578908,-0.05639525262944653,0.625,0.8385952865212997,False,False,False
203,17,Ob17.txt,122,0.28163619749298907,0.25473662460146895,0.17810353400377535,0.0766330905976936,0.375,0.9044882258354247,False,0.19154847634085287,0.20182432825701577,-0.010275851916162898,0.55,0.6801273346463967,False,False,False
203,18,Ob18.txt,103,0.07875743424972437,0.03383258948395637,0.1277442713113658,-0.09391168182740942,0.575,0.4295796302439192,False,0.057609520787494595,0.24011359102661833,-0.18250407023912374,0.6,0.7314804162464982,False,False,False
203,19,Ob19.txt,143,0.15263510033204924,0.14074323533970978,0.10149782094342469,0.039245414396285094,0.325,0.9220895785669917,True,0.40821547810888603,0.14813150652162935,0.2600839715872567,0.025,2.674453498709247,True,True,True
204,1,Ob1.txt,28,0.11383223518985086,0.10044925678990214,0.2337037931374728,-0.13325453634757067,0.75,0.8824324377218069,False,0.23908259325306033,0.2219422948437634,0.017140298409296928,0.45,2.1003065858657286,False,False,False
204,2,Ob2.txt,43,0.42845515935813266,0.18473305293284747,0.23209786478579417,-0.04736481185294669,0.6,0.4311607618626777,False,0.45997995702283995,0.22414232449973914,0.2358376325231008,0.1,1.0735778225005728,True,False,True
204,3,Ob3.txt,40,1.152121880932802,0.5844184240961199,0.2678101600515255,0.31660826404459436,0.175,0.5072539926270234,True,0.5096337686083288,0.39835817800044276,0.111275590607886,0.35,0.44234362443989844,True,True,True
204,4,Ob4.txt,58,0.02757646267576562,0.17186421363131132,0.2483555234443511,-0.07649130981303978,0.675,6.232279159659834,False,0.13892746665283673,0.20777438426383457,-0.06884691761099784,0.725,5.037900193592527,False,False,False
204,5,Ob5.txt,93,0.22897212734296846,0.47506457242605693,0.16772552643841165,0.3073390459876453,0.075,2.0747703134822,True,0.19205507633047136,0.1469614407287665,0.04509363560170487,0.325,0.8387705462630372,True,True,True
204,6,Ob6.txt,112,0.0965928147652349,0.14847367794285316,0.19017439543374481,-0.04170071749089166,0.6,1.537108927860863,False,0.24869276806203686,0.21779062977601826,0.030902138286018593,0.425,2.5746508026137866,False,False,False
204,7,Ob7.txt,33,0.6247140234806406,0.15415335016923493,0.3200262820369044,-0.1658729318676695,0.775,0.2467582675835546,False,0.1830338449663945,0.24252180464882137,-0.05948795968242687,0.65,0.29298821234491873,False,False,False
204,8,Ob8.txt,84,0.056519692446682084,0.14940902343993306,0.20488323521602503,-0.055474211776091964,0.6,2.643486136816442,False,0.17094294269813726,0.18778408712154654,-0.016841144423409282,0.55,3.024484658323229,False,False,False
204,9,Ob9.txt,37,0.22270013972545846,0.1621525320189306,0.24907450437673406,-0.08692197235780347,0.625,0.728120477242762,False,0.3818293354268149,0.16093850074287241,0.2208908346839425,0.175,1.7145446603559775,True,False,True
204,10,Ob10.txt,36,0.5394763098643274,0.1655678733765385,0.2822114735850134,-0.11664360020847492,0.725,0.3069048081428767,False,0.04908089719576514,0.2036376036887198,-0.15455670649295467,0.825,0.09097878127050374,False,False,False
204,11,Ob11.txt,119,0.36753459024144564,0.27468178719040137,0.15836164943308298,0.11632013775731839,0.275,0.7473630903963456,True,0.4718770177001538,0.1417183178044026,0.3301586998957512,0.075,1.2838982512915647,True,True,True
204,12,Ob12.txt,91,0.2769771723307384,0.2829869126332951,0.1895974051886526,0.09338950744464253,0.4,1.0216976014737436,False,0.09576893094621144,0.24641045973561831,-0.15064152878940687,0.8,0.34576470739564696,False,False,False
204,13,Ob13.txt,102,0.381192654753113,0.051522687684226576,0.02488651126348107,0.026636176420745505,0.4,0.13516180608883,False,0.19473407013538513,0.030355751475911297,0.16437831865947383,0.0,0.5108547284614089,True,False,True
204,14,Ob14.txt,47,0.22389421558901068,0.5671771387596315,0.19355750647792078,0.3736196322817107,0.1,2.5332371239137546,True,0.12892588656697815,0.15236750902819693,-0.02344162246121878,0.55,0.5758339322336034,False,False,True
204,15,Ob15.txt,96,0.20834042803778136,0.12211252169296924,0.1957489378178458,-0.07363641612487656,0.575,0.5861201440501256,False,0.08319945877146678,0.15329399209392458,-0.0700945333224578,0.675,0.3993438026170275,False,False,False
204,16,Ob16.txt,84,0.13757575765656965,0.10385873994103273,0.17115475064387964,-0.06729601070284691,0.625,0.7549203559561365,False,0.004695894225027447,0.14164510017341436,-0.13694920594838692,1.0,0.03413315183587654,False,False,False
204,17,Ob17.txt,122,0.05740520886631088,0.21583293219339347,0.12787871126869277,0.0879542209247007,0.4,3.7598144219985286,False,0.3039324153457927,0.1678304167504528,0.1361019985953399,0.225,5.294509354605973,True,False,True
204,18,Ob18.txt,103,0.09924005266416848,0.36846043392421385,0.20602453341956312,0.16243590050465073,0.225,3.712819814506707,True,0.20200959004733787,0.1820594782258445,0.019950111821493366,0.45,2.0355651233977556,False,False,True
204,19,Ob19.txt,143,0.3847870792140856,0.32269444644034884,0.1409408042347698,0.18175364220557905,0.05,0.8386311907859306,True,0.4363235401162552,0.13190719109849341,0.30441634901776177,0.1,1.133935008959841,True,True,True
205,1,Ob1.txt,28,0.13543431498494501,0.12323531697861355,0.20465726756566371,-0.08142195058705017,0.65,0.9099268305252807,False,0.10211547484743944,0.3198474901706528,-0.21773201532321335,0.875,0.7539852426527994,False,False,False
205,2,Ob2.txt,43,0.11785426112167977,0.4660635418496911,0.269275774760521,0.19678776708917012,0.125,3.9545752305765114,True,0.07315547331982272,0.2247248372117951,-0.15156936389197237,0.775,0.6207282844384613,False,False,True
205,3,Ob3.txt,40,0.31687667670953806,0.031937162528136664,0.24198264795169994,-0.21004548542356327,0.925,0.10078735632983034,False,0.016255565255156063,0.21766673323396063,-0.20141116797880457,0.975,0.051299342772571956,False,False,False
205,4,Ob4.txt,58,0.017919375574961732,0.025619459981459876,0.24569697292500797,-0.2200775129435481,0.95,1.429707183394117,False,0.21408781979032906,0.22230010721986737,-0.008212287429538306,0.525,11.947281248430793,False,False,False
205,5,Ob5.txt,93,0.04428538364850848,0.03248914089608379,0.16304719234580917,-0.13055805144972538,0.925,0.7336312394615105,False,0.194587063459997,0.1568082498621976,0.03777881359779939,0.425,4.393934238086941,False,False,False
205,6,Ob6.txt,112,0.024139461431812476,0.0955447818124838,0.20036226607629787,-0.10481748426381407,0.775,3.958032870052725,False,0.028663007926550466,0.13478624855491717,-0.1061232406283667,0.85,1.1873921879954032,False,False,False
205,7,Ob7.txt,33,0.2964038217208627,0.21308525391730707,0.19487893690561667,0.0182063170116904,0.45,0.718901843708275,False,0.06246735832508912,0.23583236313971367,-0.17336500481462455,0.75,0.21075085321915163,False,False,False
205,8,Ob8.txt,84,0.10285606894462251,0.6777844032083706,0.20374220954095465,0.47404219366741596,0.025,6.589639387961524,True,0.6301166887286309,0.2016325139223245,0.4284841748063064,0.1,6.126198436262272,True,True,True
205,9,Ob9.txt,37,0.37160586105699955,0.32515012460037407,0.35441132897950833,-0.029261204379134265,0.55,0.8749865345920909,False,0.4440269865722928,0.27649068519982956,0.16753630137246323,0.25,1.1948869302257445,True,False,True
205,10,Ob10.txt,36,0.42569415671284805,0.10562980241058684,0.2059357129425008,-0.10030591053191396,0.8,0.24813542949766024,False,0.4021370469098563,0.25305268703415795,0.14908435987569835,0.25,0.9446618906284819,True,False,True
205,11,Ob11.txt,119,0.2786050185714373,0.1434235328549892,0.20798953537195786,-0.06456600251696865,0.75,0.5147916343732835,False,0.029121227444121656,0.2046539227559011,-0.17553269531177945,0.95,0.10452513595570663,False,False,False
205,12,Ob12.txt,91,0.33632984491583395,0.31566920016177635,0.061921174582222016,0.25374802557955434,0.075,0.9385702902481702,True,0.2027972355799761,0.13415262137842687,0.06864461420154921,0.325,0.6029712755070125,True,True,True
205,13,Ob13.txt,102,0.30672163740896075,0.7152338343879963,1.2332750876025533,-0.5180412532145571,0.55,2.3318662498999196,False,0.6946784705648181,1.0162234983302838,-0.3215450277654657,0.55,2.264849902449443,False,False,False
205,14,Ob14.txt,47,0.007395403317623395,0.06019951298815515,0.2827530310768623,-0.22255351808870713,0.85,8.140125751451379,False,0.1416286322613431,0.32438626063546616,-0.18275762837412307,0.8,19.15090038752034,False,False,False
205,15,Ob15.txt,96,0.11803210928818757,0.17426889603880016,0.16210652153297214,0.012162374505828022,0.475,1.4764532896154952,False,0.11121372718419753,0.23911906493405793,-0.1279053377498604,0.7,0.9422328199918697,False,False,False
205,16,Ob16.txt,84,0.01398320089149474,0.2161852909196981,0.20362135271848558,0.012563938201212516,0.5,15.460357939303615,False,0.385953829840929,0.2204941569107348,0.16545967293019423,0.175,27.601250445860707,True,False,True
205,17,Ob17.txt,122,0.07070087631365993,0.2204628226938128,0.20383700807653837,0.016625814617274415,0.45,3.118247385163142,False,0.3890910636633207,0.22609381391184652,0.16299724975147417,0.125,5.503341457001792,True,False,True
205,18,Ob18.txt,103,0.403106979357416,0.05377249252651668,0.0,0.05377249252651668,0.15,0.13339509182459264,False,0.23316582384163098,0.0,0.23316582384163098,0.125,0.578421698908105,True,False,True
205,19,Ob19.txt,143,0.0961566869201683,0.2403865348271524,0.11864842808857745,0.12173810673857494,0.225,2.499946103870315,True,0.223486911061085,0.09758479388133451,0.1259021171797505,0.25,2.3241952090823332,True,True,True
206,1,Ob1.txt,28,0.2918114673677052,0.04500552087914611,0.2193008695336061,-0.17429534865446,0.9,0.15422807501404887,False,0.24752849391207687,0.2692021591989122,-0.021673665286835342,0.55,0.8482480011663547,False,False,False
206,2,Ob2.txt,43,0.6384231328574999,0.09980283952885713,0.2679463888244028,-0.16814354929554567,0.825,0.15632710406678477,False,0.2959501961436711,0.28243545457695485,0.013514741566716226,0.475,0.46356433674174063,False,False,False
206,3,Ob3.txt,40,0.26343572098963075,0.5108578042406906,0.25385061525324165,0.25700718898744895,0.275,1.939212352529818,True,0.20061654003291102,0.2225511134546899,-0.021934573421778875,0.525,0.761538865265761,False,False,True
206,4,Ob4.txt,58,0.03400512799065403,0.5243028938869535,0.2960558746255606,0.2282470192613929,0.15,15.418347904205888,True,0.1480331995687323,0.29870057606941475,-0.15066737650068246,0.825,4.353261061373383,False,False,True
206,5,Ob5.txt,93,0.3692979315407282,0.35372568482349465,0.1993571486443679,0.15436853617912674,0.225,0.9578328352605024,True,0.2912992668714693,0.17730966706794415,0.11398959980352513,0.25,0.788792034810905,True,True,True
206,6,Ob6.txt,112,0.4182526708429294,0.16941151785543979,0.21825250196979445,-0.04884098411435467,0.625,0.4050458721853819,False,0.29458447718492525,0.2134964905102994,0.08108798667462586,0.275,0.7043218076557209,True,False,True
206,7,Ob7.txt,33,0.9448487445041329,0.3176705059800333,0.23631623704049642,0.0813542689395369,0.425,0.33621307942442186,False,0.5827514963795999,0.32849075976605674,0.25426073661354315,0.25,0.6167669690723189,True,False,True
206,8,Ob8.txt,84,0.27424104453557374,0.4231484018494208,0.17768740468265617,0.24546099716676464,0.1,1.542979835735461,True,0.8312256736702286,0.15041326735056054,0.6808124063196681,0.0,3.031003893227968,True,True,True
206,9,Ob9.txt,37,0.4689949399152823,0.26377184877218907,0.2101649284206637,0.05360692035152537,0.4,0.5624193916033208,False,0.08105341273670108,0.2269505436209855,-0.1458971308842844,0.875,0.17282364016836152,False,False,False
206,10,Ob10.txt,36,0.8419673814936424,0.06425594693532302,0.2549296606197572,-0.19067371368443417,0.95,0.07631643261682367,False,0.4141088762194467,0.2009962624600198,0.2131126137594269,0.15,0.4918348208274071,True,False,True
206,11,Ob11.txt,119,0.3072642991485878,0.18141454549955682,0.20730380929147443,-0.02588926379191761,0.575,0.5904185614867928,False,0.17840100373310935,0.1712999325337588,0.00710107119935055,0.5,0.5806109080275468,False,False,False
206,12,Ob12.txt,91,0.1724385603068614,0.15282153249119235,0.15403017217615936,-0.0012086396849670111,0.5,0.8862375806156132,False,0.17544996795948245,0.1716211606435827,0.0038288073158997404,0.5,1.0174636557349015,False,False,False
206,13,Ob13.txt,102,0.13304522152212153,0.0813268334785917,0.002032722759002681,0.07929411071958901,0.0,0.6112721114532431,True,0.09496562489331525,0.05673837697660811,0.03822724791670715,0.5,0.7137845599176611,False,False,True
206,14,Ob14.txt,47,0.6384659541389388,0.5112964006270766,0.20017407349232222,0.3111223271347544,0.175,0.8008201491599215,True,0.5738377338452267,0.1806398185738612,0.39319791527136555,0.075,0.8987757767274023,True,True,True
206,15,Ob15.txt,96,0.29956783767547446,0.3735459665798615,0.23599049380712284,0.13755547277273866,0.2,1.2469495039201386,True,0.4072895677906708,0.27066743583673136,0.13662213195393946,0.275,1.3595904385166095,True,True,True
206,16,Ob16.txt,84,0.06364894119873132,0.12110785449423567,0.279584001064252,-0.15847614657001635,0.725,1.9027473546826201,False,0.0036668446742382232,0.20034997371378507,-0.19668312903954685,1.0,0.057610458323088524,False,False,False
206,17,Ob17.txt,122,0.3669346644899064,0.2118955393369254,0.13706552226679072,0.07483001707013467,0.325,0.577474847276944,True,0.41910207293843976,0.19909589645632408,0.22000617648211568,0.1,1.1421708372008237,True,True,True
206,18,Ob18.txt,103,0.08022198225623924,0.2875633067670314,0.2847497057213587,0.0028136010456726868,0.45,3.584594878851504,False,0.4691468485216166,0.31349504747408763,0.15565180104752896,0.45,5.848108402795406,False,False,False
206,19,Ob19.txt,143,0.1741614813583311,0.24544729642829916,0.16559593913866621,0.07985135728963294,0.4,1.4093087318389306,False,0.24979248155975708,0.11051093501915293,0.13928154654060415,0.25,1.4342579060051623,True,False,True
207,1,Ob1.txt,28,0.6409926692953104,0.38586012807484377,0.3007293390482232,0.08513078902662058,0.3,0.6019727628071748,True,0.33896277601874303,0.2682105709672388,0.0707522050515042,0.375,0.5288091303624257,False,False,True
207,2,Ob2.txt,43,0.49049432332973664,0.08903858814136216,0.3389506931390592,-0.249912104997697,0.875,0.18152827444958142,False,0.16692648261936718,0.1858715676867973,-0.018945085067430117,0.5,0.3403229653835366,False,False,False
207,3,Ob3.txt,40,0.7627103661303032,0.0715214057640047,0.275978395518144,-0.2044569897541393,0.85,0.0937726939872033,False,0.046652036580461215,0.23090680327669733,-0.1842547666962361,0.85,0.06116612367176228,False,False,False
207,4,Ob4.txt,58,0.20620399748835674,0.18239459611062186,0.28823783747690773,-0.10584324136628587,0.775,0.8845347245070782,False,0.16606127676451982,0.23255478274586888,-0.06649350598134907,0.55,0.8053252060445454,False,False,False
207,5,Ob5.txt,93,0.10062735599152614,0.45053803304462003,0.1931787850903881,0.25735924795423193,0.125,4.477291772254852,True,0.3393585386243447,0.22085217151019948,0.1185063671141452,0.225,3.3724282555225056,True,True,True
207,6,Ob6.txt,112,0.13338158266865602,0.04738510053767872,0.150775597791256,-0.10339049725357727,0.9,0.3552596962010256,False,0.030340636127911547,0.13682487428523224,-0.1064842381573207,0.875,0.22747245549847145,False,False,False
207,7,Ob7.txt,33,0.44171689470270137,0.6472510114575785,0.21727624868429873,0.42997476277327973,0.05,1.4653073478052325,True,0.2852648250661183,0.24759642229278112,0.03766840277333716,0.4,0.6458091788816828,False,False,True
207,8,Ob8.txt,84,0.36936391869368235,0.39588410556894316,0.1593941225236094,0.23648998304533375,0.05,1.071799614236967,True,0.5222941574125499,0.19755391462130162,0.3247402427912483,0.025,1.414036756106907,True,True,True
207,9,Ob9.txt,37,0.11483589622294468,0.306439437542673,0.22599604108578575,0.08044339645688725,0.4,2.66849868048006,False,0.3151782237248867,0.2242281970186981,0.0909500267061886,0.325,2.744596716631126,True,False,True
207,10,Ob10.txt,36,0.20143280348786163,0.08061639555767186,0.1930126384355082,-0.11239624287783634,0.825,0.4002148317542024,False,0.11499053599169659,0.1636565610187971,-0.04866602502710052,0.65,0.5708630074178853,False,False,False
207,11,Ob11.txt,119,0.09699699306698903,0.05047335899694013,0.1333046273168222,-0.08283126831988205,0.825,0.5203600379867623,False,0.2285061151372501,0.147749347174796,0.08075676796245412,0.225,2.355806174109304,True,False,True
207,12,Ob12.txt,91,0.06650657453894951,0.09417956049651643,0.3149390279395224,-0.22075946744300595,0.925,1.4160939899462162,False,0.03809397314592783,0.19285237591887533,-0.1547584027729475,0.925,0.5727850729046063,False,False,False
207,13,Ob13.txt,102,0.010503013180880476,0.25823701278067546,0.2193414055820177,0.038895607198657756,0.325,24.5869455111002,True,0.0785897334401113,0.12479456890086274,-0.04620483546075144,0.725,7.482589242406632,False,False,True
207,14,Ob14.txt,47,0.2964713885802659,0.2451341489217882,0.25640132004533617,-0.01126717112354797,0.5,0.8268391432160788,False,0.023902314552973508,0.25846797545330724,-0.23456566090033373,0.925,0.08062266874195267,False,False,False
207,15,Ob15.txt,96,0.2033349884949942,0.26426885036312736,0.12946335556388805,0.1348054947992393,0.2,1.2996722911248166,True,0.23547518238516219,0.1125528869213817,0.12292229546378049,0.125,1.1580652406556151,True,True,True
207,16,Ob16.txt,84,0.0067185664263551825,0.42907143744401993,0.25184700058482706,0.17722443685919287,0.175,63.86354025776759,True,0.38158182940748586,0.20227696486904428,0.17930486453844158,0.175,56.79512639938186,True,True,True
207,17,Ob17.txt,122,0.19345814183188703,0.38356996213089467,0.13379421856291063,0.24977574356798404,0.15,1.9827026068730293,True,0.2307561031627074,0.14316513211833315,0.08759097104437424,0.225,1.1927960280070915,True,True,True
207,18,Ob18.txt,103,0.3636208732301783,0.6215244997253067,0.1777564832803339,0.44376801644497277,0.05,1.7092651865776445,True,0.21997381348182626,0.15623806710181692,0.06373574638000934,0.325,0.6049537572684367,True,True,True
207,19,Ob19.txt,143,0.14545396780444259,0.1458487264318311,0.1989293706768187,-0.053080644244987596,0.6,1.002713976341431,False,0.07266922074799433,0.10861167790402133,-0.03594245715602701,0.625,0.49960287673757636,False,False,False
208,1,Ob1.txt,28,0.05399869691331527,0.0931184379305459,0.21853926555494838,-0.1254208276244025,0.85,1.724457130512427,False,0.48590702053515145,0.3083498433987153,0.17755717713643615,0.15,8.998495302862281,True,False,True
208,2,Ob2.txt,43,0.6213662565156757,0.0518290380244657,0.25293271714282006,-0.20110367911835436,0.825,0.08341141393016434,False,0.20481925485784308,0.2135906017716651,-0.008771346913822031,0.55,0.32962725720957453,False,False,False
208,3,Ob3.txt,40,0.28730891935222724,0.5334655009641522,0.20037472213994295,0.3330907788242093,0.1,1.8567662367284483,True,0.1518879501479482,0.23650398477937667,-0.08461603463142847,0.7,0.5286572741646796,False,False,True
208,4,Ob4.txt,58,0.08962323281205045,0.086014694902179,0.2476483773270095,-0.1616336824248305,0.85,0.9597365794934117,False,0.18406408458758605,0.1908390262431907,-0.0067749416556046604,0.525,2.053754130623565,False,False,False
208,5,Ob5.txt,93,0.3477419417008193,0.12299559241128571,0.21212977042692208,-0.08913417801563636,0.725,0.3536978939316595,False,0.15179609352280038,0.22581404485418088,-0.0740179513313805,0.7,0.4365193706009687,False,False,False
208,6,Ob6.txt,112,0.27938415764448904,0.21691035101946177,0.1779160551980822,0.03899429582137956,0.425,0.7763874403196334,False,0.04752493169981614,0.15750898283990727,-0.10998405114009113,0.75,0.1701060364356475,False,False,False
208,7,Ob7.txt,33,0.5197787203605835,0.3525070944901652,0.26950473237504413,0.08300236211512108,0.425,0.678186852754615,False,0.9050280540801849,0.27661956689010747,0.6284084871900775,0.025,1.7411795031784765,True,False,True
208,8,Ob8.txt,84,0.16988520728854095,0.11912599322000866,0.2544799246918483,-0.13535393147183966,0.75,0.7012146326412018,False,0.022848960489572717,0.3277360604054519,-0.30488709991587915,0.975,0.1344964688465487,False,False,False
208,9,Ob9.txt,37,0.36850893106305876,0.2703386475984487,0.1849345171719076,0.08540413042654113,0.2,0.7336013453421262,True,0.018955909843977214,0.2616280657086766,-0.24267215586469937,0.975,0.051439485575815,False,False,True
208,10,Ob10.txt,36,0.7889702449293878,0.5584990445764705,0.30569776260623627,0.2528012819702342,0.15,0.7078835332078407,True,0.8544743628326952,0.3053873239410264,0.5490870388916688,0.0,1.0830248267590497,True,True,True
208,11,Ob11.txt,119,0.0956704281645301,0.13521697620505363,0.15702786685008813,-0.021810890645034497,0.525,1.4133622980396094,False,0.20297957560369118,0.15048245582487121,0.05249711977881996,0.4,2.121654303194036,False,False,False
208,12,Ob12.txt,91,0.31803422437941464,0.050801394284476956,0.19831125816004874,-0.1475098638755718,0.85,0.15973562085529172,False,0.0013684194812471906,0.26443208603909907,-0.26306366655785185,1.0,0.004302742838187965,False,False,False
208,13,Ob13.txt,102,0.07544515216647979,0.21055955370018936,0.0,0.21055955370018936,0.0,2.7908957388748004,True,0.26439500476224964,0.0,0.26439500476224964,0.0,3.50446645238155,True,True,True
208,14,Ob14.txt,47,0.12937387583362203,0.350141574979186,0.25966321375042256,0.09047836122876346,0.2,2.7064318257688798,True,0.2837309979250773,0.2083964454098743,0.07533455251520299,0.4,2.1931088954153486,False,False,True
208,15,Ob15.txt,96,0.4271451761434232,0.030544681929156742,0.126953406614271,-0.09640872468511427,1.0,0.07150890056850533,False,0.5080255048024206,0.1418806080581433,0.3661448967442773,0.075,1.1893509119996244,True,False,True
208,16,Ob16.txt,84,0.007262487611399804,0.15842312312080364,0.1909722954156247,-0.032549172294821044,0.6,21.813892373754904,False,0.19604015173200368,0.20017199517469636,-0.004131843442692684,0.55,26.99352649143012,False,False,False
208,17,Ob17.txt,122,0.4779482440790446,0.02733247675569428,0.17585162518741518,-0.1485191484317209,0.925,0.0571871057050561,False,0.39178187921933655,0.18276009269226207,0.20902178652707448,0.05,0.8197161179538561,True,False,True
208,18,Ob18.txt,103,0.19472410336208326,0.26477948842969845,0.05075683267545267,0.21402265575424578,0.15,1.3597674035111587,True,0.10217576849187185,0.21425036183495505,-0.1120745933430832,0.6,0.5247207034348452,False,False,True
208,19,Ob19.txt,143,0.2390284231755381,0.10386683501495075,0.053686761272124676,0.05018007374282608,0.275,0.43453759027926503,True,0.3902546640218325,0.12907066494165823,0.2611839990801743,0.0,1.6326705369898065,True,True,True
209,1,Ob1.txt,28,0.43154751142847164,0.8024384907698638,0.28250542334406653,0.5199330674257974,0.025,1.8594441388705976,True,0.5921952843252047,0.27132630553810433,0.3208689787871004,0.225,1.3722597596843291,True,True,True
209,2,Ob2.txt,43,0.5453341485733372,0.005377315544116745,0.20467058709220076,-0.19929327154808402,0.95,0.009860588335031797,False,0.360329108311331,0.2011945556349865,0.15913455267634452,0.25,0.6607492108352234,True,False,True
209,3,Ob3.txt,40,0.27034745587623793,0.6803784466817323,0.28430432268560896,0.39607412399612335,0.075,2.5166815218457317,True,0.3393836291279997,0.2715720323295727,0.06781159679842697,0.25,1.255360913340223,True,True,True
209,4,Ob4.txt,58,0.21144776933016476,0.47333772386049894,0.16974981941470652,0.3035879044457924,0.1,2.2385562418556733,True,0.6784675839670673,0.2725293531000422,0.4059382308670251,0.1,3.2086769518371,True,True,True
209,5,Ob5.txt,93,0.04721926433290874,0.04543719511191735,0.17539234236135431,-0.12995514724943696,0.9,0.9622596995915202,False,0.057246760817012105,0.2033486023468166,-0.1461018415298045,0.85,1.2123602861198084,False,False,False
209,6,Ob6.txt,112,0.2347321444449414,0.3911121058111483,0.16585767904647494,0.22525442676467336,0.15,1.6662059929456627,True,0.30757042860541045,0.17992345998124837,0.12764696862416208,0.225,1.3103038330464107,True,True,True
209,7,Ob7.txt,33,0.35316952047118944,0.18256126286163338,0.27076560573916264,-0.08820434287752926,0.65,0.5169224756940094,False,0.014514058601054758,0.4052610186446586,-0.3907469600436038,1.0,0.041096577591663304,False,False,False
209,8,Ob8.txt,84,0.34734578950237305,0.49247182027486214,0.12371912318128259,0.36875269709357955,0.075,1.4178142794832918,True,0.29876513291519285,0.15383907807854486,0.144926054836648,0.1,0.8601374824298876,True,True,True
209,9,Ob9.txt,37,0.0782070642224646,0.08694397972863749,0.24747101021868045,-0.16052703049004297,0.85,1.1117151704009784,False,0.30167927301512276,0.2829557172042488,0.018723555810873982,0.5,3.857442751680057,False,False,False
209,10,Ob10.txt,36,0.6943889732440937,0.4397497526836745,0.3920677679301491,0.04768198475352542,0.425,0.6332902301561928,False,0.26328150908684633,0.2684712194274447,-0.005189710340598341,0.5,0.3791556594812125,False,False,False
209,11,Ob11.txt,119,0.2721362025220717,0.11748285962157468,0.15116556695166775,-0.03368270733009307,0.65,0.431706103534851,False,0.31194231488407914,0.21630556079057858,0.09563675409350056,0.35,1.146272756043103,True,False,True
209,12,Ob12.txt,91,0.2775415668915048,0.34543442364730337,0.2952799443420112,0.050154479305292154,0.375,1.2446223011428732,False,0.4726138674338439,0.25705090718342183,0.2155629602504221,0.1,1.7028579636815118,True,False,True
209,13,Ob13.txt,102,0.27769478812088866,0.35743716421493016,0.16509491728822612,0.19234224692670404,0.15,1.2871583461599838,True,0.42694590757664697,0.20955058858282719,0.21739531899381978,0.075,1.5374646044519384,True,True,True
209,14,Ob14.txt,47,0.21197600907421066,0.3824661329350057,0.16183019477522853,0.22063593815977717,0.275,1.8042897146964785,True,0.20635350778756417,0.2038647409629181,0.002488766824646077,0.475,0.97347576590765,False,False,True
209,15,Ob15.txt,96,0.14672137339205021,0.0858681822896589,0.1144688045168431,-0.028600622227184208,0.55,0.585246582038275,False,0.09675043955784374,0.16450399833789087,-0.06775355878004713,0.7,0.6594161254156169,False,False,False
209,16,Ob16.txt,84,0.0882203424020998,0.14658682868280595,0.1748987161762191,-0.02831188749341315,0.65,1.6615989542942073,False,0.2662284144269819,0.23032486203249222,0.035903552394489696,0.4,3.0177667324565407,False,False,False
209,17,Ob17.txt,122,0.38923645425332154,0.20976337838116876,0.15202135776010262,0.05774202062106615,0.425,0.5389098993401354,False,0.13929695698964367,0.1833176472014415,-0.04402069021179783,0.7,0.35787233047546696,False,False,False
209,18,Ob18.txt,103,0.2745725710647534,0.07854287554583972,0.07767610172234996,0.0008667738234897637,0.35,0.28605506821479515,False,0.35752642990715694,0.083003840609151,0.27452258929800594,0.0,1.302119976954436,True,False,True
209,19,Ob19.txt,143,0.12851696709227767,0.20930102508862802,0.13202000378862877,0.07728102129999925,0.275,1.6285867136776255,True,0.43865499503886196,0.1407321635135279,0.29792283152533405,0.0,3.413206870372993,True,True,True
210,1,Ob1.txt,28,0.3507210181788729,0.041908590257660444,0.3781465182760199,-0.3362379280183595,0.875,0.1194926682046938,False,0.6511828286375689,0.22696821919393928,0.42421460944362965,0.15,1.8566974743026552,True,False,True
210,2,Ob2.txt,43,0.21509127088772076,0.11755432692777709,0.17111967608060794,-0.05356534915283084,0.625,0.5465322997191333,False,0.13991139121172863,0.19802216760878838,-0.05811077639705975,0.675,0.6504745201155253,False,False,False
210,3,Ob3.txt,40,0.1412630948546174,0.10494424020357312,0.21019849634741855,-0.10525425614384543,0.725,0.7428992003295534,False,0.3070309936193326,0.2570121503780748,0.05001884324125783,0.375,2.1734692556135573,False,False,False
210,4,Ob4.txt,58,0.4409326470658719,0.4781835463898844,0.18683698411926142,0.291346562270623,0.175,1.0844820622194653,True,0.3385211852949913,0.2991322671362712,0.03938891815872009,0.375,0.7677389904050785,False,False,True
210,5,Ob5.txt,93,0.5586998812892532,0.025005657186844832,0.17685713409977,-0.15185147691292517,0.9,0.04475686862352986,False,0.36789410505639786,0.15966554799530677,0.20822855706109109,0.15,0.6584825187495068,True,False,True
210,6,Ob6.txt,112,0.4740333947439524,0.08964983702448703,0.18330333091450723,-0.0936534938900202,0.825,0.18912135309140216,False,0.16819186151060495,0.13887308627580205,0.02931877523480289,0.4,0.3548101534100846,False,False,False
210,7,Ob7.txt,33,0.5999784470458023,0.3141470638491112,0.3456271905846413,-0.031480126735530134,0.55,0.5235972481943659,False,0.4615107248424735,0.37947273655025276,0.08203798829222075,0.4,0.7692121727286678,False,False,False
210,8,Ob8.txt,84,0.11802328689208504,0.12810925512323118,0.2554771933669426,-0.1273679382437114,0.65,1.0854574423127894,False,0.07626340534855977,0.21666213400205248,-0.1403987286534927,0.8,0.6461725254126455,False,False,False
210,9,Ob9.txt,37,0.29658804802871397,0.29679728974067426,0.22217090875272127,0.07462638098795299,0.35,1.0007054961025943,True,0.10022142318388991,0.24020932489766525,-0.13998790171377534,0.725,0.3379145715750051,False,False,True
210,10,Ob10.txt,36,0.15207935732425137,0.09118942458872678,0.23280235006027042,-0.14161292547154364,0.85,0.5996173720954121,False,0.18151084059266723,0.16534025470662267,0.01617058588604456,0.475,1.1935271412652304,False,False,False
210,11,Ob11.txt,119,0.2813242839167228,0.030750303921595168,0.2096727870748577,-0.17892248315326253,0.95,0.10930554409834675,False,0.012841162355549982,0.2794827980427415,-0.2666416356871915,0.95,0.045645410260250416,False,False,False
210,12,Ob12.txt,91,0.14534674898011296,0.16341376607385738,0.19890923584967535,-0.03549546977581797,0.55,1.1243028634662922,False,0.23403988997840208,0.25513453184061347,-0.021094641862211383,0.575,1.6102175770744245,False,False,False
210,13,Ob13.txt,102,0.20191862052392098,0.0761914617573083,0.0,0.0761914617573083,0.0,0.3773374716983173,True,0.07627726378683242,0.0,0.07627726378683242,0.0,0.37776240541320444,True,True,True
210,14,Ob14.txt,47,0.43465472613830575,0.1602100293003772,0.15285775459379725,0.007352274706579953,0.475,0.3685914811596892,False,0.049093966718255916,0.2520802547960447,-0.20298628807778876,0.875,0.1129493452295613,False,False,False
210,15,Ob15.txt,96,0.20549776056803773,0.027061889456274524,0.19244947138665086,-0.16538758193037634,0.975,0.1316894616343747,False,0.052527259380173386,0.30771872670280637,-0.255191467322633,0.85,0.25560988711009464,False,False,False
210,16,Ob16.txt,84,0.3704087043004826,0.13085612701594762,0.13812256023136343,-0.007266433215415813,0.6,0.3532749784135597,False,0.09452002691931505,0.25004423811883003,-0.15552421119951498,0.9,0.25517766138302894,False,False,False
210,17,Ob17.txt,122,0.1769774615210849,0.4010846004273901,0.1977779750408203,0.2033066253865698,0.15,2.2663032737623787,True,0.70805537772722,0.17599905690207757,0.5320563208251425,0.0,4.000822317382279,True,True,True
210,18,Ob18.txt,103,0.6984052083403276,0.07019208696450396,0.03603913257645952,0.03415295438804444,0.425,0.10050338417622437,False,0.18507850802382556,0.028463693251538302,0.15661481477228725,0.025,0.2650016148413919,False,False,False
210,19,Ob19.txt,143,0.48948449223942947,0.5598999109744,0.14268854842878265,0.4172113625456173,0.025,1.143856281151655,True,0.4404676993229236,0.11239768349000841,0.32807001583291523,0.0,0.8998603761842378,True,True,True
211,1,Ob1.txt,28,0.10478556035782774,0.3078449338417598,0.40184509446192934,-0.09400016062016953,0.6,2.9378564450150697,False,0.6602527060555717,0.34923134385649834,0.3110213621990734,0.1,6.300989409236377,True,False,True
211,2,Ob2.txt,43,0.11223899699571688,0.7002641856659111,0.20054086792284187,0.4997233177430692,0.025,6.239045290939598,True,0.27455893980526297,0.2142437407697506,0.06031519903551236,0.375,2.4461991567488823,False,False,True
211,3,Ob3.txt,40,0.4450427370405243,0.09943906001030312,0.26392345365272124,-0.16448439364241813,0.775,0.22343710330284186,False,0.19974570651733073,0.34701884183145815,-0.14727313531412742,0.75,0.44882365196118784,False,False,False
211,4,Ob4.txt,58,0.14009326774123815,0.13787910662969338,0.22008821730237949,-0.0822091106726861,0.7,0.9841950926890044,False,0.4094709108016197,0.19427135913338206,0.21519955166823762,0.225,2.922845026057501,True,False,True
211,5,Ob5.txt,93,0.04530978844388878,0.2524907811157362,0.28424524453946914,-0.03175446342373295,0.55,5.572543809786675,False,0.038671412497316066,0.21079361146682593,-0.17212219896950987,0.975,0.8534891427534778,False,False,False
211,6,Ob6.txt,112,0.2499387068155315,0.1378533448559921,0.17368232937121353,-0.03582898451522143,0.6,0.5515486041053075,False,0.30430938063127555,0.1860462835958857,0.11826309703538984,0.225,1.2175360291668333,True,False,True
211,7,Ob7.txt,33,0.20034097415452323,0.1417014580818186,0.26741359934560865,-0.12571214126379004,0.8,0.7073014328687656,False,0.3122231819932271,0.3576586612889398,-0.04543547929571273,0.55,1.558458938870932,False,False,False
211,8,Ob8.txt,84,0.17303273813194295,0.15779348286521822,0.1789406597777639,-0.021147176912545695,0.55,0.9119284857232952,False,0.2705353044870117,0.2726013723373735,-0.0020660678503618413,0.5,1.563492015486225,False,False,False
211,9,Ob9.txt,37,0.545229220881639,0.35629430226206504,0.24082807610641108,0.11546622615565397,0.225,0.6534761685845357,True,0.08794786675716004,0.15949959250873783,-0.07155172575157778,0.8,0.16130438976646885,False,False,True
211,10,Ob10.txt,36,0.2959706841428531,0.28863174240777484,0.17916881118339986,0.10946293122437498,0.325,0.975203822107138,True,0.26794410637809946,0.22367660100457315,0.044267505373526306,0.4,0.9053062371838613,False,False,True
211,11,Ob11.txt,119,0.2162273574616716,0.1572971866565979,0.23664273971727146,-0.07934555306067356,0.725,0.727462003435344,False,0.19267289166545112,0.23882994490194234,-0.04615705323649122,0.575,0.891066208861218,False,False,False
211,12,Ob12.txt,91,0.08943203397151595,0.29952104423825565,0.14350442575203565,0.15601661848622,0.45,3.349147178444504,False,0.008614779046433707,0.23152363797382725,-0.22290885892739354,1.0,0.0963276654221854,False,False,False
211,13,Ob13.txt,102,0.30192737240624634,0.26605873350170556,0.0,0.26605873350170556,0.0,0.8812011027066498,True,0.6544968839916109,0.0,0.6544968839916109,0.0,2.1677295396423304,True,True,True
211,14,Ob14.txt,47,0.8619851485609523,0.3184099896752375,0.3014341618397445,0.016975827835493007,0.5,0.3693915030981792,False,0.04999462065564017,0.2795009480725682,-0.22950632741692803,0.9,0.05799939910693829,False,False,False
211,15,Ob15.txt,96,0.2093762648388392,0.2886667146743999,0.22640903642350624,0.06225767825089368,0.375,1.3786983682061196,False,0.21315562050181144,0.13372625369409585,0.07942936680771559,0.35,1.018050544868977,True,False,True
211,16,Ob16.txt,84,0.11440890200097162,0.06309996158986447,0.18276566940697303,-0.11966570781710856,0.8,0.5515301736689038,False,0.1276814011173208,0.14329080762219282,-0.015609406504872025,0.6,1.1160093216892901,False,False,False
211,17,Ob17.txt,122,0.002492372508021423,0.050976343796270335,0.17863711816810196,-0.12766077437183163,0.85,20.45293937090409,False,0.11103162163401165,0.1416881511994445,-0.030656529565432855,0.675,44.54856618610129,False,False,False
211,18,Ob18.txt,103,0.3261903619569333,0.2061745799961034,0.07450737152436138,0.13166720847174201,0.075,0.6320682768159915,True,0.030735944549052818,0.07011627118559782,-0.039380326636545004,0.8,0.09422701628784134,False,False,True
211,19,Ob19.txt,143,0.2392600314986575,0.08424743806345272,0.1807658039855155,-0.09651836592206278,0.75,0.3521166386869988,False,0.016543203329750622,0.18580105509210937,-0.16925785176235875,1.0,0.06914319632129384,False,False,False
212,1,Ob1.txt,28,0.3684915496891725,0.2716851607626122,0.27767991771148337,-0.005994756948871194,0.55,0.7372900708083596,False,0.23274277872310592,0.3712454071470318,-0.13850262842392588,0.65,0.6316095414384062,False,False,False
212,2,Ob2.txt,43,0.28947228773068184,0.44210121271804753,0.19808244239588807,0.24401877032215946,0.175,1.52726610268603,True,0.7697448427317564,0.29278741233261907,0.4769574303991373,0.025,2.659131375808619,True,True,True
212,3,Ob3.txt,40,0.010011407351635304,0.4637985043516665,0.24230765797717896,0.22149084637448752,0.25,46.32700359314695,True,0.6344973267582144,0.21684333573255257,0.4176539910256618,0.125,63.377435806222884,True,True,True
212,4,Ob4.txt,58,0.06663672140966725,0.0366027930865776,0.36735208348767723,-0.3307492904010996,0.9,0.5492886251343615,False,0.693660985789208,0.3056036786700895,0.3880573071191185,0.175,10.409590554804454,True,False,True
212,5,Ob5.txt,93,0.10440962180927679,0.022451530788638242,0.20339672457682068,-0.18094519378818244,0.9,0.21503315881796847,False,0.27654479386305797,0.15471280399196363,0.12183198987109434,0.275,2.648652385392387,True,False,True
212,6,Ob6.txt,112,0.1153802952501934,0.03897069678031076,0.16423346186239904,-0.12526276508208828,0.875,0.33775868484133936,False,0.08035923254024346,0.2242200285533578,-0.14386079601311433,0.825,0.6964727587669157,False,False,False
212,7,Ob7.txt,33,0.458268546785608,0.15603730113952918,0.2710502470930922,-0.11501294595356304,0.675,0.3404931502151034,False,0.5900809866763719,0.29025691051200886,0.299824076164363,0.225,1.2876314353566791,True,False,True
212,8,Ob8.txt,84,0.1398176456530716,0.6743483384777272,0.2771894989839231,0.39715883949380415,0.075,4.823056026497417,True,0.554322686192134,0.28968432472138483,0.26463836147074915,0.225,3.964611788468892,True,True,True
212,9,Ob9.txt,37,0.9391289124969613,0.34366931485739666,0.28001661293508845,0.06365270192230821,0.425,0.36594477103643497,False,0.09601790290275009,0.35874408005426073,-0.26272617715151064,0.85,0.10224145122681522,False,False,False
212,10,Ob10.txt,36,0.6515404642404394,0.5228253414999579,0.17401920455192255,0.3488061369480353,0.15,0.802444928895496,True,0.25451056570427255,0.21330552494736352,0.041205040756909034,0.475,0.3906289473532222,False,False,True
212,11,Ob11.txt,119,0.1844726199138023,0.2250250220811195,0.193771602870831,0.031253419210288486,0.425,1.2198288406499889,False,0.18436624916127178,0.21226475002774625,-0.027898500866474468,0.55,0.9994233791845087,False,False,False
212,12,Ob12.txt,91,0.16104405398060406,0.22540877626592531,0.3472301923572834,-0.1218214160913581,0.7,1.3996715227565821,False,0.27388244761083047,0.2592417680808199,0.01464067953001058,0.475,1.7006678659729748,False,False,False
212,13,Ob13.txt,102,0.1578093364078455,0.31069522631552304,0.11218950122397475,0.1985057250915483,0.475,1.968801297741702,False,0.16606207058954964,0.0,0.16606207058954964,0.475,1.052295601575661,False,False,False
212,14,Ob14.txt,47,0.18539585943735998,0.46898719386335586,0.2951587070868651,0.17382848677649076,0.25,2.5296530099789707,True,0.33066999493484706,0.22473463960464826,0.1059353553301988,0.3,1.7835888888692852,True,True,True
212,15,Ob15.txt,96,0.11643008732588034,0.03753391019486259,0.1683052439740607,-0.13077133377919808,0.925,0.32237294548966183,False,0.13770133221488262,0.4009737080177487,-0.26327237580286605,0.7,1.1826954301723183,False,False,False
212,16,Ob16.txt,84,0.4437535908537832,0.22794239915200198,0.26845982000076984,-0.04051742084876786,0.55,0.5136688555318283,False,0.11102019316327877,0.27762365148508505,-0.16660345832180629,0.8,0.25018432628269127,False,False,False
212,17,Ob17.txt,122,0.1692875436595727,0.014245175837329788,0.20460233345791645,-0.19035715762058666,0.925,0.08414780868919688,False,0.11384342228186017,0.17220509061180395,-0.05836166832994377,0.675,0.672485522684366,False,False,False
212,18,Ob18.txt,103,0.03169021392976068,0.4232342307799946,0.006516969604074052,0.41671726117592056,0.0,13.355360481884599,True,0.37184717476384316,0.006538138479676159,0.365309036284167,0.0,11.733817120579195,True,True,True
212,19,Ob19.txt,143,0.15371148320450165,0.2239670725266571,0.18449178527096954,0.03947528725568755,0.35,1.4570614235026647,True,0.3270721496558025,0.0817253820073876,0.2453467676484149,0.0,2.1278315896585127,True,True,True
213,1,Ob1.txt,28,0.3269860800072792,0.39993693513031014,0.27884509788109124,0.1210918372492189,0.3,1.223100797200318,True,0.08012934159043825,0.31046821741475605,-0.2303388758243178,0.825,0.24505428973812723,False,False,True
213,2,Ob2.txt,43,0.2544613141498609,0.18867489303817347,0.2726945238353757,-0.0840196307972022,0.625,0.7414678874410608,False,0.13388783293103168,0.28719744175669953,-0.15330960882566785,0.8,0.5261618386996956,False,False,False
213,3,Ob3.txt,40,0.3892533477339497,0.21182872371094633,0.3219408753424613,-0.11011215163151497,0.7,0.5441924262029183,False,0.2970925689850219,0.2841342257322509,0.01295834325277101,0.475,0.7632370298535783,False,False,False
213,4,Ob4.txt,58,0.1008246289270189,0.21774017109500332,0.24286048819488004,-0.02512031709987672,0.55,2.1595930816924978,False,0.2138302612514884,0.27462348155356153,-0.060793220302073125,0.625,2.120813768690066,False,False,False
213,5,Ob5.txt,93,0.2653096597233031,0.017128855105622197,0.1261613112064191,-0.1090324561007969,0.95,0.0645617469167396,False,0.20999388552725126,0.14313782280327841,0.06685606272397285,0.35,0.791504861701071,True,False,True
213,6,Ob6.txt,112,0.2890929324420227,0.23751161821759298,0.14737021759732752,0.09014140062026546,0.25,0.8215753190895654,True,0.3397099414971322,0.16938876933451713,0.17032117216261505,0.125,1.1750890574443935,True,True,True
213,7,Ob7.txt,33,1.0064555611014163,0.08058630891500651,0.29988259301223974,-0.21929628409723323,0.875,0.08006941590825604,False,0.4912877325563032,0.2636919078518918,0.22759582470441142,0.175,0.48813653731383994,True,False,True
213,8,Ob8.txt,84,0.17225328512023577,0.04025520310997305,0.13285306846489217,-0.09259786535491912,0.85,0.23369773808304567,False,0.00047638062789037705,0.19324733268818828,-0.1927709520602979,0.975,0.002765582250334762,False,False,False
213,9,Ob9.txt,37,0.37773435118436105,0.3876117262189718,0.18582220651649572,0.20178951970247605,0.225,1.0261489986379075,True,0.21020083838204398,0.19611695766359782,0.014083880718446157,0.475,0.5564779526219238,False,False,True
213,10,Ob10.txt,36,0.5817535508525098,0.14557742083476122,0.2749124500971267,-0.1293350292623655,0.75,0.2502389897258556,False,0.12929380787790196,0.2601583847543742,-0.13086457687647224,0.75,0.22224842063865877,False,False,False
213,11,Ob11.txt,119,0.40271519262500666,0.07383214830676793,0.17138888156108095,-0.09755673325431302,0.825,0.18333589012500373,False,0.054877425275807926,0.11205381517541757,-0.057176389899609645,0.675,0.13626857461746603,False,False,False
213,12,Ob12.txt,91,0.009933231701905854,0.49769613840713484,0.17508679716814157,0.32260934123899326,0.2,50.10415072786872,True,0.6497849690144921,0.19713542170353693,0.4526495473109552,0.0,65.41526348266096,True,True,True
213,13,Ob13.txt,102,0.07463945647917783,0.39472883086817,0.19674352190453054,0.19798530896363947,0.125,5.288474079099002,True,0.24554171114549628,0.16443214815596469,0.08110956298953159,0.35,3.2897039009655042,True,True,True
213,14,Ob14.txt,47,0.2821655775194783,0.019440358279355252,0.2196530129078158,-0.20021265462846055,1.0,0.06889698754276026,False,0.10517915748270923,0.20924072722953602,-0.10406156974682679,0.7,0.37275686994615265,False,False,False
213,15,Ob15.txt,96,0.03262038465093475,0.4644108748549151,0.10806501646900553,0.3563458583859096,0.075,14.236830124000614,True,0.5892781278338839,0.0914816115513867,0.4977965162824972,0.075,18.06472039308089,True,True,True
213,16,Ob16.txt,84,0.4757975299891147,0.2563387928487696,0.2390319271912702,0.017306865657499393,0.475,0.5387560394746777,False,0.5513427586918453,0.24560877184185226,0.3057339868499931,0.075,1.1587760001706167,True,False,True
213,17,Ob17.txt,122,0.4144958831701899,0.4756362386449936,0.1602087050741254,0.31542753357086817,0.05,1.1475053383092342,True,0.3589770523402339,0.17238582703020025,0.18659122531003366,0.175,0.8660569788888344,True,True,True
213,18,Ob18.txt,103,0.12313673824443414,0.25950436041922836,0.0,0.25950436041922836,0.0,2.1074487120496563,True,0.11678673647521032,0.0,0.11678673647521032,0.0,0.9484312979232999,True,True,True
213,19,Ob19.txt,143,0.11781566405266738,0.0809246331645248,0.13008494880710547,-0.049160315642580665,0.675,0.6868749908191232,False,0.03299056740131051,0.112846375324289,-0.07985580792297849,0.875,0.280018515929789,False,False,False
214,1,Ob1.txt,28,0.7284786397649369,0.10511503001702677,0.2850427923528006,-0.17992776233577384,0.75,0.1442939082619429,False,0.010245683104152553,0.32022002271893013,-0.3099743396147776,1.0,0.014064493514124995,False,False,False
214,2,Ob2.txt,43,0.3980557483321393,0.09413938803952361,0.3014945553161356,-0.20735516727661202,0.875,0.23649799917214945,False,0.17238018613870917,0.2764361783343908,-0.10405599219568165,0.725,0.4330553869928653,False,False,False
214,3,Ob3.txt,40,0.5596579019346393,0.015267836485674258,0.2906315690095241,-0.2753637325238498,0.975,0.027280659190008796,False,0.5019698855856147,0.1947666815671376,0.3072032040184771,0.15,0.8969227162707661,True,False,True
214,4,Ob4.txt,58,0.3454722998619886,0.5625929121115366,0.2166885048909739,0.3459044072205627,0.05,1.6284747354166593,True,0.528176009604494,0.24764342976762493,0.280532579836869,0.175,1.528851979783887,True,True,True
214,5,Ob5.txt,93,0.21855644711691274,0.34659741741222727,0.2686768686361113,0.07792054877611598,0.425,1.58584851641014,False,0.11458155946982349,0.21705279721238996,-0.10247123774256647,0.775,0.5242652915588905,False,False,False
214,6,Ob6.txt,112,0.15744600520678773,0.1290071525828523,0.17727110556128103,-0.048263952978428726,0.575,0.8193739333901539,False,0.18639079274575032,0.15984565566796335,0.026545137077786968,0.475,1.1838394534110082,False,False,False
214,7,Ob7.txt,33,0.4411099031565593,0.28149089938898697,0.31051631624451503,-0.029025416855528063,0.55,0.6381423254718447,False,0.5451996694673077,0.38606148826900455,0.15913818119830314,0.3,1.2359724086126553,True,False,True
214,8,Ob8.txt,84,0.0346072081919451,0.4819662203332776,0.24409020619133165,0.23787601414194592,0.2,13.926758196156841,True,0.40108632073783285,0.29466024278718667,0.10642607795064618,0.325,11.589675726318385,True,True,True
214,9,Ob9.txt,37,0.4980068175805258,0.18321937080982378,0.23876881430216965,-0.05554944349234586,0.6,0.3679053465572244,False,0.6497076258164654,0.23168668740325055,0.4180209384132148,0.025,1.3046159266914255,True,False,True
214,10,Ob10.txt,36,0.5503934427612575,0.2537014910123927,0.30534354925339713,-0.05164205824100443,0.675,0.4609457004785576,False,0.27689352953362345,0.24380577936947587,0.033087750164147584,0.425,0.5030829003784675,False,False,False
214,11,Ob11.txt,119,0.05572758056382271,0.07927100780474139,0.16553971385817315,-0.08626870605343176,0.825,1.4224735221360503,False,0.2746480392691173,0.1842232150869408,0.09042482418217648,0.25,4.928404149083293,True,False,True
214,12,Ob12.txt,91,0.06182412709396552,0.11199725806034772,0.20904825750935707,-0.09705099944900936,0.75,1.8115461281018144,False,0.050797185872931985,0.30037692176895486,-0.2495797358960229,0.9,0.821640163163584,False,False,False
214,13,Ob13.txt,102,0.28943378525257174,0.15046266427666272,0.004653713728705933,0.14580895054795678,0.475,0.5198517655613799,False,0.17523999691564124,0.04874846814141945,0.1264915287742218,0.025,0.6054579867471922,True,False,True
214,14,Ob14.txt,47,0.6227083095355481,0.38309232140026883,0.2581267433858564,0.12496557801441244,0.3,0.615203483772364,True,0.23809851778402305,0.320522808229616,-0.08242429044559293,0.6,0.3823596283171662,False,False,True
214,15,Ob15.txt,96,0.05209932294064398,0.1996635802557421,0.28479695352756296,-0.08513337327182086,0.65,3.83236420333554,False,0.07578224048064944,0.27480479230242877,-0.19902255182177933,0.825,1.454572462812752,False,False,False
214,16,Ob16.txt,84,0.1951171829055468,0.15353072132259415,0.2307592047707686,-0.07722848344817446,0.6,0.7868641758574179,False,0.012412190300790299,0.20641974517409345,-0.19400755487330315,0.925,0.0636140298663437,False,False,False
214,17,Ob17.txt,122,0.07766424193290217,0.051274498309564376,0.1802309736234555,-0.12895647531389112,0.825,0.6602072850187973,False,0.1200245928676565,0.22917676681428675,-0.10915217394663025,0.625,1.5454292719595648,False,False,False
214,18,Ob18.txt,103,0.10268610110530982,0.07660985218621194,0.0,0.07660985218621194,0.05,0.7460586326833526,True,0.12546400919793044,0.0,0.12546400919793044,0.05,1.2218207512744175,True,True,True
214,19,Ob19.txt,143,0.0377444199536342,0.3565561771828325,0.07910769176479993,0.2774484854180326,0.05,9.446593102260714,True,0.5162711008729468,0.10633511423462172,0.4099359866383251,0.0,13.678077488199364,True,True,True
215,1,Ob1.txt,28,0.7789569313912389,0.3683487230036578,0.30823980896274816,0.06010891404090962,0.375,0.47287431199280383,False,0.1005459336089391,0.23343279505610726,-0.13288686144716816,0.775,0.12907765443380964,False,False,False
215,2,Ob2.txt,43,0.671582411205899,0.342578195617294,0.19465265673961707,0.14792553887767695,0.175,0.5101059674897646,True,0.31670273890985456,0.18591470575286279,0.13078803315699178,0.2,0.47157688114728985,True,True,True
215,3,Ob3.txt,40,0.422335243573291,0.21216967634483747,0.2204513853813258,-0.008281709036488338,0.525,0.5023726519949265,False,0.25019015174437076,0.24670568995723974,0.0034844617871310213,0.45,0.5923970484384957,False,False,False
215,4,Ob4.txt,58,0.5554736845615864,0.1758269435519246,0.1912981314133358,-0.01547118786141119,0.55,0.3165351454780399,False,0.1899524359017513,0.28451019950777756,-0.09455776360602627,0.675,0.34196477921663077,False,False,False
215,5,Ob5.txt,93,0.06902461646017316,0.22894077802884563,0.21208446273750808,0.016856315291337548,0.45,3.316798988096417,False,0.20828199219119192,0.23282909726552542,-0.024547105074333497,0.6,3.0175030716957267,False,False,False
215,6,Ob6.txt,112,0.2287903757171506,0.3683483324259349,0.15661149896570026,0.21173683346023464,0.25,1.609981762875014,True,0.5375652803272325,0.22376082312049703,0.31380445720673544,0.1,2.349597436702559,True,True,True
215,7,Ob7.txt,33,0.8187037301780267,0.2584863904044802,0.2248401538818026,0.03364623652267759,0.45,0.31572641100373694,False,0.2894238475331734,0.21493103522779053,0.07449281230538288,0.4,0.35351475370734947,False,False,False
215,8,Ob8.txt,84,0.15721965661818207,0.062446200144116684,0.3040859051520587,-0.24163970500794202,0.925,0.3971907933609806,False,0.2595224710279808,0.21276310408115578,0.04675936694682503,0.425,1.650699897266966,False,False,False
215,9,Ob9.txt,37,0.18011012638984242,0.19189789030440518,0.2866984247362936,-0.0948005344318884,0.625,1.0654475356318864,False,0.7096529004910409,0.33938204260134075,0.37027085788970016,0.0,3.9401055049787743,True,False,True
215,10,Ob10.txt,36,0.43814362356037184,0.12232864745374566,0.15936479388447958,-0.03703614643073391,0.6,0.27919759840323227,False,0.2671797860482563,0.24757328600003342,0.019606500048222897,0.475,0.6097995535736505,False,False,False
215,11,Ob11.txt,119,0.4777591179085485,0.18133246817293253,0.19031648106513047,-0.00898401289219794,0.55,0.3795478963682337,False,0.22612347318305837,0.21533718610631514,0.010786287076743228,0.45,0.47330017305152167,False,False,False
215,12,Ob12.txt,91,0.22601834671509113,0.1484418125491601,0.21561736370430928,-0.06717555115514917,0.7,0.6567688628228017,False,0.09283130594264291,0.22553756660448204,-0.13270626066183913,0.8,0.4107246482059353,False,False,False
215,13,Ob13.txt,102,0.4039727931895718,0.2524410702100458,0.0,0.2524410702100458,0.0,0.6248962169380132,True,0.029998931474361917,0.015862734610593843,0.014136196863768075,0.45,0.07425978179744486,False,False,True
215,14,Ob14.txt,47,0.4317576357123597,0.009552122252790701,0.23726354866358612,-0.22771142641079542,1.0,0.022123806188234733,False,0.14094037527729172,0.24551385406273846,-0.10457347878544673,0.725,0.3264340074605821,False,False,False
215,15,Ob15.txt,96,0.218417089033634,0.13527305439187953,0.12207175083213088,0.013201303559748648,0.425,0.6193336564935579,False,0.2805764664692014,0.09669132948446163,0.1838851369847398,0.075,1.284590265855963,True,False,True
215,16,Ob16.txt,84,0.30480811115932344,0.48543606467839034,0.26552047654067323,0.2199155881377171,0.05,1.5925956262517322,True,0.17451301236351496,0.20110598792829593,-0.026592975564780963,0.575,0.5725340172207454,False,False,True
215,17,Ob17.txt,122,0.15914998062922492,0.10696023522746712,0.17290651471304275,-0.06594627948557563,0.675,0.672071933685337,False,0.32614930274652354,0.17660846516087433,0.1495408375856492,0.125,2.0493204049227027,True,False,True
215,18,Ob18.txt,103,0.0980573236934376,0.09568750460650652,0.16128092164977662,-0.0655934170432701,0.55,0.9758323091262414,False,0.14419781437367257,0.048457570757204846,0.09574024361646773,0.025,1.4705460942875284,True,False,True
215,19,Ob19.txt,143,0.17242866925537373,0.27101327515147844,0.19273256126714708,0.07828071388433136,0.3,1.5717413833896554,True,0.1549277786665364,0.09327815175425552,0.061649626912280875,0.3,0.8985035918654698,True,True,True
216,1,Ob1.txt,28,0.24176734295006305,0.0764361794996238,0.1908066584273416,-0.1143704789277178,0.775,0.3161559314295465,False,0.42080552571680296,0.32206816283388473,0.09873736288291823,0.375,1.740539150499413,False,False,False
216,2,Ob2.txt,43,0.41094497656528833,0.5253547566999579,0.238683292134148,0.28667146456580994,0.15,1.2784065669591969,True,0.9169907938129067,0.27041996585818606,0.6465708279547207,0.025,2.2314198885631615,True,True,True
216,3,Ob3.txt,40,0.4446356270411578,0.849258346846284,0.26895810646454255,0.5803002403817414,0.0,1.910009669035523,True,0.9172365536158167,0.25388405572331657,0.6633524978925001,0.0,2.0628948690405156,True,True,True
216,4,Ob4.txt,58,0.7625082048748695,0.47180458580380125,0.24776948835059914,0.2240350974532021,0.1,0.6187534544382066,True,0.45343439661966306,0.2829959844760729,0.17043841214359018,0.15,0.5946616622887008,True,True,True
216,5,Ob5.txt,93,0.5122131892796424,0.011306081164120074,0.18502728397525145,-0.17372120281113138,0.975,0.02207299890114217,False,0.266781350563371,0.1821220565646785,0.08465929399869249,0.35,0.5208404550038283,True,False,True
216,6,Ob6.txt,112,0.08905040358588966,0.24429921104017321,0.14109272553546187,0.10320648550471134,0.375,2.7433812897270604,False,0.0881814272234129,0.24765871721379967,-0.15947728999038677,0.825,0.9902417470613862,False,False,False
216,7,Ob7.txt,33,0.2536719890300457,0.27973879482384945,0.270853545627217,0.008885249196632472,0.475,1.1027579193645867,False,0.17867998300128768,0.28987876209557084,-0.11119877909428316,0.675,0.7043741158986391,False,False,False
216,8,Ob8.txt,84,0.050254884510232335,0.4722276040558711,0.17906107902302965,0.29316652503284146,0.05,9.396650866041119,True,0.49093558112548574,0.2112518243433158,0.27968375678216995,0.15,9.768912731766939,True,True,True
216,9,Ob9.txt,37,0.06270374486367519,0.18958650035997027,0.28642530246525055,-0.09683880210528029,0.65,3.0235275544092635,False,0.5107261078486374,0.318966533009149,0.19175957483948836,0.225,8.145065481479804,True,False,True
216,10,Ob10.txt,36,0.1386921661268093,0.08813616191807458,0.18453525280776736,-0.09639909088969278,0.75,0.6354804628077534,False,0.18529375330831357,0.1593583878539369,0.025935365454376663,0.475,1.336007349823172,False,False,False
216,11,Ob11.txt,119,0.02890231628153328,0.09426758938775137,0.16920369610742653,-0.07493610671967516,0.65,3.261592893438174,False,0.016919709950669437,0.15313114864353014,-0.1362114386928607,0.95,0.5854101721764093,False,False,False
216,12,Ob12.txt,91,0.1310013813237363,0.10522066076983805,0.13000530256576748,-0.02478464179592943,0.625,0.8032026815794575,False,0.146324152868759,0.15722987945950562,-0.010905726590746623,0.55,1.1169664883697403,False,False,False
216,13,Ob13.txt,102,0.09246372215429738,0.28155225083598906,0.005260001286278682,0.2762922495497104,0.0,3.0450023455269646,True,0.33438270711234025,0.05536217797762863,0.27902052913471165,0.025,3.6163664983586146,True,True,True
216,14,Ob14.txt,47,0.6349308433061359,0.6804089474151546,0.2606813220626787,0.4197276253524759,0.05,1.0716268623401732,True,0.3615251083745661,0.26080986355266345,0.10071524482190264,0.35,0.5693928908730844,True,True,True
216,15,Ob15.txt,96,0.10631489897390908,0.06047059070072218,0.2545302342253045,-0.19405964352458233,0.825,0.5687875479763412,False,0.0396610368808073,0.2573706934681538,-0.21770965658734648,0.85,0.37305248148277487,False,False,False
216,16,Ob16.txt,84,0.09333281393168419,0.050331605702239574,0.17633796011893413,-0.12600635441669455,0.875,0.5392702050007863,False,0.06731870926777787,0.178676200499292,-0.11135749123151413,0.725,0.7212758989250279,False,False,False
216,17,Ob17.txt,122,0.04343852648152621,0.007748990949142831,0.22979289443601414,-0.2220439034868713,1.0,0.17838982066848807,False,0.077473199609112,0.2142301439535039,-0.1367569443443919,0.775,1.7835135278370977,False,False,False
216,18,Ob18.txt,103,0.2391180008581366,0.6253394190592978,0.0,0.6253394190592978,0.0,2.6151917330151058,True,0.6516587399304588,0.0,0.6516587399304588,0.0,2.7252600707258066,True,True,True
216,19,Ob19.txt,143,0.08549233713445792,0.15998002978974596,0.1763761722865111,-0.01639614249676513,0.525,1.8712791713500316,False,0.01928342486244783,0.10211071786657536,-0.08282729300412753,0.825,0.22555734828163437,False,False,False
217,1,Ob1.txt,28,0.5235967125933698,1.0071967842922624,0.18479327183754923,0.8224035124547132,0.0,1.9236117417613754,True,0.19694883079139947,0.2689491651311751,-0.07200033433977565,0.7,0.37614604151335035,False,False,True
217,2,Ob2.txt,43,0.21396151670970506,0.05526473166955874,0.24710332883635144,-0.1918385971667927,0.925,0.25829285807755725,False,0.09458675365190847,0.1994800489307259,-0.10489329527881744,0.775,0.4420736733710867,False,False,False
217,3,Ob3.txt,40,0.2724430952306952,0.10466680193262018,0.3268821529845648,-0.22221535105194462,0.875,0.3841785817474729,False,0.37808599914222973,0.29091401209041534,0.08717198705181439,0.4,1.387761355530335,False,False,False
217,4,Ob4.txt,58,0.48806004948107323,0.13818556208995003,0.19153002515355483,-0.0533444630636048,0.575,0.28313229537405277,False,0.06977237721543525,0.2190759528641214,-0.14930357564868615,0.85,0.14295859144713913,False,False,False
217,5,Ob5.txt,93,0.2720163648046925,0.30376127737197084,0.20988832835619664,0.0938729490157742,0.375,1.1167022160231836,False,0.17382084299277803,0.20646805280416897,-0.03264720981139094,0.525,0.6390087710994199,False,False,False
217,6,Ob6.txt,112,0.30199084956788547,0.20550018485567412,0.1723549446264804,0.03314524022919371,0.45,0.6804848065751711,False,0.5128787201008229,0.18987775735909113,0.3230009627417318,0.025,1.698325365933087,True,False,True
217,7,Ob7.txt,33,1.378983941106607,0.2582818004781413,0.31258218893019885,-0.054300388452057535,0.55,0.1872986281993069,False,0.19089201304606862,0.3695887210441485,-0.1786967079980799,0.75,0.13842946778109802,False,False,False
217,8,Ob8.txt,84,0.026169137459286076,0.12736794749917102,0.2226122252194519,-0.09524427772028088,0.675,4.867105295210053,False,0.13262856100338544,0.20408240533664496,-0.07145384433325952,0.65,5.068128867821068,False,False,False
217,9,Ob9.txt,37,0.003084513865103111,0.12885767350639413,0.28252615176958057,-0.15366847826318644,0.8,41.7756830222861,False,0.4623317499981293,0.22507074392069876,0.23726100607743056,0.125,149.8880440217033,True,False,True
217,10,Ob10.txt,36,0.34085224639975303,0.21602686364240564,0.3592452953568465,-0.14321843171444087,0.725,0.6337844797098634,False,0.4789961054706495,0.2676256550167505,0.21137045045389902,0.175,1.405289566168447,True,False,True
217,11,Ob11.txt,119,0.18180343383269953,0.18275652922388352,0.14008766704672615,0.042668862177157374,0.475,1.0052424498871735,False,0.31942670083486746,0.19863031473797543,0.12079638609689203,0.35,1.75698937088731,True,False,True
217,12,Ob12.txt,91,0.04589154826998182,0.20455885986080774,0.1529045049469214,0.05165435491388634,0.3,4.45744080494691,True,0.08759815889598951,0.1251823270016446,-0.0375841681056551,0.6,1.9088080964417682,False,False,True
217,13,Ob13.txt,102,0.48054629393737613,0.5400929094056572,0.02434050715558911,0.5157524022500681,0.0,1.1239144203576796,True,0.757720265147249,0.08469159877503074,0.6730286663722183,0.0,1.5767893222915867,True,True,True
217,14,Ob14.txt,47,0.23571931108901187,0.14402955162290781,0.26680366933636557,-0.12277411771345775,0.675,0.6110214345931109,False,0.08128654850195843,0.23631141847328302,-0.15502486997132459,0.75,0.34484467193807117,False,False,False
217,15,Ob15.txt,96,0.029954514370696142,0.24138516880734054,0.15078221123020724,0.0906029575771333,0.25,8.058390325415607,True,0.46183907554026793,0.14571601953700297,0.31612305600326496,0.0,15.418012451307678,True,True,True
217,16,Ob16.txt,84,0.4532677164155885,0.07352080012796874,0.28349540654253536,-0.2099746064145666,0.9,0.16220171317155882,False,0.055035076643336456,0.25671707069131455,-0.2016819940479781,0.875,0.12141847885958049,False,False,False
217,17,Ob17.txt,122,0.03386195644087597,0.18827404458941716,0.16817682472060788,0.020097219868809274,0.4,5.560046269569494,False,0.3801399563729517,0.15301081823146273,0.227129138141489,0.125,11.226166362734766,True,False,True
217,18,Ob18.txt,103,0.2692248716717301,0.46778192948414987,0.0,0.46778192948414987,0.0,1.7375137987047622,True,0.35099776498616997,0.0,0.35099776498616997,0.0,1.3037345428254,True,True,True
217,19,Ob19.txt,143,0.051160533948848286,0.5107347573979724,0.20698723399376748,0.30374752340420486,0.0,9.98298332673031,True,0.4250013728130398,0.10253606351677569,0.3224653092962641,0.0,8.30721143837099,True,True,True
218,1,Ob1.txt,28,1.199496600114803,0.16696444826363116,0.2673593112320258,-0.10039486296839462,0.55,0.13919543269038953,False,0.29247957401535596,0.1861483206126666,0.10633125340268937,0.375,0.24383526721740012,False,False,False
218,2,Ob2.txt,43,0.1188491339155058,0.30081789330434283,0.25777294066002376,0.04304495264431907,0.4,2.53109032766032,False,0.44067621239538307,0.23388508338314645,0.20679112901223662,0.15,3.7078622104951635,True,False,True
218,3,Ob3.txt,40,0.8317929793216073,0.2705863508147985,0.2968625767992309,-0.02627622598443241,0.55,0.325304922668959,False,0.06562374365945589,0.21803474443614626,-0.15241100077669037,0.875,0.07889432261495789,False,False,False
218,4,Ob4.txt,58,0.09225815654511753,0.49334987903302085,0.20054293860984773,0.2928069404231731,0.1,5.347493354603884,True,0.38478274534779205,0.2640493622975658,0.12073338305022624,0.3,4.170717904596539,True,True,True
218,5,Ob5.txt,93,0.2446089633478522,0.2665295270175733,0.19807392586227446,0.06845560115529886,0.375,1.0896147196313017,False,0.1378767393652581,0.1922627513973728,-0.05438601203211471,0.675,0.5636618441049811,False,False,False
218,6,Ob6.txt,112,0.09935136460078692,0.3637576560477754,0.20510444541816497,0.1586532106296104,0.3,3.661325211882336,True,0.3643101379417857,0.19933967151246643,0.16497046642931926,0.25,3.666886100715925,True,True,True
218,7,Ob7.txt,33,0.34314737508657256,0.8116961195455739,0.2968687329328493,0.5148273866127245,0.025,2.3654446412151375,True,0.7691468765576404,0.2701476683794313,0.49899920817820903,0.05,2.2414476472786435,True,True,True
218,8,Ob8.txt,84,0.3157578914722782,0.18328028237469252,0.16762816365620042,0.015652118718492092,0.475,0.5804456114148568,False,0.34881621623232983,0.1840299276333832,0.16478628859894665,0.15,1.1046951656723805,True,False,True
218,9,Ob9.txt,37,0.4393739923542824,0.5301306877379806,0.30171469570905673,0.22841599202892382,0.15,1.2065590976320644,True,0.5644259185832127,0.23571012822850773,0.32871579035470494,0.125,1.2846138560884517,True,True,True
218,10,Ob10.txt,36,0.7222295623355031,0.605602949907653,0.1877324815616364,0.41787046834601654,0.1,0.8385186393496413,True,0.626108486956863,0.21857631879438827,0.4075321681624748,0.1,0.8669106328633109,True,True,True
218,11,Ob11.txt,119,0.013957809061089052,0.17891598227953698,0.1358477705734838,0.04306821170605318,0.4,12.818342871469051,False,0.2543637274967331,0.15276151723965387,0.10160221025707922,0.3,18.223757495425033,True,False,True
218,12,Ob12.txt,91,0.14238508746578868,0.41819739602321415,0.23704507210299844,0.1811523239202157,0.175,2.9370870465890313,True,0.11411599905147696,0.24517442871432119,-0.13105842966284423,0.725,0.8014603290453151,False,False,True
218,13,Ob13.txt,102,0.08144464299137782,0.380161892000799,0.0,0.380161892000799,0.0,4.667733543150836,True,0.21707106659754627,0.0,0.21707106659754627,0.425,2.6652589860394698,False,False,True
218,14,Ob14.txt,47,0.6481318032147795,0.27427833037576554,0.23825711713848313,0.03602121323728241,0.425,0.42318295293538394,False,0.22576572553329016,0.23118920052955821,-0.005423474996268052,0.525,0.34833304647831853,False,False,False
218,15,Ob15.txt,96,0.015257372569577349,0.1384891483138333,0.17328781752667766,-0.03479866921284436,0.55,9.076867441119953,False,0.07702211593067224,0.161476035032301,-0.08445391910162878,0.8,5.048190019574639,False,False,False
218,16,Ob16.txt,84,0.2173265568918395,0.10580371526033047,0.15780790636840053,-0.05200419110807006,0.7,0.48684209041689996,False,0.26950832142875214,0.13924493374120955,0.1302633876875426,0.25,1.2401076301175784,True,False,True
218,17,Ob17.txt,122,0.13259563107090463,0.02569098577144475,0.18753886005042517,-0.16184787427898042,0.975,0.19375439118131024,False,0.09686136882538934,0.20297529157458455,-0.1061139227491952,0.8,0.7305019633233116,False,False,False
218,18,Ob18.txt,103,0.4256382883973756,0.10913068877828352,0.0,0.10913068877828352,0.35,0.25639302608133596,False,0.19748661714160765,0.0,0.19748661714160765,0.0,0.4639775662222245,True,False,True
218,19,Ob19.txt,143,0.04678728387804856,0.33501631403269416,0.11359939782440398,0.22141691620829018,0.1,7.160413818975193,True,0.3028366164061095,0.06978874023827975,0.23304787616782974,0.025,6.472626562282512,True,True,True
219,1,Ob1.txt,28,0.3283175338590596,0.07834943126791688,0.243216882350691,-0.16486745108277412,0.775,0.2386391928173741,False,0.2627870531330818,0.26237060149503466,0.000416451638047155,0.5,0.8004051749666566,False,False,False
219,2,Ob2.txt,43,0.6483191770777085,0.10774468552350669,0.26105303491843923,-0.15330834939493254,0.8,0.16619080436454875,False,0.43307906556476117,0.2605880512829837,0.1724910142817775,0.125,0.6680028616720244,True,False,True
219,3,Ob3.txt,40,0.48262977771505,0.07835742826184466,0.24088004935086466,-0.16252262108902,0.8,0.16235514649099783,False,0.037102520714100196,0.22672389359622047,-0.18962137288212028,0.9,0.07687573876969923,False,False,False
219,4,Ob4.txt,58,0.22633507292712957,0.09366464972632116,0.20175384959052794,-0.10808919986420679,0.875,0.4138317959960066,False,0.3086952717479232,0.2151919257724963,0.09350334597542692,0.4,1.3638861523123735,False,False,False
219,5,Ob5.txt,93,0.37913425806684914,0.32837140578378693,0.21908990016484126,0.10928150561894567,0.35,0.8661085058841829,True,0.4771225650421762,0.18179726283438596,0.29532530220779024,0.15,1.2584527905100302,True,True,True
219,6,Ob6.txt,112,0.10364142746939609,0.2533845249393295,0.18458704299222434,0.06879748194710517,0.4,2.444818940902281,False,0.16684977844902832,0.13911428352110455,0.027735494927923765,0.475,1.6098753415789917,False,False,False
219,7,Ob7.txt,33,0.3555730328413123,0.3100285274636655,0.335647569384227,-0.025619041920561525,0.525,0.8719123747554479,False,0.6109935383056252,0.23057978797798842,0.3804137503276368,0.125,1.71833486196436,True,False,True
219,8,Ob8.txt,84,0.09960558640281998,0.19261754427796945,0.160733080170829,0.031884464107140464,0.45,1.9338026232684893,False,0.10388386896622707,0.3176973556210255,-0.21381348665479843,0.8,1.0429522350895568,False,False,False
219,9,Ob9.txt,37,0.31488125225107044,0.037669282801614634,0.2652617478308845,-0.22759246502926989,0.925,0.11963012256944103,False,0.00659574462572432,0.2181513276280592,-0.21155558300233487,0.975,0.020946768277157402,False,False,False
219,10,Ob10.txt,36,0.4490043791563261,0.6738037403252335,0.21035392922859888,0.46344981109663463,0.075,1.5006618456401308,True,0.4431801809532436,0.24798690622494315,0.19519327472830042,0.175,0.987028638308548,True,True,True
219,11,Ob11.txt,119,0.16992689484909673,0.3378990672482771,0.2611963411711188,0.07670272607715833,0.3,1.9884966858739328,True,0.547105630731609,0.1670140875823442,0.3800915431492648,0.025,3.2196529643966314,True,True,True
219,12,Ob12.txt,91,0.15801262712805006,0.4065360149657598,0.12976530908161626,0.27677070588414354,0.05,2.5728071379783573,True,0.6196624398870241,0.181286127809178,0.4383763120778461,0.05,3.921600767923837,True,True,True
219,13,Ob13.txt,102,0.043311874501407194,0.29387069921742537,0.41473958170573544,-0.12086888248831007,0.525,6.784991474055864,False,0.16676054162606566,0.29396539034697877,-0.12720484872091312,0.55,3.8502268383846476,False,False,False
219,14,Ob14.txt,47,0.3365098608734069,0.06152850470673382,0.2072017207205767,-0.14567321601384287,0.875,0.18284309573287807,False,0.05476443499025546,0.1707580177453764,-0.11599358275512095,0.8,0.16274243746710748,False,False,False
219,15,Ob15.txt,96,0.12149149783534337,0.40281259625156735,0.09730798170540497,0.3055046145461624,0.05,3.315562022270041,True,0.3917450045067334,0.08098316822352197,0.3107618362832114,0.025,3.2244643574784373,True,True,True
219,16,Ob16.txt,84,0.0856575611045059,0.25825073475631466,0.18736009554532132,0.07089063921099334,0.425,3.0149204743436213,False,0.47767928960809336,0.15225035540810833,0.32542893419998503,0.075,5.576615577757393,True,False,True
219,17,Ob17.txt,122,0.12492580026710975,0.11645362749902688,0.1187082645611515,-0.002254637062124615,0.55,0.9321823614500118,False,0.07214034090563357,0.18167546140577212,-0.10953512050013856,0.8,0.5774655095375566,False,False,False
219,18,Ob18.txt,103,0.10853291954505281,0.18398992251298663,0.16144039371548247,0.02254952879750416,0.45,1.6952453069928801,False,0.03608103730518908,0.24215252045455737,-0.2060714831493683,0.7,0.332443257367748,False,False,False
219,19,Ob19.txt,143,0.3641945727108462,0.23689644459900894,0.09907461484689863,0.13782182975211033,0.05,0.6504667074956492,True,0.22315086112497934,0.21526969462135953,0.007881166503619808,0.475,0.6127242903813146,False,False,True
220,1,Ob1.txt,28,0.23093245696420112,0.5183658742502957,0.25446376237140045,0.26390211187889523,0.15,2.2446644402638136,True,0.6803321111692386,0.25083754789693125,0.4294945632723074,0.0,2.9460220538627144,True,True,True
220,2,Ob2.txt,43,0.22599413814419586,0.19175959556722688,0.27719114665122824,-0.08543155108400136,0.6,0.8485157940020304,False,0.2343328779963777,0.2791434551528694,-0.04481057715649173,0.625,1.0368980360316307,False,False,False
220,3,Ob3.txt,40,0.4022935719766053,0.39328138261352186,0.3259884603581632,0.06729292225535866,0.3,0.9775979782157505,True,0.0026788537513346977,0.25968789285599597,-0.2570090391046613,1.0,0.006658952411724047,False,False,True
220,4,Ob4.txt,58,0.49300105326999527,0.47936888954172047,0.21875356601620793,0.26061532352551253,0.0,0.972348611351122,True,0.8751978984717639,0.20414089230986399,0.6710570061618999,0.0,1.7752454942372222,True,True,True
220,5,Ob5.txt,93,0.29496102188749806,0.03988866102253753,0.223958329723326,-0.18406966870078845,0.95,0.13523366839212939,False,0.10993632232635375,0.2409679655916419,-0.13103164326528816,0.725,0.3727147459106813,False,False,False
220,6,Ob6.txt,112,0.19127710258514408,0.4032652577713407,0.16005717683085402,0.24320808094048668,0.15,2.1082777411469484,True,0.06326767156171798,0.2011838780077099,-0.13791620644599192,0.875,0.3307644809893298,False,False,True
220,7,Ob7.txt,33,0.02735862982038792,0.12325935346723155,0.2393484087622071,-0.11608905529497554,0.8,4.505318953340911,False,0.3175373410016436,0.2660689964281603,0.051468344573483316,0.4,11.606478214965708,False,False,False
220,8,Ob8.txt,84,0.7893139987298291,0.3736322910304418,0.17276637475147233,0.2008659162789695,0.175,0.4733633150199973,True,0.04106434446691948,0.2696652405456469,-0.2286008960787274,0.95,0.05202535940449628,False,False,True
220,9,Ob9.txt,37,0.5426400389263717,0.3559123357882434,0.19801165831157563,0.15790067747666775,0.25,0.6558902960651886,True,1.0094834542360507,0.26901978257834425,0.7404636716577064,0.0,1.8603187782334336,True,True,True
220,10,Ob10.txt,36,0.23925141350610468,0.2633749903110498,0.28871401063748897,-0.0253390203264392,0.55,1.1008294013875473,False,0.5009475303561337,0.32586651331716787,0.17508101703896584,0.25,2.093812207898833,True,False,True
220,11,Ob11.txt,119,0.4304454216529571,0.24951159320000402,0.20401328017411946,0.04549831302588456,0.4,0.5796590709266982,False,0.6898913894562528,0.1768715141365556,0.5130198753196973,0.0,1.6027383606660166,True,False,True
220,12,Ob12.txt,91,0.1945043577717584,0.1683341695544262,0.1953688607370861,-0.027034691182659887,0.575,0.8654519183161867,False,0.12149696970707477,0.15260189475460922,-0.031104925047534454,0.575,0.6246490880664262,False,False,False
220,13,Ob13.txt,102,0.3847446794380094,0.15995656089952207,0.03656147538703183,0.12339508551249023,0.175,0.41574729800856025,True,0.08387788732057008,0.033209069185550555,0.05066881813501953,0.375,0.21800921962868783,False,False,True
220,14,Ob14.txt,47,0.46032571453376114,0.5382659458966899,0.2323558279277462,0.30591011796894363,0.15,1.169315397559031,True,0.2732487362270489,0.24589888509392602,0.02734985113312291,0.45,0.5935986793694714,False,False,True
220,15,Ob15.txt,96,0.28588699697380876,0.2241898104757596,0.18010786285870667,0.04408194761705292,0.375,0.7841903019335241,False,0.15752264864857607,0.19277598752940966,-0.035253338880833596,0.575,0.5509961989037485,False,False,False
220,16,Ob16.txt,84,0.23128365774733567,0.1773985915265769,0.25320744363338293,-0.07580885210680605,0.6,0.7670174073447715,False,0.002556358084298438,0.21232042198401155,-0.2097640638997131,0.975,0.011052912727154786,False,False,False
220,17,Ob17.txt,122,0.060650119112554524,0.05216627284791574,0.1469324307223971,-0.09476615787448135,0.8,0.8601182258373729,False,0.3432731165981676,0.12650987555455234,0.21676324104361527,0.15,5.659891878548848,True,False,True
220,18,Ob18.txt,103,0.17454253110470022,0.13306726842318134,0.07873961313784328,0.05432765528533806,0.425,0.7623773276403346,False,0.15780730671497462,0.0,0.15780730671497462,0.0,0.9041195043763466,True,False,True
220,19,Ob19.txt,143,0.10078746633773791,0.34737149506678244,0.16843762299695086,0.17893387206983158,0.15,3.4465743379513443,True,0.3342606380625038,0.09716929716544198,0.2370913408970618,0.125,3.3164901372001885,True,True,True
221,1,Ob1.txt,28,0.3534937494015069,0.032671289443265125,0.23046930880497807,-0.19779801936171293,0.925,0.09242395232894562,False,0.43554700427320325,0.24201710311646354,0.1935299011567397,0.25,1.2321208083894526,True,False,True
221,2,Ob2.txt,43,0.553395861528811,0.5014401690615897,0.2100251902258542,0.2914149788357355,0.175,0.9061147795292712,True,0.4549597524214025,0.2659674980651089,0.18899225435629363,0.175,0.8221235178097123,True,True,True
221,3,Ob3.txt,40,0.25621285147502704,0.31840417182861247,0.1844002256510187,0.13400394617759376,0.2,1.2427330244972008,True,0.02205835369888115,0.15778388419687694,-0.1357255304979958,0.9,0.08609386130278156,False,False,True
221,4,Ob4.txt,58,0.10551074711088837,0.4061629024286254,0.23849095228245387,0.16767195014617153,0.25,3.849493189558798,True,0.565133766107524,0.23222923234387166,0.3329045337636523,0.175,5.356172537699754,True,True,True
221,5,Ob5.txt,93,0.10416723512353054,0.21618012662544783,0.23771622581102775,-0.021536099185579916,0.575,2.075317890208785,False,0.021858882074492658,0.21561909825027717,-0.1937602161757845,0.925,0.20984412275674302,False,False,False
221,6,Ob6.txt,112,0.25321198682048307,0.249063210234732,0.24206123244322555,0.007001977791506436,0.475,0.9836154021069611,False,0.3248764716710582,0.18487477643508426,0.14000169523597394,0.25,1.2830216916286128,True,False,True
221,7,Ob7.txt,33,0.37021241648536785,0.5550404457719971,0.2840204331622346,0.2710200126097625,0.275,1.4992485963634186,True,0.8346719391780903,0.42113737484856145,0.4135345643295289,0.05,2.254575757080475,True,True,True
221,8,Ob8.txt,84,0.1294418905989173,0.10804069889305266,0.22842596827650558,-0.12038526938345291,0.75,0.8346656433489728,False,0.31868401170053035,0.2132843174385208,0.10539969426200954,0.3,2.461985144268249,True,False,True
221,9,Ob9.txt,37,0.2889257450932192,0.5102040264646959,0.3022064361864203,0.20799759027827558,0.25,1.7658655731772301,True,0.49728398476408314,0.32337333518325373,0.1739106495808294,0.4,1.7211480569294337,False,False,True
221,10,Ob10.txt,36,0.6440581115401978,0.28541382298737683,0.18426943810765017,0.10114438487972666,0.35,0.4431491784255918,True,0.028890984544778602,0.22547196504285666,-0.19658098049807807,0.975,0.04485772949227955,False,False,True
221,11,Ob11.txt,119,0.15481896849858504,0.08382417216595424,0.12757127005208915,-0.043747097886134914,0.7,0.5414334753607427,False,0.08260197915069259,0.17083566487701254,-0.08823368572631995,0.675,0.5335391389812,False,False,False
221,12,Ob12.txt,91,0.2368700720945811,0.25207146754964815,0.26980008253526644,-0.017728614985618285,0.575,1.0641760916465512,False,0.06507179123590265,0.3110113959841647,-0.24593960474826207,0.85,0.2747151240360994,False,False,False
221,13,Ob13.txt,102,0.24177541198930683,0.21240961651777257,0.02663138904986226,0.1857782274679103,0.1,0.8785410177572852,True,0.11660968129144314,0.12976207182734922,-0.013152390535906083,0.55,0.48230579086594844,False,False,True
221,14,Ob14.txt,47,0.3738386256389004,0.05337611950923388,0.2158452877994963,-0.16246916829026242,0.8,0.14277850347329046,False,0.0380526323085022,0.1751175148962157,-0.1370648825877135,0.9,0.10178892628729633,False,False,False
221,15,Ob15.txt,96,0.04372626414800046,0.01434837223868115,0.19522035913729568,-0.18087198689861453,0.975,0.3281408215006925,False,0.06894790431585182,0.21555174294453605,-0.14660383862868423,0.825,1.576807569987767,False,False,False
221,16,Ob16.txt,84,0.15804021925356548,0.058743497268836375,0.19772397088534743,-0.13898047361651106,0.875,0.37169966952897077,False,0.3408066645722203,0.1864021502554309,0.15440451431678942,0.275,2.1564552756372586,True,False,True
221,17,Ob17.txt,122,0.23812138568600855,0.07225121277604951,0.14291063358682174,-0.07065942081077223,0.7,0.3034217719164517,False,0.0010714764634684737,0.13523358802473467,-0.1341621115612662,0.975,0.00449970698928043,False,False,False
221,18,Ob18.txt,103,0.19096110349448908,0.3119052147170685,0.22088877146570068,0.09101644325136782,0.125,1.6333442204164355,True,0.5174662711103708,0.14891105861292872,0.36855521249744205,0.05,2.709799334215223,True,True,True
221,19,Ob19.txt,143,0.02690295306429108,0.14411220348626158,0.17038239146358905,-0.02627018797732747,0.625,5.356742924907566,False,0.1360592138795113,0.11421029635716062,0.021848917522350686,0.475,5.057408142309325,False,False,False
222,1,Ob1.txt,28,0.6458637194622078,0.009319103756226466,0.21930207999872453,-0.20998297624249807,1.0,0.014428901137203087,False,0.07321518922843218,0.2077519752071743,-0.13453678597874213,0.875,0.11336012075333225,False,False,False
222,2,Ob2.txt,43,0.2672288065185507,0.29488680905571063,0.2458498549096273,0.049036954146083334,0.375,1.103499330395879,False,0.06362602911922524,0.2751176163784619,-0.21149158725923664,1.0,0.23809569764631044,False,False,False
222,3,Ob3.txt,40,0.10419367056608712,0.13051482937885903,0.30871319150822313,-0.1781983621293641,0.75,1.2526176366545905,False,0.16423385359576134,0.29828495223990353,-0.1340510986441422,0.675,1.5762363750453767,False,False,False
222,4,Ob4.txt,58,0.12974700444705367,0.2874974082075392,0.22632246980441867,0.06117493840312055,0.325,2.2158307965010424,True,0.771472202623719,0.1971563369503521,0.5743158656733669,0.05,5.945973133726848,True,True,True
222,5,Ob5.txt,93,0.2123334800701528,0.04921579517357777,0.2025664169865251,-0.15335062181294734,0.925,0.23178537438993313,False,0.026719806380390343,0.17215188792943767,-0.14543208154904733,0.875,0.12583887558176127,False,False,False
222,6,Ob6.txt,112,0.3681607010121211,0.4679595275137416,0.11456189485307111,0.3533976326606705,0.075,1.2710740886446072,True,0.15592387982697786,0.15966193790218175,-0.0037380580752038872,0.525,0.4235212487327492,False,False,True
222,7,Ob7.txt,33,1.1863545534039792,0.6937160215985994,0.28440020899485974,0.4093158126037396,0.075,0.5847459510381077,True,0.607687199612772,0.3061315062627028,0.30155569335006915,0.15,0.512230680001311,True,True,True
222,8,Ob8.txt,84,0.2154437069398264,0.09544395675650563,0.1608713687202238,-0.06542741196371818,0.675,0.44301111465355175,False,0.113254489313174,0.1999058998336193,-0.08665141052044531,0.675,0.5256801923892169,False,False,False
222,9,Ob9.txt,37,0.6009592460567594,0.4816489382584578,0.2268395927792382,0.2548093454792196,0.15,0.8014668905068597,True,0.2470589860135396,0.2592778306051855,-0.012218844591645905,0.55,0.41110772092223596,False,False,True
222,10,Ob10.txt,36,0.06137586871739492,0.2495717170984285,0.22877322727471708,0.020798489823711436,0.475,4.066284067563769,False,0.02875080630824363,0.23908469262906107,-0.21033388632081745,0.95,0.46843827890447737,False,False,False
222,11,Ob11.txt,119,0.39777054146892743,0.2950733199756508,0.20652315196141288,0.0885501680142379,0.25,0.7418179307245178,True,0.03909460272670984,0.1483993480679899,-0.10930474534128007,0.85,0.09828430879355048,False,False,True
222,12,Ob12.txt,91,0.12119603888107933,0.2708048873923449,0.25211868821426586,0.01868619917807901,0.475,2.234436784341323,False,0.021282463819180447,0.1674098493196723,-0.14612738550049184,0.975,0.17560362546224262,False,False,False
222,13,Ob13.txt,102,0.5600005262307209,0.17542233793439688,0.16330505532429185,0.012117282610105029,0.425,0.3132538805188955,False,0.06449588694412262,0.12468433403875845,-0.06018844709463583,0.525,0.11517111845989628,False,False,False
222,14,Ob14.txt,47,0.07943045106288754,0.3166666272286037,0.25279467438148895,0.06387195284711478,0.375,3.986715711558644,False,0.30415218125067084,0.24375881940652716,0.06039336184414368,0.35,3.8291634654052786,True,False,True
222,15,Ob15.txt,96,0.42106348571599994,0.08492736202759377,0.28774277313314056,-0.2028154111055468,0.85,0.20169728534683676,False,0.0017344750138017784,0.05592924369496305,-0.05419476868116127,0.875,0.004119271968815771,False,False,False
222,16,Ob16.txt,84,0.17898705913710417,0.704687475189391,0.17488178355339842,0.5298056916359926,0.025,3.9370861702889934,True,0.5738175385661294,0.260652767668023,0.3131647708981064,0.1,3.2059163457542756,True,True,True
222,17,Ob17.txt,122,0.3660408060991245,0.3046497171537962,0.10894841182351273,0.19570130533028346,0.15,0.8322834833646839,True,0.2262894382058107,0.1214939242103515,0.10479551399545921,0.25,0.618208228250189,True,True,True
222,18,Ob18.txt,103,0.16884164397187224,0.16514032095029949,0.0,0.16514032095029949,0.1,0.978078139169331,True,0.1535881349438783,0.0,0.1535881349438783,0.1,0.9096578979618615,True,True,True
222,19,Ob19.txt,143,0.06692312590943139,0.0684840490485698,0.12954272979028916,-0.06105868074171936,0.7,1.0233241217878981,False,0.11193335258072779,0.08283543744863746,0.029097915132090327,0.25,1.6725661131282148,False,False,False
223,1,Ob1.txt,28,0.3748936983675869,0.3436242739968413,0.241657206677582,0.10196706731925931,0.3,0.9165912243739941,True,0.3115687466748206,0.24407351031605798,0.06749523635876262,0.325,0.8310855798096782,True,True,True
223,2,Ob2.txt,43,0.39085006136614564,0.0037823685721107836,0.245494445298784,-0.24171207672667322,1.0,0.009677287906493347,False,0.26427081068139296,0.23405613215801968,0.030214678523373284,0.4,0.6761437103468327,False,False,False
223,3,Ob3.txt,40,0.9358401688278296,0.8392903219848427,0.3750057937393699,0.4642845282454728,0.0,0.8968308370820214,True,0.38425500391042533,0.29018935191913436,0.09406565199129097,0.375,0.41059896412836955,False,False,True
223,4,Ob4.txt,58,0.6111699497390262,0.03424763139045677,0.21392885096845932,-0.17968121957800254,0.9,0.056036183397237954,False,0.1486196386008583,0.2431934629437301,-0.09457382434287179,0.625,0.24317235928291292,False,False,False
223,5,Ob5.txt,93,0.00033668213563795013,0.09641424714035629,0.21810750931945777,-0.12169326217910148,0.775,286.3657941270605,False,0.048191593923805655,0.1847467840527747,-0.13655519012896905,0.925,143.13677152038832,False,False,False
223,6,Ob6.txt,112,0.039529063084573574,0.04501566124995682,0.1686933094716572,-0.12367764822170038,0.8,1.1387990945711137,False,0.020541324531048122,0.1713741786609887,-0.15083285412994057,0.85,0.5196511864472821,False,False,False
223,7,Ob7.txt,33,0.8791313549061681,0.2589794306433312,0.3047782788862966,-0.04579884824296543,0.55,0.294585592014259,False,0.20360228820802106,0.2567359774852793,-0.053133689277258256,0.625,0.23159484310481912,False,False,False
223,8,Ob8.txt,84,0.44835392590713463,0.5640270971989668,0.18647904876402674,0.37754804843494005,0.025,1.257995223433799,True,0.2435313552351154,0.13167904481004375,0.11185231042507165,0.125,0.5431676654606943,True,True,True
223,9,Ob9.txt,37,0.27690885901202156,0.01704835308297664,0.2211792202797561,-0.20413086719677945,0.975,0.06156665822755968,False,0.1962520330240338,0.23653217825612158,-0.04028014523208778,0.525,0.7087242846770526,False,False,False
223,10,Ob10.txt,36,0.4069986712099434,0.13824631337206203,0.20584475158760415,-0.06759843821554212,0.6,0.33967264060365937,False,0.47014372530989446,0.21852389189180083,0.25161983341809363,0.225,1.1551480596047912,True,False,True
223,11,Ob11.txt,119,0.43596163151834283,0.2971909190570238,0.15247282687163416,0.1447180921853896,0.225,0.6816905378163299,True,0.5348475250730583,0.19126786422652275,0.3435796608465356,0.075,1.2268224687808449,True,True,True
223,12,Ob12.txt,91,0.026132179602306738,0.4579867900920192,0.21683400705581984,0.24115278303619936,0.3,17.52577844871355,True,0.3907175158311091,0.16334402255557773,0.22737349327553136,0.225,14.951585431343801,True,True,True
223,13,Ob13.txt,102,0.11075221905095561,0.14316029934533359,0.2694793567726159,-0.12631905742728233,0.625,1.2926178867754103,False,0.08845130088319311,0.29278404045456075,-0.20433273957136763,0.8,0.7986413422786396,False,False,False
223,14,Ob14.txt,47,0.3595288267618576,0.017633414541356973,0.2239962683831566,-0.20636285384179961,0.95,0.049045899045633085,False,0.399550177570864,0.2712643779750188,0.12828579959584518,0.225,1.1113161110597551,True,False,True
223,15,Ob15.txt,96,0.06145915820507003,0.06016165144469282,0.2416783245138371,-0.1815166730691443,0.825,0.9788883089474179,False,0.13395835464000228,0.17612432064318423,-0.042165966003181954,0.675,2.179632109392469,False,False,False
223,16,Ob16.txt,84,0.16681335655410268,0.4728849152160137,0.21812739575803003,0.2547575194579837,0.075,2.8348144596121876,True,0.026489620726349,0.22032151820293533,-0.19383189747658633,0.95,0.15879796002880384,False,False,True
223,17,Ob17.txt,122,0.05421965480082222,0.24293531639563065,0.15523136101709126,0.0877039553785394,0.25,4.480576596956619,True,0.05091604002819,0.17948707120285762,-0.12857103117466762,0.825,0.9390697933292242,False,False,True
223,18,Ob18.txt,103,0.07578587859536304,0.1789293242631873,0.0,0.1789293242631873,0.175,2.360985022269506,True,0.17047125523363998,0.0,0.17047125523363998,0.175,2.2493802063550965,True,True,True
223,19,Ob19.txt,143,0.18321356114042706,0.010031926350677609,0.3302887361403547,-0.3202568097896771,0.975,0.054755370116890384,False,0.038526102965427314,0.10865697080978134,-0.07013086784435403,0.725,0.2102797561797205,False,False,False
224,1,Ob1.txt,28,0.25781017235294706,0.8958123398886232,0.22495096434288175,0.6708613755457414,0.0,3.474697416757625,True,0.8561578761418125,0.296904909911986,0.5592529662298265,0.0,3.320884774747041,True,True,True
224,2,Ob2.txt,43,0.1511386806314991,0.0026974815119743534,0.19792177952479756,-0.1952242980128232,1.0,0.01784772435953213,False,0.2763614121150677,0.27172041483609516,0.004640997278972547,0.475,1.8285286794906075,False,False,False
224,3,Ob3.txt,40,0.06285826740777908,0.37959205075797176,0.19076895398741697,0.18882309677055478,0.25,6.0388564052434415,True,0.3510920073393197,0.14210375388624635,0.20898825345307337,0.3,5.585454735201149,True,True,True
224,4,Ob4.txt,58,0.7459186195910433,0.1420928629257003,0.17814559059218205,-0.03605272766648174,0.575,0.19049378738340653,False,0.050195448345853017,0.21404597550529064,-0.16385052715943763,0.8,0.06729346476613378,False,False,False
224,5,Ob5.txt,93,0.15347742456653138,0.0009273806411074226,0.1392485790658683,-0.13832119842476087,1.0,0.006042456365987622,False,0.029350793218978266,0.18204551577212713,-0.15269472255314886,0.925,0.1912385049584599,False,False,False
224,6,Ob6.txt,112,0.0786094321830973,0.12255287424048333,0.1481650602186612,-0.025612185978177854,0.6,1.5590097884822887,False,0.24608357765244193,0.13277480829041421,0.11330876936202772,0.225,3.1304586589464662,True,False,True
224,7,Ob7.txt,33,0.6425896046135469,0.4329470148973311,0.29619445166497527,0.13675256323235585,0.3,0.6737535306966338,True,0.1073072635792599,0.31757060425374883,-0.21026334067448893,0.775,0.16699190713456133,False,False,True
224,8,Ob8.txt,84,0.10409348233782417,0.05060664626667979,0.2852126711394073,-0.2346060248727275,0.875,0.4861653691481026,False,0.0843168549884494,0.29613659386214763,-0.21181973887369823,0.85,0.8100108968860139,False,False,False
224,9,Ob9.txt,37,0.09034861162539139,0.5384293779893083,0.22597087134284732,0.312458506646461,0.125,5.959464880564798,True,0.17798914584437772,0.23846405443061408,-0.06047490858623636,0.65,1.970026352838343,False,False,True
224,10,Ob10.txt,36,0.48845231144123946,0.03529185621811272,0.2702889584326239,-0.2349971022145112,0.875,0.07225240907137832,False,0.17650569119919865,0.25186607553439544,-0.07536038433519679,0.625,0.36135705997254186,False,False,False
224,11,Ob11.txt,119,0.02282818454965182,0.14329170929306936,0.22437998758547634,-0.08108827829240697,0.75,6.276964731093997,False,0.2894929501368516,0.17651178394226508,0.11298116619458654,0.3,12.681382941652583,True,False,True
224,12,Ob12.txt,91,0.01802377250838897,0.21445404360233344,0.20450748477505415,0.009946558827279295,0.475,11.898399377961418,False,0.2937634322876098,0.24558662408744977,0.04817680820016004,0.35,16.29866511857497,True,False,True
224,13,Ob13.txt,102,0.03160276800767936,0.17904891209758345,0.0,0.17904891209758345,0.075,5.665608533216938,True,0.35398143176612107,0.08937372787259296,0.2646077038935281,0.0,11.200962892873967,True,True,True
224,14,Ob14.txt,47,0.3864453359917331,0.28231132590121,0.21804564699133283,0.06426567890987717,0.45,0.7305336605414465,False,0.11939033986534539,0.24832128007765863,-0.12893094021231324,0.775,0.3089449625752487,False,False,False
224,15,Ob15.txt,96,0.21644744036790475,0.1067253972602202,0.12150317454438805,-0.014777777284167848,0.6,0.4930776593098749,False,0.11147054561155946,0.15861513374029662,-0.04714458812873716,0.6,0.5150005258647934,False,False,False
224,16,Ob16.txt,84,0.18340168408134427,0.33910079798651516,0.21921843016576995,0.11988236782074521,0.25,1.8489513860522324,True,0.17850486041077146,0.2547999507047357,-0.07629509029396425,0.625,0.9733000070577273,False,False,True
224,17,Ob17.txt,122,0.24787611992941053,0.04931657609488915,0.22855531517129285,-0.1792387390764037,0.8,0.19895654373214083,False,0.32255071270087265,0.17579567785969633,0.14675503484117633,0.325,1.3012577120891184,True,False,True
224,18,Ob18.txt,103,0.06176418411236323,0.6485486577038941,0.18286134543693958,0.4656873122669546,0.1,10.500400305200102,True,0.6588243664005395,0.05852168853216133,0.6003026778683782,0.0,10.666770327638211,True,True,True
224,19,Ob19.txt,143,0.2545843242921347,0.055464257424924945,0.1925324140673027,-0.13706815664237776,0.825,0.21786202893340711,False,0.21290010598299391,0.09018466281314305,0.12271544316985086,0.2,0.8362655735971071,True,False,True
225,1,Ob1.txt,28,0.5752363650196896,0.21371988427543087,0.2504153078401542,-0.03669542356472333,0.55,0.37153402891716614,False,0.9175442386487748,0.1991989462985589,0.7183452923502158,0.0,1.5950734244998028,True,False,True
225,2,Ob2.txt,43,0.009421508974931214,0.5000548676941192,0.19489969814274422,0.305155169551375,0.075,53.07587871801291,True,0.517422486049388,0.20983286477649782,0.3075896212728902,0.075,54.91927964258673,True,True,True
225,3,Ob3.txt,40,0.23649872941199956,0.48271513559623286,0.19085735920835845,0.2918577763878744,0.2,2.041089763130629,True,0.01726603981062877,0.2218247117142234,-0.20455867190359464,0.925,0.073006903054223,False,False,True
225,4,Ob4.txt,58,0.2600232776461043,0.2970909365405809,0.17970953768195846,0.11738139885862242,0.2,1.1425551559461775,True,0.18800924728184654,0.18068552030325247,0.0073237269785940695,0.45,0.7230477555079897,False,False,True
225,5,Ob5.txt,93,0.11159413358098362,0.4007577661670624,0.2217228985490921,0.17903486761797027,0.225,3.5912081872675983,True,0.058444648416287326,0.16913332442065043,-0.1106886760043631,0.775,0.5237250968383044,False,False,True
225,6,Ob6.txt,112,0.7028864853118676,0.24244118240164736,0.20877214955913598,0.03366903284251138,0.375,0.34492224202330096,False,0.10332156780743007,0.20849751457389243,-0.10517594676646236,0.725,0.14699609391634091,False,False,False
225,7,Ob7.txt,33,0.26965197789246365,0.4525423981181474,0.16433799439949132,0.2882044037186561,0.15,1.6782461662440313,True,0.3465086463027559,0.21035373318057876,0.13615491312217715,0.275,1.2850217121008565,True,True,True
225,8,Ob8.txt,84,0.5203608766202554,0.5788556078932036,0.1507473801717894,0.42810822772141416,0.075,1.1124118547360275,True,0.7785719032770138,0.23427044335258143,0.5443014599244324,0.025,1.4962152964570266,True,True,True
225,9,Ob9.txt,37,0.4996507692680155,0.5379528079356305,0.1707534226255007,0.3671993853101298,0.0,1.07665761972853,True,0.6410147410272962,0.30692518262250346,0.3340895584047927,0.075,1.2829255561166808,True,True,True
225,10,Ob10.txt,36,0.29766015082945796,0.9184227103755668,0.21151875258158237,0.7069039577939844,0.0,3.0854741819363314,True,0.6536854067363053,0.2588824319680416,0.39480297476826365,0.025,2.196079673126381,True,True,True
225,11,Ob11.txt,119,0.21920908724154908,0.21807524607555717,0.1590698333261404,0.059005412749416786,0.475,0.9948275813732917,False,0.18844830711081073,0.22331700682564332,-0.034868699714832585,0.55,0.859673791274708,False,False,False
225,12,Ob12.txt,91,0.36292137888545284,0.11134344400329749,0.168006804885172,-0.056663360881874514,0.625,0.3067976991194015,False,0.2511099992324225,0.15650796679788526,0.09460203243453724,0.3,0.6919129426973746,True,False,True
225,13,Ob13.txt,102,0.03911509972351332,0.19464097400074615,0.0,0.19464097400074615,0.0,4.976108341192374,True,0.4162113260768486,0.0,0.4162113260768486,0.0,10.64068170652396,True,True,True
225,14,Ob14.txt,47,0.09535971199137816,0.25049395678443465,0.27407995455462275,-0.023585997770188105,0.55,2.6268321448693426,False,0.41283742180934413,0.2525083689126457,0.1603290528966984,0.325,4.329264562446144,True,False,True
225,15,Ob15.txt,96,0.10920544301740097,0.08455207834210798,0.1402302431336566,-0.05567816479154861,0.75,0.774247839722012,False,0.37214209981763136,0.29543839334700767,0.07670370647062369,0.3,3.4077248306967047,True,False,True
225,16,Ob16.txt,84,0.03175307313197562,0.11796973561122148,0.2832109919195871,-0.1652412563083656,0.75,3.715222621788533,False,0.05875972335873311,0.15614123952010878,-0.09738151616137566,0.825,1.8505208335114363,False,False,False
225,17,Ob17.txt,122,0.32285784984638466,0.11800700076468756,0.13681283021719826,-0.01880582945251069,0.55,0.3655076090633545,False,0.01016839200175923,0.16282941149484031,-0.15266101949308108,1.0,0.03149495050715768,False,False,False
225,18,Ob18.txt,103,0.015278682831339208,0.0289840327169847,0.18002862655479812,-0.15104459383781343,0.625,1.8970243074575421,False,0.45441088467195917,0.23553806922191434,0.21887281545004483,0.425,29.74149602345853,False,False,False
225,19,Ob19.txt,143,0.1348793887281584,0.05281836903732609,0.15732429105853776,-0.10450592202121167,0.85,0.3915970374374876,False,0.016949028990607046,0.07667147171659465,-0.059722442725987604,0.75,0.1256606302150941,False,False,False
226,1,Ob1.txt,28,0.6644375073496689,0.6481074196290713,0.22014420863031026,0.427963210998761,0.075,0.975422688304073,True,0.009978264196262632,0.21744879369013353,-0.2074705294938709,0.975,0.015017611266504617,False,False,True
226,2,Ob2.txt,43,0.33272704590340607,0.10027202296058069,0.1549323072017269,-0.05466028424114622,0.675,0.3013642088767579,False,0.0321923117113966,0.30164230633204947,-0.2694499946206529,0.925,0.09675291536337069,False,False,False
226,3,Ob3.txt,40,0.07941605459745629,0.29302771863296717,0.24939661968420238,0.043631098948764796,0.45,3.6897793540394903,False,0.1554793447200069,0.2840584674411313,-0.12857912272112437,0.725,1.9577822835458125,False,False,False
226,4,Ob4.txt,58,0.28140309676904846,0.2067112355497649,0.20716747596215127,-0.0004562404123863717,0.5,0.7345734212705405,False,0.34872374747451573,0.3030259206108374,0.04569782686367835,0.45,1.2392320890509543,False,False,False
226,5,Ob5.txt,93,0.21095325606336807,0.245860219650055,0.21836181385016473,0.02749840579989027,0.4,1.1654725043741503,False,0.21248763329095094,0.18449973912379253,0.02798789416715841,0.45,1.0072735413343037,False,False,False
226,6,Ob6.txt,112,0.31680295632543787,0.20401280678597705,0.1597741935760713,0.04423861320990574,0.425,0.6439738099426181,False,0.4070414840205935,0.1956737825479464,0.21136770147264708,0.275,1.2848411793305916,True,False,True
226,7,Ob7.txt,33,0.2887856338296614,0.21537398735533742,0.3668245052008924,-0.15145051784555497,0.7,0.7457919028007279,False,0.12113717939758949,0.42053345406037684,-0.29939627466278734,0.95,0.4194709334780884,False,False,False
226,8,Ob8.txt,84,0.30992934510489645,0.29846667076142097,0.1657736011360208,0.13269306962540017,0.225,0.9630152016112062,True,0.37690418737429343,0.2169632203552817,0.15994096701901173,0.2,1.2160971309339204,True,True,True
226,9,Ob9.txt,37,0.7373790351854748,0.6929054792195417,0.20449402327099442,0.4884114559485473,0.025,0.9396869807198323,True,0.3189031692751207,0.24259169076317003,0.07631147851195066,0.375,0.43248201272077963,False,False,True
226,10,Ob10.txt,36,0.2133303613169099,0.8249137369289947,0.32327156959964554,0.5016421673293492,0.0,3.8668370120254743,True,0.42152720248477926,0.2714189083384314,0.15010829414634785,0.15,1.9759362890619467,True,True,True
226,11,Ob11.txt,119,0.3203944432453809,0.3517543748441134,0.16617881008142776,0.18557556476268566,0.125,1.0978791369821443,True,0.11699241570600663,0.18393178445196146,-0.06693936874595482,0.725,0.3651512008789912,False,False,True
226,12,Ob12.txt,91,0.15852149526632958,0.3521352263877552,0.15103958785844035,0.20109563852931484,0.1,2.221372097179238,True,0.46483723277747097,0.17504517301129427,0.2897920597661767,0.225,2.9323293474900987,True,True,True
226,13,Ob13.txt,102,0.16571872199192328,0.24132078094500573,0.17352677801435198,0.06779400293065374,0.375,1.4562071083119208,False,0.22459200128851442,0.1668058154504477,0.05778618583806672,0.3,1.3552602783133971,True,False,True
226,14,Ob14.txt,47,0.41995002788493907,0.28859818249135616,0.28634601247785085,0.0022521700135053058,0.5,0.6872202960549115,False,0.4024033867135657,0.23135092706726168,0.171052459646304,0.15,0.9582173115697924,True,False,True
226,15,Ob15.txt,96,0.11099520066842561,0.13814930002715323,0.12854692968252124,0.009602370344631989,0.5,1.244642103399089,False,0.19095092101260347,0.20283189787008668,-0.01188097685748321,0.55,1.7203529509625237,False,False,False
226,16,Ob16.txt,84,0.23687190333340574,0.11775044782216776,0.22930856476990447,-0.11155811694773671,0.675,0.49710601453828723,False,0.3695145654329366,0.23868671561822344,0.13082784981471315,0.35,1.5599763426261304,True,False,True
226,17,Ob17.txt,122,0.0564117681287577,0.35842384581504516,0.20001492654929295,0.1584089192657522,0.2,6.353706995975671,True,0.15805309864070408,0.17115021080523984,-0.013097112164535768,0.525,2.8017753012093847,False,False,True
226,18,Ob18.txt,103,0.2296292890148891,0.21793663549399866,0.14692194601529893,0.07101468947869974,0.425,0.9490803042980623,False,0.2629765961551158,0.1321988167879623,0.1307777793671535,0.275,1.1452223594093194,True,False,True
226,19,Ob19.txt,143,0.27287708954121614,0.21208282857173227,0.08333484044859085,0.12874798812314142,0.125,0.7772100945825233,True,0.07808828539139663,0.1347644541794139,-0.056676168788017275,0.65,0.2861665137321906,False,False,True
227,1,Ob1.txt,28,0.7963278790394909,0.34695052263603876,0.2214194849033577,0.12553103773268107,0.25,0.43568802721627814,True,0.28298169769450887,0.13984711124851093,0.14313458644599794,0.275,0.35535827030925216,True,True,True
227,2,Ob2.txt,43,0.0146743510078471,0.2392256856060743,0.26729952805975393,-0.028073842453679637,0.525,16.302300897542146,False,0.04194125347642948,0.23228884232711958,-0.19034758885069009,0.925,2.8581334502630757,False,False,False
227,3,Ob3.txt,40,0.07621153562196414,0.2855397457610179,0.2696294917222364,0.015910254038781546,0.475,3.7466735636635753,False,0.2954899264140835,0.2488079581109247,0.046681968303158794,0.45,3.8772335972839707,False,False,False
227,4,Ob4.txt,58,0.23888975429010229,0.17463958408302033,0.1837725284195763,-0.009132944336555981,0.5,0.7310467734457209,False,0.1346898837339333,0.22551428690273378,-0.09082440316880047,0.7,0.5638160754703987,False,False,False
227,5,Ob5.txt,93,0.19624040129186088,0.14820040351557678,0.20082541889734778,-0.052625015381771,0.65,0.7551982290087349,False,0.1369693883408416,0.17314540633234293,-0.03617601799150133,0.6,0.6979673270089386,False,False,False
227,6,Ob6.txt,112,0.042464265477454466,0.36061091966350745,0.19351171053592608,0.16709920912758136,0.15,8.492103080293864,True,0.6814614153290336,0.2716519795736793,0.4098094357553543,0.025,16.047879497429236,True,True,True
227,7,Ob7.txt,33,0.20208176279821297,0.34866600320055985,0.26140333679558947,0.08726266640497038,0.375,1.7253709507112591,False,0.09494563932008529,0.3453261936589691,-0.25038055433888384,0.8,0.469837742928304,False,False,False
227,8,Ob8.txt,84,0.5179054069694178,0.150294526397429,0.15597958011486523,-0.005685053717436245,0.525,0.29019686679251805,False,0.3753689927403926,0.19486215742045326,0.18050683531993933,0.225,0.72478291921474,True,False,True
227,9,Ob9.txt,37,0.13758966516375257,0.2631516891637673,0.19521351876470414,0.06793817039906316,0.4,1.912583251442446,False,0.39470703031914967,0.2660907677203159,0.12861626259883374,0.325,2.868725858511164,True,False,True
227,10,Ob10.txt,36,0.3496691982445803,0.6778323367709461,0.2566254376746321,0.42120689909631404,0.075,1.9384959847015983,True,0.41615096682490815,0.24058127312901773,0.17556969369589043,0.275,1.1901276089346204,True,True,True
227,11,Ob11.txt,119,0.39650307035508514,0.06608092400280721,0.1706999101133715,-0.10461898611056428,0.775,0.16665929962062834,False,0.12945285824277106,0.16114511443161345,-0.03169225618884239,0.65,0.32648639549459374,False,False,False
227,12,Ob12.txt,91,0.43708976447751036,0.45202818080614976,0.19615956828253236,0.25586861252361737,0.175,1.0341769987373108,True,0.5771656962351757,0.16335632823254892,0.41380936800262674,0.05,1.320474060803299,True,True,True
227,13,Ob13.txt,102,0.1262961926785895,0.2392677541901629,0.03539342702073833,0.20387432716942458,0.3,1.8944969687176092,True,0.32078284033381954,0.0,0.32078284033381954,0.05,2.5399248665411323,True,True,True
227,14,Ob14.txt,47,0.2745698744475792,0.32286443371464413,0.2059574076395826,0.11690702607506154,0.4,1.175891690099765,False,0.33232277730276255,0.26153996392481277,0.07078281337794978,0.325,1.2103395464319577,True,False,True
227,15,Ob15.txt,96,0.3624324416145619,0.542536356742702,0.3133344684322851,0.22920188831041688,0.275,1.496930998576767,True,0.4996789922259659,0.3114443465813963,0.1882346456445696,0.225,1.3786817482452698,True,True,True
227,16,Ob16.txt,84,0.3278092013947742,0.008884654765638877,0.16961659328823517,-0.1607319385225963,0.95,0.027103128063019993,False,0.16233257570647303,0.19790417416848027,-0.03557159846200725,0.55,0.4952044512959814,False,False,False
227,17,Ob17.txt,122,0.10377469051163363,0.17172018852740503,0.1365797705610375,0.03514041796636752,0.475,1.6547405507140915,False,0.1595562970058239,0.18476361815042636,-0.025207321144602446,0.55,1.5375261175839103,False,False,False
227,18,Ob18.txt,103,0.17976436192333584,0.08516453681285995,0.2136345458030952,-0.12847000899023525,0.675,0.47375651047664324,False,0.13173859265456933,0.3672579759646212,-0.23551938331005184,0.7,0.7328404320248523,False,False,False
227,19,Ob19.txt,143,0.0672771937102354,0.04805995568020124,0.11489242775095904,-0.06683247207075779,0.75,0.7143573182793073,False,0.24883411979327097,0.058574921510331834,0.19025919828293913,0.0,3.69864000072604,True,False,True
228,1,Ob1.txt,28,0.4336788039578053,0.2906216157092148,0.16873597166664417,0.12188564404257063,0.425,0.670131011838639,False,0.4289769222306262,0.21399010752055847,0.21498681471006775,0.275,0.9891581472641293,True,False,True
228,2,Ob2.txt,43,0.3741495549444295,0.1852043994183149,0.20114464104719693,-0.015940241628882024,0.525,0.4950009881632022,False,0.020720270051440615,0.24062115807222623,-0.2199008880207856,1.0,0.05537964639438925,False,False,False
228,3,Ob3.txt,40,0.22110564484017908,0.43881500839036314,0.28971081817086086,0.14910419021950228,0.2,1.984639554126038,True,0.16694477822193965,0.21778776873181296,-0.050842990509873315,0.675,0.7550453012749253,False,False,True
228,4,Ob4.txt,58,0.5355809142597181,0.354915652547723,0.22748844027211024,0.12742721227561277,0.225,0.662674197489447,True,0.5574746506614775,0.23384606124959365,0.3236285894118839,0.15,1.040878485059575,True,True,True
228,5,Ob5.txt,93,0.043767699862205245,0.09397244453135835,0.25209027537100515,-0.1581178308396468,0.8,2.147072951679292,False,0.019888391583971127,0.22766493282974365,-0.20777654124577252,0.925,0.4544079685838224,False,False,False
228,6,Ob6.txt,112,0.15183879293640384,0.19202338450422185,0.15015166450485534,0.04187171999936651,0.4,1.2646529967124338,False,0.2237910590632055,0.19087778531021615,0.03291327375298936,0.425,1.4738727484282501,False,False,False
228,7,Ob7.txt,33,1.0830159278069431,0.9945271783131382,0.30603546526547876,0.6884917130476594,0.025,0.9182941384130975,True,1.082284927259232,0.22109960017661678,0.8611853270826153,0.0,0.9993250325051163,True,True,True
228,8,Ob8.txt,84,0.19509697712487314,0.2167706114378934,0.18540029278375308,0.031370318654140306,0.4,1.111091594715729,False,0.1373599867697858,0.2523940127194201,-0.11503402594963427,0.65,0.7040600464140847,False,False,False
228,9,Ob9.txt,37,0.39283987586956265,0.2639462206252376,0.32190286204267604,-0.05795664141743845,0.6,0.6718926382943811,False,0.10126527631997959,0.24562519859097914,-0.14435992227099956,0.75,0.25777748782713544,False,False,False
228,10,Ob10.txt,36,0.15636840491564158,0.0016433069775345366,0.1949674485032603,-0.19332414152572577,1.0,0.010509200873546521,False,0.405424707786586,0.18404907152762215,0.22137563625896386,0.225,2.5927533634771462,True,False,True
228,11,Ob11.txt,119,0.12308694504053593,0.23789254097220294,0.15379976098320114,0.0840927799890018,0.325,1.9327195170361762,True,0.25871364084890724,0.16746279309183015,0.09125084775707709,0.35,2.101877179287419,True,True,True
228,12,Ob12.txt,91,0.046721118735222375,0.1583167845531395,0.27997434002251964,-0.12165755546938015,0.75,3.3885486657618658,False,0.06414567588373216,0.14402071278554834,-0.07987503690181619,0.8,1.372948200304409,False,False,False
228,13,Ob13.txt,102,0.13636797723653865,0.3937624971316075,1.32216434575329,-0.9284018486216824,0.775,2.887499727656752,False,0.17478712315792352,1.4176595331283244,-1.242872409970401,0.775,1.2817314350475735,False,False,False
228,14,Ob14.txt,47,0.0207671899468998,0.5045098413574749,0.17126778250822933,0.33324205884924557,0.1,24.293601717298777,True,0.28115986133066695,0.18962709143993628,0.09153276989073067,0.275,13.538656989682877,True,True,True
228,15,Ob15.txt,96,0.38693783549880295,0.26343422634507335,0.22600603616155,0.03742819018352336,0.325,0.6808179562111815,True,0.1970895765282237,0.24379647670730717,-0.046706900179083466,0.6,0.5093572105042528,False,False,True
228,16,Ob16.txt,84,0.09757950183504754,0.25028547734776335,0.1806459724443976,0.06963950490336576,0.375,2.564939076762826,False,0.5300094542788258,0.23223017969997273,0.2977792745788531,0.05,5.431565485697764,True,False,True
228,17,Ob17.txt,122,0.2446198213520631,0.47432510032313646,0.12703254240348627,0.3472925579196502,0.0,1.9390297061842576,True,0.02572517828233456,0.1644933959436385,-0.13876821766130393,0.85,0.10516391574544659,False,False,True
228,18,Ob18.txt,103,0.1202018266196042,0.24554738343658816,0.12776041645475678,0.11778696698183139,0.225,2.042792446188508,True,0.3898023351024861,0.0,0.3898023351024861,0.2,3.2428985986716414,True,True,True
228,19,Ob19.txt,143,0.06216023657966688,0.07954949610401449,0.15976956267350217,-0.08022006656948769,0.775,1.2797489276293357,False,0.11363942760980308,0.1703573991165761,-0.05671797150677302,0.575,1.8281691618750284,False,False,False
229,1,Ob1.txt,28,0.6026666152457403,0.4331740301684104,0.2339930788495705,0.1991809513188399,0.125,0.718762279526271,True,0.6611498676780876,0.2635176179301003,0.3976322497479873,0.025,1.097040803244926,True,True,True
229,2,Ob2.txt,43,0.49128411738681876,0.041887281950383964,0.27019374085564396,-0.22830645890526,0.95,0.08526081032944015,False,0.40452754232521604,0.26216278971523843,0.1423647526099776,0.375,0.8234085491648535,False,False,False
229,3,Ob3.txt,40,0.09952186013956732,0.15472389115407933,0.23525548360958168,-0.08053159245550234,0.675,1.554672420080351,False,0.23098960540876518,0.19753904952394769,0.03345055588481749,0.375,2.3209936498858674,False,False,False
229,4,Ob4.txt,58,0.06010725628892319,0.11052209980151118,0.24332410535591026,-0.13280200555439908,0.7,1.838748041837981,False,0.27972583216359653,0.33316938816815933,-0.0534435560045628,0.575,4.653778086609246,False,False,False
229,5,Ob5.txt,93,0.019638249756294357,0.15685188962092128,0.17748639071021338,-0.0206345010892921,0.575,7.9870605358121525,False,0.2792598627181646,0.20724812993997493,0.07201173277818967,0.4,14.220201198360744,False,False,False
229,6,Ob6.txt,112,0.09915168577486211,0.3100992194424492,0.1643199834933604,0.14577923594908881,0.15,3.1275234204950713,True,0.4099757409859728,0.18351308203561983,0.22646265895035295,0.125,4.13483379311251,True,True,True
229,7,Ob7.txt,33,0.2779742361567784,0.41111633478558507,0.26799390617836893,0.14312242860721613,0.25,1.4789728014711192,True,0.7526810431006541,0.2013859003316357,0.5512951427690184,0.075,2.707736707930513,True,True,True
229,8,Ob8.txt,84,0.4996029442391178,0.050676592168756,0.1614231800354748,-0.11074658786671879,0.9,0.10143373403440431,False,0.12847846561543874,0.1556425955880214,-0.027164129972582662,0.625,0.25716114585975486,False,False,False
229,9,Ob9.txt,37,0.030349191874556702,0.0765878461346535,0.2324504050766713,-0.1558625589420178,0.825,2.52355471115068,False,0.18803004783269014,0.296170413766215,-0.10814036593352486,0.7,6.195553694143845,False,False,False
229,10,Ob10.txt,36,0.66212259265261,0.062406890566092776,0.21498838076881838,-0.1525814902027256,0.875,0.09425277321542062,False,0.4690959746751502,0.22053807082653876,0.24855790384861143,0.225,0.7084729925856292,True,False,True
229,11,Ob11.txt,119,0.26407354489961465,0.15942469474413556,0.17127932498603687,-0.01185463024190131,0.575,0.6037132375556193,False,0.07433306591879191,0.2229485088223872,-0.1486154429035953,0.8,0.2814862274335318,False,False,False
229,12,Ob12.txt,91,0.09187312514073509,0.40709574479356087,0.20459723322982803,0.20249851156373283,0.2,4.431064516091671,True,0.05277378348161854,0.2149826329366299,-0.16220884945501135,0.85,0.5744202496734214,False,False,True
229,13,Ob13.txt,102,0.005528575442605543,0.2268880198328816,0.0,0.2268880198328816,0.0,41.03914691737521,True,0.14352865704200904,0.0,0.14352865704200904,0.0,25.96123694648651,True,True,True
229,14,Ob14.txt,47,0.009961828363794417,0.04911812389714747,0.30294542485533676,-0.2538273009581893,0.875,4.930633424248096,False,0.10629584165647327,0.3133437850019988,-0.2070479433455255,0.85,10.670314501984217,False,False,False
229,15,Ob15.txt,96,0.16060142541602712,0.07384082956326893,0.2738757518770567,-0.20003492231378778,0.8,0.45977692521712843,False,0.12887593640574696,0.19096495502170413,-0.06208901861595717,0.725,0.8024582351738322,False,False,False
229,16,Ob16.txt,84,0.3187637975375319,0.2337152319462973,0.21156012767714255,0.022155104269154763,0.425,0.7331925198274097,False,0.03223911801775613,0.10284165546736135,-0.07060253744960522,0.75,0.101137953138986,False,False,False
229,17,Ob17.txt,122,0.3431638730240167,0.319775966553891,0.13234904558956573,0.18742692096432528,0.125,0.931846245165531,True,0.2738280937140616,0.18856355953686899,0.0852645341771926,0.325,0.797951402346183,True,True,True
229,18,Ob18.txt,103,0.02093542556614597,0.5855143348254308,0.044471777122777195,0.5410425577026536,0.0,27.967634714445353,True,0.5677639947794236,0.07228537360062715,0.4954786211787965,0.0,27.119773275473186,True,True,True
229,19,Ob19.txt,143,0.21931148851078885,0.020326538779149687,0.09641232689493862,-0.07608578811578892,0.725,0.09268341990278242,False,0.11671971093747105,0.04639339487244139,0.07032631606502966,0.1,0.5322097430008967,True,False,True
230,1,Ob1.txt,28,0.09147194881958282,0.9338858677689583,0.24574377194376526,0.688142095825193,0.0,10.2095328657634,True,0.6730379869253547,0.28280593411100197,0.3902320528143527,0.1,7.357862116317642,True,True,True
230,2,Ob2.txt,43,0.12780185831185095,0.7028892000765254,0.21083541753448792,0.4920537825420375,0.05,5.499835521650996,True,0.3047792913596886,0.16984700656108503,0.13493228479860359,0.3,2.3847798098208615,True,True,True
230,3,Ob3.txt,40,0.2470491692501554,0.4824069913410522,0.3571260471886335,0.1252809441524187,0.3,1.9526760312744857,True,0.6695562176337262,0.30480340790903515,0.36475280972469104,0.075,2.7102144065732574,True,True,True
230,4,Ob4.txt,58,0.18997940903232025,0.16175343571864714,0.2195301883736377,-0.05777675265499055,0.65,0.851426144246658,False,0.10041268536610272,0.2364029749723752,-0.13599028960627246,0.8,0.5285450980059634,False,False,False
230,5,Ob5.txt,93,0.09867254244848214,0.021685536264392624,0.2622058664301624,-0.2405203301657698,0.95,0.2197727526450922,False,0.08798505257790801,0.17914062285350152,-0.09115557027559351,0.85,0.8916872961274493,False,False,False
230,6,Ob6.txt,112,0.2495405423920914,0.2092916151642094,0.19187225024546495,0.017419364918744462,0.425,0.8387078634916136,False,0.47385550808016885,0.21161600274704712,0.26223950533312174,0.075,1.898911910416632,True,False,True
230,7,Ob7.txt,33,1.0377547624361274,0.08559166310141894,0.20614867253892974,-0.1205570094375108,0.825,0.08247773578074714,False,0.07900964440017104,0.26210119844678437,-0.18309155404661331,0.85,0.07613517881112494,False,False,False
230,8,Ob8.txt,84,0.5039772135901073,0.029277380224174393,0.17405100783552782,-0.14477362761135343,0.825,0.05809266656247311,False,0.3397784684161721,0.19427036690855792,0.14550810150761417,0.275,0.674194108887866,True,False,True
230,9,Ob9.txt,37,0.12692589889419928,0.1404725111904597,0.24473530082126518,-0.10426278963080549,0.75,1.1067285117874357,False,0.05298467456078837,0.28980663405288754,-0.23682195949209917,1.0,0.4174457303229692,False,False,False
230,10,Ob10.txt,36,0.6663670337176777,0.06024040670442901,0.2430191547025231,-0.1827787479980941,0.8,0.09040124084222224,False,0.03956270211050282,0.21379864420930195,-0.1742359420987991,0.925,0.059370737309409734,False,False,False
230,11,Ob11.txt,119,0.5012526027153037,0.03565296288861631,0.1394092952403936,-0.10375633235177731,0.875,0.07112773618627195,False,0.42099779667573356,0.19879053370418254,0.22220726297155102,0.15,0.839891492623027,True,False,True
230,12,Ob12.txt,91,0.10570330730276245,0.33520375205832803,0.165852185382035,0.16935156667629303,0.125,3.1711756293321565,True,0.08409613023826243,0.1172556515166366,-0.03315952127837417,0.6,0.7955865562218285,False,False,True
230,13,Ob13.txt,102,0.42727411151592853,0.16861384216944017,0.0,0.16861384216944017,0.025,0.39462686276782377,True,0.10358841023719023,0.0,0.10358841023719023,0.025,0.24244017469176463,False,False,True
230,14,Ob14.txt,47,0.01700040034497108,0.3245253481920173,0.22617393551755285,0.09835141267446443,0.4,19.08927681741423,False,0.2582409138800841,0.25963973887451436,-0.001398824994430281,0.5,15.190284266245225,False,False,False
230,15,Ob15.txt,96,0.18683602480504147,0.11312971394228837,0.1293565316595871,-0.01622681771729874,0.6,0.6055026810827102,False,0.11441143911612223,0.19348022103213064,-0.07906878191600841,0.725,0.6123628418850572,False,False,False
230,16,Ob16.txt,84,0.26083337089219605,0.30132051216303357,0.18257777806415587,0.1187427340988777,0.225,1.1552222445017248,True,0.5280400499484326,0.23542710441347198,0.2926129455349606,0.15,2.024434404778193,True,True,True
230,17,Ob17.txt,122,0.0837351294915919,0.1869762571898036,0.16086101744795372,0.02611523974184987,0.4,2.2329488032687457,False,0.15465120482378164,0.1808512023179144,-0.026199997494132765,0.525,1.8469094842602547,False,False,False
230,18,Ob18.txt,103,0.006361435930805626,0.5115298922848434,0.18950070645024297,0.3220291858346004,0.125,80.41107351372195,True,0.015443001675932544,0.16600768121830212,-0.15056467954236957,0.775,2.42759682623681,False,False,True
230,19,Ob19.txt,143,0.05803740781878872,0.21028138316717,0.14031861662583212,0.06996276654133787,0.275,3.623204258600513,True,0.1618848807294384,0.1706736495265233,-0.0087887687970849,0.55,2.7893196270049585,False,False,True
231,1,Ob1.txt,28,0.26579356635902546,0.0977138650637851,0.28307068622987186,-0.18535682116608676,0.8,0.36763066315832615,False,0.10039370919499285,0.26471424920811354,-0.1643205400131207,0.75,0.37771308978707274,False,False,False
231,2,Ob2.txt,43,0.00619591658006613,0.3891059014311134,0.24864755604895025,0.14045834538216315,0.35,62.80037770085026,True,0.03454812523013931,0.1802393010768303,-0.145691175846691,0.9,5.57595067391475,False,False,True
231,3,Ob3.txt,40,0.07146864386832022,0.2205146723921956,0.2484820827562075,-0.027967410364011902,0.625,3.0854744186624026,False,0.07180514600334363,0.25600515955985564,-0.184200013556512,0.8,1.0047083884177712,False,False,False
231,4,Ob4.txt,58,0.36690341763991624,0.5270727556795514,0.2917058408940607,0.23536691478549066,0.25,1.4365435979580528,True,0.6346508487692881,0.3292032833809661,0.305447565388322,0.225,1.7297490790672947,True,True,True
231,5,Ob5.txt,93,0.14110923341926307,0.07397459630511902,0.16417455217308616,-0.09019995586796714,0.775,0.524236398374627,False,0.4452132752641147,0.20190150254226652,0.24331177272184817,0.125,3.155096689819717,True,False,True
231,6,Ob6.txt,112,0.03485212411094929,0.5023397931425805,0.14144868095109084,0.3608911121914896,0.075,14.413462764662981,True,0.3496027092893414,0.22992294064155241,0.11967976864778898,0.25,10.03103019421157,True,True,True
231,7,Ob7.txt,33,0.4458886603646629,0.35006975986182437,0.20890277220957276,0.1411669876522516,0.275,0.7851057696231284,True,0.08772579616998832,0.24947538846342604,-0.16174959229343772,0.825,0.19674372543639748,False,False,True
231,8,Ob8.txt,84,0.4032643282187093,0.11907665902879139,0.1780415081474237,-0.05896484911863231,0.575,0.2952819049350938,False,0.2840653285525242,0.19455201418703771,0.08951331436548648,0.275,0.7044147192668679,True,False,True
231,9,Ob9.txt,37,0.18552473582298296,0.07563273821481081,0.22744365072641715,-0.15181091251160633,0.8,0.40766929476711516,False,0.12050549656788978,0.15870731327428944,-0.03820181670639966,0.55,0.6495387045470271,False,False,False
231,10,Ob10.txt,36,0.36864565295692164,0.05421863709799596,0.20347222234201123,-0.14925358524401527,0.975,0.14707521074263616,False,0.22968940684422873,0.2620982074723728,-0.03240880062814405,0.55,0.6230628382618396,False,False,False
231,11,Ob11.txt,119,0.1264671397642177,0.07839068861461695,0.1911025960171741,-0.11271190740255715,0.7,0.6198502532813399,False,0.2205658089433257,0.14424270529220476,0.07632310365112094,0.325,1.7440562770261374,True,False,True
231,12,Ob12.txt,91,0.23335645039534045,0.3737424552893401,0.3023752317356828,0.07136722355365727,0.325,1.6015947048224504,True,0.08663964626704726,0.32779155340563293,-0.24115190713858567,0.75,0.3712759862445064,False,False,True
231,13,Ob13.txt,102,0.0648367550414932,0.02521448877678656,0.0882547308852924,-0.06304024210850584,0.85,0.3888918987486371,False,0.06455030152414773,0.11703489864463991,-0.05248459712049218,0.65,0.9955819269924575,False,False,False
231,14,Ob14.txt,47,0.4428300407005532,0.29184507478428257,0.24853397580038844,0.043311098983894125,0.425,0.6590453401096869,False,0.07281587142403978,0.1663505329246256,-0.09353466150058581,0.825,0.1644329985130316,False,False,False
231,15,Ob15.txt,96,0.003562283475459088,0.5371625172230623,0.13675914019417712,0.4004033770288852,0.0,150.79162591175754,True,0.1346255520323581,0.1317189391835285,0.002906612848829593,0.475,37.79192558924814,False,False,True
231,16,Ob16.txt,84,0.49643297942219694,0.1728877372412995,0.2422070183225543,-0.06931928108125482,0.65,0.34825997548052745,False,0.18037622074309495,0.19936204398841892,-0.01898582324532397,0.525,0.3633445565059689,False,False,False
231,17,Ob17.txt,122,0.051152639791629914,0.3078088203676371,0.20839545521189679,0.09941336515574034,0.3,6.017457195200389,True,0.384701198644771,0.17385629239322997,0.210844906251541,0.075,7.520651919663381,True,True,True
231,18,Ob18.txt,103,0.04236304599626062,0.09413641043252707,0.0,0.09413641043252707,0.45,2.222135075953615,False,0.14499325802801366,0.0,0.14499325802801366,0.45,3.422635332709839,False,False,False
231,19,Ob19.txt,143,0.2054224052117786,0.2620755782342058,0.21336338692007933,0.04871219131412646,0.4,1.2757886753590537,False,0.05251847702894852,0.10393527349574436,-0.05141679646679584,0.675,0.2556609001574342,False,False,False
232,1,Ob1.txt,28,0.3965297861454482,0.4986176334067219,0.2211356727215037,0.2774819606852182,0.15,1.2574531619771625,True,0.3713949118149896,0.20335724618487416,0.16803766563011546,0.225,0.9366128971677324,True,True,True
232,2,Ob2.txt,43,0.15814103508226024,0.42786062478239195,0.21589343579313097,0.21196718898926098,0.15,2.7055635784844307,True,0.06908576558992259,0.21601790345249244,-0.14693213786256987,0.825,0.43686172633172815,False,False,True
232,3,Ob3.txt,40,0.7400835144257435,0.05291936852903223,0.2562540786037291,-0.2033347100746969,0.825,0.07150459035706828,False,0.4473614081792561,0.22321823961468823,0.2241431685645679,0.175,0.6044742241372305,True,False,True
232,4,Ob4.txt,58,0.37825033025334837,0.012960857174243015,0.20615330049029748,-0.19319244331605445,0.95,0.03426528977664596,False,0.27945522617174134,0.1600530409307965,0.11940218524094484,0.35,0.7388102635219511,True,False,True
232,5,Ob5.txt,93,0.256303846105643,0.1245296530303236,0.10352475685278986,0.021004896177533733,0.475,0.4858672818315614,False,0.2838067908906936,0.16555557647715985,0.11825121441353376,0.175,1.1073060166787918,True,False,True
232,6,Ob6.txt,112,0.4469594411134039,0.23677617027136647,0.19969180407272683,0.03708436619863964,0.425,0.5297486717844963,False,0.27425019350385116,0.1873901289055554,0.08686006459829576,0.3,0.6135907831383465,True,False,True
232,7,Ob7.txt,33,0.31835193945690005,0.8383611559645237,0.2524567221807583,0.5859044337837653,0.05,2.633441333496336,True,1.1777045381214812,0.24220338448967627,0.935501153631805,0.0,3.6993791843411223,True,True,True
232,8,Ob8.txt,84,0.07610732562528646,0.2283783961809578,0.17607985459876663,0.05229854158219116,0.4,3.000741312411583,False,0.3362849980114678,0.1737378645014559,0.16254713351001188,0.25,4.4185628025764965,True,False,True
232,9,Ob9.txt,37,0.5125791881906827,0.1735686280924284,0.2519719524754891,-0.07840332438306069,0.75,0.3386181727453588,False,0.16852238006002446,0.159194287371008,0.009328092689016465,0.475,0.32877335627862647,False,False,False
232,10,Ob10.txt,36,0.02178536764142358,0.4377477254423255,0.1895319211449159,0.24821580429740958,0.225,20.093657938091173,True,0.20246741665014728,0.23063802347705722,-0.028170606826909944,0.55,9.29373421567454,False,False,True
232,11,Ob11.txt,119,0.4178448741330869,0.4694906603216982,0.13822459090253514,0.3312660694191631,0.1,1.1236003823087746,True,0.0790328126741286,0.15198884889428327,-0.07295603622015467,0.675,0.1891439085811449,False,False,True
232,12,Ob12.txt,91,0.02027540925437929,0.2267025510147213,0.19621950641101976,0.030483044603701548,0.375,11.181157833633163,False,0.5846864300709775,0.1576194540024496,0.42706697606852795,0.0,28.837219645501904,True,False,True
232,13,Ob13.txt,102,0.05075160091296771,0.14174613239025968,0.041894741186882856,0.09985139120337683,0.1,2.792939135719789,True,0.19770273054040616,0.20995558558919358,-0.012252855048787425,0.5,3.895497422424964,False,False,True
232,14,Ob14.txt,47,0.7760182165494435,0.4708085297932776,0.22675131107488367,0.24405721871839392,0.2,0.606697780738605,True,0.4542993831007185,0.25764443937202436,0.19665494372869413,0.225,0.585423606575572,True,True,True
232,15,Ob15.txt,96,0.48934113742034074,0.19425509017045464,0.24229811189825656,-0.04804302172780192,0.575,0.39697273602319444,False,0.3592225165586569,0.24408573593857094,0.11513678062008595,0.375,0.7340942526360443,False,False,False
232,16,Ob16.txt,84,0.0709543792851437,0.0823259316779314,0.16330603420903334,-0.08098010253110194,0.675,1.1602656877187094,False,0.3653274314068255,0.19070943623449968,0.17461799517232582,0.2,5.148765095085781,True,False,True
232,17,Ob17.txt,122,0.25017890523913855,0.39819319088139765,0.14898751454118755,0.2492056763402101,0.075,1.5916337570538837,True,0.1940546753447194,0.12524582211832547,0.06880885322639393,0.3,0.7756636202369993,True,True,True
232,18,Ob18.txt,103,0.14916753755484588,0.167926956129117,0.22728343443877042,-0.059356478309653404,0.6,1.1257607310663935,False,0.15066460493366624,0.20934266669175938,-0.05867806175809315,0.55,1.0100361472969273,False,False,False
232,19,Ob19.txt,143,0.036190138738760314,0.025181829043111864,0.0937875362955436,-0.06860570725243173,0.775,0.6958201852965448,False,0.10516479868607435,0.0460682480752968,0.05909655061077755,0.375,2.9058965328983635,False,False,False
233,1,Ob1.txt,28,0.18733488624738642,0.21279314657358783,0.21127700111793116,0.0015161454556566756,0.5,1.135897060265552,False,0.06047681872835814,0.2770006329501351,-0.21652381422177697,0.925,0.3228273171100392,False,False,False
233,2,Ob2.txt,43,0.5733613504178503,0.43626366569099084,0.22694861752239742,0.20931504816859342,0.15,0.7608878159873413,True,0.6125717868338088,0.3258724740528704,0.28669931278093835,0.05,1.068386954208516,True,True,True
233,3,Ob3.txt,40,0.0016236011572772768,0.03702583867941839,0.2607056153132273,-0.2236797766338089,0.975,22.80476243408784,False,0.018589657120557462,0.21190444182827262,-0.19331478470771515,0.975,11.449645152835242,False,False,False
233,4,Ob4.txt,58,0.05564825233784243,0.06485957326629332,0.27167023464874845,-0.20681066138245513,0.9,1.1655275869676671,False,0.1774538361118466,0.3421837139309107,-0.1647298778190641,0.75,3.188848322396871,False,False,False
233,5,Ob5.txt,93,0.06640058715607486,0.02987835321891695,0.16008827168221273,-0.13020991846329577,0.9,0.44997122011417995,False,0.11286864378966727,0.24487225100953292,-0.13200360721986565,0.8,1.6998139417708618,False,False,False
233,6,Ob6.txt,112,0.005457676981504261,0.0,0.17558811351239537,-0.17558811351239537,1.0,0.0,False,0.03772203825456227,0.21504006279403073,-0.17731802453946846,0.975,6.911738892279625,False,False,False
233,7,Ob7.txt,33,0.17702250987358692,0.30497106221981835,0.4222562793504211,-0.11728521713060275,0.575,1.7227812578050126,False,0.5466314370047859,0.3662114695388262,0.18041996746595967,0.25,3.0879204988966626,True,False,True
233,8,Ob8.txt,84,0.8556156061906706,0.2942341859851383,0.14240670755825774,0.15182747842688055,0.325,0.3438859504855377,True,0.39436644911927415,0.30912992017161856,0.0852365289476556,0.325,0.4609154464527043,True,True,True
233,9,Ob9.txt,37,0.2942547537013692,0.14112778202009613,0.2625500847730635,-0.12142230275296739,0.775,0.4796108822198424,False,0.17330703548117277,0.2097871005711138,-0.03648006508994103,0.6,0.5889693651544442,False,False,False
233,10,Ob10.txt,36,0.09181401175295821,0.1055532338996791,0.2744717993416125,-0.16891856544193337,0.75,1.1496418889056792,False,0.027896956238581794,0.3434865721697028,-0.315589615931121,0.95,0.3038420357193788,False,False,False
233,11,Ob11.txt,119,0.23541258712913732,0.07536374162305248,0.13279708003560778,-0.057433338412555296,0.725,0.3201347155736883,False,0.10919778787344533,0.1287393758282103,-0.01954158795476496,0.55,0.46385704861883226,False,False,False
233,12,Ob12.txt,91,0.55337073392115,0.1421989108425336,0.12560423104347257,0.01659467979906104,0.425,0.25696861457583986,False,0.40789593681767533,0.1942892428182478,0.21360669399942753,0.175,0.7371115091818292,True,False,True
233,13,Ob13.txt,102,0.020017700177297773,0.004230391403031691,0.21999267216987028,-0.2157622807668386,0.675,0.21133253898114682,False,0.14415783634113538,0.15761103891449008,-0.013453202573354694,0.575,7.2015184094237705,False,False,False
233,14,Ob14.txt,47,0.7476445104781991,0.28795659576055066,0.22822334301773656,0.0597332527428141,0.45,0.3851517555801639,False,0.3823195998300388,0.20750292684516658,0.17481667298487225,0.275,0.5113654878379356,True,False,True
233,15,Ob15.txt,96,0.11380528319192817,0.049718233084607266,0.10901009893214138,-0.05929186584753411,0.725,0.4368710457910764,False,0.274780979614884,0.09809281242157222,0.1766881671933118,0.15,2.414483509974459,True,False,True
233,16,Ob16.txt,84,1.028518255500623,0.4677614247285652,0.22923168756805717,0.23852973716050802,0.125,0.45479156274274013,True,0.4131867983367839,0.24145119838329782,0.17173559995348608,0.225,0.40173015513046834,True,True,True
233,17,Ob17.txt,122,0.3429501401176367,0.20822080547256905,0.14294745890415606,0.065273346568413,0.3,0.607145999127297,True,0.2528984474696358,0.155616963491714,0.0972814839779218,0.3,0.7374204523808857,True,True,True
233,18,Ob18.txt,103,0.18282908445304727,0.24258871322958978,0.12524481574716267,0.1173438974824271,0.25,1.3268606248033228,True,0.30168893316119966,0.13464771693341313,0.16704121622778653,0.175,1.6501145540586954,True,True,True
233,19,Ob19.txt,143,0.29629662674243423,0.08427666199802704,0.09071516935782852,-0.006438507359801476,0.525,0.2844334170273472,False,0.012281920888547418,0.15126376233925146,-0.13898184145070402,1.0,0.04145143676989576,False,False,False
234,1,Ob1.txt,28,0.3254430196532082,0.060176041552200465,0.26803986052721346,-0.207863818975013,0.875,0.1849050000099065,False,0.559527288167176,0.23599537815758204,0.32353191000959397,0.2,1.7192788118897366,True,False,True
234,2,Ob2.txt,43,0.23048387899602218,0.28970015671532956,0.2807345167503722,0.008965639964957361,0.5,1.2569215598819792,False,0.018129698272933925,0.22782796568408328,-0.20969826741114936,1.0,0.07865928997683529,False,False,False
234,3,Ob3.txt,40,0.11142433545272343,0.1443030568365099,0.21367385284695517,-0.06937079601044527,0.675,1.2950766657050128,False,0.0828575391830384,0.30159497795049495,-0.21873743876745655,0.8,0.7436215692593857,False,False,False
234,4,Ob4.txt,58,0.7001835292609897,0.36124960482666035,0.19375905277210514,0.1674905520545552,0.1,0.5159355936406302,True,0.018180192470979406,0.2252076553984455,-0.2070274629274661,1.0,0.025964895932596033,False,False,True
234,5,Ob5.txt,93,0.047165980260169243,0.1733145813668921,0.15215708276146536,0.021157498605426733,0.425,3.6745675677868377,False,0.17456176752924157,0.1520566637944505,0.022505103734791088,0.475,3.7010100620479545,False,False,False
234,6,Ob6.txt,112,0.0445859300490013,0.07582416324526947,0.20753016391297938,-0.1317060006677099,0.85,1.7006298435837583,False,0.008302583961600676,0.18227153258228201,-0.17396894862068135,1.0,0.1862153363735125,False,False,False
234,7,Ob7.txt,33,0.3368777450754924,0.19630426950985563,0.2654254388231256,-0.06912116931326995,0.6,0.5827166453689749,False,0.7088592668207225,0.3378601763899546,0.37099909043076795,0.1,2.104203311684692,True,False,True
234,8,Ob8.txt,84,0.0882073251493489,0.03303332920561124,0.16407895179919763,-0.13104562259358637,0.975,0.37449643949275874,False,0.4731503135763565,0.13843501743815073,0.3347152961382058,0.1,5.3640705324103015,True,False,True
234,9,Ob9.txt,37,0.0922645759359336,0.07069396024685087,0.2409102116386315,-0.17021625139178062,0.825,0.7662091277148354,False,0.13278173415847397,0.2471718447642422,-0.11439011060576823,0.675,1.43914100088288,False,False,False
234,10,Ob10.txt,36,0.2605942310030553,0.2044804439135085,0.24248959723674837,-0.03800915332323987,0.575,0.7846698797837589,False,0.36201960869910865,0.1892310248582577,0.17278858384085094,0.2,1.3892080699778202,True,False,True
234,11,Ob11.txt,119,0.21795929203299452,0.3018863430846608,0.15929446076768766,0.14259188231697312,0.25,1.3850583761253978,True,0.15156892920806733,0.2200659005000261,-0.06849697129195878,0.625,0.6954001721804223,False,False,True
234,12,Ob12.txt,91,0.22709521608998814,0.27349228498465106,0.2825448984790996,-0.009052613494448525,0.525,1.204306676703739,False,0.6514461571492327,0.15610795691898469,0.495338200230248,0.05,2.8686036120245366,True,False,True
234,13,Ob13.txt,102,0.05456502181660172,0.22210265632726583,0.13465558008835268,0.08744707623891315,0.375,4.070421836790869,False,0.11494970081868452,0.2029362874123123,-0.08798658659362776,0.775,2.106655454203638,False,False,False
234,14,Ob14.txt,47,0.22219148342885797,0.6554417112066747,0.16951524529180478,0.48592646591486993,0.025,2.9498957434907096,True,0.37150088714286655,0.19788009646819252,0.17362079067467404,0.15,1.6719852687864833,True,True,True
234,15,Ob15.txt,96,0.11169261058306715,0.48447191509284526,0.11974615714826166,0.3647257579445836,0.0,4.3375467057647255,True,0.3068977864427961,0.26678749538058777,0.040110291062208314,0.4,2.7477000030772176,False,False,True
234,16,Ob16.txt,84,0.200290080564767,0.15094503667358047,0.10626425647997303,0.04468078019360744,0.45,0.7536321132227514,False,0.03166738908076355,0.23203738209994357,-0.20036999301918001,0.925,0.15810762565709488,False,False,False
234,17,Ob17.txt,122,0.07763200854819274,0.08190620700235346,0.15366626392651847,-0.07176005692416501,0.775,1.055057166935303,False,0.022363972859338305,0.21076442915871005,-0.18840045629937174,0.9,0.28807670028858134,False,False,False
234,18,Ob18.txt,103,0.16738065415520065,0.1734632191785842,0.19456250028405614,-0.021099281105471934,0.575,1.036339713535494,False,0.027683511906757746,0.2123235350155127,-0.18464002310875496,0.925,0.1653925422055569,False,False,False
234,19,Ob19.txt,143,0.25410459639373073,0.24504501519141045,0.12190998217231433,0.12313503301909612,0.275,0.9643470392472452,True,0.08092950777463129,0.14377731843180436,-0.06284781065717307,0.725,0.3184889566075869,False,False,True
235,1,Ob1.txt,28,0.23538272297054835,0.15399723039476992,0.19948179415555836,-0.04548456376078844,0.575,0.6542418596034273,False,0.6065727028737216,0.2048381132623685,0.40173458961135305,0.1,2.5769635732764353,True,False,True
235,2,Ob2.txt,43,0.600872276143587,0.39727996236867114,0.1997428688654434,0.19753709350322773,0.15,0.6611720629189679,True,0.022894136959746014,0.2786634317035178,-0.2557692947437718,0.95,0.03810150321243168,False,False,True
235,3,Ob3.txt,40,0.4186326264833212,0.8395968453163618,0.3519964430107495,0.4876004023056123,0.1,2.005569542845491,True,1.1280583355099933,0.28575027048042057,0.8423080650295728,0.0,2.694625942048825,True,True,True
235,4,Ob4.txt,58,0.18105437542058062,0.16054145010160997,0.14807686399507386,0.012464586106536113,0.425,0.8867029572120524,False,0.03717823924258923,0.18453865644711076,-0.14736041720452153,0.95,0.20534294825091062,False,False,False
235,5,Ob5.txt,93,0.24008363160326152,0.00664419157458343,0.1601694787657763,-0.15352528719119288,0.95,0.02767448796993776,False,0.10531020152107623,0.22687408918837482,-0.12156388766729859,0.7,0.43863965576421077,False,False,False
235,6,Ob6.txt,112,0.7457092607771529,0.08509748188493518,0.16435775410708758,-0.0792602722221524,0.775,0.11411616612652693,False,0.2512907691544314,0.15064480676332298,0.1006459623911084,0.25,0.33698222936449074,True,False,True
235,7,Ob7.txt,33,0.5813601128278513,0.3858678511760006,0.25708167511548197,0.12878617606051862,0.275,0.6637329301782721,True,0.2561400577777416,0.2736204341618965,-0.017480376384154894,0.55,0.4405876016017429,False,False,True
235,8,Ob8.txt,84,0.1252669714966369,0.12781371191320867,0.19211783085228729,-0.06430411893907861,0.625,1.020330502016169,False,0.08547243357800907,0.15408498886879002,-0.06861255529078095,0.65,0.682322184026807,False,False,False
235,9,Ob9.txt,37,0.51336183472865,0.4727338107238339,0.32589326770454335,0.14684054301929056,0.35,0.9208588927801946,True,0.4086543605026809,0.2072952139234991,0.2013591465791818,0.275,0.7960357254034771,True,True,True
235,10,Ob10.txt,36,0.013424050028850776,0.20662738328990143,0.26175834739825915,-0.055130964108357716,0.6,15.39232816071311,False,0.16108680355023997,0.32300420182124584,-0.16191739827100587,0.75,11.999866150977873,False,False,False
235,11,Ob11.txt,119,0.15353748628249442,0.03579549818558547,0.19297713556511487,-0.1571816373795294,0.775,0.23313849309558937,False,0.08948178297332049,0.2017374959968326,-0.11225571302351212,0.85,0.5828008855679876,False,False,False
235,12,Ob12.txt,91,0.341752423862512,0.09856439516598245,0.13742822185041523,-0.03886382668443278,0.625,0.28840876694304063,False,0.08390229095821694,0.2070292313471494,-0.12312694038893246,0.875,0.24550605964969274,False,False,False
235,13,Ob13.txt,102,0.11827222592921557,0.5300482298115341,0.0,0.5300482298115341,0.0,4.481595113706249,True,0.5183581516979331,0.0,0.5183581516979331,0.0,4.382754679937823,True,True,True
235,14,Ob14.txt,47,0.0036787963033474425,0.4541452190849192,0.27635105266913984,0.1777941664157794,0.275,123.44940617442707,True,0.24247840205768514,0.21345917922853855,0.029019222829146596,0.475,65.91242951860289,False,False,True
235,15,Ob15.txt,96,0.11837964139840212,0.027884939955146133,0.14971562271749433,-0.12183068276234821,0.875,0.2355551987296569,False,0.32913729962949395,0.20375807047310768,0.12537922915638627,0.325,2.780353916783673,True,False,True
235,16,Ob16.txt,84,0.07567904422077022,0.23661592021395284,0.19349155576727772,0.04312436444667511,0.425,3.1265712014504174,False,0.13712910174061232,0.2227658867134179,-0.08563678497280558,0.575,1.8119824735177752,False,False,False
235,17,Ob17.txt,122,0.21729197379746668,0.11007320296078837,0.11549977654676055,-0.0054265735859721775,0.5,0.5065681950286176,False,0.020870819999076667,0.16736318948759601,-0.14649236948851935,0.9,0.09604965905703412,False,False,False
235,18,Ob18.txt,103,0.4475219260150089,0.10306131153277762,0.0,0.10306131153277762,0.175,0.23029332316853043,False,0.3854570589706078,0.0,0.3854570589706078,0.175,0.8613143548137134,True,False,True
235,19,Ob19.txt,143,0.23918271280451975,0.14367698643883525,0.05711240448455435,0.0865645819542809,0.3,0.6006997109204133,True,0.25217376341067543,0.031096752281945,0.22107701112873043,0.0,1.0543143375782893,True,True,True
236,1,Ob1.txt,28,0.0919163481825453,0.05960812546988489,0.2475095412587559,-0.187901415788871,0.9,0.6485040653649939,False,0.07426566457098147,0.23681269687004586,-0.1625470322990644,0.875,0.8079701384947356,False,False,False
236,2,Ob2.txt,43,1.2331968072076942,0.7871212512557164,0.20401242819458554,0.5831088230611309,0.025,0.6382770752042257,True,0.8718989042140594,0.24660097789292224,0.6252979263211371,0.025,0.7070233227316609,True,True,True
236,3,Ob3.txt,40,0.4418966093386402,0.15320817486847316,0.16547428706089562,-0.012266112192422463,0.575,0.34670592991824606,False,1.0222321549792222,0.27951734783932447,0.7427148071398977,0.0,2.313283545010981,True,False,True
236,4,Ob4.txt,58,0.3893156709080551,0.7966549408676155,0.23096891665678954,0.5656860242108259,0.0,2.0462955909518525,True,0.7591433495777697,0.1759151166871113,0.5832282328906584,0.0,1.9499429545363898,True,True,True
236,5,Ob5.txt,93,0.011940038028710992,0.15908354364673732,0.18122484680448608,-0.02214130315774876,0.575,13.32353743465518,False,0.3002028134458506,0.18575972856790138,0.11444308487794921,0.225,25.142534112871626,True,False,True
236,6,Ob6.txt,112,0.26769180181321417,0.012046236490238012,0.18976132813520943,-0.17771509164497143,1.0,0.045000393768664784,False,0.008423000868798103,0.204854307960472,-0.1964313070916739,0.975,0.03146529259299235,False,False,False
236,7,Ob7.txt,33,0.7206906962704431,0.6328137573492781,0.23818246293574102,0.3946312944135371,0.125,0.8780656675937042,True,0.3354691108853473,0.25121341368445554,0.08425569720089177,0.275,0.4654827828656479,True,True,True
236,8,Ob8.txt,84,0.11106872262663439,0.14188415767014173,0.19411986806732462,-0.05223571039718289,0.65,1.277444759557519,False,0.15309012835309851,0.2033684409627085,-0.05027831260960999,0.6,1.378336985721193,False,False,False
236,9,Ob9.txt,37,0.10843352826155757,0.12008555581187758,0.330898255884285,-0.21081270007240743,0.775,1.1074577922265298,False,0.012363447944649372,0.21375345249176098,-0.2013900045471116,1.0,0.11401868170172351,False,False,False
236,10,Ob10.txt,36,0.39598813401613997,0.31714586700809744,0.24321407107121615,0.07393179593688129,0.375,0.8008974001104058,False,0.2033331847295769,0.21345122271583739,-0.010118037986260486,0.525,0.5134830245223694,False,False,False
236,11,Ob11.txt,119,0.2201228861649662,0.45788632852603117,0.21297385020088547,0.2449124783251457,0.075,2.0801395825006512,True,0.3350062511289498,0.256330555605756,0.07867569552319376,0.3,1.5219055908520425,True,True,True
236,12,Ob12.txt,91,0.330652105993524,0.8462828581647471,0.2834647871668652,0.562818070997882,0.025,2.5594358627231064,True,0.7497523083105767,0.12309582876046826,0.6266564795501084,0.0,2.267495941263598,True,True,True
236,13,Ob13.txt,102,0.028518029891322627,0.051321636079200136,0.0012605850842661304,0.050061050994934006,0.0,1.7996206706696845,True,0.0929105293456324,0.08152683795764726,0.011383691387985145,0.25,3.2579574991575035,False,False,True
236,14,Ob14.txt,47,0.0711873903268467,0.08766876541153296,0.28187965776935797,-0.19421089235782502,0.85,1.231520990009809,False,0.322622147423121,0.24049409882258962,0.08212804860053138,0.375,4.532012564891726,False,False,False
236,15,Ob15.txt,96,0.404168818989902,0.043219284597525776,0.10870171721937082,-0.06548243262184504,0.775,0.10693374294815552,False,0.18862004670451354,0.21097125858499588,-0.022351211880482336,0.525,0.4666862900901471,False,False,False
236,16,Ob16.txt,84,0.19454593105734796,0.3520099535638578,0.23670917242433662,0.11530078113952116,0.325,1.8093925257171932,True,0.1395143129592246,0.20353514308505535,-0.06402083012583076,0.675,0.7171278895475782,False,False,True
236,17,Ob17.txt,122,0.22600518672609837,0.16545270752394006,0.1551617994104235,0.010290908113516573,0.45,0.7320748250103505,False,0.5624720495155917,0.2327429520803122,0.3297290974352795,0.1,2.4887572611210307,True,False,True
236,18,Ob18.txt,103,0.2877457353074415,0.18876352791737575,0.0869004616271335,0.10186306629024225,0.025,0.6560080819814467,True,0.3165277123716823,0.015027110218396422,0.3015006021532859,0.0,1.1000257294291043,True,True,True
236,19,Ob19.txt,143,0.13005167793567074,0.041705912521473494,0.12565697519781224,-0.08395106267633876,0.75,0.32068723128741994,False,0.013927870865940162,0.1944891267010854,-0.18056125583514523,0.975,0.10709489556012877,False,False,False
237,1,Ob1.txt,28,0.5249764747335725,0.47973018039219745,0.2549157890550592,0.22481439133713826,0.25,0.9138127201521979,True,0.04228491696211306,0.26933270188260616,-0.2270477849204931,0.975,0.08054630825804683,False,False,True
237,2,Ob2.txt,43,0.4193634496928148,0.35457529045450015,0.21077659954206612,0.14379869091243402,0.15,0.8455083310532374,True,0.15580435716080815,0.251549380797818,-0.09574502363700987,0.575,0.3715258382077298,False,False,True
237,3,Ob3.txt,40,0.01885298478010644,0.2686548473056746,0.21338029369792644,0.05527455360774819,0.4,14.249990144221494,False,0.27388435051335236,0.2715436979870308,0.0023406525263215405,0.5,14.527373448174293,False,False,False
237,4,Ob4.txt,58,0.050900644972350695,0.048149609501826715,0.2646258446935216,-0.21647623519169484,0.825,0.945952836707308,False,0.1032839119322091,0.2034317920996973,-0.10014788016748821,0.725,2.029127764261397,False,False,False
237,5,Ob5.txt,93,0.1662764795908866,0.4788650786526308,0.21491047075901654,0.26395460789361425,0.15,2.879932747138079,True,0.21283442348363796,0.22739407978637086,-0.014559656302732898,0.525,1.2800031851005291,False,False,True
237,6,Ob6.txt,112,0.367608318029329,0.21013084257799192,0.15943687729620704,0.05069396528178488,0.425,0.5716161258386624,False,0.2412352611469956,0.20283028373245243,0.03840497741454316,0.425,0.6562290604309695,False,False,False
237,7,Ob7.txt,33,0.03698891400247413,0.4035368531610663,0.33310746609526787,0.07042938706579843,0.4,10.909670209135482,False,0.6421031048512283,0.22212648222462783,0.4199766226266005,0.075,17.359339201153055,True,False,True
237,8,Ob8.txt,84,0.019756631965164778,0.02183792226111697,0.1381210185325455,-0.11628309627142852,0.95,1.1053464122640924,False,0.11282143170966985,0.2454324431107871,-0.13261101140111725,0.825,5.71055997341037,False,False,False
237,9,Ob9.txt,37,0.18243377688752563,0.3786463178860152,0.19992400508916366,0.17872231279685155,0.325,2.0755274837041764,True,0.383877577750873,0.2966166548370992,0.0872609229137738,0.45,2.104202326455927,False,False,True
237,10,Ob10.txt,36,0.012944447679274773,0.27121967730111723,0.28649765596418036,-0.01527797866306313,0.525,20.95258786014983,False,0.1390020854847932,0.2078967374774041,-0.06889465199261088,0.575,10.73835585177945,False,False,False
237,11,Ob11.txt,119,0.4484367519825341,0.09603319612721287,0.16892206358056028,-0.07288886745334741,0.675,0.21415103847454772,False,0.16137284265549134,0.26251742511873455,-0.1011445824632432,0.75,0.359856416634149,False,False,False
237,12,Ob12.txt,91,0.03445929701965372,0.18031135549372407,0.19946518845156763,-0.019153832957843564,0.55,5.232589492202473,False,0.43548394176498845,0.13872968388088722,0.29675425788410126,0.125,12.637632785039461,True,False,True
237,13,Ob13.txt,102,0.025582580887682838,0.060078353677486984,0.0,0.060078353677486984,0.2,2.34840862777894,True,0.16822690503711576,0.0,0.16822690503711576,0.0,6.5758379021919335,True,True,True
237,14,Ob14.txt,47,0.06855470268649883,0.06830446528398551,0.255533334333618,-0.1872288690496325,0.85,0.9963498141964432,False,0.21264605266968178,0.1938480111092853,0.018798041560396495,0.475,3.101844867479242,False,False,False
237,15,Ob15.txt,96,0.03347711535409201,0.10422429615392906,0.11865488186661456,-0.014430585712685504,0.525,3.1132997885730145,False,0.2185073948742635,0.25492795416323644,-0.03642055928897295,0.525,6.527067597165438,False,False,False
237,16,Ob16.txt,84,0.4579015581087369,0.4577828797863695,0.26598013345085497,0.19180274633551453,0.175,0.9997408213178886,True,0.13555849990134233,0.2784214859195148,-0.1428629860181725,0.75,0.2960428884785571,False,False,True
237,17,Ob17.txt,122,0.097212798401344,0.3767327550315799,0.1478048931063966,0.22892786192518327,0.15,3.875341119964832,True,0.2029313425402678,0.19539113537643427,0.007540207163833523,0.5,2.087496151509431,False,False,True
237,18,Ob18.txt,103,0.09101725975043067,0.2459915540862991,0.16914353179939912,0.07684802228689999,0.325,2.702691278124698,True,0.18554096085802527,0.05081657499004599,0.13472438586797927,0.25,2.038525015659432,True,True,True
237,19,Ob19.txt,143,0.3981593817622449,0.05558808401442758,0.16503872401132405,-0.10945063999689647,0.725,0.13961264398290932,False,0.2680308522642406,0.13983312133888234,0.12819773092535827,0.2,0.6731747750811291,True,False,True
238,1,Ob1.txt,28,0.3096324120554538,0.3800436204349006,0.20225080505350548,0.1777928153813951,0.15,1.22740257685567,True,0.3225602386878925,0.2528621755716576,0.06969806311623494,0.375,1.041752174930974,False,False,True
238,2,Ob2.txt,43,0.589293118637799,0.004533903407902093,0.1814852862705973,-0.17695138286269518,0.975,0.0076938000198994265,False,0.22535502384571848,0.20810294949455715,0.01725207435116133,0.45,0.3824158414858903,False,False,False
238,3,Ob3.txt,40,0.384188233468322,0.3005801542811712,0.2591122732181831,0.0414678810629881,0.45,0.7823773038742878,False,0.07798978975056053,0.2908855750636228,-0.21289578531306225,0.85,0.20299890250801014,False,False,False
238,4,Ob4.txt,58,0.41430707333625816,0.2533938760713021,0.23198106597969503,0.02141281009160706,0.375,0.6116088582094847,False,0.5150272995244198,0.30277963399732694,0.2122476655270929,0.15,1.2431052537363163,True,False,True
238,5,Ob5.txt,93,0.4256822500048663,0.19749755481600037,0.2240414562519193,-0.02654390143591892,0.55,0.4639553441886351,False,0.08922652963910667,0.22695245385772422,-0.13772592421861757,0.775,0.20960829265981057,False,False,False
238,6,Ob6.txt,112,0.0784022747153642,0.529931078312444,0.1877350208327755,0.3421960574796685,0.05,6.759128867578575,True,0.162013373808103,0.23268694927509015,-0.07067357546698716,0.6,2.066437158823325,False,False,True
238,7,Ob7.txt,33,0.26071150417193967,0.031877571190731174,0.38851745217042843,-0.35663988097969723,0.95,0.12227144057942246,False,0.3021061141799644,0.21407197754124718,0.08803413663871723,0.35,1.1587755405711784,True,False,True
238,8,Ob8.txt,84,0.29027285143413606,0.29951656822882455,0.19208434983668804,0.10743221839213651,0.375,1.0318449236606817,False,0.25354810493006774,0.21962115637616197,0.03392694855390577,0.45,0.8734819797214095,False,False,False
238,9,Ob9.txt,37,0.8388331111328072,0.06313572594821014,0.2721850566007571,-0.20904933065254694,0.85,0.07526613471772486,False,0.05733388773835298,0.24273545391769596,-0.18540156617934297,0.875,0.06834957630717044,False,False,False
238,10,Ob10.txt,36,0.11345668988782953,0.0470547226408371,0.25735264672954566,-0.21029792408870857,0.95,0.4147373124260753,False,0.2865208369659285,0.3166588403953057,-0.03013800342937717,0.525,2.525376310988811,False,False,False
238,11,Ob11.txt,119,0.022317849811884838,0.06542925904712608,0.17439764690729515,-0.10896838786016906,0.775,2.9317008402970477,False,0.14205729681091095,0.173108937496103,-0.03105164068519206,0.6,6.365187417618597,False,False,False
238,12,Ob12.txt,91,0.25253856456752777,0.41075130632427737,0.17641448915441407,0.2343368171698633,0.15,1.62648943153569,True,0.5280729310468865,0.2172609531642904,0.31081197788259607,0.175,2.091058575355456,True,True,True
238,13,Ob13.txt,102,0.16184007988765148,0.26787672816153646,0.0656953217457017,0.20218140641583476,0.05,1.6551939936478965,True,0.3577424926449336,0.0675483939828958,0.29019409866203777,0.0,2.210469080917882,True,True,True
238,14,Ob14.txt,47,0.9505701467760137,0.27883819930283527,0.2381327637667468,0.04070543553608846,0.375,0.29333784597438967,False,0.2872306384725326,0.2578886168048129,0.02934202166771971,0.4,0.3021666937960485,False,False,False
238,15,Ob15.txt,96,0.14093319787331426,0.15598473785566122,0.1476607679242402,0.00832396993142101,0.475,1.1067991091486966,False,0.05502855317842476,0.2151682458973809,-0.16013969271895614,0.825,0.39045841582258195,False,False,False
238,16,Ob16.txt,84,0.20848004244210688,0.08945564040588466,0.21785539485246522,-0.12839975444658056,0.725,0.4290849107569888,False,0.01369863897808729,0.14360055933581342,-0.12990192035772613,0.925,0.06570719584293679,False,False,False
238,17,Ob17.txt,122,0.27244510468630384,0.06605767187416248,0.15750901849801832,-0.09145134662385584,0.8,0.24246231896962134,False,0.16322707622327923,0.22398996496569473,-0.060762888742415505,0.675,0.5991191378212525,False,False,False
238,18,Ob18.txt,103,0.22227579016061208,0.1686509946302145,0.40916508969494353,-0.24051409506472904,0.6,0.7587465756317889,False,0.08480689663454902,0.1433168365416071,-0.05850993990705808,0.525,0.381539062680957,False,False,False
238,19,Ob19.txt,143,0.12686841783936023,0.14623866487818798,0.16850240929905172,-0.022263744420863735,0.55,1.1526798187343537,False,0.2502148409604267,0.12723105460670314,0.12298378635372353,0.15,1.9722389955019908,True,False,True
239,1,Ob1.txt,28,0.059880194706004246,0.19706559614198207,0.18386216232372346,0.013203433818258614,0.475,3.2909979185859615,False,0.2029463490747503,0.21092637225522012,-0.007980023180469836,0.5,3.3892065660634976,False,False,False
239,2,Ob2.txt,43,0.027881922043135055,0.3167863037980595,0.19381155940259964,0.12297474439545986,0.325,11.361709688018335,True,0.3492713284286915,0.21677736121844215,0.13249396721024936,0.35,12.526802416574697,True,True,True
239,3,Ob3.txt,40,0.1893947281632251,0.4021586463140949,0.19030794154584638,0.21185070476824855,0.225,2.1233888092571647,True,0.15656119458262338,0.2295188374630534,-0.07295764288043002,0.7,0.8266396646885283,False,False,True
239,4,Ob4.txt,58,0.26041932416184677,0.022484594542364504,0.20261243461698017,-0.18012784007461566,0.975,0.08633996196223388,False,0.29602379901144016,0.22726829858856304,0.06875550042287712,0.45,1.1367197882268743,False,False,False
239,5,Ob5.txt,93,0.40070709564790413,0.2715658730895214,0.21126430911074512,0.060301563978776285,0.4,0.6777166564780341,False,0.004570616725765919,0.20754943555310884,-0.20297881882734292,0.975,0.01140637831325567,False,False,False
239,6,Ob6.txt,112,0.026195891406618432,0.13510765754536747,0.18231479815993204,-0.047207140614564574,0.6,5.157589617707466,False,0.016796725957979042,0.20936939889126055,-0.1925726729332815,0.95,0.6411969608995753,False,False,False
239,7,Ob7.txt,33,0.5186120028245977,0.6631199040645915,0.32565101161138155,0.33746889245321,0.125,1.2786435725608698,True,0.3230106954992521,0.22920839617012884,0.09380229932912326,0.35,0.6228369064734105,True,True,True
239,8,Ob8.txt,84,0.24169534012702817,0.2033571114214631,0.154638149801184,0.04871896162027908,0.35,0.8413778739572902,True,0.11255521060936621,0.21046901405870566,-0.09791380344933945,0.675,0.4656904454600176,False,False,True
239,9,Ob9.txt,37,0.34526912981853713,0.133352793169702,0.2822392957162011,-0.1488865025464991,0.75,0.38622854362852577,False,0.12044824683162303,0.3575458682901426,-0.2370976214585196,0.825,0.3488532174739367,False,False,False
239,10,Ob10.txt,36,0.19595410932126323,0.12060161808583875,0.31809458371649024,-0.1974929656306515,0.75,0.6154584790468189,False,0.2151821681662533,0.32102806679154805,-0.10584589862529475,0.65,1.0981253157261734,False,False,False
239,11,Ob11.txt,119,0.08836285873072995,0.192213800024722,0.1785773212885953,0.013636478736126695,0.4,2.1752781970359205,False,0.17764305301948152,0.1938110107966683,-0.01616795777718677,0.55,2.0103814608445054,False,False,False
239,12,Ob12.txt,91,0.13049396939074054,0.1278601292677748,0.27495692257169785,-0.14709679330392306,0.775,0.9798163843489258,False,0.5234398659301479,0.21772172378099125,0.30571814214915666,0.1,4.011218820103496,True,False,True
239,13,Ob13.txt,102,0.012466445804019982,0.22379017665872353,0.20429796571911216,0.01949221093961137,0.45,17.95140172081438,False,0.36862489294110007,0.1699070402444085,0.19871785269669157,0.15,29.569365538189864,True,False,True
239,14,Ob14.txt,47,1.1067517737144317,0.7930548284365584,0.14393222223105673,0.6491226062055017,0.05,0.7165607024734576,True,0.7694739632836327,0.19112147222187553,0.5783524910617572,0.025,0.6952543303374685,True,True,True
239,15,Ob15.txt,96,0.16884755110366084,0.019293570486896894,0.13522617193608047,-0.11593260144918358,0.95,0.11426621446852944,False,0.008736668191938968,0.3376805422262962,-0.3289438740343572,1.0,0.05174293695604298,False,False,False
239,16,Ob16.txt,84,0.10991099166640805,0.3188311637336142,0.2064450336920004,0.1123861300416138,0.2,2.9008123655302995,True,0.23968853469339133,0.32709903163027454,-0.08741049693688321,0.65,2.1807512702721525,False,False,True
239,17,Ob17.txt,122,0.7410819786261982,0.38341079996941474,0.21843639220894318,0.16497440776047156,0.125,0.5173662442583928,True,0.5023301270800655,0.1592173086615272,0.34311281841853836,0.05,0.6778334132632321,True,True,True
239,18,Ob18.txt,103,0.3194010988416537,0.012211893338907487,1.329146284752741,-1.3169343914138336,0.65,0.038233723625859084,False,0.09390535656121682,1.6235663102943483,-1.5296609537331314,0.625,0.29400448809279567,False,False,False
239,19,Ob19.txt,143,0.13121636508989806,0.23998915066696047,0.1185914530843008,0.12139769758265967,0.3,1.828957466567076,True,0.3481159655635394,0.2148801203359308,0.13323584522760862,0.275,2.6529919901762296,True,True,True
240,1,Ob1.txt,28,0.44620339298910777,0.4211692540392118,0.30324715878790687,0.11792209525130493,0.25,0.9438952295225889,True,0.0656469932553371,0.23416026248292257,-0.16851326922758547,0.975,0.14712347392871483,False,False,True
240,2,Ob2.txt,43,0.45485984174758454,0.0986494796004969,0.19304373038355754,-0.09439425078306064,0.675,0.2168788504640963,False,0.05524984328310795,0.17038736225924594,-0.115137518976138,0.875,0.12146564328659235,False,False,False
240,3,Ob3.txt,40,0.3602373653637631,0.3609428339978507,0.23631465389898523,0.12462818009886548,0.4,1.001958343864122,False,0.022589998765500524,0.33650708613395575,-0.31391708736845525,1.0,0.06270864973345958,False,False,False
240,4,Ob4.txt,58,0.05975116243873799,0.0788556249132682,0.2611116672225901,-0.1822560423093219,0.825,1.3197337372995503,False,0.27243189958098313,0.2757704763528044,-0.0033385767718212556,0.525,4.559440995985704,False,False,False
240,5,Ob5.txt,93,0.05163779113492806,0.059345545814889517,0.16770976231464652,-0.108364216499757,0.85,1.1492657704862186,False,0.05696225370123856,0.15219735072751367,-0.09523509702627511,0.75,1.103111741406557,False,False,False
240,6,Ob6.txt,112,0.152193763128048,0.30787050898527824,0.20582293945619412,0.10204756952908411,0.325,2.022885186998444,True,0.20359582703037232,0.20838463141117908,-0.004788804380806755,0.55,1.337740935277862,False,False,True
240,7,Ob7.txt,33,0.8806078086447702,0.532338310448101,0.3268606869140047,0.20547762353409627,0.175,0.6045123665975143,True,0.02508947688789434,0.2727529359325729,-0.24766345904467854,0.925,0.028491090632623752,False,False,True
240,8,Ob8.txt,84,0.08230318767595726,0.08008591806980336,0.2986236990998671,-0.21853778103006372,0.925,0.9730597359742165,False,0.028961539096786726,0.36531075970014837,-0.33634922060336164,1.0,0.35188842515813135,False,False,False
240,9,Ob9.txt,37,0.04005524444376665,0.49911699221061534,0.2249108216619609,0.2742061705486544,0.175,12.460715173298295,True,0.3517514168169701,0.25535506378853057,0.09639635302843952,0.375,8.781656976548778,False,False,True
240,10,Ob10.txt,36,0.2439710419556661,0.04623361233133616,0.2498205819924113,-0.20358696966107515,0.875,0.18950450824298087,False,0.09955239997599041,0.23216048160519304,-0.13260808162920262,0.85,0.40805006683572254,False,False,False
240,11,Ob11.txt,119,0.03640140191230046,0.15579955450012373,0.17177423473385023,-0.0159746802337265,0.575,4.280042699330139,False,0.23230674491594389,0.1610018880887516,0.07130485682719229,0.375,6.381807642343707,False,False,False
240,12,Ob12.txt,91,0.45376217064033725,0.24587563228470177,0.197608827982647,0.04826680430205477,0.375,0.5418601377407212,False,0.14304532202157605,0.19092476273283232,-0.04787944071125627,0.65,0.3152429428387877,False,False,False
240,13,Ob13.txt,102,0.5506405469313531,0.07657947286253662,0.2768911460533104,-0.20031167319077375,0.75,0.13907343599977134,False,0.5486764983608531,0.15134064343521314,0.39733585492563994,0.0,0.9964331566546535,True,False,True
240,14,Ob14.txt,47,0.022252376647930734,0.08851613392205987,0.14904246276033878,-0.06052632883827891,0.8,3.9778283157134613,False,0.18042873427392198,0.188098077083378,-0.007669342809456026,0.525,8.10829050436283,False,False,False
240,15,Ob15.txt,96,0.3413267542353011,0.8608411675112063,0.19540787123956743,0.6654332962716389,0.0,2.5220442195919,True,0.6939601774741107,0.10347587172702814,0.5904843057470825,0.0,2.033125645333134,True,True,True
240,16,Ob16.txt,84,0.1466555773717257,0.05048686556090143,0.2579477913688713,-0.20746092580796988,0.925,0.3442546575159097,False,0.27394529517458766,0.2564807079238264,0.017464587250761276,0.4,1.8679500642530809,False,False,False
240,17,Ob17.txt,122,0.1539141386855078,0.199556920019947,0.20769923004883073,-0.008142310028883742,0.55,1.2965470341077692,False,0.34293542930998067,0.17603842667969188,0.16689700263028878,0.25,2.228095691785011,True,False,True
240,18,Ob18.txt,103,0.1209158090043626,0.10905654731674716,0.1583337906841238,-0.04927724336737663,0.675,0.9019213303432675,False,0.11045215195878344,0.14903305934372357,-0.03858090738494013,0.625,0.9134632838192263,False,False,False
240,19,Ob19.txt,143,0.29615208782151675,0.301916836189156,0.19310987822778214,0.10880695796137385,0.2,1.0194654996695938,True,0.24298097575089656,0.19676864611206207,0.04621232963883448,0.425,0.820460114052395,False,False,True
241,1,Ob1.txt,28,0.06251127946095493,0.4210293547363483,0.226042030051949,0.19498732468439928,0.3,6.73525415520133,True,0.4434997631238616,0.25026470144939494,0.19323506167446663,0.3,7.094715816861103,True,True,True
241,2,Ob2.txt,43,0.5048577239205528,0.10341452475411503,0.2166755852337488,-0.11326106047963377,0.725,0.2048389473989486,False,0.15200156789719332,0.21805071081862404,-0.06604914292143071,0.65,0.3010780279180459,False,False,False
241,3,Ob3.txt,40,0.3394310065080126,0.07131025169007321,0.2162390943850407,-0.14492884269496747,0.85,0.2100876181692902,False,0.09946823818077927,0.24510543840372312,-0.14563720022294385,0.85,0.2930440539421705,False,False,False
241,4,Ob4.txt,58,0.2632310894998854,0.14170145030910725,0.21696988820983665,-0.0752684379007294,0.75,0.5383157839688573,False,0.23472235236714295,0.21626283628768328,0.01845951607945967,0.475,0.8916969223243866,False,False,False
241,5,Ob5.txt,93,0.25935968169457974,0.18219610772542547,0.18073845917721598,0.0014576485482094836,0.475,0.7024843126541865,False,0.1725153417567596,0.18847605854580865,-0.015960716789049062,0.55,0.6651586731969872,False,False,False
241,6,Ob6.txt,112,0.0815830352523749,0.404516035598121,0.17186647110587502,0.23264956449224597,0.15,4.95833520224838,True,0.08352019880808537,0.18730253089915722,-0.10378233209107185,0.825,1.023744686008775,False,False,True
241,7,Ob7.txt,33,0.23080960228171177,0.34187308617431145,0.2973977974557066,0.044475288718604844,0.425,1.4811909157793295,False,0.3627431162868102,0.3011052263589189,0.06163788992789132,0.425,1.571611894396268,False,False,False
241,8,Ob8.txt,84,0.38376611060521526,0.1353322019631264,0.1652310739321628,-0.0298988719690364,0.6,0.3526423991678208,False,0.1983664432621076,0.20299586642768191,-0.004629423165574326,0.5,0.5168941127950964,False,False,False
241,9,Ob9.txt,37,0.10478674930414983,0.36956599934884693,0.2901527277922433,0.0794132715566036,0.35,3.5268390498130584,True,0.04084966613364149,0.3640836949246836,-0.3232340287910421,0.95,0.3898361806708297,False,False,True
241,10,Ob10.txt,36,0.05683671107337088,0.09996178402903125,0.2933662302225443,-0.19340444619351307,0.9,1.7587538430925382,False,0.1805523807796987,0.19963698931717977,-0.019084608537481063,0.65,3.1766859371335276,False,False,False
241,11,Ob11.txt,119,0.3335677244380847,0.047338503027455736,0.2790014644559978,-0.2316629614285421,0.925,0.1419157177367815,False,0.23029010054410082,0.21764140838372725,0.012648692160373565,0.5,0.6903848414352397,False,False,False
241,12,Ob12.txt,91,0.18174099624302142,0.5072560814862215,0.20103711019507486,0.3062189712911466,0.125,2.7910933249640935,True,0.4642528955531503,0.25626861096750775,0.20798428458564255,0.175,2.554475353113824,True,True,True
241,13,Ob13.txt,102,0.31037860636964393,0.23945966961434734,0.13128674342666924,0.1081729261876781,0.35,0.7715082956753919,True,0.29892610635151834,0.20713959208975868,0.09178651426175966,0.225,0.9631015160739324,True,True,True
241,14,Ob14.txt,47,0.3133661868179989,0.3786577111763865,0.26232751839924684,0.11633019277713968,0.275,1.2083553590174314,True,0.20436610595969074,0.1825368685204434,0.021829237439247334,0.475,0.6521638726720228,False,False,True
241,15,Ob15.txt,96,0.06548634134248305,0.11858353019468952,0.31866381085439976,-0.20008028065971023,0.675,1.8108131827752707,False,0.44963728678156906,0.191164389926961,0.25847289685460806,0.075,6.866123187887964,True,False,True
241,16,Ob16.txt,84,0.0490321905432822,0.035632244223930354,0.21010583334183802,-0.17447358911790767,0.925,0.726711244778605,False,0.2680109073023146,0.19326746626189706,0.07474344104041752,0.225,5.4660194523786005,True,False,True
241,17,Ob17.txt,122,0.18834621525934944,0.08593814702115798,0.15810867511358032,-0.07217052809242233,0.7,0.45627753604086313,False,0.12984467089399487,0.19160064769266258,-0.061755976798667706,0.65,0.6893935761608007,False,False,False
241,18,Ob18.txt,103,0.05537509434458439,0.001730246784443043,0.08602144186250182,-0.08429119507805878,0.925,0.03124593835770609,False,0.15840471103264445,0.11756084349546267,0.04084386753718178,0.475,2.860576815398893,False,False,False
241,19,Ob19.txt,143,0.3744790135574718,0.12198577334902083,0.13509556978159512,-0.013109796432574289,0.525,0.32574795631451187,False,0.006624941994101435,0.19547535105024783,-0.1888504090561464,1.0,0.017691090165950503,False,False,False
242,1,Ob1.txt,28,1.1455329288860825,0.8342157326179928,0.1750882823085183,0.6591274503094744,0.0,0.7282337430746623,True,0.7735509176185816,0.25122016410575476,0.5223307535128269,0.05,0.675276020542494,True,True,True
242,2,Ob2.txt,43,0.058906491622518264,0.15675507197551178,0.17321434681588327,-0.01645927484037149,0.55,2.6610831447919536,False,0.044444322396631236,0.16822004823133963,-0.12377572583470839,0.8,0.754489380923196,False,False,False
242,3,Ob3.txt,40,0.10175984115185858,0.6077941024533434,0.18398780379554164,0.4238062986578018,0.125,5.972828726671439,True,0.27494496410122615,0.25866200791112726,0.016282956190098896,0.475,2.7019004844054284,False,False,True
242,4,Ob4.txt,58,0.14164260348751118,0.27302964157396703,0.18701348986597832,0.08601615170798871,0.35,1.9275954751710027,True,0.20720366658050104,0.2156024865868582,-0.008398820006357166,0.5,1.4628625955662449,False,False,True
242,5,Ob5.txt,93,0.021610536169360754,0.3026841456241115,0.1956566891163794,0.1070274565077321,0.2,14.006322807171006,True,0.021399653103138377,0.1638816437516006,-0.14248199064846223,0.925,0.9902416550626187,False,False,True
242,6,Ob6.txt,112,0.25282729353000377,0.3393191332383935,0.15306138619591111,0.1862577470424824,0.15,1.342098507248884,True,0.11899669723227363,0.17481674447670328,-0.055820047244429655,0.625,0.4706639681611429,False,False,True
242,7,Ob7.txt,33,0.31429606146956923,0.1599399810157793,0.2605188648987498,-0.10057888388297051,0.7,0.5088831857069421,False,0.547651508140445,0.27123248577088077,0.2764190223695643,0.125,1.742470158804296,True,False,True
242,8,Ob8.txt,84,0.016602309933326634,0.15610993197136003,0.1963080862556744,-0.040198154284314364,0.625,9.402904330679485,False,0.19115799802626463,0.2031314126018685,-0.011973414575603886,0.525,11.513939854992332,False,False,False
242,9,Ob9.txt,37,0.7485522603472163,0.21034328036261732,0.3902289448877574,-0.17988566452514007,0.725,0.2810001271855748,False,0.04044173200388024,0.4537665193440399,-0.41332478734015965,0.925,0.054026597936022956,False,False,False
242,10,Ob10.txt,36,0.3424392032360924,0.27959316830059255,0.2306890486759557,0.048904119624636866,0.425,0.8164753499552706,False,0.37193807348720787,0.23866957180565335,0.13326850168155452,0.275,1.0861433795323303,True,False,True
242,11,Ob11.txt,119,0.28836675045722016,0.22644142688278496,0.1388401218667309,0.08760130501605407,0.375,0.7852549800687858,False,0.2940542880252309,0.15492658771710183,0.1391277003081291,0.2,1.0197232779403065,True,False,True
242,12,Ob12.txt,91,0.12451039034309269,0.12257072482338602,0.18183870250850875,-0.059267977685122736,0.7,0.9844216573864891,False,0.16736140866039834,0.19670256209141573,-0.029341153431017397,0.65,1.3441561639894324,False,False,False
242,13,Ob13.txt,102,0.01669413559243081,0.38240534565926654,0.12256661310234851,0.25983873255691803,0.0,22.90656761124252,True,0.3784549204242865,0.023004088083322938,0.3554508323409636,0.1,22.669932104533732,True,True,True
242,14,Ob14.txt,47,0.366482439077445,0.1996493723407216,0.14829360374964867,0.05135576859107294,0.325,0.5447720028367627,True,0.10417675678540983,0.20422580039957472,-0.10004904361416489,0.65,0.2842612515013174,False,False,True
242,15,Ob15.txt,96,0.26383350620670004,0.005158664821665576,0.30252477851760773,-0.2973661136959421,1.0,0.019552728142209604,False,0.05989928552058035,0.21079055222368198,-0.15089126670310163,0.75,0.22703441417199047,False,False,False
242,16,Ob16.txt,84,0.23065672850503346,0.4014080959387968,0.25406328700166936,0.14734480893712742,0.275,1.740283487676524,True,0.08784975065588657,0.1195415707353362,-0.03169182007944962,0.625,0.38086792969479527,False,False,True
242,17,Ob17.txt,122,0.2699112250814095,0.004521670218952056,0.15257634457750208,-0.14805467435855002,1.0,0.016752434870347645,False,0.023574745884080484,0.161797643071654,-0.13822289718757352,0.925,0.08734259153901422,False,False,False
242,18,Ob18.txt,103,0.33450273869703867,0.4309732527079859,0.43154454387841135,-0.0005712911704254253,0.55,1.2883997733074504,False,0.3529771971554432,0.451811538054503,-0.09883434089905985,0.5,1.0552296179408474,False,False,False
242,19,Ob19.txt,143,0.3083221220341237,0.10112317878832365,0.058484742158368935,0.042638436629954715,0.225,0.32797899197493136,True,0.04478458885481443,0.118847663304679,-0.07406307444986457,0.875,0.14525259673017518,False,False,True
243,1,Ob1.txt,28,0.057296394269811465,0.20655056267686703,0.15774129768271056,0.04880926499415647,0.375,3.6049487111564216,False,0.28305214666498096,0.24035666685334547,0.04269547981163549,0.4,4.9401389087780085,False,False,False
243,2,Ob2.txt,43,0.16324468208795434,0.11419747820604154,0.21654357863586993,-0.10234610042982839,0.7,0.6995479224524647,False,0.07150021841727078,0.21995670705344433,-0.14845648863617356,0.8,0.4379941661973852,False,False,False
243,3,Ob3.txt,40,0.4656637486821367,0.36919143098549795,0.22243731098266836,0.14675412000282959,0.325,0.7928283703215836,True,0.15991149600790777,0.25481503460543825,-0.09490353859753048,0.725,0.34340550764466693,False,False,True
243,4,Ob4.txt,58,0.05462080612487853,0.019393313996704686,0.2882411092192137,-0.268847795222509,0.95,0.3550536026942941,False,0.13671958944653118,0.31054783869146096,-0.1738282492449298,0.775,2.503067954250835,False,False,False
243,5,Ob5.txt,93,0.2547126616713896,0.30834812783488696,0.16777806584871766,0.1405700619861693,0.275,1.2105724380230993,True,0.3386845574991104,0.12477844053399209,0.21390611696511833,0.2,1.329673033435828,True,True,True
243,6,Ob6.txt,112,0.1308642026549677,0.06813982044163247,0.13379519881215984,-0.06565537837052737,0.825,0.5206910603451098,False,0.08353847778326726,0.1292660270205257,-0.04572754923725844,0.725,0.6383600410841312,False,False,False
243,7,Ob7.txt,33,0.2589381402557835,0.04326381108800209,0.27250378335238956,-0.22923997226438747,0.9,0.16708164755205765,False,0.09220864511222648,0.25947081240920966,-0.16726216729698318,0.875,0.3561029866868636,False,False,False
243,8,Ob8.txt,84,0.04164437198449118,0.16309733608282145,0.24104388230915924,-0.07794654622633779,0.65,3.916431640356125,False,0.22008564112107218,0.15225438109371153,0.06783126002736065,0.425,5.284883181886726,False,False,False
243,9,Ob9.txt,37,0.20574785939707596,0.24345238525846646,0.14731328610630148,0.09613909915216498,0.325,1.1832559812378118,True,0.062381283383926345,0.29173897101514945,-0.2293576876312231,0.925,0.30319286706908455,False,False,True
243,10,Ob10.txt,36,0.022332918928134427,0.21690309471928093,0.2584595721180659,-0.041556477398784986,0.6,9.71225908343007,False,0.342326235427397,0.3002147760128588,0.0421114594145382,0.4,15.328324816338421,False,False,False
243,11,Ob11.txt,119,0.32099066170284984,0.4023046005335564,0.1844080906124077,0.21789650992114867,0.175,1.2533218206390726,True,0.3741536453826114,0.14209975466746882,0.2320538907151426,0.2,1.1656215897301587,True,True,True
243,12,Ob12.txt,91,0.006948678163358368,0.17015965902951535,0.21375124784995914,-0.04359158882044378,0.525,24.488061618222282,False,0.11199983559013124,0.08668291174594173,0.025316923844189515,0.425,16.118149805919426,False,False,False
243,13,Ob13.txt,102,0.006053245382859774,0.07783973743851816,0.16445654938282245,-0.08661681194430429,0.75,12.859174296638843,False,0.09375706451259125,0.38398352328085217,-0.2902264587682609,0.825,15.4887268865841,False,False,False
243,14,Ob14.txt,47,0.6307638038122098,0.2637963345700449,0.1751011086763741,0.08869522589367082,0.375,0.4182172993689759,False,0.15058135829902963,0.1881016402595315,-0.03752028196050186,0.675,0.2387285975969866,False,False,False
243,15,Ob15.txt,96,0.04552420714345323,0.003483732630708794,0.38083284429110176,-0.377349111660393,0.975,0.0765248391856899,False,0.06234142822871719,0.3423072623678309,-0.2799658341391137,0.8,1.3694127177716793,False,False,False
243,16,Ob16.txt,84,0.13721446896950068,0.08558847756209176,0.17628511355916887,-0.09069663599707711,0.775,0.6237569419965173,False,0.1391947559634617,0.2250967955560365,-0.08590203959257481,0.675,1.014432056683477,False,False,False
243,17,Ob17.txt,122,0.22109995872651214,0.26316099530477016,0.15488936872740383,0.10827162657736633,0.275,1.1902353886473813,True,0.09678139221768012,0.19260952813148013,-0.09582813591380002,0.775,0.4377268669570088,False,False,True
243,18,Ob18.txt,103,0.10413729522471427,0.1250022214249778,0.22507026942323027,-0.10006804799825247,0.7,1.2003597861384803,False,0.2813473568453083,0.31249875796931065,-0.03115140112400233,0.5,2.7016964118205546,False,False,False
243,19,Ob19.txt,143,0.06886719181595793,0.11216816458777146,0.09001574252952832,0.022152422058243137,0.425,1.6287605408324461,False,0.06251335352219697,0.10910700125929637,-0.0465936477370994,0.75,0.9077378048063716,False,False,False
244,1,Ob1.txt,28,0.05627373259511026,0.2835187253355374,0.23838972996874985,0.04512899536678755,0.375,5.038207210732862,False,0.12311280369937172,0.18314795020700647,-0.06003514650763475,0.65,2.1877490264448753,False,False,False
244,2,Ob2.txt,43,0.4111390374245534,0.5260361918882879,0.33108412891587824,0.19495206297240963,0.175,1.2794605814701283,True,0.7250977299193124,0.31423799319156537,0.41085973672774706,0.05,1.7636314334475536,True,True,True
244,3,Ob3.txt,40,0.3107198845404497,0.33553508503279883,0.221697542000933,0.11383754303186583,0.325,1.0798635740002622,True,0.41699478872255985,0.21380974007157866,0.2031850486509812,0.275,1.3420280113044238,True,True,True
244,4,Ob4.txt,58,0.266951008646888,0.030811486663323284,0.38683690275230764,-0.35602541608898436,1.0,0.11542000466489893,False,0.3857959939451271,0.4363558641533098,-0.0505598702081827,0.575,1.4451939923382813,False,False,False
244,5,Ob5.txt,93,0.2600961139442901,0.535290808386813,0.17359109459162922,0.36169971379518373,0.1,2.0580500041667933,True,0.5312473253623864,0.18716327158363844,0.34408405377874796,0.05,2.042503893296053,True,True,True
244,6,Ob6.txt,112,0.0642235483807696,0.15535999231675107,0.20137156423050373,-0.04601157191375266,0.575,2.419050274140106,False,0.41212689652009116,0.17339336637532662,0.23873353014476453,0.05,6.417068301437762,True,False,True
244,7,Ob7.txt,33,0.11805161067737835,0.28644576150392814,0.1826366881012924,0.10380907340263573,0.325,2.426445178175094,True,0.45022716077608427,0.12222215891936515,0.3280050018567191,0.125,3.8138163316255294,True,True,True
244,8,Ob8.txt,84,0.3839355864801024,0.10136205062686443,0.2335166479875909,-0.13215459736072646,0.875,0.264007959137483,False,0.09204738473112703,0.18914133343567524,-0.09709394870454821,0.775,0.2397469470725851,False,False,False
244,9,Ob9.txt,37,0.0102484251241306,0.4929515972471663,0.27209458233770184,0.22085701490946447,0.275,48.100229184138634,True,0.43524783543144263,0.44555449486715704,-0.010306659435714405,0.525,42.469728778778176,False,False,True
244,10,Ob10.txt,36,0.40823125935911164,0.0002522480432857743,0.23313590238459872,-0.23288365434131295,1.0,0.0006179047721180938,False,0.04532587075476292,0.21923158495572576,-0.17390571420096285,0.9,0.11102988738765543,False,False,False
244,11,Ob11.txt,119,0.27338787183412516,0.036694590140044114,0.16863173690581842,-0.1319371467657743,0.85,0.13422171910503813,False,0.3189374095883224,0.2075505004382331,0.11138690915008931,0.275,1.1666114061630133,True,False,True
244,12,Ob12.txt,91,0.4794507564754207,0.7074994971860178,0.24735962542666484,0.46013987175935295,0.0,1.4756458043513132,True,0.22922533816615384,0.13123171220623642,0.09799362595991742,0.175,0.47809985711828823,True,True,True
244,13,Ob13.txt,102,0.31771647846997003,0.3563679814754554,0.006469911940649831,0.34989806953480557,0.0,1.1216540709239249,True,0.40905823343169345,0.038130907802013794,0.37092732562967967,0.0,1.2874945467153567,True,True,True
244,14,Ob14.txt,47,0.06382982882892917,0.1985025221361852,0.3261907071576962,-0.12768818502151102,0.675,3.1098708202428895,False,0.04520118614807414,0.3224226619518724,-0.2772214758037983,0.975,0.7081514548506499,False,False,False
244,15,Ob15.txt,96,0.4581117730708377,0.20535723170289608,0.2729248416653967,-0.06756760996250064,0.625,0.4482688369398045,False,0.25842675509667873,0.16989538627544082,0.08853136882123791,0.375,0.5641128874824142,False,False,False
244,16,Ob16.txt,84,0.49595235423803263,0.07382435986343411,0.2231289624608813,-0.14930460259744718,0.775,0.14885373409882446,False,0.1707328331987341,0.184346492730868,-0.013613659532133893,0.5,0.3442524906672603,False,False,False
244,17,Ob17.txt,122,0.5455617090490534,0.01623463658475266,0.1230091956199335,-0.10677455903518084,0.975,0.0297576540205701,False,0.08306732169436942,0.13918983833117016,-0.056122516636800734,0.675,0.15226017573550152,False,False,False
244,18,Ob18.txt,103,0.4126951723468548,0.03567771528097205,0.06681051444820417,-0.03113279916723212,0.7,0.08645052734221535,False,0.0034084578740928018,0.07228537360062715,-0.06887691572653434,0.775,0.008259020464693298,False,False,False
244,19,Ob19.txt,143,0.1503940148399025,0.10174995420389335,0.08252342140777087,0.019226532796122478,0.425,0.6765558743292295,False,0.37609721276638897,0.16788908989248694,0.20820812287390203,0.05,2.500745878529489,True,False,True
245,1,Ob1.txt,28,0.5932562309034495,0.2951030143208897,0.1688334683949151,0.1262695459259746,0.35,0.49742927077476706,True,0.10603787821968813,0.22408424661765763,-0.1180463683979695,0.875,0.17873875181758597,False,False,True
245,2,Ob2.txt,43,0.28227621666472114,0.0974410898480457,0.25635395457446997,-0.15891286472642427,0.85,0.34519766135233126,False,0.038157380132616964,0.24981361697327684,-0.21165623684065987,0.875,0.1351774534300887,False,False,False
245,3,Ob3.txt,40,0.16403915706329714,0.12009407293752972,0.29845217833173865,-0.17835810539420893,0.65,0.7321061329959743,False,0.27181902728303553,0.34639319201501123,-0.0745741647319757,0.675,1.6570374546496225,False,False,False
245,4,Ob4.txt,58,0.013542581018450357,0.0058887521169042195,0.14127795909466148,-0.13538920697775725,1.0,0.4348323343151064,False,0.28235217410533014,0.2259606649891799,0.056391509116150235,0.4,20.849214320420508,False,False,False
245,5,Ob5.txt,93,0.6637560240479563,0.37194757548496965,0.20652115473496097,0.16542642075000868,0.225,0.5603679093059296,True,0.6171847706414426,0.2162951388900501,0.40088963175139253,0.025,0.9298367898456181,True,True,True
245,6,Ob6.txt,112,0.0012688191144832328,0.16920952973432576,0.21991622613855955,-0.05070669640423378,0.65,133.35985232476716,False,0.0065465110461510045,0.21205686937938878,-0.20551035833323777,1.0,5.159530599298451,False,False,False
245,7,Ob7.txt,33,0.5559855297470546,0.20849156529542606,0.2677731439309956,-0.05928157863556954,0.575,0.3749945891402591,False,0.07377263515660493,0.3642071861512646,-0.29043455099465965,0.9,0.13268804889610664,False,False,False
245,8,Ob8.txt,84,0.2753030322074139,0.11735654139905842,0.11857152644284207,-0.0012149850437836451,0.5,0.42628132519311207,False,0.17344254802283288,0.21559481650869367,-0.04215226848586079,0.575,0.6300059488344497,False,False,False
245,9,Ob9.txt,37,0.2509165600839891,0.07143170493562429,0.24268898691967916,-0.17125728198405488,0.8,0.2846831030670674,False,0.17095767030291215,0.2824295128408126,-0.11147184253790043,0.725,0.6813327515955409,False,False,False
245,10,Ob10.txt,36,0.4635080860531682,0.12765821038596672,0.1954860943569415,-0.06782788397097478,0.65,0.27541743979699046,False,0.21533069606151262,0.1922797915567891,0.023050904504723524,0.45,0.4645672913607216,False,False,False
245,11,Ob11.txt,119,0.29411287286422266,0.005610401326758052,0.1920879276734162,-0.18647752634665815,1.0,0.019075674152311234,False,0.16594538030585088,0.16457228716690298,0.0013730931389479006,0.5,0.5642234516625855,False,False,False
245,12,Ob12.txt,91,0.007406092217045364,0.16230995218314345,0.15436490591776392,0.007945046265379535,0.475,21.915734698736504,False,0.18373831904756632,0.18141146264636931,0.0023268564011970083,0.475,24.809077940548264,False,False,False
245,13,Ob13.txt,102,0.2763137928421828,0.3801397546381866,0.004862568744468665,0.37527718589371795,0.0,1.3757538149943322,True,0.3508113076470246,0.0,0.3508113076470246,0.0,1.2696120017699992,True,True,True
245,14,Ob14.txt,47,0.6551712486935501,0.0757379793413624,0.25475169924010826,-0.17901371989874587,0.9,0.11560027930466785,False,0.18567662542560442,0.31047975067774053,-0.1248031252521361,0.725,0.28340166909926906,False,False,False
245,15,Ob15.txt,96,0.8293843420317253,0.2772792202365352,0.27452930361186684,0.002749916624668336,0.5,0.3343193332506014,False,0.3223632770580571,0.2243093084491099,0.09805396860894722,0.35,0.38867779474636643,True,False,True
245,16,Ob16.txt,84,0.15017692919217177,0.021922892393296256,0.26748695698838965,-0.2455640645950934,0.95,0.1459804279606952,False,0.2844097553901195,0.26703326811275296,0.017376487277366515,0.4,1.8938312090945646,False,False,False
245,17,Ob17.txt,122,0.33864740849047203,0.2121730946616367,0.205677930747337,0.00649516391429969,0.5,0.6265309857453295,False,0.08771179121984007,0.1258604955953505,-0.038148704375510434,0.65,0.2590062378177268,False,False,False
245,18,Ob18.txt,103,0.344735655662911,0.26424936166118806,0.20510675195268324,0.05914260970850482,0.475,0.7665275039596603,False,0.29279506043853903,0.19587323337146295,0.09692182706707608,0.425,0.849332106003098,False,False,False
245,19,Ob19.txt,143,0.39120159640986185,0.12867607270313214,0.08046703067497357,0.048209042028158566,0.425,0.3289252239357383,False,0.26917417149756895,0.1993686763610202,0.06980549513654874,0.3,0.6880702276469117,True,False,True
246,1,Ob1.txt,28,1.0775787875329683,0.004831370738028806,0.3045172323365992,-0.2996858615985704,0.975,0.004483542914843237,False,0.5366769748059388,0.2186843039591722,0.3179926708467666,0.225,0.49803966170735264,True,False,True
246,2,Ob2.txt,43,0.29989568167928304,0.23250629274007928,0.18939218170941186,0.043114111030667424,0.425,0.775290565833249,False,0.007214665606156412,0.2507869458633035,-0.2435722802571471,1.0,0.024057250727177792,False,False,False
246,3,Ob3.txt,40,0.35839825761231053,0.6642664700071181,0.1896837372196863,0.47458273278743185,0.05,1.8534310809224799,True,0.8872118596448729,0.22079775207635777,0.6664141075685152,0.025,2.4754915538808087,True,True,True
246,4,Ob4.txt,58,0.5959956989088634,0.40172141364962216,0.26551389314531504,0.13620752050430712,0.225,0.6740340817644916,True,0.19029378319167306,0.27896699652264034,-0.08867321333096728,0.675,0.3192871752934778,False,False,True
246,5,Ob5.txt,93,0.02519316336504218,0.41584690221266807,0.18840071787855023,0.22744618433411784,0.125,16.50633928685961,True,0.4874093695440762,0.13322910238368613,0.3541802671603901,0.1,19.346890363931085,True,True,True
246,6,Ob6.txt,112,0.5091450559795276,0.1708797277248493,0.16794340127424962,0.0029363264505996856,0.45,0.33562091140431355,False,0.06806909226770302,0.20093567918397925,-0.13286658691627623,0.875,0.13369292595161728,False,False,False
246,7,Ob7.txt,33,0.09032678935558618,0.09578392185620505,0.29913859487697003,-0.203354673020765,0.775,1.0604154375413033,False,0.07206920262216132,0.3120016991919914,-0.23993249656983007,0.775,0.7978718510457525,False,False,False
246,8,Ob8.txt,84,0.03836254513974856,0.369002977390934,0.287506064185585,0.08149691320534902,0.35,9.618834622330603,True,0.04703683388367569,0.15374642393013943,-0.10670959004646374,0.825,1.226113484189542,False,False,True
246,9,Ob9.txt,37,0.1015213443127287,0.043904313520828686,0.4284399367278878,-0.38453562320705914,0.975,0.4324638707066843,False,0.49239683898110886,0.3701047662622072,0.12229207271890169,0.375,4.850180445447198,False,False,False
246,10,Ob10.txt,36,0.8842647238571097,0.14173100085367463,0.23471625714017502,-0.0929852562865004,0.7,0.16028118846068234,False,0.34565301218748756,0.22433280495315489,0.12132020723433268,0.275,0.39089313738511455,True,False,True
246,11,Ob11.txt,119,0.0693981606422377,0.12974756682763042,0.19121799714562682,-0.0614704303179964,0.6,1.8696110333025506,False,0.26916396415145144,0.18996014565742675,0.07920381849402469,0.375,3.8785460833616185,False,False,False
246,12,Ob12.txt,91,0.0903986147031774,0.1314264244655181,0.19217742034821828,-0.060750995882700165,0.7,1.4538544080244478,False,0.04779854935987804,0.2677546273394375,-0.21995607797955946,0.975,0.5287531176979196,False,False,False
246,13,Ob13.txt,102,0.1582622252993655,0.07786714328754557,0.0,0.07786714328754557,0.0,0.4920134488204858,True,0.12476663232939417,0.0,0.12476663232939417,0.0,0.7883538354992053,True,True,True
246,14,Ob14.txt,47,0.9085717174483687,0.11278525118849753,0.27355565948094773,-0.1607704082924502,0.8,0.12413467095943008,False,0.25790871309034175,0.2412940502052247,0.016614662885117037,0.45,0.28386170088438606,False,False,False
246,15,Ob15.txt,96,0.136345997334282,0.017939495913561074,0.074948079685603,-0.05700858377204193,0.825,0.13157332275459824,False,0.05182242326765288,0.1899326314219035,-0.13811020815425062,0.875,0.3800802684408761,False,False,False
246,16,Ob16.txt,84,0.14007314454425102,0.30856172987719355,0.15113740309388246,0.15742432678331109,0.1,2.202861447004316,True,0.33856950094266836,0.2024087463652328,0.13616075457743557,0.325,2.417090742442136,True,True,True
246,17,Ob17.txt,122,0.3012053142869604,0.08786071077131707,0.16046146999378125,-0.07260075922246417,0.7,0.2916970803762498,False,0.15911067207215124,0.19871233240218375,-0.03960166033003251,0.575,0.528246563141862,False,False,False
246,18,Ob18.txt,103,0.13881491896621814,0.5170005029640881,0.42925537682254744,0.08774512614154062,0.475,3.7243871682834375,False,0.550636457320675,0.9079432915484745,-0.3573068342277995,0.675,3.9666950888375143,False,False,False
246,19,Ob19.txt,143,0.3824060092955139,0.10311036103309729,0.14017440020342836,-0.037064039170331076,0.65,0.26963582822103654,False,0.2164622076381223,0.20315395473732117,0.01330825290080112,0.45,0.566053363117643,False,False,False
247,1,Ob1.txt,28,0.04326976374977576,0.14601409327028855,0.2302635116787594,-0.08424941840847086,0.7,3.3745063669557305,False,0.4808713790393041,0.25599710685478233,0.22487427218452177,0.225,11.11333497959753,True,False,True
247,2,Ob2.txt,43,0.07644071381846412,0.4318071275867808,0.27683134222075023,0.15497578536603057,0.175,5.648915427611804,True,0.13358067417289332,0.2212459348191198,-0.08766526064622648,0.625,1.747506891290007,False,False,True
247,3,Ob3.txt,40,0.21759406699218153,0.17989840671325796,0.20045279899768392,-0.02055439228442596,0.5,0.8267615436395238,False,1.0052434708716202,0.24372943486118998,0.7615140360104302,0.0,4.619811030544964,True,False,True
247,4,Ob4.txt,58,0.6174621690005453,0.21122691756954456,0.17004754013800227,0.04117937743154229,0.325,0.3420888407000657,True,0.07292312631498876,0.19257660289976175,-0.11965347658477299,0.85,0.11810136713804788,False,False,True
247,5,Ob5.txt,93,0.5655818969200211,0.47467646777872985,0.16680624971628488,0.30787021806244497,0.2,0.839270970948092,True,0.18351749081144217,0.23892867579555718,-0.055411184984115014,0.675,0.3244755389287033,False,False,True
247,6,Ob6.txt,112,0.3382523485897026,0.41223017900519493,0.16755324975457414,0.2446769292506208,0.125,1.2187060362594166,True,0.45642756181528055,0.15040493974262034,0.3060226220726602,0.075,1.349369971023981,True,True,True
247,7,Ob7.txt,33,0.28319120742736237,0.13006248416466762,0.28464972915482356,-0.15458724499015594,0.8,0.4592744433918494,False,0.09332083341125536,0.3473246884995105,-0.2540038550882551,0.875,0.3295329479295075,False,False,False
247,8,Ob8.txt,84,0.3294023777353139,0.6158058356198345,0.20336468627435417,0.4124411493454803,0.1,1.869463844959418,True,0.8454422040115864,0.261546023274406,0.5838961807371804,0.0,2.566594114541967,True,True,True
247,9,Ob9.txt,37,0.39732274682494384,0.3485021368506011,0.18541933964438487,0.16308279720621624,0.3,0.8771260634723927,True,0.2434594201707541,0.1876133431299598,0.05584607704079428,0.425,0.612749766068691,False,False,True
247,10,Ob10.txt,36,0.7718519825274865,0.05064253295212212,0.21411972605911012,-0.163477193106988,0.875,0.06561171584516683,False,0.25680333162371344,0.2870790390051843,-0.03027570738147084,0.6,0.33271059404782755,False,False,False
247,11,Ob11.txt,119,0.20003910432307637,0.26001789575257744,0.14715914749693884,0.1128587482556386,0.275,1.2998353328588763,True,0.062411264397744755,0.2311628511637126,-0.16875158676596785,0.825,0.3119953201597346,False,False,True
247,12,Ob12.txt,91,0.10097917547463466,0.04005000195410939,0.14710775086039976,-0.10705774890629037,0.825,0.3966164485485396,False,0.07388946322014499,0.1876790202140441,-0.1137895569938991,0.8,0.7317297142984255,False,False,False
247,13,Ob13.txt,102,0.13291196771419475,0.2508040806920107,0.1627903619169418,0.08801371877506892,0.4,1.8869939630366732,False,0.0414303774224038,0.20404409282633493,-0.16261371540393113,0.875,0.3117129189712471,False,False,False
247,14,Ob14.txt,47,0.19785373623946817,0.2311874560037197,0.19457791588032053,0.036609540123399176,0.475,1.1684765746546568,False,0.12510759557321338,0.21844895370686981,-0.09334135813365643,0.75,0.6323236444814567,False,False,False
247,15,Ob15.txt,96,0.08445403982115406,0.1486552334835025,0.2855803240711836,-0.1369250905876811,0.775,1.7601909132861557,False,0.1347153662469019,0.2664802185335532,-0.1317648522866513,0.725,1.595132293637875,False,False,False
247,16,Ob16.txt,84,0.17719650646675977,0.2447488436998128,0.22267899252391954,0.022069851175893274,0.425,1.3812283807396912,False,0.08130749307030677,0.15116766277740296,-0.06986016970709619,0.775,0.45885494410443817,False,False,False
247,17,Ob17.txt,122,0.18160181716242504,0.026133818955636934,0.2043054176858668,-0.17817159873022986,0.9,0.14390725469593066,False,0.270662731844213,0.18190900733013338,0.08875372451407965,0.3,1.490418631671134,True,False,True
247,18,Ob18.txt,103,0.09088118733083875,0.2961325105060754,0.15153021932741528,0.14460229117866014,0.3,3.258457764510177,True,0.6547042574401736,0.18257575021968986,0.4721285072204837,0.0,7.203958010108574,True,True,True
247,19,Ob19.txt,143,0.4494718743312306,0.5319310964835523,0.18587427136056078,0.3460568251229915,0.025,1.183458024542721,True,0.5372762468028163,0.09695209549557482,0.44032415130724145,0.025,1.195350093044709,True,True,True
248,1,Ob1.txt,28,0.500608324057167,0.7585033880793002,0.28921872602205173,0.46928466205724845,0.025,1.5151633555192,True,0.2049399821200076,0.3046232229247314,-0.09968324080472377,0.725,0.40938189053485347,False,False,True
248,2,Ob2.txt,43,0.06289984945763508,0.09209178988150202,0.2629947994653326,-0.1709030095838306,0.825,1.4641019124144101,False,0.1790232571981772,0.186348919845854,-0.007325662647676812,0.55,2.8461635241075527,False,False,False
248,3,Ob3.txt,40,0.6235323548001481,0.08642105316407073,0.29649532783449134,-0.2100742746704206,0.775,0.13859914806148274,False,0.26801818201890515,0.2636135712433607,0.0044046107755444375,0.5,0.42983845177498314,False,False,False
248,4,Ob4.txt,58,0.1038220509286319,0.07998754546013005,0.3027560802305542,-0.2227685347704242,0.875,0.770429256065401,False,0.03249006554722342,0.29384042153036993,-0.2613503559831465,0.875,0.31293993189902736,False,False,False
248,5,Ob5.txt,93,0.01784500273925821,0.2769058570755022,0.1549809472018756,0.12192490987362659,0.225,15.517277364509543,True,0.1730277183542948,0.21006966776269703,-0.03704194940840222,0.55,9.696144118467494,False,False,True
248,6,Ob6.txt,112,0.6944369497676126,0.2570195240103345,0.20799584868208854,0.049023675328245975,0.4,0.37011210894861496,False,0.23717161653780466,0.19722156897546556,0.03995004756233911,0.375,0.34153081372926963,False,False,False
248,7,Ob7.txt,33,0.6356061498677255,0.15522419858078826,0.2325027521167307,-0.07727855353594243,0.675,0.24421443784502653,False,0.008704342622358502,0.23186399311294142,-0.22315965049058292,1.0,0.013694553811617372,False,False,False
248,8,Ob8.txt,84,0.41526330850605897,0.12807281521214903,0.1801492377434643,-0.05207642253131528,0.7,0.30841351159316394,False,0.5700349349011212,0.20157869609846651,0.3684562388026547,0.075,1.372707203417188,True,False,True
248,9,Ob9.txt,37,0.20471223066976418,0.060384879874740366,0.14798421896655273,-0.08759933909181236,0.8,0.2949744608672234,False,0.26265446458950126,0.17964252318188229,0.08301194140761897,0.3,1.2830423650319545,True,False,True
248,10,Ob10.txt,36,0.03797704614644032,0.32469624741413555,0.22860785347574306,0.0960883939383925,0.325,8.549802587649912,True,0.07758989997654168,0.24158028508133556,-0.16399038510479386,0.85,2.0430735891715575,False,False,True
248,11,Ob11.txt,119,0.4559025197561312,0.11060071672960567,0.14125729912784274,-0.03065658239823707,0.6,0.24259729204560565,False,0.376863784804622,0.16942919527129008,0.20743458953333194,0.25,0.8266323796723296,True,False,True
248,12,Ob12.txt,91,0.20763962983948195,0.6430593512681554,0.17436233437643087,0.4686970168917245,0.0,3.0969971954066735,True,0.4696707650967548,0.14655411369240187,0.323116651404353,0.05,2.261951465911584,True,True,True
248,13,Ob13.txt,102,0.13486590532503012,0.26112710223102054,0.1225392395387257,0.13858786269229484,0.275,1.9361980450262641,True,0.08006043294288959,0.27566426675036093,-0.19560383380747134,0.875,0.593629892966217,False,False,True
248,14,Ob14.txt,47,0.4725041675319992,0.33797278779921913,0.2632046440966858,0.07476814370253332,0.425,0.7152800144907309,False,0.3868411696959498,0.28015740153186997,0.10668376816407982,0.375,0.8187042491424203,False,False,False
248,15,Ob15.txt,96,0.23252312214548215,0.25926710607873105,0.11044236005464772,0.14882474602408333,0.2,1.1150164494889074,True,0.39320441818051466,0.15732568607961905,0.2358787321008956,0.05,1.691033625182873,True,True,True
248,16,Ob16.txt,84,0.07406768091944113,0.04977467793508483,0.15278498141136326,-0.10301030347627843,0.9,0.6720161522165341,False,0.10800046764632606,0.17054123624082806,-0.062540768594502,0.65,1.4581321610945472,False,False,False
248,17,Ob17.txt,122,0.1429505899766667,0.4342783169795098,0.16120889862567722,0.2730694183538326,0.075,3.0379609979251954,True,0.5556583009011775,0.15241691814058062,0.4032413827605969,0.025,3.887065460813247,True,True,True
248,18,Ob18.txt,103,0.31535397272152554,0.17093474362291425,0.164577462457634,0.006357281165280254,0.5,0.5420408759963801,False,0.28973106754184885,0.2141683245939885,0.07556274294786036,0.325,0.9187487477688981,True,False,True
248,19,Ob19.txt,143,0.20763481441292894,0.2230212863487916,0.1049719874219775,0.1180492989268141,0.2,1.0741035263251333,True,0.5005326123499174,0.16288633977779762,0.33764627257211977,0.075,2.410639149148152,True,True,True
249,1,Ob1.txt,28,0.8695696468448023,0.47562888078686993,0.2482923596241992,0.22733652116267072,0.125,0.54697042670782,True,0.30275852307205053,0.25860615610815374,0.044152366963896794,0.375,0.3481705279969205,False,False,True
249,2,Ob2.txt,43,0.2910105012850973,0.33318889842219895,0.20361932583241613,0.12956957258978283,0.375,1.1449377151368854,False,0.573983675917866,0.24868936939776956,0.3252943065200965,0.15,1.972381317454745,True,False,True
249,3,Ob3.txt,40,0.270686302686599,0.01768339913354844,0.34805191221249177,-0.3303685130789433,0.925,0.06532801607631512,False,0.02207691509967305,0.27893020745644453,-0.25685329235677146,1.0,0.08155904041156355,False,False,False
249,4,Ob4.txt,58,0.04544177502537655,0.2540407146624488,0.14571300352620947,0.10832771113623935,0.4,5.590466360976921,False,0.2689009684751361,0.24210583226286203,0.026795136212274084,0.475,5.91748382022865,False,False,False
249,5,Ob5.txt,93,0.4109582940958483,0.25128234195244376,0.18066474886295247,0.07061759308949128,0.425,0.6114546063738451,False,0.1941265713368508,0.2368265477752254,-0.042699976438374615,0.6,0.4723753580979544,False,False,False
249,6,Ob6.txt,112,0.017038923902254782,0.10723190575639024,0.14656195099945393,-0.03933004524306369,0.65,6.293349648812042,False,0.5259246701921071,0.17637112763095145,0.3495535425611557,0.05,30.86607306946836,True,False,True
249,7,Ob7.txt,33,0.3310798590495027,0.4137484679187253,0.2853082737321515,0.12844019418657382,0.35,1.2496938627029621,True,0.01050935673423764,0.3413759805950575,-0.3308666238608199,1.0,0.03174266403401571,False,False,True
249,8,Ob8.txt,84,0.2239239212296567,0.0014388623923139165,0.15081795136212756,-0.14937908896981364,1.0,0.006425675222247547,False,0.29990774377201035,0.2545054746628345,0.04540226910917583,0.425,1.339328742213408,False,False,False
249,9,Ob9.txt,37,0.31976118678232157,0.19479601751345116,0.2479461034637795,-0.05315008595032833,0.625,0.6091921895638296,False,0.22140342506872773,0.18696164540011534,0.03444177966861239,0.425,0.6924024372584306,False,False,False
249,10,Ob10.txt,36,0.04484595147059667,0.0882156168238396,0.20854509979551458,-0.12032948297167498,0.825,1.9670809500313164,False,0.12640950998110834,0.18149865201802384,-0.055089142036915506,0.625,2.818749649318712,False,False,False
249,11,Ob11.txt,119,0.46734997322593796,0.12552279450705228,0.1484651803891947,-0.022942385882142424,0.575,0.2685841482788936,False,0.11388096756372046,0.1949235632438991,-0.08104259568017863,0.75,0.24367385062128866,False,False,False
249,12,Ob12.txt,91,0.040344615557381336,0.2650244843115544,0.2335121344609199,0.0315123498506345,0.4,6.569017467389555,False,0.10984123258368239,0.1930060769791787,-0.08316484439549632,0.7,2.722574774010609,False,False,False
249,13,Ob13.txt,102,0.18483986468344538,0.10058984893778877,0.17291688386409793,-0.07232703492630915,0.7,0.5441999706614036,False,0.019209292851034315,0.21595177588295006,-0.19674248303191574,1.0,0.10392397161690163,False,False,False
249,14,Ob14.txt,47,0.6189014161951744,0.277062064638956,0.16359316844885402,0.11346889619010198,0.35,0.4476675240820305,True,0.182675305541372,0.18016286904193918,0.002512436499432835,0.5,0.29516058739113343,False,False,True
249,15,Ob15.txt,96,0.11910840560409067,0.02103047749795689,0.2157379242976732,-0.1947074467997163,1.0,0.1765658552080779,False,0.20774659685753266,0.22902720291666248,-0.02128060605912982,0.55,1.7441808225363216,False,False,False
249,16,Ob16.txt,84,0.08816981933870993,0.24205527295846774,0.24114159496337742,0.0009136779950903173,0.5,2.7453302589698763,False,0.4242538359424899,0.2226437434038936,0.2016100925385963,0.125,4.811780710502445,True,False,True
249,17,Ob17.txt,122,0.23094262314522215,0.14465855550290024,0.18985544137199134,-0.0451968858690911,0.575,0.6263830969475719,False,0.08378573618452662,0.2307923401742652,-0.14700660398973858,0.775,0.3627989283374519,False,False,False
249,18,Ob18.txt,103,0.10906164936185803,0.45808039448074367,0.1553522034446999,0.30272819103604376,0.175,4.200196835102583,True,0.27158351934536834,0.16600768121830212,0.10557583812706622,0.325,2.4901834965311727,True,True,True
249,19,Ob19.txt,143,0.04707884837663895,0.03820736345683126,0.2090449870500464,-0.17083762359321514,0.9,0.8115611314696088,False,0.08430884444718609,0.15870065360443142,-0.07439180915724533,0.775,1.7908009085672767,False,False,False
250,1,Ob1.txt,28,0.279305465794108,0.26906997448406356,0.2086049550668249,0.06046501941723867,0.375,0.9633537736866575,False,0.32135037034925207,0.2304524071157842,0.09089796323346785,0.275,1.150533769310973,True,False,True
250,2,Ob2.txt,43,0.6789267162313084,0.38093559631507873,0.22051306262050224,0.16042253369457649,0.25,0.5610849996147376,True,0.7093581753641838,0.2509223667109436,0.4584358086532402,0.05,1.0448228923760712,True,True,True
250,3,Ob3.txt,40,0.00354274075345129,0.21606062530907874,0.3206652150883993,-0.10460458977932055,0.6,60.98685744888203,False,0.3288364509226369,0.2759545088226389,0.052881942099998025,0.425,92.81978948143154,False,False,False
250,4,Ob4.txt,58,0.3140829976325744,0.22739861478154738,0.22614714153990645,0.0012514732416409324,0.5,0.7240080376702417,False,0.23539271181782828,0.17769631861234983,0.05769639320547845,0.425,0.7494602178154168,False,False,False
250,5,Ob5.txt,93,0.1205186132868036,0.07296151284651083,0.2159672206940866,-0.14300570784757577,0.8,0.6053962193614111,False,0.07379716739518205,0.2014261682162902,-0.12762900082110815,0.825,0.6123300408341372,False,False,False
250,6,Ob6.txt,112,0.006893666645298446,0.2735341305153028,0.15147113141458418,0.1220629991007186,0.3,39.67904811612206,True,0.23437489239451925,0.14457766682468642,0.08979722556983283,0.325,33.99858224278446,True,True,True
250,7,Ob7.txt,33,1.0600104286188787,0.9181037963020051,0.2884920024139521,0.629611793888053,0.0,0.8661271356530253,True,0.736769381495542,0.3250744283125146,0.41169495318302746,0.075,0.6950586160322048,True,True,True
250,8,Ob8.txt,84,0.013710147652184132,0.06475846530764459,0.16686185817140103,-0.10210339286375644,0.75,4.723396636602091,False,0.46643771000497236,0.27029827336459433,0.19613943664037803,0.15,34.02134840835687,True,False,True
250,9,Ob9.txt,37,0.015379534666561945,0.19095635097417016,0.3083954315358012,-0.11743908056163102,0.725,12.416263242954019,False,0.4132652993233005,0.3006483386549789,0.11261696066832155,0.275,26.87111855352935,True,False,True
250,10,Ob10.txt,36,0.7989148068853709,0.6065595910744719,0.2039647295543358,0.40259486152013607,0.025,0.7592293769584643,True,0.6961060136276291,0.18769685168843997,0.5084091619391892,0.0,0.8713144475835296,True,True,True
250,11,Ob11.txt,119,0.08539170879223927,0.1952796921368849,0.23993707212832652,-0.04465737999144162,0.625,2.2868694736160693,False,0.11170771879726951,0.18004407284306867,-0.06833635404579916,0.7,1.3081799202432864,False,False,False
250,12,Ob12.txt,91,0.19879982301449936,0.46084529166361127,0.10342615834592589,0.3574191333176854,0.1,2.3181373337037616,True,0.39335031039835827,0.2425834307113775,0.15076687968698077,0.15,1.9786250532510257,True,True,True
250,13,Ob13.txt,102,0.32775599764469454,0.8020874578833286,0.16634561163109018,0.6357418462522384,0.0,2.447209093494104,True,0.3812317587733027,0.17140173849264606,0.20983002028065662,0.1,1.1631572313333494,True,True,True
250,14,Ob14.txt,47,0.27101519867972046,0.34815651860157426,0.28714862034911115,0.06100789825246311,0.375,1.2846383534859152,False,0.06061965157091506,0.20999767581029555,-0.14937802423938049,0.925,0.22367620659737972,False,False,False
250,15,Ob15.txt,96,0.04621540878421021,0.20443090066517447,0.17407888216903408,0.030352018496140387,0.475,4.423435950111505,False,0.3446165935438444,0.15424807013322234,0.19036852341062205,0.15,7.45674662649711,True,False,True
250,16,Ob16.txt,84,0.1829693251512312,0.4854424498885861,0.134223520223739,0.3512189296648471,0.0,2.6531357072413595,True,0.46437242698237924,0.15694899757172254,0.3074234294106567,0.075,2.537979667348926,True,True,True
250,17,Ob17.txt,122,0.20770623531031873,0.07034495010787017,0.1347512982988171,-0.06440634819094693,0.675,0.33867519674011193,False,0.013777681363812577,0.2203816266767823,-0.20660394531296972,0.975,0.06633253615727207,False,False,False
250,18,Ob18.txt,103,0.1641656761356167,0.4794078390908862,0.0,0.4794078390908862,0.0,2.920268416491941,True,0.7161083747072853,0.0,0.7161083747072853,0.0,4.362107789911642,True,True,True
250,19,Ob19.txt,143,0.3548383735480233,0.13805422203188727,0.13721398812565733,0.000840233906229948,0.5,0.38906226700197416,False,0.1061626076312436,0.20346632977461068,-0.09730372214336708,0.7,0.2991858140080098,False,False,False
