replicate,ob,dataset,n_events,b3_event_direction_abs_z,k8_local_event_direction_abs_z,k8_local_non_event_direction_abs_median_z,k8_local_event_minus_non_event_direction_z,k8_p_non_event_direction_ge_event,k8_local_to_b3_direction_ratio,k8_pass,k10_local_event_direction_abs_z,k10_local_non_event_direction_abs_median_z,k10_local_event_minus_non_event_direction_z,k10_p_non_event_direction_ge_event,k10_local_to_b3_direction_ratio,k10_pass,both_pass,any_pass
151,1,Ob1.txt,28,0.9543697865386378,0.07624318540829642,0.31704678516552603,-0.24080359975722962,0.9,0.07988851542002341,False,0.07888713539126391,0.24476777201119077,-0.16588063661992686,0.9,0.0826588776216148,False,False,False
151,2,Ob2.txt,43,0.13464250360577595,0.11459224748156113,0.1671360964994195,-0.05254384901785836,0.675,0.8510852398963065,False,0.023291542645130697,0.22869058392839653,-0.20539904128326583,0.925,0.17298803885381353,False,False,False
151,3,Ob3.txt,40,0.0033113965639543913,0.005867042319415761,0.2581084717883641,-0.25224142946894834,0.975,1.7717727871316862,False,0.3322234224711963,0.18720417764142355,0.14501924482977274,0.375,100.3272836867545,False,False,False
151,4,Ob4.txt,58,0.0019465500740018793,0.06419925253533558,0.18254586144601737,-0.11834660891068179,0.775,32.98104343308746,False,0.18080770185122927,0.2768752720552079,-0.09606757020397863,0.625,92.88623204000592,False,False,False
151,5,Ob5.txt,93,0.1730556228863982,0.09366014390748865,0.1434607210688736,-0.04980057716138493,0.75,0.5412141041436808,False,0.09116218911053424,0.16737673054814145,-0.07621454143760721,0.675,0.5267797000180535,False,False,False
151,6,Ob6.txt,112,0.5190172736106738,0.3594379872018106,0.16583627939949475,0.19360170780231584,0.1,0.6925356928899303,True,0.26331415590945745,0.22750737994803627,0.03580677596142118,0.475,0.507332162719068,False,False,True
151,7,Ob7.txt,33,0.21952329518146946,1.0227949655350441,0.22157688085512667,0.8012180846799175,0.025,4.6591636877969975,True,0.9443849734952158,0.2741945177338529,0.6701904557613629,0.05,4.301980674600104,True,True,True
151,8,Ob8.txt,84,0.33609954581350426,0.07306010778975688,0.2156366933083307,-0.14257658551857383,0.75,0.2173763954750973,False,0.1124280049031969,0.15970529489402807,-0.04727728999083117,0.725,0.33450805365140607,False,False,False
151,9,Ob9.txt,37,0.12692512792946792,0.2735550070656423,0.17337814819316233,0.10017685887247996,0.325,2.155247046255934,True,0.29606199798618094,0.25225631338377646,0.04380568460240447,0.425,2.332571988036144,False,False,True
151,10,Ob10.txt,36,0.4021995298106624,0.42689382154213684,0.31881035596099083,0.10808346558114601,0.35,1.0613981118851616,True,0.43372785378517453,0.28692015249896896,0.14680770128620557,0.3,1.078389758410096,True,True,True
151,11,Ob11.txt,119,0.4403058427410642,0.16996568271165557,0.1437990260017312,0.02616665670992438,0.45,0.3860173229897594,False,0.12774094867566246,0.14699859825385717,-0.019257649578194702,0.55,0.29011867723677826,False,False,False
151,12,Ob12.txt,91,0.13464544331046202,0.3580640778976185,0.30970542896042197,0.04835864893719655,0.35,2.659310772753026,True,0.017894764903661542,0.3278648255484887,-0.3099700606448272,0.95,0.13290286298363807,False,False,True
151,13,Ob13.txt,102,0.40740758286718365,0.12018298510164527,0.18971337410201922,-0.06953038900037395,0.6,0.29499447274849905,False,0.29203741050393434,0.19742725270848716,0.09461015779544718,0.275,0.7168187897944442,True,False,True
151,14,Ob14.txt,47,0.4963380550222741,0.16764905692564805,0.24375714590700628,-0.07610808898135824,0.7,0.3377719182103103,False,0.17604179395931221,0.29864310664391325,-0.12260131268460103,0.65,0.3546812342475171,False,False,False
151,15,Ob15.txt,96,0.14905975693660953,0.06799043318070688,0.09041617463035577,-0.022425741449648887,0.575,0.45612870018043233,False,0.3227222501343604,0.22866795650980146,0.09405429362455894,0.35,2.165052840329024,True,False,True
151,16,Ob16.txt,84,0.5608286721776771,0.34895631482760053,0.23930522974415352,0.10965108508344701,0.325,0.622215539502672,True,0.10962679891202962,0.18460439128476908,-0.07497759237273946,0.775,0.19547288566105722,False,False,True
151,17,Ob17.txt,122,0.14962244273563668,0.0638378552994795,0.20944005368996915,-0.14560219839048966,0.875,0.4266596249352288,False,0.08727205434272223,0.20164914996908578,-0.11437709562636356,0.825,0.5832818442679789,False,False,False
151,18,Ob18.txt,103,0.0012156818996302832,0.29035707856442694,1.2643620494917556,-0.9740049709273286,0.675,238.84297253478167,False,0.6393527558939984,1.141069222401382,-0.5017164665073837,0.65,525.9210950565607,False,False,False
151,19,Ob19.txt,143,0.15163952079080123,0.2961659270507112,0.11348477629419644,0.18268115075651475,0.175,1.9530919479711073,True,0.11734681994048794,0.20972730700692999,-0.09238048706644204,0.675,0.7738538036029354,False,False,True
152,1,Ob1.txt,28,0.7280098326617679,0.797107611485493,0.31726755601764184,0.4798400554678512,0.025,1.094913249414624,True,0.38801692102668733,0.2392306712612333,0.14878624976545404,0.35,0.5329830774510422,True,True,True
152,2,Ob2.txt,43,0.6657773493655174,0.07685065319554962,0.18989671874795602,-0.1130460655524064,0.7,0.11542996058485307,False,0.20613913293311026,0.3135902141058339,-0.10745108117272362,0.65,0.3096217273380656,False,False,False
152,3,Ob3.txt,40,0.6841444135175052,0.48431951282219854,0.21588318063488143,0.2684363321873171,0.2,0.7079199994224703,True,0.09395162423163585,0.2138343578410371,-0.11988273360940126,0.875,0.13732718176939684,False,False,True
152,4,Ob4.txt,58,0.292527747573872,0.35718883881670815,0.18875855578630782,0.16843028303040034,0.25,1.221042590930651,True,0.5415171432303083,0.2175140650124361,0.3240030782178722,0.075,1.8511650526196972,True,True,True
152,5,Ob5.txt,93,0.06341050833866715,0.12894282764844578,0.21706858843518617,-0.08812576078674039,0.675,2.0334615038848,False,0.21083789369963524,0.1484099008108235,0.062427992888811734,0.375,3.324967725752613,False,False,False
152,6,Ob6.txt,112,0.478289185643473,0.11432415023995758,0.17421255379848474,-0.05988840355852716,0.65,0.23902725311706557,False,0.2750066393253463,0.18020626826696495,0.09480037105838135,0.225,0.5749798397707075,True,False,True
152,7,Ob7.txt,33,0.16735984006089843,0.10898710423214758,0.21802281247768174,-0.10903570824553416,0.625,0.6512141992516822,False,0.45019468007861396,0.3144762456571891,0.13571843442142484,0.35,2.689980343640376,True,False,True
152,8,Ob8.txt,84,0.04450606629907558,0.07394540096988256,0.10841615441027466,-0.034470753440392105,0.725,1.6614679103063856,False,0.13833860996872466,0.16779001391485054,-0.029451403946125887,0.6,3.1083090794658266,False,False,False
152,9,Ob9.txt,37,0.4890867572440591,0.32175140412939746,0.2949230517383388,0.02682835239105863,0.475,0.6578616152733826,False,0.4567672201685729,0.2704898785308497,0.1862773416377232,0.3,0.933918601154522,True,False,True
152,10,Ob10.txt,36,0.2638428577602442,0.0453510931831371,0.2625380953455341,-0.21718700216239697,0.85,0.171886757019392,False,0.1697654586658606,0.2430069879649932,-0.07324152929913261,0.675,0.6434339747037141,False,False,False
152,11,Ob11.txt,119,0.24646691236632737,0.04958508326211377,0.18585629485305546,-0.1362712115909417,0.85,0.20118352920498608,False,0.016927848888688757,0.17683628402026114,-0.15990843513157238,0.925,0.06868203413660917,False,False,False
152,12,Ob12.txt,91,0.11498054658695628,0.7215250639206111,0.2207326356615628,0.5007924282590484,0.025,6.275192502889554,True,0.5504609371631674,0.10438120143447335,0.44607973572869397,0.05,4.78742668653841,True,True,True
152,13,Ob13.txt,102,0.044034129209226336,0.22208779910727963,0.012709082890978607,0.20937871621630103,0.025,5.043537889713651,True,0.057940363355660246,0.07840159044460726,-0.020461227088947015,0.65,1.315805816900773,False,False,True
152,14,Ob14.txt,47,0.6137894722535607,0.2453691384065316,0.24109295113838733,0.004276187268144271,0.5,0.3997610736229244,False,0.4276796845043549,0.25576378680826056,0.17191589769609433,0.2,0.6967856306399427,True,False,True
152,15,Ob15.txt,96,0.012937926142674916,0.3913515519538393,0.17555397670450076,0.21579757524933854,0.1,30.248398981270377,True,0.20392079043566408,0.23566680239202709,-0.03174601195636301,0.625,15.761474303292278,False,False,True
152,16,Ob16.txt,84,0.28149782650537614,0.3353173967348837,0.1293779869083977,0.205939409826486,0.175,1.1911900027706952,True,0.38073039058786723,0.20369554729321315,0.17703484329465408,0.175,1.3525162709581202,True,True,True
152,17,Ob17.txt,122,0.4024726312839392,0.2560886709901283,0.17602026489283634,0.08006840609729193,0.35,0.6362884108993266,True,0.2752417233281719,0.15571982897796774,0.11952189435020413,0.225,0.6838768699628484,True,True,True
152,18,Ob18.txt,103,0.3390278121395799,0.0027958137969135155,0.06361250348160186,-0.06081668968468834,0.725,0.008246561776950798,False,0.12547731960292768,0.18763331144520917,-0.06215599184228149,0.525,0.3701092214560494,False,False,False
152,19,Ob19.txt,143,0.25203511697338427,0.017559145330681508,0.09752498723470696,-0.07996584190402545,0.925,0.06966943948741798,False,0.18153507736015512,0.10631264235667853,0.07522243500347658,0.275,0.7202769183126406,True,False,True
153,1,Ob1.txt,28,0.49067179658839855,0.037622830965641174,0.24539490198487618,-0.207772071019235,0.925,0.07667616363367466,False,0.2694318736897572,0.15636500762573602,0.11306686606402117,0.25,0.549108132081557,True,False,True
153,2,Ob2.txt,43,0.39445820618781235,0.19084841854562423,0.2217839979277766,-0.030935579382152356,0.6,0.4838241809951244,False,0.5530459256871112,0.2207398149062455,0.3323061107808657,0.075,1.4020393466571486,True,False,True
153,3,Ob3.txt,40,0.02041960939812626,0.0965947263195937,0.1900135195932378,-0.09341879327364411,0.7,4.730488445506573,False,0.29740429864159523,0.2125544965411351,0.08484980210046014,0.325,14.564641900980025,True,False,True
153,4,Ob4.txt,58,0.49318256354167145,0.35488795292359143,0.18349337354459555,0.17139457937899588,0.175,0.7195873884410051,True,0.021691016952809124,0.17424680532127218,-0.15255578836846306,0.9,0.04398171905559743,False,False,True
153,5,Ob5.txt,93,0.010055709687664866,0.16735131447490229,0.20017255556431263,-0.03282124108941034,0.6,16.642417061839875,False,0.1085204908353693,0.22469499452283145,-0.11617450368746216,0.7,10.79192759199176,False,False,False
153,6,Ob6.txt,112,0.19316097051408287,0.16455536346964555,0.12673427840553442,0.03782108506411114,0.45,0.8519079347742676,False,0.007808685120522796,0.1827399586282709,-0.1749312735077481,1.0,0.040425791503017346,False,False,False
153,7,Ob7.txt,33,0.24731826586521738,0.20974582683774382,0.2651308090171962,-0.0553849821794524,0.6,0.8480806142804282,False,0.6564463526981859,0.3224735057614093,0.33397284693677654,0.175,2.6542574621477155,True,False,True
153,8,Ob8.txt,84,0.41553042599581264,0.39672710185072263,0.27109359301646657,0.12563350883425606,0.35,0.9547486225586775,True,0.280810433332875,0.1740160237264351,0.10679440960643988,0.35,0.6757878984671624,True,True,True
153,9,Ob9.txt,37,1.1327601229626558,0.705038335013026,0.23851834590215365,0.4665199891108724,0.05,0.6224074459551481,True,0.8874972409645208,0.23995850686234768,0.6475387341021731,0.0,0.7834820655968476,True,True,True
153,10,Ob10.txt,36,0.6142921096187535,0.21572120816594592,0.21706219238863383,-0.0013409842226879132,0.5,0.35117040376740055,False,0.41645420594763416,0.22008422236533626,0.1963699835822979,0.25,0.6779416493011722,True,False,True
153,11,Ob11.txt,119,0.034433933590052423,0.047697872947860404,0.219466287486846,-0.1717684145389856,0.9,1.3851996555409454,False,0.14360644514738607,0.1954731688068614,-0.05186672365947534,0.7,4.170492016888606,False,False,False
153,12,Ob12.txt,91,0.4466007388153923,0.06848623418325095,0.17947426179607756,-0.11098802761282661,0.875,0.15335002437503925,False,0.23539760033716384,0.1814257324249443,0.05397186791221953,0.4,0.5270873509111417,False,False,False
153,13,Ob13.txt,102,0.015092660748558695,0.04853820730173297,0.19870029834945302,-0.15016209104772005,0.875,3.2160139362019535,False,0.06054718836573866,0.12543242090389767,-0.064885232538159,0.675,4.0116974319137695,False,False,False
153,14,Ob14.txt,47,0.4753861303546232,0.4479426184275896,0.17005123973805356,0.27789137868953606,0.225,0.9422711135754811,True,0.4632575983209769,0.2828027547728461,0.1804548435481308,0.175,0.9744869880309743,True,True,True
153,15,Ob15.txt,96,0.30522554676557057,0.15468329831984245,0.09052439704353821,0.06415890127630425,0.275,0.5067835899026087,True,0.0900054988998697,0.0997194515044135,-0.009713952604543802,0.525,0.29488193191443013,False,False,True
153,16,Ob16.txt,84,0.33529068624309133,0.38164293496560625,0.14789136584430831,0.23375156912129794,0.125,1.1382449636221292,True,0.5035885850176499,0.15855563864749345,0.34503294637015647,0.05,1.5019462385320772,True,True,True
153,17,Ob17.txt,122,0.5681927710508787,0.2805340514288559,0.18689441760195463,0.09363963382690127,0.125,0.49373041284915525,True,0.4669871948096418,0.13627842684832964,0.33070876796131216,0.075,0.8218816194122708,True,True,True
153,18,Ob18.txt,103,0.10146168801756558,0.32692423474199034,0.0,0.32692423474199034,0.0,3.2221446452319173,True,0.17944800990853843,0.0,0.17944800990853843,0.0,1.7686282715646466,True,True,True
153,19,Ob19.txt,143,0.11457929090652358,0.229628742502095,0.1299386495570264,0.09969009294506861,0.25,2.0041033653230707,True,0.036859625008473895,0.1440388069088342,-0.1071791819003603,0.8,0.3216953492803933,False,False,True
154,1,Ob1.txt,28,0.0035290951120742764,0.864939703892832,0.20182154151484194,0.66311816237799,0.0,245.08823832306726,True,0.10185655676500502,0.3396111650636725,-0.23775460829866749,0.775,28.86194719335217,False,False,True
154,2,Ob2.txt,43,0.12945111487229977,0.38878734056534653,0.15903116680027302,0.2297561737650735,0.175,3.003352585637253,True,0.10274878677734456,0.16881467676932096,-0.0660658899919764,0.775,0.7937265498153772,False,False,True
154,3,Ob3.txt,40,0.044914000506638296,0.32801992813624564,0.2576703029951446,0.07034962514110105,0.475,7.303289050988995,False,0.4489045271962169,0.2843693800656052,0.16453514713061168,0.325,9.994757138809506,True,False,True
154,4,Ob4.txt,58,0.4024092958087444,0.18927584707410966,0.23971478999700013,-0.05043894292289047,0.725,0.47035654753877254,False,0.18851135917708225,0.17075196137444915,0.01775939780263311,0.425,0.46845677060769797,False,False,False
154,5,Ob5.txt,93,0.1329032407905075,0.11439073912387421,0.16141051300670173,-0.04701977388282752,0.625,0.8607069206400004,False,0.11649254145690119,0.18863427611079908,-0.0721417346538979,0.75,0.8765214509744413,False,False,False
154,6,Ob6.txt,112,0.2592942043884058,0.1440759826848272,0.19372832797738296,-0.04965234529255577,0.625,0.5556467527866946,False,0.11294350075197604,0.20501684876516393,-0.0920733480131879,0.8,0.4355805060061969,False,False,False
154,7,Ob7.txt,33,0.08524067641013394,0.9523225187373725,0.3815913475110654,0.5707311712263071,0.025,11.172160508854837,True,0.3642999898147029,0.3463758407610338,0.017924149053669125,0.5,4.273781076793434,False,False,True
154,8,Ob8.txt,84,0.17474442350753666,0.45066243251549076,0.1400467255152963,0.3106157070001945,0.0,2.5789803386547203,True,0.21561818677597697,0.17306158085105994,0.04255660592491703,0.475,1.233905966485262,False,False,True
154,9,Ob9.txt,37,0.9116540519871585,0.5661317151269785,0.25700224396475024,0.3091294711622282,0.1,0.6209940205859502,True,0.8117751462550089,0.3221224574872772,0.4896526887677317,0.05,0.89044209751008,True,True,True
154,10,Ob10.txt,36,0.18539412916675244,0.35433373773333726,0.2623735530403759,0.09196018469296136,0.325,1.9112457299801138,True,0.008995328856303997,0.27513100923734085,-0.26613568038103685,0.925,0.04852003079457367,False,False,True
154,11,Ob11.txt,119,0.35448630544327736,0.1474235231619545,0.14696601707203563,0.0004575060899188743,0.5,0.41587931860330857,False,0.502247594325558,0.1399029040222489,0.36234469030330907,0.1,1.4168321501094616,True,False,True
154,12,Ob12.txt,91,0.6224842826606964,0.3276090400405422,0.14771259096425843,0.17989644907628377,0.15,0.5262928706251612,True,0.6529519832243167,0.15195200531933145,0.5009999779049852,0.0,1.04894533309884,True,True,True
154,13,Ob13.txt,102,0.4002726772538478,0.3902510089892388,0.15026570439189563,0.23998530459734319,0.225,0.9749628969597308,True,0.4802179163114516,0.16809490151813006,0.31212301479332155,0.025,1.1997269451566976,True,True,True
154,14,Ob14.txt,47,0.17348033848353672,0.4523171907183749,0.27911584545695267,0.17320134526142222,0.325,2.6073109764038174,True,0.3758497740869385,0.24227365640163126,0.13357611768530722,0.325,2.166526635654487,True,True,True
154,15,Ob15.txt,96,0.05647768328432004,0.13737158700308216,0.3627672531697377,-0.22539566616665552,0.675,2.432316253333656,False,0.0896927615128405,0.2884476274561048,-0.1987548659432643,0.75,1.5881097859717273,False,False,False
154,16,Ob16.txt,84,0.1580459351329935,0.19131256576993114,0.18869567485345015,0.002616890916480985,0.475,1.2104871005315272,False,0.2684401591581008,0.14702722001480595,0.12141293914329487,0.2,1.6984945480072744,True,False,True
154,17,Ob17.txt,122,0.2708583631863553,0.4259237322370665,0.13157295044820638,0.2943507817888601,0.075,1.5724961460541038,True,0.6461742560886254,0.16887050624821215,0.4773037498404133,0.0,2.3856536991772566,True,True,True
154,18,Ob18.txt,103,0.33424645437950107,0.049856719226226504,0.2847497057213587,-0.2348929864951322,0.6,0.14916155002685394,False,0.07613753509203958,0.31349504747408763,-0.23735751238204805,0.6,0.22778860955573085,False,False,False
154,19,Ob19.txt,143,0.3848231592372347,0.23807289600246978,0.1516686690646255,0.08640422693784428,0.325,0.6186553233291847,True,0.052339006083457235,0.10286099928301531,-0.05052199319955808,0.6,0.13600794242009595,False,False,True
155,1,Ob1.txt,28,0.22633057706644596,0.8250302213906018,0.3341496496334285,0.49088057175717326,0.025,3.6452441914129436,True,0.4324111611192844,0.2779821016542795,0.1544290594650049,0.375,1.910529132757601,False,False,True
155,2,Ob2.txt,43,0.002896179197035803,0.09398561149918122,0.19078330208992378,-0.09679769059074256,0.725,32.45158711013949,False,0.20414779713563858,0.23861179487527717,-0.0344639977396386,0.625,70.48866221557729,False,False,False
155,3,Ob3.txt,40,0.21558100899291477,0.05700701890078652,0.24980436293242286,-0.19279734403163634,0.875,0.2644343264144389,False,0.3005005240584807,0.2609464877404065,0.03955403631807419,0.4,1.3939099991333508,False,False,False
155,4,Ob4.txt,58,0.25533209241620775,0.17691140005551764,0.2055598836748935,-0.02864848361937586,0.6,0.6928678584090427,False,0.0375491036480048,0.2638310406278897,-0.2262819369798849,0.975,0.14705986737772606,False,False,False
155,5,Ob5.txt,93,0.20909804588589506,0.1936848584194853,0.22619921331509427,-0.03251435489560897,0.55,0.9262872715949686,False,0.28720343144103566,0.21544280945359923,0.07176062198743643,0.4,1.3735347464593848,False,False,False
155,6,Ob6.txt,112,0.0012775904905225899,0.1690089112445264,0.19780032637062797,-0.02879141512610156,0.525,132.2872332709634,False,0.018513159671369316,0.12952780986934725,-0.11101465019797793,0.975,14.49068368049345,False,False,False
155,7,Ob7.txt,33,0.0888940897209416,0.15585009427014712,0.2669355381863827,-0.1110854439162356,0.625,1.7532109812856556,False,0.1045653351483225,0.3073567771760809,-0.2027914420277584,0.75,1.1762911963728573,False,False,False
155,8,Ob8.txt,84,0.414509265018426,0.10824466455892931,0.22026381395604783,-0.11201914939711852,0.875,0.261139312661968,False,0.5395601698796089,0.25026126207715305,0.2892989078024558,0.05,1.3016842213541935,True,False,True
155,9,Ob9.txt,37,1.357344544292772,0.20723706644450374,0.3159182879289446,-0.10868122148444087,0.65,0.1526783065625258,False,0.20434952776492565,0.3141125914872968,-0.10976306372237116,0.7,0.1505509626307884,False,False,False
155,10,Ob10.txt,36,0.7116642622637984,0.33968610871568716,0.25928747381492334,0.08039863490076382,0.4,0.4773123040282342,False,0.6278825414563478,0.22334521219075976,0.40453732926558805,0.025,0.8822735308627954,True,False,True
155,11,Ob11.txt,119,0.32573065501465237,0.42658313462250563,0.15776214610054395,0.2688209885219617,0.075,1.3096192453956064,True,0.7489096041989185,0.13544635567867533,0.6134632485202431,0.0,2.299168324102717,True,True,True
155,12,Ob12.txt,91,0.12937864980960767,0.08169981677325217,0.2185670677282552,-0.13686725095500304,0.775,0.6314783536037886,False,0.09635318138647686,0.2174151599550988,-0.12106197856862194,0.7,0.7447378800773484,False,False,False
155,13,Ob13.txt,102,0.8937608486811712,0.5021895306276349,0.199634567117719,0.30255496350991595,0.05,0.561883563560278,True,0.41915198818985355,0.2085390027975363,0.21061298539231726,0.075,0.4689755529215136,True,True,True
155,14,Ob14.txt,47,0.5958869466341661,0.6075665746235828,0.2796702408552264,0.32789633376835636,0.025,1.0196004091973963,True,0.585762827498445,0.2391442583059223,0.34661856919252265,0.075,0.9830100001469967,True,True,True
155,15,Ob15.txt,96,0.0908618651940252,0.6508854760802436,0.27690075371177836,0.37398472236846525,0.05,7.16346153240803,True,0.3219873443488208,0.21650710601367107,0.10548023833514975,0.325,3.5437016801410954,True,True,True
155,16,Ob16.txt,84,0.05979860380173274,0.13171880410802145,0.16391256854861108,-0.032193764440589634,0.725,2.202707015447152,False,0.3765428425213627,0.18723710156791834,0.18930574095344438,0.1,6.296850069774571,True,False,True
155,17,Ob17.txt,122,0.03407647033904204,0.20445681130156002,0.1510161285926685,0.05344068270889152,0.375,5.999940993516281,False,0.046284729675042505,0.13462433839605847,-0.08833960872101597,0.85,1.3582606770752672,False,False,False
155,18,Ob18.txt,103,0.09361489009438419,0.32508192775763406,0.5039693057841572,-0.17888737802652316,0.575,3.4725450986470285,False,0.25206684842466487,0.4475272986197443,-0.1954604501950794,0.575,2.6925935411613113,False,False,False
155,19,Ob19.txt,143,0.11886030738603709,0.0719656143743009,0.26404918886031364,-0.19208357448601274,0.8,0.6054638083727095,False,0.06406540088412671,0.20269574758811118,-0.13863034670398447,0.8,0.5389974356708813,False,False,False
156,1,Ob1.txt,28,0.15948857648754677,0.07887986976158032,0.23520318905351104,-0.15632331929193072,0.85,0.49458006020725526,False,0.11713543877095461,0.2500865412599109,-0.1329511024889563,0.75,0.7344440670965598,False,False,False
156,2,Ob2.txt,43,0.7587194352241291,0.36153250947581556,0.1885632923605261,0.17296921711528945,0.3,0.476503556771308,True,0.3762050963719772,0.2878967232989601,0.08830837307301709,0.4,0.4958421768395119,False,False,True
156,3,Ob3.txt,40,0.4550764837749127,0.08900458204689132,0.31038719603125137,-0.22138261398436004,0.825,0.19558158951345472,False,0.32724083327751996,0.15033134308603768,0.17690949019148228,0.25,0.7190897463279555,True,False,True
156,4,Ob4.txt,58,0.48163446852014247,0.2727186522943654,0.20695788975002583,0.0657607625443396,0.35,0.5662357454031761,True,0.14249162708050434,0.244674129613562,-0.10218250253305766,0.625,0.29585014444319235,False,False,True
156,5,Ob5.txt,93,0.06415135348836572,0.07490947355724857,0.1768309646968847,-0.10192149113963613,0.675,1.1676990349211247,False,0.12381727554569683,0.2302875327358457,-0.10647025719014888,0.8,1.9300804864257763,False,False,False
156,6,Ob6.txt,112,0.1794337375462433,0.18621086688630162,0.20949529644541937,-0.023284429559117747,0.525,1.037769537840183,False,0.463636425585751,0.17099773174768174,0.2926386938380693,0.175,2.58388657521144,True,False,True
156,7,Ob7.txt,33,0.5136418003614655,0.033983200582524575,0.272158374110019,-0.2381751735274944,1.0,0.06616128313273872,False,0.16095605288330017,0.3434512520962643,-0.18249519921296414,0.725,0.3133624498045729,False,False,False
156,8,Ob8.txt,84,0.24211686747545136,0.2696866586154245,0.1854689234442439,0.08421773517118061,0.35,1.1138697663960504,True,0.03395074895677658,0.2714002575361991,-0.23744950857942254,0.975,0.14022463329705395,False,False,True
156,9,Ob9.txt,37,0.2623492167387812,0.3073619291471548,0.23511929702987117,0.07224263211728366,0.375,1.171575554781215,False,0.24476661359827478,0.30785398970334277,-0.06308737610506798,0.6,0.9329801576727662,False,False,False
156,10,Ob10.txt,36,0.00571982142661992,0.21150464618929604,0.22619056238346677,-0.014685916194170728,0.55,36.977491151202415,False,0.01792465048393449,0.1835438065052939,-0.1656191560213594,0.925,3.1337779883325676,False,False,False
156,11,Ob11.txt,119,0.15223510209388566,0.2820345728313569,0.2029765808970838,0.0790579919342731,0.375,1.8526251104520033,False,0.2067111839620594,0.23935624523920965,-0.03264506127715025,0.6,1.3578417928512803,False,False,False
156,12,Ob12.txt,91,0.12605978562697628,0.1332675948571534,0.34957058756370196,-0.21630299270654857,0.75,1.0571777049621975,False,0.18647762856129604,0.33478761456963047,-0.14830998600833442,0.675,1.479279277160619,False,False,False
156,13,Ob13.txt,102,0.010991330646428599,0.23164744215890423,0.33040592819191567,-0.09875848603301143,0.575,21.075468440590782,False,0.11605000414259761,0.15665376281490057,-0.04060375867230295,0.675,10.558321633268818,False,False,False
156,14,Ob14.txt,47,0.025627108919541827,0.3853379570020209,0.20919650629119851,0.17614145071082238,0.3,15.036341329481115,True,0.4709607393359704,0.22301469126232681,0.24794604807364357,0.15,18.37744323070487,True,True,True
156,15,Ob15.txt,96,0.14817808002472238,0.2758223065787259,0.10635867262779013,0.16946363395093578,0.075,1.861424486892441,True,0.050247451390838194,0.16723860702506482,-0.11699115563422663,0.8,0.33910178470698765,False,False,True
156,16,Ob16.txt,84,0.17074015885902533,0.22367886108761045,0.24472985042533021,-0.02105098933771976,0.525,1.3100541933564378,False,0.19509704347947832,0.26933804492249996,-0.07424100144302165,0.625,1.142654691100315,False,False,False
156,17,Ob17.txt,122,0.0655578858383179,0.16246754554792053,0.15610744580721986,0.006360099740700675,0.475,2.4782303985306364,False,0.026263292401307814,0.18714612737406572,-0.1608828349727579,0.925,0.4006122538191614,False,False,False
156,18,Ob18.txt,103,0.07764587050112864,0.028018691042081295,0.0,0.028018691042081295,0.0,0.36085230111077216,False,0.005828473845168547,0.0,0.005828473845168547,0.0,0.07506482711252269,False,False,False
156,19,Ob19.txt,143,0.10722876652541588,0.3445275111022433,0.10430311665179529,0.240224394450448,0.05,3.2130138419579946,True,0.5604150304788456,0.11486821422833524,0.4455468162505103,0.0,5.226349688038361,True,True,True
157,1,Ob1.txt,28,0.6279646210608587,0.19460727389440888,0.3286675303149309,-0.13406025642052202,0.7,0.3099016526849029,False,0.05558244752348497,0.2193671032468095,-0.1637846557233245,0.925,0.08851206844994894,False,False,False
157,2,Ob2.txt,43,0.6150924385109402,0.38317588818527565,0.2648624062383419,0.11831348194693375,0.25,0.6229565902531582,True,0.2630566540643747,0.22223521953205214,0.04082143453232254,0.45,0.4276701152451184,False,False,True
157,3,Ob3.txt,40,0.722473417278097,0.02043752540501198,0.20122621825833711,-0.18078869285332513,0.925,0.028288273196278857,False,0.14816753201765775,0.1933373445152462,-0.045169812497588446,0.6,0.20508371446506052,False,False,False
157,4,Ob4.txt,58,0.19252387735998436,0.013597880705195547,0.35411164256369776,-0.34051376185850224,1.0,0.07062958055727292,False,0.2531676990270146,0.2516984854857726,0.001469213541241965,0.5,1.3149937685580546,False,False,False
157,5,Ob5.txt,93,0.7881106023744309,0.6364216683483699,0.15897184657276306,0.4774498217756068,0.0,0.8075283677582177,True,0.6578886849741409,0.18672520078860178,0.4711634841855391,0.0,0.8347669514812318,True,True,True
157,6,Ob6.txt,112,0.05649629738869211,0.09076722103529844,0.16292652967472848,-0.07215930863943004,0.775,1.6066047728902275,False,0.09201132828790576,0.22014533443790857,-0.1281340061500028,0.9,1.6286258133851101,False,False,False
157,7,Ob7.txt,33,0.5340824014594608,0.01679888999902629,0.3078566139212078,-0.2910577239221815,1.0,0.03145374188162872,False,0.12120052901300804,0.4460114120801649,-0.3248108830671569,0.925,0.22693226491232305,False,False,False
157,8,Ob8.txt,84,0.562296704378414,0.615191020959173,0.18075986432508842,0.4344311566340846,0.0,1.0940683382436514,True,0.3936983312573219,0.1983361804185758,0.19536215083874608,0.075,0.7001611928217369,True,True,True
157,9,Ob9.txt,37,0.4614769238304476,0.5371612707385843,0.27111631045352796,0.26604496028505636,0.125,1.164004618649023,True,0.2835806943513708,0.3264883211156737,-0.04290762676430293,0.55,0.6145067709941698,False,False,True
157,10,Ob10.txt,36,1.5929024894496109,0.7986134815301412,0.3515008090835714,0.4471126724465698,0.075,0.5013574194400832,True,0.7694056524635954,0.2003080187241796,0.5690976337394158,0.0,0.4830211877749309,True,True,True
157,11,Ob11.txt,119,0.1359351441841337,0.6573748942583557,0.17822288096187788,0.47915201329647783,0.0,4.8359450987001225,True,0.2792191081821993,0.1604091843796157,0.1188099238025836,0.3,2.0540612205772,True,True,True
157,12,Ob12.txt,91,0.12866149019304363,0.25976558480680506,0.3992661065246743,-0.13950052171786925,0.675,2.018984735969193,False,0.1566619562410636,0.4458055208167391,-0.28914356457567547,0.85,1.2176289580200579,False,False,False
157,13,Ob13.txt,102,0.5794369630850604,0.3131153183445696,0.18974669704516128,0.12336862129940834,0.275,0.5403785714281483,True,0.22676872719434976,0.14550799095030198,0.08126073624404778,0.35,0.3913604786049185,True,True,True
157,14,Ob14.txt,47,0.19839983766523028,0.1377864830417756,0.20199555145213005,-0.06420906841035445,0.625,0.6944888900275688,False,0.18259091372731856,0.2294332215010897,-0.04684230777377113,0.65,0.9203178585025513,False,False,False
157,15,Ob15.txt,96,0.12547920721481698,0.4812216030848275,0.15363689116440404,0.32758471192042343,0.025,3.8350704771427924,True,0.17145694358834254,0.18825251007905525,-0.016795566490712704,0.525,1.3664171729648638,False,False,True
157,16,Ob16.txt,84,0.5499802460734505,0.2150426536949123,0.15464569238657067,0.06039696130834163,0.275,0.3910006863522751,True,0.09135347987425177,0.1555448938636537,-0.06419141398940192,0.7,0.16610320193582262,False,False,True
157,17,Ob17.txt,122,0.09315248693690134,0.13849146601152718,0.21324035686972953,-0.07474889085820235,0.675,1.48671785977477,False,0.20253999087622676,0.17143481356187104,0.03110517731435572,0.45,2.174284310985934,False,False,False
157,18,Ob18.txt,103,0.20309414109272805,0.351876039800289,0.0735888424272188,0.27828719737307017,0.05,1.7325760256157787,True,0.6251545324796375,0.06514358725155517,0.5600109452280824,0.0,3.078151487364702,True,True,True
157,19,Ob19.txt,143,0.5259229216112572,0.05917656295880816,0.19059204767722676,-0.1314154847184186,0.925,0.11251945965296659,False,0.03205569989045501,0.12330443776352526,-0.09124873787307025,0.825,0.06095132684509499,False,False,False
158,1,Ob1.txt,28,0.39875918027174273,0.6323590953999763,0.21931901875488907,0.4130400766450872,0.025,1.5858170211129485,True,0.5798625522157997,0.28384725069133493,0.2960153015244648,0.125,1.454167279159919,True,True,True
158,2,Ob2.txt,43,0.29927417354591956,0.07464578479950382,0.2347433917913491,-0.16009760699184528,0.85,0.2494227414115653,False,0.10431796824025225,0.26827554859430214,-0.1639575803540499,0.725,0.3485698983118103,False,False,False
158,3,Ob3.txt,40,0.4758641254598238,0.3917000664731869,0.22137130683297965,0.17032875964020724,0.175,0.8231342635772136,True,0.31945471469610287,0.19557146647655232,0.12388324821955055,0.3,0.6713149775419953,True,True,True
158,4,Ob4.txt,58,0.0798072685486233,0.13359614254099567,0.1891371085530391,-0.05554096601204345,0.6,1.6739846504031273,False,0.22851018952246632,0.21207507814296023,0.016435111379506095,0.475,2.8632754093475135,False,False,False
158,5,Ob5.txt,93,0.14456890408014686,0.01695731684609518,0.2623820186595859,-0.2454247018134907,1.0,0.11729574180554274,False,0.08029449040027366,0.2075819462222471,-0.12728745582197343,0.775,0.5554063711775776,False,False,False
158,6,Ob6.txt,112,0.43517021865948935,0.2103279121770797,0.13492813354307076,0.07539977863400893,0.325,0.4833233138632045,True,0.5063919963621841,0.2050319904534107,0.30136000590877343,0.025,1.163664181620903,True,True,True
158,7,Ob7.txt,33,0.020374290660442107,0.5123445711155932,0.3404865964476276,0.1718579746679656,0.2,25.146621281414255,True,0.4774269493398549,0.34129884713828684,0.13612810220156807,0.4,23.432813308529443,False,False,True
158,8,Ob8.txt,84,0.1470696652632018,0.1465464145618149,0.16870678480474854,-0.022160370242933658,0.6,0.9964421575281993,False,0.1543391130702787,0.25153646970346244,-0.09719735663318374,0.725,1.049428601024332,False,False,False
158,9,Ob9.txt,37,0.38802476703729144,0.1580288270858077,0.2572143565257365,-0.09918552943992878,0.65,0.40726479469961313,False,0.046594596161273205,0.2505230381025635,-0.20392844194129028,0.95,0.12008150025329489,False,False,False
158,10,Ob10.txt,36,0.04424905221811404,0.02218734440390984,0.26030135358474377,-0.23811400918083392,0.975,0.5014196528898105,False,0.1347255730405173,0.18718864003179003,-0.05246306699127273,0.675,3.044710932483324,False,False,False
158,11,Ob11.txt,119,0.11113589290462603,0.14717918674085195,0.2087391955788212,-0.06156000883796925,0.625,1.3243173100445358,False,0.03604605513257786,0.15603868577063693,-0.11999263063805907,0.9,0.3243421561701192,False,False,False
158,12,Ob12.txt,91,0.05253034463892518,0.1322259435387009,0.15435493157521202,-0.022128988036511116,0.575,2.5171345142997783,False,0.11213820907156843,0.1800357423543169,-0.06789753328274847,0.675,2.1347320266479577,False,False,False
158,13,Ob13.txt,102,0.0625726064507312,0.1280840893245379,0.40003771764173235,-0.27195362831719444,0.775,2.046967460519477,False,0.29593155297980633,0.40822941537430113,-0.1122978623944948,0.65,4.729410676105025,False,False,False
158,14,Ob14.txt,47,0.1346871373385926,0.19592515629779597,0.2750168399578431,-0.07909168366004712,0.65,1.4546686503942534,False,0.22244086038653244,0.2621513437349691,-0.03971048334843669,0.575,1.6515375171077697,False,False,False
158,15,Ob15.txt,96,0.6269564289890146,0.08399547529079306,0.19858795731653772,-0.11459248202574467,0.775,0.1339733854013399,False,0.17218040227891962,0.2590085095358196,-0.08682810725689999,0.65,0.2746289763015358,False,False,False
158,16,Ob16.txt,84,0.62909506786559,0.08132812517180102,0.21224073409005617,-0.13091260891825515,0.75,0.12927795706256795,False,0.24859373714882071,0.2534742395826367,-0.004880502433815992,0.525,0.39516084268830143,False,False,False
158,17,Ob17.txt,122,0.3657254822081156,0.08526892014860998,0.18306593336469965,-0.09779701321608966,0.8,0.23315006554585063,False,0.03502068673689662,0.17635141759754452,-0.1413307308606479,0.925,0.09575675866350528,False,False,False
158,18,Ob18.txt,103,0.0655967913751841,0.2358793403219082,0.0,0.2358793403219082,0.05,3.595897533658081,True,0.2519989691192912,0.0,0.2519989691192912,0.0,3.8416356019301405,True,True,True
158,19,Ob19.txt,143,0.12896908125752377,0.03353279513360333,0.1671981481311775,-0.13366535299757418,0.825,0.2600064667177514,False,0.0580045802992686,0.06779025420066843,-0.009785673901399831,0.6,0.44975570682283006,False,False,False
159,1,Ob1.txt,28,0.7580019574154925,0.20849162268663224,0.2688898254655836,-0.06039820277895136,0.675,0.2750542009119764,False,0.15831198060447493,0.30702465564952036,-0.14871267504504543,0.8,0.20885431634538318,False,False,False
159,2,Ob2.txt,43,0.08693878690199652,0.010039106575318646,0.1943583770067558,-0.18431927043143714,0.975,0.11547327646330548,False,0.3598795874447418,0.29744355864970695,0.06243602879503485,0.35,4.139459500975361,True,False,True
159,3,Ob3.txt,40,0.1196917308772526,0.21422533082314316,0.21502906390755144,-0.0008037330844082868,0.5,1.7898089471430365,False,0.07406652633981708,0.19061131064212372,-0.11654478430230664,0.85,0.6188107214839635,False,False,False
159,4,Ob4.txt,58,0.21768615187942242,0.06115782487454671,0.21797154203057828,-0.15681371715603157,0.775,0.280944949168941,False,0.6395698167853349,0.26577848595091347,0.3737913308344214,0.025,2.9380363025554157,True,False,True
159,5,Ob5.txt,93,0.19874099649797775,0.12064034934972698,0.21201847721011985,-0.09137812786039287,0.6,0.6070229669546542,False,0.039849918552813196,0.15276794489240386,-0.11291802633959067,0.875,0.2005118181704331,False,False,False
159,6,Ob6.txt,112,0.054175112479056514,0.1752017545015775,0.17296778472220428,0.002233969779373207,0.45,3.233989676889153,False,0.07619970829538614,0.20189848762144746,-0.12569877932606133,0.875,1.4065445332456685,False,False,False
159,7,Ob7.txt,33,0.06872282878670649,0.5250662426225923,0.319017757468552,0.20604848515404028,0.25,7.640346765297288,True,0.40681143396605324,0.4579095364290008,-0.05109810246294755,0.55,5.919596750428664,False,False,True
159,8,Ob8.txt,84,0.3409480109004697,0.32010669537709613,0.29008761204999267,0.030019083327103457,0.4,0.9388724531099915,False,0.5820336619802624,0.18462617716603055,0.3974074848142318,0.075,1.7071038497718964,True,False,True
159,9,Ob9.txt,37,0.10246015307572581,0.5872898926919177,0.2630024066641117,0.324287486027806,0.125,5.731885763023074,True,0.18897821407014342,0.21956846345197328,-0.03059024938182986,0.575,1.8444069074391702,False,False,True
159,10,Ob10.txt,36,0.41417761482313226,0.6457506522413183,0.27451405404868934,0.371236598192629,0.15,1.5591152904704315,True,0.28433555562646284,0.21919780729944105,0.0651377483270218,0.35,0.6865063331534315,True,True,True
159,11,Ob11.txt,119,0.38823076621298547,0.09385872050695801,0.2181718290175798,-0.1243131085106218,0.775,0.24176012999306348,False,0.32700641062471114,0.190836571530177,0.13616983909453415,0.15,0.8422990630405466,True,False,True
159,12,Ob12.txt,91,0.4584951807070947,0.10045670661955916,0.11634541880743307,-0.01588871218787391,0.6,0.21910089974039437,False,0.1371951606845437,0.19218254673069757,-0.05498738604615386,0.625,0.299229231751052,False,False,False
159,13,Ob13.txt,102,0.15761982176295958,0.24442425593682549,0.13400460003669093,0.11041965590013456,0.3,1.5507202914136577,True,0.26239158097028825,0.16935724417698672,0.09303433679330153,0.275,1.6647118239030383,True,True,True
159,14,Ob14.txt,47,0.6593951328179644,0.5773708721562769,0.26836592312359786,0.30900494903267905,0.075,0.8756068151259293,True,0.7559102821355004,0.2873348309950287,0.46857545114047167,0.05,1.1463692170505912,True,True,True
159,15,Ob15.txt,96,0.06641349164657806,0.26891777603918715,0.2606309081370223,0.008286867902164874,0.45,4.049143771422882,False,0.13025504906870422,0.1321476653650095,-0.0018926162963052717,0.5,1.9612739194900557,False,False,False
159,16,Ob16.txt,84,0.22113798357593184,0.11608226129341902,0.21573482112504777,-0.09965255983162875,0.75,0.5249313546967386,False,0.1828889868741072,0.23523649654862594,-0.05234750967451873,0.575,0.8270356087935878,False,False,False
159,17,Ob17.txt,122,0.33724771247954094,0.19581210990273237,0.11531223752475205,0.08049987237798033,0.375,0.580618052122774,False,0.1781105321036285,0.19577464338885592,-0.017664111285227407,0.55,0.5281296966971527,False,False,False
159,18,Ob18.txt,103,0.09395146434794707,0.49852730577576954,0.0,0.49852730577576954,0.0,5.30622177350515,True,0.5627277084830495,0.0,0.5627277084830495,0.0,5.989557612417839,True,True,True
159,19,Ob19.txt,143,0.15699511380301776,0.21164221891738036,0.11221623590849639,0.09942598300888397,0.2,1.3480815663023022,True,0.11958449700710219,0.06488439635638298,0.054700100650719216,0.225,0.761708400410125,True,True,True
160,1,Ob1.txt,28,0.02849217421776415,0.4497083820176124,0.2670458439617165,0.18266253805589588,0.2,15.783575468144884,True,0.2844727887978869,0.3304449628291886,-0.045972174031301716,0.575,9.984242923115545,False,False,True
160,2,Ob2.txt,43,0.42489042848134956,0.0320112384799629,0.23529850240243128,-0.20328726392246838,0.95,0.07533998493300496,False,0.27008955543146784,0.2957876397656056,-0.025698084334137783,0.525,0.6356687214556148,False,False,False
160,3,Ob3.txt,40,0.16717024744852882,0.06597819337292782,0.1887320172452025,-0.12275382387227468,0.825,0.39467665077927394,False,3.3993031757981185e-05,0.23270733829678125,-0.23267334526502326,1.0,0.000203343790398154,False,False,False
160,4,Ob4.txt,58,0.06336165400149665,0.5611314798057976,0.23655973185949503,0.32457174794630256,0.075,8.85601060528728,True,0.5453054132315327,0.2288757410708166,0.3164296721607161,0.175,8.606237034447556,True,True,True
160,5,Ob5.txt,93,0.38564525107289255,0.07067876838647635,0.2185950595019222,-0.14791629111544585,0.75,0.18327405352417275,False,0.0717628732896749,0.23738269518053934,-0.16561982189086444,0.85,0.18608519900096132,False,False,False
160,6,Ob6.txt,112,0.6876944833911125,0.4836691606304264,0.23821400064096426,0.24545515998946216,0.1,0.7033198205188295,True,0.4782192716869785,0.2016546314876925,0.27656464019928595,0.075,0.6953949511544952,True,True,True
160,7,Ob7.txt,33,0.5861745925253755,0.09290314455595663,0.22033104508886325,-0.12742790053290662,0.875,0.15849056874967649,False,0.031318345183693516,0.2777276124088535,-0.24640926722516,0.95,0.05342835664160545,False,False,False
160,8,Ob8.txt,84,0.06154478413206711,0.12101622412192051,0.13634735939851012,-0.015331135276589608,0.525,1.9663116189055991,False,0.13973269850422482,0.2897789836742425,-0.15004628517001767,0.7,2.2704230825536182,False,False,False
160,9,Ob9.txt,37,0.13436191327437186,0.07021014366669431,0.24200907756635526,-0.17179893389966094,0.85,0.5225449828428885,False,0.12123442643915111,0.19423231811750966,-0.07299789167835855,0.625,0.9022975595143994,False,False,False
160,10,Ob10.txt,36,0.6552656915566086,0.07270719999121977,0.388010498479749,-0.3153032984885292,0.875,0.11095835006789544,False,0.44746087778891885,0.22197100503900666,0.2254898727499122,0.275,0.6828693819234737,True,False,True
160,11,Ob11.txt,119,0.14250126968434101,0.19547106979706538,0.16633972304587435,0.02913134675119103,0.45,1.371714583526585,False,0.09477914845931373,0.19119954746913564,-0.09642039900982191,0.75,0.6651109051116665,False,False,False
160,12,Ob12.txt,91,0.24765793997492683,0.01362114168748152,0.2881124443287568,-0.2744913026412753,0.975,0.05499981825279068,False,0.00861751207910258,0.1811567097142131,-0.17253919763511052,0.975,0.03479602584102503,False,False,False
160,13,Ob13.txt,102,0.08123268163713931,0.013696819532656723,0.19679209946545773,-0.183095279932801,0.95,0.16861217993318814,False,0.05639640340525531,0.24121891681221008,-0.18482251340695477,0.95,0.6942575607336723,False,False,False
160,14,Ob14.txt,47,0.2110347220641966,0.05783434152256248,0.2568490342069889,-0.19901469268442643,0.9,0.2740513075614605,False,0.23517907673601993,0.3100837127822462,-0.0749046360462263,0.65,1.11440939403554,False,False,False
160,15,Ob15.txt,96,0.057942517284151285,0.0713697173879268,0.27092031300991765,-0.19955059562199084,0.9,1.2317331164251677,False,0.05766714859544529,0.09699932752057627,-0.03933217892513098,0.65,0.9952475539273591,False,False,False
160,16,Ob16.txt,84,0.37934876949088836,0.40834013171297273,0.18577941778436863,0.2225607139286041,0.2,1.0764240312707294,True,0.502974365007723,0.17737572052967598,0.325598644478047,0.175,1.3258890115361346,True,True,True
160,17,Ob17.txt,122,0.32882493927977097,0.04414369704234815,0.1326712424439606,-0.08852754540161246,0.8,0.1342468036002275,False,0.20371271620107262,0.18635327772033108,0.017359438480741535,0.45,0.6195172320179452,False,False,False
160,18,Ob18.txt,103,0.40638011225496873,0.10210259150583881,0.4487828618201575,-0.3466802703143187,0.85,0.2512489869134594,False,0.1906284865511534,0.45538751220632945,-0.26475902565517606,0.75,0.4690891133755835,False,False,False
160,19,Ob19.txt,143,0.38445508482555607,0.31935330176123955,0.10056521858221215,0.2187880831790274,0.2,0.8306647885959005,True,0.0854028988125154,0.08144910400214653,0.003953794810368866,0.475,0.22214012035051217,False,False,True
161,1,Ob1.txt,28,0.41891969065089546,0.22431527832257386,0.22431811751081054,-2.839188236680723e-06,0.5,0.5354612908599368,False,0.2597883328714876,0.23016812485027188,0.029620208021215733,0.45,0.6201387489517194,False,False,False
161,2,Ob2.txt,43,0.06012099820673811,0.03265037903649881,0.16443666274869315,-0.13178628371219434,0.9,0.5430777932898575,False,0.20001191569436116,0.1720058026848519,0.028006113009509254,0.45,3.326822934752016,False,False,False
161,3,Ob3.txt,40,0.7814859795390562,0.9145853939441138,0.25802148629880606,0.6565639076453077,0.0,1.1703158059003995,True,0.5226728841669384,0.26387792266122434,0.258794961505714,0.15,0.6688192723242795,True,True,True
161,4,Ob4.txt,58,0.2825773425619999,0.10590705719642382,0.23290317966600527,-0.12699612246958145,0.8,0.3747896283410865,False,0.07644535740559348,0.17850273766682445,-0.10205738026123097,0.875,0.2705289699184594,False,False,False
161,5,Ob5.txt,93,0.3289637767208745,0.36232316273375836,0.23384862577814336,0.128474536955615,0.25,1.1014074751494274,True,0.28963532016175864,0.14194111189507524,0.1476942082666834,0.25,0.880447455488432,True,True,True
161,6,Ob6.txt,112,0.21117802378818737,0.08913265176513069,0.14596071140991607,-0.05682805964478538,0.675,0.42207351961268086,False,0.10651661532992021,0.18953023491306742,-0.08301361958314721,0.7,0.5043925187819587,False,False,False
161,7,Ob7.txt,33,0.030894437551947762,0.3902834297144564,0.19359909844691658,0.1966843312675398,0.175,12.632805794189016,True,0.3445484098633529,0.29468642448748905,0.04986198537586384,0.475,11.152441577355422,False,False,True
161,8,Ob8.txt,84,0.18938841237355752,0.49922798448239836,0.19075353232236072,0.30847445216003766,0.0,2.636000683598849,True,0.4611865165056627,0.23604289808000017,0.22514361842566255,0.125,2.4351358709106203,True,True,True
161,9,Ob9.txt,37,0.8852338833671816,0.4345587277979504,0.2322286845811055,0.20233004321684492,0.375,0.49089707924984843,False,0.41006257971135446,0.23172822560296136,0.1783343541083931,0.275,0.4632251288796034,True,False,True
161,10,Ob10.txt,36,0.38999109532500864,0.2139043721450477,0.23068262026509,-0.016778248120042305,0.6,0.5484852723798354,False,0.019360068593156365,0.1989565580308978,-0.17959648943774142,0.95,0.049642334979526075,False,False,False
161,11,Ob11.txt,119,0.0771508800411908,0.3761843032796907,0.2325521621369273,0.1436321411427634,0.25,4.8759560886259,True,0.12921447546018217,0.27843593042803394,-0.14922145496785177,0.675,1.6748282766339755,False,False,True
161,12,Ob12.txt,91,0.24048365682250386,0.010888284720085295,0.3378463893199495,-0.3269581045998642,1.0,0.045276609911673614,False,0.2706218935992673,0.33650592619455444,-0.06588403259528713,0.625,1.1253234301863926,False,False,False
161,13,Ob13.txt,102,0.037756053746105814,0.4405976601488646,0.17401438730426547,0.26658327284459915,0.1,11.6695898123174,True,0.2933486978271764,0.26396682448388975,0.029381873343286624,0.425,7.7695804704545575,False,False,True
161,14,Ob14.txt,47,0.07742856493967029,0.23219178418456546,0.20203684545157685,0.030154938732988606,0.475,2.9987871319258135,False,0.3188618727564502,0.2449140749991074,0.07394779775734284,0.375,4.118142613193162,False,False,False
161,15,Ob15.txt,96,0.07208122000549083,0.7419530887292197,0.12478358738098047,0.6171695013482392,0.0,10.293292603436804,True,0.4689039896651004,0.247999095644834,0.2209048940202664,0.225,6.505217165155936,True,True,True
161,16,Ob16.txt,84,0.6764445339199063,0.07432954895696117,0.312852421185489,-0.23852287222852783,0.925,0.10988269581576969,False,0.16777739285866522,0.2420282176244022,-0.07425082476573697,0.725,0.24802830748948104,False,False,False
161,17,Ob17.txt,122,0.41158600943358015,0.2473481112585218,0.15416025935889655,0.09318785189962525,0.175,0.6009633602437541,True,0.23657097318889336,0.14292737916869247,0.0936435940202009,0.4,0.5747789472107169,False,False,True
161,18,Ob18.txt,103,0.18396864343516128,0.13650448093443357,0.1553522034446999,-0.01884772251026634,0.575,0.7419986275136274,False,0.06288746199823583,0.00796514376012214,0.05492231823811369,0.15,0.34183793946602736,True,False,True
161,19,Ob19.txt,143,0.1212920947429243,0.0016351558753625907,0.08895775021065835,-0.08732259433529577,1.0,0.013481141362330864,False,0.12276863050783882,0.14857576293876135,-0.02580713243092253,0.65,1.0121733882825918,False,False,False
162,1,Ob1.txt,28,0.2430059352983086,0.18255402279946953,0.21628646566318294,-0.03373244286371341,0.625,0.7512327736990059,False,0.07778130137280065,0.19706897225431977,-0.11928767088151912,0.85,0.3200798419895303,False,False,False
162,2,Ob2.txt,43,0.37727103852289123,0.28572476435748767,0.18634668257153778,0.0993780817859499,0.325,0.7573461389354728,True,0.43510398209280565,0.21197579476590994,0.2231281873268957,0.225,1.1532928257529245,True,True,True
162,3,Ob3.txt,40,0.21322647830145913,0.500986711121061,0.23606428845237343,0.26492242266868754,0.175,2.3495520589744348,True,1.0531102909502796,0.24582515759199514,0.8072851333582844,0.025,4.93892831387195,True,True,True
162,4,Ob4.txt,58,0.10765073407505167,0.2972372714447731,0.13437737663994795,0.16285989480482513,0.05,2.7611262849127063,True,0.41996352714746327,0.15578586812172546,0.2641776590257378,0.125,3.9011673330037318,True,True,True
162,5,Ob5.txt,93,0.10759096459993318,0.2152190618386006,0.18579350746905865,0.029425554369541945,0.45,2.000345127854112,False,0.3938850217401481,0.17842590748965448,0.21545911425049363,0.2,3.6609488836239388,True,False,True
162,6,Ob6.txt,112,0.5641060832635872,0.404341396917507,0.1459300648820882,0.2584113320354188,0.1,0.7167825501512491,True,0.4104240353334727,0.19294380410938355,0.21748023122408916,0.1,0.7275653418927868,True,True,True
162,7,Ob7.txt,33,0.26213657999035095,0.014739973136219942,0.4020309033826087,-0.3872909302463888,1.0,0.05623012681695362,False,0.09615576994106367,0.2908255101438413,-0.1946697402027776,0.775,0.3668155354151759,False,False,False
162,8,Ob8.txt,84,0.08276538205326267,0.19280489670156242,0.17208075541896883,0.02072414128259359,0.4,2.329535512534518,False,0.7063945005684602,0.21896061872178893,0.48743388184667125,0.0,8.534902915253488,True,False,True
162,9,Ob9.txt,37,0.64333195726736,0.027492571394699516,0.2397960473210576,-0.2123034759263581,0.95,0.042734658342604266,False,0.06202910493138841,0.21557094776403662,-0.1535418428326482,0.85,0.09641850405639021,False,False,False
162,10,Ob10.txt,36,0.05643835323043775,0.0063696097387079265,0.312581746540198,-0.30621213680149006,0.975,0.11285959589750635,False,0.26196189785009094,0.25915274195010446,0.002809155899986482,0.5,4.641558140091379,False,False,False
162,11,Ob11.txt,119,0.26622519765474384,0.04329941436387291,0.15781632289966369,-0.11451690853579077,0.775,0.16264205922395852,False,0.20203209139405537,0.14624590799893514,0.05578618339512023,0.375,0.758876669728544,False,False,False
162,12,Ob12.txt,91,0.13503805352803713,0.08883769885560122,0.22590598857628472,-0.1370682897206835,0.75,0.6578715890417984,False,0.004526983763024572,0.27889014415241864,-0.27436316038939407,0.975,0.03352376344853536,False,False,False
162,13,Ob13.txt,102,0.5300428964743251,0.15281928182794674,0.0,0.15281928182794674,0.3,0.2883149323280275,False,0.059751849619273045,0.0,0.059751849619273045,0.45,0.11273021488774423,False,False,False
162,14,Ob14.txt,47,0.7493548942133003,0.38802778269977983,0.21586314730894768,0.17216463539083215,0.175,0.517815771533921,True,0.41103343909698964,0.211494266766971,0.19953917233001864,0.2,0.5485163869230578,True,True,True
162,15,Ob15.txt,96,0.27383783898066844,0.38789863361757887,0.3100984562514306,0.07780017736614825,0.4,1.4165267848354681,False,0.5822580528400351,0.18528507630632787,0.3969729765337072,0.15,2.126287787719284,True,False,True
162,16,Ob16.txt,84,0.4271589845961915,0.03781815550038056,0.13172861593772858,-0.09391046043734802,0.925,0.08853414504702833,False,0.16299175661511073,0.12454030674022862,0.03845144987488211,0.45,0.381571645435932,False,False,False
162,17,Ob17.txt,122,0.13956800419052218,0.08160401884038793,0.16549707803099273,-0.0838930591906048,0.7,0.5846900176991248,False,0.1301100542189531,0.1393561336766524,-0.009246079457699286,0.525,0.9322341103433839,False,False,False
162,18,Ob18.txt,103,0.02652436137456743,0.19134772851660492,0.46827089735396044,-0.2769231688373555,0.7,7.214037156803196,False,0.1961897167119446,0.1807689732200357,0.01542074349190889,0.5,7.396585875958499,False,False,False
162,19,Ob19.txt,143,0.12448990055526321,0.4866567698920846,0.09643986419395478,0.39021690569812983,0.0,3.9092068330157375,True,0.21759897079726442,0.0468494138873103,0.17074955690995414,0.025,1.7479246896873253,True,True,True
163,1,Ob1.txt,28,0.7173627457894232,0.7624436534338564,0.28230613633565366,0.4801375170982028,0.075,1.0628425547730722,True,0.6040880917570607,0.2599824288368682,0.3441056629201925,0.15,0.8420957114134646,True,True,True
163,2,Ob2.txt,43,0.008447044659070993,0.04929290720874631,0.29293132468788574,-0.24363841747913945,0.875,5.835521084384506,False,0.10575076634180197,0.2566460437145611,-0.15089527737275915,0.85,12.519262133678888,False,False,False
163,3,Ob3.txt,40,0.6441489348598927,0.16519198901086235,0.2717071203516745,-0.10651513134081214,0.65,0.2564499917193729,False,0.25643664175555464,0.21323440723781176,0.04320223451774288,0.45,0.3981014760372639,False,False,False
163,4,Ob4.txt,58,0.2744512816911432,0.15187971846333337,0.23442791858858986,-0.08254820012525649,0.675,0.5533940943087047,False,0.20587315135157452,0.2412020562330713,-0.03532890488149679,0.525,0.7501263979639788,False,False,False
163,5,Ob5.txt,93,0.18046914991735727,0.09613167692115146,0.1654409774749671,-0.06930930055381565,0.65,0.532676509891986,False,0.08251241995740166,0.24861722745960146,-0.1661048075021998,0.85,0.45721066451073106,False,False,False
163,6,Ob6.txt,112,0.33943802228769115,0.14028320811858344,0.21168614463722477,-0.07140293651864132,0.6,0.4132807726521757,False,0.15561138450471998,0.16156493369363334,-0.00595354918891336,0.5,0.4584382841260822,False,False,False
163,7,Ob7.txt,33,0.09663503006406832,0.2644767069234537,0.2592646752284882,0.005212031694965535,0.475,2.7368616406297757,False,0.31717096260040156,0.23440565346845751,0.08276530913194405,0.375,3.2821530907593193,False,False,False
163,8,Ob8.txt,84,0.45001133806266636,0.12263040914239098,0.12321542158684975,-0.0005850124444587712,0.5,0.2725051543597199,False,0.3721850442044229,0.1807145347158194,0.19147050948860347,0.175,0.827057037733112,True,False,True
163,9,Ob9.txt,37,0.6061015493378022,0.18177396047054267,0.20359786665192273,-0.021823906181380054,0.575,0.29990677415218664,False,0.07784181314408817,0.29008017259224883,-0.21223835944816066,0.95,0.1284303153970394,False,False,False
163,10,Ob10.txt,36,0.13558533627004077,0.2898441032304646,0.36292217696937423,-0.07307807373890962,0.55,2.1377245593372414,False,0.16740173041006018,0.30009439924870807,-0.1326926688386479,0.65,1.2346595510642224,False,False,False
163,11,Ob11.txt,119,0.35904213326469975,0.22074586179918826,0.18810879652452783,0.032637065274660426,0.35,0.6148188230500677,True,0.041956449485411065,0.23271767756830325,-0.1907612280828922,0.9,0.11685661820218506,False,False,True
163,12,Ob12.txt,91,0.036954773812874236,0.2700237994087438,0.17871135281804937,0.09131244659069446,0.3,7.3068719288081105,True,0.024223554651828752,0.08981241866069672,-0.06558886400886797,0.85,0.6554918932662982,False,False,True
163,13,Ob13.txt,102,0.48044050843312713,0.30645278173210144,0.0,0.30645278173210144,0.0,0.6378579165431818,True,0.43966070213619735,0.0,0.43966070213619735,0.0,0.9151199668197713,True,True,True
163,14,Ob14.txt,47,0.22377331043169568,0.20752656712141118,0.24438113475304585,-0.036854567631634666,0.55,0.927396420605559,False,0.055867919179708264,0.23693895208454446,-0.1810710329048362,0.8,0.24966301419919032,False,False,False
163,15,Ob15.txt,96,0.1539456659680701,0.16982890853653604,0.21223625954703643,-0.04240735101050039,0.55,1.1031743405609111,False,0.029250555677758083,0.08795197666716065,-0.058701420989402564,0.825,0.19000571074098926,False,False,False
163,16,Ob16.txt,84,0.046482590178618,0.09700626910750998,0.1496855990139523,-0.05267932990644231,0.725,2.0869376842973972,False,0.06538038194964885,0.1789584264871863,-0.11357804453753745,0.85,1.406556340737738,False,False,False
163,17,Ob17.txt,122,0.264651228797328,0.20458751542230408,0.16303619514329748,0.0415513202790066,0.375,0.7730457793527904,False,0.5869843606836597,0.1864361436993164,0.4005482169843433,0.05,2.21795441249652,True,False,True
163,18,Ob18.txt,103,0.43510141500394717,0.1772334945585703,0.0,0.1772334945585703,0.0,0.40733835479933445,True,0.09134373092456347,0.0,0.09134373092456347,0.0,0.20993664413556276,False,False,True
163,19,Ob19.txt,143,0.15039848068557604,0.10671023765127863,0.19555845407297623,-0.0888482164216976,0.75,0.7095167262651255,False,0.06750852491716867,0.17901423497912677,-0.1115057100619581,0.825,0.4488644074689983,False,False,False
164,1,Ob1.txt,28,0.4199360074899446,0.07597615579095748,0.19969460241419118,-0.1237184466232337,0.725,0.18092317504537103,False,0.08506346254052272,0.26943596768890277,-0.18437250514838005,0.75,0.2025629167857428,False,False,False
164,2,Ob2.txt,43,0.1496443807129818,0.11428214850364637,0.17577850984055374,-0.06149636133690736,0.625,0.7636915463123185,False,0.32309793522823255,0.22490026166790522,0.09819767356032733,0.375,2.1591050307992186,False,False,False
164,3,Ob3.txt,40,0.6602699606644629,0.13233152627381917,0.19478915567102892,-0.06245762939720975,0.575,0.20042033434422382,False,0.4387894081746937,0.19651322754953143,0.24227618062516226,0.2,0.6645606105313618,True,False,True
164,4,Ob4.txt,58,0.3502324705845461,0.6506010699183932,0.16094681858675813,0.48965425133163504,0.0,1.8576263612352246,True,0.5504600035517004,0.24185364889853433,0.3086063546531661,0.05,1.5716989422282004,True,True,True
164,5,Ob5.txt,93,0.4412314750678624,0.14665091193195254,0.2502397815266701,-0.10358886959471755,0.725,0.3323672952148241,False,0.01651080029551967,0.24556190041268944,-0.22905110011716978,0.925,0.03741981528625144,False,False,False
164,6,Ob6.txt,112,0.019048222857798364,0.06622887503071745,0.12583704955617492,-0.05960817452545747,0.725,3.4769057210816534,False,0.25156353221043204,0.15814455167356273,0.09341898053686931,0.225,13.206666789255967,True,False,True
164,7,Ob7.txt,33,0.25291498444767163,0.09486250854649039,0.39786235990496654,-0.3029998513584762,0.925,0.3750766636213978,False,0.1338000253186396,0.15468418566558423,-0.020884160346944625,0.625,0.5290316254327073,False,False,False
164,8,Ob8.txt,84,0.027400073511940903,0.5789880657236537,0.2589954525278227,0.319992613195831,0.0,21.130894611334956,True,0.42368419969075427,0.25836363438987064,0.16532056530088363,0.175,15.462885510366002,True,True,True
164,9,Ob9.txt,37,0.44377441785987004,0.6378734260901069,0.23217601019124995,0.40569741589885694,0.125,1.437382148268689,True,0.4470854175227715,0.2934913233322399,0.1535940941905316,0.275,1.007460997141,True,True,True
164,10,Ob10.txt,36,0.7881254272518035,0.630728672492085,0.22279693971350856,0.4079317327785764,0.075,0.8002897136455024,True,0.047905486402146674,0.2599670034850593,-0.21206151708291263,0.875,0.06078408936657874,False,False,True
164,11,Ob11.txt,119,0.00025427239790799805,0.3943650075924463,0.1679163302008025,0.22644867739164382,0.175,1550.954845421866,True,0.3607120518759338,0.22003522818414428,0.14067682369178952,0.25,1418.6048302672955,True,True,True
164,12,Ob12.txt,91,0.026124277738636098,0.0336263008538647,0.2832782645744635,-0.24965196372059878,0.925,1.2871667186470614,False,0.18499706628907595,0.1944757795584493,-0.009478713269373357,0.55,7.0814231933952145,False,False,False
164,13,Ob13.txt,102,0.15232862557184962,0.3612263786581387,0.0,0.3612263786581387,0.0,2.3713624231957455,True,0.147905297926556,0.0,0.147905297926556,0.15,0.9709619408125806,True,True,True
164,14,Ob14.txt,47,0.4768902486603116,1.0026884211837082,0.2556507754618302,0.7470376457218779,0.0,2.1025559318951856,True,0.6342784115058606,0.2152613267314195,0.4190170847744411,0.05,1.3300301553401157,True,True,True
164,15,Ob15.txt,96,0.16684258659445989,0.4212621628542894,0.26357347093957517,0.15768869191471424,0.125,2.524907887446272,True,0.28172397142857764,0.1276315828388548,0.15409238858972282,0.125,1.6885615188486442,True,True,True
164,16,Ob16.txt,84,0.5845876086130296,0.0879463031056879,0.17629265301523203,-0.08834634990954413,0.775,0.15044161355788224,False,0.279608594891161,0.150049734335424,0.129558860555737,0.2,0.4783005845001569,True,False,True
164,17,Ob17.txt,122,0.15568229051308713,0.033642274863427746,0.13014273976496116,-0.09650046490153341,0.85,0.21609570846209816,False,0.1208070163416195,0.14423784821395655,-0.02343083187233705,0.65,0.7759843200114279,False,False,False
164,18,Ob18.txt,103,0.2527011798554868,0.5367765852238237,0.33403220918944465,0.202744376034379,0.25,2.1241554373857383,True,0.8495823228111232,0.15658791057381552,0.6929944122373077,0.0,3.3620037836664523,True,True,True
164,19,Ob19.txt,143,0.30144649689822955,0.28940372700715855,0.11555747048478365,0.1738462565223749,0.225,0.9600500585842379,True,0.13890003492874,0.23787253995990393,-0.09897250503116392,0.675,0.46077840133479353,False,False,True
165,1,Ob1.txt,28,0.06111742134530897,0.2369217205761987,0.3306100634740437,-0.093688342897845,0.65,3.876500600992445,False,0.4158004828212769,0.32145604167585806,0.09434444114541884,0.4,6.803305402432386,False,False,False
165,2,Ob2.txt,43,0.4001016449053688,0.06665667877065581,0.29981013829306413,-0.23315345952240832,0.8,0.16659936198568068,False,0.051755715356669535,0.31438637429519006,-0.26263065893852056,0.85,0.12935641733967548,False,False,False
165,3,Ob3.txt,40,0.030766436838246133,0.3616606502797963,0.27436893210851077,0.08729171817128556,0.375,11.755038524000009,False,0.06282577651884441,0.24450254969575336,-0.18167677317690895,0.85,2.0420231581950667,False,False,False
165,4,Ob4.txt,58,0.06035189229189797,0.3911177135616547,0.19505110325321492,0.19606661030843978,0.225,6.480620552375967,True,0.13153421746670582,0.20644374639449065,-0.07490952892778482,0.675,2.1794547357442813,False,False,True
165,5,Ob5.txt,93,0.050733141367424406,0.357348698802489,0.2104505779858965,0.14689812081659248,0.225,7.043693514156044,True,0.3882563528109984,0.1839872399133785,0.2042691128976199,0.125,7.652913703867283,True,True,True
165,6,Ob6.txt,112,0.26739734970937157,0.030703809384962755,0.1239966767096469,-0.09329286732468414,0.875,0.11482465857770865,False,0.32114188655974085,0.14870263637722358,0.17243925018251727,0.125,1.2009912847258324,True,False,True
165,7,Ob7.txt,33,0.08792113114737302,0.009512206155890213,0.26135724317702014,-0.2518450370211299,1.0,0.1081902158418082,False,0.1965392817312591,0.42337099659137034,-0.22683171486011125,0.65,2.2354043807946558,False,False,False
165,8,Ob8.txt,84,0.16109722782303398,0.012496596573207647,0.19171972154780823,-0.17922312497460058,0.925,0.07757176670311927,False,0.2192255832867694,0.22136828310304413,-0.00214269981627474,0.5,1.3608277823848691,False,False,False
165,9,Ob9.txt,37,0.49380324090394084,0.2514313461309392,0.26035869680915447,-0.008927350678215262,0.55,0.5091731388207918,False,0.04125862856356478,0.24829237604126303,-0.20703374747769826,0.9,0.08355276990089822,False,False,False
165,10,Ob10.txt,36,0.03131540693672907,0.19772452847440597,0.2605167643932361,-0.06279223591883015,0.7,6.313969633985491,False,0.5593913464179615,0.2373270151459399,0.3220643312720216,0.125,17.86313515095552,True,False,True
165,11,Ob11.txt,119,0.03269385599446084,0.04172017856291323,0.13616420893593417,-0.09444403037302095,0.775,1.276086203168622,False,0.33544866453642963,0.17693725411185396,0.15851141042457567,0.15,10.260296754022011,True,False,True
165,12,Ob12.txt,91,0.06016408719811056,0.028441892263579377,0.22805511605127798,-0.1996132237876986,0.9,0.47273869825241177,False,0.008479047176101207,0.2506691721522095,-0.2421901249761083,0.975,0.1409320338922634,False,False,False
165,13,Ob13.txt,102,0.2675179365131406,0.03311438392207405,0.06492738713911134,-0.03181300321703728,0.7,0.12378378942993776,False,0.3335800874522743,0.21148937145458724,0.12209071599768706,0.15,1.2469447536871558,True,False,True
165,14,Ob14.txt,47,0.30734795875688203,0.04237003700109698,0.2838451895532128,-0.24147515255211582,0.95,0.13785690060369807,False,0.19319149667587363,0.20422433400964263,-0.011032837333769002,0.55,0.6285758247989267,False,False,False
165,15,Ob15.txt,96,0.27937784404032656,0.1880461962936948,0.18862525285005205,-0.0005790565563572603,0.5,0.6730891525762916,False,0.0076196634591899765,0.12032932027454775,-0.11270965681535777,0.95,0.027273685518491304,False,False,False
165,16,Ob16.txt,84,0.0655927402670557,0.3741158479680283,0.1666070376726946,0.20750881029533372,0.2,5.703616687530435,True,0.11879063759243,0.30827567083126517,-0.18948503323883517,0.825,1.811033311137532,False,False,True
165,17,Ob17.txt,122,0.3377556903907361,0.1768703768451899,0.1432534172766681,0.033616959568521815,0.4,0.5236636476518741,False,0.2104457283900253,0.1798480991022423,0.03059762928778298,0.4,0.6230708597287258,False,False,False
165,18,Ob18.txt,103,0.1853678840393984,0.3688866936852747,0.2011813337908321,0.1677053598944426,0.175,1.990024839507101,True,0.38941966896667385,0.21693763573711644,0.1724820332295574,0.125,2.100793624444167,True,True,True
165,19,Ob19.txt,143,0.07528359632221107,0.10818869466089777,0.0961402598234308,0.012048434837466968,0.475,1.4370819135400237,False,0.373947504228299,0.09757201299838059,0.2763754912299184,0.025,4.967184386726388,True,False,True
166,1,Ob1.txt,28,1.4385236567868986,0.6443546996658269,0.24532358316196579,0.39903111650386114,0.125,0.44792777416331425,True,0.39109553089875854,0.2527518993011513,0.13834363159760726,0.35,0.27187285315301213,False,False,True
166,2,Ob2.txt,43,0.033664337739202244,0.3221455303194445,0.21734353586164798,0.1048019944577965,0.325,9.569341087744164,True,0.31152520219094293,0.22758568477527458,0.08393951741566835,0.375,9.253863973333736,False,False,True
166,3,Ob3.txt,40,0.6217558489642769,0.2109345316704605,0.2655391554688325,-0.054604623798372,0.6,0.33925620807883994,False,0.2516902682621662,0.274542298683098,-0.022852030420931813,0.525,0.4048056301865639,False,False,False
166,4,Ob4.txt,58,0.14872451521599575,0.1520287003558224,0.18897394428847855,-0.03694524393265616,0.7,1.0222168156677325,False,0.31577930924902836,0.270021240150823,0.045758069098205345,0.475,2.123249881100069,False,False,False
166,5,Ob5.txt,93,0.16318944788201106,0.280286301469654,0.21848719179296938,0.061799109676684616,0.325,1.7175516254721697,True,0.17059797297452306,0.24620492867130506,-0.075606955696782,0.775,1.0453983096864725,False,False,True
166,6,Ob6.txt,112,0.3076143851715031,0.3271347243465087,0.20979847230410223,0.11733625204240647,0.225,1.0634571727330713,True,0.17943476491781984,0.17741451840365696,0.0020202465141628823,0.475,0.583310708365541,False,False,True
166,7,Ob7.txt,33,0.7986710051224059,0.013422562269262528,0.23222106775467982,-0.2187985054854173,0.95,0.016806121898973108,False,0.16253146803164323,0.2550483363654512,-0.09251686833380798,0.7,0.20350240210201864,False,False,False
166,8,Ob8.txt,84,0.5421347034636668,0.2561997893757162,0.1228290756760316,0.1333707136996846,0.35,0.4725758888683399,True,0.2002160487340582,0.17425673364522218,0.025959315088836032,0.475,0.36931051905530055,False,False,True
166,9,Ob9.txt,37,0.371441318739652,0.03212670220608797,0.2952534933650749,-0.2631267911589869,0.95,0.08649199909987933,False,0.173378803539994,0.2593535707598572,-0.08597476721986322,0.675,0.4667730669498226,False,False,False
166,10,Ob10.txt,36,0.2793810071959347,0.29403182562235053,0.21128299787110283,0.0827488277512477,0.25,1.0524402806527966,True,0.24445126588074895,0.2183986223624686,0.02605264351828035,0.425,0.8749745314981667,False,False,True
166,11,Ob11.txt,119,0.32086530546798575,0.14655003538886718,0.2001276564237506,-0.05357762103488342,0.6,0.45673381600145974,False,0.15801372341151834,0.2397767704484316,-0.08176304703691326,0.6,0.49246123129782915,False,False,False
166,12,Ob12.txt,91,0.13316434252091736,0.34568409429037955,0.2181534659244198,0.12753062836595974,0.3,2.5959208579885398,True,0.6463158866211843,0.33502205267991475,0.3112938339412696,0.05,4.853520652645144,True,True,True
166,13,Ob13.txt,102,0.040680410810452566,0.3112756207887174,0.23053002323290236,0.08074559755581504,0.475,7.6517324822279615,False,0.18771608160446784,0.15170809480183003,0.03600798680263781,0.4,4.614409684285573,False,False,False
166,14,Ob14.txt,47,0.6226003854469719,0.7569608824891573,0.16518076838675172,0.5917801141024055,0.0,1.2158053547392624,True,0.8377369787433228,0.2644529739441325,0.5732840047991903,0.0,1.34554522985382,True,True,True
166,15,Ob15.txt,96,0.08703651568715703,0.33169021364118495,0.20124587679138645,0.1304443368497985,0.275,3.810931664973907,True,0.2226893955938865,0.18675373699659623,0.03593565859729028,0.35,2.5585743390086813,True,True,True
166,16,Ob16.txt,84,0.1472898656902732,0.13488334419698728,0.19667499496116742,-0.06179165076418014,0.6,0.915767989636335,False,0.5212576377239468,0.2160429368549734,0.30521470086897345,0.1,3.538991873480742,True,False,True
166,17,Ob17.txt,122,0.3489906071412072,0.2847250040195107,0.13255776337470943,0.15216724064480125,0.2,0.8158529146439358,True,0.3425798835038904,0.1694373286932546,0.1731425548106358,0.1,0.9816306699775362,True,True,True
166,18,Ob18.txt,103,0.22907387452133016,0.1821664238750678,0.24503630374399016,-0.06286987986892237,0.7,0.7952300289839704,False,0.12859572329381896,0.24154359395417946,-0.1129478706603605,0.625,0.5613722802852614,False,False,False
166,19,Ob19.txt,143,0.08364826587173362,0.008318947875575564,0.062073018599103566,-0.053754070723528,1.0,0.09945152824006957,False,0.1368639207573576,0.1169577566213789,0.01990616413597869,0.45,1.6361835996364222,False,False,False
167,1,Ob1.txt,28,0.20063488528321077,0.04661276608355608,0.14925319138068555,-0.10264042529712947,0.9,0.23232632758634553,False,0.04415408606945236,0.1310880048460526,-0.08693391877660023,0.825,0.22007182852137427,False,False,False
167,2,Ob2.txt,43,0.4565112929366436,0.23252780359939895,0.2317699201110227,0.0007578834883762431,0.5,0.5093582726148903,False,0.17687284007760978,0.2403826596509485,-0.0635098195733387,0.575,0.3874446104932543,False,False,False
167,3,Ob3.txt,40,0.5502690875178643,0.42130934585509316,0.27623095292191024,0.14507839293318292,0.25,0.7656424018938107,True,0.7598773739670324,0.34971808208313887,0.4101592918838935,0.075,1.3809196104303483,True,True,True
167,4,Ob4.txt,58,0.09303531083419923,0.13771205279373216,0.30626147281589555,-0.1685494200221634,0.775,1.4802127445906272,False,0.06017460802372521,0.3018262146367062,-0.24165160661298102,0.825,0.6467932173727459,False,False,False
167,5,Ob5.txt,93,0.29076126255825097,0.07255865705713382,0.1060112904479055,-0.033452633390771674,0.65,0.24954719352478208,False,0.35612330628070066,0.161556682732249,0.19456662354845167,0.125,1.2247962577523719,True,False,True
167,6,Ob6.txt,112,0.257230049596474,0.2617790842108157,0.22133693793641457,0.040442146274401125,0.375,1.0176846936097783,False,0.1633054523232076,0.2422357454364492,-0.07893029311324162,0.725,0.6348614890810413,False,False,False
167,7,Ob7.txt,33,0.8976161460770367,0.11156049474057139,0.2818162800266386,-0.17025578528606722,0.85,0.12428530305313477,False,0.03346320081473414,0.3883974882143477,-0.3549342873996136,0.9,0.03728007897471823,False,False,False
167,8,Ob8.txt,84,0.48058621136037766,0.5415531134010791,0.21022305250340476,0.33133006089767436,0.1,1.126859449146751,True,0.5372783224799278,0.2681120419278825,0.2691662805520453,0.175,1.1179644978974197,True,True,True
167,9,Ob9.txt,37,0.4545611893493572,0.24527693998636052,0.19473316160107973,0.05054377838528079,0.45,0.539590589195354,False,0.04729361893561829,0.19675662660649335,-0.14946300767087506,0.9,0.10404236006886708,False,False,False
167,10,Ob10.txt,36,0.1970195090081126,0.3081696669945596,0.17735514834863225,0.13081451864592736,0.325,1.5641581310705135,True,0.5012468479969935,0.18175137408269917,0.31949547391429434,0.1,2.5441482953667993,True,True,True
167,11,Ob11.txt,119,0.5456983229510748,0.05832094461627976,0.16595990067051716,-0.1076389560542374,0.75,0.10687396710491374,False,0.019781524842646184,0.15173298761223608,-0.1319514627695899,0.975,0.03624992786430044,False,False,False
167,12,Ob12.txt,91,0.08494772179289409,0.03854071802231018,0.3174127428827497,-0.2788720248604395,0.95,0.45369925418687485,False,0.28339559298555145,0.2661853045346113,0.017210288450940137,0.425,3.3361176380513315,False,False,False
167,13,Ob13.txt,102,0.1695700610133712,0.1797019111768485,0.19324322777957242,-0.013541316602723924,0.5,1.0597502300991588,False,0.04987154558789228,0.1473134955892768,-0.09744195000138453,0.85,0.29410584209178137,False,False,False
167,14,Ob14.txt,47,0.40789279347875385,0.002052983510056089,0.20622030326008087,-0.20416731975002478,1.0,0.005033144843151106,False,0.09575710495009554,0.1986548303800948,-0.10289772542999925,0.8,0.23476047255805046,False,False,False
167,15,Ob15.txt,96,0.3585337191546344,0.1288886324016587,0.30471123098522934,-0.17582259858357063,0.875,0.35948817507473957,False,0.08644536848447618,0.26276419857585026,-0.17631883009137408,0.8,0.2411080572513532,False,False,False
167,16,Ob16.txt,84,0.14593066853158945,0.009656238347707846,0.17154228787101433,-0.16188604952330649,0.925,0.06617004119060532,False,0.004963275754784058,0.21418854513707306,-0.209225269382289,0.95,0.03401119041478017,False,False,False
167,17,Ob17.txt,122,0.3382680157059639,0.16955893561438418,0.20150323765063435,-0.03194430203625018,0.6,0.5012561866380285,False,0.2969096564552423,0.1762834665381476,0.1206261899170947,0.125,0.8777349399575752,True,False,True
167,18,Ob18.txt,103,0.3329390834581651,0.12656672923057857,1.5632183180541837,-1.436651588823605,0.825,0.38014980973683765,False,0.19465343384736314,2.41194407845618,-2.2172906446088168,0.825,0.5846517982375055,False,False,False
167,19,Ob19.txt,143,0.030530357476886705,0.09874133165361823,0.11302641736780863,-0.014285085714190404,0.575,3.23420162139835,False,0.0419244740413893,0.1504116384093322,-0.1084871643679429,0.775,1.3732061300994793,False,False,False
168,1,Ob1.txt,28,0.5223235013692487,0.544580664068375,0.2618728496305186,0.2827078144378564,0.175,1.0426118346978073,True,0.1766593499303936,0.3765474560672034,-0.19988810613680982,0.825,0.3382182679264645,False,False,True
168,2,Ob2.txt,43,0.48503493390945884,0.5285321827605812,0.21378726441265455,0.31474491834792667,0.05,1.0896785897471912,True,0.28445801263127,0.21554104173160954,0.06891697089966048,0.475,0.5864691236536163,False,False,True
168,3,Ob3.txt,40,0.2958103298320311,0.23676029616349584,0.24904710843303393,-0.012286812269538094,0.525,0.8003787301746176,False,0.3287387166367722,0.1764963170448277,0.15224239959194447,0.3,1.1113158787370228,True,False,True
168,4,Ob4.txt,58,0.056710614350548694,0.1121263266786599,0.1717828537463499,-0.05965652706769001,0.7,1.9771664963029103,False,0.12793745802789247,0.17716861294637676,-0.04923115491848429,0.625,2.2559702357845226,False,False,False
168,5,Ob5.txt,93,0.155288678656477,0.2533318473940261,0.20730990826080564,0.046021939133220446,0.375,1.6313606992202956,False,0.317019233230776,0.2512634126087111,0.06575582062206492,0.3,2.0414832296440135,True,False,True
168,6,Ob6.txt,112,0.18206000998401628,0.4443428816325724,0.25640914050957386,0.18793374112299854,0.2,2.440639664205132,True,0.4016220835940416,0.18069675710256808,0.22092532649147353,0.075,2.2059873754225405,True,True,True
168,7,Ob7.txt,33,0.00990166842475565,0.8059732050615003,0.1859209838024477,0.6200522212590526,0.05,81.39771708033031,True,0.9253177272827837,0.23338594301765117,0.6919317842651326,0.05,93.45068806478626,True,True,True
168,8,Ob8.txt,84,0.3519752947774433,0.11534196701141165,0.24843985110807465,-0.133097884096663,0.75,0.3276990422988161,False,0.008965406296287184,0.24046918789177352,-0.23150378159548635,0.975,0.025471691988939393,False,False,False
168,9,Ob9.txt,37,0.8562190882268889,0.35739423161026596,0.3354330198218911,0.021961211788374846,0.5,0.4174097921016686,False,0.38884865337041774,0.2987719286854261,0.09007672468499162,0.35,0.45414620944233963,True,False,True
168,10,Ob10.txt,36,0.24335480645912644,0.27913059572566007,0.2751686534916434,0.003961942234016691,0.5,1.1470108184304242,False,0.5894852255407099,0.25344189433109265,0.33604333120961727,0.15,2.4223282626625218,True,False,True
168,11,Ob11.txt,119,0.06236060846663771,0.10382219844891688,0.14503533131681773,-0.04121313286790085,0.575,1.6648682718428043,False,0.2222596010860926,0.20543838709263934,0.016821213993453266,0.45,3.5641025087976685,False,False,False
168,12,Ob12.txt,91,0.28936018219036425,0.16303743967299272,0.22263168152547838,-0.05959424185248566,0.675,0.5634411702358332,False,0.12989048735604172,0.1988665871622602,-0.06897609980621847,0.675,0.44888860095681504,False,False,False
168,13,Ob13.txt,102,0.371923748656694,0.27777858250309034,0.08100337958586579,0.19677520291722456,0.05,0.7468697105424564,True,0.2357817693603365,0.10123392473307441,0.1345478446272621,0.225,0.6339519060343093,True,True,True
168,14,Ob14.txt,47,0.08684660852544504,0.5098485710721452,0.28134016014304375,0.22850841092910146,0.1,5.870679117225004,True,0.29953550852327104,0.2496493153345028,0.049886193188768246,0.375,3.4490179134112147,False,False,True
168,15,Ob15.txt,96,0.02065538595889113,0.2956778427399897,0.153867500751953,0.14181034198803671,0.175,14.314805994352039,True,0.19778392626291202,0.1979149936109631,-0.00013106734805107267,0.5,9.575416632569663,False,False,True
168,16,Ob16.txt,84,0.14722282494097594,0.13560699730091053,0.15108864069956385,-0.015481643398653322,0.55,0.9211003616815369,False,0.23700508117428276,0.2093918102368214,0.027613270937461354,0.45,1.6098392438081663,False,False,False
168,17,Ob17.txt,122,0.25113478362229674,0.15103835829698642,0.19455986447943305,-0.04352150618244663,0.6,0.6014234910769909,False,0.023068846715991534,0.19692640289555025,-0.17385755617955873,0.975,0.09185842910031436,False,False,False
168,18,Ob18.txt,103,0.5515389585828446,0.040885641849288196,0.4314901423410107,-0.39060450049172246,0.7,0.07413010670060746,False,0.3831071472301065,0.34096354266024664,0.04214360456985988,0.475,0.6946148431916463,False,False,False
168,19,Ob19.txt,143,0.03549152811112605,0.04342919877755662,0.12995935373440515,-0.08653015495684853,0.85,1.223649729636246,False,0.252657846827745,0.13805234666070731,0.11460550016703769,0.15,7.118821315234963,True,False,True
169,1,Ob1.txt,28,0.1520688621068772,0.03638320260708562,0.2227984919325733,-0.18641528932548768,0.85,0.23925478301741182,False,0.18806246604441623,0.17881011002664088,0.009252356017775354,0.475,1.236692794559362,False,False,False
169,2,Ob2.txt,43,0.3976944356122295,0.27498012357728496,0.22191537764980468,0.053064745927480284,0.425,0.6914356826591441,False,0.18597531100643963,0.3463111227611515,-0.16033581175471187,0.675,0.4676336763931346,False,False,False
169,3,Ob3.txt,40,0.4719458632601662,0.3892094859206658,0.2763941298993355,0.1128153560213303,0.2,0.8246909576281403,True,0.3122253810642548,0.22431051447827882,0.08791486658597597,0.425,0.6615703311973656,False,False,True
169,4,Ob4.txt,58,0.12761145760093412,0.3842132058332157,0.24469363070115965,0.13951957513205607,0.225,3.010804931283876,True,0.4799810003558169,0.210527927772945,0.26945307258287193,0.2,3.7612688498301696,True,True,True
169,5,Ob5.txt,93,0.5093177409799303,0.015511857408382956,0.22602652646095786,-0.2105146690525749,0.975,0.030456149786846326,False,0.39630007163328,0.20910373803348126,0.18719633359979876,0.175,0.7780998770449197,True,False,True
169,6,Ob6.txt,112,0.14729077579872862,0.29810289502295007,0.22850265285235455,0.06960024217059552,0.325,2.0239074266965957,True,0.013995066245794885,0.1469575754042681,-0.1329625091584732,0.95,0.09501658314923267,False,False,True
169,7,Ob7.txt,33,0.6376780797439232,1.006727718797674,0.22200472889074852,0.7847229899069255,0.0,1.578739728989826,True,0.8821976034232315,0.30546991068524876,0.5767276927379827,0.075,1.38345292310738,True,True,True
169,8,Ob8.txt,84,0.23321966218593698,0.2815587582637541,0.16899049335711178,0.11256826490664232,0.4,1.2072685279823372,False,0.5933312622485193,0.24104570824281316,0.35228555400570616,0.175,2.5440876497603333,True,False,True
169,9,Ob9.txt,37,0.455869722635856,0.07129337569366069,0.18828780603857231,-0.11699443034491162,0.65,0.15638980207204745,False,0.31755138638875613,0.3412167257012928,-0.02366533931253667,0.525,0.696583630412351,False,False,False
169,10,Ob10.txt,36,0.4030501961835527,0.18885918189359924,0.17385239170154626,0.015006790192052977,0.475,0.4685748417489693,False,0.017213288194954934,0.17425978252121274,-0.1570464943262578,0.975,0.04270755443849442,False,False,False
169,11,Ob11.txt,119,0.25397813320666385,0.3186670381886593,0.17082492088881973,0.1478421172998396,0.275,1.2547026555603418,True,0.5350815087557994,0.17495420745713816,0.3601273012986612,0.05,2.106801487198899,True,True,True
169,12,Ob12.txt,91,0.7324203428021749,0.01745053085012241,0.1428385077736365,-0.12538797692351408,0.9,0.023825841296758955,False,0.09736012681144923,0.2380971902468054,-0.14073706343535616,0.875,0.1329293045561215,False,False,False
169,13,Ob13.txt,102,0.2680250214785352,0.37270872146026474,0.30924606010823785,0.06346266135202688,0.25,1.3905743553503014,True,0.2573336024964689,0.3005311694152266,-0.0431975669187577,0.55,0.9601103698338012,False,False,True
169,14,Ob14.txt,47,0.5684685257806392,0.04882002961559524,0.22860669817592089,-0.17978666856032566,0.825,0.08587991665599078,False,0.11898703031166352,0.16386683124810097,-0.04487980093643745,0.625,0.2093115536137497,False,False,False
169,15,Ob15.txt,96,0.09285133662552603,0.2503341476754844,0.230036951970276,0.02029719570520841,0.425,2.696074787647853,False,0.20422198545498935,0.23933439251042332,-0.035112407055433975,0.6,2.1994512182266863,False,False,False
169,16,Ob16.txt,84,0.02162018580758518,0.3013944829813596,0.260074735860799,0.041319747120560635,0.4,13.940420571021136,False,0.4540421045259744,0.2531916745437779,0.2008504299821965,0.175,21.000841924618392,True,False,True
169,17,Ob17.txt,122,0.06068743680828059,0.19506192960627566,0.14121965884513604,0.05384227076113962,0.35,3.214206100391113,True,0.0019486467471438174,0.12809653554140926,-0.12614788879426544,1.0,0.032109557589321866,False,False,True
169,18,Ob18.txt,103,0.006437704324786631,0.5244990912671291,0.18475570745346198,0.33974338381366714,0.1,81.4730010584189,True,0.277388057861625,0.18783674390179267,0.08955131395983235,0.275,43.08803944188889,True,True,True
169,19,Ob19.txt,143,0.4923587610329001,0.3855669667132702,0.20913832025025686,0.17642864646301332,0.1,0.7831016673784872,True,0.24893505871212507,0.1503160262784292,0.09861903243369588,0.175,0.5055968907507484,True,True,True
170,1,Ob1.txt,28,0.05813091484290139,0.48870373367673,0.27252101168298104,0.21618272199374894,0.125,8.406950673276866,True,0.16953209157509563,0.3052649259330119,-0.13573283435791628,0.675,2.9163843719517497,False,False,True
170,2,Ob2.txt,43,0.43705307640211843,0.0930377159668666,0.19608495324228503,-0.10304723727541844,0.65,0.2128750968481128,False,0.3140568804300547,0.2668796469507164,0.047177233479338276,0.425,0.7185783544081522,False,False,False
170,3,Ob3.txt,40,0.27599074044193944,0.31784809205816766,0.24897312933403837,0.0688749627241293,0.35,1.151662159205786,True,0.41812705624224406,0.2591739623581617,0.15895309388408235,0.3,1.5150039293807613,True,True,True
170,4,Ob4.txt,58,0.15969819004506403,0.19109802121497174,0.17378144889278244,0.017316572322189305,0.45,1.1966198312018892,False,0.5048833633808836,0.16997718489032873,0.3349061784905548,0.175,3.161484568099453,True,False,True
170,5,Ob5.txt,93,0.8237964801278345,0.14383886342650387,0.19327895031045603,-0.049440086883952156,0.625,0.17460485313579313,False,0.3388176235207282,0.15285284881650574,0.18596477470422246,0.175,0.4112880203957067,True,False,True
170,6,Ob6.txt,112,0.05404334631195834,0.20298637637625627,0.18191981717430838,0.021066559201947888,0.425,3.7559919995431676,False,0.24850937265467482,0.15413468461848545,0.09437468803618937,0.35,4.598334292998551,True,False,True
170,7,Ob7.txt,33,0.05227988334411618,0.19676122329431822,0.35327450860987286,-0.15651328531555464,0.7,3.763612516102958,False,0.23074717936608596,0.31789199630120213,-0.08714481693511617,0.6,4.413689637508637,False,False,False
170,8,Ob8.txt,84,0.21959029442627268,0.26387496136536015,0.12339686384871942,0.14047809751664073,0.325,1.2016695093687577,True,0.10344708876741887,0.254730159125804,-0.15128307035838512,0.7,0.47109135236462457,False,False,True
170,9,Ob9.txt,37,0.1982986559078601,0.1530008763970089,0.3072551356540682,-0.1542542592570593,0.725,0.771567894378977,False,0.35222388510746755,0.30468170606429706,0.047542179043170485,0.425,1.776229311766637,False,False,False
170,10,Ob10.txt,36,0.638412666666864,0.19668791129211555,0.2334256685511022,-0.03673775725898665,0.575,0.30808898626497816,False,0.09086539926916545,0.2716441595860918,-0.18077876031692633,0.8,0.14233019489348692,False,False,False
170,11,Ob11.txt,119,0.4056167598051239,0.1477776913377507,0.20291141030087842,-0.055133718963127715,0.575,0.36432836603879387,False,0.42668679858390257,0.16974873349673988,0.25693806508716266,0.075,1.051945680915408,True,False,True
170,12,Ob12.txt,91,0.2742231794345266,0.40616888898072456,0.22858263886169664,0.17758625011902793,0.15,1.4811617669165755,True,0.07442115192801599,0.1860882600423729,-0.1116671081143569,0.75,0.27138899082666623,False,False,True
170,13,Ob13.txt,102,0.0990220726771327,0.09029555434268277,0.17575618672044233,-0.08546063237775955,0.75,0.9118729986302826,False,0.1483932427699014,0.17194748409363667,-0.023554241323735264,0.55,1.4985875245587548,False,False,False
170,14,Ob14.txt,47,0.41120662719651296,0.14962468538905968,0.23506420042887727,-0.08543951503981759,0.75,0.3638673977828549,False,0.03992967085133203,0.1444748216924417,-0.10454515084110966,0.925,0.09710366567669616,False,False,False
170,15,Ob15.txt,96,0.4441158980024277,0.08238529706799627,0.19031771007252848,-0.10793241300453221,0.75,0.18550404846697455,False,0.004697109965575208,0.17232708997997337,-0.16762998001439816,1.0,0.010576315747088009,False,False,False
170,16,Ob16.txt,84,0.21248570532198702,0.3679156653159204,0.1607834689717343,0.20713219634418611,0.175,1.7314843121253964,True,0.4602030622969641,0.20775598291721137,0.25244707937975275,0.1,2.1658071614728263,True,True,True
170,17,Ob17.txt,122,0.23335184211540813,0.31847603373378774,0.2108443138707781,0.10763171986300965,0.275,1.3647890277904042,True,0.07411240060299634,0.18932355774719412,-0.11521115714419777,0.75,0.31759938096542983,False,False,True
170,18,Ob18.txt,103,0.23092923560799933,0.029501181894766845,0.0,0.029501181894766845,0.3,0.1277498789492591,False,0.056953970670447496,0.0,0.056953970670447496,0.275,0.2466295379209865,False,False,False
170,19,Ob19.txt,143,0.10978800237718803,0.17696296546365176,0.1003409666013379,0.07662199886231386,0.3,1.6118606918056237,True,0.2622065762649379,0.08896143685222244,0.17324513941271544,0.05,2.3882989997768616,True,True,True
171,1,Ob1.txt,28,0.011785350060851435,0.15163310882956238,0.29190376908210897,-0.1402706602525466,0.7,12.8662371543173,False,0.0946904422992751,0.28995177173751063,-0.19526132943823554,0.8,8.034588859080031,False,False,False
171,2,Ob2.txt,43,0.1057442714491911,0.3185005268507165,0.17917799769789544,0.13932252915282106,0.25,3.0119884745128,True,0.30870654694540817,0.2593088945516434,0.04939765239376476,0.375,2.9193689900614435,False,False,True
171,3,Ob3.txt,40,0.08774839995056491,0.04050884028200126,0.30112140814062804,-0.2606125678586268,0.95,0.46164762325948794,False,0.09104500833504975,0.2430500900077661,-0.15200508167271634,0.825,1.037568871755406,False,False,False
171,4,Ob4.txt,58,0.5376028086274315,0.009374484391376198,0.30790712229593387,-0.29853263790455764,0.95,0.017437565877511784,False,0.5422496559786409,0.27981666070017963,0.2624329952784613,0.175,1.0086436441116695,True,False,True
171,5,Ob5.txt,93,0.2808336711511881,0.2132574706778907,0.19881545634533473,0.014442014332555958,0.425,0.7593728693703631,False,0.07307941222902636,0.15962400937375293,-0.08654459714472656,0.725,0.2602231133092432,False,False,False
171,6,Ob6.txt,112,0.18858726010749685,0.41972740058805297,0.17465289596420452,0.24507450462384844,0.125,2.225640270444587,True,0.5143258244836405,0.1268819492921519,0.3874438751914886,0.05,2.7272564657361746,True,True,True
171,7,Ob7.txt,33,0.039233651400512715,0.5004315847304448,0.3880252447014175,0.11240634002902727,0.35,12.755162134205664,True,0.5874238400133319,0.2670519951760102,0.32037184483732173,0.125,14.972448881106573,True,True,True
171,8,Ob8.txt,84,0.6394110121508574,0.2504526493395076,0.18404257242762023,0.06641007691188738,0.25,0.39169273687832246,True,0.15690492489877533,0.2718137248885412,-0.11490879998976589,0.775,0.2453897757734527,False,False,True
171,9,Ob9.txt,37,0.43034402596880955,0.28767432352803146,0.20631783241524942,0.08135649111278204,0.35,0.6684752341580815,True,0.09171115596676971,0.24938320934486952,-0.1576720533780998,0.8,0.2131112561869669,False,False,True
171,10,Ob10.txt,36,0.4537620420513677,0.5229178548543366,0.20447142627652626,0.31844642857781036,0.05,1.1524054601181035,True,0.04530197341277087,0.24405941505989726,-0.1987574416471264,0.85,0.09983641030873733,False,False,True
171,11,Ob11.txt,119,0.28894194832668274,0.34883130168413307,0.1899019479021316,0.15892935378200146,0.175,1.2072712311392682,True,0.40199312961142375,0.1661980225735016,0.23579510703792214,0.1,1.3912591506336884,True,True,True
171,12,Ob12.txt,91,0.09858179693798788,0.3544455536861371,0.28030785675225217,0.07413769693388494,0.325,3.5954462658973276,True,0.1876605365605599,0.34757104167103164,-0.15991050511047175,0.65,1.903602311881232,False,False,True
171,13,Ob13.txt,102,0.3754943084083898,0.6829572502068469,0.030973812106601883,0.6519834381002451,0.0,1.8188218434034389,True,0.795053914813834,0.0,0.795053914813834,0.0,2.1173527720934953,True,True,True
171,14,Ob14.txt,47,0.1933071648568584,0.06139108536508932,0.28164786498832295,-0.22025677962323365,0.9,0.3175830829165006,False,0.25628915595809904,0.1715272571145764,0.08476189884352264,0.35,1.325813019646106,True,False,True
171,15,Ob15.txt,96,0.32579619181551756,0.058650338839522906,0.2162942918110689,-0.157643952971546,0.875,0.18002156045069342,False,0.2431289267959662,0.3213488491867065,-0.07821992239074027,0.575,0.7462608001680947,False,False,False
171,16,Ob16.txt,84,0.3299544484092511,0.2050207072880312,0.23178299410137732,-0.02676228681334611,0.575,0.6213606401624829,False,0.5209380501631528,0.1672784720847531,0.35365957807839965,0.075,1.5788180843587831,True,False,True
171,17,Ob17.txt,122,0.10878509119279167,0.11449265895362265,0.17735720393872612,-0.06286454498510347,0.65,1.052466451958163,False,0.06684846932711963,0.15340950251873103,-0.0865610331916114,0.675,0.6145002830272863,False,False,False
171,18,Ob18.txt,103,0.05207204937122256,0.20493465105505562,0.3137985314091061,-0.10886388035405045,0.675,3.935597955710805,False,0.3005773678631853,0.1369318126647674,0.1636455551984179,0.075,5.772336051542045,True,False,True
171,19,Ob19.txt,143,0.0693044705073305,0.23615831489039324,0.29964047571607955,-0.0634821608256863,0.575,3.407548072464015,False,0.23518190508171413,0.21896142036610977,0.01622048471560436,0.425,3.393459373689874,False,False,False
172,1,Ob1.txt,28,0.1974549981504436,0.19235779143746148,0.3559839955810905,-0.16362620414362902,0.65,0.9741854763833404,False,0.22238744391223284,0.33789045024655273,-0.1155030063343199,0.625,1.1262690030403428,False,False,False
172,2,Ob2.txt,43,0.7187568130630237,0.2181952961265125,0.18178210881886372,0.03641318730764878,0.45,0.30357318659236165,False,0.02185154134053527,0.18956591367503584,-0.16771437233450057,0.95,0.030401856293248423,False,False,False
172,3,Ob3.txt,40,0.3401392370255632,0.09599420325567387,0.34493788792315416,-0.2489436846674803,0.825,0.2822203168770541,False,0.1266279183513262,0.29512835321188996,-0.16850043486056376,0.75,0.372282596558566,False,False,False
172,4,Ob4.txt,58,0.4199324811826505,0.14297714257356542,0.21766555136507904,-0.07468840879151362,0.65,0.34047650272467783,False,0.4330755136351232,0.2575246391965245,0.17555087443859868,0.275,1.0312979658431236,True,False,True
172,5,Ob5.txt,93,0.598483280446874,0.1127709446886499,0.17352665382169227,-0.060755709133042374,0.725,0.18842789493542136,False,0.02974541499429506,0.24499308151872518,-0.21524766652443011,0.875,0.0497013299554247,False,False,False
172,6,Ob6.txt,112,0.6132913977981267,0.12681539930055408,0.18199383017267454,-0.05517843087212046,0.575,0.20677837608003938,False,0.29884468980110407,0.20313805406444863,0.09570663573665544,0.4,0.4872800937271142,False,False,False
172,7,Ob7.txt,33,0.16889601408867333,0.18973463019251396,0.2453302743147462,-0.055595644122232224,0.675,1.1233813374239845,False,0.38693594395510755,0.4189737468298312,-0.03203780287472363,0.6,2.2909714361403433,False,False,False
172,8,Ob8.txt,84,0.1542115668475533,0.48490264571311015,0.18342734351627557,0.3014753021968346,0.0,3.144398670123515,True,0.2979087770347355,0.19330720269953228,0.10460157433520323,0.325,1.9318186250531706,True,True,True
172,9,Ob9.txt,37,0.09198612394906265,0.10200322117482725,0.1820707140055774,-0.08006749283075014,0.775,1.1088979162912829,False,0.43949275596548615,0.24787511161238882,0.19161764435309733,0.2,4.7778157954438365,True,False,True
172,10,Ob10.txt,36,0.029809878302711756,0.08962128900176895,0.36196002181535547,-0.2723387328135865,0.9,3.0064292142251468,False,0.20283105586544184,0.2209673146685597,-0.018136258803117866,0.525,6.804155783721889,False,False,False
172,11,Ob11.txt,119,0.10969031282810385,0.06664807655100073,0.12629406939784504,-0.05964599284684431,0.8,0.6076022105565987,False,0.09078302168585001,0.16209581336321965,-0.07131279167736965,0.825,0.8276302559927645,False,False,False
172,12,Ob12.txt,91,0.1489706455924834,0.10523740756931689,0.20750099292977087,-0.10226358536045398,0.7,0.7064304994502006,False,0.35959513657083175,0.29189520734006,0.06769992923077173,0.35,2.4138657326794575,True,False,True
172,13,Ob13.txt,102,0.04096923961868548,0.2656961753541581,0.18316555243610755,0.08253062291805058,0.325,6.485260108000099,True,0.26610116550529245,0.16325616315760383,0.10284500234768862,0.3,6.4951453329860565,True,True,True
172,14,Ob14.txt,47,0.33456854421950516,0.089288707041068,0.20848267880139093,-0.11919397176032293,0.8,0.2668771723575038,False,0.10669913439772516,0.24234932710786233,-0.13565019271013717,0.8,0.31891561905987653,False,False,False
172,15,Ob15.txt,96,0.6143386602931977,0.23195248594519843,0.17687140806208107,0.05508107788311736,0.325,0.3775645274131004,True,0.25867148630165665,0.07023836286558661,0.18843312343607005,0.05,0.4210568258527044,True,True,True
172,16,Ob16.txt,84,0.08698099999255435,0.21198680940263614,0.26018046280528034,-0.0481936534026442,0.55,2.4371622471664205,False,0.14680019580316425,0.1927067249598542,-0.04590652915668994,0.575,1.6877271566862933,False,False,False
172,17,Ob17.txt,122,0.07515026545463854,0.25085064575503685,0.152635337037281,0.09821530871775586,0.275,3.3379874873023945,True,0.691213232994033,0.20845276207036745,0.4827604709236656,0.0,9.197748388676768,True,True,True
172,18,Ob18.txt,103,0.24084465886431536,0.5763215385675224,0.0,0.5763215385675224,0.0,2.392918079583424,True,0.6103616890432288,0.0,0.6103616890432288,0.025,2.534254618397364,True,True,True
172,19,Ob19.txt,143,0.3303638383324718,0.4302221619652087,0.20137115369086983,0.22885100827433885,0.05,1.3022677183337523,True,0.4626850112084343,0.09979147190844168,0.36289353929999263,0.0,1.4005316488144113,True,True,True
173,1,Ob1.txt,28,0.005012347860136879,0.057234173624515966,0.2411944064368931,-0.18396023281237714,0.8,11.418635581879386,False,0.2160746840222025,0.21838271941269044,-0.0023080353904879336,0.525,43.108477314721306,False,False,False
173,2,Ob2.txt,43,0.2765064837585406,0.015278888335007637,0.29473255043326074,-0.2794536620982531,1.0,0.05525688991926111,False,0.3256258836875844,0.2735775685455245,0.052048315142059876,0.425,1.1776428504003449,False,False,False
173,3,Ob3.txt,40,0.8694946446835982,0.18842232086481658,0.2159525520037548,-0.02753023113893821,0.55,0.21670325633044227,False,0.4740499918700948,0.22643698823588,0.2476130036342148,0.1,0.5452017384679783,True,False,True
173,4,Ob4.txt,58,0.01579539731262755,0.20740859964741465,0.2544310275415056,-0.047022427894090946,0.575,13.130951728678763,False,0.17293500494374003,0.2812097131392238,-0.1082747081954838,0.625,10.948442860977483,False,False,False
173,5,Ob5.txt,93,0.25328610248926886,0.2556763956103943,0.1710371832566223,0.084639212353772,0.325,1.0094371270181581,True,0.36288445918899515,0.15046610308201916,0.212418356106976,0.175,1.4327057648351225,True,True,True
173,6,Ob6.txt,112,0.16644643776391482,0.0013272560395493072,0.2632537936764644,-0.2619265376369151,1.0,0.007974072965333555,False,0.18235255905217476,0.269340078078649,-0.08698751902647425,0.6,1.0955630021401896,False,False,False
173,7,Ob7.txt,33,0.22314499166218713,0.1501130295088742,0.30534739353086043,-0.15523436402198623,0.725,0.6727152081285609,False,0.07211227979736025,0.3075468173543731,-0.23543453755701288,0.85,0.32316333546275144,False,False,False
173,8,Ob8.txt,84,0.13834398574494022,0.043573908211090646,0.11001003183726324,-0.0664361236261726,0.625,0.31496785332920996,False,0.053278144496142946,0.23095853520447845,-0.17768039070833552,0.775,0.3851135574073305,False,False,False
173,9,Ob9.txt,37,0.1394983499107241,0.040418659270862634,0.30103728564846055,-0.2606186263775979,0.95,0.28974292023331955,False,0.002700572326266415,0.22206108553116471,-0.2193605132048983,1.0,0.01935917039875183,False,False,False
173,10,Ob10.txt,36,0.5075885122069286,0.19918176722720132,0.3041459532846119,-0.10496418605741059,0.625,0.392407949425776,False,0.04994913655604375,0.2374481032496769,-0.18749896669363317,0.825,0.09840478134320146,False,False,False
173,11,Ob11.txt,119,0.23927074449898622,0.6389906864750632,0.16989216327869006,0.46909852319637313,0.0,2.67057591103776,True,0.5410577191668877,0.14076896543862374,0.400288753728264,0.05,2.261278203065817,True,True,True
173,12,Ob12.txt,91,0.5980516569758365,0.3372001674028695,0.3324215506508853,0.00477861675198421,0.475,0.5638311732267195,False,0.36995885136287543,0.3364350180390725,0.03352383332380293,0.45,0.6186068495046794,False,False,False
173,13,Ob13.txt,102,0.13793651095407378,0.10423956368536547,0.2215898242528777,-0.11735026056751224,0.7,0.755706831819693,False,0.18295494089746137,0.20151453133134858,-0.01855959043388722,0.55,1.3263706587328177,False,False,False
173,14,Ob14.txt,47,0.1882113230642282,0.0992792645063858,0.19107080522481912,-0.09179154071843332,0.8,0.527488266327665,False,0.3356269119899914,0.2601679293165731,0.07545898267341827,0.35,1.7832450594667824,True,False,True
173,15,Ob15.txt,96,0.24164365507073704,0.46054001841892794,0.1880700622857689,0.27246995613315905,0.175,1.9058643119932643,True,0.3350474046122116,0.255412302971726,0.0796351016404856,0.425,1.386535079988474,False,False,True
173,16,Ob16.txt,84,0.5052933142680636,0.14135878799115037,0.188062913985663,-0.046704125994512624,0.65,0.27975590414433626,False,0.16216394104308657,0.19346551424687997,-0.0313015732037934,0.6,0.3209303120861339,False,False,False
173,17,Ob17.txt,122,0.11727295947407718,0.0809574633383392,0.1331158672691899,-0.052158403930850694,0.675,0.6903335918305583,False,0.08853953854026456,0.11516772479578292,-0.02662818625551837,0.575,0.7549868182514482,False,False,False
173,18,Ob18.txt,103,0.5642406752064368,0.04028181991239563,0.2046481680180915,-0.16436634810569586,0.85,0.0713912018087988,False,0.0993927790270632,0.1980108030643536,-0.09861802403729039,0.85,0.17615316192987807,False,False,False
173,19,Ob19.txt,143,0.034292618867364455,0.1802187724427938,0.17831050949578575,0.0019082629470080492,0.5,5.255322526979826,False,0.024224625203541433,0.13735418984514197,-0.11312956464160054,0.95,0.7064093091646461,False,False,False
174,1,Ob1.txt,28,0.3274485934866646,0.4008346871240693,0.1811895114231033,0.21964517570096598,0.125,1.224114853742358,True,0.30530764526592563,0.19023137892482522,0.11507626634110041,0.275,0.9323834377024415,True,True,True
174,2,Ob2.txt,43,0.5472873780194014,0.10127401965600757,0.18444077037933368,-0.0831667507233261,0.85,0.1850472415835934,False,0.1637547157335432,0.26862297468379226,-0.10486825895024907,0.675,0.2992115702104463,False,False,False
174,3,Ob3.txt,40,1.1828054105621049,0.5659057146700547,0.2505469032011852,0.31535881146886946,0.075,0.47844363038643795,True,0.504862093954219,0.2359239860011645,0.2689381079530545,0.2,0.42683444753122435,True,True,True
174,4,Ob4.txt,58,0.3782325916104221,0.47236668311646246,0.18385533134144413,0.2885113517750183,0.1,1.2488788475504988,True,0.32746266330572593,0.20343510419297275,0.12402755911275318,0.175,0.8657706146143298,True,True,True
174,5,Ob5.txt,93,0.044141596973438,0.1468866573734237,0.20467242833828295,-0.057785770964859234,0.625,3.3276244505112054,False,0.1502786905267115,0.2007808618139004,-0.050502171287188896,0.675,3.404468819221493,False,False,False
174,6,Ob6.txt,112,0.11969750087360756,0.1046627297690449,0.18967789331011636,-0.08501516354107147,0.725,0.8743936089322503,False,0.12450346990344666,0.22464874978625374,-0.10014527988280708,0.7,1.0401509554899886,False,False,False
174,7,Ob7.txt,33,0.7334055707024145,0.00473380327297257,0.3128273087567186,-0.30809350548374603,1.0,0.006454550472583403,False,0.2537572409395566,0.24003910916013516,0.013718131779421439,0.475,0.34599851852300795,False,False,False
174,8,Ob8.txt,84,0.014499929863465544,0.053245005933605635,0.19217837872893123,-0.13893337279532558,0.9,3.672087136625629,False,0.3152168417082701,0.23979411512221632,0.07542272658605376,0.325,21.73919768415569,True,False,True
174,9,Ob9.txt,37,0.20988449321584568,0.2351224358566799,0.2933591166424625,-0.05823668078578259,0.625,1.1202468188770833,False,0.02047349989634681,0.2837327323047919,-0.26325923240844507,0.9,0.09754651038126869,False,False,False
174,10,Ob10.txt,36,0.10513403047119489,0.36810547466716026,0.14359888119463943,0.22450659347252083,0.3,3.5012970873214595,True,0.21609160764003477,0.21094414256477487,0.005147465075259899,0.45,2.0553916431391883,False,False,True
174,11,Ob11.txt,119,0.4183920880676146,0.04696841328887438,0.19954474478803733,-0.15257633149916294,0.85,0.112259324753971,False,0.4327170886127476,0.2144451706134387,0.2182719179993089,0.15,1.0342382204484182,True,False,True
174,12,Ob12.txt,91,0.2950309930729984,0.056197452526282665,0.23525981316716968,-0.179062360640887,0.875,0.19047982702067487,False,0.14515976933242308,0.2123138064472065,-0.0671540371147834,0.7,0.4920153229342476,False,False,False
174,13,Ob13.txt,102,0.20217821707282796,0.24749476056693295,0.4591557917887199,-0.21166103122178695,0.7,1.2241415724710898,False,0.17128850207684598,0.443451382219274,-0.272162880142428,0.9,0.8472154149778905,False,False,False
174,14,Ob14.txt,47,0.1013008788408219,0.21873124212641648,0.2527242201893286,-0.03399297806291213,0.625,2.1592235391177366,False,0.08143510415357023,0.30974360465029094,-0.2283085004967207,0.875,0.8038933628752861,False,False,False
174,15,Ob15.txt,96,0.38080694020421646,0.48189429050789384,0.14909962431590956,0.3327946661919843,0.025,1.265455640723005,True,0.44396774365319225,0.13006364880256233,0.3139040948506299,0.175,1.1658604315748666,True,True,True
174,16,Ob16.txt,84,0.556940739234157,0.2993202134192344,0.17170509265435835,0.12761512076487608,0.35,0.5374363775773098,True,0.30048863699083206,0.24811971374809622,0.05236892324273584,0.4,0.5395343091691059,False,False,True
174,17,Ob17.txt,122,0.28310374043958286,0.09252947871864015,0.18473402910941877,-0.09220455039077863,0.725,0.3268394779064632,False,0.37528725234510385,0.20370082760538386,0.17158642473972,0.225,1.325617428305204,True,False,True
174,18,Ob18.txt,103,0.15639636050655836,0.06601312202687876,0.0,0.06601312202687876,0.0,0.4220886075166087,True,0.16884263738352365,0.0,0.16884263738352365,0.0,1.0795816273259335,True,True,True
174,19,Ob19.txt,143,0.21000620859725777,0.01992426257975799,0.23977344294527042,-0.21984918036551243,0.9,0.0948746359112078,False,0.0197847933130745,0.06956323219263419,-0.04977843887955969,0.85,0.09421051618058136,False,False,False
175,1,Ob1.txt,28,0.1597499615311151,0.6968083088453929,0.23809914079955458,0.45870916804583833,0.1,4.361868398382512,True,0.140195093268369,0.18014074077340334,-0.03994564750503435,0.525,0.8775907795199229,False,False,True
175,2,Ob2.txt,43,0.3634568434646397,0.30169693926794994,0.1960850011840229,0.10561193808392705,0.35,0.8300763754839072,True,0.10424641893930511,0.19849613356050105,-0.09424971462119594,0.75,0.286819249145455,False,False,True
175,3,Ob3.txt,40,0.10690019438607501,0.2463941607028517,0.2470178881624442,-0.0006237274595924935,0.5,2.304899089453362,False,0.12840808503334192,0.2524673456919938,-0.12405926065865189,0.775,1.2011959919323454,False,False,False
175,4,Ob4.txt,58,0.3929517619347511,0.25565842238871533,0.23360047034355239,0.02205795204516295,0.475,0.6506101948237782,False,0.1488644457870187,0.27010365941622605,-0.12123921362920734,0.75,0.37883643797412814,False,False,False
175,5,Ob5.txt,93,0.4365053685715409,0.4568752438235663,0.1855727721443114,0.2713024716792549,0.05,1.046665806926237,True,0.5549433645295152,0.16535037498334967,0.3895929895461655,0.1,1.2713322778722318,True,True,True
175,6,Ob6.txt,112,0.18152530732728417,0.07550390632523538,0.13235759518501028,-0.056853688859774903,0.6,0.41594148737125847,False,0.016539713485168764,0.16849009442320872,-0.15195038093803998,0.925,0.09111519340577787,False,False,False
175,7,Ob7.txt,33,0.6584721965106684,1.2969842527736752,0.3466678417741599,0.9503164109995154,0.0,1.9696871935467695,True,0.49551766563739685,0.2676636540116504,0.22785401162574648,0.25,0.7525263302888273,True,True,True
175,8,Ob8.txt,84,0.5173137258004514,0.11814690569706351,0.2079648287393862,-0.0898179230423227,0.7,0.22838540677468414,False,0.07891081548924242,0.26799933631311257,-0.18908852082387015,0.75,0.15253957425378942,False,False,False
175,9,Ob9.txt,37,0.45359317285010653,0.04980969413759806,0.17392250978062263,-0.12411281564302457,0.775,0.1098113841189979,False,9.546464458065618e-05,0.25479780267066143,-0.2547023380260808,0.975,0.00021046314251339763,False,False,False
175,10,Ob10.txt,36,0.6378429128423626,0.3417544165054275,0.29234775183024364,0.04940666467518384,0.475,0.5357971525974909,False,0.08609849689671804,0.24114833222437865,-0.1550498353276606,0.875,0.1349838575661913,False,False,False
175,11,Ob11.txt,119,0.2155765253127751,0.21099291682936427,0.25142774422558956,-0.04043482739622528,0.65,0.9787379053597762,False,0.2411916725401014,0.24958018564033185,-0.00838851310023045,0.5,1.1188215979924616,False,False,False
175,12,Ob12.txt,91,0.17005867721318357,0.2951302347427635,0.1643897027250358,0.1307405320177277,0.2,1.7354611924494254,True,0.15751881797026546,0.15358463686393264,0.0039341811063328125,0.475,0.9262615736614351,False,False,True
175,13,Ob13.txt,102,0.30263650706425055,0.016485630330305368,0.2086564902307618,-0.19217085990045643,1.0,0.05447336968770071,False,0.0912834431579938,0.21030900602072367,-0.11902556286272986,0.875,0.30162733519328544,False,False,False
175,14,Ob14.txt,47,0.06537032272916715,0.23192879458140414,0.15888321508178577,0.07304557949961837,0.35,3.547921822908813,True,0.22857035270101594,0.19512005837111596,0.03345029432989999,0.4,3.4965461872965733,False,False,True
175,15,Ob15.txt,96,0.553845766961043,0.1323063194759536,0.26617859958367585,-0.13387228010772226,0.725,0.23888657703735755,False,0.20049492352142834,0.16217295294700448,0.03832197057442385,0.45,0.3620049759006842,False,False,False
175,16,Ob16.txt,84,0.463986470093463,0.6086704742302855,0.3273691014691309,0.28130137276115463,0.15,1.3118280671151428,True,0.43828463235342946,0.1880344301861705,0.25025020216725896,0.175,0.9446064930840412,True,True,True
175,17,Ob17.txt,122,0.17928499550691407,0.09305690309833214,0.20635900457705278,-0.11330210147872063,0.825,0.5190445683154976,False,0.3076005387662234,0.15847949324144184,0.14912104552478156,0.275,1.7157070947097794,True,False,True
175,18,Ob18.txt,103,0.05110644729464671,0.03660042099292157,0.0,0.03660042099292157,0.075,0.716160541974425,True,0.29805711100009763,0.0,0.29805711100009763,0.0,5.832084341173104,True,True,True
175,19,Ob19.txt,143,0.47471855902013543,0.34190838189811007,0.1870959599405538,0.15481242195755626,0.25,0.7202338636261487,True,0.20985076997329236,0.12808494758486977,0.08176582238842259,0.15,0.4420530143301,True,True,True
176,1,Ob1.txt,28,0.3135871913680426,0.01564169325611081,0.3178083448524995,-0.30216665159638867,0.975,0.049879885679874246,False,0.37976926357797747,0.2237064206543172,0.15606284292366027,0.275,1.2110483911068297,True,False,True
176,2,Ob2.txt,43,0.5886497262927213,0.0006169082713803342,0.2789762131842026,-0.2783593049128223,1.0,0.0010480057049641108,False,0.04354860163334173,0.19844382950155492,-0.1548952278682132,0.95,0.07398050094681614,False,False,False
176,3,Ob3.txt,40,0.41696699471274024,0.06829321205777461,0.19413138282422668,-0.12583817076645207,0.8,0.16378565431737263,False,0.2787130450578233,0.15718515602159686,0.12152788903622644,0.2,0.6684295126280587,True,False,True
176,4,Ob4.txt,58,0.5633381585861486,0.47352247802195313,0.26318003071232277,0.21034244730963036,0.15,0.8405652462996427,True,0.37298723588834265,0.3360416341685799,0.036945601719762744,0.4,0.6621018480701828,False,False,True
176,5,Ob5.txt,93,0.02470504059190126,0.006792602338895837,0.18614350404393037,-0.17935090170503454,1.0,0.2749480339296657,False,0.1040710002690815,0.13350059025097305,-0.029429589981891546,0.6,4.21254115660906,False,False,False
176,6,Ob6.txt,112,0.07534949396271316,0.23172142201688073,0.1477816087480941,0.08393981326878663,0.35,3.0752883640008055,True,7.041816661446099e-05,0.16132595024201773,-0.16125553207540327,1.0,0.000934553942051788,False,False,True
176,7,Ob7.txt,33,0.3887620323282188,0.6392296222497876,0.25685574757505214,0.3823738746747355,0.125,1.6442696793757559,True,0.7667834958598754,0.3184524478114418,0.4483310480484336,0.075,1.9723723823228334,True,True,True
176,8,Ob8.txt,84,0.16427986240821188,0.0619743692510224,0.13862007296588347,-0.07664570371486107,0.775,0.3772487287396491,False,0.22816872227547746,0.2228454810597037,0.005323241215773766,0.5,1.3889025649930904,False,False,False
176,9,Ob9.txt,37,0.4343540003357099,0.06288939303961094,0.30168971116227755,-0.2388003181226666,0.875,0.14478833622115617,False,0.26679820178254543,0.2491362049933656,0.017661996789179818,0.5,0.6142413827807238,False,False,False
176,10,Ob10.txt,36,0.1127944372243316,0.023266331938847307,0.2407374065945216,-0.2174710746556743,0.975,0.2062719803510698,False,0.5132693439354499,0.23143825722510047,0.2818310867103494,0.15,4.550484550178945,True,False,True
176,11,Ob11.txt,119,0.17524972859423119,0.2795408887498396,0.2426161861671859,0.036924702582653735,0.425,1.5951002663010199,False,0.08452166735161065,0.19914611345791988,-0.11462444610630923,0.8,0.48229271468551027,False,False,False
176,12,Ob12.txt,91,0.3723272697093212,0.11025764533849039,0.3390618344743416,-0.22880418913585118,0.825,0.2961309963263486,False,0.14002379792677289,0.19862392225674055,-0.05860012432996767,0.65,0.3760772022852115,False,False,False
176,13,Ob13.txt,102,0.1822087692189605,0.10555620274008243,0.1943584129195562,-0.08880221017947376,0.75,0.5793146136300136,False,0.3666012400084355,0.16454878105095536,0.20205245895748017,0.15,2.011984612924367,True,False,True
176,14,Ob14.txt,47,0.02148993541403038,0.3429044246079762,0.2594236131968652,0.08348081141111102,0.35,15.956512572117841,True,0.22817630553261808,0.2550106316490578,-0.02683432611643971,0.6,10.617821837828606,False,False,True
176,15,Ob15.txt,96,0.21876450701315417,0.19572798482691656,0.238778346086146,-0.04305036125922945,0.575,0.8946971677409606,False,0.04323580130887557,0.22069810578430954,-0.17746230447543399,0.9,0.19763627061439096,False,False,False
176,16,Ob16.txt,84,0.029030034690341266,0.27020679149669036,0.22638199217010568,0.043824799326584674,0.4,9.307835639155893,False,0.11574818151788813,0.19462339601277956,-0.07887521449489143,0.675,3.9871871581469143,False,False,False
176,17,Ob17.txt,122,0.22932071658435133,0.10283335179173314,0.21264741773978785,-0.1098140659480547,0.75,0.44842591338191556,False,0.025855543334741826,0.22740300860213553,-0.2015474652673937,0.925,0.11274839761470634,False,False,False
176,18,Ob18.txt,103,0.062006892713538514,0.2374139504165826,0.25199514097887543,-0.014581190562292845,0.575,3.828831602857369,False,0.21230300300071175,0.11784310672789433,0.09445989627281742,0.325,3.4238613436334595,True,False,True
176,19,Ob19.txt,143,0.03831134129080577,0.13758248673449602,0.29539038622768177,-0.15780789949318574,0.75,3.5911686226322246,False,0.021872829141118225,0.3156319074614516,-0.2937590783203334,0.975,0.5709230845010228,False,False,False
177,1,Ob1.txt,28,0.9708890057952048,0.03874799212991216,0.20593011990870752,-0.16718212777879538,0.925,0.039909806268921225,False,0.2790277919595548,0.24586400792966343,0.03316378402989137,0.45,0.2873941205369996,False,False,False
177,2,Ob2.txt,43,0.12052877197164957,0.32953345719566374,0.22206825446460737,0.10746520273105636,0.3,2.7340646702446754,True,0.5290324969359275,0.13568636979382828,0.39334612714209916,0.05,4.38926314673118,True,True,True
177,3,Ob3.txt,40,0.3253653996388863,0.27273843028628103,0.30895691484664134,-0.03621848456036031,0.525,0.8382527170651384,False,0.05537060891234516,0.3118387595528905,-0.2564681506405453,0.9,0.17017977011015742,False,False,False
177,4,Ob4.txt,58,0.1922415688902573,0.36474570610132206,0.23249796484445612,0.13224774125686595,0.225,1.8973300530518462,True,0.30251115025092046,0.2911351055269691,0.011376044723951373,0.5,1.573599050388584,False,False,True
177,5,Ob5.txt,93,0.1854967249941765,0.06599098524257693,0.17615860430932082,-0.11016761906674388,0.875,0.3557528319955442,False,0.07290572324280173,0.17618606017715957,-0.10328033693435784,0.825,0.39302970575405327,False,False,False
177,6,Ob6.txt,112,0.5806268286489769,0.23818317578163,0.2674596749708974,-0.02927649918926739,0.6,0.41021731003343936,False,0.40465404314989395,0.2997116909404517,0.10494235220944226,0.2,0.6969261893933791,True,False,True
177,7,Ob7.txt,33,0.0891610411750236,0.4623553196808471,0.3028847996887476,0.1594705199920995,0.2,5.185620463687061,True,0.07377951175875808,0.2839692137702585,-0.21018970201150045,0.925,0.8274859825148126,False,False,True
177,8,Ob8.txt,84,0.48528971884537364,0.5537240823955152,0.2799834631993317,0.2737406191961835,0.025,1.1410175424959839,True,0.5900167990484988,0.28863487627766116,0.30138192277083764,0.075,1.2158032122590547,True,True,True
177,9,Ob9.txt,37,0.6964502890927838,0.8648705437600824,0.3366766351994812,0.5281939085606012,0.025,1.2418266706252468,True,1.0216643837367476,0.27597166783589144,0.7456927159008562,0.0,1.4669595227932162,True,True,True
177,10,Ob10.txt,36,0.009909566501792672,0.06852368955902652,0.27826054491594354,-0.20973685535691702,0.85,6.91490284127266,False,0.01963989092256993,0.25308799335420556,-0.23344810243163563,0.925,1.9819122177561463,False,False,False
177,11,Ob11.txt,119,0.3677683089277501,0.3242814442945707,0.21567508049823658,0.1086063637963341,0.25,0.8817547255227948,True,0.4723862353968891,0.22503122140179233,0.2473550139950968,0.15,1.2844669427177091,True,True,True
177,12,Ob12.txt,91,0.18211964887790835,0.09209209887710579,0.20569164204884488,-0.11359954317173909,0.775,0.5056681112911855,False,0.5727026553042656,0.25311238369884886,0.3195902716054167,0.125,3.144650557108207,True,False,True
177,13,Ob13.txt,102,0.07308293564222904,0.07824631680411037,0.38634786741491567,-0.3081015506108053,0.875,1.0706509818811631,False,0.2860800862269379,0.13434853120543944,0.1517315550214985,0.3,3.914458056630584,True,False,True
177,14,Ob14.txt,47,0.1708595077008782,0.3082828146418117,0.21480073304303318,0.0934820815987785,0.375,1.804305881423461,False,0.07685362004261406,0.25223855002628603,-0.17538492998367197,0.85,0.449805931649767,False,False,False
177,15,Ob15.txt,96,0.2876615589373184,0.003961656503717964,0.20182019258197317,-0.1978585360782552,0.975,0.013771935737097257,False,0.3361394724633327,0.0950441703765261,0.2410953020868066,0.1,1.168524128510955,True,False,True
177,16,Ob16.txt,84,0.4493174606624151,0.3287338575947132,0.21133307138086796,0.11740078621384523,0.225,0.7316293854017398,True,0.372204415827062,0.2540708388585208,0.11813357696854121,0.375,0.8283773688169881,False,False,True
177,17,Ob17.txt,122,0.34115577008029163,0.0915184726685965,0.16955153222491356,-0.07803305955631706,0.75,0.2682600755867546,False,0.02643558344769381,0.16614339949980278,-0.13970781605210897,0.825,0.07748830817509593,False,False,False
177,18,Ob18.txt,103,0.3179640894034609,0.1744854308678412,0.5695320306008553,-0.39504659973301415,0.575,0.5487582927845626,False,0.2281345762524581,0.3431644794888662,-0.1150299032364081,0.625,0.7174853508786674,False,False,False
177,19,Ob19.txt,143,0.2996801150275814,0.11035066967784317,0.1157510354938836,-0.005400365816040434,0.525,0.3682282011527088,False,0.0608226661033181,0.15003509474962543,-0.08921242864630732,0.825,0.20295863173210613,False,False,False
178,1,Ob1.txt,28,0.45379581722043527,0.5110272645479654,0.22544223540626157,0.28558502914170386,0.25,1.1261171768353464,True,0.5014239658307056,0.2607517144249014,0.24067225140580417,0.275,1.104955018981884,True,True,True
178,2,Ob2.txt,43,0.4708095706823616,0.07835714148272788,0.17752255319901075,-0.09916541171628288,0.75,0.16643064704305394,False,0.3149457606938983,0.21816179563295907,0.09678396506093923,0.225,0.6689451113694138,True,False,True
178,3,Ob3.txt,40,0.0717055325469558,0.6304926085095958,0.33213727847073304,0.2983553300388627,0.15,8.792802816110774,True,0.5511125953085724,0.24497861171398938,0.306133983594583,0.125,7.685775082245999,True,True,True
178,4,Ob4.txt,58,0.09358875457040772,0.146180458530462,0.20274873249126055,-0.056568273960798554,0.65,1.5619446930505847,False,0.02380759195500308,0.1511692090125188,-0.1273616170575157,0.85,0.25438517762401036,False,False,False
178,5,Ob5.txt,93,0.20365021002058806,0.3207800318990059,0.1955942566606087,0.1251857752383972,0.175,1.5751519817562505,True,0.16323727796012394,0.20039702396788087,-0.03715974600775693,0.6,0.8015571304523645,False,False,True
178,6,Ob6.txt,112,0.4456615307987726,0.3069156186685461,0.2563024770870981,0.05061314158144803,0.35,0.6886742459427718,True,0.3075220689588889,0.19186884204280968,0.11565322691607921,0.225,0.6900350326574246,True,True,True
178,7,Ob7.txt,33,0.17000754987894168,0.043871242187954684,0.2637930628892586,-0.2199218207013039,0.975,0.25805467003785626,False,0.6268516777330333,0.3091113165161502,0.3177403612168831,0.1,3.6871990578030176,True,False,True
178,8,Ob8.txt,84,0.5870624187132316,0.6083339209732866,0.1453789493977787,0.4629549715755079,0.0,1.036233799987878,True,0.6780695069561562,0.18002678583904586,0.49804272111711034,0.0,1.155021144842487,True,True,True
178,9,Ob9.txt,37,0.2912037394358865,0.06368453833213156,0.3274762791170956,-0.26379174078496403,0.9,0.218694095259559,False,0.028243587749658183,0.32918135252997105,-0.30093776478031287,1.0,0.09698909706438194,False,False,False
178,10,Ob10.txt,36,0.3711287319930954,0.6006272026525286,0.22107912608874242,0.37954807656378614,0.1,1.6183796911302002,True,0.9041225417796646,0.17535931818094352,0.728763223598721,0.0,2.43614267460296,True,True,True
178,11,Ob11.txt,119,0.4845017553831521,0.4131343407239796,0.1520899221545619,0.2610444185694177,0.075,0.8526993682350357,True,0.5920377997079556,0.15030399378812972,0.4417338059198258,0.0,1.2219518157158422,True,True,True
178,12,Ob12.txt,91,0.18088146010909145,0.4924046610673405,0.1995881105756631,0.2928165504916774,0.125,2.722250587596795,True,0.31195714807784747,0.1267508775581121,0.18520627051973537,0.25,1.7246496566851182,True,True,True
178,13,Ob13.txt,102,0.23200871921796262,0.16255258202293627,0.2074316220420812,-0.044879040019144945,0.55,0.7006313494202122,False,0.06848600901061563,0.17827268728296444,-0.10978667827234881,0.85,0.29518722072801,False,False,False
178,14,Ob14.txt,47,0.7708350160204984,0.8276088221693925,0.2683123156288545,0.559296506540538,0.025,1.0736523444951862,True,1.175094547809934,0.2179591126240254,0.9571354351859085,0.0,1.5244436531651868,True,True,True
178,15,Ob15.txt,96,0.33956562854979255,0.24509523614752277,0.18472537987321902,0.060369856274303746,0.425,0.7217904744784349,False,0.16628507848425264,0.13118823121242895,0.03509684727182369,0.325,0.4896993821030071,True,False,True
178,16,Ob16.txt,84,0.03615989724624484,0.08020655743778399,0.1575177597818327,-0.0773112023440487,0.775,2.2181080021214203,False,0.31582821712098197,0.11700337258055951,0.19882484454042246,0.15,8.734212239880751,True,False,True
178,17,Ob17.txt,122,0.3173090121170561,0.058430322039305344,0.14991501961649512,-0.09148469757718977,0.8,0.1841432792893706,False,0.07763445581195194,0.14706069102331043,-0.06942623521135849,0.65,0.24466514611098533,False,False,False
178,18,Ob18.txt,103,0.06238960813626887,0.3317883806658912,0.1553522034446999,0.17643617722119131,0.075,5.318007126142104,True,0.38843019533605555,0.1573246617716791,0.23110553356437646,0.0,6.225879708807627,True,True,True
178,19,Ob19.txt,143,0.019643902113999454,0.3171555446988414,0.09262523533578182,0.22453030936305957,0.175,16.14524155426415,True,0.3138750880598024,0.04995128178642652,0.26392380627337586,0.05,15.978245372955493,True,True,True
179,1,Ob1.txt,28,0.4816443405895993,0.442779907762468,0.2998537764894402,0.14292613127302778,0.275,0.9193088560335706,True,0.23809426882855306,0.2737071483203759,-0.035612879491822846,0.575,0.4943362742248621,False,False,True
179,2,Ob2.txt,43,0.7419358543137726,0.10111692230906472,0.20451987012917172,-0.103402947820107,0.8,0.13628795767336147,False,0.073074484794693,0.10116678382841018,-0.028092299033717183,0.55,0.09849164772105624,False,False,False
179,3,Ob3.txt,40,0.10035204532502917,0.0787604438635896,0.29209133561730183,-0.21333089175371223,0.85,0.7848414410338448,False,0.3914096612367448,0.2551218587857868,0.136287802450958,0.325,3.900365557762298,True,False,True
179,4,Ob4.txt,58,0.07501950088861356,0.09895802707894083,0.18384383578213354,-0.0848858087031927,0.8,1.319097380104813,False,0.0035538330669865337,0.21360119607137606,-0.21004736300438953,0.975,0.04737212357974956,False,False,False
179,5,Ob5.txt,93,0.17578323530192042,0.2116390304506496,0.16927651284676376,0.042362517603885846,0.425,1.203977330870855,False,0.04347817639693831,0.20119345187827803,-0.15771527548133973,0.9,0.2473397211188052,False,False,False
179,6,Ob6.txt,112,0.22792178953892805,0.17910744364369574,0.21759088980032615,-0.03848344615663041,0.525,0.7858285248023861,False,0.2057952743747023,0.20059354676016522,0.005201727614537077,0.5,0.9029205798665132,False,False,False
179,7,Ob7.txt,33,0.6085030218135811,0.46308735792025923,0.2020090404331883,0.26107831748707094,0.15,0.761027211565975,True,0.18187347207232454,0.19013977072622723,-0.008266298653902687,0.5,0.298886719625926,False,False,True
179,8,Ob8.txt,84,0.15328965955102702,0.10805894172136807,0.10655143875892177,0.0015075029624462971,0.5,0.7049330139936636,False,0.040355876795920065,0.16817193132214536,-0.1278160545262253,0.825,0.26326548649216885,False,False,False
179,9,Ob9.txt,37,0.5030498599774106,0.6264594934810532,0.30173689749584376,0.3247225959852095,0.175,1.2453228662248,True,0.25620153339353646,0.33249981496454173,-0.07629828157100527,0.575,0.5092965007584759,False,False,True
179,10,Ob10.txt,36,0.03266327337142649,0.03737980767679409,0.2891864304314895,-0.2518066227546954,0.925,1.1443987028407745,False,0.15723426322357487,0.2890569305112334,-0.1318226672876585,0.675,4.813793811649075,False,False,False
179,11,Ob11.txt,119,0.08545754131537817,0.16650481740492257,0.19158158678976817,-0.0250767693848456,0.55,1.9483923225738753,False,0.2592942751457397,0.20081621111638762,0.0584780640293521,0.325,3.0341883367416687,True,False,True
179,12,Ob12.txt,91,0.31424397320633424,0.5335352090710718,0.24943370357525724,0.28410150549581453,0.2,1.6978375229514737,True,0.20430739779098417,0.23411981360436296,-0.02981241581337879,0.55,0.6501553417440877,False,False,True
179,13,Ob13.txt,102,0.17425077690606655,0.044906425958088914,0.014143539911192687,0.030762886046896226,0.0,0.257711482011335,False,0.10907506674177761,0.05429405954332045,0.05478100719845716,0.475,0.6259660282638324,False,False,False
179,14,Ob14.txt,47,0.09897347139335108,0.18884245788098253,0.24592985998169423,-0.0570874021007117,0.575,1.9080108560653026,False,0.10195972940547729,0.32021791562883056,-0.21825818622335327,0.825,1.030172307488922,False,False,False
179,15,Ob15.txt,96,0.0016538329054917866,0.29758196914801616,0.212822212229241,0.08475975691877516,0.325,179.9347250619171,True,0.07382882314421872,0.24900622423178426,-0.17517740108756552,0.825,44.641041364614075,False,False,True
179,16,Ob16.txt,84,0.1658218307805427,0.17959980227943648,0.16837756906301138,0.011222233216425098,0.475,1.0830890084498481,False,0.057417974654853765,0.27046295710726304,-0.21304498245240927,0.9,0.34626306068736945,False,False,False
179,17,Ob17.txt,122,0.025633472969084803,0.429113845839194,0.1272728267104959,0.3018410191286981,0.075,16.740370934392146,True,0.16279399526124227,0.16687465217642622,-0.0040806569151839445,0.525,6.3508364807835305,False,False,True
179,18,Ob18.txt,103,0.020842133244607167,0.11617056544636281,0.04428701992945183,0.07188354551691098,0.45,5.573832778198056,False,0.11179123112342032,0.2752969420844206,-0.1635057109610003,0.575,5.363713484191736,False,False,False
179,19,Ob19.txt,143,0.3754510026637135,0.3012370851065044,0.23992590758311283,0.06131117752339155,0.45,0.8023339476238354,False,0.03390691111311028,0.24818326909805816,-0.21427635798494787,0.875,0.09030981638762663,False,False,False
180,1,Ob1.txt,28,0.5271901283918086,0.4765414563538153,0.24996630002727316,0.22657515632654213,0.175,0.9039271236119371,True,0.10834232472243113,0.24018822124608832,-0.1318458965236572,0.875,0.20550901636365798,False,False,True
180,2,Ob2.txt,43,0.00823286675568724,0.30142575513527387,0.23502613942524223,0.06639961571003164,0.3,36.61249040949799,True,0.30259003187695216,0.2361134754573888,0.06647655641956335,0.325,36.753908554140494,True,True,True
180,3,Ob3.txt,40,0.28122951382770334,0.10144930214350084,0.3722208105157675,-0.27077150837226666,0.875,0.36073490567442457,False,0.008965561893575114,0.2833879886724525,-0.2744224267788774,1.0,0.031879875520703385,False,False,False
180,4,Ob4.txt,58,0.21106892608831726,0.06206560803445066,0.18241349655163697,-0.12034788851718631,0.825,0.2940537443606485,False,0.2555705521047457,0.18617197120935047,0.06939858089539525,0.375,1.2108393065770737,False,False,False
180,5,Ob5.txt,93,0.0985421089423127,0.4068921960465929,0.20921562217622275,0.19767657387037013,0.225,4.129120032176201,True,0.21415757155804044,0.2025080116105692,0.011649559947471244,0.475,2.1732594710694686,False,False,True
180,6,Ob6.txt,112,0.21623794496479704,0.05251699909175467,0.23143208897972678,-0.1789150898879721,0.85,0.24286671379671268,False,0.003618258956626652,0.19952564825005648,-0.19590738929342982,1.0,0.016732766107334655,False,False,False
180,7,Ob7.txt,33,0.5384715965503007,0.35212465112,0.36426927978001694,-0.01214462866001692,0.525,0.65393356562514,False,0.4605348133810002,0.40768538837703583,0.05284942500396439,0.35,0.855262963416084,True,False,True
180,8,Ob8.txt,84,0.1470875164866412,0.20814509433989312,0.24520727703061668,-0.03706218269072356,0.575,1.415110536309839,False,0.14685730598615052,0.23604995500380818,-0.08919264901765767,0.7,0.9984348739717038,False,False,False
180,9,Ob9.txt,37,0.19673668356388307,0.0067180517205635455,0.16685507429223867,-0.16013702257167511,0.975,0.03414742791667576,False,0.058643820072601174,0.3421024720247711,-0.28345865195216996,0.85,0.29808279274748845,False,False,False
180,10,Ob10.txt,36,0.5228451431164877,0.04997262099621125,0.18826530864602803,-0.13829268764981678,0.925,0.09557824463729897,False,0.12783179603585676,0.2510320590012657,-0.12320026296540892,0.725,0.24449265278414642,False,False,False
180,11,Ob11.txt,119,0.6688824055794317,0.053439814048566375,0.12928799126231033,-0.07584817721374396,0.875,0.0798941840939487,False,0.2664774304588869,0.1343754540926389,0.132101976366248,0.3,0.39839204654822086,True,False,True
180,12,Ob12.txt,91,0.11657650345850862,0.24544255656136038,0.22046862584100485,0.02497393072035553,0.425,2.1054204687886973,False,0.38722051700314536,0.25002841904284023,0.13719209796030513,0.225,3.3216000267237655,True,False,True
180,13,Ob13.txt,102,0.12327509616647594,0.2009575275076543,0.16140027053724154,0.03955725697041276,0.375,1.6301551063993711,False,0.43522447444937884,0.2458093576492974,0.18941511680008144,0.175,3.530514175074203,True,False,True
180,14,Ob14.txt,47,0.46022969848526435,0.32177118492406975,0.2826365211441101,0.039134663779959666,0.425,0.6991534574650493,False,0.2837727707466356,0.2525687407185149,0.03120403002812072,0.375,0.6165894371454202,False,False,False
180,15,Ob15.txt,96,0.1173546923109598,0.06236893956525476,0.10206327653926528,-0.03969433697401052,0.675,0.5314567175549579,False,0.3965541633307318,0.21625224128703913,0.18030192204369266,0.3,3.379107861149387,True,False,True
180,16,Ob16.txt,84,0.4453475714262942,0.06775705534933539,0.1451534080639171,-0.07739635271458171,0.8,0.15214421206414797,False,0.3150904543615579,0.15409171355191026,0.16099874080964766,0.15,0.7075158248925265,True,False,True
180,17,Ob17.txt,122,0.04952797537684255,0.05099883812951811,0.1683905253109525,-0.11739168718143439,0.825,1.029697615165656,False,0.17277167880332056,0.163834529905305,0.008937148898015557,0.45,3.4883654639374218,False,False,False
180,18,Ob18.txt,103,0.3273556554920394,0.44713427140837403,0.0,0.44713427140837403,0.0,1.3658974998806686,True,0.7663488221484265,0.0,0.7663488221484265,0.0,2.3410282037026318,True,True,True
180,19,Ob19.txt,143,0.010164561763847106,0.13578045030573094,0.1154822656282036,0.020298184677527337,0.45,13.358219809207048,False,0.17283343334875237,0.17010100006049103,0.002732433288261338,0.5,17.00353024204931,False,False,False
181,1,Ob1.txt,28,0.06713643906251585,0.003865817013352306,0.236863617754079,-0.23299780074072668,1.0,0.05758150219663199,False,0.10725053301829907,0.2425434422451275,-0.13529290922682843,0.825,1.5975010667222003,False,False,False
181,2,Ob2.txt,43,0.5724804735030742,0.6067050762603635,0.21459781709499368,0.3921072591653698,0.1,1.0597830045588543,True,0.5164887754394027,0.2740087274688503,0.24248004797055245,0.175,0.9021945714217084,True,True,True
181,3,Ob3.txt,40,0.20353469883422337,0.23745194579659598,0.34463312234951227,-0.10718117655291629,0.675,1.1666411042276277,False,0.4333821904835872,0.28937051972351713,0.1440116707600701,0.35,2.129279149775695,True,False,True
181,4,Ob4.txt,58,0.5711942611447736,0.22323321151645545,0.22091659179715717,0.0023166197192982796,0.5,0.3908183724903974,False,0.033119434257284336,0.24292147337356834,-0.209802039116284,0.975,0.05798278538532088,False,False,False
181,5,Ob5.txt,93,0.2645760463766038,0.2257209496114101,0.2918818477407007,-0.0661608981292906,0.55,0.8531420463140248,False,0.19891450987086454,0.20436570965293405,-0.00545119978206951,0.575,0.7518235781168372,False,False,False
181,6,Ob6.txt,112,0.2864116126204209,0.4197060773242029,0.19342428336413958,0.22628179396006332,0.075,1.4653947634463973,True,0.22477356412990446,0.20171269703968975,0.02306086709021471,0.375,0.7847920762479527,False,False,True
181,7,Ob7.txt,33,0.14892010366397979,0.4246879024986711,0.31173883853897366,0.11294906395969745,0.225,2.851783554065528,True,0.6107185415343459,0.2773701604315117,0.3333483811028342,0.125,4.100981173853857,True,True,True
181,8,Ob8.txt,84,0.6862986782263439,0.3597803891232957,0.14255883834681593,0.21722155077647975,0.075,0.5242329623205813,True,0.5435924132193847,0.14648703782942862,0.39710537538995605,0.05,0.7920639081285041,True,True,True
181,9,Ob9.txt,37,0.39160789720381006,0.2767095881964075,0.3754524260047313,-0.09874283780832377,0.55,0.706598590509005,False,0.6194771510867604,0.3390641687843442,0.2804129823024162,0.1,1.5818811507888388,True,False,True
181,10,Ob10.txt,36,0.3400858562820651,0.3459847658360475,0.2503676203215049,0.09561714551454259,0.3,1.017345353959942,True,0.2042352400780521,0.2407043024047104,-0.03646906232665831,0.6,0.6005402350771702,False,False,True
181,11,Ob11.txt,119,0.13338111762519556,0.20294062997974158,0.1766760562761711,0.026264573703570465,0.45,1.521509442963359,False,0.018622626794841335,0.2215813404286755,-0.20295871363383416,0.925,0.1396196637605887,False,False,False
181,12,Ob12.txt,91,0.008900267118103017,0.2737549759546553,0.22170253881587162,0.052052437138783686,0.375,30.7580629122739,False,0.07025578818580697,0.1982179010352227,-0.12796211284941572,0.925,7.89367187001699,False,False,False
181,13,Ob13.txt,102,0.42680573630422136,0.2852016309742197,0.0,0.2852016309742197,0.0,0.6682235188398026,True,0.04507993381660644,0.10833758163767437,-0.06325764782106794,0.525,0.10562166808478429,False,False,True
181,14,Ob14.txt,47,0.5580078719147978,0.4364059093356943,0.2143194485674613,0.222086460768233,0.2,0.7820784101811543,True,0.5249262375386679,0.22369574189643265,0.3012304956422352,0.2,0.9407147532478158,True,True,True
181,15,Ob15.txt,96,0.10653273356538859,0.09788473141751325,0.26638965635445444,-0.1685049249369412,0.725,0.9188230522352335,False,0.0748328350732553,0.16434161188019514,-0.08950877680693983,0.75,0.7024398282929983,False,False,False
181,16,Ob16.txt,84,0.06679910151906195,0.05526003108479638,0.23913025837553828,-0.1838702272907419,0.825,0.8272571011906088,False,0.12695432221292718,0.187908991438357,-0.0609546692254298,0.6,1.9005393684329601,False,False,False
181,17,Ob17.txt,122,0.2232140010627533,0.010743695160606137,0.14891286265407805,-0.1381691674934719,0.925,0.048131815699077526,False,0.2657558988035277,0.1776631316148439,0.08809276718868378,0.325,1.190587944923824,True,False,True
181,18,Ob18.txt,103,0.1618571206868399,0.5436847902234407,0.0,0.5436847902234407,0.0,3.359041529444716,True,0.6720203773938835,0.04357333790949691,0.6284470394843866,0.0,4.151935821804863,True,True,True
181,19,Ob19.txt,143,0.2915236079683362,0.3224927896701427,0.20831587100869914,0.11417691866144358,0.2,1.1062321570374165,True,0.24503329665198306,0.08345767379389527,0.1615756228580878,0.2,0.8405264272065311,True,True,True
182,1,Ob1.txt,28,0.31902875327608193,0.11011926089526365,0.2612623750015915,-0.15114311410632786,0.8,0.3451703326564059,False,0.09869019869215663,0.2895533610353136,-0.19086316234315698,0.85,0.3093457805251549,False,False,False
182,2,Ob2.txt,43,0.022704657060877154,0.3478659820776812,0.19752687754498977,0.15033910453269145,0.25,15.32134932251833,True,0.10330516763168435,0.17843793926908408,-0.07513277163739973,0.65,4.549954987414963,False,False,True
182,3,Ob3.txt,40,0.7313071604353382,0.06563906285591897,0.27964381833861723,-0.21400475548269826,0.8,0.08975580495731075,False,0.019805948230313647,0.22130985561878858,-0.20150390738847493,0.95,0.027082940386531165,False,False,False
182,4,Ob4.txt,58,0.0482958109401821,0.767624046656959,0.21096001289486355,0.5566640337620955,0.025,15.894215910521053,True,0.9083106978833485,0.32820889200813164,0.5801018058752169,0.0,18.80723566290993,True,True,True
182,5,Ob5.txt,93,0.16854607424659063,0.1552534000750288,0.2516166408182098,-0.09636324074318098,0.65,0.9211332911135383,False,0.2800058583204987,0.2011935056170816,0.07881235270341708,0.35,1.6613015733065208,True,False,True
182,6,Ob6.txt,112,0.12868368962772359,0.1373378336186022,0.160884571302924,-0.023546737684321806,0.625,1.0672512889233645,False,0.10258071610410296,0.21678320554463254,-0.11420248944052958,0.775,0.7971539858770338,False,False,False
182,7,Ob7.txt,33,1.0383145869569828,0.3973297581267083,0.3351108771611305,0.06221888096557776,0.325,0.3826679920689293,True,0.11477780923840179,0.31632663110234494,-0.20154882186394313,0.9,0.11054242199831199,False,False,True
182,8,Ob8.txt,84,0.09497859780505394,0.025598478558466864,0.2700694172698933,-0.24447093871142644,1.0,0.2695183878267861,False,0.0667899943926854,0.26311714657224416,-0.19632715217955876,0.85,0.7032109963317591,False,False,False
182,9,Ob9.txt,37,0.3989912434781345,0.14435576892347374,0.13108903539631594,0.013266733527157792,0.45,0.3618018472412533,False,0.5553274378044633,0.19533390408716766,0.3599935337172956,0.075,1.391828635043456,True,False,True
182,10,Ob10.txt,36,0.642705759035143,0.0999688521466432,0.2548370728690562,-0.15486822072241302,0.75,0.1555437317019232,False,0.10515160640473231,0.24753695179734492,-0.1423853453926126,0.85,0.16360769283068247,False,False,False
182,11,Ob11.txt,119,0.18663217490466688,0.032450469428859034,0.25485137196424745,-0.2224009025353884,0.95,0.17387392846616603,False,0.22272270198311184,0.1618884265189964,0.060834275464115434,0.375,1.1933778411834952,False,False,False
182,12,Ob12.txt,91,0.38112420597418684,0.5093505370531616,0.18669643220372395,0.32265410484943763,0.2,1.3364423698862606,True,0.34094094599990243,0.18358337714133058,0.15735756885857186,0.3,0.8945664973664623,True,True,True
182,13,Ob13.txt,102,0.33307058463445505,0.1416468217596204,0.0,0.1416468217596204,0.0,0.425275687179274,True,0.2752889711822384,0.0,0.2752889711822384,0.025,0.8265184134599217,True,True,True
182,14,Ob14.txt,47,0.3270323726016604,0.10370307648588692,0.1882476505231401,-0.08454457403725318,0.7,0.3171033976266373,False,0.14307155165209906,0.2454470347358102,-0.10237548308371114,0.7,0.43748437047352007,False,False,False
182,15,Ob15.txt,96,0.11466657259482319,0.5242899037771258,0.1846138821371227,0.3396760216400031,0.05,4.572299423561874,True,0.33789825586754085,0.1628065944491876,0.17509166141835325,0.05,2.946789532652307,True,True,True
182,16,Ob16.txt,84,0.2885584625082373,0.2930688905704575,0.23617546463527647,0.05689342593518101,0.325,1.015630898581224,True,0.10640085890471701,0.19815799344979473,-0.09175713454507772,0.65,0.36873241553842717,False,False,True
182,17,Ob17.txt,122,0.20844110028303403,0.15163765432143064,0.18344744389878825,-0.03180978957735761,0.6,0.7274844266103364,False,0.23836595196049049,0.18271042474014482,0.05565552722034567,0.4,1.1435650245408544,False,False,False
182,18,Ob18.txt,103,0.13608993778423759,0.24353805797006656,0.0,0.24353805797006656,0.125,1.7895375803329523,True,0.26124715297106615,0.0,0.26124715297106615,0.1,1.919665459655495,True,True,True
182,19,Ob19.txt,143,0.12674497884327712,0.139212904920872,0.18258906043968037,-0.043376155518808385,0.625,1.0983701775911117,False,0.007592353969640725,0.13188489892761981,-0.12429254495797909,0.925,0.059902601577841066,False,False,False
183,1,Ob1.txt,28,0.2840314937701508,0.05037002987148309,0.23647980210797015,-0.18610977223648706,0.825,0.17733959429247115,False,0.11734870445914886,0.32474102109548586,-0.207392316636337,0.775,0.41315384748887013,False,False,False
183,2,Ob2.txt,43,0.5116150504843878,0.3581195722359596,0.19408233565416994,0.16403723658178965,0.275,0.6999785715781788,True,0.6949307118615218,0.22281437969041698,0.4721163321711048,0.0,1.358307796464498,True,True,True
183,3,Ob3.txt,40,0.33767032445901474,0.15027081486679206,0.3033109161507511,-0.15304010128395906,0.675,0.44502227167146696,False,0.001059396388083611,0.21815136186982328,-0.21709196548173967,1.0,0.0031373689404921245,False,False,False
183,4,Ob4.txt,58,0.3112957640379701,0.6284223825848294,0.15093846081035883,0.4774839217744706,0.0,2.0187309150412274,True,0.44574285119024426,0.16331776457685704,0.2824250866133872,0.025,1.4318950100968129,True,True,True
183,5,Ob5.txt,93,0.3685189045508342,0.1975659095938333,0.20112098494487493,-0.003555075351041631,0.525,0.5361079368089261,False,0.3613212220032779,0.19852832185297795,0.16279290015029993,0.25,0.9804686205818148,True,False,True
183,6,Ob6.txt,112,0.21821112012165,0.0922269036810974,0.2133554706084691,-0.1211285669273717,0.825,0.4226498797571913,False,0.1186077058189296,0.19514578312097972,-0.07653807730205012,0.675,0.5435456531858105,False,False,False
183,7,Ob7.txt,33,0.2604150486843387,0.02817842012514013,0.3086724803491202,-0.28049406022398005,0.975,0.10820580556884989,False,0.4082934907856771,0.29836794694317803,0.10992554384249908,0.35,1.567856745792709,True,False,True
183,8,Ob8.txt,84,0.0800757163448843,0.1417447966573047,0.16939243903650708,-0.027647642379202392,0.575,1.7701346066866643,False,0.0767199634140126,0.13562373771633962,-0.05890377430232702,0.75,0.9580927516599596,False,False,False
183,9,Ob9.txt,37,0.1834929526495016,0.07212768263164404,0.17878169483806233,-0.10665401220641829,0.8,0.39308148672836757,False,0.2766507216417302,0.32304749085626056,-0.04639676921453034,0.55,1.5076912635994995,False,False,False
183,10,Ob10.txt,36,0.31446062566369193,0.5002537637186484,0.28252805747019855,0.21772570624844984,0.15,1.590831165786898,True,0.5285120020931967,0.25582000280305567,0.27269199929014104,0.075,1.6806937306625713,True,True,True
183,11,Ob11.txt,119,0.2116590770947242,0.06485181784230253,0.15282055040851356,-0.08796873256621103,0.775,0.30639752725218233,False,0.17943040452930742,0.16470161593466276,0.01472878859464466,0.425,0.8477330950895462,False,False,False
183,12,Ob12.txt,91,0.23094230137763982,0.30261327437989466,0.2407066753489637,0.06190659903093096,0.35,1.3103414687336017,True,0.2366879178525853,0.2240779808681761,0.012609936984409209,0.475,1.0248790128125993,False,False,True
183,13,Ob13.txt,102,0.17894400324920035,0.050993643589929916,0.18959132268417436,-0.13859767909424445,0.725,0.28496983784874497,False,0.170207719577688,0.13307256147191887,0.03713515810576912,0.4,0.9511786731442122,False,False,False
183,14,Ob14.txt,47,0.7036574446151411,0.3298564286955309,0.2594372455612067,0.07041918313432421,0.2,0.4687741616603556,True,0.13793577122589792,0.19328821354225428,-0.05535244231635636,0.625,0.1960268768297344,False,False,True
183,15,Ob15.txt,96,0.4382662934603715,0.26786727415696854,0.36664682667110726,-0.09877955251413872,0.575,0.6111975256915106,False,0.35780823583167526,0.21422206728284907,0.1435861685488262,0.325,0.8164174182928093,True,False,True
183,16,Ob16.txt,84,0.5753714836265331,0.44147985395512135,0.35936165446546653,0.08211819948965482,0.35,0.7672953326996663,True,0.6508850170793252,0.28426449347621774,0.3666205236031075,0.1,1.131243093552073,True,True,True
183,17,Ob17.txt,122,0.146946519188333,0.3779456075414791,0.15662334479487333,0.22132226274660577,0.125,2.5719942849213573,True,0.2970197289204099,0.15792477319463782,0.13909495572577207,0.25,2.02127774486265,True,True,True
183,18,Ob18.txt,103,0.32420467833875977,0.22422339788291473,0.21112874362082867,0.013094654262086058,0.475,0.6916106178104712,False,0.04896132713060965,0.19394812580357684,-0.1449867986729672,0.85,0.15101980446886154,False,False,False
183,19,Ob19.txt,143,0.18207170661209565,0.1286913473889019,0.11522988316211268,0.013461464226789219,0.475,0.7068168348807715,False,0.1403504822517525,0.0977221287928885,0.04262835345886401,0.325,0.7708527857695631,True,False,True
184,1,Ob1.txt,28,0.364840123222751,0.6969347945775555,0.29267874911140923,0.40425604546614624,0.05,1.9102471198104656,True,0.3033737204980462,0.2988964980597443,0.004477222438301898,0.45,0.831525101510897,False,False,True
184,2,Ob2.txt,43,0.7207589227280864,0.3675913410897331,0.22914294170093485,0.13844839938879827,0.25,0.5100059527510153,True,0.4863159956405951,0.2020757642129184,0.2842402314276767,0.15,0.6747276798182111,True,True,True
184,3,Ob3.txt,40,0.569913768559069,0.2976181508638456,0.2433014896142302,0.05431666124961537,0.375,0.5222161093182974,False,0.4591232352393775,0.1946924470912755,0.26443078814810195,0.2,0.8056012340256199,True,False,True
184,4,Ob4.txt,58,0.37280341757470403,0.361353940693261,0.2635659952217203,0.09778794547154068,0.3,0.9692881654467431,True,0.047270031477859215,0.28996419691101555,-0.24269416543315633,0.95,0.12679613235677228,False,False,True
184,5,Ob5.txt,93,0.627432450690025,0.20835254311051576,0.23039141915579442,-0.022038876045278655,0.6,0.3320716722276287,False,0.07088502239257084,0.23652936115342726,-0.16564433876085644,0.825,0.11297634082300707,False,False,False
184,6,Ob6.txt,112,0.3112138363962629,0.24588089185748746,0.24691100635376734,-0.001030114496279877,0.525,0.7900705659642068,False,0.2483563023005814,0.17142588609702475,0.07693041620355665,0.25,0.7980246160532332,True,False,True
184,7,Ob7.txt,33,0.6644344823440373,0.027670187781392797,0.21628063576706608,-0.18861044798567328,0.975,0.04164471970776715,False,0.08831430724952669,0.2869148610444882,-0.19860055379496153,0.8,0.1329165020725075,False,False,False
184,8,Ob8.txt,84,0.021582404183243864,0.8225981648484838,0.1550818381608284,0.6675163266876554,0.0,38.11429708498982,True,0.4091095915553434,0.34065307005277073,0.06845652150257264,0.4,18.955700582837185,False,False,True
184,9,Ob9.txt,37,0.1309360031046744,0.47561850780837034,0.26745731039605425,0.2081611974123161,0.15,3.6324501781847256,True,0.41113079144673076,0.2621686754016779,0.14896211604505288,0.4,3.1399369287151657,False,False,True
184,10,Ob10.txt,36,0.8235844152198941,0.053825392363703706,0.1510703757186761,-0.09724498335497239,0.9,0.0653550399558405,False,0.22056554898716846,0.27028492265819887,-0.04971937367103041,0.525,0.26781170807885946,False,False,False
184,11,Ob11.txt,119,0.4828366571969788,0.20865629145882994,0.18964529380031792,0.019010997658512024,0.45,0.4321467484887051,False,0.5073869366739397,0.1901600071031886,0.31722692957075116,0.075,1.0508459312502973,True,False,True
184,12,Ob12.txt,91,0.1547303562555204,0.3674650411789447,0.2866168988492205,0.0808481423297242,0.375,2.374873619318216,False,0.13525296244651983,0.19425947955061101,-0.05900651710409119,0.65,0.8741204099806003,False,False,False
184,13,Ob13.txt,102,0.053407452028246274,0.07951627685143518,0.0,0.07951627685143518,0.0,1.4888610827077167,True,0.026712731641406834,0.011460633454294045,0.01525209818711279,0.475,0.5001686211744184,False,False,True
184,14,Ob14.txt,47,0.5427842340643709,0.5328270190293678,0.2476008465207137,0.2852261725086541,0.225,0.9816552979801136,True,0.2850901523027858,0.20726129910954538,0.0778288531932404,0.425,0.5252366122870397,False,False,True
184,15,Ob15.txt,96,0.0917559485243146,0.09546256125891575,0.15888270401945645,-0.0634201427605407,0.575,1.0403964298142363,False,0.03133596777542877,0.1743607863005851,-0.14302481852515633,0.875,0.3415142917641464,False,False,False
184,16,Ob16.txt,84,0.020330217063191908,0.22745048985687227,0.21572621880369308,0.011724271053179192,0.475,11.18780429888641,False,0.2778857977422547,0.3171697056138982,-0.039283907871643486,0.525,13.668609483042369,False,False,False
184,17,Ob17.txt,122,0.08462924742560451,0.2004385837145179,0.19854601604017358,0.0018925676743443143,0.5,2.3684315979616684,False,0.3696939656334642,0.19220305900031753,0.17749090663314665,0.2,4.3683948147885046,True,False,True
184,18,Ob18.txt,103,0.3434902439693131,0.07620112441507844,0.0,0.07620112441507844,0.4,0.22184363530827422,False,0.2926505883893107,0.0,0.2926505883893107,0.0,0.8519909765339817,True,False,True
184,19,Ob19.txt,143,0.14439998538173882,0.03488194756097587,0.0948196093021366,-0.05993766174116073,0.825,0.24156475825645846,False,0.13215340877661957,0.07917463806799699,0.052978770708622586,0.275,0.9151899041212231,True,False,True
185,1,Ob1.txt,28,0.06410415381266756,0.01322588817629776,0.3228464881876119,-0.30962060001131414,0.975,0.20631873895329705,False,0.6532912323785802,0.23214402708222742,0.4211472052963528,0.025,10.19109049138535,True,False,True
185,2,Ob2.txt,43,0.22218039392306482,0.08263827712358637,0.25952484124896813,-0.17688656412538176,0.85,0.37194225676007137,False,0.6731050092670499,0.2421963617118752,0.43090864755517466,0.05,3.029542784500275,True,False,True
185,3,Ob3.txt,40,0.7715268191703153,0.10643596751846196,0.31984645623283825,-0.2134104887143763,0.825,0.1379549807911034,False,0.8196908262919975,0.27853620799998746,0.5411546182920101,0.05,1.0624268734734028,True,False,True
185,4,Ob4.txt,58,0.7078488568576313,0.603527922955265,0.1885062436024324,0.41502167935283263,0.1,0.8526225861754154,True,0.42000845574574647,0.1911162849096236,0.22889217083612287,0.1,0.593358951811124,True,True,True
185,5,Ob5.txt,93,0.10165747055685023,0.03741814374902645,0.1553446945813423,-0.11792655083231586,0.975,0.36808060975805007,False,0.15557521274464645,0.2108495262499453,-0.05527431350529885,0.65,1.5303864230779145,False,False,False
185,6,Ob6.txt,112,0.142901880989848,0.06904281960439676,0.19239484828874395,-0.12335202868434719,0.775,0.48314843112038314,False,0.13335628117000284,0.23747793740756012,-0.10412165623755729,0.775,0.9332017202732041,False,False,False
185,7,Ob7.txt,33,0.6623351406553666,0.46194862795845637,0.21461624095950585,0.24733238699895052,0.175,0.6974545054356741,True,0.3260164528897619,0.26513483460380344,0.06088161828595845,0.4,0.4922227930820272,False,False,True
185,8,Ob8.txt,84,0.4954750839308506,0.3800650574894213,0.16449325546951318,0.21557180201990814,0.1,0.7670719877055693,True,0.15289058892656832,0.18925333695580393,-0.036362748029235614,0.55,0.30857371820518426,False,False,True
185,9,Ob9.txt,37,0.8401882599742578,0.10326532184507406,0.29028720660283797,-0.1870218847577639,0.825,0.1229073610814771,False,0.5214403847383025,0.3859581111233278,0.13548227361497467,0.325,0.6206232693066654,True,False,True
185,10,Ob10.txt,36,0.08377692301491174,0.43929728619951197,0.2325554067688313,0.20674187943068068,0.225,5.2436550590586855,True,0.3192567201469565,0.23452347846956006,0.08473324167739643,0.375,3.810795487083369,False,False,True
185,11,Ob11.txt,119,0.1924102586808068,0.08691785271650554,0.1524464437343379,-0.06552859101783237,0.775,0.4517319051095674,False,0.30117951304109025,0.249114457615581,0.052065055425509266,0.35,1.5652986233999244,True,False,True
185,12,Ob12.txt,91,0.2454380245543458,0.23940869471643256,0.18050849476060582,0.05890019995582674,0.4,0.9754344101780439,False,0.19511992440854936,0.16897821275192165,0.02614171165662771,0.425,0.7949865338218821,False,False,False
185,13,Ob13.txt,102,0.3125313694085677,0.2797658266815816,0.06303116053044039,0.21673466615114123,0.3,0.8951607872547599,True,0.3230926155895389,0.3171798456157461,0.0059127699737928086,0.5,1.0337925956071456,False,False,True
185,14,Ob14.txt,47,0.6545487671003011,0.4580243606211255,0.19238485574930247,0.26563950487182303,0.15,0.6997558984798137,True,0.7661217663235526,0.19776999164480513,0.5683517746787474,0.0,1.1704578861519028,True,True,True
185,15,Ob15.txt,96,0.22581940531930866,0.4046753196604008,0.29269565908891476,0.11197966057148606,0.3,1.792030756117659,True,0.3131861295730261,0.29224500652120644,0.020941123051819666,0.45,1.3868875844845172,False,False,True
185,16,Ob16.txt,84,0.4925867594946041,0.29298498214351837,0.21544456542582394,0.07754041671769443,0.4,0.5947885859622416,False,0.37447826474798246,0.24201736398222287,0.1324609007657596,0.275,0.7602280360361261,True,False,True
185,17,Ob17.txt,122,0.142175987724113,0.017340892915697736,0.20820199916637902,-0.19086110625068128,0.975,0.12196780337722758,False,0.06879065407876511,0.22515868325898225,-0.15636802918021714,0.875,0.48384157676647,False,False,False
185,18,Ob18.txt,103,0.18501318038405118,0.6010181057540601,0.030903302122547993,0.5701148036315121,0.0,3.248515076096006,True,0.2627106981839055,0.1701458954764729,0.09256480270743261,0.475,1.419956662755429,False,False,True
185,19,Ob19.txt,143,0.06471023018728628,0.0808585906639607,0.17584183384202015,-0.09498324317805945,0.875,1.2495488028699226,False,0.12955574874049341,0.05542440467649512,0.0741313440639983,0.175,2.0020906797198728,True,False,True
186,1,Ob1.txt,28,0.46408188814635376,0.31491557935598274,0.2870167971916564,0.02789878216432634,0.4,0.6785776118387761,False,0.6072585512590063,0.32507060822714995,0.28218794303185635,0.125,1.308515946796657,True,False,True
186,2,Ob2.txt,43,0.36066664931373216,0.2912246549915182,0.16594981821719393,0.12527483677432424,0.25,0.8074621136876766,True,0.04561993225278635,0.2628449676780034,-0.21722503542521707,0.9,0.126487803459485,False,False,True
186,3,Ob3.txt,40,0.566408983477396,0.04720185708105046,0.24829476017090002,-0.20109290308984956,0.85,0.08333529032548292,False,0.19148746705071806,0.2972832760518296,-0.10579580900111152,0.7,0.3380727930462986,False,False,False
186,4,Ob4.txt,58,0.04497235920551751,0.16973227767202734,0.15738303868656336,0.012349238985463973,0.475,3.774146624071335,False,0.000987220683959733,0.280031520115723,-0.2790442994317633,1.0,0.021951721043769797,False,False,False
186,5,Ob5.txt,93,0.24863438537688576,0.4626890253524941,0.17481893755191913,0.287870087800575,0.125,1.8609213068061337,True,0.3985411911897142,0.21081190158461244,0.18772928960510177,0.2,1.6029206522886859,True,True,True
186,6,Ob6.txt,112,0.09483093380359192,0.09919178499556902,0.21419915537338108,-0.11500737037781206,0.7,1.0459855346464164,False,0.3349006532305779,0.19161884251215594,0.14328181071842194,0.225,3.5315549451849098,True,False,True
186,7,Ob7.txt,33,0.5984544912012494,0.09683722879583673,0.29277951448813155,-0.19594228569229483,0.75,0.16181218491895671,False,0.7807576348702057,0.29508428303150136,0.4856733518387043,0.025,1.3046232359339935,True,False,True
186,8,Ob8.txt,84,0.616559217365833,0.09465342371264718,0.13731790245865585,-0.04266447874600868,0.65,0.15351878789038514,False,0.1190657196037698,0.12985812339916752,-0.010792403795397726,0.525,0.19311319375365468,False,False,False
186,9,Ob9.txt,37,0.32075844384132857,0.03420872881017306,0.2791941678237805,-0.24498543901360742,0.925,0.10664950359684153,False,0.263297399078704,0.23767417852747239,0.02562322055123159,0.45,0.820858824246419,False,False,False
186,10,Ob10.txt,36,0.2330256991155462,0.1114307496846702,0.18376627440916732,-0.07233552472449711,0.775,0.47819081804113406,False,0.3824428898203298,0.16907824030057855,0.21336464951975126,0.2,1.6412047738592765,True,False,True
186,11,Ob11.txt,119,0.4675541278336692,0.6120838448243267,0.17223618468544133,0.4398476601388853,0.025,1.309118684632966,True,0.42245535608914647,0.13941387205824646,0.2830414840309,0.125,0.9035432069577055,True,True,True
186,12,Ob12.txt,91,0.028902882952401066,0.3077347733001904,0.17533658813154177,0.13239818516864862,0.125,10.647199928359596,True,0.4517571439038762,0.20915040086168213,0.2426067430421941,0.25,15.63017587719038,True,True,True
186,13,Ob13.txt,102,0.7756998781799308,0.7474572374909172,0.0614409244200832,0.686016313070834,0.025,0.9635907630212848,True,0.6064517704759979,0.06658524642302124,0.5398665240529766,0.025,0.781812383287916,True,True,True
186,14,Ob14.txt,47,0.28517119679676983,0.13101308563059783,0.16423831347115875,-0.03322522784056092,0.6,0.45941906862341936,False,0.11377896546684968,0.26636799633385044,-0.15258903086700076,0.75,0.3989847738652772,False,False,False
186,15,Ob15.txt,96,0.1448496654426485,0.09332518493027867,0.24966925319790423,-0.15634406826762556,0.8,0.6442899584550968,False,0.23095157087254778,0.1839083358054373,0.04704323506711047,0.375,1.5944225357150743,False,False,False
186,16,Ob16.txt,84,0.2958039124034432,0.004762955905914579,0.26242602412169874,-0.25766306821578416,1.0,0.016101733973749623,False,0.15166068207006306,0.2372538338113614,-0.08559315174129833,0.75,0.5127068159369541,False,False,False
186,17,Ob17.txt,122,0.3903688036569121,0.5139396699480439,0.13437944621199166,0.3795602237360522,0.025,1.31654903038752,True,0.9056362359021708,0.20913701357760606,0.6964992223245647,0.0,2.3199503326554693,True,True,True
186,18,Ob18.txt,103,0.22750743510391086,0.06259183810487289,0.14747799178897092,-0.08488615368409803,0.75,0.2751199672937499,False,0.03543877195501338,0.1078111561571796,-0.07237238420216621,0.75,0.15576973094891258,False,False,False
186,19,Ob19.txt,143,0.1554089561376344,0.0925836985790581,0.2505128750805259,-0.1579291765014678,0.725,0.5957423618305722,False,0.10132214274220638,0.24446769275692334,-0.14314555001471696,0.725,0.651971065634549,False,False,False
187,1,Ob1.txt,28,0.5752740984126435,0.037178272603886245,0.27196993521277135,-0.23479166260888512,0.95,0.0646270581388462,False,0.08413933944999524,0.2494633147704665,-0.16532397532047124,0.825,0.1462595651049844,False,False,False
187,2,Ob2.txt,43,0.5672519034647735,0.06679975408077074,0.24301721926118172,-0.17621746518041098,0.825,0.11776029956489872,False,0.05198370508226846,0.31434889295108925,-0.2623651878688208,0.9,0.09164130567875065,False,False,False
187,3,Ob3.txt,40,0.5197107699060567,0.339625672573683,0.19994360474718498,0.139682067826498,0.35,0.6534897720804862,True,0.05022099191793716,0.29079904044404825,-0.2405780485261111,0.95,0.09663257878418634,False,False,True
187,4,Ob4.txt,58,0.13750823497124098,0.009362378483154465,0.24645849999395267,-0.2370961215107982,1.0,0.068085947616974,False,0.03947328634564468,0.39355827726963755,-0.35408499092399287,0.925,0.28706125385072595,False,False,False
187,5,Ob5.txt,93,0.1794828241781964,0.2559795220669287,0.18619099731123695,0.06978852475569175,0.325,1.4262062302562384,True,0.04982862091785595,0.17923084976852519,-0.12940222885066924,0.925,0.2776233388682611,False,False,True
187,6,Ob6.txt,112,0.10650708340118631,0.006264606700574493,0.19204582046550836,-0.18578121376493387,0.975,0.05881868604905123,False,0.10775331862775778,0.18876518253293728,-0.0810118639051795,0.775,1.01170096097625,False,False,False
187,7,Ob7.txt,33,0.04889951649135704,0.16448286177670218,0.2695556334307471,-0.10507277165404494,0.65,3.3636909642199515,False,0.3556359071380229,0.2579851711194882,0.09765073601853469,0.375,7.272789848563867,False,False,False
187,8,Ob8.txt,84,0.46439182111929583,0.6595995308211812,0.1882399114147575,0.4713596194064237,0.05,1.420351308581163,True,0.9872488915886812,0.13013986718486703,0.8571090244038142,0.0,2.1258963803651283,True,True,True
187,9,Ob9.txt,37,0.2699703484039916,0.13222225287002945,0.25287887039578577,-0.12065661752575632,0.7,0.48976583410622626,False,0.034777023087893766,0.41972365240023035,-0.3849466293123366,1.0,0.12881793609367945,False,False,False
187,10,Ob10.txt,36,0.03200421099033121,0.09373579505290096,0.26318510650606386,-0.1694493114531629,0.775,2.9288581768573976,False,0.01338327140557749,0.22609445542972428,-0.2127111840241468,1.0,0.4181722027023478,False,False,False
187,11,Ob11.txt,119,0.17652022579340682,0.18172243170243121,0.13861891065550264,0.04310352104692858,0.4,1.0294708772643022,False,0.25366936173839183,0.15358095170244043,0.1000884100359514,0.2,1.4370555022701914,True,False,True
187,12,Ob12.txt,91,0.031215291896226738,0.15114149235612323,0.21948153424211014,-0.06834004188598691,0.625,4.841905462828397,False,0.23324789959791548,0.21923983387296686,0.014008065724948615,0.475,7.472231891129942,False,False,False
187,13,Ob13.txt,102,0.255842393002689,0.3865092301624921,0.14225555112859858,0.24425367903389353,0.1,1.5107317658587947,True,0.4918744331617724,0.20094498916106138,0.29092944400071097,0.075,1.922568138098218,True,True,True
187,14,Ob14.txt,47,0.026271077321041197,0.30133178741508215,0.2116517483084341,0.08968003910664804,0.325,11.470096324285018,True,0.15439598466315235,0.27929893507343373,-0.12490295041028138,0.7,5.877032859230807,False,False,True
187,15,Ob15.txt,96,0.46382670575934387,0.35317147996222364,0.27203653149749246,0.08113494846473118,0.325,0.7614298089715136,True,0.009874142317096324,0.14416568913282773,-0.1342915468157314,0.95,0.021288429912484415,False,False,True
187,16,Ob16.txt,84,0.3963047740161244,0.12062428568130484,0.2454370961327555,-0.12481281045145065,0.7,0.30437252738317255,False,0.04232118391053341,0.2652353358346613,-0.2229141519241279,0.95,0.10678948800352199,False,False,False
187,17,Ob17.txt,122,0.03136826283077743,0.11000770151430916,0.14793458543112195,-0.03792688391681279,0.675,3.5069746165979425,False,0.16173739739051318,0.13702948550688998,0.0247079118836232,0.425,5.1560839777146406,False,False,False
187,18,Ob18.txt,103,0.4154776566338665,0.06236263051805939,0.19908828785678062,-0.13672565733872122,0.7,0.1500986383318695,False,0.08987622775494786,0.28021538557872394,-0.19033915782377608,0.675,0.2163202432667756,False,False,False
187,19,Ob19.txt,143,0.031061825353119216,0.013265815432779965,0.19251615356721474,-0.17925033813443478,0.95,0.42707778058663953,False,0.17829051934820794,0.07214122600120673,0.10614929334700121,0.225,5.739859693413159,True,False,True
188,1,Ob1.txt,28,0.2234711881059241,0.2873532619844759,0.26311803702157865,0.02423522496289726,0.45,1.28586268511837,False,0.34247256131546955,0.2838020929928327,0.05867046832263684,0.425,1.5325132703601123,False,False,False
188,2,Ob2.txt,43,0.2620615179233404,0.27137570238129016,0.2976848437314793,-0.026309141350189136,0.525,1.0355419770585101,False,0.11357074961523711,0.2389556382009913,-0.1253848885857542,0.8,0.43337438672876577,False,False,False
188,3,Ob3.txt,40,0.07995106661378115,0.01160169433021599,0.29603663749803616,-0.28443494316782014,1.0,0.14510993813578726,False,0.15705552206640366,0.19481631740531696,-0.0377607953389133,0.575,1.9643955824265642,False,False,False
188,4,Ob4.txt,58,0.3767395954081447,0.6125185937243844,0.15826897091500683,0.45424962280937764,0.0,1.6258407695660608,True,0.16903014197564906,0.16333156290209772,0.005698579073551341,0.475,0.44866572039641467,False,False,True
188,5,Ob5.txt,93,0.3010534864072312,0.3532952571809472,0.17302540631513508,0.1802698508658121,0.225,1.1735298647332362,True,0.25284377189802787,0.17169954065148624,0.08114423124654163,0.3,0.8398632911229912,True,True,True
188,6,Ob6.txt,112,0.29122755471861395,0.2856841766870658,0.2655605117786124,0.02012366490845341,0.475,0.980965475478774,False,0.24150869398149077,0.18955108423702852,0.05195760974446226,0.325,0.8292783085544159,True,False,True
188,7,Ob7.txt,33,0.5538478497250323,0.6669564820507576,0.24442661327016152,0.4225298687805961,0.05,1.2042232941445563,True,0.018419177089759486,0.2702448040042965,-0.251825626914537,0.975,0.03325674569090413,False,False,True
188,8,Ob8.txt,84,0.3406504910317432,0.4522494383613949,0.31708863096036277,0.13516080740103215,0.175,1.3276054204168237,True,0.321010083965492,0.2678587811953615,0.053151302770130526,0.4,0.9423444040642202,False,False,True
188,9,Ob9.txt,37,0.34399755926676184,0.7156727890170784,0.30888475730990894,0.4067880317071695,0.05,2.080458915297394,True,0.3498727562749209,0.2658835868032776,0.08398916947164331,0.35,1.0170791822496712,True,True,True
188,10,Ob10.txt,36,0.712185828594956,0.30680785616703327,0.18046944844143042,0.12633840772560284,0.35,0.43079747426640413,True,0.0940979830908085,0.23282261268803434,-0.13872462959722584,0.7,0.13212560445979496,False,False,True
188,11,Ob11.txt,119,0.24214240406773685,0.3101522975128436,0.1867299949595069,0.12342230255333672,0.325,1.2808673421202248,True,0.290474179886945,0.19816856759771756,0.09230561228922746,0.325,1.1996006275946935,True,True,True
188,12,Ob12.txt,91,0.16722551973056066,0.0375940886230495,0.24922130892753297,-0.21162722030448347,0.9,0.22481071479773154,False,0.16954611347577925,0.3520326307266525,-0.18248651725087323,0.75,1.0138770311430791,False,False,False
188,13,Ob13.txt,102,0.10148237072631955,0.37987192246364787,0.0,0.37987192246364787,0.475,3.7432306689808907,False,0.32537959417247675,0.0,0.32537959417247675,0.475,3.206267175704531,False,False,False
188,14,Ob14.txt,47,0.3462400421659444,0.1828255058132782,0.24443125096719137,-0.06160574515391318,0.65,0.5280310869580312,False,0.17002590216194735,0.183563252897886,-0.013537350735938647,0.525,0.4910636594725751,False,False,False
188,15,Ob15.txt,96,0.7011088454280967,0.43085534507787293,0.10222924700546723,0.3286260980724057,0.05,0.6145341738126167,True,0.030704986167040677,0.15584699010824393,-0.12514200394120326,0.9,0.04379489200181497,False,False,True
188,16,Ob16.txt,84,0.48777884237169555,0.21582671346034352,0.2086436725153959,0.007183040944947622,0.5,0.44246837851954224,False,0.632132137029926,0.16315707850524097,0.468975058524685,0.025,1.2959400492984705,True,False,True
188,17,Ob17.txt,122,0.22490754228700643,0.049787942587445816,0.17494606828437703,-0.12515812569693122,0.825,0.22137071118722643,False,0.058071025560796075,0.19507001461390808,-0.136998989053112,0.9,0.2581995471129694,False,False,False
188,18,Ob18.txt,103,0.0012572671861100226,0.02405852850910223,0.006956788253812296,0.017101740255289932,0.0,19.135573388771224,False,0.4205561818499042,0.06851966736538201,0.35203651448452217,0.0,334.50024505220927,True,False,True
188,19,Ob19.txt,143,0.24549768533457056,0.3766145841907789,0.13734504135166395,0.23926954283911497,0.0,1.5340860899666686,True,0.533481198855436,0.16740851909818283,0.36607267975725316,0.05,2.1730599949583804,True,True,True
189,1,Ob1.txt,28,0.44793149286083944,0.12668869187567375,0.2067705805988117,-0.08008188872313796,0.625,0.2828305084479349,False,0.6461633434399701,0.15826045272288108,0.487902890717089,0.0,1.4425494829869354,True,False,True
189,2,Ob2.txt,43,0.07533444315167295,0.1109499393768274,0.2615886638468453,-0.15063872447001792,0.725,1.4727651089614981,False,0.5299083674133448,0.2759863002072499,0.2539220672060949,0.15,7.034078241561637,True,False,True
189,3,Ob3.txt,40,0.11395894728520944,0.37966768823969377,0.264849383035898,0.11481830520379577,0.25,3.331618071984158,True,0.5056925360639325,0.2765579839623943,0.2291345521015382,0.175,4.437497433161753,True,True,True
189,4,Ob4.txt,58,0.062369334732796156,0.404663376088088,0.260498881941032,0.144164494147056,0.225,6.488178490627714,True,0.5468230064969752,0.23778976977739447,0.3090332367195808,0.15,8.767497823083803,True,True,True
189,5,Ob5.txt,93,0.11777902680336043,0.17888505235157345,0.22820750535540973,-0.04932245300383628,0.6,1.518819243176745,False,0.28919572290881135,0.21240815862147727,0.07678756428733408,0.35,2.4554093437335154,True,False,True
189,6,Ob6.txt,112,0.23619336383046136,0.4394714070501031,0.16116004417997515,0.278311362870128,0.1,1.8606424834423119,True,0.3878048595912277,0.1573808749094862,0.23042398468174147,0.15,1.6418956625284038,True,True,True
189,7,Ob7.txt,33,0.7870536912323256,0.22130254110584371,0.324435617238362,-0.10313307613251829,0.625,0.28117845525804,False,0.20457575781632187,0.333615403327378,-0.12903964551105612,0.675,0.2599260509102096,False,False,False
189,8,Ob8.txt,84,0.18976490137663157,0.08528062887946893,0.15257794474083786,-0.06729731586136893,0.775,0.4494014871075138,False,0.17936245952886182,0.1356579388677293,0.04370452066113251,0.425,0.9451824769896529,False,False,False
189,9,Ob9.txt,37,1.0257669588265212,0.34369620612016194,0.40327591701313703,-0.05957971089297509,0.575,0.33506266034670373,False,0.7207071704144341,0.28200019255772124,0.43870697785671287,0.1,0.7026032221187198,True,False,True
189,10,Ob10.txt,36,0.7454152590380915,0.2884353483648305,0.20405092004306752,0.08438442832176296,0.3,0.38694585986479135,True,0.4529533877207438,0.20371139889525425,0.24924198882548954,0.15,0.6076524222287183,True,True,True
189,11,Ob11.txt,119,0.06773684001982053,0.014543649029174238,0.16637654003310437,-0.15183289100393013,1.0,0.2147081119361135,False,0.05319936553936061,0.22358506189794433,-0.17038569635858372,0.825,0.7853830430205174,False,False,False
189,12,Ob12.txt,91,0.034291445193854256,0.05233976500098543,0.14845967060814752,-0.09611990560716209,0.775,1.526321352311095,False,0.23071820870740112,0.24919920484308122,-0.018480996135680106,0.575,6.728156465938351,False,False,False
189,13,Ob13.txt,102,0.07405348841464705,0.29507254707137454,0.17533311334285462,0.11973943372851992,0.3,3.9845867276255427,True,0.12417295660370906,0.18608612287746873,-0.06191316627375967,0.75,1.6768009078576893,False,False,True
189,14,Ob14.txt,47,0.6000809805315865,0.11897115815364001,0.2305008384397542,-0.11152968028611418,0.725,0.1982585051241725,False,0.3617193203856893,0.21771060052250313,0.1440087198631862,0.325,0.602784177670916,True,False,True
189,15,Ob15.txt,96,0.11722857718779432,0.2986783608911699,0.3579937893442413,-0.05931542845307142,0.55,2.5478289343450964,False,0.3827311135714154,0.21685650981061805,0.16587460376079738,0.325,3.26482776429419,True,False,True
189,16,Ob16.txt,84,0.1607598033340843,0.5096316218975346,0.21596643036481708,0.29366519153271753,0.1,3.1701433525546157,True,0.5890372806594343,0.23341233571240244,0.35562494494703184,0.05,3.664083113085935,True,True,True
189,17,Ob17.txt,122,0.46048842970078574,0.795765268926283,0.15166605228325092,0.644099216643032,0.025,1.7280896057330952,True,0.6252775422586098,0.16557141396508893,0.45970612829352087,0.0,1.357857227085814,True,True,True
189,18,Ob18.txt,103,0.8294323225402941,0.32023275162345577,0.0,0.32023275162345577,0.0,0.38608665580174417,True,0.3847879537120853,0.0,0.3847879537120853,0.0,0.46391723984616257,True,True,True
189,19,Ob19.txt,143,0.26100650517863105,0.14229724497757887,0.24110307233619532,-0.09880582735861645,0.675,0.5451865840669052,False,0.049021831362252105,0.1526805867395183,-0.10365875537726618,0.775,0.18781842747061764,False,False,False
190,1,Ob1.txt,28,1.112115747112859,0.38945388081712484,0.25411622397394684,0.135337656843178,0.25,0.3501918589213201,True,0.6134792178031976,0.2830390439079017,0.3304401738952959,0.075,0.5516325251178561,True,True,True
190,2,Ob2.txt,43,0.18885496715993466,0.4175754287040512,0.23467112930260275,0.18290429940144842,0.225,2.2110905261518545,True,0.942303998489537,0.22194035865473483,0.7203636398348022,0.0,4.989564281311875,True,True,True
190,3,Ob3.txt,40,0.23060841142516394,0.25531002395547664,0.15440422141352245,0.10090580254195419,0.425,1.107114967652985,False,0.012671088909227288,0.3029342304440682,-0.2902631415348409,1.0,0.0549463431577354,False,False,False
190,4,Ob4.txt,58,0.7791413678283063,0.42607955017960036,0.17634670397502883,0.24973284620457153,0.075,0.5468578203814386,True,0.007110440980202526,0.22812401363244078,-0.22101357265223825,1.0,0.009125995966587416,False,False,True
190,5,Ob5.txt,93,0.25414202071625347,0.49326719919366047,0.19328699163079577,0.2999802075628647,0.1,1.9409116123475991,True,0.5624935208134253,0.18545937671809548,0.3770341440953298,0.05,2.213303881145427,True,True,True
190,6,Ob6.txt,112,0.12559897631846795,0.02240634500756178,0.1386919007766494,-0.11628555576908761,0.95,0.1783959206064578,False,0.00870855806809634,0.2058437492342592,-0.19713519116616285,1.0,0.06933621852151865,False,False,False
190,7,Ob7.txt,33,0.10120423725476327,0.7554548023939108,0.28565430750105786,0.46980049489285297,0.0,7.464655857167232,True,0.3640786473050859,0.29548835472023005,0.06859029258485583,0.4,3.5974644657276955,False,False,True
190,8,Ob8.txt,84,0.05694737758056875,0.001218620002239823,0.1503416351242965,-0.14912301512205667,1.0,0.021399053898763433,False,0.307967704892238,0.20394575453238406,0.10402195035985395,0.25,5.407934798341284,True,False,True
190,9,Ob9.txt,37,0.7164298519726822,0.022278928285379695,0.26306848146688594,-0.24078955318150624,0.975,0.03109715239256837,False,0.13953164512900343,0.18584195236649392,-0.046310307237490494,0.625,0.1947596749979143,False,False,False
190,10,Ob10.txt,36,0.24588565009150148,0.32456093147572884,0.19893667155208894,0.1256242599236399,0.3,1.3199669494944088,True,0.7092480675954249,0.2314072003234468,0.4778408672719781,0.0,2.8844630312159016,True,True,True
190,11,Ob11.txt,119,0.15510911375385916,0.05403567191743197,0.19433793154734003,-0.14030225962990805,0.85,0.34837199832874133,False,0.3380971773155309,0.2402466353188032,0.09785054199672771,0.2,2.1797376642358577,True,False,True
190,12,Ob12.txt,91,0.46984835101655503,0.7845654733873445,0.12680917311240625,0.6577563002749383,0.0,1.6698270233148067,True,0.36037464968398186,0.118571076108087,0.24180357357589488,0.15,0.7670020526927084,True,True,True
190,13,Ob13.txt,102,0.6147296540662839,0.2346651233759413,0.20898079611311804,0.02568432726282327,0.425,0.3817371129303586,False,0.40805037476628997,0.15812533597523057,0.2499250387910594,0.175,0.663788336982181,True,False,True
190,14,Ob14.txt,47,0.8279095152754781,0.02463747214929418,0.36195953252844076,-0.3373220603791466,0.975,0.029758653203902755,False,0.7402938622930637,0.21657939857395264,0.5237144637191111,0.0,0.8941724290325843,True,False,True
190,15,Ob15.txt,96,0.1455594195064157,0.20801532821356164,0.12042304529278194,0.0875922829207797,0.25,1.4290750053753347,True,0.16397406139062365,0.15140903777008813,0.01256502362053552,0.475,1.1265094484894966,False,False,True
190,16,Ob16.txt,84,0.5510769743748694,0.3633760239894755,0.21734819419084017,0.14602782979863532,0.15,0.659392500297589,True,0.07011298088289664,0.29078020758168077,-0.22066722669878414,0.85,0.12722901544277257,False,False,True
190,17,Ob17.txt,122,0.3188390033573426,0.21427492380200305,0.1867561380551251,0.027518785746877966,0.45,0.6720474018100348,False,0.6268396919799415,0.17039589582447268,0.4564437961554688,0.025,1.9660069357242453,True,False,True
190,18,Ob18.txt,103,0.08410713402093048,0.2692935798933739,0.0,0.2692935798933739,0.375,3.2017923690796413,False,0.11084310944108025,0.0,0.11084310944108025,0.325,1.317879995928721,True,False,True
190,19,Ob19.txt,143,0.39591058417175884,0.10913585724074296,0.20201126051130652,-0.09287540327056357,0.775,0.27565784195705234,False,0.18375696124630453,0.14965202114154655,0.03410494010475798,0.4,0.46413753153561765,False,False,False
191,1,Ob1.txt,28,0.19267166574268235,0.3259737659391181,0.21973585074871482,0.10623791519040326,0.225,1.6918614612200629,True,0.0038456065998601907,0.24587273041475996,-0.24202712381489977,1.0,0.019959377965808895,False,False,True
191,2,Ob2.txt,43,0.27730719322531533,0.4300239036770087,0.26708409421161083,0.16293980946539788,0.175,1.5507131231450215,True,0.5000873017276118,0.2139713909944735,0.28611591073313836,0.15,1.8033693822045398,True,True,True
191,3,Ob3.txt,40,0.17914421501477457,0.5836729327756529,0.24787929655035934,0.33579363622529357,0.125,3.2581176719969194,True,0.3453419259226422,0.31775253710620466,0.02758938881643752,0.475,1.927731386102313,False,False,True
191,4,Ob4.txt,58,0.4073960917121795,0.3701809209005227,0.18234968500647497,0.1878312358940477,0.175,0.908651134439579,True,0.19801431007133277,0.2553759621130304,-0.0573616520416976,0.625,0.4860486246667961,False,False,True
191,5,Ob5.txt,93,0.590992005223334,0.14880115725565657,0.16193853769906688,-0.013137380443410313,0.575,0.2517820138690795,False,0.4807667742739952,0.20952356017384696,0.2712432141001483,0.075,0.8134911640510518,True,False,True
191,6,Ob6.txt,112,0.4777231036684242,0.1584106875067306,0.12457432905248916,0.03383635845424143,0.4,0.3315951987465097,False,0.007064093631413471,0.14674079576361765,-0.13967670213220418,0.975,0.01478700439055274,False,False,False
191,7,Ob7.txt,33,0.17503875439022223,0.08211099007127015,0.3079211073014967,-0.22581011723022654,0.775,0.46910177324626184,False,0.0229567896458365,0.20968021021698996,-0.18672342057115346,0.85,0.13115261089357294,False,False,False
191,8,Ob8.txt,84,0.2579704285915554,0.12399699928051361,0.2183305266781993,-0.09433352739768569,0.725,0.48066361697928595,False,0.329642232980207,0.20209180870468535,0.12755042427552166,0.35,1.2778295356563119,True,False,True
191,9,Ob9.txt,37,0.17271684113554717,0.23897543230848337,0.2557829660506993,-0.016807533742215913,0.525,1.383625538409059,False,0.8102181613812464,0.4815516888944147,0.3286664724868317,0.2,4.691020030556209,True,False,True
191,10,Ob10.txt,36,0.018542574137333623,0.09419596376279882,0.21567178652933738,-0.12147582276653857,0.85,5.079983127754881,False,0.22943430361667333,0.20761816679500508,0.021816136821668247,0.4,12.373379333278773,False,False,False
191,11,Ob11.txt,119,0.23647384575960462,0.27468358359232853,0.17620963421715918,0.09847394937516935,0.2,1.161581242568226,True,0.07107808784225433,0.18041381854535332,-0.10933573070309899,0.85,0.3005748378385622,False,False,True
191,12,Ob12.txt,91,0.09182429777492801,0.5585113306913444,0.1590767490196976,0.3994345816716468,0.075,6.082391526263782,True,0.3631064346322603,0.21023683412234354,0.15286960050991674,0.35,3.9543611378578274,True,True,True
191,13,Ob13.txt,102,0.2960147868043953,0.4015247456429163,0.030973812106601883,0.3705509335363144,0.075,1.3564347577955331,True,0.14438736236572258,0.12559287835275013,0.018794484012972457,0.425,0.4877707763333216,False,False,True
191,14,Ob14.txt,47,0.05929136514749586,0.3090184610779161,0.2313617185853391,0.07765674249257698,0.35,5.211862811881424,True,0.20409714405370677,0.250648885877152,-0.046551741823445236,0.6,3.4422743268937315,False,False,True
191,15,Ob15.txt,96,0.6780786002842643,0.5620124731832079,0.17302091265657824,0.38899156052662964,0.075,0.8288308655480366,True,0.6072228306755989,0.11810458039022032,0.4891182502853786,0.0,0.8955050792357093,True,True,True
191,16,Ob16.txt,84,0.0735438666611643,0.21818736945244765,0.20061174327077608,0.017575626181671578,0.5,2.966764998333492,False,0.2637567625414419,0.2207627054929102,0.042994057048531736,0.45,3.5863869349790627,False,False,False
191,17,Ob17.txt,122,0.36372377269528894,0.0800100866635034,0.20912895153642946,-0.12911886487292606,0.75,0.21997486188655635,False,0.08002247850795927,0.14691025188336004,-0.06688777337540078,0.75,0.2200089312693851,False,False,False
191,18,Ob18.txt,103,0.037478121753605015,0.3514025212068347,0.0,0.3514025212068347,0.35,9.376204162980322,True,0.30918070715846996,0.0,0.30918070715846996,0.35,8.249631856984132,True,True,True
191,19,Ob19.txt,143,0.1530729186409189,0.14870225686031652,0.14906819872489338,-0.00036594186457686306,0.5,0.9714471911856913,False,0.07310142159774391,0.1806111849171231,-0.1075097633193792,0.75,0.47755946804167554,False,False,False
192,1,Ob1.txt,28,0.987165569962719,0.41460983864621404,0.3071635136621197,0.10744632498409434,0.325,0.42000030315266373,True,0.2716518840768032,0.2692160466431689,0.0024358374336342914,0.5,0.2751837101521504,False,False,True
192,2,Ob2.txt,43,0.30360337280435684,0.038069031515543306,0.14969333908880209,-0.11162430757325878,0.9,0.1253906739042558,False,0.24080995139602857,0.24607707238715074,-0.005267120991122171,0.5,0.7931728464400407,False,False,False
192,3,Ob3.txt,40,0.37956607424650046,0.14813851928779337,0.2673623598394665,-0.11922384055167312,0.75,0.39028387766707573,False,0.1714450562072884,0.24065396369051906,-0.06920890748323066,0.7,0.4516869863768366,False,False,False
192,4,Ob4.txt,58,0.986562264084982,0.2778584393989902,0.21269387207373683,0.06516456732525336,0.35,0.2816430847947531,False,0.11331337541170969,0.3810165188018108,-0.26770314339010115,0.825,0.11485679063227268,False,False,False
192,5,Ob5.txt,93,0.021519718063823468,0.503585305142748,0.12099884008753985,0.38258646505520816,0.05,23.401110723161334,True,0.21483464198628172,0.1588524849293938,0.055982157056887916,0.325,9.98315318765433,True,True,True
192,6,Ob6.txt,112,0.29665389994846697,0.10961596098021853,0.17542136639784367,-0.06580540541762514,0.675,0.36950790466351663,False,0.1426903504868179,0.22318785151882561,-0.0804975010320077,0.625,0.48099940877772135,False,False,False
192,7,Ob7.txt,33,1.151195134066396,0.3163720282562693,0.2877961858846326,0.028575842371636684,0.475,0.27482050513776957,False,0.08865318897902992,0.370456475525908,-0.2818032865468781,0.925,0.07700969744883997,False,False,False
192,8,Ob8.txt,84,0.3584965202146747,0.4941740153388018,0.13883314351479004,0.35534087182401175,0.05,1.3784625162968966,True,0.5125008951397566,0.26833398695322924,0.24416690818652736,0.2,1.4295840161373423,True,True,True
192,9,Ob9.txt,37,0.38072373492287487,0.10469083127195844,0.29948115224096966,-0.19479032096901122,0.825,0.2749784730210377,False,0.47307598219691216,0.3403310249425502,0.13274495725436197,0.3,1.2425702387395037,True,False,True
192,10,Ob10.txt,36,0.6860341220852988,0.30156693764801057,0.18471496528638687,0.1168519723616237,0.4,0.43958008492544765,False,0.09793331844448971,0.2665729677862455,-0.1686396493417558,0.775,0.14275283880458803,False,False,False
192,11,Ob11.txt,119,0.37518258768129936,0.03341411722911895,0.1409451365483551,-0.10753101931923616,0.825,0.08906094879195922,False,0.26235930122452805,0.19664380004297155,0.0657155011815565,0.275,0.6992843213912433,True,False,True
192,12,Ob12.txt,91,0.1326743540276279,0.32660865564380354,0.18778235017790512,0.13882630546589841,0.225,2.461731643900004,True,0.2335635777174886,0.306523289937131,-0.07295971221964243,0.625,1.7604274724326276,False,False,True
192,13,Ob13.txt,102,0.28368091845205756,0.36612198497065407,0.21613878104693363,0.14998320392372044,0.275,1.2906119557439644,True,0.0614299655149715,0.2150715772675607,-0.15364161175258922,0.825,0.21654599065094765,False,False,True
192,14,Ob14.txt,47,0.2194369848409592,0.2393560355778654,0.2824300488603283,-0.04307401328246291,0.6,1.0907734434618799,False,0.25532383415189547,0.21306505942764534,0.04225877472425013,0.425,1.1635405687739735,False,False,False
192,15,Ob15.txt,96,0.5402236334816969,0.025936979860808645,0.3000373591108159,-0.2741003792500073,0.95,0.048011560867204095,False,0.19826537773815464,0.16551874662042304,0.0327466311177316,0.4,0.3670061164491279,False,False,False
192,16,Ob16.txt,84,0.494738361137739,0.08178421292180785,0.1997315304541431,-0.11794731753233526,0.825,0.16530800792105646,False,0.3675302694468101,0.2319603267071175,0.1355699427396926,0.275,0.742878050939104,True,False,True
192,17,Ob17.txt,122,0.312005426141124,0.0900604556606368,0.13800905082303175,-0.04794859516239494,0.75,0.28865028654950803,False,0.11605772904807898,0.18043787605713252,-0.06438014700905353,0.725,0.37197343162738655,False,False,False
192,18,Ob18.txt,103,0.21218969503297133,0.1374819395019017,0.041601415853952606,0.0958805236479491,0.225,0.6479199636935192,True,0.3006480814747322,0.035375369533986234,0.265272711940746,0.125,1.416883517496058,True,True,True
192,19,Ob19.txt,143,0.42557385217022736,0.2368009715524124,0.14867035526926478,0.08813061628314761,0.35,0.5564274457766574,True,0.27621575528536013,0.10551980307272663,0.1706959522126335,0.175,0.6490430600394952,True,True,True
193,1,Ob1.txt,28,0.12861195097983302,0.08476972350199508,0.23557857442316302,-0.15080885092116794,0.875,0.6591123364211104,False,0.21722690322267582,0.21540155776002046,0.0018253454626553645,0.5,1.68901024801916,False,False,False
193,2,Ob2.txt,43,0.13288694047315824,0.3857178744864943,0.24285001043177482,0.1428678640547195,0.175,2.902601814091771,True,0.5403155431203523,0.15403516429232017,0.3862803788280322,0.1,4.065979254217915,True,True,True
193,3,Ob3.txt,40,0.2673127609002762,0.5887294203188731,0.2269854047558283,0.3617440155630448,0.15,2.2023992357720052,True,0.4253195870671504,0.1961066967530819,0.2292128903140685,0.175,1.591093465327756,True,True,True
193,4,Ob4.txt,58,0.30607124035166466,0.41554406541198713,0.15837607785557445,0.2571679875564127,0.15,1.357671060288259,True,0.09907208467710868,0.21879377554263846,-0.11972169086552978,0.775,0.3236896239035019,False,False,True
193,5,Ob5.txt,93,0.19432621231874453,0.298461054027622,0.20620502423954296,0.09225602978807906,0.3,1.5358764546805956,True,0.11546554102674231,0.19285788114738017,-0.07739234012063786,0.775,0.5941840766049069,False,False,True
193,6,Ob6.txt,112,0.3940005202505717,0.021392371495201734,0.1442548514886774,-0.12286247999347566,0.95,0.054295287431592405,False,0.20611379257151757,0.19782472822239258,0.008289064349124992,0.475,0.5231307624681201,False,False,False
193,7,Ob7.txt,33,0.7210184770361638,0.8482658893759358,0.2546690719571102,0.5935968174188256,0.025,1.1764828730365389,True,0.33153716178481996,0.15891285473540864,0.1726243070494113,0.275,0.4598178442633602,True,True,True
193,8,Ob8.txt,84,0.11400328481117075,0.5764683040943914,0.11424544136234618,0.46222286273204527,0.0,5.0565938082330195,True,0.2617737256194982,0.24679209451460676,0.014981631104891424,0.475,2.2961945881917956,False,False,True
193,9,Ob9.txt,37,0.4106686237759661,0.22916831389242914,0.3403430907861532,-0.11117477689372407,0.6,0.558037065956732,False,0.18862104150719572,0.36396230063721435,-0.17534125913001863,0.65,0.45930229529805766,False,False,False
193,10,Ob10.txt,36,0.42537336799052655,0.21347596453918383,0.28073422242401047,-0.06725825788482664,0.625,0.5018555006103206,False,0.22327359566141264,0.3490685422150295,-0.12579494655361684,0.65,0.5248885155085335,False,False,False
193,11,Ob11.txt,119,0.18005201568426232,0.34547440686825154,0.20506502997522807,0.14040937689302346,0.2,1.918747788272876,True,0.1315306125467941,0.16895470830945966,-0.03742409576266556,0.6,0.7305145240775591,False,False,True
193,12,Ob12.txt,91,0.11408721357599211,0.11429373014760238,0.17793275641070005,-0.06363902626309767,0.6,1.0018101640415007,False,0.2633424670924399,0.12431532063038087,0.13902714646205905,0.25,2.3082557531044503,True,False,True
193,13,Ob13.txt,102,0.1487833037292587,0.16457735273983398,0.0,0.16457735273983398,0.05,1.1061547136990302,True,0.2678948446898612,0.0,0.2678948446898612,0.0,1.8005706149485028,True,True,True
193,14,Ob14.txt,47,0.3849069651534781,0.5781398094072131,0.19132318787395056,0.3868166215332626,0.1,1.5020248053362328,True,0.652971746075005,0.2576546780714296,0.39531706800357536,0.025,1.6964404523431746,True,True,True
193,15,Ob15.txt,96,0.2638925153722184,0.07032532458119506,0.179568042584107,-0.10924271800291194,0.75,0.26649230457332873,False,0.03453231179517507,0.3613000304429786,-0.3267677186478035,0.9,0.13085748849855594,False,False,False
193,16,Ob16.txt,84,0.4364258117194196,0.34488214636875725,0.25451775405455523,0.09036439231420201,0.325,0.7902423209342251,True,0.5272210791358898,0.2622476907173053,0.2649733884185845,0.225,1.2080428448050706,True,True,True
193,17,Ob17.txt,122,0.07729569780902498,0.2267052439193009,0.14870215628073494,0.07800308763856595,0.25,2.9329606995647173,True,0.19854036111893267,0.18967882008120393,0.008861541037728737,0.45,2.568582298195531,False,False,True
193,18,Ob18.txt,103,0.049786156707868456,0.4552753788879908,0.0,0.4552753788879908,0.325,9.144617881621635,True,0.3595266852751894,0.0,0.3595266852751894,0.325,7.221418744668194,True,True,True
193,19,Ob19.txt,143,0.09353478319190812,0.020142554758615483,0.11583484313220238,-0.0956922883735869,0.95,0.215348280834611,False,0.038086100155544464,0.06745578899801716,-0.029369688842472694,0.75,0.4071864910126757,False,False,False
194,1,Ob1.txt,28,0.9844462147605919,0.14131474759891463,0.25902117993955637,-0.11770643234064174,0.675,0.143547453868042,False,0.06470798138956108,0.3253873224893217,-0.2606793410997606,0.9,0.0657303369339456,False,False,False
194,2,Ob2.txt,43,0.012305006839923832,0.5307589030497946,0.23200915555145799,0.2987497474983366,0.05,43.13357237053596,True,0.12951709722354432,0.2724577782985177,-0.14294068107497337,0.775,10.525560766315351,False,False,True
194,3,Ob3.txt,40,0.26430603778451023,0.019427258800514463,0.22009012923318017,-0.2006628704326657,0.95,0.07350289446037395,False,0.18976576053602046,0.2811669984918189,-0.09140123795579846,0.65,0.7179773951692213,False,False,False
194,4,Ob4.txt,58,0.9093409510736585,0.245883740178101,0.19071015015927073,0.055173590018830265,0.4,0.27039774232952574,False,0.25432244846489876,0.1774781721701501,0.07684427629474866,0.375,0.2796777690091053,False,False,False
194,5,Ob5.txt,93,0.07994366782011594,0.20840932542474205,0.22650654079946225,-0.0180972153747202,0.55,2.6069522591043883,False,0.4661012193608642,0.25382438701120696,0.21227683234965722,0.15,5.830370710656595,True,False,True
194,6,Ob6.txt,112,0.278864409464046,0.11995379644729387,0.22549868544206148,-0.1055448889947676,0.775,0.4301509707812302,False,0.028915319152992724,0.26393369426024194,-0.2350183751072492,0.925,0.10368952857256163,False,False,False
194,7,Ob7.txt,33,0.18388742653544426,0.10608278923900531,0.3201913052874624,-0.2141085160484571,0.85,0.5768898463460626,False,0.11003080737379015,0.20402048204644924,-0.09398967467265909,0.825,0.5983596021046155,False,False,False
194,8,Ob8.txt,84,0.2307215885027682,0.16050922976776077,0.12462392850804876,0.03588530125971201,0.35,0.6956836194192334,True,0.11835898523482907,0.17904462225882706,-0.060685637023997985,0.6,0.5129948437114241,False,False,True
194,9,Ob9.txt,37,0.8290824118908674,0.30582853233825635,0.19814629647690907,0.10768223586134729,0.375,0.3688759138440302,False,0.15343364527272005,0.22499111382650502,-0.07155746855378498,0.65,0.18506440743663563,False,False,False
194,10,Ob10.txt,36,0.5122836051624371,0.3211185619210767,0.20708554968762596,0.11403301223345072,0.225,0.6268374757362283,True,0.4381331719190306,0.16987610685273968,0.26825706506629093,0.225,0.855255111629242,True,True,True
194,11,Ob11.txt,119,0.04102636869723569,0.3335556524485649,0.2124607625435817,0.12109488990498318,0.225,8.13027482178893,True,0.31374715038259493,0.22197199138949342,0.09177515899310151,0.3,7.647451147772062,True,True,True
194,12,Ob12.txt,91,0.2338452859329468,0.08302124087608677,0.1312364357812285,-0.04821519490514174,0.625,0.35502636089013323,False,0.1580699833461862,0.17913215245119718,-0.02106216910501099,0.55,0.6759596744298342,False,False,False
194,13,Ob13.txt,102,0.010251299126797814,0.08196681092062656,0.019472870282415757,0.0624939406382108,0.05,7.995748627250372,True,0.05560647705577315,0.11447593734026638,-0.05886946028449323,0.65,5.424334649489726,False,False,True
194,14,Ob14.txt,47,0.3461384040879786,0.41491599379532984,0.209823600705427,0.20509239308990285,0.125,1.1986996787847612,True,0.13308761652686696,0.21081733019469412,-0.07772971366782716,0.65,0.3844924890017112,False,False,True
194,15,Ob15.txt,96,0.005015503263576485,0.034032046393427315,0.16989980529720922,-0.1358677589037819,0.95,6.78537020214389,False,0.19502520546343186,0.2669667140983861,-0.07194150863495427,0.65,38.884473843281306,False,False,False
194,16,Ob16.txt,84,0.3472370760255395,0.19733336466226492,0.1807908405736953,0.016542524088569627,0.45,0.5682957791285829,False,0.5586142512514215,0.20559022027166549,0.353024030979756,0.075,1.608740223380798,True,False,True
194,17,Ob17.txt,122,0.005021536890799927,0.33250569539952013,0.13021712312040168,0.20228857227911845,0.1,66.215922063365,True,0.2223001356569313,0.16556436104185235,0.05673577461507895,0.35,44.2693423330639,True,True,True
194,18,Ob18.txt,103,0.24547391371368976,0.30971252215054434,0.0,0.30971252215054434,0.0,1.2616921996517305,True,0.36447565275480903,0.0,0.36447565275480903,0.0,1.4847836466237214,True,True,True
194,19,Ob19.txt,143,0.051966101788595134,0.36252853791186157,0.23111656471045164,0.13141197320140993,0.2,6.976250390815822,True,0.37016331713543627,0.21944065995738102,0.15072265717805525,0.35,7.12316884266803,True,True,True
195,1,Ob1.txt,28,0.3197142061082897,0.11419847522560436,0.24534510280429522,-0.13114662757869086,0.725,0.35718924290440957,False,0.41844725475813677,0.22281406817613386,0.1956331865820029,0.2,1.3088165829466,True,False,True
195,2,Ob2.txt,43,0.713695633644427,0.11582774166529078,0.30138939781024593,-0.18556165614495515,0.775,0.16229291059807402,False,0.04346049538162121,0.2965039431163229,-0.25304344773470167,0.9,0.0608949996789161,False,False,False
195,3,Ob3.txt,40,0.15054213930379012,0.40741689405126924,0.2184657560579165,0.18895113799335275,0.3,2.706331236791531,True,0.2954399196576333,0.23253291883495425,0.06290700082267903,0.45,1.9625064518409905,False,False,True
195,4,Ob4.txt,58,0.1664667965637335,0.039919122899004816,0.24153388490811425,-0.20161476200910944,0.9,0.2398023132722529,False,0.5108863626669382,0.2320185812539785,0.2788677814129597,0.15,3.068998582376998,True,False,True
195,5,Ob5.txt,93,0.14776956692432183,0.047536028754022686,0.17407555951731904,-0.12653953076329635,0.85,0.32169024883430575,False,0.021033135004514536,0.17532743255015792,-0.1542942975456434,0.95,0.1423373935668795,False,False,False
195,6,Ob6.txt,112,0.0993314519973083,0.014616842033147753,0.12969154717447817,-0.11507470514133042,0.95,0.14715220344854962,False,0.053181541184741846,0.1764336010350394,-0.12325205985029757,0.875,0.5353947829755168,False,False,False
195,7,Ob7.txt,33,0.3151456502517057,0.06136446302578413,0.3767917593755644,-0.3154272963497803,0.875,0.19471778517892457,False,0.03742777122740076,0.4117081641394339,-0.37428039291203313,0.975,0.11876340732454133,False,False,False
195,8,Ob8.txt,84,0.4020159196679753,0.029223946345287924,0.16283271903375296,-0.13360877268846505,0.975,0.07269350519607275,False,0.29970838129545563,0.2266271826398446,0.07308119865561102,0.4,0.7455137138424384,False,False,False
195,9,Ob9.txt,37,0.218229843770714,0.14713545113531767,0.4094973225706407,-0.262361871435323,0.875,0.6742224096989569,False,0.04163512682635845,0.37047106940500224,-0.3288359425786438,0.95,0.1907856693977334,False,False,False
195,10,Ob10.txt,36,0.18143471259907124,0.25149256623851957,0.3190016197899897,-0.06750905355147013,0.65,1.3861325797906159,False,0.13973669599719685,0.24522089709670247,-0.10548420109950563,0.6,0.7701761917300943,False,False,False
195,11,Ob11.txt,119,0.03461354468361101,0.026115494169734133,0.20318269990250748,-0.17706720573277335,0.9,0.7544877130743395,False,0.13898410287848934,0.17097577991620855,-0.03199167703771921,0.575,4.015309733484077,False,False,False
195,12,Ob12.txt,91,0.3219214014619145,0.2798125159154481,0.23685099861771525,0.04296151729773284,0.45,0.8691951347277911,False,0.40090143922805876,0.21535141605030644,0.18555002317775232,0.25,1.2453395064990362,True,False,True
195,13,Ob13.txt,102,0.1790055295334518,0.18574895776627737,0.0,0.18574895776627737,0.0,1.0376716197002471,True,0.21307032838966644,0.0,0.21307032838966644,0.0,1.190300260248937,True,True,True
195,14,Ob14.txt,47,0.8302000473643463,0.34406201773989176,0.2451345918341719,0.09892742590571985,0.3,0.4144326645513846,True,0.48655771488731436,0.2721543904528813,0.21440332443443305,0.175,0.5860728585019954,True,True,True
195,15,Ob15.txt,96,0.04900456935392691,0.07786704828895241,0.16904185477671763,-0.09117480648776521,0.775,1.5889752591553514,False,0.208087502233748,0.22083802724741658,-0.012750525013668579,0.55,4.246287743717785,False,False,False
195,16,Ob16.txt,84,0.14168377206602822,0.32743764549984755,0.1950787428621055,0.13235890263774205,0.3,2.3110455116006743,True,0.02186568361793209,0.17920980828169372,-0.15734412466376163,1.0,0.15432736790591747,False,False,True
195,17,Ob17.txt,122,0.09733477425028245,0.1635643699579972,0.17965352820496178,-0.01608915824696458,0.625,1.6804309787313507,False,0.32987083852737775,0.2109597810757634,0.11891105745161434,0.25,3.3890337864159634,True,False,True
195,18,Ob18.txt,103,0.5240249147856424,0.30401953357808525,0.0,0.30401953357808525,0.425,0.5801623644220189,False,0.3698080753924718,0.0,0.3698080753924718,0.4,0.7057070474287381,False,False,False
195,19,Ob19.txt,143,0.06480551790251222,0.5228046892446869,0.17069261709069827,0.35211207215398865,0.075,8.06728664727514,True,0.2582101189529652,0.1670044126642613,0.09120570628870389,0.325,3.984384776330219,True,True,True
196,1,Ob1.txt,28,0.15092044041687946,0.1101036494666737,0.24738639434886978,-0.13728274488219608,0.675,0.7295476289529786,False,0.5288759620848855,0.3361075804279372,0.19276838165694832,0.275,3.504336196104383,True,False,True
196,2,Ob2.txt,43,0.4446442063322018,0.42157341597870474,0.2166290516066539,0.20494436437205082,0.325,0.9481140425874335,True,0.17262332029887997,0.23470253932289936,-0.06207921902401939,0.575,0.3882279760773717,False,False,True
196,3,Ob3.txt,40,0.7105207944665547,0.5932116408648611,0.20049471822141568,0.39271692264344543,0.05,0.8348969452895928,True,0.8763130261353802,0.29978165729056705,0.5765313688448132,0.025,1.233339028160744,True,True,True
196,4,Ob4.txt,58,0.019290946277165585,0.31117147119966987,0.16509903869221937,0.1460724325074505,0.175,16.130441022895752,True,0.24694609408251011,0.22292756777417044,0.02401852630833967,0.45,12.801139484526823,False,False,True
196,5,Ob5.txt,93,0.3345379356262555,0.4495960077023171,0.18927872839675822,0.2603172793055589,0.225,1.3439313148766603,True,0.3981709047499912,0.21735134079266094,0.18081956395733023,0.15,1.190211519672992,True,True,True
196,6,Ob6.txt,112,0.43150242395285543,0.08618584545361588,0.2008044300613861,-0.11461858460777022,0.8,0.19973432516113113,False,0.06348665204843304,0.20334070120562225,-0.13985404915718921,0.85,0.1471293057101561,False,False,False
196,7,Ob7.txt,33,0.06864216833963249,0.37221796672091934,0.2690442311777458,0.10317373554317355,0.325,5.422584625812422,True,0.3637981973300684,0.3281163120740327,0.03568188525603572,0.4,5.2999228627225525,False,False,True
196,8,Ob8.txt,84,0.4708664032372354,0.5425698423746106,0.22420092696139182,0.31836891541321877,0.2,1.1522797945328223,True,0.628769571216239,0.3053118300469037,0.3234577411693353,0.15,1.3353460066239802,True,True,True
196,9,Ob9.txt,37,0.16471167968981315,0.17339886288105857,0.2164269427858645,-0.04302807990480592,0.7,1.052741755822084,False,0.24017359310749525,0.1652334073249609,0.07494018578253436,0.35,1.4581454913203047,True,False,True
196,10,Ob10.txt,36,0.22563639981483938,0.2344429872116493,0.20892979587554983,0.025513191336099472,0.425,1.039029994291864,False,0.3712349664207499,0.1616905043804066,0.20954446204034327,0.2,1.6452796034921267,True,False,True
196,11,Ob11.txt,119,0.06371435064851239,0.2520857174766223,0.12202692016841755,0.13005879730820474,0.275,3.956498259980431,True,0.4038355949083638,0.12260696211606048,0.2812286327923033,0.1,6.338220366337401,True,True,True
196,12,Ob12.txt,91,0.5791135327722217,0.1126873397514232,0.2954878641407561,-0.18280052438933292,0.8,0.19458592033238784,False,0.24642424124515547,0.3486776432037101,-0.10225340195855462,0.625,0.4255197423301791,False,False,False
196,13,Ob13.txt,102,0.2702451204600919,0.4450404403007557,0.15755278927896657,0.2874876510217891,0.075,1.6468028711973597,True,0.1938615136613653,0.18374462004405695,0.010116893617308359,0.475,0.7173543534525855,False,False,True
196,14,Ob14.txt,47,0.403218285837778,0.16183144187935358,0.24787863457516549,-0.0860471926958119,0.675,0.40134946147869216,False,0.21066638130271548,0.3139452942639959,-0.10327891296128044,0.65,0.5224623701403025,False,False,False
196,15,Ob15.txt,96,0.19776004997888275,0.17225803648806484,0.11705526002135719,0.055202776466707654,0.375,0.8710456763459502,False,0.16049967686881106,0.06976714697377023,0.09073252989504083,0.15,0.8115879667604734,True,False,True
196,16,Ob16.txt,84,0.05823028139284292,0.19761315180486472,0.18352403777323473,0.01408911403162999,0.425,3.393649267667,False,0.06026538354284888,0.15346430878566578,-0.0931989252428169,0.775,1.034949206861571,False,False,False
196,17,Ob17.txt,122,0.05654298757246462,0.009559162657640036,0.17414650057340778,-0.16458733791576774,1.0,0.16906009158764665,False,0.04709341731467015,0.1472319833641592,-0.10013856604948906,0.85,0.8328781222307355,False,False,False
196,18,Ob18.txt,103,0.014764601077619316,0.027765863784853226,0.08109532187587554,-0.05332945809102231,0.575,1.8805698602274914,False,0.02045881594938423,0.0012074632553944475,0.01925135269398978,0.275,1.385666693047088,False,False,False
196,19,Ob19.txt,143,0.258881712641324,0.49417251609978396,0.11255073964968014,0.3816217764501038,0.0,1.9088737904961686,True,0.32848754571880073,0.1968934770093304,0.13159406870947032,0.175,1.2688711858682518,True,True,True
197,1,Ob1.txt,28,0.4331119098350793,0.048715935120171805,0.24657753328057966,-0.19786159816040785,0.9,0.11247886288493406,False,0.030470678890287428,0.1795526471098645,-0.14908196821957706,0.95,0.07035290002043601,False,False,False
197,2,Ob2.txt,43,0.10868075121693473,0.21604531707645697,0.23806291704870117,-0.0220175999722442,0.625,1.987889434488861,False,0.2005209206646329,0.22302958970862663,-0.022508669043993734,0.525,1.8450454051829148,False,False,False
197,3,Ob3.txt,40,0.06945063913225397,0.5087984282479083,0.21095899549118685,0.2978394327567215,0.2,7.326043857983941,True,0.6490365840414747,0.2726417563627077,0.376394827678767,0.1,9.345293177295641,True,True,True
197,4,Ob4.txt,58,0.11494786902945507,0.7197197943057702,0.2602919718864213,0.4594278224193489,0.05,6.261271308312327,True,0.9502841266960822,0.22495813959595803,0.7253259871001242,0.0,8.267087808757678,True,True,True
197,5,Ob5.txt,93,0.02863518843301449,0.06671049167181878,0.17189689810488284,-0.10518640643306407,0.825,2.329668331950139,False,0.16981212379593824,0.1906658463888249,-0.020853722592886648,0.625,5.930190548358886,False,False,False
197,6,Ob6.txt,112,0.17047122472142462,0.03350721746968474,0.16393403749134522,-0.13042682002166048,0.925,0.1965564424403035,False,0.024746063284638353,0.15479654477970117,-0.13005048149506282,0.9,0.14516270018636346,False,False,False
197,7,Ob7.txt,33,0.7082835235267396,0.30865968628539164,0.24502722124834123,0.06363246503705042,0.45,0.43578549554349316,False,0.6505365204720309,0.28440081423847924,0.3661357062335517,0.1,0.9184690859852699,True,False,True
197,8,Ob8.txt,84,0.5513126465755821,0.43841804971295323,0.16471564878019587,0.27370240093275733,0.1,0.7952258168502732,True,0.38345730071412376,0.23700728000307714,0.14645002071104662,0.125,0.6955351071591167,True,True,True
197,9,Ob9.txt,37,0.2095599817070671,0.07650179093932008,0.21469564777469188,-0.1381938568353718,0.775,0.36505916022772855,False,0.6868434099990046,0.24172743885565728,0.44511597114334733,0.05,3.2775504388004144,True,False,True
197,10,Ob10.txt,36,0.163121445713774,0.14987694279124214,0.23866291432472986,-0.08878597153348772,0.725,0.918805875802672,False,0.2911206253531923,0.26464653366135044,0.02647409169184184,0.45,1.784686397789877,False,False,False
197,11,Ob11.txt,119,0.042588697991936875,0.40584777956519175,0.12780079143215206,0.2780469881330397,0.1,9.52947140206139,True,0.21217038181525766,0.12603057494810005,0.08613980686715761,0.35,4.981847105432219,True,True,True
197,12,Ob12.txt,91,0.047454727939858846,0.3112382757051506,0.1516946486357053,0.1595436270694453,0.15,6.558635761216344,True,0.6306956295771258,0.18258118172826557,0.44811444784886023,0.05,13.290469821604077,True,True,True
197,13,Ob13.txt,102,0.5217912626655339,0.11701683005128147,0.059455516970241706,0.05756131308103976,0.325,0.2242598495296936,False,0.17607238456458169,0.03565232308560912,0.14042006147897257,0.025,0.3374383535384022,True,False,True
197,14,Ob14.txt,47,0.4489811386593919,0.041857998818606745,0.27571167343490044,-0.2338536746162937,0.95,0.09322885799521581,False,0.07314785558154144,0.2741674643024862,-0.20101960872094474,0.9,0.16291966250509513,False,False,False
197,15,Ob15.txt,96,0.5067486562259291,0.19731055286458304,0.3861682844122206,-0.18885773154763758,0.725,0.3893657150155599,False,0.32653846170703027,0.24637653785617852,0.08016192385085175,0.45,0.6443795315392926,False,False,False
197,16,Ob16.txt,84,0.4570479438668938,0.15594009453921837,0.2129038044707457,-0.05696370993152733,0.675,0.3411897955822176,False,0.045353367848313564,0.18543851125515956,-0.140085143406846,0.8,0.09923109480506019,False,False,False
197,17,Ob17.txt,122,0.12523747479963276,0.08024093888717992,0.2150101521484143,-0.13476921326123437,0.8,0.6407102907141594,False,0.21978931235904497,0.19827704966298798,0.021512262696056994,0.425,1.754980389940675,False,False,False
197,18,Ob18.txt,103,0.17021952159089543,0.06065123545607498,0.36603603698854936,-0.3053848015324744,0.675,0.35631186651930435,False,0.017885066109846567,0.07955763872368063,-0.06167257261383406,0.675,0.10507059321216651,False,False,False
197,19,Ob19.txt,143,0.24866897781240593,0.12111671213536832,0.13247945106008444,-0.01136273892471612,0.525,0.4870599992039935,False,0.08191196075583596,0.06684965688573168,0.01506230387010428,0.425,0.32940160641038924,False,False,False
198,1,Ob1.txt,28,0.6149875503368477,0.08315455710391995,0.19571479539861755,-0.1125602382946976,0.775,0.1352133991303948,False,0.060243630460497216,0.2285026658739442,-0.16825903541344697,0.875,0.09795910572092055,False,False,False
198,2,Ob2.txt,43,0.6340761970705351,0.5038689580265292,0.19700760505810241,0.30686135296842676,0.175,0.7946504857845633,True,0.3344960461418831,0.2405677223000246,0.09392832384185851,0.375,0.5275328859327509,False,False,True
198,3,Ob3.txt,40,0.20568362552957317,0.5262903724373984,0.25312713295954675,0.27316323947785165,0.125,2.5587373379011566,True,0.132487569012541,0.2787599544241228,-0.14627238541158183,0.75,0.6441327970149571,False,False,True
198,4,Ob4.txt,58,0.012476534151005622,0.021696695172317246,0.22788492592217335,-0.2061882307498561,0.925,1.7390001830410946,False,0.05680573860611644,0.22839583932521312,-0.1715901007190967,0.7,4.553006301155985,False,False,False
198,5,Ob5.txt,93,0.44820552672481995,0.08746457012402523,0.273123444309213,-0.18565887418518776,0.775,0.19514389026649584,False,0.19559013871806175,0.21543387121838514,-0.019843732500323397,0.525,0.4363849329286521,False,False,False
198,6,Ob6.txt,112,0.23042013991474447,0.07314410534893989,0.23186694774369632,-0.15872284239475642,0.775,0.31743798687043256,False,0.5293684478156809,0.20489673820540782,0.3244717096102731,0.025,2.297405287626105,True,False,True
198,7,Ob7.txt,33,0.20040115673822606,0.16785930370926036,0.30750763180948437,-0.139648328100224,0.725,0.8376164411492221,False,0.3948356607160646,0.21746092502911946,0.17737473568694512,0.175,1.9702264554880715,True,False,True
198,8,Ob8.txt,84,0.05988044198674833,0.05131777297505741,0.15484902538022638,-0.10353125240516897,0.825,0.8570039110000915,False,0.1405167716233005,0.19940153682558837,-0.05888476520228786,0.675,2.3466221517602888,False,False,False
198,9,Ob9.txt,37,0.6432620352914551,0.3113216380061147,0.10788816948318884,0.20343346852292582,0.25,0.4839732813783394,True,0.4252334036198826,0.25433820483439984,0.17089519878548276,0.4,0.661057827588432,False,False,True
198,10,Ob10.txt,36,0.09276381413898459,0.2856896922634514,0.26411622104402477,0.021573471219426654,0.475,3.079753618532903,False,0.3656316522890656,0.2198223536136105,0.14580929867545508,0.25,3.9415331903154955,True,False,True
198,11,Ob11.txt,119,0.07358906795893105,0.06549021917064549,0.12600792323903548,-0.060517704068389994,0.725,0.8899449468118632,False,0.21009707978061481,0.12347083618295776,0.08662624359765705,0.325,2.855003951101362,True,False,True
198,12,Ob12.txt,91,0.5268995756650201,0.1965312014787507,0.2495131143664821,-0.05298191288773141,0.675,0.37299555846235244,False,0.2805709959776098,0.16010114085763233,0.12046985511997749,0.25,0.5324942530528525,True,False,True
198,13,Ob13.txt,102,0.1449842907486132,0.053003088724352,0.15753358220154606,-0.10453049347719406,0.8,0.3655781495407218,False,0.03399978790609698,0.13381830696585056,-0.09981851905975359,0.9,0.2345067022816208,False,False,False
198,14,Ob14.txt,47,0.14764151146617815,0.5256060015405013,0.22209101731595576,0.30351498422454554,0.15,3.5600150413043394,True,0.22893640286049932,0.30894128231542245,-0.08000487945492313,0.575,1.550623537967127,False,False,True
198,15,Ob15.txt,96,0.29689990719950576,0.012286535108600227,0.1441820609424191,-0.13189552583381886,0.9,0.04138275159629514,False,0.006846588560404709,0.1818683481065584,-0.17502175954615368,0.975,0.023060258337514586,False,False,False
198,16,Ob16.txt,84,0.19619156418308772,0.12684238691787325,0.20039863806170646,-0.07355625114383321,0.65,0.6465231440812755,False,0.07608382669123587,0.1645783943639181,-0.08849456767268224,0.675,0.38780376214460355,False,False,False
198,17,Ob17.txt,122,0.3365112080666052,0.23044653878353075,0.14493665281152351,0.08550988597200723,0.225,0.6848108867087683,True,0.47391951551694755,0.16482126783613324,0.3090982476808143,0.05,1.4083320381505549,True,True,True
198,18,Ob18.txt,103,0.03436451956777159,0.25607583202583784,0.0,0.25607583202583784,0.125,7.451750679092744,True,0.3197263448059653,0.0,0.3197263448059653,0.075,9.303966673400472,True,True,True
198,19,Ob19.txt,143,0.35759470325018744,0.5314442499931602,0.14132460268133606,0.39011964731182414,0.0,1.4861636516504573,True,0.42445815594455666,0.08399728257618505,0.3404608733683716,0.0,1.1869811048280234,True,True,True
199,1,Ob1.txt,28,0.6530914258698804,0.5703887819507422,0.3002020343795333,0.27018674757120886,0.15,0.873367432731209,True,0.5196961561726294,0.2682947209667518,0.25140143520587765,0.15,0.7957479390889627,True,True,True
199,2,Ob2.txt,43,0.2637524017898535,0.2573256051415612,0.33810716350212,-0.08078155836055878,0.6,0.9756332203813907,False,0.0885374646095691,0.27975924112240735,-0.19122177651283825,0.825,0.3356840127663062,False,False,False
199,3,Ob3.txt,40,0.053284660292712255,0.10269047267759665,0.19890422453602274,-0.0962137518584261,0.6,1.9272051677439639,False,0.11388450633930347,0.28181259568257244,-0.16792808934326897,0.85,2.1372850218748503,False,False,False
199,4,Ob4.txt,58,0.4410832090040714,0.9952374827664343,0.3244742224496076,0.6707632603168268,0.0,2.256348603733061,True,0.7309514380723974,0.3694570763506108,0.36149436172178656,0.125,1.6571735743984088,True,True,True
199,5,Ob5.txt,93,0.05467744764385038,0.15050822108144873,0.1493037375126898,0.001204483568758935,0.5,2.7526563065234178,False,0.0045675807180757255,0.19053708007507347,-0.18596949935699775,0.975,0.08353683126958186,False,False,False
199,6,Ob6.txt,112,0.3241361535249141,0.1737213978859501,0.1993525279773233,-0.025631130091373217,0.575,0.5359519325344166,False,0.16349081369700685,0.20084323054397185,-0.037352416846965,0.6,0.5043893188682529,False,False,False
199,7,Ob7.txt,33,0.1987448058486951,1.1609630322609383,0.28943210254865004,0.8715309297122883,0.0,5.841476094448386,True,1.4466342429078085,0.29352475816973506,1.1531094847380734,0.0,7.278853083632961,True,True,True
199,8,Ob8.txt,84,0.1389516300151882,0.08722863210405592,0.13732253383114995,-0.050093901727094034,0.575,0.6277625681290773,False,0.04173981093853485,0.1430103315319906,-0.10127052059345576,0.925,0.30039094132233246,False,False,False
199,9,Ob9.txt,37,0.3560252346056399,0.1603277040527893,0.30106940057044196,-0.14074169651765267,0.7,0.4503267984090516,False,0.050085788861471414,0.2363022885665591,-0.1862164997050877,0.85,0.14068044619632136,False,False,False
199,10,Ob10.txt,36,0.455585043910246,0.0735371323513675,0.3196504327566023,-0.24611330040523482,0.95,0.16141252513516424,False,0.04484258696050747,0.24338202096943035,-0.19853943400892288,0.925,0.09842857565214942,False,False,False
199,11,Ob11.txt,119,0.3333371560340396,0.001485192423878387,0.15395676896795793,-0.15247157654407956,1.0,0.004455526175205991,False,0.08176015473486445,0.18307837303068286,-0.10131821829581841,0.825,0.24527765133544038,False,False,False
199,12,Ob12.txt,91,0.18157343076262727,0.1911072197532647,0.13440563556531476,0.05670158418794993,0.3,1.0525065200926949,True,0.28810854697077837,0.16075551394440485,0.12735303302637352,0.325,1.5867329584548386,True,True,True
199,13,Ob13.txt,102,0.1364026004316211,0.01105685029258402,0.0,0.01105685029258402,0.0,0.08106040689544508,False,0.2504586585383612,0.0,0.2504586585383612,0.0,1.836172167875323,True,False,True
199,14,Ob14.txt,47,0.5220616040375521,0.1889825569280312,0.2211948505001331,-0.0322122935721019,0.55,0.3619928289429184,False,0.6649687672355912,0.2696568629682592,0.395311904267332,0.05,1.2737362067863542,True,False,True
199,15,Ob15.txt,96,0.20242737973870129,0.4153815985688272,0.14179776386120296,0.27358383470762426,0.25,2.052003039830941,True,0.3590462398802302,0.25380565017423173,0.10524058970599848,0.3,1.77370393443662,True,True,True
199,16,Ob16.txt,84,0.23679588987726796,0.041315556888082194,0.16675501104366214,-0.12543945415557994,1.0,0.17447750849685853,False,0.13525233742577147,0.1437772085762134,-0.008524871150441926,0.55,0.5711768793616865,False,False,False
199,17,Ob17.txt,122,0.12488746004007967,0.04119703019755999,0.1822223962122024,-0.1410253660146424,0.875,0.3298732329437942,False,0.2533331627550411,0.22196503424047992,0.03136812851456117,0.45,2.028491592940875,False,False,False
199,18,Ob18.txt,103,0.11261994756348051,0.15858545862645754,0.21594747137814563,-0.05736201275168809,0.575,1.4081471538340722,False,0.18734387309671235,0.04580214968033258,0.14154172341637977,0.275,1.6635052417433616,True,False,True
199,19,Ob19.txt,143,0.01940683572307525,0.20442850005711252,0.10070282066264902,0.1037256793944635,0.275,10.533839878597083,True,0.6006974371151919,0.1383999237111354,0.46229751340405645,0.0,30.952878959084835,True,True,True
200,1,Ob1.txt,28,0.31278933962012195,0.02003571182428346,0.26716972697485714,-0.24713401515057368,0.95,0.06405497018733611,False,0.005064995933207143,0.2877376089204552,-0.28267261298724805,0.975,0.016192994107019458,False,False,False
200,2,Ob2.txt,43,0.024960650691255692,0.1542090347953874,0.2676361935468266,-0.11342715875143922,0.65,6.178085527610483,False,0.20502415225588888,0.19737777727584574,0.007646374980043141,0.5,8.213894533114624,False,False,False
200,3,Ob3.txt,40,0.5910751044325636,0.7084867717278968,0.2982130290026399,0.41027374272525685,0.05,1.198640860382792,True,0.21483709618885888,0.2510891605162662,-0.036252064327407296,0.55,0.3634683555063684,False,False,True
200,4,Ob4.txt,58,0.20334626569523562,0.0552273593299063,0.1619006231822812,-0.10667326385237491,0.8,0.2715926901390856,False,0.4814803384061869,0.28255696131380303,0.1989233770923839,0.225,2.3677854951504425,True,False,True
200,5,Ob5.txt,93,0.2074495059332963,0.13512106093839496,0.18560389857174903,-0.050482837633354066,0.6,0.6513443371701354,False,0.25482126841014896,0.23594650754388408,0.018874760866264884,0.45,1.2283532190820674,False,False,False
200,6,Ob6.txt,112,0.050907155827508876,0.0015077242428856302,0.18617027457494256,-0.18466255033205692,1.0,0.02961713767695692,False,0.0019806118848227916,0.23203319665941052,-0.23005258477458773,1.0,0.03890635516024098,False,False,False
200,7,Ob7.txt,33,0.1449358464752297,0.02865869695889245,0.2614243142473751,-0.23276561728848266,0.925,0.19773367083339435,False,0.03299387977353513,0.38519810291378326,-0.35220422314024813,0.85,0.22764471713472179,False,False,False
200,8,Ob8.txt,84,0.03761197517542373,0.38870485207885885,0.23905238839264173,0.14965246368621712,0.35,10.334603547564948,True,0.2316635689674607,0.1820729266400015,0.04959064232745922,0.375,6.159303463510564,False,False,True
200,9,Ob9.txt,37,0.025196689669402292,0.08660099891664347,0.24184513870605523,-0.15524413978941176,0.775,3.4369990682469593,False,0.29249659670879713,0.2757847382186357,0.016711858490161435,0.475,11.60853272975742,False,False,False
200,10,Ob10.txt,36,0.16632071226885445,0.23158896904294435,0.27336447922372037,-0.04177551018077602,0.6,1.3924241057156184,False,0.04692675684048739,0.24747057265364453,-0.20054381581315714,0.9,0.2821461993538792,False,False,False
200,11,Ob11.txt,119,0.28887131030211893,0.06495774342497285,0.18762965136574147,-0.12267190794076863,0.875,0.224867410187035,False,0.19007033291220632,0.22936856960830432,-0.039298236696098,0.55,0.6579758049126422,False,False,False
200,12,Ob12.txt,91,0.022050689649299737,0.15758628014029413,0.12437457422061585,0.033211705919678286,0.45,7.146546554624362,False,0.01471606926232738,0.1098504518266838,-0.09513438256435643,0.925,0.6673745581827967,False,False,False
200,13,Ob13.txt,102,0.4118013896255732,0.4991625145340798,0.22003207737437902,0.27913043715970076,0.0,1.2121438322195535,True,0.23800295853490758,0.19115243917694763,0.04685051935795995,0.45,0.5779556954659858,False,False,True
200,14,Ob14.txt,47,0.21211267033518774,0.2192099100794018,0.16414340397799237,0.055066506101409424,0.425,1.0334597633088054,False,0.12527544620669745,0.18161178599239208,-0.056336339785694634,0.7,0.5906080292550788,False,False,False
200,15,Ob15.txt,96,0.07566600468111775,0.07491036964018853,0.27765096792303084,-0.2027405982828423,0.875,0.9900135464517557,False,0.19029782800379708,0.11951627278022703,0.07078155522357005,0.325,2.5149712715211643,True,False,True
200,16,Ob16.txt,84,0.09874582111409433,0.16051356282511048,0.2222555650312366,-0.061742002206126134,0.575,1.6255225893523897,False,0.3242321615907714,0.15252304198419397,0.17170911960657742,0.15,3.2835026123904765,True,False,True
200,17,Ob17.txt,122,0.43122801629341856,0.24321727593960527,0.23723529819240244,0.005981977747202827,0.475,0.5640108405528875,False,0.39303865671706084,0.17925233805492202,0.21378631866213882,0.175,0.9114404488265607,True,False,True
200,18,Ob18.txt,103,0.6773575987559397,0.48508905464124796,0.0,0.48508905464124796,0.0,0.7161491293995678,True,0.4000063589321705,0.0,0.4000063589321705,0.0,0.5905394132535564,True,True,True
200,19,Ob19.txt,143,0.47477979712971885,0.4834521386762468,0.2545695598955838,0.22888257878066304,0.025,1.0182660290074612,True,0.489675217693847,0.10511127556260963,0.38456394213123735,0.025,1.0313733243372578,True,True,True
