ob,dataset,spectral_set,start_index,end_index_exclusive,run_frames,run_duration_sec
1,Ob1.txt,high,0,198,198,1.9799999999999407
1,Ob1.txt,low,198,199,1,0.0099999999999997
1,Ob1.txt,high,199,208,9,0.0899999999999973
1,Ob1.txt,low,208,277,69,0.6899999999999793
1,Ob1.txt,high,277,279,2,0.0199999999999994
1,Ob1.txt,low,279,329,50,0.499999999999985
1,Ob1.txt,high,329,364,35,0.3499999999999895
1,Ob1.txt,low,364,368,4,0.0399999999999988
1,Ob1.txt,high,368,386,18,0.1799999999999946
1,Ob1.txt,low,386,391,5,0.049999999999998504
1,Ob1.txt,high,391,392,1,0.0099999999999997
1,Ob1.txt,low,392,400,8,0.0799999999999976
1,Ob1.txt,high,400,401,1,0.0099999999999997
1,Ob1.txt,low,401,409,8,0.0799999999999976
1,Ob1.txt,high,409,412,3,0.0299999999999991
1,Ob1.txt,low,412,414,2,0.0199999999999994
1,Ob1.txt,high,414,514,100,0.99999999999997
1,Ob1.txt,low,514,517,3,0.0299999999999991
1,Ob1.txt,high,517,518,1,0.0099999999999997
1,Ob1.txt,low,518,527,9,0.0899999999999973
1,Ob1.txt,high,527,529,2,0.0199999999999994
1,Ob1.txt,low,529,532,3,0.0299999999999991
1,Ob1.txt,high,532,573,41,0.4099999999999877
1,Ob1.txt,low,573,603,30,0.299999999999991
1,Ob1.txt,high,603,630,27,0.2699999999999919
1,Ob1.txt,low,630,631,1,0.0099999999999997
1,Ob1.txt,high,631,637,6,0.0599999999999982
1,Ob1.txt,low,637,643,6,0.0599999999999982
1,Ob1.txt,high,643,658,15,0.1499999999999955
1,Ob1.txt,low,658,659,1,0.0099999999999997
1,Ob1.txt,high,659,661,2,0.0199999999999994
1,Ob1.txt,low,661,667,6,0.0599999999999982
1,Ob1.txt,high,667,668,1,0.0099999999999997
1,Ob1.txt,low,668,669,1,0.0099999999999997
1,Ob1.txt,high,669,680,11,0.1099999999999967
1,Ob1.txt,low,680,682,2,0.0199999999999994
1,Ob1.txt,high,682,685,3,0.0299999999999991
1,Ob1.txt,low,685,688,3,0.0299999999999991
1,Ob1.txt,high,688,690,2,0.0199999999999994
1,Ob1.txt,low,690,774,84,0.8399999999999748
1,Ob1.txt,high,774,776,2,0.0199999999999994
1,Ob1.txt,low,776,778,2,0.0199999999999994
1,Ob1.txt,high,778,782,4,0.0399999999999988
1,Ob1.txt,low,782,787,5,0.049999999999998504
1,Ob1.txt,high,787,1026,239,2.389999999999928
1,Ob1.txt,low,1026,1027,1,0.0099999999999997
1,Ob1.txt,high,1027,1035,8,0.0799999999999976
1,Ob1.txt,low,1035,1036,1,0.0099999999999997
1,Ob1.txt,high,1036,1038,2,0.0199999999999994
1,Ob1.txt,low,1038,1040,2,0.0199999999999994
1,Ob1.txt,high,1040,1060,20,0.19999999999999402
1,Ob1.txt,low,1060,1103,43,0.4299999999999871
1,Ob1.txt,high,1103,1106,3,0.0299999999999991
1,Ob1.txt,low,1106,1111,5,0.049999999999998504
1,Ob1.txt,high,1111,1112,1,0.0099999999999997
1,Ob1.txt,low,1112,1120,8,0.0799999999999976
1,Ob1.txt,high,1120,1121,1,0.0099999999999997
1,Ob1.txt,low,1121,1170,49,0.4899999999999853
1,Ob1.txt,high,1170,1171,1,0.0099999999999997
1,Ob1.txt,low,1171,1177,6,0.0599999999999982
1,Ob1.txt,high,1177,1182,5,0.049999999999998504
1,Ob1.txt,low,1182,1184,2,0.0199999999999994
1,Ob1.txt,high,1184,1191,7,0.0699999999999979
1,Ob1.txt,low,1191,1200,9,0.0899999999999973
1,Ob1.txt,high,1200,1202,2,0.0199999999999994
1,Ob1.txt,low,1202,1203,1,0.0099999999999997
1,Ob1.txt,high,1203,1204,1,0.0099999999999997
1,Ob1.txt,low,1204,1206,2,0.0199999999999994
1,Ob1.txt,high,1206,1283,77,0.7699999999999769
1,Ob1.txt,low,1283,1290,7,0.0699999999999979
1,Ob1.txt,high,1290,1291,1,0.0099999999999997
1,Ob1.txt,low,1291,1295,4,0.0399999999999988
1,Ob1.txt,high,1295,1299,4,0.0399999999999988
1,Ob1.txt,low,1299,1301,2,0.0199999999999994
1,Ob1.txt,high,1301,1474,173,1.729999999999948
1,Ob1.txt,low,1474,1519,45,0.4499999999999865
1,Ob1.txt,high,1519,1520,1,0.0099999999999997
1,Ob1.txt,low,1520,1740,220,2.199999999999934
1,Ob1.txt,high,1740,1743,3,0.0299999999999991
1,Ob1.txt,low,1743,1744,1,0.0099999999999997
1,Ob1.txt,high,1744,1745,1,0.0099999999999997
1,Ob1.txt,low,1745,1777,32,0.3199999999999904
1,Ob1.txt,high,1777,1778,1,0.0099999999999997
1,Ob1.txt,low,1778,1779,1,0.0099999999999997
1,Ob1.txt,high,1779,1817,38,0.3799999999999886
1,Ob1.txt,low,1817,1822,5,0.049999999999998504
1,Ob1.txt,high,1822,2041,219,2.189999999999934
1,Ob1.txt,low,2041,2120,79,0.7899999999999763
1,Ob1.txt,high,2120,2122,2,0.0199999999999994
1,Ob1.txt,low,2122,2129,7,0.0699999999999979
1,Ob1.txt,high,2129,2130,1,0.0099999999999997
1,Ob1.txt,low,2130,2132,2,0.0199999999999994
1,Ob1.txt,high,2132,2243,111,1.1099999999999668
1,Ob1.txt,low,2243,2289,46,0.4599999999999862
1,Ob1.txt,high,2289,2291,2,0.0199999999999994
1,Ob1.txt,low,2291,2297,6,0.0599999999999982
1,Ob1.txt,high,2297,2299,2,0.0199999999999994
1,Ob1.txt,low,2299,2588,289,2.8899999999999135
1,Ob1.txt,high,2588,2607,19,0.1899999999999943
1,Ob1.txt,low,2607,2617,10,0.09999999999999701
1,Ob1.txt,high,2617,2627,10,0.09999999999999701
1,Ob1.txt,low,2627,2663,36,0.3599999999999892
1,Ob1.txt,high,2663,2669,6,0.0599999999999982
1,Ob1.txt,low,2669,2674,5,0.049999999999998504
1,Ob1.txt,high,2674,2675,1,0.0099999999999997
1,Ob1.txt,low,2675,2683,8,0.0799999999999976
1,Ob1.txt,high,2683,2685,2,0.0199999999999994
1,Ob1.txt,low,2685,2699,14,0.1399999999999958
1,Ob1.txt,high,2699,2701,2,0.0199999999999994
1,Ob1.txt,low,2701,2726,25,0.2499999999999925
1,Ob1.txt,high,2726,2812,86,0.8599999999999742
1,Ob1.txt,low,2812,2816,4,0.0399999999999988
1,Ob1.txt,high,2816,2818,2,0.0199999999999994
1,Ob1.txt,low,2818,3339,521,5.209999999999844
1,Ob1.txt,high,3339,3353,14,0.1399999999999958
1,Ob1.txt,low,3353,3356,3,0.0299999999999991
1,Ob1.txt,high,3356,3359,3,0.0299999999999991
1,Ob1.txt,low,3359,3425,66,0.6599999999999802
1,Ob1.txt,high,3425,3428,3,0.0299999999999991
1,Ob1.txt,low,3428,3502,74,0.7399999999999778
1,Ob1.txt,high,3502,3507,5,0.049999999999998504
1,Ob1.txt,low,3507,3514,7,0.0699999999999979
1,Ob1.txt,high,3514,3515,1,0.0099999999999997
1,Ob1.txt,low,3515,3516,1,0.0099999999999997
1,Ob1.txt,high,3516,3519,3,0.0299999999999991
1,Ob1.txt,low,3519,3522,3,0.0299999999999991
1,Ob1.txt,high,3522,3530,8,0.0799999999999976
1,Ob1.txt,low,3530,3532,2,0.0199999999999994
1,Ob1.txt,high,3532,3653,121,1.2099999999999638
1,Ob1.txt,low,3653,4005,352,3.5199999999998943
1,Ob1.txt,high,4005,4007,2,0.0199999999999994
1,Ob1.txt,low,4007,4014,7,0.0699999999999979
1,Ob1.txt,high,4014,4117,103,1.0299999999999692
1,Ob1.txt,low,4117,4134,17,0.1699999999999949
1,Ob1.txt,high,4134,4142,8,0.0799999999999976
1,Ob1.txt,low,4142,4182,40,0.39999999999998803
1,Ob1.txt,high,4182,4184,2,0.0199999999999994
1,Ob1.txt,low,4184,4197,13,0.1299999999999961
1,Ob1.txt,high,4197,4264,67,0.66999999999998
1,Ob1.txt,low,4264,4368,104,1.0399999999999687
1,Ob1.txt,high,4368,4370,2,0.0199999999999994
1,Ob1.txt,low,4370,4371,1,0.0099999999999997
1,Ob1.txt,high,4371,4374,3,0.0299999999999991
1,Ob1.txt,low,4374,4375,1,0.0099999999999997
1,Ob1.txt,high,4375,4398,23,0.2299999999999931
1,Ob1.txt,low,4398,4777,379,3.7899999999998863
1,Ob1.txt,high,4777,4784,7,0.0699999999999979
1,Ob1.txt,low,4784,4788,4,0.0399999999999988
1,Ob1.txt,high,4788,4789,1,0.0099999999999997
1,Ob1.txt,low,4789,4814,25,0.2499999999999925
1,Ob1.txt,high,4814,4815,1,0.0099999999999997
1,Ob1.txt,low,4815,4824,9,0.0899999999999973
1,Ob1.txt,high,4824,4825,1,0.0099999999999997
1,Ob1.txt,low,4825,4830,5,0.049999999999998504
1,Ob1.txt,high,4830,4948,118,1.1799999999999646
1,Ob1.txt,low,4948,4953,5,0.049999999999998504
1,Ob1.txt,high,4953,4968,15,0.1499999999999955
1,Ob1.txt,low,4968,4974,6,0.0599999999999982
1,Ob1.txt,high,4974,4975,1,0.0099999999999997
1,Ob1.txt,low,4975,5009,34,0.3399999999999898
1,Ob1.txt,high,5009,5016,7,0.0699999999999979
1,Ob1.txt,low,5016,5023,7,0.0699999999999979
1,Ob1.txt,high,5023,5026,3,0.0299999999999991
1,Ob1.txt,low,5026,5066,40,0.39999999999998803
1,Ob1.txt,high,5066,5070,4,0.0399999999999988
1,Ob1.txt,low,5070,5074,4,0.0399999999999988
1,Ob1.txt,high,5074,5207,133,1.32999999999996
1,Ob1.txt,low,5207,5221,14,0.1399999999999958
1,Ob1.txt,high,5221,5227,6,0.0599999999999982
1,Ob1.txt,low,5227,5228,1,0.0099999999999997
1,Ob1.txt,high,5228,5240,12,0.1199999999999964
1,Ob1.txt,low,5240,5244,4,0.0399999999999988
1,Ob1.txt,high,5244,5262,18,0.1799999999999946
1,Ob1.txt,low,5262,5347,85,0.8499999999999746
1,Ob1.txt,high,5347,5351,4,0.0399999999999988
1,Ob1.txt,low,5351,5382,31,0.3099999999999907
1,Ob1.txt,high,5382,5383,1,0.0099999999999997
1,Ob1.txt,low,5383,5384,1,0.0099999999999997
1,Ob1.txt,high,5384,5823,439,4.389999999999868
1,Ob1.txt,low,5823,5824,1,0.0099999999999997
1,Ob1.txt,high,5824,5826,2,0.0199999999999994
1,Ob1.txt,low,5826,5834,8,0.0799999999999976
1,Ob1.txt,high,5834,5839,5,0.049999999999998504
1,Ob1.txt,low,5839,5840,1,0.0099999999999997
1,Ob1.txt,high,5840,5841,1,0.0099999999999997
1,Ob1.txt,low,5841,5845,4,0.0399999999999988
1,Ob1.txt,high,5845,5847,2,0.0199999999999994
1,Ob1.txt,low,5847,6026,179,1.7899999999999463
1,Ob1.txt,high,6026,6055,29,0.2899999999999913
1,Ob1.txt,low,6055,6067,12,0.1199999999999964
1,Ob1.txt,high,6067,6068,1,0.0099999999999997
1,Ob1.txt,low,6068,6070,2,0.0199999999999994
1,Ob1.txt,high,6070,6077,7,0.0699999999999979
1,Ob1.txt,low,6077,6092,15,0.1499999999999955
1,Ob1.txt,high,6092,6128,36,0.3599999999999892
1,Ob1.txt,low,6128,6132,4,0.0399999999999988
1,Ob1.txt,high,6132,6153,21,0.2099999999999937
1,Ob1.txt,low,6153,6157,4,0.0399999999999988
1,Ob1.txt,high,6157,6161,4,0.0399999999999988
1,Ob1.txt,low,6161,6168,7,0.0699999999999979
1,Ob1.txt,high,6168,6169,1,0.0099999999999997
1,Ob1.txt,low,6169,6170,1,0.0099999999999997
1,Ob1.txt,high,6170,6171,1,0.0099999999999997
1,Ob1.txt,low,6171,6172,1,0.0099999999999997
1,Ob1.txt,high,6172,6176,4,0.0399999999999988
1,Ob1.txt,low,6176,6284,108,1.0799999999999677
1,Ob1.txt,high,6284,6299,15,0.1499999999999955
1,Ob1.txt,low,6299,6304,5,0.049999999999998504
1,Ob1.txt,high,6304,6343,39,0.3899999999999883
1,Ob1.txt,low,6343,6348,5,0.049999999999998504
1,Ob1.txt,high,6348,6356,8,0.0799999999999976
1,Ob1.txt,low,6356,6427,71,0.7099999999999788
1,Ob1.txt,high,6427,6501,74,0.7399999999999778
1,Ob1.txt,low,6501,6553,52,0.5199999999999844
1,Ob1.txt,high,6553,6555,2,0.0199999999999994
1,Ob1.txt,low,6555,6559,4,0.0399999999999988
1,Ob1.txt,high,6559,6568,9,0.0899999999999973
1,Ob1.txt,low,6568,6574,6,0.0599999999999982
1,Ob1.txt,high,6574,6575,1,0.0099999999999997
1,Ob1.txt,low,6575,6576,1,0.0099999999999997
1,Ob1.txt,high,6576,6684,108,1.0799999999999677
1,Ob1.txt,low,6684,6730,46,0.4599999999999862
1,Ob1.txt,high,6730,6758,28,0.2799999999999916
1,Ob1.txt,low,6758,6769,11,0.1099999999999967
1,Ob1.txt,high,6769,6772,3,0.0299999999999991
1,Ob1.txt,low,6772,6775,3,0.0299999999999991
1,Ob1.txt,high,6775,6776,1,0.0099999999999997
1,Ob1.txt,low,6776,6810,34,0.3399999999999898
1,Ob1.txt,high,6810,6885,75,0.7499999999999775
1,Ob1.txt,low,6885,6887,2,0.0199999999999994
1,Ob1.txt,high,6887,6894,7,0.0699999999999979
1,Ob1.txt,low,6894,6895,1,0.0099999999999997
1,Ob1.txt,high,6895,6905,10,0.09999999999999701
1,Ob1.txt,low,6905,6990,85,0.8499999999999746
1,Ob1.txt,high,6990,6993,3,0.0299999999999991
1,Ob1.txt,low,6993,6997,4,0.0399999999999988
1,Ob1.txt,high,6997,7000,3,0.0299999999999991
1,Ob1.txt,low,7000,7001,1,0.0099999999999997
1,Ob1.txt,high,7001,7003,2,0.0199999999999994
1,Ob1.txt,low,7003,7005,2,0.0199999999999994
1,Ob1.txt,high,7005,7009,4,0.0399999999999988
1,Ob1.txt,low,7009,7014,5,0.049999999999998504
1,Ob1.txt,high,7014,7064,50,0.499999999999985
1,Ob1.txt,low,7064,7068,4,0.0399999999999988
1,Ob1.txt,high,7068,7070,2,0.0199999999999994
1,Ob1.txt,low,7070,7072,2,0.0199999999999994
1,Ob1.txt,high,7072,7077,5,0.049999999999998504
1,Ob1.txt,low,7077,7099,22,0.2199999999999934
1,Ob1.txt,high,7099,7107,8,0.0799999999999976
1,Ob1.txt,low,7107,7253,146,1.4599999999999562
1,Ob1.txt,high,7253,7254,1,0.0099999999999997
1,Ob1.txt,low,7254,7255,1,0.0099999999999997
1,Ob1.txt,high,7255,7256,1,0.0099999999999997
1,Ob1.txt,low,7256,7259,3,0.0299999999999991
1,Ob1.txt,high,7259,7270,11,0.1099999999999967
1,Ob1.txt,low,7270,7333,63,0.6299999999999811
1,Ob1.txt,high,7333,7345,12,0.1199999999999964
1,Ob1.txt,low,7345,7346,1,0.0099999999999997
1,Ob1.txt,high,7346,7740,394,3.939999999999882
1,Ob1.txt,low,7740,7742,2,0.0199999999999994
1,Ob1.txt,high,7742,7754,12,0.1199999999999964
1,Ob1.txt,low,7754,7757,3,0.0299999999999991
1,Ob1.txt,high,7757,7758,1,0.0099999999999997
1,Ob1.txt,low,7758,7762,4,0.0399999999999988
1,Ob1.txt,high,7762,7764,2,0.0199999999999994
1,Ob1.txt,low,7764,7766,2,0.0199999999999994
1,Ob1.txt,high,7766,7767,1,0.0099999999999997
1,Ob1.txt,low,7767,7773,6,0.0599999999999982
1,Ob1.txt,high,7773,7822,49,0.4899999999999853
1,Ob1.txt,low,7822,7929,107,1.0699999999999679
1,Ob1.txt,high,7929,7938,9,0.0899999999999973
1,Ob1.txt,low,7938,7939,1,0.0099999999999997
1,Ob1.txt,high,7939,7957,18,0.1799999999999946
1,Ob1.txt,low,7957,7958,1,0.0099999999999997
1,Ob1.txt,high,7958,8113,155,1.5499999999999534
1,Ob1.txt,low,8113,8187,74,0.7399999999999778
1,Ob1.txt,high,8187,8203,16,0.1599999999999952
1,Ob1.txt,low,8203,8217,14,0.1399999999999958
1,Ob1.txt,high,8217,8380,163,1.629999999999951
1,Ob1.txt,low,8380,8382,2,0.0199999999999994
1,Ob1.txt,high,8382,8528,146,1.4599999999999562
1,Ob1.txt,low,8528,8653,125,1.2499999999999625
1,Ob1.txt,high,8653,8661,8,0.0799999999999976
1,Ob1.txt,low,8661,8663,2,0.0199999999999994
1,Ob1.txt,high,8663,8667,4,0.0399999999999988
1,Ob1.txt,low,8667,8683,16,0.1599999999999952
1,Ob1.txt,high,8683,8684,1,0.0099999999999997
1,Ob1.txt,low,8684,8686,2,0.0199999999999994
1,Ob1.txt,high,8686,8688,2,0.0199999999999994
1,Ob1.txt,low,8688,8695,7,0.0699999999999979
1,Ob1.txt,high,8695,8698,3,0.0299999999999991
1,Ob1.txt,low,8698,8723,25,0.2499999999999925
1,Ob1.txt,high,8723,8736,13,0.1299999999999961
1,Ob1.txt,low,8736,8748,12,0.1199999999999964
1,Ob1.txt,high,8748,8749,1,0.0099999999999997
1,Ob1.txt,low,8749,8781,32,0.3199999999999904
1,Ob1.txt,high,8781,8793,12,0.1199999999999964
1,Ob1.txt,low,8793,8795,2,0.0199999999999994
1,Ob1.txt,high,8795,8796,1,0.0099999999999997
1,Ob1.txt,low,8796,8807,11,0.1099999999999967
1,Ob1.txt,high,8807,8810,3,0.0299999999999991
1,Ob1.txt,low,8810,8842,32,0.3199999999999904
1,Ob1.txt,high,8842,8954,112,1.1199999999999664
1,Ob1.txt,low,8954,8998,44,0.4399999999999868
1,Ob1.txt,high,8998,9243,245,2.4499999999999265
1,Ob1.txt,low,9243,9251,8,0.0799999999999976
1,Ob1.txt,high,9251,9254,3,0.0299999999999991
1,Ob1.txt,low,9254,9257,3,0.0299999999999991
1,Ob1.txt,high,9257,9260,3,0.0299999999999991
1,Ob1.txt,low,9260,9269,9,0.0899999999999973
1,Ob1.txt,high,9269,9270,1,0.0099999999999997
1,Ob1.txt,low,9270,9289,19,0.1899999999999943
1,Ob1.txt,high,9289,9291,2,0.0199999999999994
1,Ob1.txt,low,9291,9305,14,0.1399999999999958
1,Ob1.txt,high,9305,9308,3,0.0299999999999991
1,Ob1.txt,low,9308,9315,7,0.0699999999999979
1,Ob1.txt,high,9315,9318,3,0.0299999999999991
1,Ob1.txt,low,9318,9625,307,3.069999999999908
1,Ob1.txt,high,9625,9634,9,0.0899999999999973
1,Ob1.txt,low,9634,9644,10,0.09999999999999701
1,Ob1.txt,high,9644,9648,4,0.0399999999999988
1,Ob1.txt,low,9648,9687,39,0.3899999999999883
1,Ob1.txt,high,9687,9735,48,0.4799999999999856
1,Ob1.txt,low,9735,9738,3,0.0299999999999991
1,Ob1.txt,high,9738,9799,61,0.6099999999999817
1,Ob1.txt,low,9799,9805,6,0.0599999999999982
1,Ob1.txt,high,9805,9808,3,0.0299999999999991
1,Ob1.txt,low,9808,9809,1,0.0099999999999997
1,Ob1.txt,high,9809,9837,28,0.2799999999999916
1,Ob1.txt,low,9837,9849,12,0.1199999999999964
1,Ob1.txt,high,9849,9885,36,0.3599999999999892
1,Ob1.txt,low,9885,9886,1,0.0099999999999997
1,Ob1.txt,high,9886,9915,29,0.2899999999999913
1,Ob1.txt,low,9915,9942,27,0.2699999999999919
1,Ob1.txt,high,9942,10225,283,2.8299999999999153
1,Ob1.txt,low,10225,10322,97,0.9699999999999709
1,Ob1.txt,high,10322,10326,4,0.0399999999999988
1,Ob1.txt,low,10326,10328,2,0.0199999999999994
1,Ob1.txt,high,10328,10329,1,0.0099999999999997
1,Ob1.txt,low,10329,10330,1,0.0099999999999997
1,Ob1.txt,high,10330,10437,107,1.0699999999999679
1,Ob1.txt,low,10437,10438,1,0.0099999999999997
1,Ob1.txt,high,10438,10440,2,0.0199999999999994
1,Ob1.txt,low,10440,10613,173,1.729999999999948
1,Ob1.txt,high,10613,10826,213,2.129999999999936
1,Ob1.txt,low,10826,10946,120,1.199999999999964
1,Ob1.txt,high,10946,10949,3,0.0299999999999991
1,Ob1.txt,low,10949,10959,10,0.09999999999999701
1,Ob1.txt,high,10959,10961,2,0.0199999999999994
1,Ob1.txt,low,10961,10979,18,0.1799999999999946
1,Ob1.txt,high,10979,10989,10,0.09999999999999701
2,Ob2.txt,low,0,93,93,0.9299999999999721
2,Ob2.txt,high,93,100,7,0.0699999999999979
2,Ob2.txt,low,100,216,116,1.1599999999999653
2,Ob2.txt,high,216,281,65,0.6499999999999805
2,Ob2.txt,low,281,282,1,0.0099999999999997
2,Ob2.txt,high,282,321,39,0.3899999999999883
2,Ob2.txt,low,321,325,4,0.0399999999999988
2,Ob2.txt,high,325,329,4,0.0399999999999988
2,Ob2.txt,low,329,342,13,0.1299999999999961
2,Ob2.txt,high,342,343,1,0.0099999999999997
2,Ob2.txt,low,343,352,9,0.0899999999999973
2,Ob2.txt,high,352,353,1,0.0099999999999997
2,Ob2.txt,low,353,359,6,0.0599999999999982
2,Ob2.txt,high,359,465,106,1.0599999999999683
2,Ob2.txt,low,465,475,10,0.09999999999999701
2,Ob2.txt,high,475,484,9,0.0899999999999973
2,Ob2.txt,low,484,514,30,0.299999999999991
2,Ob2.txt,high,514,540,26,0.2599999999999922
2,Ob2.txt,low,540,549,9,0.0899999999999973
2,Ob2.txt,high,549,552,3,0.0299999999999991
2,Ob2.txt,low,552,553,1,0.0099999999999997
2,Ob2.txt,high,553,555,2,0.0199999999999994
2,Ob2.txt,low,555,557,2,0.0199999999999994
2,Ob2.txt,high,557,558,1,0.0099999999999997
2,Ob2.txt,low,558,559,1,0.0099999999999997
2,Ob2.txt,high,559,684,125,1.2499999999999625
2,Ob2.txt,low,684,685,1,0.0099999999999997
2,Ob2.txt,high,685,687,2,0.0199999999999994
2,Ob2.txt,low,687,716,29,0.2899999999999913
2,Ob2.txt,high,716,741,25,0.2499999999999925
2,Ob2.txt,low,741,743,2,0.0199999999999994
2,Ob2.txt,high,743,744,1,0.0099999999999997
2,Ob2.txt,low,744,767,23,0.2299999999999931
2,Ob2.txt,high,767,778,11,0.1099999999999967
2,Ob2.txt,low,778,802,24,0.2399999999999928
2,Ob2.txt,high,802,810,8,0.0799999999999976
2,Ob2.txt,low,810,812,2,0.0199999999999994
2,Ob2.txt,high,812,813,1,0.0099999999999997
2,Ob2.txt,low,813,834,21,0.2099999999999937
2,Ob2.txt,high,834,897,63,0.6299999999999811
2,Ob2.txt,low,897,899,2,0.0199999999999994
2,Ob2.txt,high,899,905,6,0.0599999999999982
2,Ob2.txt,low,905,914,9,0.0899999999999973
2,Ob2.txt,high,914,967,53,0.5299999999999842
2,Ob2.txt,low,967,973,6,0.0599999999999982
2,Ob2.txt,high,973,981,8,0.0799999999999976
2,Ob2.txt,low,981,984,3,0.0299999999999991
2,Ob2.txt,high,984,985,1,0.0099999999999997
2,Ob2.txt,low,985,1027,42,0.4199999999999874
2,Ob2.txt,high,1027,1028,1,0.0099999999999997
2,Ob2.txt,low,1028,1030,2,0.0199999999999994
2,Ob2.txt,high,1030,1032,2,0.0199999999999994
2,Ob2.txt,low,1032,1118,86,0.8599999999999742
2,Ob2.txt,high,1118,1128,10,0.09999999999999701
2,Ob2.txt,low,1128,1133,5,0.049999999999998504
2,Ob2.txt,high,1133,1139,6,0.0599999999999982
2,Ob2.txt,low,1139,1150,11,0.1099999999999967
2,Ob2.txt,high,1150,1177,27,0.2699999999999919
2,Ob2.txt,low,1177,1191,14,0.1399999999999958
2,Ob2.txt,high,1191,1246,55,0.5499999999999835
2,Ob2.txt,low,1246,1248,2,0.0199999999999994
2,Ob2.txt,high,1248,1270,22,0.2199999999999934
2,Ob2.txt,low,1270,1271,1,0.0099999999999997
2,Ob2.txt,high,1271,1273,2,0.0199999999999994
2,Ob2.txt,low,1273,1294,21,0.2099999999999937
2,Ob2.txt,high,1294,1428,134,1.33999999999996
2,Ob2.txt,low,1428,1443,15,0.1499999999999955
2,Ob2.txt,high,1443,1445,2,0.0199999999999994
2,Ob2.txt,low,1445,1454,9,0.0899999999999973
2,Ob2.txt,high,1454,1683,229,2.289999999999931
2,Ob2.txt,low,1683,1736,53,0.5299999999999842
2,Ob2.txt,high,1736,1740,4,0.0399999999999988
2,Ob2.txt,low,1740,1744,4,0.0399999999999988
2,Ob2.txt,high,1744,1751,7,0.0699999999999979
2,Ob2.txt,low,1751,1752,1,0.0099999999999997
2,Ob2.txt,high,1752,1769,17,0.1699999999999949
2,Ob2.txt,low,1769,1771,2,0.0199999999999994
2,Ob2.txt,high,1771,1779,8,0.0799999999999976
2,Ob2.txt,low,1779,1780,1,0.0099999999999997
2,Ob2.txt,high,1780,1782,2,0.0199999999999994
2,Ob2.txt,low,1782,1784,2,0.0199999999999994
2,Ob2.txt,high,1784,2018,234,2.3399999999999297
2,Ob2.txt,low,2018,2100,82,0.8199999999999754
2,Ob2.txt,high,2100,2207,107,1.0699999999999679
2,Ob2.txt,low,2207,2223,16,0.1599999999999952
2,Ob2.txt,high,2223,2246,23,0.2299999999999931
2,Ob2.txt,low,2246,2253,7,0.0699999999999979
2,Ob2.txt,high,2253,2260,7,0.0699999999999979
2,Ob2.txt,low,2260,2276,16,0.1599999999999952
2,Ob2.txt,high,2276,2279,3,0.0299999999999991
2,Ob2.txt,low,2279,2295,16,0.1599999999999952
2,Ob2.txt,high,2295,2311,16,0.1599999999999952
2,Ob2.txt,low,2311,2312,1,0.0099999999999997
2,Ob2.txt,high,2312,2313,1,0.0099999999999997
2,Ob2.txt,low,2313,2327,14,0.1399999999999958
2,Ob2.txt,high,2327,2350,23,0.2299999999999931
2,Ob2.txt,low,2350,2355,5,0.049999999999998504
2,Ob2.txt,high,2355,2358,3,0.0299999999999991
2,Ob2.txt,low,2358,2367,9,0.0899999999999973
2,Ob2.txt,high,2367,2371,4,0.0399999999999988
2,Ob2.txt,low,2371,2372,1,0.0099999999999997
2,Ob2.txt,high,2372,2373,1,0.0099999999999997
2,Ob2.txt,low,2373,2374,1,0.0099999999999997
2,Ob2.txt,high,2374,2377,3,0.0299999999999991
2,Ob2.txt,low,2377,2386,9,0.0899999999999973
2,Ob2.txt,high,2386,2388,2,0.0199999999999994
2,Ob2.txt,low,2388,2395,7,0.0699999999999979
2,Ob2.txt,high,2395,2397,2,0.0199999999999994
2,Ob2.txt,low,2397,2422,25,0.2499999999999925
2,Ob2.txt,high,2422,2443,21,0.2099999999999937
2,Ob2.txt,low,2443,2446,3,0.0299999999999991
2,Ob2.txt,high,2446,2447,1,0.0099999999999997
2,Ob2.txt,low,2447,3633,1186,11.859999999999644
2,Ob2.txt,high,3633,3639,6,0.0599999999999982
2,Ob2.txt,low,3639,3655,16,0.1599999999999952
2,Ob2.txt,high,3655,3659,4,0.0399999999999988
2,Ob2.txt,low,3659,3686,27,0.2699999999999919
2,Ob2.txt,high,3686,3691,5,0.049999999999998504
2,Ob2.txt,low,3691,3694,3,0.0299999999999991
2,Ob2.txt,high,3694,3697,3,0.0299999999999991
2,Ob2.txt,low,3697,3705,8,0.0799999999999976
2,Ob2.txt,high,3705,3711,6,0.0599999999999982
2,Ob2.txt,low,3711,3815,104,1.0399999999999687
2,Ob2.txt,high,3815,3938,123,1.2299999999999631
2,Ob2.txt,low,3938,3968,30,0.299999999999991
2,Ob2.txt,high,3968,4010,42,0.4199999999999874
2,Ob2.txt,low,4010,4051,41,0.4099999999999877
2,Ob2.txt,high,4051,4052,1,0.0099999999999997
2,Ob2.txt,low,4052,4062,10,0.09999999999999701
2,Ob2.txt,high,4062,4110,48,0.4799999999999856
2,Ob2.txt,low,4110,4257,147,1.469999999999956
2,Ob2.txt,high,4257,4394,137,1.3699999999999588
2,Ob2.txt,low,4394,4548,154,1.5399999999999539
2,Ob2.txt,high,4548,4658,110,1.099999999999967
2,Ob2.txt,low,4658,4663,5,0.049999999999998504
2,Ob2.txt,high,4663,4666,3,0.0299999999999991
2,Ob2.txt,low,4666,4697,31,0.3099999999999907
2,Ob2.txt,high,4697,4701,4,0.0399999999999988
2,Ob2.txt,low,4701,4703,2,0.0199999999999994
2,Ob2.txt,high,4703,4756,53,0.5299999999999842
2,Ob2.txt,low,4756,4804,48,0.4799999999999856
2,Ob2.txt,high,4804,4806,2,0.0199999999999994
2,Ob2.txt,low,4806,4813,7,0.0699999999999979
2,Ob2.txt,high,4813,4901,88,0.8799999999999736
2,Ob2.txt,low,4901,4954,53,0.5299999999999842
2,Ob2.txt,high,4954,4956,2,0.0199999999999994
2,Ob2.txt,low,4956,4970,14,0.1399999999999958
2,Ob2.txt,high,4970,4973,3,0.0299999999999991
2,Ob2.txt,low,4973,5001,28,0.2799999999999916
2,Ob2.txt,high,5001,5004,3,0.0299999999999991
2,Ob2.txt,low,5004,5034,30,0.299999999999991
2,Ob2.txt,high,5034,5098,64,0.6399999999999808
2,Ob2.txt,low,5098,5140,42,0.4199999999999874
2,Ob2.txt,high,5140,5142,2,0.0199999999999994
2,Ob2.txt,low,5142,5145,3,0.0299999999999991
2,Ob2.txt,high,5145,5156,11,0.1099999999999967
2,Ob2.txt,low,5156,5173,17,0.1699999999999949
2,Ob2.txt,high,5173,5174,1,0.0099999999999997
2,Ob2.txt,low,5174,5248,74,0.7399999999999778
2,Ob2.txt,high,5248,5433,185,1.8499999999999446
2,Ob2.txt,low,5433,5458,25,0.2499999999999925
2,Ob2.txt,high,5458,5462,4,0.0399999999999988
2,Ob2.txt,low,5462,5466,4,0.0399999999999988
2,Ob2.txt,high,5466,5579,113,1.1299999999999661
2,Ob2.txt,low,5579,5592,13,0.1299999999999961
2,Ob2.txt,high,5592,5604,12,0.1199999999999964
2,Ob2.txt,low,5604,5609,5,0.049999999999998504
2,Ob2.txt,high,5609,5610,1,0.0099999999999997
2,Ob2.txt,low,5610,5614,4,0.0399999999999988
2,Ob2.txt,high,5614,5736,122,1.2199999999999633
2,Ob2.txt,low,5736,5740,4,0.0399999999999988
2,Ob2.txt,high,5740,5783,43,0.4299999999999871
2,Ob2.txt,low,5783,5784,1,0.0099999999999997
2,Ob2.txt,high,5784,5786,2,0.0199999999999994
2,Ob2.txt,low,5786,5828,42,0.4199999999999874
2,Ob2.txt,high,5828,5830,2,0.0199999999999994
2,Ob2.txt,low,5830,5834,4,0.0399999999999988
2,Ob2.txt,high,5834,5836,2,0.0199999999999994
2,Ob2.txt,low,5836,5839,3,0.0299999999999991
2,Ob2.txt,high,5839,5933,94,0.9399999999999719
2,Ob2.txt,low,5933,5934,1,0.0099999999999997
2,Ob2.txt,high,5934,5949,15,0.1499999999999955
2,Ob2.txt,low,5949,5985,36,0.3599999999999892
2,Ob2.txt,high,5985,5987,2,0.0199999999999994
2,Ob2.txt,low,5987,6016,29,0.2899999999999913
2,Ob2.txt,high,6016,6029,13,0.1299999999999961
2,Ob2.txt,low,6029,6036,7,0.0699999999999979
2,Ob2.txt,high,6036,6037,1,0.0099999999999997
2,Ob2.txt,low,6037,6039,2,0.0199999999999994
2,Ob2.txt,high,6039,6081,42,0.4199999999999874
2,Ob2.txt,low,6081,6122,41,0.4099999999999877
2,Ob2.txt,high,6122,6125,3,0.0299999999999991
2,Ob2.txt,low,6125,6130,5,0.049999999999998504
2,Ob2.txt,high,6130,6147,17,0.1699999999999949
2,Ob2.txt,low,6147,6208,61,0.6099999999999817
2,Ob2.txt,high,6208,6211,3,0.0299999999999991
2,Ob2.txt,low,6211,6212,1,0.0099999999999997
2,Ob2.txt,high,6212,6218,6,0.0599999999999982
2,Ob2.txt,low,6218,6220,2,0.0199999999999994
2,Ob2.txt,high,6220,6222,2,0.0199999999999994
2,Ob2.txt,low,6222,6223,1,0.0099999999999997
2,Ob2.txt,high,6223,6236,13,0.1299999999999961
2,Ob2.txt,low,6236,6238,2,0.0199999999999994
2,Ob2.txt,high,6238,6283,45,0.4499999999999865
2,Ob2.txt,low,6283,6304,21,0.2099999999999937
2,Ob2.txt,high,6304,6308,4,0.0399999999999988
2,Ob2.txt,low,6308,6310,2,0.0199999999999994
2,Ob2.txt,high,6310,6319,9,0.0899999999999973
2,Ob2.txt,low,6319,6323,4,0.0399999999999988
2,Ob2.txt,high,6323,6326,3,0.0299999999999991
2,Ob2.txt,low,6326,6330,4,0.0399999999999988
2,Ob2.txt,high,6330,6344,14,0.1399999999999958
2,Ob2.txt,low,6344,6368,24,0.2399999999999928
2,Ob2.txt,high,6368,6370,2,0.0199999999999994
2,Ob2.txt,low,6370,6376,6,0.0599999999999982
2,Ob2.txt,high,6376,6387,11,0.1099999999999967
2,Ob2.txt,low,6387,6389,2,0.0199999999999994
2,Ob2.txt,high,6389,6391,2,0.0199999999999994
2,Ob2.txt,low,6391,6392,1,0.0099999999999997
2,Ob2.txt,high,6392,6401,9,0.0899999999999973
2,Ob2.txt,low,6401,6406,5,0.049999999999998504
2,Ob2.txt,high,6406,6411,5,0.049999999999998504
2,Ob2.txt,low,6411,6424,13,0.1299999999999961
2,Ob2.txt,high,6424,6454,30,0.299999999999991
2,Ob2.txt,low,6454,6456,2,0.0199999999999994
2,Ob2.txt,high,6456,6506,50,0.499999999999985
2,Ob2.txt,low,6506,6528,22,0.2199999999999934
2,Ob2.txt,high,6528,6529,1,0.0099999999999997
2,Ob2.txt,low,6529,6539,10,0.09999999999999701
2,Ob2.txt,high,6539,6622,83,0.8299999999999751
2,Ob2.txt,low,6622,6634,12,0.1199999999999964
2,Ob2.txt,high,6634,6635,1,0.0099999999999997
2,Ob2.txt,low,6635,6640,5,0.049999999999998504
2,Ob2.txt,high,6640,6652,12,0.1199999999999964
2,Ob2.txt,low,6652,6657,5,0.049999999999998504
2,Ob2.txt,high,6657,6661,4,0.0399999999999988
2,Ob2.txt,low,6661,6664,3,0.0299999999999991
2,Ob2.txt,high,6664,6705,41,0.4099999999999877
2,Ob2.txt,low,6705,6707,2,0.0199999999999994
2,Ob2.txt,high,6707,6711,4,0.0399999999999988
2,Ob2.txt,low,6711,6796,85,0.8499999999999746
2,Ob2.txt,high,6796,6854,58,0.5799999999999826
2,Ob2.txt,low,6854,7106,252,2.5199999999999245
2,Ob2.txt,high,7106,7107,1,0.0099999999999997
2,Ob2.txt,low,7107,7113,6,0.0599999999999982
2,Ob2.txt,high,7113,7115,2,0.0199999999999994
2,Ob2.txt,low,7115,7116,1,0.0099999999999997
2,Ob2.txt,high,7116,7120,4,0.0399999999999988
2,Ob2.txt,low,7120,7122,2,0.0199999999999994
2,Ob2.txt,high,7122,7132,10,0.09999999999999701
2,Ob2.txt,low,7132,7141,9,0.0899999999999973
2,Ob2.txt,high,7141,7213,72,0.7199999999999784
2,Ob2.txt,low,7213,7223,10,0.09999999999999701
2,Ob2.txt,high,7223,7225,2,0.0199999999999994
2,Ob2.txt,low,7225,7227,2,0.0199999999999994
2,Ob2.txt,high,7227,7263,36,0.3599999999999892
2,Ob2.txt,low,7263,7265,2,0.0199999999999994
2,Ob2.txt,high,7265,7271,6,0.0599999999999982
2,Ob2.txt,low,7271,7292,21,0.2099999999999937
2,Ob2.txt,high,7292,7294,2,0.0199999999999994
2,Ob2.txt,low,7294,7372,78,0.7799999999999766
2,Ob2.txt,high,7372,7378,6,0.0599999999999982
2,Ob2.txt,low,7378,7381,3,0.0299999999999991
2,Ob2.txt,high,7381,7501,120,1.199999999999964
2,Ob2.txt,low,7501,7524,23,0.2299999999999931
2,Ob2.txt,high,7524,7528,4,0.0399999999999988
2,Ob2.txt,low,7528,7543,15,0.1499999999999955
2,Ob2.txt,high,7543,7544,1,0.0099999999999997
2,Ob2.txt,low,7544,7566,22,0.2199999999999934
2,Ob2.txt,high,7566,7619,53,0.5299999999999842
2,Ob2.txt,low,7619,7620,1,0.0099999999999997
2,Ob2.txt,high,7620,7621,1,0.0099999999999997
2,Ob2.txt,low,7621,7915,294,2.939999999999912
2,Ob2.txt,high,7915,7918,3,0.0299999999999991
2,Ob2.txt,low,7918,7927,9,0.0899999999999973
2,Ob2.txt,high,7927,7956,29,0.2899999999999913
2,Ob2.txt,low,7956,8070,114,1.1399999999999657
2,Ob2.txt,high,8070,8074,4,0.0399999999999988
2,Ob2.txt,low,8074,8078,4,0.0399999999999988
2,Ob2.txt,high,8078,8113,35,0.3499999999999895
2,Ob2.txt,low,8113,8118,5,0.049999999999998504
2,Ob2.txt,high,8118,8120,2,0.0199999999999994
2,Ob2.txt,low,8120,8145,25,0.2499999999999925
2,Ob2.txt,high,8145,8158,13,0.1299999999999961
2,Ob2.txt,low,8158,8163,5,0.049999999999998504
2,Ob2.txt,high,8163,8170,7,0.0699999999999979
2,Ob2.txt,low,8170,8324,154,1.5399999999999539
2,Ob2.txt,high,8324,8348,24,0.2399999999999928
2,Ob2.txt,low,8348,8350,2,0.0199999999999994
2,Ob2.txt,high,8350,8359,9,0.0899999999999973
2,Ob2.txt,low,8359,8360,1,0.0099999999999997
2,Ob2.txt,high,8360,8389,29,0.2899999999999913
2,Ob2.txt,low,8389,8390,1,0.0099999999999997
2,Ob2.txt,high,8390,8441,51,0.5099999999999847
2,Ob2.txt,low,8441,8443,2,0.0199999999999994
2,Ob2.txt,high,8443,8451,8,0.0799999999999976
2,Ob2.txt,low,8451,8453,2,0.0199999999999994
2,Ob2.txt,high,8453,8471,18,0.1799999999999946
2,Ob2.txt,low,8471,8475,4,0.0399999999999988
2,Ob2.txt,high,8475,8514,39,0.3899999999999883
2,Ob2.txt,low,8514,8652,138,1.3799999999999586
2,Ob2.txt,high,8652,8654,2,0.0199999999999994
2,Ob2.txt,low,8654,8656,2,0.0199999999999994
2,Ob2.txt,high,8656,8658,2,0.0199999999999994
2,Ob2.txt,low,8658,8686,28,0.2799999999999916
2,Ob2.txt,high,8686,8690,4,0.0399999999999988
2,Ob2.txt,low,8690,8704,14,0.1399999999999958
2,Ob2.txt,high,8704,8706,2,0.0199999999999994
2,Ob2.txt,low,8706,8707,1,0.0099999999999997
2,Ob2.txt,high,8707,8719,12,0.1199999999999964
2,Ob2.txt,low,8719,8735,16,0.1599999999999952
2,Ob2.txt,high,8735,8736,1,0.0099999999999997
2,Ob2.txt,low,8736,8737,1,0.0099999999999997
2,Ob2.txt,high,8737,8738,1,0.0099999999999997
2,Ob2.txt,low,8738,8741,3,0.0299999999999991
2,Ob2.txt,high,8741,8745,4,0.0399999999999988
2,Ob2.txt,low,8745,8746,1,0.0099999999999997
2,Ob2.txt,high,8746,8748,2,0.0199999999999994
2,Ob2.txt,low,8748,8752,4,0.0399999999999988
2,Ob2.txt,high,8752,8774,22,0.2199999999999934
2,Ob2.txt,low,8774,8779,5,0.049999999999998504
2,Ob2.txt,high,8779,8781,2,0.0199999999999994
2,Ob2.txt,low,8781,8788,7,0.0699999999999979
2,Ob2.txt,high,8788,8795,7,0.0699999999999979
2,Ob2.txt,low,8795,8800,5,0.049999999999998504
2,Ob2.txt,high,8800,8801,1,0.0099999999999997
2,Ob2.txt,low,8801,8826,25,0.2499999999999925
2,Ob2.txt,high,8826,8835,9,0.0899999999999973
2,Ob2.txt,low,8835,8841,6,0.0599999999999982
2,Ob2.txt,high,8841,8848,7,0.0699999999999979
2,Ob2.txt,low,8848,8980,132,1.3199999999999603
2,Ob2.txt,high,8980,8982,2,0.0199999999999994
2,Ob2.txt,low,8982,8995,13,0.1299999999999961
2,Ob2.txt,high,8995,9097,102,1.0199999999999694
2,Ob2.txt,low,9097,9504,407,4.069999999999878
2,Ob2.txt,high,9504,9506,2,0.0199999999999994
2,Ob2.txt,low,9506,9508,2,0.0199999999999994
2,Ob2.txt,high,9508,9509,1,0.0099999999999997
2,Ob2.txt,low,9509,9563,54,0.5399999999999838
2,Ob2.txt,high,9563,9591,28,0.2799999999999916
2,Ob2.txt,low,9591,9594,3,0.0299999999999991
2,Ob2.txt,high,9594,9597,3,0.0299999999999991
2,Ob2.txt,low,9597,9717,120,1.199999999999964
2,Ob2.txt,high,9717,9719,2,0.0199999999999994
2,Ob2.txt,low,9719,9721,2,0.0199999999999994
2,Ob2.txt,high,9721,9724,3,0.0299999999999991
2,Ob2.txt,low,9724,9928,204,2.0399999999999388
2,Ob2.txt,high,9928,9932,4,0.0399999999999988
2,Ob2.txt,low,9932,9938,6,0.0599999999999982
2,Ob2.txt,high,9938,9990,52,0.5199999999999844
2,Ob2.txt,low,9990,9993,3,0.0299999999999991
2,Ob2.txt,high,9993,10002,9,0.0899999999999973
2,Ob2.txt,low,10002,10003,1,0.0099999999999997
2,Ob2.txt,high,10003,10335,332,3.3199999999999004
2,Ob2.txt,low,10335,10338,3,0.0299999999999991
2,Ob2.txt,high,10338,10340,2,0.0199999999999994
2,Ob2.txt,low,10340,10350,10,0.09999999999999701
2,Ob2.txt,high,10350,10448,98,0.9799999999999706
2,Ob2.txt,low,10448,10450,2,0.0199999999999994
2,Ob2.txt,high,10450,10452,2,0.0199999999999994
2,Ob2.txt,low,10452,10453,1,0.0099999999999997
2,Ob2.txt,high,10453,10454,1,0.0099999999999997
2,Ob2.txt,low,10454,10455,1,0.0099999999999997
2,Ob2.txt,high,10455,10456,1,0.0099999999999997
2,Ob2.txt,low,10456,10457,1,0.0099999999999997
2,Ob2.txt,high,10457,10458,1,0.0099999999999997
2,Ob2.txt,low,10458,10465,7,0.0699999999999979
2,Ob2.txt,high,10465,10472,7,0.0699999999999979
2,Ob2.txt,low,10472,10486,14,0.1399999999999958
2,Ob2.txt,high,10486,10549,63,0.6299999999999811
2,Ob2.txt,low,10549,10550,1,0.0099999999999997
2,Ob2.txt,high,10550,10567,17,0.1699999999999949
2,Ob2.txt,low,10567,10604,37,0.3699999999999889
2,Ob2.txt,high,10604,10611,7,0.0699999999999979
2,Ob2.txt,low,10611,10621,10,0.09999999999999701
2,Ob2.txt,high,10621,10630,9,0.0899999999999973
2,Ob2.txt,low,10630,10640,10,0.09999999999999701
2,Ob2.txt,high,10640,10642,2,0.0199999999999994
2,Ob2.txt,low,10642,10652,10,0.09999999999999701
2,Ob2.txt,high,10652,10736,84,0.8399999999999748
2,Ob2.txt,low,10736,10745,9,0.0899999999999973
2,Ob2.txt,high,10745,10747,2,0.0199999999999994
2,Ob2.txt,low,10747,11194,447,4.469999999999866
2,Ob2.txt,high,11194,11198,4,0.0399999999999988
2,Ob2.txt,low,11198,11199,1,0.0099999999999997
2,Ob2.txt,high,11199,11201,2,0.0199999999999994
2,Ob2.txt,low,11201,11202,1,0.0099999999999997
2,Ob2.txt,high,11202,11204,2,0.0199999999999994
2,Ob2.txt,low,11204,11209,5,0.049999999999998504
2,Ob2.txt,high,11209,11215,6,0.0599999999999982
2,Ob2.txt,low,11215,11216,1,0.0099999999999997
2,Ob2.txt,high,11216,11227,11,0.1099999999999967
2,Ob2.txt,low,11227,11228,1,0.0099999999999997
2,Ob2.txt,high,11228,11506,278,2.7799999999999168
2,Ob2.txt,low,11506,11561,55,0.5499999999999835
2,Ob2.txt,high,11561,11566,5,0.049999999999998504
2,Ob2.txt,low,11566,11640,74,0.7399999999999778
2,Ob2.txt,high,11640,11641,1,0.0099999999999997
2,Ob2.txt,low,11641,11643,2,0.0199999999999994
2,Ob2.txt,high,11643,11658,15,0.1499999999999955
2,Ob2.txt,low,11658,11660,2,0.0199999999999994
2,Ob2.txt,high,11660,12219,559,5.589999999999832
2,Ob2.txt,low,12219,12221,2,0.0199999999999994
2,Ob2.txt,high,12221,12235,14,0.1399999999999958
2,Ob2.txt,low,12235,12246,11,0.1099999999999967
2,Ob2.txt,high,12246,12322,76,0.7599999999999772
2,Ob2.txt,low,12322,12325,3,0.0299999999999991
2,Ob2.txt,high,12325,12331,6,0.0599999999999982
2,Ob2.txt,low,12331,12354,23,0.2299999999999931
2,Ob2.txt,high,12354,12755,401,4.00999999999988
2,Ob2.txt,low,12755,12756,1,0.0099999999999997
2,Ob2.txt,high,12756,12781,25,0.2499999999999925
2,Ob2.txt,low,12781,12785,4,0.0399999999999988
2,Ob2.txt,high,12785,12821,36,0.3599999999999892
2,Ob2.txt,low,12821,12822,1,0.0099999999999997
2,Ob2.txt,high,12822,13006,184,1.8399999999999448
2,Ob2.txt,low,13006,13008,2,0.0199999999999994
2,Ob2.txt,high,13008,13010,2,0.0199999999999994
2,Ob2.txt,low,13010,13025,15,0.1499999999999955
2,Ob2.txt,high,13025,13030,5,0.049999999999998504
2,Ob2.txt,low,13030,13133,103,1.0299999999999692
2,Ob2.txt,high,13133,13323,190,1.899999999999943
2,Ob2.txt,low,13323,13343,20,0.19999999999999402
2,Ob2.txt,high,13343,13344,1,0.0099999999999997
2,Ob2.txt,low,13344,13360,16,0.1599999999999952
2,Ob2.txt,high,13360,13361,1,0.0099999999999997
2,Ob2.txt,low,13361,13369,8,0.0799999999999976
2,Ob2.txt,high,13369,13378,9,0.0899999999999973
2,Ob2.txt,low,13378,13379,1,0.0099999999999997
2,Ob2.txt,high,13379,13441,62,0.6199999999999815
2,Ob2.txt,low,13441,13447,6,0.0599999999999982
2,Ob2.txt,high,13447,13449,2,0.0199999999999994
2,Ob2.txt,low,13449,13456,7,0.0699999999999979
2,Ob2.txt,high,13456,13457,1,0.0099999999999997
2,Ob2.txt,low,13457,13472,15,0.1499999999999955
2,Ob2.txt,high,13472,13481,9,0.0899999999999973
2,Ob2.txt,low,13481,13489,8,0.0799999999999976
2,Ob2.txt,high,13489,13494,5,0.049999999999998504
2,Ob2.txt,low,13494,13524,30,0.299999999999991
2,Ob2.txt,high,13524,13604,80,0.7999999999999761
2,Ob2.txt,low,13604,13605,1,0.0099999999999997
2,Ob2.txt,high,13605,13779,174,1.7399999999999478
2,Ob2.txt,low,13779,13787,8,0.0799999999999976
2,Ob2.txt,high,13787,13805,18,0.1799999999999946
2,Ob2.txt,low,13805,13825,20,0.19999999999999402
2,Ob2.txt,high,13825,13854,29,0.2899999999999913
2,Ob2.txt,low,13854,13968,114,1.1399999999999657
2,Ob2.txt,high,13968,13971,3,0.0299999999999991
2,Ob2.txt,low,13971,13973,2,0.0199999999999994
2,Ob2.txt,high,13973,14016,43,0.4299999999999871
2,Ob2.txt,low,14016,14017,1,0.0099999999999997
2,Ob2.txt,high,14017,14038,21,0.2099999999999937
2,Ob2.txt,low,14038,14049,11,0.1099999999999967
2,Ob2.txt,high,14049,14078,29,0.2899999999999913
2,Ob2.txt,low,14078,14105,27,0.2699999999999919
2,Ob2.txt,high,14105,14196,91,0.9099999999999727
2,Ob2.txt,low,14196,14425,229,2.289999999999931
2,Ob2.txt,high,14425,14428,3,0.0299999999999991
2,Ob2.txt,low,14428,14595,167,1.66999999999995
2,Ob2.txt,high,14595,14596,1,0.0099999999999997
2,Ob2.txt,low,14596,14597,1,0.0099999999999997
2,Ob2.txt,high,14597,14624,27,0.2699999999999919
2,Ob2.txt,low,14624,14635,11,0.1099999999999967
2,Ob2.txt,high,14635,14637,2,0.0199999999999994
2,Ob2.txt,low,14637,14665,28,0.2799999999999916
2,Ob2.txt,high,14665,14675,10,0.09999999999999701
2,Ob2.txt,low,14675,14715,40,0.39999999999998803
2,Ob2.txt,high,14715,14716,1,0.0099999999999997
2,Ob2.txt,low,14716,14728,12,0.1199999999999964
2,Ob2.txt,high,14728,14784,56,0.5599999999999832
2,Ob2.txt,low,14784,14785,1,0.0099999999999997
2,Ob2.txt,high,14785,14790,5,0.049999999999998504
2,Ob2.txt,low,14790,14793,3,0.0299999999999991
2,Ob2.txt,high,14793,14804,11,0.1099999999999967
2,Ob2.txt,low,14804,14813,9,0.0899999999999973
2,Ob2.txt,high,14813,14814,1,0.0099999999999997
2,Ob2.txt,low,14814,14831,17,0.1699999999999949
2,Ob2.txt,high,14831,14844,13,0.1299999999999961
2,Ob2.txt,low,14844,14857,13,0.1299999999999961
2,Ob2.txt,high,14857,14858,1,0.0099999999999997
2,Ob2.txt,low,14858,14859,1,0.0099999999999997
3,Ob3.txt,low,0,7,7,0.0699999999999979
3,Ob3.txt,high,7,13,6,0.0599999999999982
3,Ob3.txt,low,13,17,4,0.0399999999999988
3,Ob3.txt,high,17,19,2,0.0199999999999994
3,Ob3.txt,low,19,36,17,0.1699999999999949
3,Ob3.txt,high,36,124,88,0.8799999999999736
3,Ob3.txt,low,124,127,3,0.0299999999999991
3,Ob3.txt,high,127,131,4,0.0399999999999988
3,Ob3.txt,low,131,140,9,0.0899999999999973
3,Ob3.txt,high,140,142,2,0.0199999999999994
3,Ob3.txt,low,142,146,4,0.0399999999999988
3,Ob3.txt,high,146,152,6,0.0599999999999982
3,Ob3.txt,low,152,153,1,0.0099999999999997
3,Ob3.txt,high,153,154,1,0.0099999999999997
3,Ob3.txt,low,154,157,3,0.0299999999999991
3,Ob3.txt,high,157,178,21,0.2099999999999937
3,Ob3.txt,low,178,189,11,0.1099999999999967
3,Ob3.txt,high,189,190,1,0.0099999999999997
3,Ob3.txt,low,190,192,2,0.0199999999999994
3,Ob3.txt,high,192,194,2,0.0199999999999994
3,Ob3.txt,low,194,213,19,0.1899999999999943
3,Ob3.txt,high,213,225,12,0.1199999999999964
3,Ob3.txt,low,225,290,65,0.6499999999999805
3,Ob3.txt,high,290,373,83,0.8299999999999751
3,Ob3.txt,low,373,376,3,0.0299999999999991
3,Ob3.txt,high,376,381,5,0.049999999999998504
3,Ob3.txt,low,381,383,2,0.0199999999999994
3,Ob3.txt,high,383,384,1,0.0099999999999997
3,Ob3.txt,low,384,396,12,0.1199999999999964
3,Ob3.txt,high,396,398,2,0.0199999999999994
3,Ob3.txt,low,398,420,22,0.2199999999999934
3,Ob3.txt,high,420,426,6,0.0599999999999982
3,Ob3.txt,low,426,445,19,0.1899999999999943
3,Ob3.txt,high,445,745,300,2.99999999999991
3,Ob3.txt,low,745,746,1,0.0099999999999997
3,Ob3.txt,high,746,753,7,0.0699999999999979
3,Ob3.txt,low,753,757,4,0.0399999999999988
3,Ob3.txt,high,757,881,124,1.239999999999963
3,Ob3.txt,low,881,883,2,0.0199999999999994
3,Ob3.txt,high,883,917,34,0.3399999999999898
3,Ob3.txt,low,917,930,13,0.1299999999999961
3,Ob3.txt,high,930,947,17,0.1699999999999949
3,Ob3.txt,low,947,999,52,0.5199999999999844
3,Ob3.txt,high,999,1041,42,0.4199999999999874
3,Ob3.txt,low,1041,1042,1,0.0099999999999997
3,Ob3.txt,high,1042,1063,21,0.2099999999999937
3,Ob3.txt,low,1063,1064,1,0.0099999999999997
3,Ob3.txt,high,1064,1067,3,0.0299999999999991
3,Ob3.txt,low,1067,1072,5,0.049999999999998504
3,Ob3.txt,high,1072,1094,22,0.2199999999999934
3,Ob3.txt,low,1094,1095,1,0.0099999999999997
3,Ob3.txt,high,1095,1358,263,2.6299999999999213
3,Ob3.txt,low,1358,1426,68,0.6799999999999796
3,Ob3.txt,high,1426,1435,9,0.0899999999999973
3,Ob3.txt,low,1435,1436,1,0.0099999999999997
3,Ob3.txt,high,1436,1444,8,0.0799999999999976
3,Ob3.txt,low,1444,1450,6,0.0599999999999982
3,Ob3.txt,high,1450,1462,12,0.1199999999999964
3,Ob3.txt,low,1462,1472,10,0.09999999999999701
3,Ob3.txt,high,1472,1532,60,0.599999999999982
3,Ob3.txt,low,1532,1544,12,0.1199999999999964
3,Ob3.txt,high,1544,1545,1,0.0099999999999997
3,Ob3.txt,low,1545,1660,115,1.1499999999999655
3,Ob3.txt,high,1660,1669,9,0.0899999999999973
3,Ob3.txt,low,1669,1679,10,0.09999999999999701
3,Ob3.txt,high,1679,1683,4,0.0399999999999988
3,Ob3.txt,low,1683,1688,5,0.049999999999998504
3,Ob3.txt,high,1688,1709,21,0.2099999999999937
3,Ob3.txt,low,1709,1745,36,0.3599999999999892
3,Ob3.txt,high,1745,1763,18,0.1799999999999946
3,Ob3.txt,low,1763,1764,1,0.0099999999999997
3,Ob3.txt,high,1764,1769,5,0.049999999999998504
3,Ob3.txt,low,1769,1771,2,0.0199999999999994
3,Ob3.txt,high,1771,1778,7,0.0699999999999979
3,Ob3.txt,low,1778,1780,2,0.0199999999999994
3,Ob3.txt,high,1780,1795,15,0.1499999999999955
3,Ob3.txt,low,1795,1802,7,0.0699999999999979
3,Ob3.txt,high,1802,1807,5,0.049999999999998504
3,Ob3.txt,low,1807,1829,22,0.2199999999999934
3,Ob3.txt,high,1829,1830,1,0.0099999999999997
3,Ob3.txt,low,1830,1832,2,0.0199999999999994
3,Ob3.txt,high,1832,1839,7,0.0699999999999979
3,Ob3.txt,low,1839,1842,3,0.0299999999999991
3,Ob3.txt,high,1842,1843,1,0.0099999999999997
3,Ob3.txt,low,1843,1846,3,0.0299999999999991
3,Ob3.txt,high,1846,1899,53,0.5299999999999842
3,Ob3.txt,low,1899,1902,3,0.0299999999999991
3,Ob3.txt,high,1902,1913,11,0.1099999999999967
3,Ob3.txt,low,1913,1915,2,0.0199999999999994
3,Ob3.txt,high,1915,1916,1,0.0099999999999997
3,Ob3.txt,low,1916,1920,4,0.0399999999999988
3,Ob3.txt,high,1920,1922,2,0.0199999999999994
3,Ob3.txt,low,1922,1950,28,0.2799999999999916
3,Ob3.txt,high,1950,1968,18,0.1799999999999946
3,Ob3.txt,low,1968,1969,1,0.0099999999999997
3,Ob3.txt,high,1969,1973,4,0.0399999999999988
3,Ob3.txt,low,1973,1982,9,0.0899999999999973
3,Ob3.txt,high,1982,1990,8,0.0799999999999976
3,Ob3.txt,low,1990,2213,223,2.229999999999933
3,Ob3.txt,high,2213,2254,41,0.4099999999999877
3,Ob3.txt,low,2254,2256,2,0.0199999999999994
3,Ob3.txt,high,2256,2263,7,0.0699999999999979
3,Ob3.txt,low,2263,2277,14,0.1399999999999958
3,Ob3.txt,high,2277,2309,32,0.3199999999999904
3,Ob3.txt,low,2309,2311,2,0.0199999999999994
3,Ob3.txt,high,2311,2320,9,0.0899999999999973
3,Ob3.txt,low,2320,2323,3,0.0299999999999991
3,Ob3.txt,high,2323,2324,1,0.0099999999999997
3,Ob3.txt,low,2324,2330,6,0.0599999999999982
3,Ob3.txt,high,2330,2339,9,0.0899999999999973
3,Ob3.txt,low,2339,2341,2,0.0199999999999994
3,Ob3.txt,high,2341,2348,7,0.0699999999999979
3,Ob3.txt,low,2348,2352,4,0.0399999999999988
3,Ob3.txt,high,2352,2439,87,0.8699999999999739
3,Ob3.txt,low,2439,2440,1,0.0099999999999997
3,Ob3.txt,high,2440,2441,1,0.0099999999999997
3,Ob3.txt,low,2441,2448,7,0.0699999999999979
3,Ob3.txt,high,2448,2607,159,1.5899999999999523
3,Ob3.txt,low,2607,2919,312,3.1199999999999064
3,Ob3.txt,high,2919,2922,3,0.0299999999999991
3,Ob3.txt,low,2922,2923,1,0.0099999999999997
3,Ob3.txt,high,2923,2936,13,0.1299999999999961
3,Ob3.txt,low,2936,3009,73,0.7299999999999781
3,Ob3.txt,high,3009,3011,2,0.0199999999999994
3,Ob3.txt,low,3011,3083,72,0.7199999999999784
3,Ob3.txt,high,3083,3210,127,1.2699999999999618
3,Ob3.txt,low,3210,3234,24,0.2399999999999928
3,Ob3.txt,high,3234,3276,42,0.4199999999999874
3,Ob3.txt,low,3276,3279,3,0.0299999999999991
3,Ob3.txt,high,3279,3282,3,0.0299999999999991
3,Ob3.txt,low,3282,3286,4,0.0399999999999988
3,Ob3.txt,high,3286,3294,8,0.0799999999999976
3,Ob3.txt,low,3294,3387,93,0.9299999999999721
3,Ob3.txt,high,3387,3390,3,0.0299999999999991
3,Ob3.txt,low,3390,3427,37,0.3699999999999889
3,Ob3.txt,high,3427,3480,53,0.5299999999999842
3,Ob3.txt,low,3480,3481,1,0.0099999999999997
3,Ob3.txt,high,3481,3482,1,0.0099999999999997
3,Ob3.txt,low,3482,3488,6,0.0599999999999982
3,Ob3.txt,high,3488,3496,8,0.0799999999999976
3,Ob3.txt,low,3496,3507,11,0.1099999999999967
3,Ob3.txt,high,3507,3508,1,0.0099999999999997
3,Ob3.txt,low,3508,3509,1,0.0099999999999997
3,Ob3.txt,high,3509,3510,1,0.0099999999999997
3,Ob3.txt,low,3510,3542,32,0.3199999999999904
3,Ob3.txt,high,3542,3543,1,0.0099999999999997
3,Ob3.txt,low,3543,3544,1,0.0099999999999997
3,Ob3.txt,high,3544,3547,3,0.0299999999999991
3,Ob3.txt,low,3547,3591,44,0.4399999999999868
3,Ob3.txt,high,3591,3593,2,0.0199999999999994
3,Ob3.txt,low,3593,3961,368,3.6799999999998896
3,Ob3.txt,high,3961,3965,4,0.0399999999999988
3,Ob3.txt,low,3965,3967,2,0.0199999999999994
3,Ob3.txt,high,3967,3970,3,0.0299999999999991
3,Ob3.txt,low,3970,3985,15,0.1499999999999955
3,Ob3.txt,high,3985,3986,1,0.0099999999999997
3,Ob3.txt,low,3986,4078,92,0.9199999999999724
3,Ob3.txt,high,4078,4079,1,0.0099999999999997
3,Ob3.txt,low,4079,4087,8,0.0799999999999976
3,Ob3.txt,high,4087,4243,156,1.5599999999999532
3,Ob3.txt,low,4243,4308,65,0.6499999999999805
3,Ob3.txt,high,4308,4312,4,0.0399999999999988
3,Ob3.txt,low,4312,4313,1,0.0099999999999997
3,Ob3.txt,high,4313,4316,3,0.0299999999999991
3,Ob3.txt,low,4316,4398,82,0.8199999999999754
3,Ob3.txt,high,4398,4450,52,0.5199999999999844
3,Ob3.txt,low,4450,4581,131,1.3099999999999608
3,Ob3.txt,high,4581,4588,7,0.0699999999999979
3,Ob3.txt,low,4588,4606,18,0.1799999999999946
3,Ob3.txt,high,4606,4610,4,0.0399999999999988
3,Ob3.txt,low,4610,4614,4,0.0399999999999988
3,Ob3.txt,high,4614,4618,4,0.0399999999999988
3,Ob3.txt,low,4618,4643,25,0.2499999999999925
3,Ob3.txt,high,4643,4645,2,0.0199999999999994
3,Ob3.txt,low,4645,4674,29,0.2899999999999913
3,Ob3.txt,high,4674,4711,37,0.3699999999999889
3,Ob3.txt,low,4711,4720,9,0.0899999999999973
3,Ob3.txt,high,4720,4728,8,0.0799999999999976
3,Ob3.txt,low,4728,4731,3,0.0299999999999991
3,Ob3.txt,high,4731,4734,3,0.0299999999999991
3,Ob3.txt,low,4734,4735,1,0.0099999999999997
3,Ob3.txt,high,4735,4746,11,0.1099999999999967
3,Ob3.txt,low,4746,4960,214,2.1399999999999357
3,Ob3.txt,high,4960,5066,106,1.0599999999999683
3,Ob3.txt,low,5066,5162,96,0.9599999999999712
3,Ob3.txt,high,5162,5172,10,0.09999999999999701
3,Ob3.txt,low,5172,5194,22,0.2199999999999934
3,Ob3.txt,high,5194,5203,9,0.0899999999999973
3,Ob3.txt,low,5203,5293,90,0.899999999999973
3,Ob3.txt,high,5293,5301,8,0.0799999999999976
3,Ob3.txt,low,5301,5305,4,0.0399999999999988
3,Ob3.txt,high,5305,5306,1,0.0099999999999997
3,Ob3.txt,low,5306,5310,4,0.0399999999999988
3,Ob3.txt,high,5310,5319,9,0.0899999999999973
3,Ob3.txt,low,5319,5322,3,0.0299999999999991
3,Ob3.txt,high,5322,5324,2,0.0199999999999994
3,Ob3.txt,low,5324,5332,8,0.0799999999999976
3,Ob3.txt,high,5332,5338,6,0.0599999999999982
3,Ob3.txt,low,5338,5342,4,0.0399999999999988
3,Ob3.txt,high,5342,5343,1,0.0099999999999997
3,Ob3.txt,low,5343,5385,42,0.4199999999999874
3,Ob3.txt,high,5385,5386,1,0.0099999999999997
3,Ob3.txt,low,5386,5416,30,0.299999999999991
3,Ob3.txt,high,5416,5425,9,0.0899999999999973
3,Ob3.txt,low,5425,5432,7,0.0699999999999979
3,Ob3.txt,high,5432,5438,6,0.0599999999999982
3,Ob3.txt,low,5438,5440,2,0.0199999999999994
3,Ob3.txt,high,5440,5443,3,0.0299999999999991
3,Ob3.txt,low,5443,5448,5,0.049999999999998504
3,Ob3.txt,high,5448,5456,8,0.0799999999999976
3,Ob3.txt,low,5456,5487,31,0.3099999999999907
3,Ob3.txt,high,5487,5505,18,0.1799999999999946
3,Ob3.txt,low,5505,5511,6,0.0599999999999982
3,Ob3.txt,high,5511,5530,19,0.1899999999999943
3,Ob3.txt,low,5530,5708,178,1.7799999999999465
3,Ob3.txt,high,5708,5709,1,0.0099999999999997
3,Ob3.txt,low,5709,5715,6,0.0599999999999982
3,Ob3.txt,high,5715,5717,2,0.0199999999999994
3,Ob3.txt,low,5717,5721,4,0.0399999999999988
3,Ob3.txt,high,5721,5743,22,0.2199999999999934
3,Ob3.txt,low,5743,5749,6,0.0599999999999982
3,Ob3.txt,high,5749,5752,3,0.0299999999999991
3,Ob3.txt,low,5752,5756,4,0.0399999999999988
3,Ob3.txt,high,5756,5782,26,0.2599999999999922
3,Ob3.txt,low,5782,5786,4,0.0399999999999988
3,Ob3.txt,high,5786,5787,1,0.0099999999999997
3,Ob3.txt,low,5787,5789,2,0.0199999999999994
3,Ob3.txt,high,5789,5793,4,0.0399999999999988
3,Ob3.txt,low,5793,5794,1,0.0099999999999997
3,Ob3.txt,high,5794,5795,1,0.0099999999999997
3,Ob3.txt,low,5795,5796,1,0.0099999999999997
3,Ob3.txt,high,5796,5834,38,0.3799999999999886
3,Ob3.txt,low,5834,6121,287,2.869999999999914
3,Ob3.txt,high,6121,6123,2,0.0199999999999994
3,Ob3.txt,low,6123,6136,13,0.1299999999999961
3,Ob3.txt,high,6136,6147,11,0.1099999999999967
3,Ob3.txt,low,6147,6165,18,0.1799999999999946
3,Ob3.txt,high,6165,6166,1,0.0099999999999997
3,Ob3.txt,low,6166,6168,2,0.0199999999999994
3,Ob3.txt,high,6168,6171,3,0.0299999999999991
3,Ob3.txt,low,6171,6201,30,0.299999999999991
3,Ob3.txt,high,6201,6222,21,0.2099999999999937
3,Ob3.txt,low,6222,6223,1,0.0099999999999997
3,Ob3.txt,high,6223,6229,6,0.0599999999999982
3,Ob3.txt,low,6229,6233,4,0.0399999999999988
3,Ob3.txt,high,6233,6245,12,0.1199999999999964
3,Ob3.txt,low,6245,6260,15,0.1499999999999955
3,Ob3.txt,high,6260,6267,7,0.0699999999999979
3,Ob3.txt,low,6267,6268,1,0.0099999999999997
3,Ob3.txt,high,6268,6269,1,0.0099999999999997
3,Ob3.txt,low,6269,6271,2,0.0199999999999994
3,Ob3.txt,high,6271,6273,2,0.0199999999999994
3,Ob3.txt,low,6273,6275,2,0.0199999999999994
3,Ob3.txt,high,6275,6279,4,0.0399999999999988
3,Ob3.txt,low,6279,6352,73,0.7299999999999781
3,Ob3.txt,high,6352,6353,1,0.0099999999999997
3,Ob3.txt,low,6353,6360,7,0.0699999999999979
3,Ob3.txt,high,6360,6362,2,0.0199999999999994
3,Ob3.txt,low,6362,6369,7,0.0699999999999979
3,Ob3.txt,high,6369,6374,5,0.049999999999998504
3,Ob3.txt,low,6374,6376,2,0.0199999999999994
3,Ob3.txt,high,6376,6379,3,0.0299999999999991
3,Ob3.txt,low,6379,6380,1,0.0099999999999997
3,Ob3.txt,high,6380,6424,44,0.4399999999999868
3,Ob3.txt,low,6424,6433,9,0.0899999999999973
3,Ob3.txt,high,6433,6442,9,0.0899999999999973
3,Ob3.txt,low,6442,6445,3,0.0299999999999991
3,Ob3.txt,high,6445,6446,1,0.0099999999999997
3,Ob3.txt,low,6446,6455,9,0.0899999999999973
3,Ob3.txt,high,6455,6461,6,0.0599999999999982
3,Ob3.txt,low,6461,6474,13,0.1299999999999961
3,Ob3.txt,high,6474,6484,10,0.09999999999999701
3,Ob3.txt,low,6484,6498,14,0.1399999999999958
3,Ob3.txt,high,6498,6499,1,0.0099999999999997
3,Ob3.txt,low,6499,6500,1,0.0099999999999997
3,Ob3.txt,high,6500,6505,5,0.049999999999998504
3,Ob3.txt,low,6505,6554,49,0.4899999999999853
3,Ob3.txt,high,6554,6579,25,0.2499999999999925
3,Ob3.txt,low,6579,6592,13,0.1299999999999961
3,Ob3.txt,high,6592,6641,49,0.4899999999999853
3,Ob3.txt,low,6641,6644,3,0.0299999999999991
3,Ob3.txt,high,6644,6647,3,0.0299999999999991
3,Ob3.txt,low,6647,6649,2,0.0199999999999994
3,Ob3.txt,high,6649,6654,5,0.049999999999998504
3,Ob3.txt,low,6654,6658,4,0.0399999999999988
3,Ob3.txt,high,6658,6665,7,0.0699999999999979
3,Ob3.txt,low,6665,6668,3,0.0299999999999991
3,Ob3.txt,high,6668,6671,3,0.0299999999999991
3,Ob3.txt,low,6671,6680,9,0.0899999999999973
3,Ob3.txt,high,6680,6748,68,0.6799999999999796
3,Ob3.txt,low,6748,6749,1,0.0099999999999997
3,Ob3.txt,high,6749,6752,3,0.0299999999999991
3,Ob3.txt,low,6752,6756,4,0.0399999999999988
3,Ob3.txt,high,6756,6771,15,0.1499999999999955
3,Ob3.txt,low,6771,6778,7,0.0699999999999979
3,Ob3.txt,high,6778,6779,1,0.0099999999999997
3,Ob3.txt,low,6779,6785,6,0.0599999999999982
3,Ob3.txt,high,6785,6788,3,0.0299999999999991
3,Ob3.txt,low,6788,6794,6,0.0599999999999982
3,Ob3.txt,high,6794,6796,2,0.0199999999999994
3,Ob3.txt,low,6796,6825,29,0.2899999999999913
3,Ob3.txt,high,6825,6827,2,0.0199999999999994
3,Ob3.txt,low,6827,6828,1,0.0099999999999997
3,Ob3.txt,high,6828,6898,70,0.699999999999979
3,Ob3.txt,low,6898,6989,91,0.9099999999999727
3,Ob3.txt,high,6989,7060,71,0.7099999999999788
3,Ob3.txt,low,7060,7107,47,0.46999999999998593
3,Ob3.txt,high,7107,7111,4,0.0399999999999988
3,Ob3.txt,low,7111,7119,8,0.0799999999999976
3,Ob3.txt,high,7119,7127,8,0.0799999999999976
3,Ob3.txt,low,7127,7132,5,0.049999999999998504
3,Ob3.txt,high,7132,7192,60,0.599999999999982
3,Ob3.txt,low,7192,7201,9,0.0899999999999973
3,Ob3.txt,high,7201,7233,32,0.3199999999999904
3,Ob3.txt,low,7233,7237,4,0.0399999999999988
3,Ob3.txt,high,7237,7340,103,1.0299999999999692
3,Ob3.txt,low,7340,7341,1,0.0099999999999997
3,Ob3.txt,high,7341,7356,15,0.1499999999999955
3,Ob3.txt,low,7356,7359,3,0.0299999999999991
3,Ob3.txt,high,7359,7385,26,0.2599999999999922
3,Ob3.txt,low,7385,7387,2,0.0199999999999994
3,Ob3.txt,high,7387,7492,105,1.0499999999999685
3,Ob3.txt,low,7492,7496,4,0.0399999999999988
3,Ob3.txt,high,7496,7499,3,0.0299999999999991
3,Ob3.txt,low,7499,7501,2,0.0199999999999994
3,Ob3.txt,high,7501,7519,18,0.1799999999999946
3,Ob3.txt,low,7519,7548,29,0.2899999999999913
3,Ob3.txt,high,7548,7594,46,0.4599999999999862
3,Ob3.txt,low,7594,7598,4,0.0399999999999988
3,Ob3.txt,high,7598,7615,17,0.1699999999999949
3,Ob3.txt,low,7615,7621,6,0.0599999999999982
3,Ob3.txt,high,7621,7636,15,0.1499999999999955
3,Ob3.txt,low,7636,7638,2,0.0199999999999994
3,Ob3.txt,high,7638,7651,13,0.1299999999999961
3,Ob3.txt,low,7651,7669,18,0.1799999999999946
3,Ob3.txt,high,7669,7679,10,0.09999999999999701
3,Ob3.txt,low,7679,7774,95,0.9499999999999715
3,Ob3.txt,high,7774,7791,17,0.1699999999999949
3,Ob3.txt,low,7791,7792,1,0.0099999999999997
3,Ob3.txt,high,7792,7794,2,0.0199999999999994
3,Ob3.txt,low,7794,7810,16,0.1599999999999952
3,Ob3.txt,high,7810,7851,41,0.4099999999999877
3,Ob3.txt,low,7851,7852,1,0.0099999999999997
3,Ob3.txt,high,7852,7853,1,0.0099999999999997
3,Ob3.txt,low,7853,7855,2,0.0199999999999994
3,Ob3.txt,high,7855,7878,23,0.2299999999999931
3,Ob3.txt,low,7878,7884,6,0.0599999999999982
3,Ob3.txt,high,7884,7885,1,0.0099999999999997
3,Ob3.txt,low,7885,7886,1,0.0099999999999997
3,Ob3.txt,high,7886,7887,1,0.0099999999999997
3,Ob3.txt,low,7887,7888,1,0.0099999999999997
3,Ob3.txt,high,7888,7935,47,0.46999999999998593
3,Ob3.txt,low,7935,7936,1,0.0099999999999997
3,Ob3.txt,high,7936,7949,13,0.1299999999999961
3,Ob3.txt,low,7949,8070,121,1.2099999999999638
3,Ob3.txt,high,8070,8083,13,0.1299999999999961
3,Ob3.txt,low,8083,8234,151,1.5099999999999547
3,Ob3.txt,high,8234,8250,16,0.1599999999999952
3,Ob3.txt,low,8250,8254,4,0.0399999999999988
3,Ob3.txt,high,8254,8258,4,0.0399999999999988
3,Ob3.txt,low,8258,8297,39,0.3899999999999883
3,Ob3.txt,high,8297,8357,60,0.599999999999982
3,Ob3.txt,low,8357,8454,97,0.9699999999999709
3,Ob3.txt,high,8454,8495,41,0.4099999999999877
3,Ob3.txt,low,8495,8500,5,0.049999999999998504
3,Ob3.txt,high,8500,8517,17,0.1699999999999949
3,Ob3.txt,low,8517,8518,1,0.0099999999999997
3,Ob3.txt,high,8518,8519,1,0.0099999999999997
3,Ob3.txt,low,8519,8521,2,0.0199999999999994
3,Ob3.txt,high,8521,8531,10,0.09999999999999701
3,Ob3.txt,low,8531,8536,5,0.049999999999998504
3,Ob3.txt,high,8536,8538,2,0.0199999999999994
3,Ob3.txt,low,8538,8546,8,0.0799999999999976
3,Ob3.txt,high,8546,8551,5,0.049999999999998504
3,Ob3.txt,low,8551,8554,3,0.0299999999999991
3,Ob3.txt,high,8554,8562,8,0.0799999999999976
3,Ob3.txt,low,8562,8576,14,0.1399999999999958
3,Ob3.txt,high,8576,8580,4,0.0399999999999988
3,Ob3.txt,low,8580,8686,106,1.0599999999999683
3,Ob3.txt,high,8686,8690,4,0.0399999999999988
3,Ob3.txt,low,8690,8692,2,0.0199999999999994
3,Ob3.txt,high,8692,8697,5,0.049999999999998504
3,Ob3.txt,low,8697,8703,6,0.0599999999999982
3,Ob3.txt,high,8703,8775,72,0.7199999999999784
3,Ob3.txt,low,8775,8789,14,0.1399999999999958
3,Ob3.txt,high,8789,8791,2,0.0199999999999994
3,Ob3.txt,low,8791,9059,268,2.67999999999992
3,Ob3.txt,high,9059,9063,4,0.0399999999999988
3,Ob3.txt,low,9063,9199,136,1.3599999999999592
3,Ob3.txt,high,9199,9200,1,0.0099999999999997
3,Ob3.txt,low,9200,9207,7,0.0699999999999979
3,Ob3.txt,high,9207,9210,3,0.0299999999999991
3,Ob3.txt,low,9210,9216,6,0.0599999999999982
3,Ob3.txt,high,9216,9217,1,0.0099999999999997
3,Ob3.txt,low,9217,9235,18,0.1799999999999946
3,Ob3.txt,high,9235,9236,1,0.0099999999999997
3,Ob3.txt,low,9236,9241,5,0.049999999999998504
3,Ob3.txt,high,9241,9243,2,0.0199999999999994
3,Ob3.txt,low,9243,9244,1,0.0099999999999997
3,Ob3.txt,high,9244,9247,3,0.0299999999999991
3,Ob3.txt,low,9247,9248,1,0.0099999999999997
3,Ob3.txt,high,9248,9455,207,2.069999999999938
3,Ob3.txt,low,9455,9456,1,0.0099999999999997
3,Ob3.txt,high,9456,9465,9,0.0899999999999973
3,Ob3.txt,low,9465,9469,4,0.0399999999999988
3,Ob3.txt,high,9469,9491,22,0.2199999999999934
3,Ob3.txt,low,9491,9494,3,0.0299999999999991
3,Ob3.txt,high,9494,9499,5,0.049999999999998504
3,Ob3.txt,low,9499,9591,92,0.9199999999999724
3,Ob3.txt,high,9591,9607,16,0.1599999999999952
3,Ob3.txt,low,9607,9683,76,0.7599999999999772
3,Ob3.txt,high,9683,9708,25,0.2499999999999925
3,Ob3.txt,low,9708,9709,1,0.0099999999999997
3,Ob3.txt,high,9709,9718,9,0.0899999999999973
3,Ob3.txt,low,9718,9747,29,0.2899999999999913
3,Ob3.txt,high,9747,9755,8,0.0799999999999976
3,Ob3.txt,low,9755,9758,3,0.0299999999999991
3,Ob3.txt,high,9758,9762,4,0.0399999999999988
3,Ob3.txt,low,9762,10144,382,3.8199999999998853
3,Ob3.txt,high,10144,10147,3,0.0299999999999991
3,Ob3.txt,low,10147,10151,4,0.0399999999999988
3,Ob3.txt,high,10151,10277,126,1.2599999999999623
3,Ob3.txt,low,10277,10298,21,0.2099999999999937
3,Ob3.txt,high,10298,10300,2,0.0199999999999994
3,Ob3.txt,low,10300,10310,10,0.09999999999999701
3,Ob3.txt,high,10310,10313,3,0.0299999999999991
3,Ob3.txt,low,10313,10334,21,0.2099999999999937
3,Ob3.txt,high,10334,10372,38,0.3799999999999886
3,Ob3.txt,low,10372,10374,2,0.0199999999999994
3,Ob3.txt,high,10374,10467,93,0.9299999999999721
3,Ob3.txt,low,10467,10468,1,0.0099999999999997
3,Ob3.txt,high,10468,10486,18,0.1799999999999946
3,Ob3.txt,low,10486,10499,13,0.1299999999999961
3,Ob3.txt,high,10499,10550,51,0.5099999999999847
3,Ob3.txt,low,10550,10551,1,0.0099999999999997
3,Ob3.txt,high,10551,10552,1,0.0099999999999997
3,Ob3.txt,low,10552,10565,13,0.1299999999999961
3,Ob3.txt,high,10565,10666,101,1.0099999999999698
3,Ob3.txt,low,10666,10668,2,0.0199999999999994
3,Ob3.txt,high,10668,10680,12,0.1199999999999964
3,Ob3.txt,low,10680,10689,9,0.0899999999999973
3,Ob3.txt,high,10689,10698,9,0.0899999999999973
3,Ob3.txt,low,10698,10739,41,0.4099999999999877
3,Ob3.txt,high,10739,10828,89,0.8899999999999733
3,Ob3.txt,low,10828,10841,13,0.1299999999999961
3,Ob3.txt,high,10841,10847,6,0.0599999999999982
3,Ob3.txt,low,10847,10849,2,0.0199999999999994
3,Ob3.txt,high,10849,10997,148,1.4799999999999556
3,Ob3.txt,low,10997,10998,1,0.0099999999999997
3,Ob3.txt,high,10998,11023,25,0.2499999999999925
3,Ob3.txt,low,11023,11033,10,0.09999999999999701
3,Ob3.txt,high,11033,11054,21,0.2099999999999937
3,Ob3.txt,low,11054,11127,73,0.7299999999999781
3,Ob3.txt,high,11127,11136,9,0.0899999999999973
3,Ob3.txt,low,11136,11144,8,0.0799999999999976
3,Ob3.txt,high,11144,11209,65,0.6499999999999805
3,Ob3.txt,low,11209,11229,20,0.19999999999999402
3,Ob3.txt,high,11229,11241,12,0.1199999999999964
3,Ob3.txt,low,11241,11253,12,0.1199999999999964
3,Ob3.txt,high,11253,11277,24,0.2399999999999928
3,Ob3.txt,low,11277,11303,26,0.2599999999999922
3,Ob3.txt,high,11303,11392,89,0.8899999999999733
3,Ob3.txt,low,11392,11393,1,0.0099999999999997
3,Ob3.txt,high,11393,11398,5,0.049999999999998504
3,Ob3.txt,low,11398,11408,10,0.09999999999999701
3,Ob3.txt,high,11408,11409,1,0.0099999999999997
3,Ob3.txt,low,11409,11413,4,0.0399999999999988
3,Ob3.txt,high,11413,11427,14,0.1399999999999958
3,Ob3.txt,low,11427,11429,2,0.0199999999999994
3,Ob3.txt,high,11429,11459,30,0.299999999999991
3,Ob3.txt,low,11459,11507,48,0.4799999999999856
3,Ob3.txt,high,11507,11512,5,0.049999999999998504
3,Ob3.txt,low,11512,11513,1,0.0099999999999997
3,Ob3.txt,high,11513,11515,2,0.0199999999999994
3,Ob3.txt,low,11515,11544,29,0.2899999999999913
3,Ob3.txt,high,11544,11547,3,0.0299999999999991
3,Ob3.txt,low,11547,11548,1,0.0099999999999997
3,Ob3.txt,high,11548,11552,4,0.0399999999999988
3,Ob3.txt,low,11552,11584,32,0.3199999999999904
3,Ob3.txt,high,11584,11785,201,2.00999999999994
3,Ob3.txt,low,11785,11802,17,0.1699999999999949
3,Ob3.txt,high,11802,11804,2,0.0199999999999994
3,Ob3.txt,low,11804,11810,6,0.0599999999999982
3,Ob3.txt,high,11810,11819,9,0.0899999999999973
3,Ob3.txt,low,11819,11821,2,0.0199999999999994
3,Ob3.txt,high,11821,11824,3,0.0299999999999991
3,Ob3.txt,low,11824,11827,3,0.0299999999999991
3,Ob3.txt,high,11827,11852,25,0.2499999999999925
3,Ob3.txt,low,11852,11857,5,0.049999999999998504
3,Ob3.txt,high,11857,11863,6,0.0599999999999982
3,Ob3.txt,low,11863,11867,4,0.0399999999999988
3,Ob3.txt,high,11867,11868,1,0.0099999999999997
3,Ob3.txt,low,11868,11869,1,0.0099999999999997
3,Ob3.txt,high,11869,11871,2,0.0199999999999994
3,Ob3.txt,low,11871,11874,3,0.0299999999999991
3,Ob3.txt,high,11874,11884,10,0.09999999999999701
3,Ob3.txt,low,11884,11890,6,0.0599999999999982
3,Ob3.txt,high,11890,12119,229,2.289999999999931
3,Ob3.txt,low,12119,12129,10,0.09999999999999701
3,Ob3.txt,high,12129,12130,1,0.0099999999999997
3,Ob3.txt,low,12130,12141,11,0.1099999999999967
3,Ob3.txt,high,12141,12205,64,0.6399999999999808
3,Ob3.txt,low,12205,12209,4,0.0399999999999988
3,Ob3.txt,high,12209,12215,6,0.0599999999999982
3,Ob3.txt,low,12215,12222,7,0.0699999999999979
3,Ob3.txt,high,12222,12280,58,0.5799999999999826
3,Ob3.txt,low,12280,12286,6,0.0599999999999982
3,Ob3.txt,high,12286,12301,15,0.1499999999999955
3,Ob3.txt,low,12301,12310,9,0.0899999999999973
3,Ob3.txt,high,12310,12311,1,0.0099999999999997
3,Ob3.txt,low,12311,12360,49,0.4899999999999853
3,Ob3.txt,high,12360,12414,54,0.5399999999999838
3,Ob3.txt,low,12414,12420,6,0.0599999999999982
3,Ob3.txt,high,12420,12444,24,0.2399999999999928
3,Ob3.txt,low,12444,12447,3,0.0299999999999991
3,Ob3.txt,high,12447,12448,1,0.0099999999999997
3,Ob3.txt,low,12448,12457,9,0.0899999999999973
3,Ob3.txt,high,12457,12475,18,0.1799999999999946
3,Ob3.txt,low,12475,12491,16,0.1599999999999952
3,Ob3.txt,high,12491,12493,2,0.0199999999999994
3,Ob3.txt,low,12493,12602,109,1.0899999999999672
3,Ob3.txt,high,12602,12606,4,0.0399999999999988
3,Ob3.txt,low,12606,12672,66,0.6599999999999802
3,Ob3.txt,high,12672,12681,9,0.0899999999999973
3,Ob3.txt,low,12681,12682,1,0.0099999999999997
3,Ob3.txt,high,12682,12728,46,0.4599999999999862
3,Ob3.txt,low,12728,12732,4,0.0399999999999988
3,Ob3.txt,high,12732,12745,13,0.1299999999999961
3,Ob3.txt,low,12745,12746,1,0.0099999999999997
3,Ob3.txt,high,12746,12747,1,0.0099999999999997
3,Ob3.txt,low,12747,12778,31,0.3099999999999907
3,Ob3.txt,high,12778,12782,4,0.0399999999999988
3,Ob3.txt,low,12782,12806,24,0.2399999999999928
3,Ob3.txt,high,12806,12810,4,0.0399999999999988
3,Ob3.txt,low,12810,12857,47,0.46999999999998593
3,Ob3.txt,high,12857,12866,9,0.0899999999999973
3,Ob3.txt,low,12866,12871,5,0.049999999999998504
3,Ob3.txt,high,12871,13001,130,1.299999999999961
3,Ob3.txt,low,13001,13017,16,0.1599999999999952
3,Ob3.txt,high,13017,13021,4,0.0399999999999988
3,Ob3.txt,low,13021,13034,13,0.1299999999999961
3,Ob3.txt,high,13034,13042,8,0.0799999999999976
3,Ob3.txt,low,13042,13061,19,0.1899999999999943
3,Ob3.txt,high,13061,13069,8,0.0799999999999976
3,Ob3.txt,low,13069,13071,2,0.0199999999999994
3,Ob3.txt,high,13071,13081,10,0.09999999999999701
3,Ob3.txt,low,13081,13083,2,0.0199999999999994
3,Ob3.txt,high,13083,13088,5,0.049999999999998504
3,Ob3.txt,low,13088,13090,2,0.0199999999999994
3,Ob3.txt,high,13090,13214,124,1.239999999999963
3,Ob3.txt,low,13214,13221,7,0.0699999999999979
3,Ob3.txt,high,13221,13223,2,0.0199999999999994
3,Ob3.txt,low,13223,13300,77,0.7699999999999769
3,Ob3.txt,high,13300,13301,1,0.0099999999999997
3,Ob3.txt,low,13301,13365,64,0.6399999999999808
3,Ob3.txt,high,13365,13375,10,0.09999999999999701
3,Ob3.txt,low,13375,13380,5,0.049999999999998504
3,Ob3.txt,high,13380,13687,307,3.069999999999908
3,Ob3.txt,low,13687,13688,1,0.0099999999999997
3,Ob3.txt,high,13688,13967,279,2.7899999999999165
3,Ob3.txt,low,13967,13977,10,0.09999999999999701
3,Ob3.txt,high,13977,14016,39,0.3899999999999883
3,Ob3.txt,low,14016,14036,20,0.19999999999999402
3,Ob3.txt,high,14036,14040,4,0.0399999999999988
3,Ob3.txt,low,14040,14045,5,0.049999999999998504
3,Ob3.txt,high,14045,14048,3,0.0299999999999991
3,Ob3.txt,low,14048,14052,4,0.0399999999999988
3,Ob3.txt,high,14052,14222,170,1.699999999999949
3,Ob3.txt,low,14222,14329,107,1.0699999999999679
3,Ob3.txt,high,14329,14332,3,0.0299999999999991
3,Ob3.txt,low,14332,14369,37,0.3699999999999889
3,Ob3.txt,high,14369,14374,5,0.049999999999998504
3,Ob3.txt,low,14374,14378,4,0.0399999999999988
3,Ob3.txt,high,14378,14393,15,0.1499999999999955
3,Ob3.txt,low,14393,14395,2,0.0199999999999994
3,Ob3.txt,high,14395,14458,63,0.6299999999999811
3,Ob3.txt,low,14458,14467,9,0.0899999999999973
3,Ob3.txt,high,14467,14474,7,0.0699999999999979
3,Ob3.txt,low,14474,14494,20,0.19999999999999402
3,Ob3.txt,high,14494,14495,1,0.0099999999999997
3,Ob3.txt,low,14495,14496,1,0.0099999999999997
3,Ob3.txt,high,14496,14497,1,0.0099999999999997
3,Ob3.txt,low,14497,14504,7,0.0699999999999979
3,Ob3.txt,high,14504,14507,3,0.0299999999999991
3,Ob3.txt,low,14507,14508,1,0.0099999999999997
3,Ob3.txt,high,14508,14526,18,0.1799999999999946
3,Ob3.txt,low,14526,14527,1,0.0099999999999997
3,Ob3.txt,high,14527,14528,1,0.0099999999999997
3,Ob3.txt,low,14528,14529,1,0.0099999999999997
3,Ob3.txt,high,14529,14530,1,0.0099999999999997
3,Ob3.txt,low,14530,14668,138,1.3799999999999586
3,Ob3.txt,high,14668,14712,44,0.4399999999999868
3,Ob3.txt,low,14712,14714,2,0.0199999999999994
3,Ob3.txt,high,14714,14719,5,0.049999999999998504
3,Ob3.txt,low,14719,14721,2,0.0199999999999994
3,Ob3.txt,high,14721,14724,3,0.0299999999999991
3,Ob3.txt,low,14724,14725,1,0.0099999999999997
3,Ob3.txt,high,14725,14726,1,0.0099999999999997
3,Ob3.txt,low,14726,14794,68,0.6799999999999796
3,Ob3.txt,high,14794,14801,7,0.0699999999999979
3,Ob3.txt,low,14801,14804,3,0.0299999999999991
3,Ob3.txt,high,14804,14816,12,0.1199999999999964
3,Ob3.txt,low,14816,14819,3,0.0299999999999991
3,Ob3.txt,high,14819,14820,1,0.0099999999999997
3,Ob3.txt,low,14820,14846,26,0.2599999999999922
3,Ob3.txt,high,14846,14934,88,0.8799999999999736
3,Ob3.txt,low,14934,14990,56,0.5599999999999832
4,Ob4.txt,high,0,210,210,2.099999999999937
4,Ob4.txt,low,210,253,43,0.4299999999999871
4,Ob4.txt,high,253,359,106,1.0599999999999683
4,Ob4.txt,low,359,478,119,1.1899999999999644
4,Ob4.txt,high,478,619,141,1.4099999999999577
4,Ob4.txt,low,619,629,10,0.09999999999999701
4,Ob4.txt,high,629,787,158,1.5799999999999526
4,Ob4.txt,low,787,789,2,0.0199999999999994
4,Ob4.txt,high,789,796,7,0.0699999999999979
4,Ob4.txt,low,796,808,12,0.1199999999999964
4,Ob4.txt,high,808,813,5,0.049999999999998504
4,Ob4.txt,low,813,826,13,0.1299999999999961
4,Ob4.txt,high,826,881,55,0.5499999999999835
4,Ob4.txt,low,881,938,57,0.5699999999999829
4,Ob4.txt,high,938,1051,113,1.1299999999999661
4,Ob4.txt,low,1051,1107,56,0.5599999999999832
4,Ob4.txt,high,1107,1311,204,2.0399999999999388
4,Ob4.txt,low,1311,1318,7,0.0699999999999979
4,Ob4.txt,high,1318,1349,31,0.3099999999999907
4,Ob4.txt,low,1349,1354,5,0.049999999999998504
4,Ob4.txt,high,1354,1542,188,1.8799999999999437
4,Ob4.txt,low,1542,1564,22,0.2199999999999934
4,Ob4.txt,high,1564,1573,9,0.0899999999999973
4,Ob4.txt,low,1573,1580,7,0.0699999999999979
4,Ob4.txt,high,1580,1635,55,0.5499999999999835
4,Ob4.txt,low,1635,1683,48,0.4799999999999856
4,Ob4.txt,high,1683,1784,101,1.0099999999999698
4,Ob4.txt,low,1784,1785,1,0.0099999999999997
4,Ob4.txt,high,1785,1790,5,0.049999999999998504
4,Ob4.txt,low,1790,1813,23,0.2299999999999931
4,Ob4.txt,high,1813,1979,166,1.6599999999999502
4,Ob4.txt,low,1979,2059,80,0.7999999999999761
4,Ob4.txt,high,2059,2094,35,0.3499999999999895
4,Ob4.txt,low,2094,2419,325,3.2499999999999027
4,Ob4.txt,high,2419,2431,12,0.1199999999999964
4,Ob4.txt,low,2431,2640,209,2.0899999999999372
4,Ob4.txt,high,2640,2642,2,0.0199999999999994
4,Ob4.txt,low,2642,2822,180,1.799999999999946
4,Ob4.txt,high,2822,2826,4,0.0399999999999988
4,Ob4.txt,low,2826,2840,14,0.1399999999999958
4,Ob4.txt,high,2840,2842,2,0.0199999999999994
4,Ob4.txt,low,2842,2844,2,0.0199999999999994
4,Ob4.txt,high,2844,2861,17,0.1699999999999949
4,Ob4.txt,low,2861,3041,180,1.799999999999946
4,Ob4.txt,high,3041,3122,81,0.8099999999999757
4,Ob4.txt,low,3122,3126,4,0.0399999999999988
4,Ob4.txt,high,3126,3130,4,0.0399999999999988
4,Ob4.txt,low,3130,3132,2,0.0199999999999994
4,Ob4.txt,high,3132,3190,58,0.5799999999999826
4,Ob4.txt,low,3190,3221,31,0.3099999999999907
4,Ob4.txt,high,3221,3225,4,0.0399999999999988
4,Ob4.txt,low,3225,3238,13,0.1299999999999961
4,Ob4.txt,high,3238,3257,19,0.1899999999999943
4,Ob4.txt,low,3257,3266,9,0.0899999999999973
4,Ob4.txt,high,3266,3385,119,1.1899999999999644
4,Ob4.txt,low,3385,3386,1,0.0099999999999997
4,Ob4.txt,high,3386,3474,88,0.8799999999999736
4,Ob4.txt,low,3474,3526,52,0.5199999999999844
4,Ob4.txt,high,3526,3528,2,0.0199999999999994
4,Ob4.txt,low,3528,3532,4,0.0399999999999988
4,Ob4.txt,high,3532,3536,4,0.0399999999999988
4,Ob4.txt,low,3536,3539,3,0.0299999999999991
4,Ob4.txt,high,3539,3545,6,0.0599999999999982
4,Ob4.txt,low,3545,3547,2,0.0199999999999994
4,Ob4.txt,high,3547,3553,6,0.0599999999999982
4,Ob4.txt,low,3553,3555,2,0.0199999999999994
4,Ob4.txt,high,3555,3562,7,0.0699999999999979
4,Ob4.txt,low,3562,3577,15,0.1499999999999955
4,Ob4.txt,high,3577,3578,1,0.0099999999999997
4,Ob4.txt,low,3578,3614,36,0.3599999999999892
4,Ob4.txt,high,3614,3628,14,0.1399999999999958
4,Ob4.txt,low,3628,3630,2,0.0199999999999994
4,Ob4.txt,high,3630,4229,599,5.989999999999821
4,Ob4.txt,low,4229,4383,154,1.5399999999999539
4,Ob4.txt,high,4383,4504,121,1.2099999999999638
4,Ob4.txt,low,4504,4617,113,1.1299999999999661
4,Ob4.txt,high,4617,4618,1,0.0099999999999997
4,Ob4.txt,low,4618,4628,10,0.09999999999999701
4,Ob4.txt,high,4628,4632,4,0.0399999999999988
4,Ob4.txt,low,4632,4634,2,0.0199999999999994
4,Ob4.txt,high,4634,4635,1,0.0099999999999997
4,Ob4.txt,low,4635,4658,23,0.2299999999999931
4,Ob4.txt,high,4658,4671,13,0.1299999999999961
4,Ob4.txt,low,4671,4675,4,0.0399999999999988
4,Ob4.txt,high,4675,4697,22,0.2199999999999934
4,Ob4.txt,low,4697,4714,17,0.1699999999999949
4,Ob4.txt,high,4714,4728,14,0.1399999999999958
4,Ob4.txt,low,4728,4729,1,0.0099999999999997
4,Ob4.txt,high,4729,4733,4,0.0399999999999988
4,Ob4.txt,low,4733,4790,57,0.5699999999999829
4,Ob4.txt,high,4790,4801,11,0.1099999999999967
4,Ob4.txt,low,4801,4895,94,0.9399999999999719
4,Ob4.txt,high,4895,4897,2,0.0199999999999994
4,Ob4.txt,low,4897,4906,9,0.0899999999999973
4,Ob4.txt,high,4906,5158,252,2.5199999999999245
4,Ob4.txt,low,5158,5162,4,0.0399999999999988
4,Ob4.txt,high,5162,5178,16,0.1599999999999952
4,Ob4.txt,low,5178,5181,3,0.0299999999999991
4,Ob4.txt,high,5181,5183,2,0.0199999999999994
4,Ob4.txt,low,5183,5191,8,0.0799999999999976
4,Ob4.txt,high,5191,5440,249,2.489999999999925
4,Ob4.txt,low,5440,5454,14,0.1399999999999958
4,Ob4.txt,high,5454,6085,631,6.30999999999981
4,Ob4.txt,low,6085,6092,7,0.0699999999999979
4,Ob4.txt,high,6092,6094,2,0.0199999999999994
4,Ob4.txt,low,6094,6110,16,0.1599999999999952
4,Ob4.txt,high,6110,6112,2,0.0199999999999994
4,Ob4.txt,low,6112,6117,5,0.049999999999998504
4,Ob4.txt,high,6117,6130,13,0.1299999999999961
4,Ob4.txt,low,6130,6134,4,0.0399999999999988
4,Ob4.txt,high,6134,6481,347,3.469999999999896
4,Ob4.txt,low,6481,6492,11,0.1099999999999967
4,Ob4.txt,high,6492,6539,47,0.46999999999998593
4,Ob4.txt,low,6539,6677,138,1.3799999999999586
4,Ob4.txt,high,6677,6686,9,0.0899999999999973
4,Ob4.txt,low,6686,6715,29,0.2899999999999913
4,Ob4.txt,high,6715,6720,5,0.049999999999998504
4,Ob4.txt,low,6720,6724,4,0.0399999999999988
4,Ob4.txt,high,6724,6738,14,0.1399999999999958
4,Ob4.txt,low,6738,6748,10,0.09999999999999701
4,Ob4.txt,high,6748,6763,15,0.1499999999999955
4,Ob4.txt,low,6763,6771,8,0.0799999999999976
4,Ob4.txt,high,6771,6778,7,0.0699999999999979
4,Ob4.txt,low,6778,6780,2,0.0199999999999994
4,Ob4.txt,high,6780,6803,23,0.2299999999999931
4,Ob4.txt,low,6803,6818,15,0.1499999999999955
4,Ob4.txt,high,6818,6847,29,0.2899999999999913
4,Ob4.txt,low,6847,6876,29,0.2899999999999913
4,Ob4.txt,high,6876,6878,2,0.0199999999999994
4,Ob4.txt,low,6878,6888,10,0.09999999999999701
4,Ob4.txt,high,6888,6897,9,0.0899999999999973
4,Ob4.txt,low,6897,7252,355,3.5499999999998937
4,Ob4.txt,high,7252,7260,8,0.0799999999999976
4,Ob4.txt,low,7260,7300,40,0.39999999999998803
4,Ob4.txt,high,7300,7334,34,0.3399999999999898
4,Ob4.txt,low,7334,7637,303,3.029999999999909
4,Ob4.txt,high,7637,7641,4,0.0399999999999988
4,Ob4.txt,low,7641,7742,101,1.0099999999999698
4,Ob4.txt,high,7742,7813,71,0.7099999999999788
4,Ob4.txt,low,7813,7822,9,0.0899999999999973
4,Ob4.txt,high,7822,8052,230,2.299999999999931
4,Ob4.txt,low,8052,8126,74,0.7399999999999778
4,Ob4.txt,high,8126,8134,8,0.0799999999999976
4,Ob4.txt,low,8134,8157,23,0.2299999999999931
4,Ob4.txt,high,8157,8197,40,0.39999999999998803
4,Ob4.txt,low,8197,8205,8,0.0799999999999976
4,Ob4.txt,high,8205,8216,11,0.1099999999999967
4,Ob4.txt,low,8216,8243,27,0.2699999999999919
4,Ob4.txt,high,8243,8273,30,0.299999999999991
4,Ob4.txt,low,8273,8377,104,1.0399999999999687
4,Ob4.txt,high,8377,8397,20,0.19999999999999402
4,Ob4.txt,low,8397,8400,3,0.0299999999999991
4,Ob4.txt,high,8400,8401,1,0.0099999999999997
4,Ob4.txt,low,8401,8438,37,0.3699999999999889
4,Ob4.txt,high,8438,8469,31,0.3099999999999907
4,Ob4.txt,low,8469,8635,166,1.6599999999999502
4,Ob4.txt,high,8635,8638,3,0.0299999999999991
4,Ob4.txt,low,8638,8776,138,1.3799999999999586
4,Ob4.txt,high,8776,8784,8,0.0799999999999976
4,Ob4.txt,low,8784,8791,7,0.0699999999999979
4,Ob4.txt,high,8791,8817,26,0.2599999999999922
4,Ob4.txt,low,8817,8818,1,0.0099999999999997
4,Ob4.txt,high,8818,9037,219,2.189999999999934
4,Ob4.txt,low,9037,9055,18,0.1799999999999946
4,Ob4.txt,high,9055,9061,6,0.0599999999999982
4,Ob4.txt,low,9061,9092,31,0.3099999999999907
4,Ob4.txt,high,9092,9113,21,0.2099999999999937
4,Ob4.txt,low,9113,9422,309,3.0899999999999075
4,Ob4.txt,high,9422,9423,1,0.0099999999999997
4,Ob4.txt,low,9423,9516,93,0.9299999999999721
4,Ob4.txt,high,9516,9527,11,0.1099999999999967
4,Ob4.txt,low,9527,9657,130,1.299999999999961
4,Ob4.txt,high,9657,9666,9,0.0899999999999973
4,Ob4.txt,low,9666,9698,32,0.3199999999999904
4,Ob4.txt,high,9698,9717,19,0.1899999999999943
4,Ob4.txt,low,9717,9718,1,0.0099999999999997
4,Ob4.txt,high,9718,9753,35,0.3499999999999895
4,Ob4.txt,low,9753,9756,3,0.0299999999999991
4,Ob4.txt,high,9756,9862,106,1.0599999999999683
4,Ob4.txt,low,9862,9981,119,1.1899999999999644
4,Ob4.txt,high,9981,10023,42,0.4199999999999874
4,Ob4.txt,low,10023,10024,1,0.0099999999999997
4,Ob4.txt,high,10024,10070,46,0.4599999999999862
4,Ob4.txt,low,10070,10072,2,0.0199999999999994
4,Ob4.txt,high,10072,10080,8,0.0799999999999976
4,Ob4.txt,low,10080,10112,32,0.3199999999999904
4,Ob4.txt,high,10112,10122,10,0.09999999999999701
4,Ob4.txt,low,10122,10125,3,0.0299999999999991
4,Ob4.txt,high,10125,10133,8,0.0799999999999976
4,Ob4.txt,low,10133,10143,10,0.09999999999999701
4,Ob4.txt,high,10143,10314,171,1.7099999999999487
4,Ob4.txt,low,10314,10329,15,0.1499999999999955
4,Ob4.txt,high,10329,10341,12,0.1199999999999964
4,Ob4.txt,low,10341,10516,175,1.7499999999999476
4,Ob4.txt,high,10516,10529,13,0.1299999999999961
4,Ob4.txt,low,10529,10530,1,0.0099999999999997
4,Ob4.txt,high,10530,10534,4,0.0399999999999988
4,Ob4.txt,low,10534,10545,11,0.1099999999999967
4,Ob4.txt,high,10545,10587,42,0.4199999999999874
4,Ob4.txt,low,10587,10763,176,1.7599999999999472
4,Ob4.txt,high,10763,10893,130,1.299999999999961
4,Ob4.txt,low,10893,10899,6,0.0599999999999982
4,Ob4.txt,high,10899,10917,18,0.1799999999999946
4,Ob4.txt,low,10917,11177,260,2.599999999999922
4,Ob4.txt,high,11177,11212,35,0.3499999999999895
4,Ob4.txt,low,11212,11222,10,0.09999999999999701
4,Ob4.txt,high,11222,11309,87,0.8699999999999739
4,Ob4.txt,low,11309,11310,1,0.0099999999999997
4,Ob4.txt,high,11310,11313,3,0.0299999999999991
4,Ob4.txt,low,11313,11328,15,0.1499999999999955
4,Ob4.txt,high,11328,11338,10,0.09999999999999701
4,Ob4.txt,low,11338,11356,18,0.1799999999999946
4,Ob4.txt,high,11356,11409,53,0.5299999999999842
4,Ob4.txt,low,11409,11480,71,0.7099999999999788
4,Ob4.txt,high,11480,11500,20,0.19999999999999402
4,Ob4.txt,low,11500,11506,6,0.0599999999999982
4,Ob4.txt,high,11506,11524,18,0.1799999999999946
4,Ob4.txt,low,11524,11583,59,0.5899999999999823
4,Ob4.txt,high,11583,11592,9,0.0899999999999973
4,Ob4.txt,low,11592,11668,76,0.7599999999999772
4,Ob4.txt,high,11668,11710,42,0.4199999999999874
4,Ob4.txt,low,11710,11731,21,0.2099999999999937
4,Ob4.txt,high,11731,11737,6,0.0599999999999982
4,Ob4.txt,low,11737,11767,30,0.299999999999991
4,Ob4.txt,high,11767,11860,93,0.9299999999999721
4,Ob4.txt,low,11860,11889,29,0.2899999999999913
4,Ob4.txt,high,11889,11892,3,0.0299999999999991
4,Ob4.txt,low,11892,11910,18,0.1799999999999946
4,Ob4.txt,high,11910,11927,17,0.1699999999999949
4,Ob4.txt,low,11927,11962,35,0.3499999999999895
4,Ob4.txt,high,11962,11964,2,0.0199999999999994
4,Ob4.txt,low,11964,12243,279,2.7899999999999165
4,Ob4.txt,high,12243,12304,61,0.6099999999999817
4,Ob4.txt,low,12304,12316,12,0.1199999999999964
4,Ob4.txt,high,12316,12423,107,1.0699999999999679
4,Ob4.txt,low,12423,12426,3,0.0299999999999991
4,Ob4.txt,high,12426,12455,29,0.2899999999999913
4,Ob4.txt,low,12455,12513,58,0.5799999999999826
4,Ob4.txt,high,12513,12515,2,0.0199999999999994
4,Ob4.txt,low,12515,12519,4,0.0399999999999988
4,Ob4.txt,high,12519,12557,38,0.3799999999999886
4,Ob4.txt,low,12557,12558,1,0.0099999999999997
4,Ob4.txt,high,12558,12561,3,0.0299999999999991
4,Ob4.txt,low,12561,13039,478,4.779999999999856
4,Ob4.txt,high,13039,13122,83,0.8299999999999751
4,Ob4.txt,low,13122,13150,28,0.2799999999999916
4,Ob4.txt,high,13150,13172,22,0.2199999999999934
4,Ob4.txt,low,13172,13188,16,0.1599999999999952
4,Ob4.txt,high,13188,13304,116,1.1599999999999653
4,Ob4.txt,low,13304,13371,67,0.66999999999998
4,Ob4.txt,high,13371,13372,1,0.0099999999999997
4,Ob4.txt,low,13372,13392,20,0.19999999999999402
4,Ob4.txt,high,13392,13429,37,0.3699999999999889
4,Ob4.txt,low,13429,13444,15,0.1499999999999955
4,Ob4.txt,high,13444,13447,3,0.0299999999999991
4,Ob4.txt,low,13447,13455,8,0.0799999999999976
4,Ob4.txt,high,13455,13669,214,2.1399999999999357
4,Ob4.txt,low,13669,13677,8,0.0799999999999976
4,Ob4.txt,high,13677,13688,11,0.1099999999999967
4,Ob4.txt,low,13688,13693,5,0.049999999999998504
4,Ob4.txt,high,13693,13743,50,0.499999999999985
4,Ob4.txt,low,13743,13794,51,0.5099999999999847
4,Ob4.txt,high,13794,13872,78,0.7799999999999766
4,Ob4.txt,low,13872,13928,56,0.5599999999999832
4,Ob4.txt,high,13928,14036,108,1.0799999999999677
4,Ob4.txt,low,14036,14062,26,0.2599999999999922
4,Ob4.txt,high,14062,14073,11,0.1099999999999967
4,Ob4.txt,low,14073,14104,31,0.3099999999999907
4,Ob4.txt,high,14104,14107,3,0.0299999999999991
4,Ob4.txt,low,14107,14174,67,0.66999999999998
4,Ob4.txt,high,14174,14223,49,0.4899999999999853
4,Ob4.txt,low,14223,14235,12,0.1199999999999964
4,Ob4.txt,high,14235,14258,23,0.2299999999999931
4,Ob4.txt,low,14258,14566,308,3.0799999999999077
4,Ob4.txt,high,14566,14574,8,0.0799999999999976
4,Ob4.txt,low,14574,14578,4,0.0399999999999988
4,Ob4.txt,high,14578,14610,32,0.3199999999999904
4,Ob4.txt,low,14610,14719,109,1.0899999999999672
4,Ob4.txt,high,14719,14728,9,0.0899999999999973
4,Ob4.txt,low,14728,14747,19,0.1899999999999943
4,Ob4.txt,high,14747,14748,1,0.0099999999999997
4,Ob4.txt,low,14748,14749,1,0.0099999999999997
4,Ob4.txt,high,14749,14767,18,0.1799999999999946
4,Ob4.txt,low,14767,14952,185,1.8499999999999446
5,Ob5.txt,high,0,139,139,1.3899999999999584
5,Ob5.txt,low,139,155,16,0.1599999999999952
5,Ob5.txt,high,155,177,22,0.2199999999999934
5,Ob5.txt,low,177,188,11,0.1099999999999967
5,Ob5.txt,high,188,235,47,0.46999999999998593
5,Ob5.txt,low,235,400,165,1.6499999999999506
5,Ob5.txt,high,400,497,97,0.9699999999999709
5,Ob5.txt,low,497,660,163,1.629999999999951
5,Ob5.txt,high,660,707,47,0.46999999999998593
5,Ob5.txt,low,707,727,20,0.19999999999999402
5,Ob5.txt,high,727,799,72,0.7199999999999784
5,Ob5.txt,low,799,1036,237,2.369999999999929
5,Ob5.txt,high,1036,1163,127,1.2699999999999618
5,Ob5.txt,low,1163,1168,5,0.049999999999998504
5,Ob5.txt,high,1168,1226,58,0.5799999999999826
5,Ob5.txt,low,1226,1229,3,0.0299999999999991
5,Ob5.txt,high,1229,1237,8,0.0799999999999976
5,Ob5.txt,low,1237,1292,55,0.5499999999999835
5,Ob5.txt,high,1292,1331,39,0.3899999999999883
5,Ob5.txt,low,1331,1352,21,0.2099999999999937
5,Ob5.txt,high,1352,1364,12,0.1199999999999964
5,Ob5.txt,low,1364,1405,41,0.4099999999999877
5,Ob5.txt,high,1405,1432,27,0.2699999999999919
5,Ob5.txt,low,1432,1450,18,0.1799999999999946
5,Ob5.txt,high,1450,1621,171,1.7099999999999487
5,Ob5.txt,low,1621,1644,23,0.2299999999999931
5,Ob5.txt,high,1644,1675,31,0.3099999999999907
5,Ob5.txt,low,1675,1676,1,0.0099999999999997
5,Ob5.txt,high,1676,1677,1,0.0099999999999997
5,Ob5.txt,low,1677,1728,51,0.5099999999999847
5,Ob5.txt,high,1728,1738,10,0.09999999999999701
5,Ob5.txt,low,1738,1739,1,0.0099999999999997
5,Ob5.txt,high,1739,1864,125,1.2499999999999625
5,Ob5.txt,low,1864,1908,44,0.4399999999999868
5,Ob5.txt,high,1908,1932,24,0.2399999999999928
5,Ob5.txt,low,1932,1955,23,0.2299999999999931
5,Ob5.txt,high,1955,1974,19,0.1899999999999943
5,Ob5.txt,low,1974,1981,7,0.0699999999999979
5,Ob5.txt,high,1981,1992,11,0.1099999999999967
5,Ob5.txt,low,1992,2003,11,0.1099999999999967
5,Ob5.txt,high,2003,2038,35,0.3499999999999895
5,Ob5.txt,low,2038,2046,8,0.0799999999999976
5,Ob5.txt,high,2046,2109,63,0.6299999999999811
5,Ob5.txt,low,2109,2145,36,0.3599999999999892
5,Ob5.txt,high,2145,2290,145,1.4499999999999564
5,Ob5.txt,low,2290,2612,322,3.2199999999999034
5,Ob5.txt,high,2612,2627,15,0.1499999999999955
5,Ob5.txt,low,2627,2930,303,3.029999999999909
5,Ob5.txt,high,2930,2954,24,0.2399999999999928
5,Ob5.txt,low,2954,2968,14,0.1399999999999958
5,Ob5.txt,high,2968,2979,11,0.1099999999999967
5,Ob5.txt,low,2979,3054,75,0.7499999999999775
5,Ob5.txt,high,3054,3112,58,0.5799999999999826
5,Ob5.txt,low,3112,3186,74,0.7399999999999778
5,Ob5.txt,high,3186,3238,52,0.5199999999999844
5,Ob5.txt,low,3238,3244,6,0.0599999999999982
5,Ob5.txt,high,3244,3247,3,0.0299999999999991
5,Ob5.txt,low,3247,3250,3,0.0299999999999991
5,Ob5.txt,high,3250,3252,2,0.0199999999999994
5,Ob5.txt,low,3252,3408,156,1.5599999999999532
5,Ob5.txt,high,3408,3529,121,1.2099999999999638
5,Ob5.txt,low,3529,3535,6,0.0599999999999982
5,Ob5.txt,high,3535,3597,62,0.6199999999999815
5,Ob5.txt,low,3597,3697,100,0.99999999999997
5,Ob5.txt,high,3697,3793,96,0.9599999999999712
5,Ob5.txt,low,3793,3899,106,1.0599999999999683
5,Ob5.txt,high,3899,3908,9,0.0899999999999973
5,Ob5.txt,low,3908,3911,3,0.0299999999999991
5,Ob5.txt,high,3911,4065,154,1.5399999999999539
5,Ob5.txt,low,4065,4132,67,0.66999999999998
5,Ob5.txt,high,4132,4145,13,0.1299999999999961
5,Ob5.txt,low,4145,4196,51,0.5099999999999847
5,Ob5.txt,high,4196,4231,35,0.3499999999999895
5,Ob5.txt,low,4231,4232,1,0.0099999999999997
5,Ob5.txt,high,4232,4272,40,0.39999999999998803
5,Ob5.txt,low,4272,4336,64,0.6399999999999808
5,Ob5.txt,high,4336,4337,1,0.0099999999999997
5,Ob5.txt,low,4337,4350,13,0.1299999999999961
5,Ob5.txt,high,4350,4365,15,0.1499999999999955
5,Ob5.txt,low,4365,4386,21,0.2099999999999937
5,Ob5.txt,high,4386,4430,44,0.4399999999999868
5,Ob5.txt,low,4430,4459,29,0.2899999999999913
5,Ob5.txt,high,4459,4462,3,0.0299999999999991
5,Ob5.txt,low,4462,4476,14,0.1399999999999958
5,Ob5.txt,high,4476,4481,5,0.049999999999998504
5,Ob5.txt,low,4481,4575,94,0.9399999999999719
5,Ob5.txt,high,4575,4606,31,0.3099999999999907
5,Ob5.txt,low,4606,4976,370,3.699999999999889
5,Ob5.txt,high,4976,5008,32,0.3199999999999904
5,Ob5.txt,low,5008,5087,79,0.7899999999999763
5,Ob5.txt,high,5087,5091,4,0.0399999999999988
5,Ob5.txt,low,5091,5154,63,0.6299999999999811
5,Ob5.txt,high,5154,5192,38,0.3799999999999886
5,Ob5.txt,low,5192,5194,2,0.0199999999999994
5,Ob5.txt,high,5194,5195,1,0.0099999999999997
5,Ob5.txt,low,5195,5269,74,0.7399999999999778
5,Ob5.txt,high,5269,5291,22,0.2199999999999934
5,Ob5.txt,low,5291,5399,108,1.0799999999999677
5,Ob5.txt,high,5399,5432,33,0.3299999999999901
5,Ob5.txt,low,5432,5448,16,0.1599999999999952
5,Ob5.txt,high,5448,5493,45,0.4499999999999865
5,Ob5.txt,low,5493,5725,232,2.3199999999999306
5,Ob5.txt,high,5725,5741,16,0.1599999999999952
5,Ob5.txt,low,5741,5746,5,0.049999999999998504
5,Ob5.txt,high,5746,5770,24,0.2399999999999928
5,Ob5.txt,low,5770,5852,82,0.8199999999999754
5,Ob5.txt,high,5852,5861,9,0.0899999999999973
5,Ob5.txt,low,5861,5934,73,0.7299999999999781
5,Ob5.txt,high,5934,6043,109,1.0899999999999672
5,Ob5.txt,low,6043,6095,52,0.5199999999999844
5,Ob5.txt,high,6095,6121,26,0.2599999999999922
5,Ob5.txt,low,6121,6122,1,0.0099999999999997
5,Ob5.txt,high,6122,6265,143,1.429999999999957
5,Ob5.txt,low,6265,6267,2,0.0199999999999994
5,Ob5.txt,high,6267,6447,180,1.799999999999946
5,Ob5.txt,low,6447,6451,4,0.0399999999999988
5,Ob5.txt,high,6451,6469,18,0.1799999999999946
5,Ob5.txt,low,6469,6569,100,0.99999999999997
5,Ob5.txt,high,6569,6671,102,1.0199999999999694
5,Ob5.txt,low,6671,7041,370,3.699999999999889
5,Ob5.txt,high,7041,7142,101,1.0099999999999698
5,Ob5.txt,low,7142,7155,13,0.1299999999999961
5,Ob5.txt,high,7155,7156,1,0.0099999999999997
5,Ob5.txt,low,7156,7162,6,0.0599999999999982
5,Ob5.txt,high,7162,7169,7,0.0699999999999979
5,Ob5.txt,low,7169,7182,13,0.1299999999999961
5,Ob5.txt,high,7182,7191,9,0.0899999999999973
5,Ob5.txt,low,7191,7228,37,0.3699999999999889
5,Ob5.txt,high,7228,7310,82,0.8199999999999754
5,Ob5.txt,low,7310,7318,8,0.0799999999999976
5,Ob5.txt,high,7318,7393,75,0.7499999999999775
5,Ob5.txt,low,7393,7414,21,0.2099999999999937
5,Ob5.txt,high,7414,7480,66,0.6599999999999802
5,Ob5.txt,low,7480,7483,3,0.0299999999999991
5,Ob5.txt,high,7483,7656,173,1.729999999999948
5,Ob5.txt,low,7656,7665,9,0.0899999999999973
5,Ob5.txt,high,7665,7720,55,0.5499999999999835
5,Ob5.txt,low,7720,7728,8,0.0799999999999976
5,Ob5.txt,high,7728,7763,35,0.3499999999999895
5,Ob5.txt,low,7763,7767,4,0.0399999999999988
5,Ob5.txt,high,7767,7798,31,0.3099999999999907
5,Ob5.txt,low,7798,7822,24,0.2399999999999928
5,Ob5.txt,high,7822,7867,45,0.4499999999999865
5,Ob5.txt,low,7867,7892,25,0.2499999999999925
5,Ob5.txt,high,7892,7924,32,0.3199999999999904
5,Ob5.txt,low,7924,7937,13,0.1299999999999961
5,Ob5.txt,high,7937,8023,86,0.8599999999999742
5,Ob5.txt,low,8023,8035,12,0.1199999999999964
5,Ob5.txt,high,8035,8134,99,0.9899999999999703
5,Ob5.txt,low,8134,8145,11,0.1099999999999967
5,Ob5.txt,high,8145,8147,2,0.0199999999999994
5,Ob5.txt,low,8147,8225,78,0.7799999999999766
5,Ob5.txt,high,8225,8386,161,1.6099999999999517
5,Ob5.txt,low,8386,8398,12,0.1199999999999964
5,Ob5.txt,high,8398,8571,173,1.729999999999948
5,Ob5.txt,low,8571,8600,29,0.2899999999999913
5,Ob5.txt,high,8600,8601,1,0.0099999999999997
5,Ob5.txt,low,8601,8826,225,2.2499999999999325
5,Ob5.txt,high,8826,8942,116,1.1599999999999653
5,Ob5.txt,low,8942,8965,23,0.2299999999999931
5,Ob5.txt,high,8965,9028,63,0.6299999999999811
5,Ob5.txt,low,9028,9038,10,0.09999999999999701
5,Ob5.txt,high,9038,9052,14,0.1399999999999958
5,Ob5.txt,low,9052,9054,2,0.0199999999999994
5,Ob5.txt,high,9054,9056,2,0.0199999999999994
5,Ob5.txt,low,9056,9063,7,0.0699999999999979
5,Ob5.txt,high,9063,9127,64,0.6399999999999808
5,Ob5.txt,low,9127,9128,1,0.0099999999999997
5,Ob5.txt,high,9128,9301,173,1.729999999999948
5,Ob5.txt,low,9301,9317,16,0.1599999999999952
5,Ob5.txt,high,9317,9334,17,0.1699999999999949
5,Ob5.txt,low,9334,9470,136,1.3599999999999592
5,Ob5.txt,high,9470,9557,87,0.8699999999999739
5,Ob5.txt,low,9557,9604,47,0.46999999999998593
5,Ob5.txt,high,9604,9610,6,0.0599999999999982
5,Ob5.txt,low,9610,9613,3,0.0299999999999991
5,Ob5.txt,high,9613,9654,41,0.4099999999999877
5,Ob5.txt,low,9654,9810,156,1.5599999999999532
5,Ob5.txt,high,9810,9849,39,0.3899999999999883
5,Ob5.txt,low,9849,9931,82,0.8199999999999754
5,Ob5.txt,high,9931,9951,20,0.19999999999999402
5,Ob5.txt,low,9951,9952,1,0.0099999999999997
5,Ob5.txt,high,9952,10000,48,0.4799999999999856
5,Ob5.txt,low,10000,10035,35,0.3499999999999895
5,Ob5.txt,high,10035,10298,263,2.6299999999999213
5,Ob5.txt,low,10298,10304,6,0.0599999999999982
5,Ob5.txt,high,10304,10379,75,0.7499999999999775
5,Ob5.txt,low,10379,10411,32,0.3199999999999904
5,Ob5.txt,high,10411,10448,37,0.3699999999999889
5,Ob5.txt,low,10448,10460,12,0.1199999999999964
5,Ob5.txt,high,10460,10640,180,1.799999999999946
5,Ob5.txt,low,10640,10752,112,1.1199999999999664
5,Ob5.txt,high,10752,10828,76,0.7599999999999772
5,Ob5.txt,low,10828,10840,12,0.1199999999999964
5,Ob5.txt,high,10840,11015,175,1.7499999999999476
5,Ob5.txt,low,11015,11021,6,0.0599999999999982
5,Ob5.txt,high,11021,11031,10,0.09999999999999701
5,Ob5.txt,low,11031,11051,20,0.19999999999999402
5,Ob5.txt,high,11051,11053,2,0.0199999999999994
5,Ob5.txt,low,11053,11087,34,0.3399999999999898
5,Ob5.txt,high,11087,11267,180,1.799999999999946
5,Ob5.txt,low,11267,11667,400,3.99999999999988
5,Ob5.txt,high,11667,11797,130,1.299999999999961
5,Ob5.txt,low,11797,11860,63,0.6299999999999811
5,Ob5.txt,high,11860,11893,33,0.3299999999999901
5,Ob5.txt,low,11893,11961,68,0.6799999999999796
5,Ob5.txt,high,11961,11993,32,0.3199999999999904
5,Ob5.txt,low,11993,12004,11,0.1099999999999967
5,Ob5.txt,high,12004,12012,8,0.0799999999999976
5,Ob5.txt,low,12012,12017,5,0.049999999999998504
5,Ob5.txt,high,12017,12036,19,0.1899999999999943
5,Ob5.txt,low,12036,12043,7,0.0699999999999979
5,Ob5.txt,high,12043,12071,28,0.2799999999999916
5,Ob5.txt,low,12071,12190,119,1.1899999999999644
5,Ob5.txt,high,12190,12235,45,0.4499999999999865
5,Ob5.txt,low,12235,12682,447,4.469999999999866
5,Ob5.txt,high,12682,12694,12,0.1199999999999964
5,Ob5.txt,low,12694,12804,110,1.099999999999967
5,Ob5.txt,high,12804,12876,72,0.7199999999999784
5,Ob5.txt,low,12876,12884,8,0.0799999999999976
5,Ob5.txt,high,12884,12975,91,0.9099999999999727
5,Ob5.txt,low,12975,13038,63,0.6299999999999811
5,Ob5.txt,high,13038,13077,39,0.3899999999999883
5,Ob5.txt,low,13077,13117,40,0.39999999999998803
5,Ob5.txt,high,13117,13118,1,0.0099999999999997
5,Ob5.txt,low,13118,13128,10,0.09999999999999701
5,Ob5.txt,high,13128,13137,9,0.0899999999999973
5,Ob5.txt,low,13137,13247,110,1.099999999999967
5,Ob5.txt,high,13247,13257,10,0.09999999999999701
5,Ob5.txt,low,13257,13261,4,0.0399999999999988
5,Ob5.txt,high,13261,13347,86,0.8599999999999742
5,Ob5.txt,low,13347,13366,19,0.1899999999999943
5,Ob5.txt,high,13366,13373,7,0.0699999999999979
5,Ob5.txt,low,13373,13503,130,1.299999999999961
5,Ob5.txt,high,13503,13581,78,0.7799999999999766
5,Ob5.txt,low,13581,13628,47,0.46999999999998593
5,Ob5.txt,high,13628,13854,226,2.2599999999999323
5,Ob5.txt,low,13854,13995,141,1.4099999999999577
5,Ob5.txt,high,13995,14065,70,0.699999999999979
5,Ob5.txt,low,14065,14069,4,0.0399999999999988
5,Ob5.txt,high,14069,14291,222,2.2199999999999336
5,Ob5.txt,low,14291,14353,62,0.6199999999999815
5,Ob5.txt,high,14353,14606,253,2.5299999999999243
5,Ob5.txt,low,14606,14707,101,1.0099999999999698
5,Ob5.txt,high,14707,14717,10,0.09999999999999701
5,Ob5.txt,low,14717,14734,17,0.1699999999999949
5,Ob5.txt,high,14734,14840,106,1.0599999999999683
5,Ob5.txt,low,14840,14912,72,0.7199999999999784
5,Ob5.txt,high,14912,14956,44,0.4399999999999868
5,Ob5.txt,low,14956,14957,1,0.0099999999999997
6,Ob6.txt,high,0,259,259,2.589999999999482
6,Ob6.txt,low,259,283,24,0.239999999999952
6,Ob6.txt,high,283,289,6,0.059999999999988
6,Ob6.txt,low,289,332,43,0.429999999999914
6,Ob6.txt,high,332,358,26,0.259999999999948
6,Ob6.txt,low,358,415,57,0.569999999999886
6,Ob6.txt,high,415,721,306,3.059999999999388
6,Ob6.txt,low,721,779,58,0.579999999999884
6,Ob6.txt,high,779,829,50,0.4999999999999
6,Ob6.txt,low,829,1043,214,2.139999999999572
6,Ob6.txt,high,1043,1148,105,1.04999999999979
6,Ob6.txt,low,1148,1208,60,0.59999999999988
6,Ob6.txt,high,1208,1314,106,1.059999999999788
6,Ob6.txt,low,1314,1412,98,0.979999999999804
6,Ob6.txt,high,1412,1491,79,0.789999999999842
6,Ob6.txt,low,1491,1524,33,0.329999999999934
6,Ob6.txt,high,1524,1705,181,1.8099999999996381
6,Ob6.txt,low,1705,1753,48,0.479999999999904
6,Ob6.txt,high,1753,1756,3,0.029999999999994
6,Ob6.txt,low,1756,1758,2,0.019999999999996
6,Ob6.txt,high,1758,1805,47,0.469999999999906
6,Ob6.txt,low,1805,1812,7,0.069999999999986
6,Ob6.txt,high,1812,1821,9,0.089999999999982
6,Ob6.txt,low,1821,1838,17,0.169999999999966
6,Ob6.txt,high,1838,1934,96,0.959999999999808
6,Ob6.txt,low,1934,1976,42,0.419999999999916
6,Ob6.txt,high,1976,2019,43,0.429999999999914
6,Ob6.txt,low,2019,2035,16,0.159999999999968
6,Ob6.txt,high,2035,2037,2,0.019999999999996
6,Ob6.txt,low,2037,2042,5,0.04999999999999
6,Ob6.txt,high,2042,2043,1,0.009999999999998
6,Ob6.txt,low,2043,2131,88,0.879999999999824
6,Ob6.txt,high,2131,2144,13,0.129999999999974
6,Ob6.txt,low,2144,2467,323,3.229999999999354
6,Ob6.txt,high,2467,2478,11,0.109999999999978
6,Ob6.txt,low,2478,2503,25,0.24999999999995
6,Ob6.txt,high,2503,2537,34,0.339999999999932
6,Ob6.txt,low,2537,2538,1,0.009999999999998
6,Ob6.txt,high,2538,2629,91,0.909999999999818
6,Ob6.txt,low,2629,2677,48,0.479999999999904
6,Ob6.txt,high,2677,2701,24,0.239999999999952
6,Ob6.txt,low,2701,2725,24,0.239999999999952
6,Ob6.txt,high,2725,2744,19,0.189999999999962
6,Ob6.txt,low,2744,2755,11,0.109999999999978
6,Ob6.txt,high,2755,2892,137,1.369999999999726
6,Ob6.txt,low,2892,2923,31,0.309999999999938
6,Ob6.txt,high,2923,2926,3,0.029999999999994
6,Ob6.txt,low,2926,2928,2,0.019999999999996
6,Ob6.txt,high,2928,2932,4,0.039999999999992
6,Ob6.txt,low,2932,2937,5,0.04999999999999
6,Ob6.txt,high,2937,2938,1,0.009999999999998
6,Ob6.txt,low,2938,2994,56,0.559999999999888
6,Ob6.txt,high,2994,3189,195,1.94999999999961
6,Ob6.txt,low,3189,3193,4,0.039999999999992
6,Ob6.txt,high,3193,3202,9,0.089999999999982
6,Ob6.txt,low,3202,3312,110,1.09999999999978
6,Ob6.txt,high,3312,3323,11,0.109999999999978
6,Ob6.txt,low,3323,3464,141,1.409999999999718
6,Ob6.txt,high,3464,3476,12,0.119999999999976
6,Ob6.txt,low,3476,3482,6,0.059999999999988
6,Ob6.txt,high,3482,3565,83,0.829999999999834
6,Ob6.txt,low,3565,3618,53,0.529999999999894
6,Ob6.txt,high,3618,3708,90,0.89999999999982
6,Ob6.txt,low,3708,3751,43,0.429999999999914
6,Ob6.txt,high,3751,3758,7,0.069999999999986
6,Ob6.txt,low,3758,3763,5,0.04999999999999
6,Ob6.txt,high,3763,3766,3,0.029999999999994
6,Ob6.txt,low,3766,3778,12,0.119999999999976
6,Ob6.txt,high,3778,3798,20,0.19999999999996
6,Ob6.txt,low,3798,3992,194,1.939999999999612
6,Ob6.txt,high,3992,4027,35,0.34999999999993
6,Ob6.txt,low,4027,4301,274,2.739999999999452
6,Ob6.txt,high,4301,4393,92,0.919999999999816
6,Ob6.txt,low,4393,4411,18,0.179999999999964
6,Ob6.txt,high,4411,4430,19,0.189999999999962
6,Ob6.txt,low,4430,4512,82,0.819999999999836
6,Ob6.txt,high,4512,5015,503,5.029999999998994
6,Ob6.txt,low,5015,5133,118,1.179999999999764
6,Ob6.txt,high,5133,5180,47,0.469999999999906
6,Ob6.txt,low,5180,5189,9,0.089999999999982
6,Ob6.txt,high,5189,5190,1,0.009999999999998
6,Ob6.txt,low,5190,5193,3,0.029999999999994
6,Ob6.txt,high,5193,5194,1,0.009999999999998
6,Ob6.txt,low,5194,5219,25,0.24999999999995
6,Ob6.txt,high,5219,5595,376,3.759999999999248
6,Ob6.txt,low,5595,5638,43,0.429999999999914
6,Ob6.txt,high,5638,6000,362,3.6199999999992762
6,Ob6.txt,low,6000,6100,100,0.9999999999998
6,Ob6.txt,high,6100,6101,1,0.009999999999998
6,Ob6.txt,low,6101,6137,36,0.359999999999928
6,Ob6.txt,high,6137,6222,85,0.84999999999983
6,Ob6.txt,low,6222,6242,20,0.19999999999996
6,Ob6.txt,high,6242,6307,65,0.64999999999987
6,Ob6.txt,low,6307,6320,13,0.129999999999974
6,Ob6.txt,high,6320,6334,14,0.139999999999972
6,Ob6.txt,low,6334,6335,1,0.009999999999998
6,Ob6.txt,high,6335,6388,53,0.529999999999894
6,Ob6.txt,low,6388,6559,171,1.709999999999658
6,Ob6.txt,high,6559,6608,49,0.489999999999902
6,Ob6.txt,low,6608,6639,31,0.309999999999938
6,Ob6.txt,high,6639,6673,34,0.339999999999932
6,Ob6.txt,low,6673,6971,298,2.979999999999404
6,Ob6.txt,high,6971,7025,54,0.539999999999892
6,Ob6.txt,low,7025,7085,60,0.59999999999988
6,Ob6.txt,high,7085,7090,5,0.04999999999999
6,Ob6.txt,low,7090,7111,21,0.209999999999958
6,Ob6.txt,high,7111,7119,8,0.079999999999984
6,Ob6.txt,low,7119,7563,444,4.439999999999112
6,Ob6.txt,high,7563,7613,50,0.4999999999999
6,Ob6.txt,low,7613,7662,49,0.489999999999902
6,Ob6.txt,high,7662,7678,16,0.159999999999968
6,Ob6.txt,low,7678,7695,17,0.169999999999966
6,Ob6.txt,high,7695,7697,2,0.019999999999996
6,Ob6.txt,low,7697,7698,1,0.009999999999998
6,Ob6.txt,high,7698,7699,1,0.009999999999998
6,Ob6.txt,low,7699,7700,1,0.009999999999998
6,Ob6.txt,high,7700,7701,1,0.009999999999998
6,Ob6.txt,low,7701,7746,45,0.44999999999991
6,Ob6.txt,high,7746,7816,70,0.69999999999986
6,Ob6.txt,low,7816,7900,84,0.839999999999832
6,Ob6.txt,high,7900,7907,7,0.069999999999986
6,Ob6.txt,low,7907,7915,8,0.079999999999984
6,Ob6.txt,high,7915,7977,62,0.619999999999876
6,Ob6.txt,low,7977,8343,366,3.659999999999268
6,Ob6.txt,high,8343,8382,39,0.389999999999922
6,Ob6.txt,low,8382,8470,88,0.879999999999824
6,Ob6.txt,high,8470,8480,10,0.09999999999998
6,Ob6.txt,low,8480,8621,141,1.409999999999718
6,Ob6.txt,high,8621,8668,47,0.469999999999906
6,Ob6.txt,low,8668,8747,79,0.789999999999842
6,Ob6.txt,high,8747,8813,66,0.659999999999868
6,Ob6.txt,low,8813,8822,9,0.089999999999982
6,Ob6.txt,high,8822,8824,2,0.019999999999996
6,Ob6.txt,low,8824,8886,62,0.619999999999876
6,Ob6.txt,high,8886,8928,42,0.419999999999916
6,Ob6.txt,low,8928,8953,25,0.24999999999995
6,Ob6.txt,high,8953,9047,94,0.939999999999812
6,Ob6.txt,low,9047,9085,38,0.379999999999924
6,Ob6.txt,high,9085,9465,380,3.79999999999924
6,Ob6.txt,low,9465,9507,42,0.419999999999916
6,Ob6.txt,high,9507,9508,1,0.009999999999998
6,Ob6.txt,low,9508,9509,1,0.009999999999998
6,Ob6.txt,high,9509,9619,110,1.09999999999978
6,Ob6.txt,low,9619,10108,489,4.889999999999022
6,Ob6.txt,high,10108,10123,15,0.14999999999997
6,Ob6.txt,low,10123,10254,131,1.309999999999738
6,Ob6.txt,high,10254,10320,66,0.659999999999868
6,Ob6.txt,low,10320,10330,10,0.09999999999998
6,Ob6.txt,high,10330,10331,1,0.009999999999998
6,Ob6.txt,low,10331,10570,239,2.389999999999522
6,Ob6.txt,high,10570,10601,31,0.309999999999938
6,Ob6.txt,low,10601,10664,63,0.629999999999874
6,Ob6.txt,high,10664,10724,60,0.59999999999988
6,Ob6.txt,low,10724,10734,10,0.09999999999998
6,Ob6.txt,high,10734,10783,49,0.489999999999902
6,Ob6.txt,low,10783,11315,532,5.319999999998936
6,Ob6.txt,high,11315,11343,28,0.279999999999944
6,Ob6.txt,low,11343,12026,683,6.829999999998634
6,Ob6.txt,high,12026,12042,16,0.159999999999968
6,Ob6.txt,low,12042,12065,23,0.229999999999954
6,Ob6.txt,high,12065,12067,2,0.019999999999996
6,Ob6.txt,low,12067,12069,2,0.019999999999996
6,Ob6.txt,high,12069,12085,16,0.159999999999968
6,Ob6.txt,low,12085,12088,3,0.029999999999994
6,Ob6.txt,high,12088,12096,8,0.079999999999984
6,Ob6.txt,low,12096,12103,7,0.069999999999986
6,Ob6.txt,high,12103,12130,27,0.269999999999946
6,Ob6.txt,low,12130,12403,273,2.729999999999454
6,Ob6.txt,high,12403,12409,6,0.059999999999988
6,Ob6.txt,low,12409,12563,154,1.539999999999692
6,Ob6.txt,high,12563,12616,53,0.529999999999894
6,Ob6.txt,low,12616,12621,5,0.04999999999999
6,Ob6.txt,high,12621,12651,30,0.29999999999994
6,Ob6.txt,low,12651,12734,83,0.829999999999834
6,Ob6.txt,high,12734,12762,28,0.279999999999944
6,Ob6.txt,low,12762,12801,39,0.389999999999922
6,Ob6.txt,high,12801,13083,282,2.819999999999436
6,Ob6.txt,low,13083,13118,35,0.34999999999993
6,Ob6.txt,high,13118,13469,351,3.509999999999298
6,Ob6.txt,low,13469,13635,166,1.659999999999668
6,Ob6.txt,high,13635,13650,15,0.14999999999997
6,Ob6.txt,low,13650,13652,2,0.019999999999996
6,Ob6.txt,high,13652,13661,9,0.089999999999982
6,Ob6.txt,low,13661,13672,11,0.109999999999978
6,Ob6.txt,high,13672,13748,76,0.759999999999848
6,Ob6.txt,low,13748,13838,90,0.89999999999982
6,Ob6.txt,high,13838,13855,17,0.169999999999966
6,Ob6.txt,low,13855,13888,33,0.329999999999934
6,Ob6.txt,high,13888,13973,85,0.84999999999983
6,Ob6.txt,low,13973,14042,69,0.6899999999998621
6,Ob6.txt,high,14042,14177,135,1.34999999999973
6,Ob6.txt,low,14177,14179,2,0.019999999999996
6,Ob6.txt,high,14179,14391,212,2.119999999999576
6,Ob6.txt,low,14391,14462,71,0.709999999999858
6,Ob6.txt,high,14462,14491,29,0.289999999999942
6,Ob6.txt,low,14491,14526,35,0.34999999999993
6,Ob6.txt,high,14526,14533,7,0.069999999999986
6,Ob6.txt,low,14533,14585,52,0.519999999999896
6,Ob6.txt,high,14585,14609,24,0.239999999999952
6,Ob6.txt,low,14609,14627,18,0.179999999999964
6,Ob6.txt,high,14627,14652,25,0.24999999999995
6,Ob6.txt,low,14652,14721,69,0.6899999999998621
6,Ob6.txt,high,14721,14889,168,1.679999999999664
6,Ob6.txt,low,14889,14899,10,0.09999999999998
6,Ob6.txt,high,14899,14928,29,0.289999999999942
6,Ob6.txt,low,14928,14940,12,0.119999999999976
6,Ob6.txt,high,14940,14949,9,0.089999999999982
6,Ob6.txt,low,14949,14955,6,0.059999999999988
6,Ob6.txt,high,14955,15224,269,2.689999999999462
6,Ob6.txt,low,15224,15367,143,1.429999999999714
6,Ob6.txt,high,15367,15371,4,0.039999999999992
6,Ob6.txt,low,15371,15395,24,0.239999999999952
6,Ob6.txt,high,15395,15557,162,1.619999999999676
6,Ob6.txt,low,15557,15566,9,0.089999999999982
6,Ob6.txt,high,15566,15587,21,0.209999999999958
6,Ob6.txt,low,15587,15593,6,0.059999999999988
6,Ob6.txt,high,15593,15636,43,0.429999999999914
6,Ob6.txt,low,15636,15661,25,0.24999999999995
6,Ob6.txt,high,15661,15674,13,0.129999999999974
6,Ob6.txt,low,15674,15738,64,0.639999999999872
6,Ob6.txt,high,15738,15740,2,0.019999999999996
6,Ob6.txt,low,15740,15768,28,0.279999999999944
6,Ob6.txt,high,15768,15777,9,0.089999999999982
6,Ob6.txt,low,15777,15808,31,0.309999999999938
6,Ob6.txt,high,15808,15826,18,0.179999999999964
6,Ob6.txt,low,15826,15858,32,0.319999999999936
6,Ob6.txt,high,15858,15931,73,0.729999999999854
6,Ob6.txt,low,15931,15951,20,0.19999999999996
6,Ob6.txt,high,15951,15975,24,0.239999999999952
6,Ob6.txt,low,15975,15979,4,0.039999999999992
6,Ob6.txt,high,15979,15991,12,0.119999999999976
6,Ob6.txt,low,15991,16001,10,0.09999999999998
6,Ob6.txt,high,16001,16299,298,2.979999999999404
6,Ob6.txt,low,16299,16342,43,0.429999999999914
6,Ob6.txt,high,16342,16348,6,0.059999999999988
6,Ob6.txt,low,16348,16358,10,0.09999999999998
6,Ob6.txt,high,16358,16501,143,1.429999999999714
6,Ob6.txt,low,16501,16531,30,0.29999999999994
6,Ob6.txt,high,16531,16625,94,0.939999999999812
6,Ob6.txt,low,16625,16648,23,0.229999999999954
6,Ob6.txt,high,16648,16657,9,0.089999999999982
6,Ob6.txt,low,16657,16670,13,0.129999999999974
6,Ob6.txt,high,16670,16678,8,0.079999999999984
6,Ob6.txt,low,16678,16744,66,0.659999999999868
6,Ob6.txt,high,16744,16884,140,1.39999999999972
6,Ob6.txt,low,16884,16931,47,0.469999999999906
6,Ob6.txt,high,16931,17229,298,2.979999999999404
6,Ob6.txt,low,17229,17284,55,0.54999999999989
6,Ob6.txt,high,17284,17330,46,0.459999999999908
6,Ob6.txt,low,17330,17335,5,0.04999999999999
6,Ob6.txt,high,17335,17341,6,0.059999999999988
6,Ob6.txt,low,17341,17344,3,0.029999999999994
6,Ob6.txt,high,17344,17349,5,0.04999999999999
6,Ob6.txt,low,17349,17368,19,0.189999999999962
6,Ob6.txt,high,17368,17416,48,0.479999999999904
6,Ob6.txt,low,17416,17715,299,2.989999999999402
6,Ob6.txt,high,17715,17716,1,0.009999999999998
6,Ob6.txt,low,17716,17884,168,1.679999999999664
6,Ob6.txt,high,17884,17899,15,0.14999999999997
6,Ob6.txt,low,17899,17910,11,0.109999999999978
6,Ob6.txt,high,17910,18029,119,1.189999999999762
6,Ob6.txt,low,18029,18101,72,0.719999999999856
6,Ob6.txt,high,18101,18513,412,4.119999999999176
6,Ob6.txt,low,18513,18517,4,0.039999999999992
6,Ob6.txt,high,18517,18803,286,2.859999999999428
6,Ob6.txt,low,18803,18833,30,0.29999999999994
6,Ob6.txt,high,18833,18863,30,0.29999999999994
6,Ob6.txt,low,18863,19107,244,2.439999999999512
6,Ob6.txt,high,19107,19168,61,0.609999999999878
6,Ob6.txt,low,19168,19177,9,0.089999999999982
6,Ob6.txt,high,19177,19222,45,0.44999999999991
6,Ob6.txt,low,19222,19378,156,1.559999999999688
6,Ob6.txt,high,19378,19570,192,1.919999999999616
6,Ob6.txt,low,19570,19626,56,0.559999999999888
6,Ob6.txt,high,19626,19634,8,0.079999999999984
6,Ob6.txt,low,19634,19665,31,0.309999999999938
6,Ob6.txt,high,19665,19860,195,1.94999999999961
6,Ob6.txt,low,19860,19872,12,0.119999999999976
6,Ob6.txt,high,19872,19891,19,0.189999999999962
6,Ob6.txt,low,19891,19918,27,0.269999999999946
6,Ob6.txt,high,19918,19980,62,0.619999999999876
6,Ob6.txt,low,19980,19990,10,0.09999999999998
7,Ob7.txt,low,0,47,47,0.46999999999998593
7,Ob7.txt,high,47,56,9,0.0899999999999973
7,Ob7.txt,low,56,57,1,0.0099999999999997
7,Ob7.txt,high,57,70,13,0.1299999999999961
7,Ob7.txt,low,70,72,2,0.0199999999999994
7,Ob7.txt,high,72,141,69,0.6899999999999793
7,Ob7.txt,low,141,346,205,2.0499999999999385
7,Ob7.txt,high,346,364,18,0.1799999999999946
7,Ob7.txt,low,364,365,1,0.0099999999999997
7,Ob7.txt,high,365,375,10,0.09999999999999701
7,Ob7.txt,low,375,529,154,1.5399999999999539
7,Ob7.txt,high,529,569,40,0.39999999999998803
7,Ob7.txt,low,569,636,67,0.66999999999998
7,Ob7.txt,high,636,637,1,0.0099999999999997
7,Ob7.txt,low,637,648,11,0.1099999999999967
7,Ob7.txt,high,648,687,39,0.3899999999999883
7,Ob7.txt,low,687,721,34,0.3399999999999898
7,Ob7.txt,high,721,722,1,0.0099999999999997
7,Ob7.txt,low,722,725,3,0.0299999999999991
7,Ob7.txt,high,725,729,4,0.0399999999999988
7,Ob7.txt,low,729,730,1,0.0099999999999997
7,Ob7.txt,high,730,731,1,0.0099999999999997
7,Ob7.txt,low,731,732,1,0.0099999999999997
7,Ob7.txt,high,732,743,11,0.1099999999999967
7,Ob7.txt,low,743,750,7,0.0699999999999979
7,Ob7.txt,high,750,771,21,0.2099999999999937
7,Ob7.txt,low,771,787,16,0.1599999999999952
7,Ob7.txt,high,787,936,149,1.4899999999999554
7,Ob7.txt,low,936,938,2,0.0199999999999994
7,Ob7.txt,high,938,945,7,0.0699999999999979
7,Ob7.txt,low,945,949,4,0.0399999999999988
7,Ob7.txt,high,949,952,3,0.0299999999999991
7,Ob7.txt,low,952,953,1,0.0099999999999997
7,Ob7.txt,high,953,967,14,0.1399999999999958
7,Ob7.txt,low,967,1043,76,0.7599999999999772
7,Ob7.txt,high,1043,1252,209,2.0899999999999372
7,Ob7.txt,low,1252,1282,30,0.299999999999991
7,Ob7.txt,high,1282,1299,17,0.1699999999999949
7,Ob7.txt,low,1299,1320,21,0.2099999999999937
7,Ob7.txt,high,1320,1323,3,0.0299999999999991
7,Ob7.txt,low,1323,1325,2,0.0199999999999994
7,Ob7.txt,high,1325,1329,4,0.0399999999999988
7,Ob7.txt,low,1329,1344,15,0.1499999999999955
7,Ob7.txt,high,1344,1346,2,0.0199999999999994
7,Ob7.txt,low,1346,1347,1,0.0099999999999997
7,Ob7.txt,high,1347,1645,298,2.9799999999999107
7,Ob7.txt,low,1645,1686,41,0.4099999999999877
7,Ob7.txt,high,1686,1688,2,0.0199999999999994
7,Ob7.txt,low,1688,1692,4,0.0399999999999988
7,Ob7.txt,high,1692,1694,2,0.0199999999999994
7,Ob7.txt,low,1694,1713,19,0.1899999999999943
7,Ob7.txt,high,1713,1715,2,0.0199999999999994
7,Ob7.txt,low,1715,1734,19,0.1899999999999943
7,Ob7.txt,high,1734,2178,444,4.439999999999867
7,Ob7.txt,low,2178,2206,28,0.2799999999999916
7,Ob7.txt,high,2206,2208,2,0.0199999999999994
7,Ob7.txt,low,2208,2266,58,0.5799999999999826
7,Ob7.txt,high,2266,2273,7,0.0699999999999979
7,Ob7.txt,low,2273,2277,4,0.0399999999999988
7,Ob7.txt,high,2277,2366,89,0.8899999999999733
7,Ob7.txt,low,2366,2369,3,0.0299999999999991
7,Ob7.txt,high,2369,2494,125,1.2499999999999625
7,Ob7.txt,low,2494,2495,1,0.0099999999999997
7,Ob7.txt,high,2495,2501,6,0.0599999999999982
7,Ob7.txt,low,2501,2631,130,1.299999999999961
7,Ob7.txt,high,2631,2672,41,0.4099999999999877
7,Ob7.txt,low,2672,2674,2,0.0199999999999994
7,Ob7.txt,high,2674,2675,1,0.0099999999999997
7,Ob7.txt,low,2675,2702,27,0.2699999999999919
7,Ob7.txt,high,2702,2703,1,0.0099999999999997
7,Ob7.txt,low,2703,2823,120,1.199999999999964
7,Ob7.txt,high,2823,2826,3,0.0299999999999991
7,Ob7.txt,low,2826,2828,2,0.0199999999999994
7,Ob7.txt,high,2828,2829,1,0.0099999999999997
7,Ob7.txt,low,2829,2862,33,0.3299999999999901
7,Ob7.txt,high,2862,2910,48,0.4799999999999856
7,Ob7.txt,low,2910,2913,3,0.0299999999999991
7,Ob7.txt,high,2913,2917,4,0.0399999999999988
7,Ob7.txt,low,2917,2971,54,0.5399999999999838
7,Ob7.txt,high,2971,3010,39,0.3899999999999883
7,Ob7.txt,low,3010,3013,3,0.0299999999999991
7,Ob7.txt,high,3013,3036,23,0.2299999999999931
7,Ob7.txt,low,3036,3037,1,0.0099999999999997
7,Ob7.txt,high,3037,3038,1,0.0099999999999997
7,Ob7.txt,low,3038,3077,39,0.3899999999999883
7,Ob7.txt,high,3077,3081,4,0.0399999999999988
7,Ob7.txt,low,3081,3088,7,0.0699999999999979
7,Ob7.txt,high,3088,3096,8,0.0799999999999976
7,Ob7.txt,low,3096,3185,89,0.8899999999999733
7,Ob7.txt,high,3185,3340,155,1.5499999999999534
7,Ob7.txt,low,3340,3341,1,0.0099999999999997
7,Ob7.txt,high,3341,3343,2,0.0199999999999994
7,Ob7.txt,low,3343,3346,3,0.0299999999999991
7,Ob7.txt,high,3346,3347,1,0.0099999999999997
7,Ob7.txt,low,3347,3360,13,0.1299999999999961
7,Ob7.txt,high,3360,3365,5,0.049999999999998504
7,Ob7.txt,low,3365,3404,39,0.3899999999999883
7,Ob7.txt,high,3404,3417,13,0.1299999999999961
7,Ob7.txt,low,3417,3422,5,0.049999999999998504
7,Ob7.txt,high,3422,3427,5,0.049999999999998504
7,Ob7.txt,low,3427,3428,1,0.0099999999999997
7,Ob7.txt,high,3428,3434,6,0.0599999999999982
7,Ob7.txt,low,3434,3437,3,0.0299999999999991
7,Ob7.txt,high,3437,3458,21,0.2099999999999937
7,Ob7.txt,low,3458,3461,3,0.0299999999999991
7,Ob7.txt,high,3461,3463,2,0.0199999999999994
7,Ob7.txt,low,3463,3499,36,0.3599999999999892
7,Ob7.txt,high,3499,3504,5,0.049999999999998504
7,Ob7.txt,low,3504,3526,22,0.2199999999999934
7,Ob7.txt,high,3526,3532,6,0.0599999999999982
7,Ob7.txt,low,3532,3565,33,0.3299999999999901
7,Ob7.txt,high,3565,3599,34,0.3399999999999898
7,Ob7.txt,low,3599,3601,2,0.0199999999999994
7,Ob7.txt,high,3601,3607,6,0.0599999999999982
7,Ob7.txt,low,3607,3608,1,0.0099999999999997
7,Ob7.txt,high,3608,3609,1,0.0099999999999997
7,Ob7.txt,low,3609,3627,18,0.1799999999999946
7,Ob7.txt,high,3627,3639,12,0.1199999999999964
7,Ob7.txt,low,3639,3653,14,0.1399999999999958
7,Ob7.txt,high,3653,3654,1,0.0099999999999997
7,Ob7.txt,low,3654,3766,112,1.1199999999999664
7,Ob7.txt,high,3766,3788,22,0.2199999999999934
7,Ob7.txt,low,3788,3797,9,0.0899999999999973
7,Ob7.txt,high,3797,3807,10,0.09999999999999701
7,Ob7.txt,low,3807,3813,6,0.0599999999999982
7,Ob7.txt,high,3813,3816,3,0.0299999999999991
7,Ob7.txt,low,3816,3837,21,0.2099999999999937
7,Ob7.txt,high,3837,3867,30,0.299999999999991
7,Ob7.txt,low,3867,4015,148,1.4799999999999556
7,Ob7.txt,high,4015,4149,134,1.33999999999996
7,Ob7.txt,low,4149,4151,2,0.0199999999999994
7,Ob7.txt,high,4151,4245,94,0.9399999999999719
7,Ob7.txt,low,4245,4248,3,0.0299999999999991
7,Ob7.txt,high,4248,4249,1,0.0099999999999997
7,Ob7.txt,low,4249,4303,54,0.5399999999999838
7,Ob7.txt,high,4303,4500,197,1.969999999999941
7,Ob7.txt,low,4500,4713,213,2.129999999999936
7,Ob7.txt,high,4713,4714,1,0.0099999999999997
7,Ob7.txt,low,4714,4716,2,0.0199999999999994
7,Ob7.txt,high,4716,4719,3,0.0299999999999991
7,Ob7.txt,low,4719,4750,31,0.3099999999999907
7,Ob7.txt,high,4750,4751,1,0.0099999999999997
7,Ob7.txt,low,4751,4946,195,1.9499999999999416
7,Ob7.txt,high,4946,5113,167,1.66999999999995
7,Ob7.txt,low,5113,5117,4,0.0399999999999988
7,Ob7.txt,high,5117,5121,4,0.0399999999999988
7,Ob7.txt,low,5121,5122,1,0.0099999999999997
7,Ob7.txt,high,5122,5131,9,0.0899999999999973
7,Ob7.txt,low,5131,5133,2,0.0199999999999994
7,Ob7.txt,high,5133,5217,84,0.8399999999999748
7,Ob7.txt,low,5217,5222,5,0.049999999999998504
7,Ob7.txt,high,5222,5223,1,0.0099999999999997
7,Ob7.txt,low,5223,5231,8,0.0799999999999976
7,Ob7.txt,high,5231,5306,75,0.7499999999999775
7,Ob7.txt,low,5306,5320,14,0.1399999999999958
7,Ob7.txt,high,5320,5324,4,0.0399999999999988
7,Ob7.txt,low,5324,5329,5,0.049999999999998504
7,Ob7.txt,high,5329,5332,3,0.0299999999999991
7,Ob7.txt,low,5332,5353,21,0.2099999999999937
7,Ob7.txt,high,5353,5360,7,0.0699999999999979
7,Ob7.txt,low,5360,5362,2,0.0199999999999994
7,Ob7.txt,high,5362,5370,8,0.0799999999999976
7,Ob7.txt,low,5370,5374,4,0.0399999999999988
7,Ob7.txt,high,5374,5578,204,2.0399999999999388
7,Ob7.txt,low,5578,5796,218,2.1799999999999344
7,Ob7.txt,high,5796,5806,10,0.09999999999999701
7,Ob7.txt,low,5806,5811,5,0.049999999999998504
7,Ob7.txt,high,5811,5839,28,0.2799999999999916
7,Ob7.txt,low,5839,5847,8,0.0799999999999976
7,Ob7.txt,high,5847,5863,16,0.1599999999999952
7,Ob7.txt,low,5863,5867,4,0.0399999999999988
7,Ob7.txt,high,5867,5874,7,0.0699999999999979
7,Ob7.txt,low,5874,5882,8,0.0799999999999976
7,Ob7.txt,high,5882,6058,176,1.7599999999999472
7,Ob7.txt,low,6058,6297,239,2.389999999999928
7,Ob7.txt,high,6297,6300,3,0.0299999999999991
7,Ob7.txt,low,6300,6301,1,0.0099999999999997
7,Ob7.txt,high,6301,6317,16,0.1599999999999952
7,Ob7.txt,low,6317,6369,52,0.5199999999999844
7,Ob7.txt,high,6369,6429,60,0.599999999999982
7,Ob7.txt,low,6429,6431,2,0.0199999999999994
7,Ob7.txt,high,6431,6433,2,0.0199999999999994
7,Ob7.txt,low,6433,6436,3,0.0299999999999991
7,Ob7.txt,high,6436,6492,56,0.5599999999999832
7,Ob7.txt,low,6492,6587,95,0.9499999999999715
7,Ob7.txt,high,6587,6597,10,0.09999999999999701
7,Ob7.txt,low,6597,6601,4,0.0399999999999988
7,Ob7.txt,high,6601,6610,9,0.0899999999999973
7,Ob7.txt,low,6610,6691,81,0.8099999999999757
7,Ob7.txt,high,6691,6693,2,0.0199999999999994
7,Ob7.txt,low,6693,6704,11,0.1099999999999967
7,Ob7.txt,high,6704,6717,13,0.1299999999999961
7,Ob7.txt,low,6717,6718,1,0.0099999999999997
7,Ob7.txt,high,6718,6719,1,0.0099999999999997
7,Ob7.txt,low,6719,6728,9,0.0899999999999973
7,Ob7.txt,high,6728,6737,9,0.0899999999999973
7,Ob7.txt,low,6737,6747,10,0.09999999999999701
7,Ob7.txt,high,6747,6763,16,0.1599999999999952
7,Ob7.txt,low,6763,6764,1,0.0099999999999997
7,Ob7.txt,high,6764,6805,41,0.4099999999999877
7,Ob7.txt,low,6805,6811,6,0.0599999999999982
7,Ob7.txt,high,6811,6829,18,0.1799999999999946
7,Ob7.txt,low,6829,6903,74,0.7399999999999778
7,Ob7.txt,high,6903,6917,14,0.1399999999999958
7,Ob7.txt,low,6917,6922,5,0.049999999999998504
7,Ob7.txt,high,6922,6924,2,0.0199999999999994
7,Ob7.txt,low,6924,6927,3,0.0299999999999991
7,Ob7.txt,high,6927,6936,9,0.0899999999999973
7,Ob7.txt,low,6936,6943,7,0.0699999999999979
7,Ob7.txt,high,6943,6948,5,0.049999999999998504
7,Ob7.txt,low,6948,7001,53,0.5299999999999842
7,Ob7.txt,high,7001,7010,9,0.0899999999999973
7,Ob7.txt,low,7010,7011,1,0.0099999999999997
7,Ob7.txt,high,7011,7188,177,1.769999999999947
7,Ob7.txt,low,7188,7189,1,0.0099999999999997
7,Ob7.txt,high,7189,7191,2,0.0199999999999994
7,Ob7.txt,low,7191,7224,33,0.3299999999999901
7,Ob7.txt,high,7224,7226,2,0.0199999999999994
7,Ob7.txt,low,7226,7239,13,0.1299999999999961
7,Ob7.txt,high,7239,7242,3,0.0299999999999991
7,Ob7.txt,low,7242,7395,153,1.529999999999954
7,Ob7.txt,high,7395,7454,59,0.5899999999999823
7,Ob7.txt,low,7454,7472,18,0.1799999999999946
7,Ob7.txt,high,7472,7475,3,0.0299999999999991
7,Ob7.txt,low,7475,7491,16,0.1599999999999952
7,Ob7.txt,high,7491,7493,2,0.0199999999999994
7,Ob7.txt,low,7493,7505,12,0.1199999999999964
7,Ob7.txt,high,7505,7508,3,0.0299999999999991
7,Ob7.txt,low,7508,7524,16,0.1599999999999952
7,Ob7.txt,high,7524,7566,42,0.4199999999999874
7,Ob7.txt,low,7566,7577,11,0.1099999999999967
7,Ob7.txt,high,7577,7585,8,0.0799999999999976
7,Ob7.txt,low,7585,7595,10,0.09999999999999701
7,Ob7.txt,high,7595,7630,35,0.3499999999999895
7,Ob7.txt,low,7630,7634,4,0.0399999999999988
7,Ob7.txt,high,7634,7635,1,0.0099999999999997
7,Ob7.txt,low,7635,7668,33,0.3299999999999901
7,Ob7.txt,high,7668,7669,1,0.0099999999999997
7,Ob7.txt,low,7669,7712,43,0.4299999999999871
7,Ob7.txt,high,7712,7722,10,0.09999999999999701
7,Ob7.txt,low,7722,7725,3,0.0299999999999991
7,Ob7.txt,high,7725,7729,4,0.0399999999999988
7,Ob7.txt,low,7729,7804,75,0.7499999999999775
7,Ob7.txt,high,7804,7805,1,0.0099999999999997
7,Ob7.txt,low,7805,7808,3,0.0299999999999991
7,Ob7.txt,high,7808,7813,5,0.049999999999998504
7,Ob7.txt,low,7813,7816,3,0.0299999999999991
7,Ob7.txt,high,7816,7906,90,0.899999999999973
7,Ob7.txt,low,7906,7915,9,0.0899999999999973
7,Ob7.txt,high,7915,7916,1,0.0099999999999997
7,Ob7.txt,low,7916,7917,1,0.0099999999999997
7,Ob7.txt,high,7917,7921,4,0.0399999999999988
7,Ob7.txt,low,7921,8047,126,1.2599999999999623
7,Ob7.txt,high,8047,8121,74,0.7399999999999778
7,Ob7.txt,low,8121,8122,1,0.0099999999999997
7,Ob7.txt,high,8122,8127,5,0.049999999999998504
7,Ob7.txt,low,8127,8135,8,0.0799999999999976
7,Ob7.txt,high,8135,8139,4,0.0399999999999988
7,Ob7.txt,low,8139,8141,2,0.0199999999999994
7,Ob7.txt,high,8141,8142,1,0.0099999999999997
7,Ob7.txt,low,8142,8146,4,0.0399999999999988
7,Ob7.txt,high,8146,8152,6,0.0599999999999982
7,Ob7.txt,low,8152,8154,2,0.0199999999999994
7,Ob7.txt,high,8154,8160,6,0.0599999999999982
7,Ob7.txt,low,8160,8166,6,0.0599999999999982
7,Ob7.txt,high,8166,8199,33,0.3299999999999901
7,Ob7.txt,low,8199,8200,1,0.0099999999999997
7,Ob7.txt,high,8200,8221,21,0.2099999999999937
7,Ob7.txt,low,8221,8242,21,0.2099999999999937
7,Ob7.txt,high,8242,8248,6,0.0599999999999982
7,Ob7.txt,low,8248,8249,1,0.0099999999999997
7,Ob7.txt,high,8249,8250,1,0.0099999999999997
7,Ob7.txt,low,8250,8255,5,0.049999999999998504
7,Ob7.txt,high,8255,8269,14,0.1399999999999958
7,Ob7.txt,low,8269,8336,67,0.66999999999998
7,Ob7.txt,high,8336,8372,36,0.3599999999999892
7,Ob7.txt,low,8372,8377,5,0.049999999999998504
7,Ob7.txt,high,8377,8507,130,1.299999999999961
7,Ob7.txt,low,8507,8525,18,0.1799999999999946
7,Ob7.txt,high,8525,8527,2,0.0199999999999994
7,Ob7.txt,low,8527,8534,7,0.0699999999999979
7,Ob7.txt,high,8534,8558,24,0.2399999999999928
7,Ob7.txt,low,8558,8562,4,0.0399999999999988
7,Ob7.txt,high,8562,8565,3,0.0299999999999991
7,Ob7.txt,low,8565,8582,17,0.1699999999999949
7,Ob7.txt,high,8582,8635,53,0.5299999999999842
7,Ob7.txt,low,8635,8662,27,0.2699999999999919
7,Ob7.txt,high,8662,8743,81,0.8099999999999757
7,Ob7.txt,low,8743,8793,50,0.499999999999985
7,Ob7.txt,high,8793,8822,29,0.2899999999999913
7,Ob7.txt,low,8822,8824,2,0.0199999999999994
7,Ob7.txt,high,8824,8906,82,0.8199999999999754
7,Ob7.txt,low,8906,8909,3,0.0299999999999991
7,Ob7.txt,high,8909,8915,6,0.0599999999999982
7,Ob7.txt,low,8915,8980,65,0.6499999999999805
7,Ob7.txt,high,8980,8999,19,0.1899999999999943
7,Ob7.txt,low,8999,9004,5,0.049999999999998504
7,Ob7.txt,high,9004,9010,6,0.0599999999999982
7,Ob7.txt,low,9010,9013,3,0.0299999999999991
7,Ob7.txt,high,9013,9015,2,0.0199999999999994
7,Ob7.txt,low,9015,9020,5,0.049999999999998504
7,Ob7.txt,high,9020,9022,2,0.0199999999999994
7,Ob7.txt,low,9022,9024,2,0.0199999999999994
7,Ob7.txt,high,9024,9029,5,0.049999999999998504
7,Ob7.txt,low,9029,9032,3,0.0299999999999991
7,Ob7.txt,high,9032,9049,17,0.1699999999999949
7,Ob7.txt,low,9049,9057,8,0.0799999999999976
7,Ob7.txt,high,9057,9066,9,0.0899999999999973
7,Ob7.txt,low,9066,9072,6,0.0599999999999982
7,Ob7.txt,high,9072,9078,6,0.0599999999999982
7,Ob7.txt,low,9078,9123,45,0.4499999999999865
7,Ob7.txt,high,9123,9131,8,0.0799999999999976
7,Ob7.txt,low,9131,9132,1,0.0099999999999997
7,Ob7.txt,high,9132,9133,1,0.0099999999999997
7,Ob7.txt,low,9133,9336,203,2.029999999999939
7,Ob7.txt,high,9336,9399,63,0.6299999999999811
7,Ob7.txt,low,9399,9400,1,0.0099999999999997
7,Ob7.txt,high,9400,9410,10,0.09999999999999701
7,Ob7.txt,low,9410,9412,2,0.0199999999999994
7,Ob7.txt,high,9412,9418,6,0.0599999999999982
7,Ob7.txt,low,9418,9423,5,0.049999999999998504
7,Ob7.txt,high,9423,9440,17,0.1699999999999949
7,Ob7.txt,low,9440,9451,11,0.1099999999999967
7,Ob7.txt,high,9451,9458,7,0.0699999999999979
7,Ob7.txt,low,9458,9463,5,0.049999999999998504
7,Ob7.txt,high,9463,9466,3,0.0299999999999991
7,Ob7.txt,low,9466,9484,18,0.1799999999999946
7,Ob7.txt,high,9484,9491,7,0.0699999999999979
7,Ob7.txt,low,9491,9628,137,1.3699999999999588
7,Ob7.txt,high,9628,9629,1,0.0099999999999997
7,Ob7.txt,low,9629,9660,31,0.3099999999999907
7,Ob7.txt,high,9660,9662,2,0.0199999999999994
7,Ob7.txt,low,9662,9669,7,0.0699999999999979
7,Ob7.txt,high,9669,9675,6,0.0599999999999982
7,Ob7.txt,low,9675,9679,4,0.0399999999999988
7,Ob7.txt,high,9679,9723,44,0.4399999999999868
7,Ob7.txt,low,9723,9724,1,0.0099999999999997
7,Ob7.txt,high,9724,9729,5,0.049999999999998504
7,Ob7.txt,low,9729,9732,3,0.0299999999999991
7,Ob7.txt,high,9732,9734,2,0.0199999999999994
7,Ob7.txt,low,9734,9991,257,2.569999999999923
8,Ob8.txt,high,0,5,5,0.04999999999999
8,Ob8.txt,low,5,7,2,0.019999999999996
8,Ob8.txt,high,7,18,11,0.109999999999978
8,Ob8.txt,low,18,29,11,0.109999999999978
8,Ob8.txt,high,29,88,59,0.589999999999882
8,Ob8.txt,low,88,108,20,0.19999999999996
8,Ob8.txt,high,108,113,5,0.04999999999999
8,Ob8.txt,low,113,127,14,0.139999999999972
8,Ob8.txt,high,127,194,67,0.669999999999866
8,Ob8.txt,low,194,286,92,0.919999999999816
8,Ob8.txt,high,286,287,1,0.009999999999998
8,Ob8.txt,low,287,296,9,0.089999999999982
8,Ob8.txt,high,296,306,10,0.09999999999998
8,Ob8.txt,low,306,309,3,0.029999999999994
8,Ob8.txt,high,309,348,39,0.389999999999922
8,Ob8.txt,low,348,523,175,1.74999999999965
8,Ob8.txt,high,523,524,1,0.009999999999998
8,Ob8.txt,low,524,528,4,0.039999999999992
8,Ob8.txt,high,528,529,1,0.009999999999998
8,Ob8.txt,low,529,558,29,0.289999999999942
8,Ob8.txt,high,558,616,58,0.579999999999884
8,Ob8.txt,low,616,674,58,0.579999999999884
8,Ob8.txt,high,674,675,1,0.009999999999998
8,Ob8.txt,low,675,677,2,0.019999999999996
8,Ob8.txt,high,677,688,11,0.109999999999978
8,Ob8.txt,low,688,689,1,0.009999999999998
8,Ob8.txt,high,689,690,1,0.009999999999998
8,Ob8.txt,low,690,710,20,0.19999999999996
8,Ob8.txt,high,710,790,80,0.79999999999984
8,Ob8.txt,low,790,930,140,1.39999999999972
8,Ob8.txt,high,930,932,2,0.019999999999996
8,Ob8.txt,low,932,935,3,0.029999999999994
8,Ob8.txt,high,935,938,3,0.029999999999994
8,Ob8.txt,low,938,951,13,0.129999999999974
8,Ob8.txt,high,951,962,11,0.109999999999978
8,Ob8.txt,low,962,965,3,0.029999999999994
8,Ob8.txt,high,965,1076,111,1.109999999999778
8,Ob8.txt,low,1076,1128,52,0.519999999999896
8,Ob8.txt,high,1128,1243,115,1.14999999999977
8,Ob8.txt,low,1243,1245,2,0.019999999999996
8,Ob8.txt,high,1245,1248,3,0.029999999999994
8,Ob8.txt,low,1248,1265,17,0.169999999999966
8,Ob8.txt,high,1265,1266,1,0.009999999999998
8,Ob8.txt,low,1266,1274,8,0.079999999999984
8,Ob8.txt,high,1274,1284,10,0.09999999999998
8,Ob8.txt,low,1284,1300,16,0.159999999999968
8,Ob8.txt,high,1300,1307,7,0.069999999999986
8,Ob8.txt,low,1307,1309,2,0.019999999999996
8,Ob8.txt,high,1309,1312,3,0.029999999999994
8,Ob8.txt,low,1312,1316,4,0.039999999999992
8,Ob8.txt,high,1316,1321,5,0.04999999999999
8,Ob8.txt,low,1321,1329,8,0.079999999999984
8,Ob8.txt,high,1329,1330,1,0.009999999999998
8,Ob8.txt,low,1330,1332,2,0.019999999999996
8,Ob8.txt,high,1332,1334,2,0.019999999999996
8,Ob8.txt,low,1334,1343,9,0.089999999999982
8,Ob8.txt,high,1343,1348,5,0.04999999999999
8,Ob8.txt,low,1348,1358,10,0.09999999999998
8,Ob8.txt,high,1358,1382,24,0.239999999999952
8,Ob8.txt,low,1382,1383,1,0.009999999999998
8,Ob8.txt,high,1383,1538,155,1.54999999999969
8,Ob8.txt,low,1538,1542,4,0.039999999999992
8,Ob8.txt,high,1542,1545,3,0.029999999999994
8,Ob8.txt,low,1545,1549,4,0.039999999999992
8,Ob8.txt,high,1549,1673,124,1.239999999999752
8,Ob8.txt,low,1673,1723,50,0.4999999999999
8,Ob8.txt,high,1723,1817,94,0.939999999999812
8,Ob8.txt,low,1817,1869,52,0.519999999999896
8,Ob8.txt,high,1869,2086,217,2.169999999999566
8,Ob8.txt,low,2086,2106,20,0.19999999999996
8,Ob8.txt,high,2106,2131,25,0.24999999999995
8,Ob8.txt,low,2131,2194,63,0.629999999999874
8,Ob8.txt,high,2194,2254,60,0.59999999999988
8,Ob8.txt,low,2254,2276,22,0.219999999999956
8,Ob8.txt,high,2276,2325,49,0.489999999999902
8,Ob8.txt,low,2325,2418,93,0.929999999999814
8,Ob8.txt,high,2418,2546,128,1.279999999999744
8,Ob8.txt,low,2546,2555,9,0.089999999999982
8,Ob8.txt,high,2555,2721,166,1.659999999999668
8,Ob8.txt,low,2721,2792,71,0.709999999999858
8,Ob8.txt,high,2792,2793,1,0.009999999999998
8,Ob8.txt,low,2793,2813,20,0.19999999999996
8,Ob8.txt,high,2813,2884,71,0.709999999999858
8,Ob8.txt,low,2884,2889,5,0.04999999999999
8,Ob8.txt,high,2889,2977,88,0.879999999999824
8,Ob8.txt,low,2977,3081,104,1.039999999999792
8,Ob8.txt,high,3081,3113,32,0.319999999999936
8,Ob8.txt,low,3113,3195,82,0.819999999999836
8,Ob8.txt,high,3195,3202,7,0.069999999999986
8,Ob8.txt,low,3202,3212,10,0.09999999999998
8,Ob8.txt,high,3212,3214,2,0.019999999999996
8,Ob8.txt,low,3214,3216,2,0.019999999999996
8,Ob8.txt,high,3216,3264,48,0.479999999999904
8,Ob8.txt,low,3264,3352,88,0.879999999999824
8,Ob8.txt,high,3352,3480,128,1.279999999999744
8,Ob8.txt,low,3480,3718,238,2.379999999999524
8,Ob8.txt,high,3718,3724,6,0.059999999999988
8,Ob8.txt,low,3724,3771,47,0.469999999999906
8,Ob8.txt,high,3771,3776,5,0.04999999999999
8,Ob8.txt,low,3776,3911,135,1.34999999999973
8,Ob8.txt,high,3911,3930,19,0.189999999999962
8,Ob8.txt,low,3930,3939,9,0.089999999999982
8,Ob8.txt,high,3939,3950,11,0.109999999999978
8,Ob8.txt,low,3950,3964,14,0.139999999999972
8,Ob8.txt,high,3964,3973,9,0.089999999999982
8,Ob8.txt,low,3973,3974,1,0.009999999999998
8,Ob8.txt,high,3974,4155,181,1.8099999999996381
8,Ob8.txt,low,4155,4168,13,0.129999999999974
8,Ob8.txt,high,4168,4169,1,0.009999999999998
8,Ob8.txt,low,4169,4188,19,0.189999999999962
8,Ob8.txt,high,4188,4209,21,0.209999999999958
8,Ob8.txt,low,4209,4218,9,0.089999999999982
8,Ob8.txt,high,4218,4219,1,0.009999999999998
8,Ob8.txt,low,4219,4220,1,0.009999999999998
8,Ob8.txt,high,4220,4225,5,0.04999999999999
8,Ob8.txt,low,4225,4329,104,1.039999999999792
8,Ob8.txt,high,4329,4606,277,2.7699999999994462
8,Ob8.txt,low,4606,4615,9,0.089999999999982
8,Ob8.txt,high,4615,4663,48,0.479999999999904
8,Ob8.txt,low,4663,4671,8,0.079999999999984
8,Ob8.txt,high,4671,4794,123,1.229999999999754
8,Ob8.txt,low,4794,4808,14,0.139999999999972
8,Ob8.txt,high,4808,4856,48,0.479999999999904
8,Ob8.txt,low,4856,4971,115,1.14999999999977
8,Ob8.txt,high,4971,5013,42,0.419999999999916
8,Ob8.txt,low,5013,5018,5,0.04999999999999
8,Ob8.txt,high,5018,5021,3,0.029999999999994
8,Ob8.txt,low,5021,5041,20,0.19999999999996
8,Ob8.txt,high,5041,5042,1,0.009999999999998
8,Ob8.txt,low,5042,5061,19,0.189999999999962
8,Ob8.txt,high,5061,5092,31,0.309999999999938
8,Ob8.txt,low,5092,5254,162,1.619999999999676
8,Ob8.txt,high,5254,5308,54,0.539999999999892
8,Ob8.txt,low,5308,5344,36,0.359999999999928
8,Ob8.txt,high,5344,5360,16,0.159999999999968
8,Ob8.txt,low,5360,5401,41,0.409999999999918
8,Ob8.txt,high,5401,5520,119,1.189999999999762
8,Ob8.txt,low,5520,5551,31,0.309999999999938
8,Ob8.txt,high,5551,5658,107,1.069999999999786
8,Ob8.txt,low,5658,5671,13,0.129999999999974
8,Ob8.txt,high,5671,5693,22,0.219999999999956
8,Ob8.txt,low,5693,5775,82,0.819999999999836
8,Ob8.txt,high,5775,5782,7,0.069999999999986
8,Ob8.txt,low,5782,5792,10,0.09999999999998
8,Ob8.txt,high,5792,5831,39,0.389999999999922
8,Ob8.txt,low,5831,6004,173,1.729999999999654
8,Ob8.txt,high,6004,6010,6,0.059999999999988
8,Ob8.txt,low,6010,6041,31,0.309999999999938
8,Ob8.txt,high,6041,6202,161,1.609999999999678
8,Ob8.txt,low,6202,6225,23,0.229999999999954
8,Ob8.txt,high,6225,6226,1,0.009999999999998
8,Ob8.txt,low,6226,6356,130,1.29999999999974
8,Ob8.txt,high,6356,6506,150,1.4999999999997
8,Ob8.txt,low,6506,6510,4,0.039999999999992
8,Ob8.txt,high,6510,6736,226,2.259999999999548
8,Ob8.txt,low,6736,6737,1,0.009999999999998
8,Ob8.txt,high,6737,6738,1,0.009999999999998
8,Ob8.txt,low,6738,6793,55,0.54999999999989
8,Ob8.txt,high,6793,6801,8,0.079999999999984
8,Ob8.txt,low,6801,6803,2,0.019999999999996
8,Ob8.txt,high,6803,6821,18,0.179999999999964
8,Ob8.txt,low,6821,6822,1,0.009999999999998
8,Ob8.txt,high,6822,6832,10,0.09999999999998
8,Ob8.txt,low,6832,6841,9,0.089999999999982
8,Ob8.txt,high,6841,6856,15,0.14999999999997
8,Ob8.txt,low,6856,6879,23,0.229999999999954
8,Ob8.txt,high,6879,7024,145,1.44999999999971
8,Ob8.txt,low,7024,7032,8,0.079999999999984
8,Ob8.txt,high,7032,7051,19,0.189999999999962
8,Ob8.txt,low,7051,7073,22,0.219999999999956
8,Ob8.txt,high,7073,7075,2,0.019999999999996
8,Ob8.txt,low,7075,7083,8,0.079999999999984
8,Ob8.txt,high,7083,7089,6,0.059999999999988
8,Ob8.txt,low,7089,7125,36,0.359999999999928
8,Ob8.txt,high,7125,7133,8,0.079999999999984
8,Ob8.txt,low,7133,7140,7,0.069999999999986
8,Ob8.txt,high,7140,7170,30,0.29999999999994
8,Ob8.txt,low,7170,7192,22,0.219999999999956
8,Ob8.txt,high,7192,7193,1,0.009999999999998
8,Ob8.txt,low,7193,7214,21,0.209999999999958
8,Ob8.txt,high,7214,7515,301,3.009999999999398
8,Ob8.txt,low,7515,7610,95,0.94999999999981
8,Ob8.txt,high,7610,7643,33,0.329999999999934
8,Ob8.txt,low,7643,7717,74,0.739999999999852
8,Ob8.txt,high,7717,7845,128,1.279999999999744
8,Ob8.txt,low,7845,7935,90,0.89999999999982
8,Ob8.txt,high,7935,7936,1,0.009999999999998
8,Ob8.txt,low,7936,7946,10,0.09999999999998
8,Ob8.txt,high,7946,7949,3,0.029999999999994
8,Ob8.txt,low,7949,7966,17,0.169999999999966
8,Ob8.txt,high,7966,7968,2,0.019999999999996
8,Ob8.txt,low,7968,7971,3,0.029999999999994
8,Ob8.txt,high,7971,8056,85,0.84999999999983
8,Ob8.txt,low,8056,8101,45,0.44999999999991
8,Ob8.txt,high,8101,8123,22,0.219999999999956
8,Ob8.txt,low,8123,8149,26,0.259999999999948
8,Ob8.txt,high,8149,8170,21,0.209999999999958
8,Ob8.txt,low,8170,8208,38,0.379999999999924
8,Ob8.txt,high,8208,8210,2,0.019999999999996
8,Ob8.txt,low,8210,8251,41,0.409999999999918
8,Ob8.txt,high,8251,8252,1,0.009999999999998
8,Ob8.txt,low,8252,8259,7,0.069999999999986
8,Ob8.txt,high,8259,8264,5,0.04999999999999
8,Ob8.txt,low,8264,8343,79,0.789999999999842
8,Ob8.txt,high,8343,8376,33,0.329999999999934
8,Ob8.txt,low,8376,8453,77,0.769999999999846
8,Ob8.txt,high,8453,8504,51,0.509999999999898
8,Ob8.txt,low,8504,8510,6,0.059999999999988
8,Ob8.txt,high,8510,8519,9,0.089999999999982
8,Ob8.txt,low,8519,8520,1,0.009999999999998
8,Ob8.txt,high,8520,8574,54,0.539999999999892
8,Ob8.txt,low,8574,8583,9,0.089999999999982
8,Ob8.txt,high,8583,8585,2,0.019999999999996
8,Ob8.txt,low,8585,8587,2,0.019999999999996
8,Ob8.txt,high,8587,8602,15,0.14999999999997
8,Ob8.txt,low,8602,8604,2,0.019999999999996
8,Ob8.txt,high,8604,8614,10,0.09999999999998
8,Ob8.txt,low,8614,8710,96,0.959999999999808
8,Ob8.txt,high,8710,8712,2,0.019999999999996
8,Ob8.txt,low,8712,8754,42,0.419999999999916
8,Ob8.txt,high,8754,8760,6,0.059999999999988
8,Ob8.txt,low,8760,8875,115,1.14999999999977
8,Ob8.txt,high,8875,8877,2,0.019999999999996
8,Ob8.txt,low,8877,8878,1,0.009999999999998
8,Ob8.txt,high,8878,8883,5,0.04999999999999
8,Ob8.txt,low,8883,8936,53,0.529999999999894
8,Ob8.txt,high,8936,8953,17,0.169999999999966
8,Ob8.txt,low,8953,8955,2,0.019999999999996
8,Ob8.txt,high,8955,8957,2,0.019999999999996
8,Ob8.txt,low,8957,8958,1,0.009999999999998
8,Ob8.txt,high,8958,9122,164,1.639999999999672
8,Ob8.txt,low,9122,9124,2,0.019999999999996
8,Ob8.txt,high,9124,9407,283,2.829999999999434
8,Ob8.txt,low,9407,9470,63,0.629999999999874
8,Ob8.txt,high,9470,9473,3,0.029999999999994
8,Ob8.txt,low,9473,9475,2,0.019999999999996
8,Ob8.txt,high,9475,9483,8,0.079999999999984
8,Ob8.txt,low,9483,9485,2,0.019999999999996
8,Ob8.txt,high,9485,9489,4,0.039999999999992
8,Ob8.txt,low,9489,9519,30,0.29999999999994
8,Ob8.txt,high,9519,9600,81,0.809999999999838
8,Ob8.txt,low,9600,9603,3,0.029999999999994
8,Ob8.txt,high,9603,9700,97,0.969999999999806
8,Ob8.txt,low,9700,9708,8,0.079999999999984
8,Ob8.txt,high,9708,9834,126,1.259999999999748
8,Ob8.txt,low,9834,9838,4,0.039999999999992
8,Ob8.txt,high,9838,9950,112,1.119999999999776
8,Ob8.txt,low,9950,9960,10,0.09999999999998
8,Ob8.txt,high,9960,9964,4,0.039999999999992
8,Ob8.txt,low,9964,10010,46,0.459999999999908
8,Ob8.txt,high,10010,10019,9,0.089999999999982
8,Ob8.txt,low,10019,10029,10,0.09999999999998
8,Ob8.txt,high,10029,10030,1,0.009999999999998
8,Ob8.txt,low,10030,10035,5,0.04999999999999
8,Ob8.txt,high,10035,10037,2,0.019999999999996
8,Ob8.txt,low,10037,10058,21,0.209999999999958
8,Ob8.txt,high,10058,10127,69,0.6899999999998621
8,Ob8.txt,low,10127,10134,7,0.069999999999986
8,Ob8.txt,high,10134,10137,3,0.029999999999994
8,Ob8.txt,low,10137,10150,13,0.129999999999974
8,Ob8.txt,high,10150,10177,27,0.269999999999946
8,Ob8.txt,low,10177,10180,3,0.029999999999994
8,Ob8.txt,high,10180,10288,108,1.079999999999784
8,Ob8.txt,low,10288,10421,133,1.329999999999734
8,Ob8.txt,high,10421,10526,105,1.04999999999979
8,Ob8.txt,low,10526,10532,6,0.059999999999988
8,Ob8.txt,high,10532,10618,86,0.859999999999828
8,Ob8.txt,low,10618,10622,4,0.039999999999992
8,Ob8.txt,high,10622,10627,5,0.04999999999999
8,Ob8.txt,low,10627,10891,264,2.639999999999472
8,Ob8.txt,high,10891,10908,17,0.169999999999966
8,Ob8.txt,low,10908,10922,14,0.139999999999972
8,Ob8.txt,high,10922,10935,13,0.129999999999974
8,Ob8.txt,low,10935,10941,6,0.059999999999988
8,Ob8.txt,high,10941,10966,25,0.24999999999995
8,Ob8.txt,low,10966,10996,30,0.29999999999994
8,Ob8.txt,high,10996,11002,6,0.059999999999988
8,Ob8.txt,low,11002,11012,10,0.09999999999998
8,Ob8.txt,high,11012,11025,13,0.129999999999974
8,Ob8.txt,low,11025,11027,2,0.019999999999996
8,Ob8.txt,high,11027,11030,3,0.029999999999994
8,Ob8.txt,low,11030,11148,118,1.179999999999764
8,Ob8.txt,high,11148,11157,9,0.089999999999982
8,Ob8.txt,low,11157,11165,8,0.079999999999984
8,Ob8.txt,high,11165,11328,163,1.629999999999674
8,Ob8.txt,low,11328,11335,7,0.069999999999986
8,Ob8.txt,high,11335,11337,2,0.019999999999996
8,Ob8.txt,low,11337,11357,20,0.19999999999996
8,Ob8.txt,high,11357,11590,233,2.329999999999534
8,Ob8.txt,low,11590,11594,4,0.039999999999992
8,Ob8.txt,high,11594,11664,70,0.69999999999986
8,Ob8.txt,low,11664,11671,7,0.069999999999986
8,Ob8.txt,high,11671,11674,3,0.029999999999994
8,Ob8.txt,low,11674,11707,33,0.329999999999934
8,Ob8.txt,high,11707,11718,11,0.109999999999978
8,Ob8.txt,low,11718,11861,143,1.429999999999714
8,Ob8.txt,high,11861,11977,116,1.159999999999768
8,Ob8.txt,low,11977,12052,75,0.74999999999985
8,Ob8.txt,high,12052,12145,93,0.929999999999814
8,Ob8.txt,low,12145,12209,64,0.639999999999872
8,Ob8.txt,high,12209,12214,5,0.04999999999999
8,Ob8.txt,low,12214,12217,3,0.029999999999994
8,Ob8.txt,high,12217,12236,19,0.189999999999962
8,Ob8.txt,low,12236,12551,315,3.14999999999937
8,Ob8.txt,high,12551,12566,15,0.14999999999997
8,Ob8.txt,low,12566,12568,2,0.019999999999996
8,Ob8.txt,high,12568,12574,6,0.059999999999988
8,Ob8.txt,low,12574,12579,5,0.04999999999999
8,Ob8.txt,high,12579,12629,50,0.4999999999999
8,Ob8.txt,low,12629,12633,4,0.039999999999992
8,Ob8.txt,high,12633,12642,9,0.089999999999982
8,Ob8.txt,low,12642,12676,34,0.339999999999932
8,Ob8.txt,high,12676,12700,24,0.239999999999952
8,Ob8.txt,low,12700,12707,7,0.069999999999986
8,Ob8.txt,high,12707,12743,36,0.359999999999928
8,Ob8.txt,low,12743,12767,24,0.239999999999952
8,Ob8.txt,high,12767,12785,18,0.179999999999964
8,Ob8.txt,low,12785,12794,9,0.089999999999982
8,Ob8.txt,high,12794,12799,5,0.04999999999999
8,Ob8.txt,low,12799,12873,74,0.739999999999852
8,Ob8.txt,high,12873,12874,1,0.009999999999998
8,Ob8.txt,low,12874,13028,154,1.539999999999692
8,Ob8.txt,high,13028,13091,63,0.629999999999874
8,Ob8.txt,low,13091,13094,3,0.029999999999994
8,Ob8.txt,high,13094,13097,3,0.029999999999994
8,Ob8.txt,low,13097,13742,645,6.44999999999871
8,Ob8.txt,high,13742,13758,16,0.159999999999968
8,Ob8.txt,low,13758,13759,1,0.009999999999998
8,Ob8.txt,high,13759,13761,2,0.019999999999996
8,Ob8.txt,low,13761,13999,238,2.379999999999524
8,Ob8.txt,high,13999,14006,7,0.069999999999986
8,Ob8.txt,low,14006,14320,314,3.139999999999372
8,Ob8.txt,high,14320,14321,1,0.009999999999998
8,Ob8.txt,low,14321,14574,253,2.529999999999494
8,Ob8.txt,high,14574,14633,59,0.589999999999882
8,Ob8.txt,low,14633,14636,3,0.029999999999994
8,Ob8.txt,high,14636,14639,3,0.029999999999994
8,Ob8.txt,low,14639,14644,5,0.04999999999999
8,Ob8.txt,high,14644,14649,5,0.04999999999999
8,Ob8.txt,low,14649,14662,13,0.129999999999974
8,Ob8.txt,high,14662,14664,2,0.019999999999996
8,Ob8.txt,low,14664,14699,35,0.34999999999993
8,Ob8.txt,high,14699,14719,20,0.19999999999996
8,Ob8.txt,low,14719,14729,10,0.09999999999998
8,Ob8.txt,high,14729,14737,8,0.079999999999984
8,Ob8.txt,low,14737,14750,13,0.129999999999974
8,Ob8.txt,high,14750,14815,65,0.64999999999987
8,Ob8.txt,low,14815,14818,3,0.029999999999994
8,Ob8.txt,high,14818,14841,23,0.229999999999954
8,Ob8.txt,low,14841,15034,193,1.929999999999614
8,Ob8.txt,high,15034,15046,12,0.119999999999976
8,Ob8.txt,low,15046,15047,1,0.009999999999998
8,Ob8.txt,high,15047,15049,2,0.019999999999996
8,Ob8.txt,low,15049,15074,25,0.24999999999995
8,Ob8.txt,high,15074,15082,8,0.079999999999984
8,Ob8.txt,low,15082,15083,1,0.009999999999998
8,Ob8.txt,high,15083,15091,8,0.079999999999984
8,Ob8.txt,low,15091,15148,57,0.569999999999886
8,Ob8.txt,high,15148,15292,144,1.439999999999712
8,Ob8.txt,low,15292,15305,13,0.129999999999974
8,Ob8.txt,high,15305,15311,6,0.059999999999988
8,Ob8.txt,low,15311,15496,185,1.84999999999963
8,Ob8.txt,high,15496,15497,1,0.009999999999998
8,Ob8.txt,low,15497,15498,1,0.009999999999998
8,Ob8.txt,high,15498,15501,3,0.029999999999994
8,Ob8.txt,low,15501,15510,9,0.089999999999982
8,Ob8.txt,high,15510,15517,7,0.069999999999986
8,Ob8.txt,low,15517,15533,16,0.159999999999968
8,Ob8.txt,high,15533,15560,27,0.269999999999946
8,Ob8.txt,low,15560,15569,9,0.089999999999982
8,Ob8.txt,high,15569,15573,4,0.039999999999992
8,Ob8.txt,low,15573,15607,34,0.339999999999932
8,Ob8.txt,high,15607,15623,16,0.159999999999968
8,Ob8.txt,low,15623,15624,1,0.009999999999998
8,Ob8.txt,high,15624,15656,32,0.319999999999936
8,Ob8.txt,low,15656,15675,19,0.189999999999962
8,Ob8.txt,high,15675,15684,9,0.089999999999982
8,Ob8.txt,low,15684,15687,3,0.029999999999994
8,Ob8.txt,high,15687,15707,20,0.19999999999996
8,Ob8.txt,low,15707,15788,81,0.809999999999838
8,Ob8.txt,high,15788,15849,61,0.609999999999878
8,Ob8.txt,low,15849,15977,128,1.279999999999744
8,Ob8.txt,high,15977,15978,1,0.009999999999998
8,Ob8.txt,low,15978,16195,217,2.169999999999566
8,Ob8.txt,high,16195,16340,145,1.44999999999971
8,Ob8.txt,low,16340,16390,50,0.4999999999999
8,Ob8.txt,high,16390,16394,4,0.039999999999992
8,Ob8.txt,low,16394,16410,16,0.159999999999968
8,Ob8.txt,high,16410,16524,114,1.139999999999772
8,Ob8.txt,low,16524,16555,31,0.309999999999938
8,Ob8.txt,high,16555,16559,4,0.039999999999992
8,Ob8.txt,low,16559,16566,7,0.069999999999986
8,Ob8.txt,high,16566,16648,82,0.819999999999836
8,Ob8.txt,low,16648,16717,69,0.6899999999998621
8,Ob8.txt,high,16717,16718,1,0.009999999999998
8,Ob8.txt,low,16718,16965,247,2.469999999999506
8,Ob8.txt,high,16965,16971,6,0.059999999999988
8,Ob8.txt,low,16971,16973,2,0.019999999999996
8,Ob8.txt,high,16973,16979,6,0.059999999999988
8,Ob8.txt,low,16979,17081,102,1.019999999999796
8,Ob8.txt,high,17081,17298,217,2.169999999999566
8,Ob8.txt,low,17298,17310,12,0.119999999999976
8,Ob8.txt,high,17310,17316,6,0.059999999999988
8,Ob8.txt,low,17316,17325,9,0.089999999999982
8,Ob8.txt,high,17325,17338,13,0.129999999999974
8,Ob8.txt,low,17338,17349,11,0.109999999999978
8,Ob8.txt,high,17349,17350,1,0.009999999999998
8,Ob8.txt,low,17350,17360,10,0.09999999999998
8,Ob8.txt,high,17360,17365,5,0.04999999999999
8,Ob8.txt,low,17365,17368,3,0.029999999999994
8,Ob8.txt,high,17368,17589,221,2.209999999999558
8,Ob8.txt,low,17589,17752,163,1.629999999999674
8,Ob8.txt,high,17752,17754,2,0.019999999999996
8,Ob8.txt,low,17754,17757,3,0.029999999999994
8,Ob8.txt,high,17757,17765,8,0.079999999999984
8,Ob8.txt,low,17765,17768,3,0.029999999999994
8,Ob8.txt,high,17768,17791,23,0.229999999999954
8,Ob8.txt,low,17791,17857,66,0.659999999999868
8,Ob8.txt,high,17857,17868,11,0.109999999999978
8,Ob8.txt,low,17868,17869,1,0.009999999999998
8,Ob8.txt,high,17869,17985,116,1.159999999999768
8,Ob8.txt,low,17985,18029,44,0.439999999999912
8,Ob8.txt,high,18029,18167,138,1.3799999999997241
8,Ob8.txt,low,18167,18228,61,0.609999999999878
8,Ob8.txt,high,18228,18236,8,0.079999999999984
8,Ob8.txt,low,18236,18248,12,0.119999999999976
8,Ob8.txt,high,18248,18317,69,0.6899999999998621
8,Ob8.txt,low,18317,18326,9,0.089999999999982
8,Ob8.txt,high,18326,18593,267,2.669999999999466
8,Ob8.txt,low,18593,18705,112,1.119999999999776
8,Ob8.txt,high,18705,18841,136,1.359999999999728
8,Ob8.txt,low,18841,18846,5,0.04999999999999
8,Ob8.txt,high,18846,18989,143,1.429999999999714
9,Ob9.txt,low,0,234,234,2.3399999999999297
9,Ob9.txt,high,234,243,9,0.0899999999999973
9,Ob9.txt,low,243,253,10,0.09999999999999701
9,Ob9.txt,high,253,263,10,0.09999999999999701
9,Ob9.txt,low,263,264,1,0.0099999999999997
9,Ob9.txt,high,264,406,142,1.4199999999999575
9,Ob9.txt,low,406,441,35,0.3499999999999895
9,Ob9.txt,high,441,522,81,0.8099999999999757
9,Ob9.txt,low,522,526,4,0.0399999999999988
9,Ob9.txt,high,526,578,52,0.5199999999999844
9,Ob9.txt,low,578,584,6,0.0599999999999982
9,Ob9.txt,high,584,597,13,0.1299999999999961
9,Ob9.txt,low,597,600,3,0.0299999999999991
9,Ob9.txt,high,600,616,16,0.1599999999999952
9,Ob9.txt,low,616,620,4,0.0399999999999988
9,Ob9.txt,high,620,625,5,0.049999999999998504
9,Ob9.txt,low,625,656,31,0.3099999999999907
9,Ob9.txt,high,656,723,67,0.66999999999998
9,Ob9.txt,low,723,725,2,0.0199999999999994
9,Ob9.txt,high,725,743,18,0.1799999999999946
9,Ob9.txt,low,743,803,60,0.599999999999982
9,Ob9.txt,high,803,807,4,0.0399999999999988
9,Ob9.txt,low,807,835,28,0.2799999999999916
9,Ob9.txt,high,835,836,1,0.0099999999999997
9,Ob9.txt,low,836,848,12,0.1199999999999964
9,Ob9.txt,high,848,858,10,0.09999999999999701
9,Ob9.txt,low,858,929,71,0.7099999999999788
9,Ob9.txt,high,929,1147,218,2.1799999999999344
9,Ob9.txt,low,1147,1148,1,0.0099999999999997
9,Ob9.txt,high,1148,1149,1,0.0099999999999997
9,Ob9.txt,low,1149,1159,10,0.09999999999999701
9,Ob9.txt,high,1159,1311,152,1.5199999999999545
9,Ob9.txt,low,1311,1314,3,0.0299999999999991
9,Ob9.txt,high,1314,1333,19,0.1899999999999943
9,Ob9.txt,low,1333,1334,1,0.0099999999999997
9,Ob9.txt,high,1334,1364,30,0.299999999999991
9,Ob9.txt,low,1364,1379,15,0.1499999999999955
9,Ob9.txt,high,1379,1380,1,0.0099999999999997
9,Ob9.txt,low,1380,1399,19,0.1899999999999943
9,Ob9.txt,high,1399,1423,24,0.2399999999999928
9,Ob9.txt,low,1423,1433,10,0.09999999999999701
9,Ob9.txt,high,1433,1709,276,2.759999999999917
9,Ob9.txt,low,1709,1712,3,0.0299999999999991
9,Ob9.txt,high,1712,2072,360,3.599999999999892
9,Ob9.txt,low,2072,2074,2,0.0199999999999994
9,Ob9.txt,high,2074,2075,1,0.0099999999999997
9,Ob9.txt,low,2075,2160,85,0.8499999999999746
9,Ob9.txt,high,2160,2181,21,0.2099999999999937
9,Ob9.txt,low,2181,2183,2,0.0199999999999994
9,Ob9.txt,high,2183,2186,3,0.0299999999999991
9,Ob9.txt,low,2186,2192,6,0.0599999999999982
9,Ob9.txt,high,2192,2200,8,0.0799999999999976
9,Ob9.txt,low,2200,2212,12,0.1199999999999964
9,Ob9.txt,high,2212,2215,3,0.0299999999999991
9,Ob9.txt,low,2215,2216,1,0.0099999999999997
9,Ob9.txt,high,2216,2303,87,0.8699999999999739
9,Ob9.txt,low,2303,2413,110,1.099999999999967
9,Ob9.txt,high,2413,2414,1,0.0099999999999997
9,Ob9.txt,low,2414,2428,14,0.1399999999999958
9,Ob9.txt,high,2428,2429,1,0.0099999999999997
9,Ob9.txt,low,2429,2430,1,0.0099999999999997
9,Ob9.txt,high,2430,2479,49,0.4899999999999853
9,Ob9.txt,low,2479,2492,13,0.1299999999999961
9,Ob9.txt,high,2492,2600,108,1.0799999999999677
9,Ob9.txt,low,2600,2604,4,0.0399999999999988
9,Ob9.txt,high,2604,2610,6,0.0599999999999982
9,Ob9.txt,low,2610,2616,6,0.0599999999999982
9,Ob9.txt,high,2616,2642,26,0.2599999999999922
9,Ob9.txt,low,2642,2694,52,0.5199999999999844
9,Ob9.txt,high,2694,2733,39,0.3899999999999883
9,Ob9.txt,low,2733,2755,22,0.2199999999999934
9,Ob9.txt,high,2755,2809,54,0.5399999999999838
9,Ob9.txt,low,2809,2838,29,0.2899999999999913
9,Ob9.txt,high,2838,2840,2,0.0199999999999994
9,Ob9.txt,low,2840,2864,24,0.2399999999999928
9,Ob9.txt,high,2864,2875,11,0.1099999999999967
9,Ob9.txt,low,2875,2876,1,0.0099999999999997
9,Ob9.txt,high,2876,2878,2,0.0199999999999994
9,Ob9.txt,low,2878,2882,4,0.0399999999999988
9,Ob9.txt,high,2882,2885,3,0.0299999999999991
9,Ob9.txt,low,2885,2886,1,0.0099999999999997
9,Ob9.txt,high,2886,2887,1,0.0099999999999997
9,Ob9.txt,low,2887,2889,2,0.0199999999999994
9,Ob9.txt,high,2889,3068,179,1.7899999999999463
9,Ob9.txt,low,3068,3079,11,0.1099999999999967
9,Ob9.txt,high,3079,3080,1,0.0099999999999997
9,Ob9.txt,low,3080,3092,12,0.1199999999999964
9,Ob9.txt,high,3092,3094,2,0.0199999999999994
9,Ob9.txt,low,3094,3135,41,0.4099999999999877
9,Ob9.txt,high,3135,3154,19,0.1899999999999943
9,Ob9.txt,low,3154,3191,37,0.3699999999999889
9,Ob9.txt,high,3191,3247,56,0.5599999999999832
9,Ob9.txt,low,3247,3736,489,4.889999999999853
9,Ob9.txt,high,3736,3922,186,1.8599999999999441
9,Ob9.txt,low,3922,4056,134,1.33999999999996
9,Ob9.txt,high,4056,4061,5,0.049999999999998504
9,Ob9.txt,low,4061,4063,2,0.0199999999999994
9,Ob9.txt,high,4063,4067,4,0.0399999999999988
9,Ob9.txt,low,4067,4069,2,0.0199999999999994
9,Ob9.txt,high,4069,4073,4,0.0399999999999988
9,Ob9.txt,low,4073,4074,1,0.0099999999999997
9,Ob9.txt,high,4074,4112,38,0.3799999999999886
9,Ob9.txt,low,4112,4113,1,0.0099999999999997
9,Ob9.txt,high,4113,4201,88,0.8799999999999736
9,Ob9.txt,low,4201,4302,101,1.0099999999999698
9,Ob9.txt,high,4302,4305,3,0.0299999999999991
9,Ob9.txt,low,4305,4316,11,0.1099999999999967
9,Ob9.txt,high,4316,4504,188,1.8799999999999437
9,Ob9.txt,low,4504,4543,39,0.3899999999999883
9,Ob9.txt,high,4543,4547,4,0.0399999999999988
9,Ob9.txt,low,4547,4550,3,0.0299999999999991
9,Ob9.txt,high,4550,4553,3,0.0299999999999991
9,Ob9.txt,low,4553,4554,1,0.0099999999999997
9,Ob9.txt,high,4554,4555,1,0.0099999999999997
9,Ob9.txt,low,4555,4559,4,0.0399999999999988
9,Ob9.txt,high,4559,4575,16,0.1599999999999952
9,Ob9.txt,low,4575,4601,26,0.2599999999999922
9,Ob9.txt,high,4601,4611,10,0.09999999999999701
9,Ob9.txt,low,4611,4615,4,0.0399999999999988
9,Ob9.txt,high,4615,4617,2,0.0199999999999994
9,Ob9.txt,low,4617,4623,6,0.0599999999999982
9,Ob9.txt,high,4623,4637,14,0.1399999999999958
9,Ob9.txt,low,4637,4811,174,1.7399999999999478
9,Ob9.txt,high,4811,4817,6,0.0599999999999982
9,Ob9.txt,low,4817,4823,6,0.0599999999999982
9,Ob9.txt,high,4823,4830,7,0.0699999999999979
9,Ob9.txt,low,4830,4856,26,0.2599999999999922
9,Ob9.txt,high,4856,4862,6,0.0599999999999982
9,Ob9.txt,low,4862,4904,42,0.4199999999999874
9,Ob9.txt,high,4904,4906,2,0.0199999999999994
9,Ob9.txt,low,4906,5074,168,1.6799999999999495
9,Ob9.txt,high,5074,5081,7,0.0699999999999979
9,Ob9.txt,low,5081,5082,1,0.0099999999999997
9,Ob9.txt,high,5082,5083,1,0.0099999999999997
9,Ob9.txt,low,5083,5084,1,0.0099999999999997
9,Ob9.txt,high,5084,5085,1,0.0099999999999997
9,Ob9.txt,low,5085,5095,10,0.09999999999999701
9,Ob9.txt,high,5095,5098,3,0.0299999999999991
9,Ob9.txt,low,5098,5114,16,0.1599999999999952
9,Ob9.txt,high,5114,5212,98,0.9799999999999706
9,Ob9.txt,low,5212,5249,37,0.3699999999999889
9,Ob9.txt,high,5249,5407,158,1.5799999999999526
9,Ob9.txt,low,5407,5411,4,0.0399999999999988
9,Ob9.txt,high,5411,5412,1,0.0099999999999997
9,Ob9.txt,low,5412,5413,1,0.0099999999999997
9,Ob9.txt,high,5413,5414,1,0.0099999999999997
9,Ob9.txt,low,5414,5427,13,0.1299999999999961
9,Ob9.txt,high,5427,5430,3,0.0299999999999991
9,Ob9.txt,low,5430,5436,6,0.0599999999999982
9,Ob9.txt,high,5436,5467,31,0.3099999999999907
9,Ob9.txt,low,5467,5471,4,0.0399999999999988
9,Ob9.txt,high,5471,5486,15,0.1499999999999955
9,Ob9.txt,low,5486,5522,36,0.3599999999999892
9,Ob9.txt,high,5522,5533,11,0.1099999999999967
9,Ob9.txt,low,5533,5534,1,0.0099999999999997
9,Ob9.txt,high,5534,5540,6,0.0599999999999982
9,Ob9.txt,low,5540,5605,65,0.6499999999999805
9,Ob9.txt,high,5605,5609,4,0.0399999999999988
9,Ob9.txt,low,5609,5614,5,0.049999999999998504
9,Ob9.txt,high,5614,5624,10,0.09999999999999701
9,Ob9.txt,low,5624,5625,1,0.0099999999999997
9,Ob9.txt,high,5625,5675,50,0.499999999999985
9,Ob9.txt,low,5675,5686,11,0.1099999999999967
9,Ob9.txt,high,5686,5688,2,0.0199999999999994
9,Ob9.txt,low,5688,5701,13,0.1299999999999961
9,Ob9.txt,high,5701,5702,1,0.0099999999999997
9,Ob9.txt,low,5702,6018,316,3.159999999999905
9,Ob9.txt,high,6018,6027,9,0.0899999999999973
9,Ob9.txt,low,6027,6033,6,0.0599999999999982
9,Ob9.txt,high,6033,6037,4,0.0399999999999988
9,Ob9.txt,low,6037,6038,1,0.0099999999999997
9,Ob9.txt,high,6038,6131,93,0.9299999999999721
9,Ob9.txt,low,6131,6288,157,1.569999999999953
9,Ob9.txt,high,6288,6323,35,0.3499999999999895
9,Ob9.txt,low,6323,6324,1,0.0099999999999997
9,Ob9.txt,high,6324,6327,3,0.0299999999999991
9,Ob9.txt,low,6327,6585,258,2.579999999999923
9,Ob9.txt,high,6585,6645,60,0.599999999999982
9,Ob9.txt,low,6645,6733,88,0.8799999999999736
9,Ob9.txt,high,6733,6735,2,0.0199999999999994
9,Ob9.txt,low,6735,6736,1,0.0099999999999997
9,Ob9.txt,high,6736,6787,51,0.5099999999999847
9,Ob9.txt,low,6787,6819,32,0.3199999999999904
9,Ob9.txt,high,6819,6889,70,0.699999999999979
9,Ob9.txt,low,6889,6890,1,0.0099999999999997
9,Ob9.txt,high,6890,6925,35,0.3499999999999895
9,Ob9.txt,low,6925,6938,13,0.1299999999999961
9,Ob9.txt,high,6938,7049,111,1.1099999999999668
9,Ob9.txt,low,7049,7051,2,0.0199999999999994
9,Ob9.txt,high,7051,7068,17,0.1699999999999949
9,Ob9.txt,low,7068,7070,2,0.0199999999999994
9,Ob9.txt,high,7070,7074,4,0.0399999999999988
9,Ob9.txt,low,7074,7075,1,0.0099999999999997
9,Ob9.txt,high,7075,7076,1,0.0099999999999997
9,Ob9.txt,low,7076,7077,1,0.0099999999999997
9,Ob9.txt,high,7077,7086,9,0.0899999999999973
9,Ob9.txt,low,7086,7088,2,0.0199999999999994
9,Ob9.txt,high,7088,7144,56,0.5599999999999832
9,Ob9.txt,low,7144,7145,1,0.0099999999999997
9,Ob9.txt,high,7145,7180,35,0.3499999999999895
9,Ob9.txt,low,7180,7185,5,0.049999999999998504
9,Ob9.txt,high,7185,7318,133,1.32999999999996
9,Ob9.txt,low,7318,7341,23,0.2299999999999931
9,Ob9.txt,high,7341,7573,232,2.3199999999999306
9,Ob9.txt,low,7573,7577,4,0.0399999999999988
9,Ob9.txt,high,7577,7585,8,0.0799999999999976
9,Ob9.txt,low,7585,7588,3,0.0299999999999991
9,Ob9.txt,high,7588,7589,1,0.0099999999999997
9,Ob9.txt,low,7589,7591,2,0.0199999999999994
9,Ob9.txt,high,7591,7757,166,1.6599999999999502
9,Ob9.txt,low,7757,7762,5,0.049999999999998504
9,Ob9.txt,high,7762,7769,7,0.0699999999999979
9,Ob9.txt,low,7769,7770,1,0.0099999999999997
9,Ob9.txt,high,7770,7821,51,0.5099999999999847
9,Ob9.txt,low,7821,7823,2,0.0199999999999994
9,Ob9.txt,high,7823,7868,45,0.4499999999999865
9,Ob9.txt,low,7868,7904,36,0.3599999999999892
9,Ob9.txt,high,7904,7905,1,0.0099999999999997
9,Ob9.txt,low,7905,7944,39,0.3899999999999883
9,Ob9.txt,high,7944,8053,109,1.0899999999999672
9,Ob9.txt,low,8053,8055,2,0.0199999999999994
9,Ob9.txt,high,8055,8061,6,0.0599999999999982
9,Ob9.txt,low,8061,8063,2,0.0199999999999994
9,Ob9.txt,high,8063,8085,22,0.2199999999999934
9,Ob9.txt,low,8085,8088,3,0.0299999999999991
9,Ob9.txt,high,8088,8250,162,1.6199999999999515
9,Ob9.txt,low,8250,8261,11,0.1099999999999967
9,Ob9.txt,high,8261,8298,37,0.3699999999999889
9,Ob9.txt,low,8298,8347,49,0.4899999999999853
9,Ob9.txt,high,8347,8348,1,0.0099999999999997
9,Ob9.txt,low,8348,8351,3,0.0299999999999991
9,Ob9.txt,high,8351,8352,1,0.0099999999999997
9,Ob9.txt,low,8352,8537,185,1.8499999999999446
9,Ob9.txt,high,8537,8629,92,0.9199999999999724
9,Ob9.txt,low,8629,8812,183,1.8299999999999452
9,Ob9.txt,high,8812,8833,21,0.2099999999999937
9,Ob9.txt,low,8833,9227,394,3.939999999999882
9,Ob9.txt,high,9227,9236,9,0.0899999999999973
9,Ob9.txt,low,9236,9239,3,0.0299999999999991
9,Ob9.txt,high,9239,9250,11,0.1099999999999967
9,Ob9.txt,low,9250,9491,241,2.4099999999999278
9,Ob9.txt,high,9491,9493,2,0.0199999999999994
9,Ob9.txt,low,9493,9499,6,0.0599999999999982
9,Ob9.txt,high,9499,9524,25,0.2499999999999925
9,Ob9.txt,low,9524,9610,86,0.8599999999999742
9,Ob9.txt,high,9610,9628,18,0.1799999999999946
9,Ob9.txt,low,9628,9629,1,0.0099999999999997
9,Ob9.txt,high,9629,9630,1,0.0099999999999997
9,Ob9.txt,low,9630,9693,63,0.6299999999999811
9,Ob9.txt,high,9693,9758,65,0.6499999999999805
9,Ob9.txt,low,9758,9840,82,0.8199999999999754
9,Ob9.txt,high,9840,9846,6,0.0599999999999982
9,Ob9.txt,low,9846,9848,2,0.0199999999999994
9,Ob9.txt,high,9848,9853,5,0.049999999999998504
9,Ob9.txt,low,9853,9862,9,0.0899999999999973
9,Ob9.txt,high,9862,9864,2,0.0199999999999994
9,Ob9.txt,low,9864,9932,68,0.6799999999999796
10,Ob10.txt,low,0,5,5,0.049999999999998504
10,Ob10.txt,high,5,12,7,0.0699999999999979
10,Ob10.txt,low,12,22,10,0.09999999999999701
10,Ob10.txt,high,22,25,3,0.0299999999999991
10,Ob10.txt,low,25,54,29,0.2899999999999913
10,Ob10.txt,high,54,56,2,0.0199999999999994
10,Ob10.txt,low,56,60,4,0.0399999999999988
10,Ob10.txt,high,60,88,28,0.2799999999999916
10,Ob10.txt,low,88,107,19,0.1899999999999943
10,Ob10.txt,high,107,108,1,0.0099999999999997
10,Ob10.txt,low,108,129,21,0.2099999999999937
10,Ob10.txt,high,129,135,6,0.0599999999999982
10,Ob10.txt,low,135,139,4,0.0399999999999988
10,Ob10.txt,high,139,314,175,1.7499999999999476
10,Ob10.txt,low,314,328,14,0.1399999999999958
10,Ob10.txt,high,328,391,63,0.6299999999999811
10,Ob10.txt,low,391,392,1,0.0099999999999997
10,Ob10.txt,high,392,395,3,0.0299999999999991
10,Ob10.txt,low,395,396,1,0.0099999999999997
10,Ob10.txt,high,396,397,1,0.0099999999999997
10,Ob10.txt,low,397,443,46,0.4599999999999862
10,Ob10.txt,high,443,446,3,0.0299999999999991
10,Ob10.txt,low,446,448,2,0.0199999999999994
10,Ob10.txt,high,448,452,4,0.0399999999999988
10,Ob10.txt,low,452,457,5,0.049999999999998504
10,Ob10.txt,high,457,459,2,0.0199999999999994
10,Ob10.txt,low,459,464,5,0.049999999999998504
10,Ob10.txt,high,464,494,30,0.299999999999991
10,Ob10.txt,low,494,495,1,0.0099999999999997
10,Ob10.txt,high,495,616,121,1.2099999999999638
10,Ob10.txt,low,616,629,13,0.1299999999999961
10,Ob10.txt,high,629,631,2,0.0199999999999994
10,Ob10.txt,low,631,649,18,0.1799999999999946
10,Ob10.txt,high,649,748,99,0.9899999999999703
10,Ob10.txt,low,748,755,7,0.0699999999999979
10,Ob10.txt,high,755,763,8,0.0799999999999976
10,Ob10.txt,low,763,772,9,0.0899999999999973
10,Ob10.txt,high,772,776,4,0.0399999999999988
10,Ob10.txt,low,776,898,122,1.2199999999999633
10,Ob10.txt,high,898,956,58,0.5799999999999826
10,Ob10.txt,low,956,960,4,0.0399999999999988
10,Ob10.txt,high,960,962,2,0.0199999999999994
10,Ob10.txt,low,962,963,1,0.0099999999999997
10,Ob10.txt,high,963,977,14,0.1399999999999958
10,Ob10.txt,low,977,1060,83,0.8299999999999751
10,Ob10.txt,high,1060,1062,2,0.0199999999999994
10,Ob10.txt,low,1062,1064,2,0.0199999999999994
10,Ob10.txt,high,1064,1549,485,4.849999999999855
10,Ob10.txt,low,1549,1635,86,0.8599999999999742
10,Ob10.txt,high,1635,1799,164,1.6399999999999508
10,Ob10.txt,low,1799,1801,2,0.0199999999999994
10,Ob10.txt,high,1801,1814,13,0.1299999999999961
10,Ob10.txt,low,1814,1860,46,0.4599999999999862
10,Ob10.txt,high,1860,1877,17,0.1699999999999949
10,Ob10.txt,low,1877,1959,82,0.8199999999999754
10,Ob10.txt,high,1959,1968,9,0.0899999999999973
10,Ob10.txt,low,1968,1974,6,0.0599999999999982
10,Ob10.txt,high,1974,2009,35,0.3499999999999895
10,Ob10.txt,low,2009,2015,6,0.0599999999999982
10,Ob10.txt,high,2015,2035,20,0.19999999999999402
10,Ob10.txt,low,2035,2036,1,0.0099999999999997
10,Ob10.txt,high,2036,2045,9,0.0899999999999973
10,Ob10.txt,low,2045,2113,68,0.6799999999999796
10,Ob10.txt,high,2113,2114,1,0.0099999999999997
10,Ob10.txt,low,2114,2125,11,0.1099999999999967
10,Ob10.txt,high,2125,2129,4,0.0399999999999988
10,Ob10.txt,low,2129,2133,4,0.0399999999999988
10,Ob10.txt,high,2133,2294,161,1.6099999999999517
10,Ob10.txt,low,2294,2371,77,0.7699999999999769
10,Ob10.txt,high,2371,2397,26,0.2599999999999922
10,Ob10.txt,low,2397,2398,1,0.0099999999999997
10,Ob10.txt,high,2398,2404,6,0.0599999999999982
10,Ob10.txt,low,2404,2407,3,0.0299999999999991
10,Ob10.txt,high,2407,2411,4,0.0399999999999988
10,Ob10.txt,low,2411,2415,4,0.0399999999999988
10,Ob10.txt,high,2415,2430,15,0.1499999999999955
10,Ob10.txt,low,2430,2477,47,0.46999999999998593
10,Ob10.txt,high,2477,2496,19,0.1899999999999943
10,Ob10.txt,low,2496,2503,7,0.0699999999999979
10,Ob10.txt,high,2503,2510,7,0.0699999999999979
10,Ob10.txt,low,2510,2512,2,0.0199999999999994
10,Ob10.txt,high,2512,2675,163,1.629999999999951
10,Ob10.txt,low,2675,2677,2,0.0199999999999994
10,Ob10.txt,high,2677,2684,7,0.0699999999999979
10,Ob10.txt,low,2684,2712,28,0.2799999999999916
10,Ob10.txt,high,2712,2726,14,0.1399999999999958
10,Ob10.txt,low,2726,2767,41,0.4099999999999877
10,Ob10.txt,high,2767,2793,26,0.2599999999999922
10,Ob10.txt,low,2793,2868,75,0.7499999999999775
10,Ob10.txt,high,2868,2872,4,0.0399999999999988
10,Ob10.txt,low,2872,2901,29,0.2899999999999913
10,Ob10.txt,high,2901,2978,77,0.7699999999999769
10,Ob10.txt,low,2978,3052,74,0.7399999999999778
10,Ob10.txt,high,3052,3054,2,0.0199999999999994
10,Ob10.txt,low,3054,3055,1,0.0099999999999997
10,Ob10.txt,high,3055,3271,216,2.1599999999999353
10,Ob10.txt,low,3271,3275,4,0.0399999999999988
10,Ob10.txt,high,3275,3281,6,0.0599999999999982
10,Ob10.txt,low,3281,3319,38,0.3799999999999886
10,Ob10.txt,high,3319,3320,1,0.0099999999999997
10,Ob10.txt,low,3320,3328,8,0.0799999999999976
10,Ob10.txt,high,3328,3338,10,0.09999999999999701
10,Ob10.txt,low,3338,3347,9,0.0899999999999973
10,Ob10.txt,high,3347,3348,1,0.0099999999999997
10,Ob10.txt,low,3348,3356,8,0.0799999999999976
10,Ob10.txt,high,3356,3422,66,0.6599999999999802
10,Ob10.txt,low,3422,3435,13,0.1299999999999961
10,Ob10.txt,high,3435,3484,49,0.4899999999999853
10,Ob10.txt,low,3484,3485,1,0.0099999999999997
10,Ob10.txt,high,3485,3487,2,0.0199999999999994
10,Ob10.txt,low,3487,3503,16,0.1599999999999952
10,Ob10.txt,high,3503,3699,196,1.9599999999999411
10,Ob10.txt,low,3699,3783,84,0.8399999999999748
10,Ob10.txt,high,3783,4013,230,2.299999999999931
10,Ob10.txt,low,4013,4018,5,0.049999999999998504
10,Ob10.txt,high,4018,4024,6,0.0599999999999982
10,Ob10.txt,low,4024,4129,105,1.0499999999999685
10,Ob10.txt,high,4129,4134,5,0.049999999999998504
10,Ob10.txt,low,4134,4135,1,0.0099999999999997
10,Ob10.txt,high,4135,4141,6,0.0599999999999982
10,Ob10.txt,low,4141,4150,9,0.0899999999999973
10,Ob10.txt,high,4150,4151,1,0.0099999999999997
10,Ob10.txt,low,4151,4152,1,0.0099999999999997
10,Ob10.txt,high,4152,4166,14,0.1399999999999958
10,Ob10.txt,low,4166,4167,1,0.0099999999999997
10,Ob10.txt,high,4167,4228,61,0.6099999999999817
10,Ob10.txt,low,4228,4262,34,0.3399999999999898
10,Ob10.txt,high,4262,4284,22,0.2199999999999934
10,Ob10.txt,low,4284,4321,37,0.3699999999999889
10,Ob10.txt,high,4321,4322,1,0.0099999999999997
10,Ob10.txt,low,4322,4364,42,0.4199999999999874
10,Ob10.txt,high,4364,4495,131,1.3099999999999608
10,Ob10.txt,low,4495,4505,10,0.09999999999999701
10,Ob10.txt,high,4505,4506,1,0.0099999999999997
10,Ob10.txt,low,4506,4508,2,0.0199999999999994
10,Ob10.txt,high,4508,4534,26,0.2599999999999922
10,Ob10.txt,low,4534,4544,10,0.09999999999999701
10,Ob10.txt,high,4544,4798,254,2.5399999999999237
10,Ob10.txt,low,4798,4809,11,0.1099999999999967
10,Ob10.txt,high,4809,4882,73,0.7299999999999781
10,Ob10.txt,low,4882,5020,138,1.3799999999999586
10,Ob10.txt,high,5020,5023,3,0.0299999999999991
10,Ob10.txt,low,5023,5033,10,0.09999999999999701
10,Ob10.txt,high,5033,5074,41,0.4099999999999877
10,Ob10.txt,low,5074,5115,41,0.4099999999999877
10,Ob10.txt,high,5115,5116,1,0.0099999999999997
10,Ob10.txt,low,5116,5125,9,0.0899999999999973
10,Ob10.txt,high,5125,5129,4,0.0399999999999988
10,Ob10.txt,low,5129,5137,8,0.0799999999999976
10,Ob10.txt,high,5137,5138,1,0.0099999999999997
10,Ob10.txt,low,5138,5224,86,0.8599999999999742
10,Ob10.txt,high,5224,5252,28,0.2799999999999916
10,Ob10.txt,low,5252,5260,8,0.0799999999999976
10,Ob10.txt,high,5260,5355,95,0.9499999999999715
10,Ob10.txt,low,5355,5358,3,0.0299999999999991
10,Ob10.txt,high,5358,5364,6,0.0599999999999982
10,Ob10.txt,low,5364,5611,247,2.469999999999926
10,Ob10.txt,high,5611,5670,59,0.5899999999999823
10,Ob10.txt,low,5670,5674,4,0.0399999999999988
10,Ob10.txt,high,5674,5675,1,0.0099999999999997
10,Ob10.txt,low,5675,5681,6,0.0599999999999982
10,Ob10.txt,high,5681,5686,5,0.049999999999998504
10,Ob10.txt,low,5686,5828,142,1.4199999999999575
10,Ob10.txt,high,5828,5859,31,0.3099999999999907
10,Ob10.txt,low,5859,5868,9,0.0899999999999973
10,Ob10.txt,high,5868,5878,10,0.09999999999999701
10,Ob10.txt,low,5878,6010,132,1.3199999999999603
10,Ob10.txt,high,6010,6012,2,0.0199999999999994
10,Ob10.txt,low,6012,6014,2,0.0199999999999994
10,Ob10.txt,high,6014,6018,4,0.0399999999999988
10,Ob10.txt,low,6018,6021,3,0.0299999999999991
10,Ob10.txt,high,6021,6042,21,0.2099999999999937
10,Ob10.txt,low,6042,6044,2,0.0199999999999994
10,Ob10.txt,high,6044,6061,17,0.1699999999999949
10,Ob10.txt,low,6061,6062,1,0.0099999999999997
10,Ob10.txt,high,6062,6063,1,0.0099999999999997
10,Ob10.txt,low,6063,6064,1,0.0099999999999997
10,Ob10.txt,high,6064,6245,181,1.8099999999999457
10,Ob10.txt,low,6245,6246,1,0.0099999999999997
10,Ob10.txt,high,6246,6421,175,1.7499999999999476
10,Ob10.txt,low,6421,6438,17,0.1699999999999949
10,Ob10.txt,high,6438,6453,15,0.1499999999999955
10,Ob10.txt,low,6453,6455,2,0.0199999999999994
10,Ob10.txt,high,6455,6504,49,0.4899999999999853
10,Ob10.txt,low,6504,6507,3,0.0299999999999991
10,Ob10.txt,high,6507,6562,55,0.5499999999999835
10,Ob10.txt,low,6562,6563,1,0.0099999999999997
10,Ob10.txt,high,6563,6576,13,0.1299999999999961
10,Ob10.txt,low,6576,6790,214,2.1399999999999357
10,Ob10.txt,high,6790,6794,4,0.0399999999999988
10,Ob10.txt,low,6794,6832,38,0.3799999999999886
10,Ob10.txt,high,6832,6839,7,0.0699999999999979
10,Ob10.txt,low,6839,6987,148,1.4799999999999556
10,Ob10.txt,high,6987,6988,1,0.0099999999999997
10,Ob10.txt,low,6988,7040,52,0.5199999999999844
10,Ob10.txt,high,7040,7058,18,0.1799999999999946
10,Ob10.txt,low,7058,7064,6,0.0599999999999982
10,Ob10.txt,high,7064,7067,3,0.0299999999999991
10,Ob10.txt,low,7067,7075,8,0.0799999999999976
10,Ob10.txt,high,7075,7078,3,0.0299999999999991
10,Ob10.txt,low,7078,7081,3,0.0299999999999991
10,Ob10.txt,high,7081,7117,36,0.3599999999999892
10,Ob10.txt,low,7117,7122,5,0.049999999999998504
10,Ob10.txt,high,7122,7157,35,0.3499999999999895
10,Ob10.txt,low,7157,7173,16,0.1599999999999952
10,Ob10.txt,high,7173,7174,1,0.0099999999999997
10,Ob10.txt,low,7174,7175,1,0.0099999999999997
10,Ob10.txt,high,7175,7178,3,0.0299999999999991
10,Ob10.txt,low,7178,7336,158,1.5799999999999526
10,Ob10.txt,high,7336,7337,1,0.0099999999999997
10,Ob10.txt,low,7337,7340,3,0.0299999999999991
10,Ob10.txt,high,7340,7341,1,0.0099999999999997
10,Ob10.txt,low,7341,7358,17,0.1699999999999949
10,Ob10.txt,high,7358,7396,38,0.3799999999999886
10,Ob10.txt,low,7396,7398,2,0.0199999999999994
10,Ob10.txt,high,7398,7404,6,0.0599999999999982
10,Ob10.txt,low,7404,7410,6,0.0599999999999982
10,Ob10.txt,high,7410,7412,2,0.0199999999999994
10,Ob10.txt,low,7412,7418,6,0.0599999999999982
10,Ob10.txt,high,7418,7765,347,3.469999999999896
10,Ob10.txt,low,7765,7802,37,0.3699999999999889
10,Ob10.txt,high,7802,7804,2,0.0199999999999994
10,Ob10.txt,low,7804,7807,3,0.0299999999999991
10,Ob10.txt,high,7807,7893,86,0.8599999999999742
10,Ob10.txt,low,7893,7898,5,0.049999999999998504
10,Ob10.txt,high,7898,7919,21,0.2099999999999937
10,Ob10.txt,low,7919,7925,6,0.0599999999999982
10,Ob10.txt,high,7925,7932,7,0.0699999999999979
10,Ob10.txt,low,7932,7933,1,0.0099999999999997
10,Ob10.txt,high,7933,7935,2,0.0199999999999994
10,Ob10.txt,low,7935,7936,1,0.0099999999999997
10,Ob10.txt,high,7936,7937,1,0.0099999999999997
10,Ob10.txt,low,7937,7942,5,0.049999999999998504
10,Ob10.txt,high,7942,7946,4,0.0399999999999988
10,Ob10.txt,low,7946,7965,19,0.1899999999999943
10,Ob10.txt,high,7965,7966,1,0.0099999999999997
10,Ob10.txt,low,7966,7979,13,0.1299999999999961
10,Ob10.txt,high,7979,7982,3,0.0299999999999991
10,Ob10.txt,low,7982,8201,219,2.189999999999934
10,Ob10.txt,high,8201,8203,2,0.0199999999999994
10,Ob10.txt,low,8203,8301,98,0.9799999999999706
10,Ob10.txt,high,8301,8374,73,0.7299999999999781
10,Ob10.txt,low,8374,8424,50,0.499999999999985
10,Ob10.txt,high,8424,8437,13,0.1299999999999961
10,Ob10.txt,low,8437,8446,9,0.0899999999999973
10,Ob10.txt,high,8446,8454,8,0.0799999999999976
10,Ob10.txt,low,8454,8624,170,1.699999999999949
10,Ob10.txt,high,8624,8635,11,0.1099999999999967
10,Ob10.txt,low,8635,8637,2,0.0199999999999994
10,Ob10.txt,high,8637,8644,7,0.0699999999999979
10,Ob10.txt,low,8644,8647,3,0.0299999999999991
10,Ob10.txt,high,8647,8650,3,0.0299999999999991
10,Ob10.txt,low,8650,8652,2,0.0199999999999994
10,Ob10.txt,high,8652,8658,6,0.0599999999999982
10,Ob10.txt,low,8658,8660,2,0.0199999999999994
10,Ob10.txt,high,8660,8663,3,0.0299999999999991
10,Ob10.txt,low,8663,8664,1,0.0099999999999997
10,Ob10.txt,high,8664,8672,8,0.0799999999999976
10,Ob10.txt,low,8672,8776,104,1.0399999999999687
10,Ob10.txt,high,8776,8869,93,0.9299999999999721
10,Ob10.txt,low,8869,8875,6,0.0599999999999982
10,Ob10.txt,high,8875,8883,8,0.0799999999999976
10,Ob10.txt,low,8883,8887,4,0.0399999999999988
10,Ob10.txt,high,8887,8889,2,0.0199999999999994
10,Ob10.txt,low,8889,8890,1,0.0099999999999997
10,Ob10.txt,high,8890,8896,6,0.0599999999999982
10,Ob10.txt,low,8896,8897,1,0.0099999999999997
10,Ob10.txt,high,8897,8898,1,0.0099999999999997
10,Ob10.txt,low,8898,8899,1,0.0099999999999997
10,Ob10.txt,high,8899,8903,4,0.0399999999999988
10,Ob10.txt,low,8903,8934,31,0.3099999999999907
10,Ob10.txt,high,8934,8944,10,0.09999999999999701
10,Ob10.txt,low,8944,8967,23,0.2299999999999931
10,Ob10.txt,high,8967,8972,5,0.049999999999998504
10,Ob10.txt,low,8972,8974,2,0.0199999999999994
10,Ob10.txt,high,8974,8976,2,0.0199999999999994
10,Ob10.txt,low,8976,8977,1,0.0099999999999997
10,Ob10.txt,high,8977,9030,53,0.5299999999999842
10,Ob10.txt,low,9030,9089,59,0.5899999999999823
10,Ob10.txt,high,9089,9090,1,0.0099999999999997
10,Ob10.txt,low,9090,9091,1,0.0099999999999997
10,Ob10.txt,high,9091,9093,2,0.0199999999999994
10,Ob10.txt,low,9093,9096,3,0.0299999999999991
10,Ob10.txt,high,9096,9104,8,0.0799999999999976
10,Ob10.txt,low,9104,9106,2,0.0199999999999994
10,Ob10.txt,high,9106,9133,27,0.2699999999999919
10,Ob10.txt,low,9133,9329,196,1.9599999999999411
10,Ob10.txt,high,9329,9422,93,0.9299999999999721
10,Ob10.txt,low,9422,9429,7,0.0699999999999979
10,Ob10.txt,high,9429,9512,83,0.8299999999999751
10,Ob10.txt,low,9512,9520,8,0.0799999999999976
10,Ob10.txt,high,9520,9816,296,2.959999999999911
10,Ob10.txt,low,9816,9825,9,0.0899999999999973
10,Ob10.txt,high,9825,9900,75,0.7499999999999775
10,Ob10.txt,low,9900,9909,9,0.0899999999999973
10,Ob10.txt,high,9909,9914,5,0.049999999999998504
10,Ob10.txt,low,9914,9915,1,0.0099999999999997
10,Ob10.txt,high,9915,9939,24,0.2399999999999928
10,Ob10.txt,low,9939,9944,5,0.049999999999998504
10,Ob10.txt,high,9944,9985,41,0.4099999999999877
10,Ob10.txt,low,9985,9990,5,0.049999999999998504
10,Ob10.txt,high,9990,9993,3,0.0299999999999991
10,Ob10.txt,low,9993,9995,2,0.0199999999999994
10,Ob10.txt,high,9995,10004,9,0.0899999999999973
10,Ob10.txt,low,10004,10008,4,0.0399999999999988
10,Ob10.txt,high,10008,10017,9,0.0899999999999973
10,Ob10.txt,low,10017,10019,2,0.0199999999999994
10,Ob10.txt,high,10019,10041,22,0.2199999999999934
10,Ob10.txt,low,10041,10046,5,0.049999999999998504
10,Ob10.txt,high,10046,10073,27,0.2699999999999919
10,Ob10.txt,low,10073,10075,2,0.0199999999999994
10,Ob10.txt,high,10075,10093,18,0.1799999999999946
10,Ob10.txt,low,10093,10267,174,1.7399999999999478
10,Ob10.txt,high,10267,10278,11,0.1099999999999967
10,Ob10.txt,low,10278,10458,180,1.799999999999946
10,Ob10.txt,high,10458,10462,4,0.0399999999999988
10,Ob10.txt,low,10462,10465,3,0.0299999999999991
10,Ob10.txt,high,10465,10522,57,0.5699999999999829
10,Ob10.txt,low,10522,10524,2,0.0199999999999994
10,Ob10.txt,high,10524,10527,3,0.0299999999999991
10,Ob10.txt,low,10527,10528,1,0.0099999999999997
10,Ob10.txt,high,10528,10548,20,0.19999999999999402
10,Ob10.txt,low,10548,10559,11,0.1099999999999967
10,Ob10.txt,high,10559,10560,1,0.0099999999999997
10,Ob10.txt,low,10560,10561,1,0.0099999999999997
10,Ob10.txt,high,10561,10563,2,0.0199999999999994
10,Ob10.txt,low,10563,10567,4,0.0399999999999988
10,Ob10.txt,high,10567,10606,39,0.3899999999999883
10,Ob10.txt,low,10606,11358,752,7.519999999999775
10,Ob10.txt,high,11358,11362,4,0.0399999999999988
10,Ob10.txt,low,11362,11364,2,0.0199999999999994
10,Ob10.txt,high,11364,11375,11,0.1099999999999967
10,Ob10.txt,low,11375,11378,3,0.0299999999999991
10,Ob10.txt,high,11378,11382,4,0.0399999999999988
10,Ob10.txt,low,11382,11781,399,3.9899999999998803
10,Ob10.txt,high,11781,11782,1,0.0099999999999997
10,Ob10.txt,low,11782,11804,22,0.2199999999999934
10,Ob10.txt,high,11804,11806,2,0.0199999999999994
10,Ob10.txt,low,11806,11974,168,1.6799999999999495
10,Ob10.txt,high,11974,11975,1,0.0099999999999997
10,Ob10.txt,low,11975,11987,12,0.1199999999999964
10,Ob10.txt,high,11987,11999,12,0.1199999999999964
10,Ob10.txt,low,11999,12006,7,0.0699999999999979
10,Ob10.txt,high,12006,12007,1,0.0099999999999997
10,Ob10.txt,low,12007,12009,2,0.0199999999999994
10,Ob10.txt,high,12009,12038,29,0.2899999999999913
10,Ob10.txt,low,12038,12041,3,0.0299999999999991
10,Ob10.txt,high,12041,12044,3,0.0299999999999991
10,Ob10.txt,low,12044,12061,17,0.1699999999999949
10,Ob10.txt,high,12061,12065,4,0.0399999999999988
10,Ob10.txt,low,12065,12223,158,1.5799999999999526
10,Ob10.txt,high,12223,12225,2,0.0199999999999994
10,Ob10.txt,low,12225,12452,227,2.269999999999932
10,Ob10.txt,high,12452,12454,2,0.0199999999999994
10,Ob10.txt,low,12454,12455,1,0.0099999999999997
10,Ob10.txt,high,12455,12456,1,0.0099999999999997
10,Ob10.txt,low,12456,12458,2,0.0199999999999994
10,Ob10.txt,high,12458,12515,57,0.5699999999999829
10,Ob10.txt,low,12515,12523,8,0.0799999999999976
10,Ob10.txt,high,12523,12577,54,0.5399999999999838
10,Ob10.txt,low,12577,12638,61,0.6099999999999817
10,Ob10.txt,high,12638,12651,13,0.1299999999999961
10,Ob10.txt,low,12651,12653,2,0.0199999999999994
10,Ob10.txt,high,12653,12662,9,0.0899999999999973
10,Ob10.txt,low,12662,12664,2,0.0199999999999994
10,Ob10.txt,high,12664,12668,4,0.0399999999999988
10,Ob10.txt,low,12668,12676,8,0.0799999999999976
10,Ob10.txt,high,12676,12682,6,0.0599999999999982
10,Ob10.txt,low,12682,12707,25,0.2499999999999925
10,Ob10.txt,high,12707,12711,4,0.0399999999999988
10,Ob10.txt,low,12711,12723,12,0.1199999999999964
10,Ob10.txt,high,12723,12883,160,1.5999999999999521
10,Ob10.txt,low,12883,12884,1,0.0099999999999997
10,Ob10.txt,high,12884,12903,19,0.1899999999999943
10,Ob10.txt,low,12903,12913,10,0.09999999999999701
10,Ob10.txt,high,12913,12918,5,0.049999999999998504
10,Ob10.txt,low,12918,12919,1,0.0099999999999997
10,Ob10.txt,high,12919,12927,8,0.0799999999999976
10,Ob10.txt,low,12927,12929,2,0.0199999999999994
10,Ob10.txt,high,12929,12934,5,0.049999999999998504
10,Ob10.txt,low,12934,12969,35,0.3499999999999895
10,Ob10.txt,high,12969,12983,14,0.1399999999999958
10,Ob10.txt,low,12983,12984,1,0.0099999999999997
10,Ob10.txt,high,12984,12985,1,0.0099999999999997
10,Ob10.txt,low,12985,13228,243,2.4299999999999273
10,Ob10.txt,high,13228,13317,89,0.8899999999999733
10,Ob10.txt,low,13317,13322,5,0.049999999999998504
10,Ob10.txt,high,13322,13323,1,0.0099999999999997
10,Ob10.txt,low,13323,13476,153,1.529999999999954
10,Ob10.txt,high,13476,13486,10,0.09999999999999701
10,Ob10.txt,low,13486,13489,3,0.0299999999999991
10,Ob10.txt,high,13489,13506,17,0.1699999999999949
10,Ob10.txt,low,13506,13507,1,0.0099999999999997
10,Ob10.txt,high,13507,13762,255,2.5499999999999234
10,Ob10.txt,low,13762,13765,3,0.0299999999999991
10,Ob10.txt,high,13765,13782,17,0.1699999999999949
10,Ob10.txt,low,13782,13783,1,0.0099999999999997
10,Ob10.txt,high,13783,13789,6,0.0599999999999982
10,Ob10.txt,low,13789,13844,55,0.5499999999999835
10,Ob10.txt,high,13844,13953,109,1.0899999999999672
10,Ob10.txt,low,13953,13954,1,0.0099999999999997
10,Ob10.txt,high,13954,14028,74,0.7399999999999778
10,Ob10.txt,low,14028,14036,8,0.0799999999999976
10,Ob10.txt,high,14036,14041,5,0.049999999999998504
10,Ob10.txt,low,14041,14050,9,0.0899999999999973
10,Ob10.txt,high,14050,14052,2,0.0199999999999994
10,Ob10.txt,low,14052,14054,2,0.0199999999999994
10,Ob10.txt,high,14054,14146,92,0.9199999999999724
10,Ob10.txt,low,14146,14224,78,0.7799999999999766
10,Ob10.txt,high,14224,14321,97,0.9699999999999709
10,Ob10.txt,low,14321,14328,7,0.0699999999999979
10,Ob10.txt,high,14328,14329,1,0.0099999999999997
10,Ob10.txt,low,14329,14418,89,0.8899999999999733
10,Ob10.txt,high,14418,14419,1,0.0099999999999997
10,Ob10.txt,low,14419,14425,6,0.0599999999999982
10,Ob10.txt,high,14425,14426,1,0.0099999999999997
10,Ob10.txt,low,14426,14439,13,0.1299999999999961
10,Ob10.txt,high,14439,14456,17,0.1699999999999949
10,Ob10.txt,low,14456,14463,7,0.0699999999999979
10,Ob10.txt,high,14463,14598,135,1.3499999999999595
10,Ob10.txt,low,14598,14629,31,0.3099999999999907
10,Ob10.txt,high,14629,14637,8,0.0799999999999976
10,Ob10.txt,low,14637,14679,42,0.4199999999999874
10,Ob10.txt,high,14679,14682,3,0.0299999999999991
10,Ob10.txt,low,14682,14685,3,0.0299999999999991
10,Ob10.txt,high,14685,14701,16,0.1599999999999952
10,Ob10.txt,low,14701,14707,6,0.0599999999999982
10,Ob10.txt,high,14707,14733,26,0.2599999999999922
10,Ob10.txt,low,14733,14741,8,0.0799999999999976
10,Ob10.txt,high,14741,14747,6,0.0599999999999982
10,Ob10.txt,low,14747,14846,99,0.9899999999999703
10,Ob10.txt,high,14846,14961,115,1.1499999999999655
10,Ob10.txt,low,14961,14990,29,0.2899999999999913
11,Ob11.txt,low,0,11,11,0.109999999999978
11,Ob11.txt,high,11,32,21,0.209999999999958
11,Ob11.txt,low,32,63,31,0.309999999999938
11,Ob11.txt,high,63,326,263,2.629999999999474
11,Ob11.txt,low,326,406,80,0.79999999999984
11,Ob11.txt,high,406,583,177,1.769999999999646
11,Ob11.txt,low,583,642,59,0.589999999999882
11,Ob11.txt,high,642,645,3,0.029999999999994
11,Ob11.txt,low,645,767,122,1.219999999999756
11,Ob11.txt,high,767,777,10,0.09999999999998
11,Ob11.txt,low,777,1429,652,6.519999999998696
11,Ob11.txt,high,1429,1438,9,0.089999999999982
11,Ob11.txt,low,1438,1439,1,0.009999999999998
11,Ob11.txt,high,1439,1440,1,0.009999999999998
11,Ob11.txt,low,1440,1693,253,2.529999999999494
11,Ob11.txt,high,1693,1734,41,0.409999999999918
11,Ob11.txt,low,1734,1903,169,1.689999999999662
11,Ob11.txt,high,1903,2123,220,2.19999999999956
11,Ob11.txt,low,2123,2144,21,0.209999999999958
11,Ob11.txt,high,2144,2308,164,1.639999999999672
11,Ob11.txt,low,2308,2317,9,0.089999999999982
11,Ob11.txt,high,2317,2340,23,0.229999999999954
11,Ob11.txt,low,2340,2401,61,0.609999999999878
11,Ob11.txt,high,2401,2413,12,0.119999999999976
11,Ob11.txt,low,2413,2419,6,0.059999999999988
11,Ob11.txt,high,2419,2456,37,0.369999999999926
11,Ob11.txt,low,2456,2464,8,0.079999999999984
11,Ob11.txt,high,2464,2618,154,1.539999999999692
11,Ob11.txt,low,2618,2638,20,0.19999999999996
11,Ob11.txt,high,2638,2657,19,0.189999999999962
11,Ob11.txt,low,2657,2870,213,2.129999999999574
11,Ob11.txt,high,2870,3033,163,1.629999999999674
11,Ob11.txt,low,3033,3081,48,0.479999999999904
11,Ob11.txt,high,3081,3117,36,0.359999999999928
11,Ob11.txt,low,3117,3167,50,0.4999999999999
11,Ob11.txt,high,3167,3228,61,0.609999999999878
11,Ob11.txt,low,3228,3243,15,0.14999999999997
11,Ob11.txt,high,3243,3351,108,1.079999999999784
11,Ob11.txt,low,3351,3436,85,0.84999999999983
11,Ob11.txt,high,3436,3460,24,0.239999999999952
11,Ob11.txt,low,3460,3494,34,0.339999999999932
11,Ob11.txt,high,3494,3674,180,1.79999999999964
11,Ob11.txt,low,3674,4067,393,3.929999999999214
11,Ob11.txt,high,4067,4208,141,1.409999999999718
11,Ob11.txt,low,4208,4243,35,0.34999999999993
11,Ob11.txt,high,4243,4274,31,0.309999999999938
11,Ob11.txt,low,4274,4299,25,0.24999999999995
11,Ob11.txt,high,4299,4311,12,0.119999999999976
11,Ob11.txt,low,4311,4355,44,0.439999999999912
11,Ob11.txt,high,4355,4498,143,1.429999999999714
11,Ob11.txt,low,4498,4553,55,0.54999999999989
11,Ob11.txt,high,4553,4556,3,0.029999999999994
11,Ob11.txt,low,4556,4560,4,0.039999999999992
11,Ob11.txt,high,4560,4566,6,0.059999999999988
11,Ob11.txt,low,4566,4568,2,0.019999999999996
11,Ob11.txt,high,4568,4673,105,1.04999999999979
11,Ob11.txt,low,4673,4687,14,0.139999999999972
11,Ob11.txt,high,4687,4716,29,0.289999999999942
11,Ob11.txt,low,4716,4782,66,0.659999999999868
11,Ob11.txt,high,4782,4790,8,0.079999999999984
11,Ob11.txt,low,4790,4791,1,0.009999999999998
11,Ob11.txt,high,4791,4823,32,0.319999999999936
11,Ob11.txt,low,4823,4883,60,0.59999999999988
11,Ob11.txt,high,4883,4948,65,0.64999999999987
11,Ob11.txt,low,4948,4952,4,0.039999999999992
11,Ob11.txt,high,4952,4953,1,0.009999999999998
11,Ob11.txt,low,4953,5028,75,0.74999999999985
11,Ob11.txt,high,5028,5033,5,0.04999999999999
11,Ob11.txt,low,5033,5048,15,0.14999999999997
11,Ob11.txt,high,5048,5066,18,0.179999999999964
11,Ob11.txt,low,5066,5130,64,0.639999999999872
11,Ob11.txt,high,5130,5136,6,0.059999999999988
11,Ob11.txt,low,5136,5139,3,0.029999999999994
11,Ob11.txt,high,5139,5148,9,0.089999999999982
11,Ob11.txt,low,5148,5207,59,0.589999999999882
11,Ob11.txt,high,5207,5253,46,0.459999999999908
11,Ob11.txt,low,5253,5255,2,0.019999999999996
11,Ob11.txt,high,5255,5261,6,0.059999999999988
11,Ob11.txt,low,5261,5590,329,3.289999999999342
11,Ob11.txt,high,5590,5591,1,0.009999999999998
11,Ob11.txt,low,5591,5634,43,0.429999999999914
11,Ob11.txt,high,5634,5673,39,0.389999999999922
11,Ob11.txt,low,5673,5693,20,0.19999999999996
11,Ob11.txt,high,5693,5733,40,0.39999999999992
11,Ob11.txt,low,5733,5770,37,0.369999999999926
11,Ob11.txt,high,5770,5786,16,0.159999999999968
11,Ob11.txt,low,5786,5806,20,0.19999999999996
11,Ob11.txt,high,5806,5974,168,1.679999999999664
11,Ob11.txt,low,5974,5977,3,0.029999999999994
11,Ob11.txt,high,5977,5986,9,0.089999999999982
11,Ob11.txt,low,5986,6000,14,0.139999999999972
11,Ob11.txt,high,6000,6094,94,0.939999999999812
11,Ob11.txt,low,6094,6107,13,0.129999999999974
11,Ob11.txt,high,6107,6162,55,0.54999999999989
11,Ob11.txt,low,6162,6195,33,0.329999999999934
11,Ob11.txt,high,6195,6204,9,0.089999999999982
11,Ob11.txt,low,6204,6207,3,0.029999999999994
11,Ob11.txt,high,6207,6296,89,0.889999999999822
11,Ob11.txt,low,6296,6340,44,0.439999999999912
11,Ob11.txt,high,6340,6355,15,0.14999999999997
11,Ob11.txt,low,6355,6356,1,0.009999999999998
11,Ob11.txt,high,6356,6627,271,2.709999999999458
11,Ob11.txt,low,6627,6632,5,0.04999999999999
11,Ob11.txt,high,6632,6644,12,0.119999999999976
11,Ob11.txt,low,6644,6858,214,2.139999999999572
11,Ob11.txt,high,6858,6920,62,0.619999999999876
11,Ob11.txt,low,6920,6949,29,0.289999999999942
11,Ob11.txt,high,6949,7059,110,1.09999999999978
11,Ob11.txt,low,7059,7065,6,0.059999999999988
11,Ob11.txt,high,7065,7095,30,0.29999999999994
11,Ob11.txt,low,7095,7117,22,0.219999999999956
11,Ob11.txt,high,7117,7118,1,0.009999999999998
11,Ob11.txt,low,7118,7134,16,0.159999999999968
11,Ob11.txt,high,7134,7147,13,0.129999999999974
11,Ob11.txt,low,7147,7166,19,0.189999999999962
11,Ob11.txt,high,7166,7167,1,0.009999999999998
11,Ob11.txt,low,7167,7176,9,0.089999999999982
11,Ob11.txt,high,7176,7194,18,0.179999999999964
11,Ob11.txt,low,7194,7204,10,0.09999999999998
11,Ob11.txt,high,7204,7239,35,0.34999999999993
11,Ob11.txt,low,7239,7240,1,0.009999999999998
11,Ob11.txt,high,7240,7243,3,0.029999999999994
11,Ob11.txt,low,7243,7247,4,0.039999999999992
11,Ob11.txt,high,7247,7248,1,0.009999999999998
11,Ob11.txt,low,7248,7249,1,0.009999999999998
11,Ob11.txt,high,7249,7373,124,1.239999999999752
11,Ob11.txt,low,7373,7715,342,3.419999999999316
11,Ob11.txt,high,7715,7722,7,0.069999999999986
11,Ob11.txt,low,7722,7724,2,0.019999999999996
11,Ob11.txt,high,7724,7727,3,0.029999999999994
11,Ob11.txt,low,7727,7731,4,0.039999999999992
11,Ob11.txt,high,7731,7738,7,0.069999999999986
11,Ob11.txt,low,7738,7806,68,0.679999999999864
11,Ob11.txt,high,7806,7854,48,0.479999999999904
11,Ob11.txt,low,7854,8094,240,2.39999999999952
11,Ob11.txt,high,8094,8096,2,0.019999999999996
11,Ob11.txt,low,8096,8111,15,0.14999999999997
11,Ob11.txt,high,8111,8116,5,0.04999999999999
11,Ob11.txt,low,8116,8117,1,0.009999999999998
11,Ob11.txt,high,8117,8119,2,0.019999999999996
11,Ob11.txt,low,8119,8208,89,0.889999999999822
11,Ob11.txt,high,8208,8211,3,0.029999999999994
11,Ob11.txt,low,8211,8214,3,0.029999999999994
11,Ob11.txt,high,8214,8300,86,0.859999999999828
11,Ob11.txt,low,8300,8309,9,0.089999999999982
11,Ob11.txt,high,8309,8381,72,0.719999999999856
11,Ob11.txt,low,8381,8440,59,0.589999999999882
11,Ob11.txt,high,8440,8474,34,0.339999999999932
11,Ob11.txt,low,8474,8830,356,3.559999999999288
11,Ob11.txt,high,8830,8831,1,0.009999999999998
11,Ob11.txt,low,8831,8835,4,0.039999999999992
11,Ob11.txt,high,8835,8840,5,0.04999999999999
11,Ob11.txt,low,8840,8841,1,0.009999999999998
11,Ob11.txt,high,8841,8989,148,1.479999999999704
11,Ob11.txt,low,8989,8991,2,0.019999999999996
11,Ob11.txt,high,8991,8995,4,0.039999999999992
11,Ob11.txt,low,8995,9005,10,0.09999999999998
11,Ob11.txt,high,9005,9069,64,0.639999999999872
11,Ob11.txt,low,9069,9070,1,0.009999999999998
11,Ob11.txt,high,9070,9108,38,0.379999999999924
11,Ob11.txt,low,9108,9321,213,2.129999999999574
11,Ob11.txt,high,9321,9366,45,0.44999999999991
11,Ob11.txt,low,9366,9403,37,0.369999999999926
11,Ob11.txt,high,9403,9475,72,0.719999999999856
11,Ob11.txt,low,9475,9560,85,0.84999999999983
11,Ob11.txt,high,9560,9646,86,0.859999999999828
11,Ob11.txt,low,9646,9675,29,0.289999999999942
11,Ob11.txt,high,9675,9783,108,1.079999999999784
11,Ob11.txt,low,9783,9792,9,0.089999999999982
11,Ob11.txt,high,9792,9858,66,0.659999999999868
11,Ob11.txt,low,9858,9888,30,0.29999999999994
11,Ob11.txt,high,9888,9914,26,0.259999999999948
11,Ob11.txt,low,9914,9932,18,0.179999999999964
11,Ob11.txt,high,9932,10043,111,1.109999999999778
11,Ob11.txt,low,10043,10106,63,0.629999999999874
11,Ob11.txt,high,10106,10108,2,0.019999999999996
11,Ob11.txt,low,10108,10110,2,0.019999999999996
11,Ob11.txt,high,10110,10193,83,0.829999999999834
11,Ob11.txt,low,10193,10238,45,0.44999999999991
11,Ob11.txt,high,10238,10504,266,2.659999999999468
11,Ob11.txt,low,10504,10521,17,0.169999999999966
11,Ob11.txt,high,10521,10593,72,0.719999999999856
11,Ob11.txt,low,10593,10677,84,0.839999999999832
11,Ob11.txt,high,10677,10678,1,0.009999999999998
11,Ob11.txt,low,10678,10689,11,0.109999999999978
11,Ob11.txt,high,10689,10696,7,0.069999999999986
11,Ob11.txt,low,10696,10884,188,1.879999999999624
11,Ob11.txt,high,10884,10911,27,0.269999999999946
11,Ob11.txt,low,10911,10969,58,0.579999999999884
11,Ob11.txt,high,10969,11031,62,0.619999999999876
11,Ob11.txt,low,11031,11047,16,0.159999999999968
11,Ob11.txt,high,11047,11141,94,0.939999999999812
11,Ob11.txt,low,11141,11303,162,1.619999999999676
11,Ob11.txt,high,11303,11338,35,0.34999999999993
11,Ob11.txt,low,11338,11550,212,2.119999999999576
11,Ob11.txt,high,11550,11795,245,2.44999999999951
11,Ob11.txt,low,11795,11860,65,0.64999999999987
11,Ob11.txt,high,11860,12053,193,1.929999999999614
11,Ob11.txt,low,12053,12082,29,0.289999999999942
11,Ob11.txt,high,12082,12178,96,0.959999999999808
11,Ob11.txt,low,12178,12439,261,2.609999999999478
11,Ob11.txt,high,12439,12479,40,0.39999999999992
11,Ob11.txt,low,12479,12506,27,0.269999999999946
11,Ob11.txt,high,12506,12766,260,2.59999999999948
11,Ob11.txt,low,12766,12771,5,0.04999999999999
11,Ob11.txt,high,12771,12772,1,0.009999999999998
11,Ob11.txt,low,12772,12985,213,2.129999999999574
11,Ob11.txt,high,12985,12999,14,0.139999999999972
11,Ob11.txt,low,12999,13121,122,1.219999999999756
11,Ob11.txt,high,13121,13161,40,0.39999999999992
11,Ob11.txt,low,13161,13241,80,0.79999999999984
11,Ob11.txt,high,13241,13452,211,2.109999999999578
11,Ob11.txt,low,13452,13464,12,0.119999999999976
11,Ob11.txt,high,13464,13577,113,1.129999999999774
11,Ob11.txt,low,13577,13608,31,0.309999999999938
11,Ob11.txt,high,13608,13615,7,0.069999999999986
11,Ob11.txt,low,13615,13638,23,0.229999999999954
11,Ob11.txt,high,13638,13782,144,1.439999999999712
11,Ob11.txt,low,13782,13791,9,0.089999999999982
11,Ob11.txt,high,13791,13871,80,0.79999999999984
11,Ob11.txt,low,13871,13970,99,0.989999999999802
11,Ob11.txt,high,13970,14045,75,0.74999999999985
11,Ob11.txt,low,14045,14188,143,1.429999999999714
11,Ob11.txt,high,14188,14204,16,0.159999999999968
11,Ob11.txt,low,14204,14208,4,0.039999999999992
11,Ob11.txt,high,14208,14244,36,0.359999999999928
11,Ob11.txt,low,14244,14276,32,0.319999999999936
11,Ob11.txt,high,14276,14393,117,1.1699999999997661
11,Ob11.txt,low,14393,14587,194,1.939999999999612
11,Ob11.txt,high,14587,14618,31,0.309999999999938
11,Ob11.txt,low,14618,14657,39,0.389999999999922
11,Ob11.txt,high,14657,14673,16,0.159999999999968
11,Ob11.txt,low,14673,14681,8,0.079999999999984
11,Ob11.txt,high,14681,14735,54,0.539999999999892
11,Ob11.txt,low,14735,14824,89,0.889999999999822
11,Ob11.txt,high,14824,14834,10,0.09999999999998
11,Ob11.txt,low,14834,14839,5,0.04999999999999
11,Ob11.txt,high,14839,14881,42,0.419999999999916
11,Ob11.txt,low,14881,14914,33,0.329999999999934
11,Ob11.txt,high,14914,14944,30,0.29999999999994
11,Ob11.txt,low,14944,15041,97,0.969999999999806
11,Ob11.txt,high,15041,15061,20,0.19999999999996
11,Ob11.txt,low,15061,15076,15,0.14999999999997
11,Ob11.txt,high,15076,15088,12,0.119999999999976
11,Ob11.txt,low,15088,15187,99,0.989999999999802
11,Ob11.txt,high,15187,15207,20,0.19999999999996
11,Ob11.txt,low,15207,15293,86,0.859999999999828
11,Ob11.txt,high,15293,15295,2,0.019999999999996
11,Ob11.txt,low,15295,15298,3,0.029999999999994
11,Ob11.txt,high,15298,15390,92,0.919999999999816
11,Ob11.txt,low,15390,15457,67,0.669999999999866
11,Ob11.txt,high,15457,15558,101,1.009999999999798
11,Ob11.txt,low,15558,15631,73,0.729999999999854
11,Ob11.txt,high,15631,15808,177,1.769999999999646
11,Ob11.txt,low,15808,15830,22,0.219999999999956
11,Ob11.txt,high,15830,16008,178,1.779999999999644
11,Ob11.txt,low,16008,16081,73,0.729999999999854
11,Ob11.txt,high,16081,16323,242,2.419999999999516
11,Ob11.txt,low,16323,16332,9,0.089999999999982
11,Ob11.txt,high,16332,16392,60,0.59999999999988
11,Ob11.txt,low,16392,16451,59,0.589999999999882
11,Ob11.txt,high,16451,16452,1,0.009999999999998
11,Ob11.txt,low,16452,16466,14,0.139999999999972
11,Ob11.txt,high,16466,16565,99,0.989999999999802
11,Ob11.txt,low,16565,16691,126,1.259999999999748
11,Ob11.txt,high,16691,16770,79,0.789999999999842
11,Ob11.txt,low,16770,16780,10,0.09999999999998
11,Ob11.txt,high,16780,16785,5,0.04999999999999
11,Ob11.txt,low,16785,17185,400,3.9999999999992
11,Ob11.txt,high,17185,17195,10,0.09999999999998
11,Ob11.txt,low,17195,17238,43,0.429999999999914
11,Ob11.txt,high,17238,17393,155,1.54999999999969
11,Ob11.txt,low,17393,17453,60,0.59999999999988
11,Ob11.txt,high,17453,17507,54,0.539999999999892
11,Ob11.txt,low,17507,17509,2,0.019999999999996
11,Ob11.txt,high,17509,17513,4,0.039999999999992
11,Ob11.txt,low,17513,17515,2,0.019999999999996
11,Ob11.txt,high,17515,17697,182,1.819999999999636
11,Ob11.txt,low,17697,17785,88,0.879999999999824
11,Ob11.txt,high,17785,17949,164,1.639999999999672
11,Ob11.txt,low,17949,17979,30,0.29999999999994
11,Ob11.txt,high,17979,18068,89,0.889999999999822
11,Ob11.txt,low,18068,18172,104,1.039999999999792
11,Ob11.txt,high,18172,18442,270,2.69999999999946
11,Ob11.txt,low,18442,18480,38,0.379999999999924
11,Ob11.txt,high,18480,18607,127,1.269999999999746
11,Ob11.txt,low,18607,18655,48,0.479999999999904
11,Ob11.txt,high,18655,18732,77,0.769999999999846
11,Ob11.txt,low,18732,18752,20,0.19999999999996
11,Ob11.txt,high,18752,18966,214,2.139999999999572
11,Ob11.txt,low,18966,19101,135,1.34999999999973
11,Ob11.txt,high,19101,19294,193,1.929999999999614
11,Ob11.txt,low,19294,19301,7,0.069999999999986
11,Ob11.txt,high,19301,19322,21,0.209999999999958
11,Ob11.txt,low,19322,19449,127,1.269999999999746
11,Ob11.txt,high,19449,19465,16,0.159999999999968
11,Ob11.txt,low,19465,19562,97,0.969999999999806
11,Ob11.txt,high,19562,19566,4,0.039999999999992
11,Ob11.txt,low,19566,19567,1,0.009999999999998
11,Ob11.txt,high,19567,19585,18,0.179999999999964
11,Ob11.txt,low,19585,19707,122,1.219999999999756
11,Ob11.txt,high,19707,19852,145,1.44999999999971
11,Ob11.txt,low,19852,19862,10,0.09999999999998
11,Ob11.txt,high,19862,19865,3,0.029999999999994
11,Ob11.txt,low,19865,19989,124,1.239999999999752
12,Ob12.txt,high,0,272,272,2.719999999999456
12,Ob12.txt,low,272,290,18,0.179999999999964
12,Ob12.txt,high,290,296,6,0.059999999999988
12,Ob12.txt,low,296,535,239,2.389999999999522
12,Ob12.txt,high,535,541,6,0.059999999999988
12,Ob12.txt,low,541,566,25,0.24999999999995
12,Ob12.txt,high,566,577,11,0.109999999999978
12,Ob12.txt,low,577,587,10,0.09999999999998
12,Ob12.txt,high,587,707,120,1.19999999999976
12,Ob12.txt,low,707,715,8,0.079999999999984
12,Ob12.txt,high,715,716,1,0.009999999999998
12,Ob12.txt,low,716,765,49,0.489999999999902
12,Ob12.txt,high,765,766,1,0.009999999999998
12,Ob12.txt,low,766,781,15,0.14999999999997
12,Ob12.txt,high,781,782,1,0.009999999999998
12,Ob12.txt,low,782,854,72,0.719999999999856
12,Ob12.txt,high,854,857,3,0.029999999999994
12,Ob12.txt,low,857,863,6,0.059999999999988
12,Ob12.txt,high,863,878,15,0.14999999999997
12,Ob12.txt,low,878,918,40,0.39999999999992
12,Ob12.txt,high,918,927,9,0.089999999999982
12,Ob12.txt,low,927,932,5,0.04999999999999
12,Ob12.txt,high,932,938,6,0.059999999999988
12,Ob12.txt,low,938,1001,63,0.629999999999874
12,Ob12.txt,high,1001,1014,13,0.129999999999974
12,Ob12.txt,low,1014,1017,3,0.029999999999994
12,Ob12.txt,high,1017,1019,2,0.019999999999996
12,Ob12.txt,low,1019,1036,17,0.169999999999966
12,Ob12.txt,high,1036,1041,5,0.04999999999999
12,Ob12.txt,low,1041,1050,9,0.089999999999982
12,Ob12.txt,high,1050,1056,6,0.059999999999988
12,Ob12.txt,low,1056,1057,1,0.009999999999998
12,Ob12.txt,high,1057,1114,57,0.569999999999886
12,Ob12.txt,low,1114,1292,178,1.779999999999644
12,Ob12.txt,high,1292,1350,58,0.579999999999884
12,Ob12.txt,low,1350,1385,35,0.34999999999993
12,Ob12.txt,high,1385,1401,16,0.159999999999968
12,Ob12.txt,low,1401,1466,65,0.64999999999987
12,Ob12.txt,high,1466,1566,100,0.9999999999998
12,Ob12.txt,low,1566,1577,11,0.109999999999978
12,Ob12.txt,high,1577,1689,112,1.119999999999776
12,Ob12.txt,low,1689,1766,77,0.769999999999846
12,Ob12.txt,high,1766,1896,130,1.29999999999974
12,Ob12.txt,low,1896,1897,1,0.009999999999998
12,Ob12.txt,high,1897,1912,15,0.14999999999997
12,Ob12.txt,low,1912,2346,434,4.339999999999132
12,Ob12.txt,high,2346,2361,15,0.14999999999997
12,Ob12.txt,low,2361,2362,1,0.009999999999998
12,Ob12.txt,high,2362,2365,3,0.029999999999994
12,Ob12.txt,low,2365,2370,5,0.04999999999999
12,Ob12.txt,high,2370,2416,46,0.459999999999908
12,Ob12.txt,low,2416,2454,38,0.379999999999924
12,Ob12.txt,high,2454,2517,63,0.629999999999874
12,Ob12.txt,low,2517,2518,1,0.009999999999998
12,Ob12.txt,high,2518,2521,3,0.029999999999994
12,Ob12.txt,low,2521,2802,281,2.809999999999438
12,Ob12.txt,high,2802,2970,168,1.679999999999664
12,Ob12.txt,low,2970,3005,35,0.34999999999993
12,Ob12.txt,high,3005,3114,109,1.089999999999782
12,Ob12.txt,low,3114,3195,81,0.809999999999838
12,Ob12.txt,high,3195,3244,49,0.489999999999902
12,Ob12.txt,low,3244,3378,134,1.339999999999732
12,Ob12.txt,high,3378,3394,16,0.159999999999968
12,Ob12.txt,low,3394,3395,1,0.009999999999998
12,Ob12.txt,high,3395,3448,53,0.529999999999894
12,Ob12.txt,low,3448,3571,123,1.229999999999754
12,Ob12.txt,high,3571,3585,14,0.139999999999972
12,Ob12.txt,low,3585,3708,123,1.229999999999754
12,Ob12.txt,high,3708,3720,12,0.119999999999976
12,Ob12.txt,low,3720,3727,7,0.069999999999986
12,Ob12.txt,high,3727,3757,30,0.29999999999994
12,Ob12.txt,low,3757,4249,492,4.919999999999016
12,Ob12.txt,high,4249,4285,36,0.359999999999928
12,Ob12.txt,low,4285,4287,2,0.019999999999996
12,Ob12.txt,high,4287,4348,61,0.609999999999878
12,Ob12.txt,low,4348,4514,166,1.659999999999668
12,Ob12.txt,high,4514,4545,31,0.309999999999938
12,Ob12.txt,low,4545,4546,1,0.009999999999998
12,Ob12.txt,high,4546,4550,4,0.039999999999992
12,Ob12.txt,low,4550,4565,15,0.14999999999997
12,Ob12.txt,high,4565,4566,1,0.009999999999998
12,Ob12.txt,low,4566,4573,7,0.069999999999986
12,Ob12.txt,high,4573,4583,10,0.09999999999998
12,Ob12.txt,low,4583,4585,2,0.019999999999996
12,Ob12.txt,high,4585,4634,49,0.489999999999902
12,Ob12.txt,low,4634,4652,18,0.179999999999964
12,Ob12.txt,high,4652,4664,12,0.119999999999976
12,Ob12.txt,low,4664,4691,27,0.269999999999946
12,Ob12.txt,high,4691,4723,32,0.319999999999936
12,Ob12.txt,low,4723,4755,32,0.319999999999936
12,Ob12.txt,high,4755,4782,27,0.269999999999946
12,Ob12.txt,low,4782,5026,244,2.439999999999512
12,Ob12.txt,high,5026,5028,2,0.019999999999996
12,Ob12.txt,low,5028,5043,15,0.14999999999997
12,Ob12.txt,high,5043,5046,3,0.029999999999994
12,Ob12.txt,low,5046,5062,16,0.159999999999968
12,Ob12.txt,high,5062,5176,114,1.139999999999772
12,Ob12.txt,low,5176,5441,265,2.64999999999947
12,Ob12.txt,high,5441,5544,103,1.029999999999794
12,Ob12.txt,low,5544,5549,5,0.04999999999999
12,Ob12.txt,high,5549,5552,3,0.029999999999994
12,Ob12.txt,low,5552,5554,2,0.019999999999996
12,Ob12.txt,high,5554,5555,1,0.009999999999998
12,Ob12.txt,low,5555,5709,154,1.539999999999692
12,Ob12.txt,high,5709,5735,26,0.259999999999948
12,Ob12.txt,low,5735,5753,18,0.179999999999964
12,Ob12.txt,high,5753,5794,41,0.409999999999918
12,Ob12.txt,low,5794,5831,37,0.369999999999926
12,Ob12.txt,high,5831,5920,89,0.889999999999822
12,Ob12.txt,low,5920,5923,3,0.029999999999994
12,Ob12.txt,high,5923,6032,109,1.089999999999782
12,Ob12.txt,low,6032,6093,61,0.609999999999878
12,Ob12.txt,high,6093,6156,63,0.629999999999874
12,Ob12.txt,low,6156,6222,66,0.659999999999868
12,Ob12.txt,high,6222,6277,55,0.54999999999989
12,Ob12.txt,low,6277,6336,59,0.589999999999882
12,Ob12.txt,high,6336,6339,3,0.029999999999994
12,Ob12.txt,low,6339,6513,174,1.739999999999652
12,Ob12.txt,high,6513,6521,8,0.079999999999984
12,Ob12.txt,low,6521,6536,15,0.14999999999997
12,Ob12.txt,high,6536,6565,29,0.289999999999942
12,Ob12.txt,low,6565,6650,85,0.84999999999983
12,Ob12.txt,high,6650,6667,17,0.169999999999966
12,Ob12.txt,low,6667,6672,5,0.04999999999999
12,Ob12.txt,high,6672,6796,124,1.239999999999752
12,Ob12.txt,low,6796,6815,19,0.189999999999962
12,Ob12.txt,high,6815,6888,73,0.729999999999854
12,Ob12.txt,low,6888,6923,35,0.34999999999993
12,Ob12.txt,high,6923,6925,2,0.019999999999996
12,Ob12.txt,low,6925,6928,3,0.029999999999994
12,Ob12.txt,high,6928,6932,4,0.039999999999992
12,Ob12.txt,low,6932,7154,222,2.219999999999556
12,Ob12.txt,high,7154,7168,14,0.139999999999972
12,Ob12.txt,low,7168,7171,3,0.029999999999994
12,Ob12.txt,high,7171,7190,19,0.189999999999962
12,Ob12.txt,low,7190,7199,9,0.089999999999982
12,Ob12.txt,high,7199,7204,5,0.04999999999999
12,Ob12.txt,low,7204,7205,1,0.009999999999998
12,Ob12.txt,high,7205,7211,6,0.059999999999988
12,Ob12.txt,low,7211,7245,34,0.339999999999932
12,Ob12.txt,high,7245,7268,23,0.229999999999954
12,Ob12.txt,low,7268,7441,173,1.729999999999654
12,Ob12.txt,high,7441,7449,8,0.079999999999984
12,Ob12.txt,low,7449,7573,124,1.239999999999752
12,Ob12.txt,high,7573,7637,64,0.639999999999872
12,Ob12.txt,low,7637,7643,6,0.059999999999988
12,Ob12.txt,high,7643,7646,3,0.029999999999994
12,Ob12.txt,low,7646,7962,316,3.159999999999368
12,Ob12.txt,high,7962,8092,130,1.29999999999974
12,Ob12.txt,low,8092,8137,45,0.44999999999991
12,Ob12.txt,high,8137,8153,16,0.159999999999968
12,Ob12.txt,low,8153,8156,3,0.029999999999994
12,Ob12.txt,high,8156,8181,25,0.24999999999995
12,Ob12.txt,low,8181,8253,72,0.719999999999856
12,Ob12.txt,high,8253,8255,2,0.019999999999996
12,Ob12.txt,low,8255,8335,80,0.79999999999984
12,Ob12.txt,high,8335,8396,61,0.609999999999878
12,Ob12.txt,low,8396,8415,19,0.189999999999962
12,Ob12.txt,high,8415,8422,7,0.069999999999986
12,Ob12.txt,low,8422,8432,10,0.09999999999998
12,Ob12.txt,high,8432,8433,1,0.009999999999998
12,Ob12.txt,low,8433,8527,94,0.939999999999812
12,Ob12.txt,high,8527,8569,42,0.419999999999916
12,Ob12.txt,low,8569,8714,145,1.44999999999971
12,Ob12.txt,high,8714,8818,104,1.039999999999792
12,Ob12.txt,low,8818,8826,8,0.079999999999984
12,Ob12.txt,high,8826,8832,6,0.059999999999988
12,Ob12.txt,low,8832,8836,4,0.039999999999992
12,Ob12.txt,high,8836,8872,36,0.359999999999928
12,Ob12.txt,low,8872,8873,1,0.009999999999998
12,Ob12.txt,high,8873,8879,6,0.059999999999988
12,Ob12.txt,low,8879,8883,4,0.039999999999992
12,Ob12.txt,high,8883,8908,25,0.24999999999995
12,Ob12.txt,low,8908,9123,215,2.14999999999957
12,Ob12.txt,high,9123,9244,121,1.209999999999758
12,Ob12.txt,low,9244,9252,8,0.079999999999984
12,Ob12.txt,high,9252,9261,9,0.089999999999982
12,Ob12.txt,low,9261,9262,1,0.009999999999998
12,Ob12.txt,high,9262,9373,111,1.109999999999778
12,Ob12.txt,low,9373,9488,115,1.14999999999977
12,Ob12.txt,high,9488,9702,214,2.139999999999572
12,Ob12.txt,low,9702,9830,128,1.279999999999744
12,Ob12.txt,high,9830,9906,76,0.759999999999848
12,Ob12.txt,low,9906,9997,91,0.909999999999818
12,Ob12.txt,high,9997,10041,44,0.439999999999912
12,Ob12.txt,low,10041,10463,422,4.219999999999156
12,Ob12.txt,high,10463,10467,4,0.039999999999992
12,Ob12.txt,low,10467,10545,78,0.779999999999844
12,Ob12.txt,high,10545,10547,2,0.019999999999996
12,Ob12.txt,low,10547,10587,40,0.39999999999992
12,Ob12.txt,high,10587,10660,73,0.729999999999854
12,Ob12.txt,low,10660,10873,213,2.129999999999574
12,Ob12.txt,high,10873,10893,20,0.19999999999996
12,Ob12.txt,low,10893,10929,36,0.359999999999928
12,Ob12.txt,high,10929,10935,6,0.059999999999988
12,Ob12.txt,low,10935,10936,1,0.009999999999998
12,Ob12.txt,high,10936,10963,27,0.269999999999946
12,Ob12.txt,low,10963,10975,12,0.119999999999976
12,Ob12.txt,high,10975,10979,4,0.039999999999992
12,Ob12.txt,low,10979,10985,6,0.059999999999988
12,Ob12.txt,high,10985,11086,101,1.009999999999798
12,Ob12.txt,low,11086,11139,53,0.529999999999894
12,Ob12.txt,high,11139,11291,152,1.519999999999696
12,Ob12.txt,low,11291,11297,6,0.059999999999988
12,Ob12.txt,high,11297,11302,5,0.04999999999999
12,Ob12.txt,low,11302,11326,24,0.239999999999952
12,Ob12.txt,high,11326,11509,183,1.829999999999634
12,Ob12.txt,low,11509,11516,7,0.069999999999986
12,Ob12.txt,high,11516,11520,4,0.039999999999992
12,Ob12.txt,low,11520,11522,2,0.019999999999996
12,Ob12.txt,high,11522,11554,32,0.319999999999936
12,Ob12.txt,low,11554,11560,6,0.059999999999988
12,Ob12.txt,high,11560,11675,115,1.14999999999977
12,Ob12.txt,low,11675,11677,2,0.019999999999996
12,Ob12.txt,high,11677,11678,1,0.009999999999998
12,Ob12.txt,low,11678,11680,2,0.019999999999996
12,Ob12.txt,high,11680,11686,6,0.059999999999988
12,Ob12.txt,low,11686,11757,71,0.709999999999858
12,Ob12.txt,high,11757,11789,32,0.319999999999936
12,Ob12.txt,low,11789,11850,61,0.609999999999878
12,Ob12.txt,high,11850,11863,13,0.129999999999974
12,Ob12.txt,low,11863,11875,12,0.119999999999976
12,Ob12.txt,high,11875,12187,312,3.119999999999376
12,Ob12.txt,low,12187,12346,159,1.5899999999996821
12,Ob12.txt,high,12346,12402,56,0.559999999999888
12,Ob12.txt,low,12402,12477,75,0.74999999999985
12,Ob12.txt,high,12477,12505,28,0.279999999999944
12,Ob12.txt,low,12505,12508,3,0.029999999999994
12,Ob12.txt,high,12508,12512,4,0.039999999999992
12,Ob12.txt,low,12512,12531,19,0.189999999999962
12,Ob12.txt,high,12531,12562,31,0.309999999999938
12,Ob12.txt,low,12562,12563,1,0.009999999999998
12,Ob12.txt,high,12563,12592,29,0.289999999999942
12,Ob12.txt,low,12592,12597,5,0.04999999999999
12,Ob12.txt,high,12597,12909,312,3.119999999999376
12,Ob12.txt,low,12909,13154,245,2.44999999999951
12,Ob12.txt,high,13154,13166,12,0.119999999999976
12,Ob12.txt,low,13166,13242,76,0.759999999999848
12,Ob12.txt,high,13242,13291,49,0.489999999999902
12,Ob12.txt,low,13291,13295,4,0.039999999999992
12,Ob12.txt,high,13295,13296,1,0.009999999999998
12,Ob12.txt,low,13296,13304,8,0.079999999999984
12,Ob12.txt,high,13304,13396,92,0.919999999999816
12,Ob12.txt,low,13396,13397,1,0.009999999999998
12,Ob12.txt,high,13397,13407,10,0.09999999999998
12,Ob12.txt,low,13407,13412,5,0.04999999999999
12,Ob12.txt,high,13412,13433,21,0.209999999999958
12,Ob12.txt,low,13433,13448,15,0.14999999999997
12,Ob12.txt,high,13448,13457,9,0.089999999999982
12,Ob12.txt,low,13457,13546,89,0.889999999999822
12,Ob12.txt,high,13546,13552,6,0.059999999999988
12,Ob12.txt,low,13552,13648,96,0.959999999999808
12,Ob12.txt,high,13648,13650,2,0.019999999999996
12,Ob12.txt,low,13650,13676,26,0.259999999999948
12,Ob12.txt,high,13676,13677,1,0.009999999999998
12,Ob12.txt,low,13677,13687,10,0.09999999999998
12,Ob12.txt,high,13687,13760,73,0.729999999999854
12,Ob12.txt,low,13760,13763,3,0.029999999999994
12,Ob12.txt,high,13763,13764,1,0.009999999999998
12,Ob12.txt,low,13764,13770,6,0.059999999999988
12,Ob12.txt,high,13770,13771,1,0.009999999999998
12,Ob12.txt,low,13771,13866,95,0.94999999999981
12,Ob12.txt,high,13866,13867,1,0.009999999999998
12,Ob12.txt,low,13867,13928,61,0.609999999999878
12,Ob12.txt,high,13928,13968,40,0.39999999999992
12,Ob12.txt,low,13968,14011,43,0.429999999999914
12,Ob12.txt,high,14011,14019,8,0.079999999999984
12,Ob12.txt,low,14019,14021,2,0.019999999999996
12,Ob12.txt,high,14021,14161,140,1.39999999999972
12,Ob12.txt,low,14161,14223,62,0.619999999999876
12,Ob12.txt,high,14223,14331,108,1.079999999999784
12,Ob12.txt,low,14331,14602,271,2.709999999999458
12,Ob12.txt,high,14602,14615,13,0.129999999999974
12,Ob12.txt,low,14615,14825,210,2.09999999999958
12,Ob12.txt,high,14825,14828,3,0.029999999999994
12,Ob12.txt,low,14828,14833,5,0.04999999999999
12,Ob12.txt,high,14833,14836,3,0.029999999999994
12,Ob12.txt,low,14836,14840,4,0.039999999999992
12,Ob12.txt,high,14840,15016,176,1.759999999999648
12,Ob12.txt,low,15016,15052,36,0.359999999999928
12,Ob12.txt,high,15052,15093,41,0.409999999999918
12,Ob12.txt,low,15093,15095,2,0.019999999999996
12,Ob12.txt,high,15095,15097,2,0.019999999999996
12,Ob12.txt,low,15097,15134,37,0.369999999999926
12,Ob12.txt,high,15134,15270,136,1.359999999999728
12,Ob12.txt,low,15270,15337,67,0.669999999999866
12,Ob12.txt,high,15337,15341,4,0.039999999999992
12,Ob12.txt,low,15341,15347,6,0.059999999999988
12,Ob12.txt,high,15347,15361,14,0.139999999999972
12,Ob12.txt,low,15361,15416,55,0.54999999999989
12,Ob12.txt,high,15416,15501,85,0.84999999999983
12,Ob12.txt,low,15501,15542,41,0.409999999999918
12,Ob12.txt,high,15542,15761,219,2.189999999999562
12,Ob12.txt,low,15761,15786,25,0.24999999999995
12,Ob12.txt,high,15786,15787,1,0.009999999999998
12,Ob12.txt,low,15787,15799,12,0.119999999999976
12,Ob12.txt,high,15799,15804,5,0.04999999999999
12,Ob12.txt,low,15804,15945,141,1.409999999999718
12,Ob12.txt,high,15945,16209,264,2.639999999999472
12,Ob12.txt,low,16209,16217,8,0.079999999999984
12,Ob12.txt,high,16217,16223,6,0.059999999999988
12,Ob12.txt,low,16223,16237,14,0.139999999999972
12,Ob12.txt,high,16237,16240,3,0.029999999999994
12,Ob12.txt,low,16240,16245,5,0.04999999999999
12,Ob12.txt,high,16245,16336,91,0.909999999999818
12,Ob12.txt,low,16336,16362,26,0.259999999999948
12,Ob12.txt,high,16362,16729,367,3.669999999999266
12,Ob12.txt,low,16729,16746,17,0.169999999999966
12,Ob12.txt,high,16746,16916,170,1.69999999999966
12,Ob12.txt,low,16916,16932,16,0.159999999999968
12,Ob12.txt,high,16932,17177,245,2.44999999999951
12,Ob12.txt,low,17177,17183,6,0.059999999999988
12,Ob12.txt,high,17183,17208,25,0.24999999999995
12,Ob12.txt,low,17208,17294,86,0.859999999999828
12,Ob12.txt,high,17294,17439,145,1.44999999999971
12,Ob12.txt,low,17439,17478,39,0.389999999999922
12,Ob12.txt,high,17478,17484,6,0.059999999999988
12,Ob12.txt,low,17484,17485,1,0.009999999999998
12,Ob12.txt,high,17485,17629,144,1.439999999999712
12,Ob12.txt,low,17629,17645,16,0.159999999999968
12,Ob12.txt,high,17645,17839,194,1.939999999999612
12,Ob12.txt,low,17839,17855,16,0.159999999999968
12,Ob12.txt,high,17855,17859,4,0.039999999999992
12,Ob12.txt,low,17859,17921,62,0.619999999999876
12,Ob12.txt,high,17921,17936,15,0.14999999999997
12,Ob12.txt,low,17936,17962,26,0.259999999999948
12,Ob12.txt,high,17962,17980,18,0.179999999999964
12,Ob12.txt,low,17980,18048,68,0.679999999999864
12,Ob12.txt,high,18048,18074,26,0.259999999999948
12,Ob12.txt,low,18074,18075,1,0.009999999999998
12,Ob12.txt,high,18075,18134,59,0.589999999999882
12,Ob12.txt,low,18134,18204,70,0.69999999999986
12,Ob12.txt,high,18204,18216,12,0.119999999999976
12,Ob12.txt,low,18216,18219,3,0.029999999999994
12,Ob12.txt,high,18219,18222,3,0.029999999999994
12,Ob12.txt,low,18222,18251,29,0.289999999999942
12,Ob12.txt,high,18251,18258,7,0.069999999999986
12,Ob12.txt,low,18258,18272,14,0.139999999999972
12,Ob12.txt,high,18272,18277,5,0.04999999999999
12,Ob12.txt,low,18277,18279,2,0.019999999999996
12,Ob12.txt,high,18279,18441,162,1.619999999999676
12,Ob12.txt,low,18441,18446,5,0.04999999999999
12,Ob12.txt,high,18446,18478,32,0.319999999999936
12,Ob12.txt,low,18478,18528,50,0.4999999999999
12,Ob12.txt,high,18528,18597,69,0.6899999999998621
12,Ob12.txt,low,18597,18598,1,0.009999999999998
12,Ob12.txt,high,18598,18637,39,0.389999999999922
12,Ob12.txt,low,18637,18641,4,0.039999999999992
12,Ob12.txt,high,18641,18926,285,2.84999999999943
12,Ob12.txt,low,18926,18933,7,0.069999999999986
12,Ob12.txt,high,18933,18934,1,0.009999999999998
12,Ob12.txt,low,18934,18936,2,0.019999999999996
12,Ob12.txt,high,18936,19016,80,0.79999999999984
12,Ob12.txt,low,19016,19021,5,0.04999999999999
12,Ob12.txt,high,19021,19240,219,2.189999999999562
12,Ob12.txt,low,19240,19254,14,0.139999999999972
12,Ob12.txt,high,19254,19258,4,0.039999999999992
12,Ob12.txt,low,19258,19315,57,0.569999999999886
12,Ob12.txt,high,19315,19317,2,0.019999999999996
12,Ob12.txt,low,19317,19323,6,0.059999999999988
12,Ob12.txt,high,19323,19324,1,0.009999999999998
12,Ob12.txt,low,19324,19337,13,0.129999999999974
12,Ob12.txt,high,19337,19498,161,1.609999999999678
12,Ob12.txt,low,19498,19517,19,0.189999999999962
12,Ob12.txt,high,19517,19635,118,1.179999999999764
12,Ob12.txt,low,19635,19643,8,0.079999999999984
12,Ob12.txt,high,19643,19651,8,0.079999999999984
12,Ob12.txt,low,19651,19657,6,0.059999999999988
12,Ob12.txt,high,19657,19864,207,2.069999999999586
12,Ob12.txt,low,19864,19967,103,1.029999999999794
12,Ob12.txt,high,19967,19971,4,0.039999999999992
12,Ob12.txt,low,19971,19980,9,0.089999999999982
12,Ob12.txt,high,19980,19989,9,0.089999999999982
13,Ob13.txt,low,0,84,84,0.839999999999832
13,Ob13.txt,high,84,95,11,0.109999999999978
13,Ob13.txt,low,95,327,232,2.319999999999536
13,Ob13.txt,high,327,339,12,0.119999999999976
13,Ob13.txt,low,339,347,8,0.079999999999984
13,Ob13.txt,high,347,352,5,0.04999999999999
13,Ob13.txt,low,352,673,321,3.209999999999358
13,Ob13.txt,high,673,729,56,0.559999999999888
13,Ob13.txt,low,729,783,54,0.539999999999892
13,Ob13.txt,high,783,790,7,0.069999999999986
13,Ob13.txt,low,790,794,4,0.039999999999992
13,Ob13.txt,high,794,838,44,0.439999999999912
13,Ob13.txt,low,838,859,21,0.209999999999958
13,Ob13.txt,high,859,918,59,0.589999999999882
13,Ob13.txt,low,918,935,17,0.169999999999966
13,Ob13.txt,high,935,978,43,0.429999999999914
13,Ob13.txt,low,978,980,2,0.019999999999996
13,Ob13.txt,high,980,1031,51,0.509999999999898
13,Ob13.txt,low,1031,1076,45,0.44999999999991
13,Ob13.txt,high,1076,1150,74,0.739999999999852
13,Ob13.txt,low,1150,1166,16,0.159999999999968
13,Ob13.txt,high,1166,1212,46,0.459999999999908
13,Ob13.txt,low,1212,1253,41,0.409999999999918
13,Ob13.txt,high,1253,1299,46,0.459999999999908
13,Ob13.txt,low,1299,1303,4,0.039999999999992
13,Ob13.txt,high,1303,1304,1,0.009999999999998
13,Ob13.txt,low,1304,1449,145,1.44999999999971
13,Ob13.txt,high,1449,1657,208,2.079999999999584
13,Ob13.txt,low,1657,1668,11,0.109999999999978
13,Ob13.txt,high,1668,1724,56,0.559999999999888
13,Ob13.txt,low,1724,1726,2,0.019999999999996
13,Ob13.txt,high,1726,1803,77,0.769999999999846
13,Ob13.txt,low,1803,1839,36,0.359999999999928
13,Ob13.txt,high,1839,1841,2,0.019999999999996
13,Ob13.txt,low,1841,1898,57,0.569999999999886
13,Ob13.txt,high,1898,1912,14,0.139999999999972
13,Ob13.txt,low,1912,1914,2,0.019999999999996
13,Ob13.txt,high,1914,2136,222,2.219999999999556
13,Ob13.txt,low,2136,2139,3,0.029999999999994
13,Ob13.txt,high,2139,2144,5,0.04999999999999
13,Ob13.txt,low,2144,2227,83,0.829999999999834
13,Ob13.txt,high,2227,2234,7,0.069999999999986
13,Ob13.txt,low,2234,2235,1,0.009999999999998
13,Ob13.txt,high,2235,2245,10,0.09999999999998
13,Ob13.txt,low,2245,2349,104,1.039999999999792
13,Ob13.txt,high,2349,2354,5,0.04999999999999
13,Ob13.txt,low,2354,2669,315,3.14999999999937
13,Ob13.txt,high,2669,2681,12,0.119999999999976
13,Ob13.txt,low,2681,2689,8,0.079999999999984
13,Ob13.txt,high,2689,2716,27,0.269999999999946
13,Ob13.txt,low,2716,2749,33,0.329999999999934
13,Ob13.txt,high,2749,2761,12,0.119999999999976
13,Ob13.txt,low,2761,2765,4,0.039999999999992
13,Ob13.txt,high,2765,3196,431,4.309999999999138
13,Ob13.txt,low,3196,3218,22,0.219999999999956
13,Ob13.txt,high,3218,3335,117,1.1699999999997661
13,Ob13.txt,low,3335,3344,9,0.089999999999982
13,Ob13.txt,high,3344,3395,51,0.509999999999898
13,Ob13.txt,low,3395,3439,44,0.439999999999912
13,Ob13.txt,high,3439,3478,39,0.389999999999922
13,Ob13.txt,low,3478,3481,3,0.029999999999994
13,Ob13.txt,high,3481,3499,18,0.179999999999964
13,Ob13.txt,low,3499,3505,6,0.059999999999988
13,Ob13.txt,high,3505,3602,97,0.969999999999806
13,Ob13.txt,low,3602,3668,66,0.659999999999868
13,Ob13.txt,high,3668,4153,485,4.84999999999903
13,Ob13.txt,low,4153,4156,3,0.029999999999994
13,Ob13.txt,high,4156,4157,1,0.009999999999998
13,Ob13.txt,low,4157,4179,22,0.219999999999956
13,Ob13.txt,high,4179,4259,80,0.79999999999984
13,Ob13.txt,low,4259,4261,2,0.019999999999996
13,Ob13.txt,high,4261,4364,103,1.029999999999794
13,Ob13.txt,low,4364,4404,40,0.39999999999992
13,Ob13.txt,high,4404,4413,9,0.089999999999982
13,Ob13.txt,low,4413,4414,1,0.009999999999998
13,Ob13.txt,high,4414,4457,43,0.429999999999914
13,Ob13.txt,low,4457,4501,44,0.439999999999912
13,Ob13.txt,high,4501,4503,2,0.019999999999996
13,Ob13.txt,low,4503,4525,22,0.219999999999956
13,Ob13.txt,high,4525,4643,118,1.179999999999764
13,Ob13.txt,low,4643,4646,3,0.029999999999994
13,Ob13.txt,high,4646,4718,72,0.719999999999856
13,Ob13.txt,low,4718,4726,8,0.079999999999984
13,Ob13.txt,high,4726,4761,35,0.34999999999993
13,Ob13.txt,low,4761,4804,43,0.429999999999914
13,Ob13.txt,high,4804,4810,6,0.059999999999988
13,Ob13.txt,low,4810,4815,5,0.04999999999999
13,Ob13.txt,high,4815,5164,349,3.489999999999302
13,Ob13.txt,low,5164,5199,35,0.34999999999993
13,Ob13.txt,high,5199,5336,137,1.369999999999726
13,Ob13.txt,low,5336,5338,2,0.019999999999996
13,Ob13.txt,high,5338,5365,27,0.269999999999946
13,Ob13.txt,low,5365,5404,39,0.389999999999922
13,Ob13.txt,high,5404,5732,328,3.279999999999344
13,Ob13.txt,low,5732,5735,3,0.029999999999994
13,Ob13.txt,high,5735,5739,4,0.039999999999992
13,Ob13.txt,low,5739,5783,44,0.439999999999912
13,Ob13.txt,high,5783,5791,8,0.079999999999984
13,Ob13.txt,low,5791,5884,93,0.929999999999814
13,Ob13.txt,high,5884,5901,17,0.169999999999966
13,Ob13.txt,low,5901,5955,54,0.539999999999892
13,Ob13.txt,high,5955,6015,60,0.59999999999988
13,Ob13.txt,low,6015,6041,26,0.259999999999948
13,Ob13.txt,high,6041,6206,165,1.64999999999967
13,Ob13.txt,low,6206,6346,140,1.39999999999972
13,Ob13.txt,high,6346,6420,74,0.739999999999852
13,Ob13.txt,low,6420,6433,13,0.129999999999974
13,Ob13.txt,high,6433,6440,7,0.069999999999986
13,Ob13.txt,low,6440,6445,5,0.04999999999999
13,Ob13.txt,high,6445,6487,42,0.419999999999916
13,Ob13.txt,low,6487,6560,73,0.729999999999854
13,Ob13.txt,high,6560,6575,15,0.14999999999997
13,Ob13.txt,low,6575,6579,4,0.039999999999992
13,Ob13.txt,high,6579,6611,32,0.319999999999936
13,Ob13.txt,low,6611,6716,105,1.04999999999979
13,Ob13.txt,high,6716,6838,122,1.219999999999756
13,Ob13.txt,low,6838,7076,238,2.379999999999524
13,Ob13.txt,high,7076,7127,51,0.509999999999898
13,Ob13.txt,low,7127,7133,6,0.059999999999988
13,Ob13.txt,high,7133,7173,40,0.39999999999992
13,Ob13.txt,low,7173,7198,25,0.24999999999995
13,Ob13.txt,high,7198,7206,8,0.079999999999984
13,Ob13.txt,low,7206,7253,47,0.469999999999906
13,Ob13.txt,high,7253,7314,61,0.609999999999878
13,Ob13.txt,low,7314,7336,22,0.219999999999956
13,Ob13.txt,high,7336,7344,8,0.079999999999984
13,Ob13.txt,low,7344,7451,107,1.069999999999786
13,Ob13.txt,high,7451,7558,107,1.069999999999786
13,Ob13.txt,low,7558,7560,2,0.019999999999996
13,Ob13.txt,high,7560,7857,297,2.969999999999406
13,Ob13.txt,low,7857,7876,19,0.189999999999962
13,Ob13.txt,high,7876,7885,9,0.089999999999982
13,Ob13.txt,low,7885,7888,3,0.029999999999994
13,Ob13.txt,high,7888,7992,104,1.039999999999792
13,Ob13.txt,low,7992,7995,3,0.029999999999994
13,Ob13.txt,high,7995,8006,11,0.109999999999978
13,Ob13.txt,low,8006,8080,74,0.739999999999852
13,Ob13.txt,high,8080,8083,3,0.029999999999994
13,Ob13.txt,low,8083,8101,18,0.179999999999964
13,Ob13.txt,high,8101,8107,6,0.059999999999988
13,Ob13.txt,low,8107,8127,20,0.19999999999996
13,Ob13.txt,high,8127,8173,46,0.459999999999908
13,Ob13.txt,low,8173,8343,170,1.69999999999966
13,Ob13.txt,high,8343,8413,70,0.69999999999986
13,Ob13.txt,low,8413,8443,30,0.29999999999994
13,Ob13.txt,high,8443,8461,18,0.179999999999964
13,Ob13.txt,low,8461,8542,81,0.809999999999838
13,Ob13.txt,high,8542,8735,193,1.929999999999614
13,Ob13.txt,low,8735,8737,2,0.019999999999996
13,Ob13.txt,high,8737,8742,5,0.04999999999999
13,Ob13.txt,low,8742,8743,1,0.009999999999998
13,Ob13.txt,high,8743,8744,1,0.009999999999998
13,Ob13.txt,low,8744,8839,95,0.94999999999981
13,Ob13.txt,high,8839,8912,73,0.729999999999854
13,Ob13.txt,low,8912,8990,78,0.779999999999844
13,Ob13.txt,high,8990,8991,1,0.009999999999998
13,Ob13.txt,low,8991,9060,69,0.6899999999998621
13,Ob13.txt,high,9060,9086,26,0.259999999999948
13,Ob13.txt,low,9086,9113,27,0.269999999999946
13,Ob13.txt,high,9113,9194,81,0.809999999999838
13,Ob13.txt,low,9194,9308,114,1.139999999999772
13,Ob13.txt,high,9308,9346,38,0.379999999999924
13,Ob13.txt,low,9346,9357,11,0.109999999999978
13,Ob13.txt,high,9357,9454,97,0.969999999999806
13,Ob13.txt,low,9454,9458,4,0.039999999999992
13,Ob13.txt,high,9458,9459,1,0.009999999999998
13,Ob13.txt,low,9459,9555,96,0.959999999999808
13,Ob13.txt,high,9555,9852,297,2.969999999999406
13,Ob13.txt,low,9852,9858,6,0.059999999999988
13,Ob13.txt,high,9858,9866,8,0.079999999999984
13,Ob13.txt,low,9866,9875,9,0.089999999999982
13,Ob13.txt,high,9875,9912,37,0.369999999999926
13,Ob13.txt,low,9912,9923,11,0.109999999999978
13,Ob13.txt,high,9923,9929,6,0.059999999999988
13,Ob13.txt,low,9929,10081,152,1.519999999999696
13,Ob13.txt,high,10081,10155,74,0.739999999999852
13,Ob13.txt,low,10155,10163,8,0.079999999999984
13,Ob13.txt,high,10163,10171,8,0.079999999999984
13,Ob13.txt,low,10171,10177,6,0.059999999999988
13,Ob13.txt,high,10177,10180,3,0.029999999999994
13,Ob13.txt,low,10180,10283,103,1.029999999999794
13,Ob13.txt,high,10283,10298,15,0.14999999999997
13,Ob13.txt,low,10298,10308,10,0.09999999999998
13,Ob13.txt,high,10308,10443,135,1.34999999999973
13,Ob13.txt,low,10443,10459,16,0.159999999999968
13,Ob13.txt,high,10459,10686,227,2.269999999999546
13,Ob13.txt,low,10686,10718,32,0.319999999999936
13,Ob13.txt,high,10718,10731,13,0.129999999999974
13,Ob13.txt,low,10731,10753,22,0.219999999999956
13,Ob13.txt,high,10753,10850,97,0.969999999999806
13,Ob13.txt,low,10850,10853,3,0.029999999999994
13,Ob13.txt,high,10853,10871,18,0.179999999999964
13,Ob13.txt,low,10871,10886,15,0.14999999999997
13,Ob13.txt,high,10886,10895,9,0.089999999999982
13,Ob13.txt,low,10895,10898,3,0.029999999999994
13,Ob13.txt,high,10898,11267,369,3.689999999999262
13,Ob13.txt,low,11267,11292,25,0.24999999999995
13,Ob13.txt,high,11292,11503,211,2.109999999999578
13,Ob13.txt,low,11503,11505,2,0.019999999999996
13,Ob13.txt,high,11505,11543,38,0.379999999999924
13,Ob13.txt,low,11543,11560,17,0.169999999999966
13,Ob13.txt,high,11560,11562,2,0.019999999999996
13,Ob13.txt,low,11562,11564,2,0.019999999999996
13,Ob13.txt,high,11564,11627,63,0.629999999999874
13,Ob13.txt,low,11627,11758,131,1.309999999999738
13,Ob13.txt,high,11758,11774,16,0.159999999999968
13,Ob13.txt,low,11774,11778,4,0.039999999999992
13,Ob13.txt,high,11778,11867,89,0.889999999999822
13,Ob13.txt,low,11867,11919,52,0.519999999999896
13,Ob13.txt,high,11919,11962,43,0.429999999999914
13,Ob13.txt,low,11962,11964,2,0.019999999999996
13,Ob13.txt,high,11964,11973,9,0.089999999999982
13,Ob13.txt,low,11973,11977,4,0.039999999999992
13,Ob13.txt,high,11977,11979,2,0.019999999999996
13,Ob13.txt,low,11979,12172,193,1.929999999999614
13,Ob13.txt,high,12172,12179,7,0.069999999999986
13,Ob13.txt,low,12179,12181,2,0.019999999999996
13,Ob13.txt,high,12181,12205,24,0.239999999999952
13,Ob13.txt,low,12205,12294,89,0.889999999999822
13,Ob13.txt,high,12294,12382,88,0.879999999999824
13,Ob13.txt,low,12382,12400,18,0.179999999999964
13,Ob13.txt,high,12400,12435,35,0.34999999999993
13,Ob13.txt,low,12435,12476,41,0.409999999999918
13,Ob13.txt,high,12476,12501,25,0.24999999999995
13,Ob13.txt,low,12501,12516,15,0.14999999999997
13,Ob13.txt,high,12516,12551,35,0.34999999999993
13,Ob13.txt,low,12551,12568,17,0.169999999999966
13,Ob13.txt,high,12568,12569,1,0.009999999999998
13,Ob13.txt,low,12569,12602,33,0.329999999999934
13,Ob13.txt,high,12602,12611,9,0.089999999999982
13,Ob13.txt,low,12611,12613,2,0.019999999999996
13,Ob13.txt,high,12613,12755,142,1.419999999999716
13,Ob13.txt,low,12755,12764,9,0.089999999999982
13,Ob13.txt,high,12764,12765,1,0.009999999999998
13,Ob13.txt,low,12765,12766,1,0.009999999999998
13,Ob13.txt,high,12766,12767,1,0.009999999999998
13,Ob13.txt,low,12767,13345,578,5.779999999998844
13,Ob13.txt,high,13345,13376,31,0.309999999999938
13,Ob13.txt,low,13376,13388,12,0.119999999999976
13,Ob13.txt,high,13388,13406,18,0.179999999999964
13,Ob13.txt,low,13406,13435,29,0.289999999999942
13,Ob13.txt,high,13435,13515,80,0.79999999999984
13,Ob13.txt,low,13515,13529,14,0.139999999999972
13,Ob13.txt,high,13529,13541,12,0.119999999999976
13,Ob13.txt,low,13541,13548,7,0.069999999999986
13,Ob13.txt,high,13548,13559,11,0.109999999999978
13,Ob13.txt,low,13559,13580,21,0.209999999999958
13,Ob13.txt,high,13580,13582,2,0.019999999999996
13,Ob13.txt,low,13582,13590,8,0.079999999999984
13,Ob13.txt,high,13590,13591,1,0.009999999999998
13,Ob13.txt,low,13591,13807,216,2.159999999999568
13,Ob13.txt,high,13807,13862,55,0.54999999999989
13,Ob13.txt,low,13862,14145,283,2.829999999999434
13,Ob13.txt,high,14145,14194,49,0.489999999999902
13,Ob13.txt,low,14194,14403,209,2.089999999999582
13,Ob13.txt,high,14403,14410,7,0.069999999999986
13,Ob13.txt,low,14410,14415,5,0.04999999999999
13,Ob13.txt,high,14415,14441,26,0.259999999999948
13,Ob13.txt,low,14441,14513,72,0.719999999999856
13,Ob13.txt,high,14513,14520,7,0.069999999999986
13,Ob13.txt,low,14520,14694,174,1.739999999999652
13,Ob13.txt,high,14694,14697,3,0.029999999999994
13,Ob13.txt,low,14697,14701,4,0.039999999999992
13,Ob13.txt,high,14701,14719,18,0.179999999999964
13,Ob13.txt,low,14719,14724,5,0.04999999999999
13,Ob13.txt,high,14724,14729,5,0.04999999999999
13,Ob13.txt,low,14729,14768,39,0.389999999999922
13,Ob13.txt,high,14768,14776,8,0.079999999999984
13,Ob13.txt,low,14776,14992,216,2.159999999999568
13,Ob13.txt,high,14992,15023,31,0.309999999999938
13,Ob13.txt,low,15023,15142,119,1.189999999999762
13,Ob13.txt,high,15142,15247,105,1.04999999999979
13,Ob13.txt,low,15247,15275,28,0.279999999999944
13,Ob13.txt,high,15275,15297,22,0.219999999999956
13,Ob13.txt,low,15297,15316,19,0.189999999999962
13,Ob13.txt,high,15316,15329,13,0.129999999999974
13,Ob13.txt,low,15329,15445,116,1.159999999999768
13,Ob13.txt,high,15445,15449,4,0.039999999999992
13,Ob13.txt,low,15449,15474,25,0.24999999999995
13,Ob13.txt,high,15474,15565,91,0.909999999999818
13,Ob13.txt,low,15565,15681,116,1.159999999999768
13,Ob13.txt,high,15681,15700,19,0.189999999999962
13,Ob13.txt,low,15700,15703,3,0.029999999999994
13,Ob13.txt,high,15703,15706,3,0.029999999999994
13,Ob13.txt,low,15706,15723,17,0.169999999999966
13,Ob13.txt,high,15723,15727,4,0.039999999999992
13,Ob13.txt,low,15727,15881,154,1.539999999999692
13,Ob13.txt,high,15881,15980,99,0.989999999999802
13,Ob13.txt,low,15980,16096,116,1.159999999999768
13,Ob13.txt,high,16096,16126,30,0.29999999999994
13,Ob13.txt,low,16126,16239,113,1.129999999999774
13,Ob13.txt,high,16239,16317,78,0.779999999999844
13,Ob13.txt,low,16317,16576,259,2.589999999999482
13,Ob13.txt,high,16576,16599,23,0.229999999999954
13,Ob13.txt,low,16599,16611,12,0.119999999999976
13,Ob13.txt,high,16611,16661,50,0.4999999999999
13,Ob13.txt,low,16661,16693,32,0.319999999999936
13,Ob13.txt,high,16693,16716,23,0.229999999999954
13,Ob13.txt,low,16716,16778,62,0.619999999999876
13,Ob13.txt,high,16778,16781,3,0.029999999999994
13,Ob13.txt,low,16781,16784,3,0.029999999999994
13,Ob13.txt,high,16784,16866,82,0.819999999999836
13,Ob13.txt,low,16866,16869,3,0.029999999999994
13,Ob13.txt,high,16869,16873,4,0.039999999999992
13,Ob13.txt,low,16873,16909,36,0.359999999999928
13,Ob13.txt,high,16909,16917,8,0.079999999999984
13,Ob13.txt,low,16917,16929,12,0.119999999999976
13,Ob13.txt,high,16929,16935,6,0.059999999999988
13,Ob13.txt,low,16935,17118,183,1.829999999999634
13,Ob13.txt,high,17118,17151,33,0.329999999999934
13,Ob13.txt,low,17151,17179,28,0.279999999999944
13,Ob13.txt,high,17179,17187,8,0.079999999999984
13,Ob13.txt,low,17187,17190,3,0.029999999999994
13,Ob13.txt,high,17190,17206,16,0.159999999999968
13,Ob13.txt,low,17206,17351,145,1.44999999999971
13,Ob13.txt,high,17351,17435,84,0.839999999999832
13,Ob13.txt,low,17435,17549,114,1.139999999999772
13,Ob13.txt,high,17549,17559,10,0.09999999999998
13,Ob13.txt,low,17559,17651,92,0.919999999999816
13,Ob13.txt,high,17651,17827,176,1.759999999999648
13,Ob13.txt,low,17827,17879,52,0.519999999999896
13,Ob13.txt,high,17879,17893,14,0.139999999999972
13,Ob13.txt,low,17893,17898,5,0.04999999999999
13,Ob13.txt,high,17898,18068,170,1.69999999999966
13,Ob13.txt,low,18068,18325,257,2.569999999999486
13,Ob13.txt,high,18325,18345,20,0.19999999999996
13,Ob13.txt,low,18345,18358,13,0.129999999999974
13,Ob13.txt,high,18358,18388,30,0.29999999999994
13,Ob13.txt,low,18388,18390,2,0.019999999999996
13,Ob13.txt,high,18390,18392,2,0.019999999999996
13,Ob13.txt,low,18392,18495,103,1.029999999999794
13,Ob13.txt,high,18495,18503,8,0.079999999999984
13,Ob13.txt,low,18503,18505,2,0.019999999999996
13,Ob13.txt,high,18505,18510,5,0.04999999999999
13,Ob13.txt,low,18510,18638,128,1.279999999999744
13,Ob13.txt,high,18638,18676,38,0.379999999999924
13,Ob13.txt,low,18676,18688,12,0.119999999999976
13,Ob13.txt,high,18688,18727,39,0.389999999999922
13,Ob13.txt,low,18727,18752,25,0.24999999999995
13,Ob13.txt,high,18752,18767,15,0.14999999999997
13,Ob13.txt,low,18767,18841,74,0.739999999999852
13,Ob13.txt,high,18841,18972,131,1.309999999999738
13,Ob13.txt,low,18972,19017,45,0.44999999999991
13,Ob13.txt,high,19017,19023,6,0.059999999999988
13,Ob13.txt,low,19023,19092,69,0.6899999999998621
13,Ob13.txt,high,19092,19098,6,0.059999999999988
13,Ob13.txt,low,19098,19101,3,0.029999999999994
13,Ob13.txt,high,19101,19301,200,1.9999999999996
13,Ob13.txt,low,19301,19522,221,2.209999999999558
13,Ob13.txt,high,19522,19684,162,1.619999999999676
13,Ob13.txt,low,19684,19690,6,0.059999999999988
13,Ob13.txt,high,19690,19702,12,0.119999999999976
13,Ob13.txt,low,19702,19720,18,0.179999999999964
13,Ob13.txt,high,19720,19734,14,0.139999999999972
13,Ob13.txt,low,19734,19933,199,1.989999999999602
13,Ob13.txt,high,19933,19980,47,0.469999999999906
13,Ob13.txt,low,19980,19989,9,0.089999999999982
14,Ob14.txt,high,0,180,180,1.79999999999964
14,Ob14.txt,low,180,182,2,0.019999999999996
14,Ob14.txt,high,182,192,10,0.09999999999998
14,Ob14.txt,low,192,196,4,0.039999999999992
14,Ob14.txt,high,196,197,1,0.009999999999998
14,Ob14.txt,low,197,199,2,0.019999999999996
14,Ob14.txt,high,199,231,32,0.319999999999936
14,Ob14.txt,low,231,234,3,0.029999999999994
14,Ob14.txt,high,234,251,17,0.169999999999966
14,Ob14.txt,low,251,263,12,0.119999999999976
14,Ob14.txt,high,263,267,4,0.039999999999992
14,Ob14.txt,low,267,298,31,0.309999999999938
14,Ob14.txt,high,298,308,10,0.09999999999998
14,Ob14.txt,low,308,309,1,0.009999999999998
14,Ob14.txt,high,309,312,3,0.029999999999994
14,Ob14.txt,low,312,331,19,0.189999999999962
14,Ob14.txt,high,331,557,226,2.259999999999548
14,Ob14.txt,low,557,566,9,0.089999999999982
14,Ob14.txt,high,566,676,110,1.09999999999978
14,Ob14.txt,low,676,688,12,0.119999999999976
14,Ob14.txt,high,688,691,3,0.029999999999994
14,Ob14.txt,low,691,763,72,0.719999999999856
14,Ob14.txt,high,763,781,18,0.179999999999964
14,Ob14.txt,low,781,784,3,0.029999999999994
14,Ob14.txt,high,784,1058,274,2.739999999999452
14,Ob14.txt,low,1058,1080,22,0.219999999999956
14,Ob14.txt,high,1080,1082,2,0.019999999999996
14,Ob14.txt,low,1082,1115,33,0.329999999999934
14,Ob14.txt,high,1115,1119,4,0.039999999999992
14,Ob14.txt,low,1119,1120,1,0.009999999999998
14,Ob14.txt,high,1120,1124,4,0.039999999999992
14,Ob14.txt,low,1124,1132,8,0.079999999999984
14,Ob14.txt,high,1132,1349,217,2.169999999999566
14,Ob14.txt,low,1349,1353,4,0.039999999999992
14,Ob14.txt,high,1353,1355,2,0.019999999999996
14,Ob14.txt,low,1355,1362,7,0.069999999999986
14,Ob14.txt,high,1362,1372,10,0.09999999999998
14,Ob14.txt,low,1372,1459,87,0.869999999999826
14,Ob14.txt,high,1459,1472,13,0.129999999999974
14,Ob14.txt,low,1472,1519,47,0.469999999999906
14,Ob14.txt,high,1519,1552,33,0.329999999999934
14,Ob14.txt,low,1552,1555,3,0.029999999999994
14,Ob14.txt,high,1555,1574,19,0.189999999999962
14,Ob14.txt,low,1574,1577,3,0.029999999999994
14,Ob14.txt,high,1577,1583,6,0.059999999999988
14,Ob14.txt,low,1583,1622,39,0.389999999999922
14,Ob14.txt,high,1622,1702,80,0.79999999999984
14,Ob14.txt,low,1702,1779,77,0.769999999999846
14,Ob14.txt,high,1779,1805,26,0.259999999999948
14,Ob14.txt,low,1805,1836,31,0.309999999999938
14,Ob14.txt,high,1836,1847,11,0.109999999999978
14,Ob14.txt,low,1847,1892,45,0.44999999999991
14,Ob14.txt,high,1892,1894,2,0.019999999999996
14,Ob14.txt,low,1894,1915,21,0.209999999999958
14,Ob14.txt,high,1915,2184,269,2.689999999999462
14,Ob14.txt,low,2184,2190,6,0.059999999999988
14,Ob14.txt,high,2190,2205,15,0.14999999999997
14,Ob14.txt,low,2205,2207,2,0.019999999999996
14,Ob14.txt,high,2207,2295,88,0.879999999999824
14,Ob14.txt,low,2295,2296,1,0.009999999999998
14,Ob14.txt,high,2296,2322,26,0.259999999999948
14,Ob14.txt,low,2322,2323,1,0.009999999999998
14,Ob14.txt,high,2323,2343,20,0.19999999999996
14,Ob14.txt,low,2343,2345,2,0.019999999999996
14,Ob14.txt,high,2345,2423,78,0.779999999999844
14,Ob14.txt,low,2423,2437,14,0.139999999999972
14,Ob14.txt,high,2437,2566,129,1.289999999999742
14,Ob14.txt,low,2566,2567,1,0.009999999999998
14,Ob14.txt,high,2567,2581,14,0.139999999999972
14,Ob14.txt,low,2581,2583,2,0.019999999999996
14,Ob14.txt,high,2583,2594,11,0.109999999999978
14,Ob14.txt,low,2594,2599,5,0.04999999999999
14,Ob14.txt,high,2599,2652,53,0.529999999999894
14,Ob14.txt,low,2652,2677,25,0.24999999999995
14,Ob14.txt,high,2677,2682,5,0.04999999999999
14,Ob14.txt,low,2682,2684,2,0.019999999999996
14,Ob14.txt,high,2684,2713,29,0.289999999999942
14,Ob14.txt,low,2713,2716,3,0.029999999999994
14,Ob14.txt,high,2716,2725,9,0.089999999999982
14,Ob14.txt,low,2725,2824,99,0.989999999999802
14,Ob14.txt,high,2824,2839,15,0.14999999999997
14,Ob14.txt,low,2839,3095,256,2.559999999999488
14,Ob14.txt,high,3095,3193,98,0.979999999999804
14,Ob14.txt,low,3193,3274,81,0.809999999999838
14,Ob14.txt,high,3274,3277,3,0.029999999999994
14,Ob14.txt,low,3277,3278,1,0.009999999999998
14,Ob14.txt,high,3278,3289,11,0.109999999999978
14,Ob14.txt,low,3289,3291,2,0.019999999999996
14,Ob14.txt,high,3291,3310,19,0.189999999999962
14,Ob14.txt,low,3310,3314,4,0.039999999999992
14,Ob14.txt,high,3314,3494,180,1.79999999999964
14,Ob14.txt,low,3494,3495,1,0.009999999999998
14,Ob14.txt,high,3495,3504,9,0.089999999999982
14,Ob14.txt,low,3504,3511,7,0.069999999999986
14,Ob14.txt,high,3511,3517,6,0.059999999999988
14,Ob14.txt,low,3517,3561,44,0.439999999999912
14,Ob14.txt,high,3561,3807,246,2.459999999999508
14,Ob14.txt,low,3807,3810,3,0.029999999999994
14,Ob14.txt,high,3810,3948,138,1.3799999999997241
14,Ob14.txt,low,3948,4005,57,0.569999999999886
14,Ob14.txt,high,4005,4008,3,0.029999999999994
14,Ob14.txt,low,4008,4010,2,0.019999999999996
14,Ob14.txt,high,4010,4013,3,0.029999999999994
14,Ob14.txt,low,4013,4017,4,0.039999999999992
14,Ob14.txt,high,4017,4018,1,0.009999999999998
14,Ob14.txt,low,4018,4034,16,0.159999999999968
14,Ob14.txt,high,4034,4038,4,0.039999999999992
14,Ob14.txt,low,4038,4042,4,0.039999999999992
14,Ob14.txt,high,4042,4043,1,0.009999999999998
14,Ob14.txt,low,4043,4050,7,0.069999999999986
14,Ob14.txt,high,4050,4091,41,0.409999999999918
14,Ob14.txt,low,4091,4099,8,0.079999999999984
14,Ob14.txt,high,4099,4101,2,0.019999999999996
14,Ob14.txt,low,4101,4114,13,0.129999999999974
14,Ob14.txt,high,4114,4116,2,0.019999999999996
14,Ob14.txt,low,4116,4117,1,0.009999999999998
14,Ob14.txt,high,4117,4118,1,0.009999999999998
14,Ob14.txt,low,4118,4119,1,0.009999999999998
14,Ob14.txt,high,4119,4439,320,3.19999999999936
14,Ob14.txt,low,4439,4440,1,0.009999999999998
14,Ob14.txt,high,4440,4512,72,0.719999999999856
14,Ob14.txt,low,4512,4518,6,0.059999999999988
14,Ob14.txt,high,4518,4525,7,0.069999999999986
14,Ob14.txt,low,4525,4537,12,0.119999999999976
14,Ob14.txt,high,4537,4730,193,1.929999999999614
14,Ob14.txt,low,4730,4733,3,0.029999999999994
14,Ob14.txt,high,4733,4755,22,0.219999999999956
14,Ob14.txt,low,4755,4756,1,0.009999999999998
14,Ob14.txt,high,4756,4786,30,0.29999999999994
14,Ob14.txt,low,4786,4790,4,0.039999999999992
14,Ob14.txt,high,4790,4907,117,1.1699999999997661
14,Ob14.txt,low,4907,4908,1,0.009999999999998
14,Ob14.txt,high,4908,4910,2,0.019999999999996
14,Ob14.txt,low,4910,4914,4,0.039999999999992
14,Ob14.txt,high,4914,4916,2,0.019999999999996
14,Ob14.txt,low,4916,4933,17,0.169999999999966
14,Ob14.txt,high,4933,4935,2,0.019999999999996
14,Ob14.txt,low,4935,4936,1,0.009999999999998
14,Ob14.txt,high,4936,4966,30,0.29999999999994
14,Ob14.txt,low,4966,4968,2,0.019999999999996
14,Ob14.txt,high,4968,5131,163,1.629999999999674
14,Ob14.txt,low,5131,5132,1,0.009999999999998
14,Ob14.txt,high,5132,5210,78,0.779999999999844
14,Ob14.txt,low,5210,5214,4,0.039999999999992
14,Ob14.txt,high,5214,5448,234,2.3399999999995322
14,Ob14.txt,low,5448,5465,17,0.169999999999966
14,Ob14.txt,high,5465,5467,2,0.019999999999996
14,Ob14.txt,low,5467,5469,2,0.019999999999996
14,Ob14.txt,high,5469,5511,42,0.419999999999916
14,Ob14.txt,low,5511,5514,3,0.029999999999994
14,Ob14.txt,high,5514,6300,786,7.859999999998428
14,Ob14.txt,low,6300,6323,23,0.229999999999954
14,Ob14.txt,high,6323,6325,2,0.019999999999996
14,Ob14.txt,low,6325,6374,49,0.489999999999902
14,Ob14.txt,high,6374,6375,1,0.009999999999998
14,Ob14.txt,low,6375,6377,2,0.019999999999996
14,Ob14.txt,high,6377,6381,4,0.039999999999992
14,Ob14.txt,low,6381,6443,62,0.619999999999876
14,Ob14.txt,high,6443,6465,22,0.219999999999956
14,Ob14.txt,low,6465,6499,34,0.339999999999932
14,Ob14.txt,high,6499,6502,3,0.029999999999994
14,Ob14.txt,low,6502,6505,3,0.029999999999994
14,Ob14.txt,high,6505,6506,1,0.009999999999998
14,Ob14.txt,low,6506,6508,2,0.019999999999996
14,Ob14.txt,high,6508,6530,22,0.219999999999956
14,Ob14.txt,low,6530,6552,22,0.219999999999956
14,Ob14.txt,high,6552,6563,11,0.109999999999978
14,Ob14.txt,low,6563,6565,2,0.019999999999996
14,Ob14.txt,high,6565,6566,1,0.009999999999998
14,Ob14.txt,low,6566,6571,5,0.04999999999999
14,Ob14.txt,high,6571,6572,1,0.009999999999998
14,Ob14.txt,low,6572,6598,26,0.259999999999948
14,Ob14.txt,high,6598,6693,95,0.94999999999981
14,Ob14.txt,low,6693,6696,3,0.029999999999994
14,Ob14.txt,high,6696,6703,7,0.069999999999986
14,Ob14.txt,low,6703,6712,9,0.089999999999982
14,Ob14.txt,high,6712,6913,201,2.009999999999598
14,Ob14.txt,low,6913,6918,5,0.04999999999999
14,Ob14.txt,high,6918,6922,4,0.039999999999992
14,Ob14.txt,low,6922,7342,420,4.19999999999916
14,Ob14.txt,high,7342,7348,6,0.059999999999988
14,Ob14.txt,low,7348,7412,64,0.639999999999872
14,Ob14.txt,high,7412,7422,10,0.09999999999998
14,Ob14.txt,low,7422,7425,3,0.029999999999994
14,Ob14.txt,high,7425,7430,5,0.04999999999999
14,Ob14.txt,low,7430,7433,3,0.029999999999994
14,Ob14.txt,high,7433,7440,7,0.069999999999986
14,Ob14.txt,low,7440,7441,1,0.009999999999998
14,Ob14.txt,high,7441,7532,91,0.909999999999818
14,Ob14.txt,low,7532,7582,50,0.4999999999999
14,Ob14.txt,high,7582,7598,16,0.159999999999968
14,Ob14.txt,low,7598,7599,1,0.009999999999998
14,Ob14.txt,high,7599,7602,3,0.029999999999994
14,Ob14.txt,low,7602,7674,72,0.719999999999856
14,Ob14.txt,high,7674,7713,39,0.389999999999922
14,Ob14.txt,low,7713,7954,241,2.409999999999518
14,Ob14.txt,high,7954,7956,2,0.019999999999996
14,Ob14.txt,low,7956,8069,113,1.129999999999774
14,Ob14.txt,high,8069,8071,2,0.019999999999996
14,Ob14.txt,low,8071,8073,2,0.019999999999996
14,Ob14.txt,high,8073,8074,1,0.009999999999998
14,Ob14.txt,low,8074,8180,106,1.059999999999788
14,Ob14.txt,high,8180,8181,1,0.009999999999998
14,Ob14.txt,low,8181,8183,2,0.019999999999996
14,Ob14.txt,high,8183,8196,13,0.129999999999974
14,Ob14.txt,low,8196,8201,5,0.04999999999999
14,Ob14.txt,high,8201,8217,16,0.159999999999968
14,Ob14.txt,low,8217,8227,10,0.09999999999998
14,Ob14.txt,high,8227,8233,6,0.059999999999988
14,Ob14.txt,low,8233,8255,22,0.219999999999956
14,Ob14.txt,high,8255,8267,12,0.119999999999976
14,Ob14.txt,low,8267,8273,6,0.059999999999988
14,Ob14.txt,high,8273,8275,2,0.019999999999996
14,Ob14.txt,low,8275,8277,2,0.019999999999996
14,Ob14.txt,high,8277,8278,1,0.009999999999998
14,Ob14.txt,low,8278,8298,20,0.19999999999996
14,Ob14.txt,high,8298,8310,12,0.119999999999976
14,Ob14.txt,low,8310,8317,7,0.069999999999986
14,Ob14.txt,high,8317,8318,1,0.009999999999998
14,Ob14.txt,low,8318,8329,11,0.109999999999978
14,Ob14.txt,high,8329,8396,67,0.669999999999866
14,Ob14.txt,low,8396,8426,30,0.29999999999994
14,Ob14.txt,high,8426,8428,2,0.019999999999996
14,Ob14.txt,low,8428,8432,4,0.039999999999992
14,Ob14.txt,high,8432,8433,1,0.009999999999998
14,Ob14.txt,low,8433,8443,10,0.09999999999998
14,Ob14.txt,high,8443,8453,10,0.09999999999998
14,Ob14.txt,low,8453,8508,55,0.54999999999989
14,Ob14.txt,high,8508,8528,20,0.19999999999996
14,Ob14.txt,low,8528,8538,10,0.09999999999998
14,Ob14.txt,high,8538,8546,8,0.079999999999984
14,Ob14.txt,low,8546,8547,1,0.009999999999998
14,Ob14.txt,high,8547,8556,9,0.089999999999982
14,Ob14.txt,low,8556,8559,3,0.029999999999994
14,Ob14.txt,high,8559,8913,354,3.539999999999292
14,Ob14.txt,low,8913,8926,13,0.129999999999974
14,Ob14.txt,high,8926,8932,6,0.059999999999988
14,Ob14.txt,low,8932,8983,51,0.509999999999898
14,Ob14.txt,high,8983,8988,5,0.04999999999999
14,Ob14.txt,low,8988,9054,66,0.659999999999868
14,Ob14.txt,high,9054,9138,84,0.839999999999832
14,Ob14.txt,low,9138,9142,4,0.039999999999992
14,Ob14.txt,high,9142,9186,44,0.439999999999912
14,Ob14.txt,low,9186,9203,17,0.169999999999966
14,Ob14.txt,high,9203,9230,27,0.269999999999946
14,Ob14.txt,low,9230,9235,5,0.04999999999999
14,Ob14.txt,high,9235,9252,17,0.169999999999966
14,Ob14.txt,low,9252,9339,87,0.869999999999826
14,Ob14.txt,high,9339,9342,3,0.029999999999994
14,Ob14.txt,low,9342,9343,1,0.009999999999998
14,Ob14.txt,high,9343,9353,10,0.09999999999998
14,Ob14.txt,low,9353,9485,132,1.319999999999736
14,Ob14.txt,high,9485,9488,3,0.029999999999994
14,Ob14.txt,low,9488,9494,6,0.059999999999988
14,Ob14.txt,high,9494,9497,3,0.029999999999994
14,Ob14.txt,low,9497,9509,12,0.119999999999976
14,Ob14.txt,high,9509,9592,83,0.829999999999834
14,Ob14.txt,low,9592,9595,3,0.029999999999994
14,Ob14.txt,high,9595,9598,3,0.029999999999994
14,Ob14.txt,low,9598,9609,11,0.109999999999978
14,Ob14.txt,high,9609,9773,164,1.639999999999672
14,Ob14.txt,low,9773,10014,241,2.409999999999518
14,Ob14.txt,high,10014,10020,6,0.059999999999988
14,Ob14.txt,low,10020,10023,3,0.029999999999994
14,Ob14.txt,high,10023,10024,1,0.009999999999998
14,Ob14.txt,low,10024,10025,1,0.009999999999998
14,Ob14.txt,high,10025,10028,3,0.029999999999994
14,Ob14.txt,low,10028,10033,5,0.04999999999999
14,Ob14.txt,high,10033,10038,5,0.04999999999999
14,Ob14.txt,low,10038,10041,3,0.029999999999994
14,Ob14.txt,high,10041,10042,1,0.009999999999998
14,Ob14.txt,low,10042,10099,57,0.569999999999886
14,Ob14.txt,high,10099,10108,9,0.089999999999982
14,Ob14.txt,low,10108,10152,44,0.439999999999912
14,Ob14.txt,high,10152,10153,1,0.009999999999998
14,Ob14.txt,low,10153,10198,45,0.44999999999991
14,Ob14.txt,high,10198,10204,6,0.059999999999988
14,Ob14.txt,low,10204,10206,2,0.019999999999996
14,Ob14.txt,high,10206,10268,62,0.619999999999876
14,Ob14.txt,low,10268,10269,1,0.009999999999998
14,Ob14.txt,high,10269,10305,36,0.359999999999928
14,Ob14.txt,low,10305,10309,4,0.039999999999992
14,Ob14.txt,high,10309,10332,23,0.229999999999954
14,Ob14.txt,low,10332,10333,1,0.009999999999998
14,Ob14.txt,high,10333,10338,5,0.04999999999999
14,Ob14.txt,low,10338,10455,117,1.1699999999997661
14,Ob14.txt,high,10455,10458,3,0.029999999999994
14,Ob14.txt,low,10458,10473,15,0.14999999999997
14,Ob14.txt,high,10473,10495,22,0.219999999999956
14,Ob14.txt,low,10495,10529,34,0.339999999999932
14,Ob14.txt,high,10529,10539,10,0.09999999999998
14,Ob14.txt,low,10539,10636,97,0.969999999999806
14,Ob14.txt,high,10636,10637,1,0.009999999999998
14,Ob14.txt,low,10637,10656,19,0.189999999999962
14,Ob14.txt,high,10656,10657,1,0.009999999999998
14,Ob14.txt,low,10657,10674,17,0.169999999999966
14,Ob14.txt,high,10674,10676,2,0.019999999999996
14,Ob14.txt,low,10676,10691,15,0.14999999999997
14,Ob14.txt,high,10691,10704,13,0.129999999999974
14,Ob14.txt,low,10704,10708,4,0.039999999999992
14,Ob14.txt,high,10708,10725,17,0.169999999999966
14,Ob14.txt,low,10725,10726,1,0.009999999999998
14,Ob14.txt,high,10726,10750,24,0.239999999999952
14,Ob14.txt,low,10750,10755,5,0.04999999999999
14,Ob14.txt,high,10755,10756,1,0.009999999999998
14,Ob14.txt,low,10756,11098,342,3.419999999999316
14,Ob14.txt,high,11098,11104,6,0.059999999999988
14,Ob14.txt,low,11104,11110,6,0.059999999999988
14,Ob14.txt,high,11110,11138,28,0.279999999999944
14,Ob14.txt,low,11138,11139,1,0.009999999999998
14,Ob14.txt,high,11139,11142,3,0.029999999999994
14,Ob14.txt,low,11142,11147,5,0.04999999999999
14,Ob14.txt,high,11147,11148,1,0.009999999999998
14,Ob14.txt,low,11148,11215,67,0.669999999999866
14,Ob14.txt,high,11215,11218,3,0.029999999999994
14,Ob14.txt,low,11218,11293,75,0.74999999999985
14,Ob14.txt,high,11293,11294,1,0.009999999999998
14,Ob14.txt,low,11294,11295,1,0.009999999999998
14,Ob14.txt,high,11295,11299,4,0.039999999999992
14,Ob14.txt,low,11299,11300,1,0.009999999999998
14,Ob14.txt,high,11300,11306,6,0.059999999999988
14,Ob14.txt,low,11306,11309,3,0.029999999999994
14,Ob14.txt,high,11309,11315,6,0.059999999999988
14,Ob14.txt,low,11315,11392,77,0.769999999999846
14,Ob14.txt,high,11392,11397,5,0.04999999999999
14,Ob14.txt,low,11397,11406,9,0.089999999999982
14,Ob14.txt,high,11406,11428,22,0.219999999999956
14,Ob14.txt,low,11428,11693,265,2.64999999999947
14,Ob14.txt,high,11693,11717,24,0.239999999999952
14,Ob14.txt,low,11717,11719,2,0.019999999999996
14,Ob14.txt,high,11719,11724,5,0.04999999999999
14,Ob14.txt,low,11724,11739,15,0.14999999999997
14,Ob14.txt,high,11739,11865,126,1.259999999999748
14,Ob14.txt,low,11865,11875,10,0.09999999999998
14,Ob14.txt,high,11875,11877,2,0.019999999999996
14,Ob14.txt,low,11877,11880,3,0.029999999999994
14,Ob14.txt,high,11880,11894,14,0.139999999999972
14,Ob14.txt,low,11894,11905,11,0.109999999999978
14,Ob14.txt,high,11905,11908,3,0.029999999999994
14,Ob14.txt,low,11908,12243,335,3.34999999999933
14,Ob14.txt,high,12243,12246,3,0.029999999999994
14,Ob14.txt,low,12246,12280,34,0.339999999999932
14,Ob14.txt,high,12280,12281,1,0.009999999999998
14,Ob14.txt,low,12281,12292,11,0.109999999999978
14,Ob14.txt,high,12292,12295,3,0.029999999999994
14,Ob14.txt,low,12295,12298,3,0.029999999999994
14,Ob14.txt,high,12298,12305,7,0.069999999999986
14,Ob14.txt,low,12305,12313,8,0.079999999999984
14,Ob14.txt,high,12313,12318,5,0.04999999999999
14,Ob14.txt,low,12318,12321,3,0.029999999999994
14,Ob14.txt,high,12321,12414,93,0.929999999999814
14,Ob14.txt,low,12414,12654,240,2.39999999999952
14,Ob14.txt,high,12654,12683,29,0.289999999999942
14,Ob14.txt,low,12683,12686,3,0.029999999999994
14,Ob14.txt,high,12686,12690,4,0.039999999999992
14,Ob14.txt,low,12690,12692,2,0.019999999999996
14,Ob14.txt,high,12692,12706,14,0.139999999999972
14,Ob14.txt,low,12706,12727,21,0.209999999999958
14,Ob14.txt,high,12727,12728,1,0.009999999999998
14,Ob14.txt,low,12728,12737,9,0.089999999999982
14,Ob14.txt,high,12737,12739,2,0.019999999999996
14,Ob14.txt,low,12739,12746,7,0.069999999999986
14,Ob14.txt,high,12746,12747,1,0.009999999999998
14,Ob14.txt,low,12747,12935,188,1.879999999999624
14,Ob14.txt,high,12935,12940,5,0.04999999999999
14,Ob14.txt,low,12940,12978,38,0.379999999999924
14,Ob14.txt,high,12978,12980,2,0.019999999999996
14,Ob14.txt,low,12980,13189,209,2.089999999999582
14,Ob14.txt,high,13189,13293,104,1.039999999999792
14,Ob14.txt,low,13293,13312,19,0.189999999999962
14,Ob14.txt,high,13312,13314,2,0.019999999999996
14,Ob14.txt,low,13314,13315,1,0.009999999999998
14,Ob14.txt,high,13315,13318,3,0.029999999999994
14,Ob14.txt,low,13318,13333,15,0.14999999999997
14,Ob14.txt,high,13333,13442,109,1.089999999999782
14,Ob14.txt,low,13442,13458,16,0.159999999999968
14,Ob14.txt,high,13458,13549,91,0.909999999999818
14,Ob14.txt,low,13549,13621,72,0.719999999999856
14,Ob14.txt,high,13621,13623,2,0.019999999999996
14,Ob14.txt,low,13623,13627,4,0.039999999999992
14,Ob14.txt,high,13627,13628,1,0.009999999999998
14,Ob14.txt,low,13628,13634,6,0.059999999999988
14,Ob14.txt,high,13634,13732,98,0.979999999999804
14,Ob14.txt,low,13732,13789,57,0.569999999999886
14,Ob14.txt,high,13789,13825,36,0.359999999999928
14,Ob14.txt,low,13825,13864,39,0.389999999999922
14,Ob14.txt,high,13864,13867,3,0.029999999999994
14,Ob14.txt,low,13867,13876,9,0.089999999999982
14,Ob14.txt,high,13876,13877,1,0.009999999999998
14,Ob14.txt,low,13877,13879,2,0.019999999999996
14,Ob14.txt,high,13879,13905,26,0.259999999999948
14,Ob14.txt,low,13905,13925,20,0.19999999999996
14,Ob14.txt,high,13925,13927,2,0.019999999999996
14,Ob14.txt,low,13927,13948,21,0.209999999999958
14,Ob14.txt,high,13948,14062,114,1.139999999999772
14,Ob14.txt,low,14062,14064,2,0.019999999999996
14,Ob14.txt,high,14064,14130,66,0.659999999999868
14,Ob14.txt,low,14130,14138,8,0.079999999999984
14,Ob14.txt,high,14138,14151,13,0.129999999999974
14,Ob14.txt,low,14151,14158,7,0.069999999999986
14,Ob14.txt,high,14158,14212,54,0.539999999999892
14,Ob14.txt,low,14212,14217,5,0.04999999999999
14,Ob14.txt,high,14217,14218,1,0.009999999999998
14,Ob14.txt,low,14218,14227,9,0.089999999999982
14,Ob14.txt,high,14227,14235,8,0.079999999999984
14,Ob14.txt,low,14235,14288,53,0.529999999999894
14,Ob14.txt,high,14288,14289,1,0.009999999999998
14,Ob14.txt,low,14289,14301,12,0.119999999999976
14,Ob14.txt,high,14301,14312,11,0.109999999999978
14,Ob14.txt,low,14312,14323,11,0.109999999999978
14,Ob14.txt,high,14323,14503,180,1.79999999999964
14,Ob14.txt,low,14503,14509,6,0.059999999999988
14,Ob14.txt,high,14509,14525,16,0.159999999999968
14,Ob14.txt,low,14525,14526,1,0.009999999999998
14,Ob14.txt,high,14526,14530,4,0.039999999999992
14,Ob14.txt,low,14530,14532,2,0.019999999999996
14,Ob14.txt,high,14532,14534,2,0.019999999999996
14,Ob14.txt,low,14534,14536,2,0.019999999999996
14,Ob14.txt,high,14536,14538,2,0.019999999999996
14,Ob14.txt,low,14538,14557,19,0.189999999999962
14,Ob14.txt,high,14557,14563,6,0.059999999999988
14,Ob14.txt,low,14563,14576,13,0.129999999999974
14,Ob14.txt,high,14576,14718,142,1.419999999999716
14,Ob14.txt,low,14718,14733,15,0.14999999999997
14,Ob14.txt,high,14733,14750,17,0.169999999999966
14,Ob14.txt,low,14750,14752,2,0.019999999999996
14,Ob14.txt,high,14752,14767,15,0.14999999999997
14,Ob14.txt,low,14767,14821,54,0.539999999999892
14,Ob14.txt,high,14821,14823,2,0.019999999999996
14,Ob14.txt,low,14823,14824,1,0.009999999999998
14,Ob14.txt,high,14824,14826,2,0.019999999999996
14,Ob14.txt,low,14826,14835,9,0.089999999999982
14,Ob14.txt,high,14835,14837,2,0.019999999999996
14,Ob14.txt,low,14837,14844,7,0.069999999999986
14,Ob14.txt,high,14844,14853,9,0.089999999999982
14,Ob14.txt,low,14853,14856,3,0.029999999999994
14,Ob14.txt,high,14856,14859,3,0.029999999999994
14,Ob14.txt,low,14859,14913,54,0.539999999999892
14,Ob14.txt,high,14913,14993,80,0.79999999999984
14,Ob14.txt,low,14993,14994,1,0.009999999999998
14,Ob14.txt,high,14994,14996,2,0.019999999999996
14,Ob14.txt,low,14996,14997,1,0.009999999999998
14,Ob14.txt,high,14997,14998,1,0.009999999999998
14,Ob14.txt,low,14998,15162,164,1.639999999999672
14,Ob14.txt,high,15162,15215,53,0.529999999999894
14,Ob14.txt,low,15215,15289,74,0.739999999999852
14,Ob14.txt,high,15289,15353,64,0.639999999999872
14,Ob14.txt,low,15353,15362,9,0.089999999999982
14,Ob14.txt,high,15362,15368,6,0.059999999999988
14,Ob14.txt,low,15368,15373,5,0.04999999999999
14,Ob14.txt,high,15373,15499,126,1.259999999999748
14,Ob14.txt,low,15499,15501,2,0.019999999999996
14,Ob14.txt,high,15501,15503,2,0.019999999999996
14,Ob14.txt,low,15503,15641,138,1.3799999999997241
14,Ob14.txt,high,15641,15736,95,0.94999999999981
14,Ob14.txt,low,15736,15737,1,0.009999999999998
14,Ob14.txt,high,15737,15748,11,0.109999999999978
14,Ob14.txt,low,15748,15749,1,0.009999999999998
14,Ob14.txt,high,15749,15756,7,0.069999999999986
14,Ob14.txt,low,15756,15775,19,0.189999999999962
14,Ob14.txt,high,15775,15778,3,0.029999999999994
14,Ob14.txt,low,15778,15798,20,0.19999999999996
14,Ob14.txt,high,15798,15801,3,0.029999999999994
14,Ob14.txt,low,15801,15803,2,0.019999999999996
14,Ob14.txt,high,15803,15880,77,0.769999999999846
14,Ob14.txt,low,15880,15882,2,0.019999999999996
14,Ob14.txt,high,15882,15895,13,0.129999999999974
14,Ob14.txt,low,15895,15899,4,0.039999999999992
14,Ob14.txt,high,15899,15906,7,0.069999999999986
14,Ob14.txt,low,15906,15908,2,0.019999999999996
14,Ob14.txt,high,15908,15913,5,0.04999999999999
14,Ob14.txt,low,15913,15918,5,0.04999999999999
14,Ob14.txt,high,15918,15927,9,0.089999999999982
14,Ob14.txt,low,15927,15935,8,0.079999999999984
14,Ob14.txt,high,15935,15943,8,0.079999999999984
14,Ob14.txt,low,15943,15944,1,0.009999999999998
14,Ob14.txt,high,15944,15946,2,0.019999999999996
14,Ob14.txt,low,15946,15950,4,0.039999999999992
14,Ob14.txt,high,15950,15967,17,0.169999999999966
14,Ob14.txt,low,15967,15979,12,0.119999999999976
14,Ob14.txt,high,15979,16002,23,0.229999999999954
14,Ob14.txt,low,16002,16014,12,0.119999999999976
14,Ob14.txt,high,16014,16020,6,0.059999999999988
14,Ob14.txt,low,16020,16024,4,0.039999999999992
14,Ob14.txt,high,16024,16025,1,0.009999999999998
14,Ob14.txt,low,16025,16026,1,0.009999999999998
14,Ob14.txt,high,16026,16030,4,0.039999999999992
14,Ob14.txt,low,16030,16152,122,1.219999999999756
14,Ob14.txt,high,16152,16162,10,0.09999999999998
14,Ob14.txt,low,16162,16361,199,1.989999999999602
14,Ob14.txt,high,16361,16362,1,0.009999999999998
14,Ob14.txt,low,16362,16366,4,0.039999999999992
14,Ob14.txt,high,16366,16368,2,0.019999999999996
14,Ob14.txt,low,16368,16399,31,0.309999999999938
14,Ob14.txt,high,16399,16404,5,0.04999999999999
14,Ob14.txt,low,16404,16407,3,0.029999999999994
14,Ob14.txt,high,16407,16412,5,0.04999999999999
14,Ob14.txt,low,16412,16424,12,0.119999999999976
14,Ob14.txt,high,16424,16448,24,0.239999999999952
14,Ob14.txt,low,16448,16464,16,0.159999999999968
14,Ob14.txt,high,16464,16470,6,0.059999999999988
14,Ob14.txt,low,16470,16484,14,0.139999999999972
14,Ob14.txt,high,16484,16485,1,0.009999999999998
14,Ob14.txt,low,16485,16488,3,0.029999999999994
14,Ob14.txt,high,16488,16490,2,0.019999999999996
14,Ob14.txt,low,16490,16539,49,0.489999999999902
14,Ob14.txt,high,16539,16546,7,0.069999999999986
14,Ob14.txt,low,16546,16573,27,0.269999999999946
14,Ob14.txt,high,16573,16580,7,0.069999999999986
14,Ob14.txt,low,16580,16612,32,0.319999999999936
14,Ob14.txt,high,16612,16614,2,0.019999999999996
14,Ob14.txt,low,16614,16620,6,0.059999999999988
14,Ob14.txt,high,16620,16622,2,0.019999999999996
14,Ob14.txt,low,16622,16623,1,0.009999999999998
14,Ob14.txt,high,16623,16677,54,0.539999999999892
14,Ob14.txt,low,16677,16687,10,0.09999999999998
14,Ob14.txt,high,16687,16690,3,0.029999999999994
14,Ob14.txt,low,16690,16793,103,1.029999999999794
14,Ob14.txt,high,16793,16953,160,1.59999999999968
14,Ob14.txt,low,16953,17020,67,0.669999999999866
14,Ob14.txt,high,17020,17042,22,0.219999999999956
14,Ob14.txt,low,17042,17043,1,0.009999999999998
14,Ob14.txt,high,17043,17156,113,1.129999999999774
14,Ob14.txt,low,17156,17157,1,0.009999999999998
14,Ob14.txt,high,17157,17194,37,0.369999999999926
14,Ob14.txt,low,17194,17197,3,0.029999999999994
14,Ob14.txt,high,17197,17200,3,0.029999999999994
14,Ob14.txt,low,17200,17210,10,0.09999999999998
14,Ob14.txt,high,17210,17212,2,0.019999999999996
14,Ob14.txt,low,17212,17225,13,0.129999999999974
14,Ob14.txt,high,17225,17229,4,0.039999999999992
14,Ob14.txt,low,17229,17243,14,0.139999999999972
14,Ob14.txt,high,17243,17246,3,0.029999999999994
14,Ob14.txt,low,17246,17247,1,0.009999999999998
14,Ob14.txt,high,17247,17252,5,0.04999999999999
14,Ob14.txt,low,17252,17254,2,0.019999999999996
14,Ob14.txt,high,17254,17273,19,0.189999999999962
14,Ob14.txt,low,17273,17275,2,0.019999999999996
14,Ob14.txt,high,17275,17382,107,1.069999999999786
14,Ob14.txt,low,17382,17390,8,0.079999999999984
14,Ob14.txt,high,17390,17421,31,0.309999999999938
14,Ob14.txt,low,17421,17437,16,0.159999999999968
14,Ob14.txt,high,17437,17498,61,0.609999999999878
14,Ob14.txt,low,17498,17499,1,0.009999999999998
14,Ob14.txt,high,17499,17500,1,0.009999999999998
14,Ob14.txt,low,17500,17502,2,0.019999999999996
14,Ob14.txt,high,17502,17526,24,0.239999999999952
14,Ob14.txt,low,17526,18055,529,5.289999999998942
14,Ob14.txt,high,18055,18056,1,0.009999999999998
14,Ob14.txt,low,18056,18057,1,0.009999999999998
14,Ob14.txt,high,18057,18058,1,0.009999999999998
14,Ob14.txt,low,18058,18059,1,0.009999999999998
14,Ob14.txt,high,18059,18068,9,0.089999999999982
14,Ob14.txt,low,18068,18074,6,0.059999999999988
14,Ob14.txt,high,18074,18076,2,0.019999999999996
14,Ob14.txt,low,18076,18267,191,1.909999999999618
14,Ob14.txt,high,18267,18268,1,0.009999999999998
14,Ob14.txt,low,18268,18504,236,2.359999999999528
14,Ob14.txt,high,18504,18507,3,0.029999999999994
14,Ob14.txt,low,18507,18509,2,0.019999999999996
14,Ob14.txt,high,18509,18536,27,0.269999999999946
14,Ob14.txt,low,18536,18928,392,3.919999999999216
14,Ob14.txt,high,18928,18935,7,0.069999999999986
14,Ob14.txt,low,18935,18936,1,0.009999999999998
14,Ob14.txt,high,18936,18942,6,0.059999999999988
14,Ob14.txt,low,18942,19097,155,1.54999999999969
14,Ob14.txt,high,19097,19176,79,0.789999999999842
14,Ob14.txt,low,19176,19180,4,0.039999999999992
14,Ob14.txt,high,19180,19329,149,1.489999999999702
14,Ob14.txt,low,19329,19415,86,0.859999999999828
14,Ob14.txt,high,19415,19427,12,0.119999999999976
14,Ob14.txt,low,19427,19434,7,0.069999999999986
14,Ob14.txt,high,19434,19439,5,0.04999999999999
14,Ob14.txt,low,19439,19588,149,1.489999999999702
14,Ob14.txt,high,19588,19589,1,0.009999999999998
14,Ob14.txt,low,19589,19591,2,0.019999999999996
14,Ob14.txt,high,19591,19595,4,0.039999999999992
14,Ob14.txt,low,19595,19609,14,0.139999999999972
14,Ob14.txt,high,19609,19616,7,0.069999999999986
14,Ob14.txt,low,19616,19624,8,0.079999999999984
14,Ob14.txt,high,19624,19628,4,0.039999999999992
14,Ob14.txt,low,19628,19629,1,0.009999999999998
14,Ob14.txt,high,19629,19651,22,0.219999999999956
14,Ob14.txt,low,19651,19750,99,0.989999999999802
14,Ob14.txt,high,19750,19758,8,0.079999999999984
14,Ob14.txt,low,19758,19766,8,0.079999999999984
14,Ob14.txt,high,19766,19771,5,0.04999999999999
14,Ob14.txt,low,19771,19989,218,2.179999999999564
15,Ob15.txt,low,0,206,206,2.059999999999588
15,Ob15.txt,high,206,228,22,0.219999999999956
15,Ob15.txt,low,228,235,7,0.069999999999986
15,Ob15.txt,high,235,240,5,0.04999999999999
15,Ob15.txt,low,240,466,226,2.259999999999548
15,Ob15.txt,high,466,479,13,0.129999999999974
15,Ob15.txt,low,479,481,2,0.019999999999996
15,Ob15.txt,high,481,496,15,0.14999999999997
15,Ob15.txt,low,496,499,3,0.029999999999994
15,Ob15.txt,high,499,589,90,0.89999999999982
15,Ob15.txt,low,589,617,28,0.279999999999944
15,Ob15.txt,high,617,640,23,0.229999999999954
15,Ob15.txt,low,640,977,337,3.369999999999326
15,Ob15.txt,high,977,996,19,0.189999999999962
15,Ob15.txt,low,996,1061,65,0.64999999999987
15,Ob15.txt,high,1061,1083,22,0.219999999999956
15,Ob15.txt,low,1083,1085,2,0.019999999999996
15,Ob15.txt,high,1085,1126,41,0.409999999999918
15,Ob15.txt,low,1126,1169,43,0.429999999999914
15,Ob15.txt,high,1169,1209,40,0.39999999999992
15,Ob15.txt,low,1209,1211,2,0.019999999999996
15,Ob15.txt,high,1211,1361,150,1.4999999999997
15,Ob15.txt,low,1361,1424,63,0.629999999999874
15,Ob15.txt,high,1424,1431,7,0.069999999999986
15,Ob15.txt,low,1431,1440,9,0.089999999999982
15,Ob15.txt,high,1440,1628,188,1.879999999999624
15,Ob15.txt,low,1628,1637,9,0.089999999999982
15,Ob15.txt,high,1637,1644,7,0.069999999999986
15,Ob15.txt,low,1644,1666,22,0.219999999999956
15,Ob15.txt,high,1666,1676,10,0.09999999999998
15,Ob15.txt,low,1676,1740,64,0.639999999999872
15,Ob15.txt,high,1740,1744,4,0.039999999999992
15,Ob15.txt,low,1744,1766,22,0.219999999999956
15,Ob15.txt,high,1766,1819,53,0.529999999999894
15,Ob15.txt,low,1819,1939,120,1.19999999999976
15,Ob15.txt,high,1939,1990,51,0.509999999999898
15,Ob15.txt,low,1990,2009,19,0.189999999999962
15,Ob15.txt,high,2009,2017,8,0.079999999999984
15,Ob15.txt,low,2017,2019,2,0.019999999999996
15,Ob15.txt,high,2019,2028,9,0.089999999999982
15,Ob15.txt,low,2028,2044,16,0.159999999999968
15,Ob15.txt,high,2044,2049,5,0.04999999999999
15,Ob15.txt,low,2049,2067,18,0.179999999999964
15,Ob15.txt,high,2067,2130,63,0.629999999999874
15,Ob15.txt,low,2130,2879,749,7.489999999998502
15,Ob15.txt,high,2879,2884,5,0.04999999999999
15,Ob15.txt,low,2884,2948,64,0.639999999999872
15,Ob15.txt,high,2948,3018,70,0.69999999999986
15,Ob15.txt,low,3018,3162,144,1.439999999999712
15,Ob15.txt,high,3162,3183,21,0.209999999999958
15,Ob15.txt,low,3183,3358,175,1.74999999999965
15,Ob15.txt,high,3358,3366,8,0.079999999999984
15,Ob15.txt,low,3366,3488,122,1.219999999999756
15,Ob15.txt,high,3488,3549,61,0.609999999999878
15,Ob15.txt,low,3549,3638,89,0.889999999999822
15,Ob15.txt,high,3638,3649,11,0.109999999999978
15,Ob15.txt,low,3649,3699,50,0.4999999999999
15,Ob15.txt,high,3699,3745,46,0.459999999999908
15,Ob15.txt,low,3745,3860,115,1.14999999999977
15,Ob15.txt,high,3860,4034,174,1.739999999999652
15,Ob15.txt,low,4034,4063,29,0.289999999999942
15,Ob15.txt,high,4063,4076,13,0.129999999999974
15,Ob15.txt,low,4076,4193,117,1.1699999999997661
15,Ob15.txt,high,4193,4318,125,1.24999999999975
15,Ob15.txt,low,4318,4323,5,0.04999999999999
15,Ob15.txt,high,4323,4403,80,0.79999999999984
15,Ob15.txt,low,4403,4479,76,0.759999999999848
15,Ob15.txt,high,4479,4596,117,1.1699999999997661
15,Ob15.txt,low,4596,4677,81,0.809999999999838
15,Ob15.txt,high,4677,4691,14,0.139999999999972
15,Ob15.txt,low,4691,4842,151,1.509999999999698
15,Ob15.txt,high,4842,4857,15,0.14999999999997
15,Ob15.txt,low,4857,4981,124,1.239999999999752
15,Ob15.txt,high,4981,4984,3,0.029999999999994
15,Ob15.txt,low,4984,5273,289,2.889999999999422
15,Ob15.txt,high,5273,5295,22,0.219999999999956
15,Ob15.txt,low,5295,5744,449,4.489999999999102
15,Ob15.txt,high,5744,5772,28,0.279999999999944
15,Ob15.txt,low,5772,5776,4,0.039999999999992
15,Ob15.txt,high,5776,5783,7,0.069999999999986
15,Ob15.txt,low,5783,5804,21,0.209999999999958
15,Ob15.txt,high,5804,5869,65,0.64999999999987
15,Ob15.txt,low,5869,6013,144,1.439999999999712
15,Ob15.txt,high,6013,6021,8,0.079999999999984
15,Ob15.txt,low,6021,6023,2,0.019999999999996
15,Ob15.txt,high,6023,6052,29,0.289999999999942
15,Ob15.txt,low,6052,6061,9,0.089999999999982
15,Ob15.txt,high,6061,6070,9,0.089999999999982
15,Ob15.txt,low,6070,6124,54,0.539999999999892
15,Ob15.txt,high,6124,6210,86,0.859999999999828
15,Ob15.txt,low,6210,6216,6,0.059999999999988
15,Ob15.txt,high,6216,6248,32,0.319999999999936
15,Ob15.txt,low,6248,6385,137,1.369999999999726
15,Ob15.txt,high,6385,6432,47,0.469999999999906
15,Ob15.txt,low,6432,6509,77,0.769999999999846
15,Ob15.txt,high,6509,6526,17,0.169999999999966
15,Ob15.txt,low,6526,6543,17,0.169999999999966
15,Ob15.txt,high,6543,6587,44,0.439999999999912
15,Ob15.txt,low,6587,6589,2,0.019999999999996
15,Ob15.txt,high,6589,6701,112,1.119999999999776
15,Ob15.txt,low,6701,6886,185,1.84999999999963
15,Ob15.txt,high,6886,7309,423,4.229999999999154
15,Ob15.txt,low,7309,7329,20,0.19999999999996
15,Ob15.txt,high,7329,7708,379,3.789999999999242
15,Ob15.txt,low,7708,7715,7,0.069999999999986
15,Ob15.txt,high,7715,7719,4,0.039999999999992
15,Ob15.txt,low,7719,7725,6,0.059999999999988
15,Ob15.txt,high,7725,7799,74,0.739999999999852
15,Ob15.txt,low,7799,7800,1,0.009999999999998
15,Ob15.txt,high,7800,7801,1,0.009999999999998
15,Ob15.txt,low,7801,7803,2,0.019999999999996
15,Ob15.txt,high,7803,8427,624,6.239999999998752
15,Ob15.txt,low,8427,8514,87,0.869999999999826
15,Ob15.txt,high,8514,8676,162,1.619999999999676
15,Ob15.txt,low,8676,8818,142,1.419999999999716
15,Ob15.txt,high,8818,8819,1,0.009999999999998
15,Ob15.txt,low,8819,8829,10,0.09999999999998
15,Ob15.txt,high,8829,8962,133,1.329999999999734
15,Ob15.txt,low,8962,8969,7,0.069999999999986
15,Ob15.txt,high,8969,8986,17,0.169999999999966
15,Ob15.txt,low,8986,9002,16,0.159999999999968
15,Ob15.txt,high,9002,9010,8,0.079999999999984
15,Ob15.txt,low,9010,9020,10,0.09999999999998
15,Ob15.txt,high,9020,9023,3,0.029999999999994
15,Ob15.txt,low,9023,9144,121,1.209999999999758
15,Ob15.txt,high,9144,9156,12,0.119999999999976
15,Ob15.txt,low,9156,9166,10,0.09999999999998
15,Ob15.txt,high,9166,9201,35,0.34999999999993
15,Ob15.txt,low,9201,9255,54,0.539999999999892
15,Ob15.txt,high,9255,9257,2,0.019999999999996
15,Ob15.txt,low,9257,9440,183,1.829999999999634
15,Ob15.txt,high,9440,9457,17,0.169999999999966
15,Ob15.txt,low,9457,9572,115,1.14999999999977
15,Ob15.txt,high,9572,9661,89,0.889999999999822
15,Ob15.txt,low,9661,9685,24,0.239999999999952
15,Ob15.txt,high,9685,9705,20,0.19999999999996
15,Ob15.txt,low,9705,9734,29,0.289999999999942
15,Ob15.txt,high,9734,9836,102,1.019999999999796
15,Ob15.txt,low,9836,9877,41,0.409999999999918
15,Ob15.txt,high,9877,9889,12,0.119999999999976
15,Ob15.txt,low,9889,9893,4,0.039999999999992
15,Ob15.txt,high,9893,10078,185,1.84999999999963
15,Ob15.txt,low,10078,10111,33,0.329999999999934
15,Ob15.txt,high,10111,10123,12,0.119999999999976
15,Ob15.txt,low,10123,10161,38,0.379999999999924
15,Ob15.txt,high,10161,10233,72,0.719999999999856
15,Ob15.txt,low,10233,10236,3,0.029999999999994
15,Ob15.txt,high,10236,10481,245,2.44999999999951
15,Ob15.txt,low,10481,10486,5,0.04999999999999
15,Ob15.txt,high,10486,10541,55,0.54999999999989
15,Ob15.txt,low,10541,10563,22,0.219999999999956
15,Ob15.txt,high,10563,10569,6,0.059999999999988
15,Ob15.txt,low,10569,10625,56,0.559999999999888
15,Ob15.txt,high,10625,10631,6,0.059999999999988
15,Ob15.txt,low,10631,10683,52,0.519999999999896
15,Ob15.txt,high,10683,10707,24,0.239999999999952
15,Ob15.txt,low,10707,10717,10,0.09999999999998
15,Ob15.txt,high,10717,10722,5,0.04999999999999
15,Ob15.txt,low,10722,10728,6,0.059999999999988
15,Ob15.txt,high,10728,10729,1,0.009999999999998
15,Ob15.txt,low,10729,10735,6,0.059999999999988
15,Ob15.txt,high,10735,10737,2,0.019999999999996
15,Ob15.txt,low,10737,10738,1,0.009999999999998
15,Ob15.txt,high,10738,10835,97,0.969999999999806
15,Ob15.txt,low,10835,10913,78,0.779999999999844
15,Ob15.txt,high,10913,11207,294,2.939999999999412
15,Ob15.txt,low,11207,11221,14,0.139999999999972
15,Ob15.txt,high,11221,11222,1,0.009999999999998
15,Ob15.txt,low,11222,11261,39,0.389999999999922
15,Ob15.txt,high,11261,11297,36,0.359999999999928
15,Ob15.txt,low,11297,11338,41,0.409999999999918
15,Ob15.txt,high,11338,11520,182,1.819999999999636
15,Ob15.txt,low,11520,11522,2,0.019999999999996
15,Ob15.txt,high,11522,11523,1,0.009999999999998
15,Ob15.txt,low,11523,11525,2,0.019999999999996
15,Ob15.txt,high,11525,11611,86,0.859999999999828
15,Ob15.txt,low,11611,11623,12,0.119999999999976
15,Ob15.txt,high,11623,11782,159,1.5899999999996821
15,Ob15.txt,low,11782,11828,46,0.459999999999908
15,Ob15.txt,high,11828,11839,11,0.109999999999978
15,Ob15.txt,low,11839,12114,275,2.74999999999945
15,Ob15.txt,high,12114,12139,25,0.24999999999995
15,Ob15.txt,low,12139,12140,1,0.009999999999998
15,Ob15.txt,high,12140,12158,18,0.179999999999964
15,Ob15.txt,low,12158,12191,33,0.329999999999934
15,Ob15.txt,high,12191,12379,188,1.879999999999624
15,Ob15.txt,low,12379,12690,311,3.109999999999378
15,Ob15.txt,high,12690,12699,9,0.089999999999982
15,Ob15.txt,low,12699,12862,163,1.629999999999674
15,Ob15.txt,high,12862,12889,27,0.269999999999946
15,Ob15.txt,low,12889,12896,7,0.069999999999986
15,Ob15.txt,high,12896,12940,44,0.439999999999912
15,Ob15.txt,low,12940,12977,37,0.369999999999926
15,Ob15.txt,high,12977,12992,15,0.14999999999997
15,Ob15.txt,low,12992,13002,10,0.09999999999998
15,Ob15.txt,high,13002,13009,7,0.069999999999986
15,Ob15.txt,low,13009,13020,11,0.109999999999978
15,Ob15.txt,high,13020,13230,210,2.09999999999958
15,Ob15.txt,low,13230,13404,174,1.739999999999652
15,Ob15.txt,high,13404,13492,88,0.879999999999824
15,Ob15.txt,low,13492,13604,112,1.119999999999776
15,Ob15.txt,high,13604,13635,31,0.309999999999938
15,Ob15.txt,low,13635,13686,51,0.509999999999898
15,Ob15.txt,high,13686,13729,43,0.429999999999914
15,Ob15.txt,low,13729,13737,8,0.079999999999984
15,Ob15.txt,high,13737,13738,1,0.009999999999998
15,Ob15.txt,low,13738,13887,149,1.489999999999702
15,Ob15.txt,high,13887,13889,2,0.019999999999996
15,Ob15.txt,low,13889,13913,24,0.239999999999952
15,Ob15.txt,high,13913,13916,3,0.029999999999994
15,Ob15.txt,low,13916,14323,407,4.069999999999186
15,Ob15.txt,high,14323,14361,38,0.379999999999924
15,Ob15.txt,low,14361,14543,182,1.819999999999636
15,Ob15.txt,high,14543,14554,11,0.109999999999978
15,Ob15.txt,low,14554,14582,28,0.279999999999944
15,Ob15.txt,high,14582,14602,20,0.19999999999996
15,Ob15.txt,low,14602,14608,6,0.059999999999988
15,Ob15.txt,high,14608,14628,20,0.19999999999996
15,Ob15.txt,low,14628,14658,30,0.29999999999994
15,Ob15.txt,high,14658,14681,23,0.229999999999954
15,Ob15.txt,low,14681,14693,12,0.119999999999976
15,Ob15.txt,high,14693,14819,126,1.259999999999748
15,Ob15.txt,low,14819,14827,8,0.079999999999984
15,Ob15.txt,high,14827,14837,10,0.09999999999998
15,Ob15.txt,low,14837,14844,7,0.069999999999986
15,Ob15.txt,high,14844,15034,190,1.89999999999962
15,Ob15.txt,low,15034,15107,73,0.729999999999854
15,Ob15.txt,high,15107,15115,8,0.079999999999984
15,Ob15.txt,low,15115,15145,30,0.29999999999994
15,Ob15.txt,high,15145,15203,58,0.579999999999884
15,Ob15.txt,low,15203,15208,5,0.04999999999999
15,Ob15.txt,high,15208,15248,40,0.39999999999992
15,Ob15.txt,low,15248,15266,18,0.179999999999964
15,Ob15.txt,high,15266,15310,44,0.439999999999912
15,Ob15.txt,low,15310,15318,8,0.079999999999984
15,Ob15.txt,high,15318,15319,1,0.009999999999998
15,Ob15.txt,low,15319,15321,2,0.019999999999996
15,Ob15.txt,high,15321,15372,51,0.509999999999898
15,Ob15.txt,low,15372,15422,50,0.4999999999999
15,Ob15.txt,high,15422,15438,16,0.159999999999968
15,Ob15.txt,low,15438,15440,2,0.019999999999996
15,Ob15.txt,high,15440,15456,16,0.159999999999968
15,Ob15.txt,low,15456,15471,15,0.14999999999997
15,Ob15.txt,high,15471,15525,54,0.539999999999892
15,Ob15.txt,low,15525,15594,69,0.6899999999998621
15,Ob15.txt,high,15594,15973,379,3.789999999999242
15,Ob15.txt,low,15973,15980,7,0.069999999999986
15,Ob15.txt,high,15980,15988,8,0.079999999999984
15,Ob15.txt,low,15988,16001,13,0.129999999999974
15,Ob15.txt,high,16001,16195,194,1.939999999999612
15,Ob15.txt,low,16195,16255,60,0.59999999999988
15,Ob15.txt,high,16255,16260,5,0.04999999999999
15,Ob15.txt,low,16260,16279,19,0.189999999999962
15,Ob15.txt,high,16279,16314,35,0.34999999999993
15,Ob15.txt,low,16314,16327,13,0.129999999999974
15,Ob15.txt,high,16327,16384,57,0.569999999999886
15,Ob15.txt,low,16384,16386,2,0.019999999999996
15,Ob15.txt,high,16386,16399,13,0.129999999999974
15,Ob15.txt,low,16399,16408,9,0.089999999999982
15,Ob15.txt,high,16408,16494,86,0.859999999999828
15,Ob15.txt,low,16494,16551,57,0.569999999999886
15,Ob15.txt,high,16551,16556,5,0.04999999999999
15,Ob15.txt,low,16556,16557,1,0.009999999999998
15,Ob15.txt,high,16557,16599,42,0.419999999999916
15,Ob15.txt,low,16599,16609,10,0.09999999999998
15,Ob15.txt,high,16609,17001,392,3.919999999999216
15,Ob15.txt,low,17001,17025,24,0.239999999999952
15,Ob15.txt,high,17025,17062,37,0.369999999999926
15,Ob15.txt,low,17062,17076,14,0.139999999999972
15,Ob15.txt,high,17076,17094,18,0.179999999999964
15,Ob15.txt,low,17094,17101,7,0.069999999999986
15,Ob15.txt,high,17101,17115,14,0.139999999999972
15,Ob15.txt,low,17115,17201,86,0.859999999999828
15,Ob15.txt,high,17201,17296,95,0.94999999999981
15,Ob15.txt,low,17296,17396,100,0.9999999999998
15,Ob15.txt,high,17396,17426,30,0.29999999999994
15,Ob15.txt,low,17426,17482,56,0.559999999999888
15,Ob15.txt,high,17482,17498,16,0.159999999999968
15,Ob15.txt,low,17498,17499,1,0.009999999999998
15,Ob15.txt,high,17499,17829,330,3.29999999999934
15,Ob15.txt,low,17829,17858,29,0.289999999999942
15,Ob15.txt,high,17858,17883,25,0.24999999999995
15,Ob15.txt,low,17883,17887,4,0.039999999999992
15,Ob15.txt,high,17887,17893,6,0.059999999999988
15,Ob15.txt,low,17893,17898,5,0.04999999999999
15,Ob15.txt,high,17898,18034,136,1.359999999999728
15,Ob15.txt,low,18034,18088,54,0.539999999999892
15,Ob15.txt,high,18088,18091,3,0.029999999999994
15,Ob15.txt,low,18091,18093,2,0.019999999999996
15,Ob15.txt,high,18093,18152,59,0.589999999999882
15,Ob15.txt,low,18152,18156,4,0.039999999999992
15,Ob15.txt,high,18156,18179,23,0.229999999999954
15,Ob15.txt,low,18179,18183,4,0.039999999999992
15,Ob15.txt,high,18183,18316,133,1.329999999999734
15,Ob15.txt,low,18316,18569,253,2.529999999999494
15,Ob15.txt,high,18569,18604,35,0.34999999999993
15,Ob15.txt,low,18604,18668,64,0.639999999999872
15,Ob15.txt,high,18668,18681,13,0.129999999999974
15,Ob15.txt,low,18681,18752,71,0.709999999999858
15,Ob15.txt,high,18752,18758,6,0.059999999999988
15,Ob15.txt,low,18758,18990,232,2.319999999999536
15,Ob15.txt,high,18990,19103,113,1.129999999999774
15,Ob15.txt,low,19103,19208,105,1.04999999999979
15,Ob15.txt,high,19208,19225,17,0.169999999999966
15,Ob15.txt,low,19225,19229,4,0.039999999999992
15,Ob15.txt,high,19229,19392,163,1.629999999999674
15,Ob15.txt,low,19392,19418,26,0.259999999999948
15,Ob15.txt,high,19418,19424,6,0.059999999999988
15,Ob15.txt,low,19424,19454,30,0.29999999999994
15,Ob15.txt,high,19454,19554,100,0.9999999999998
15,Ob15.txt,low,19554,19571,17,0.169999999999966
15,Ob15.txt,high,19571,19587,16,0.159999999999968
15,Ob15.txt,low,19587,19594,7,0.069999999999986
15,Ob15.txt,high,19594,19611,17,0.169999999999966
15,Ob15.txt,low,19611,19624,13,0.129999999999974
15,Ob15.txt,high,19624,19636,12,0.119999999999976
15,Ob15.txt,low,19636,19665,29,0.289999999999942
15,Ob15.txt,high,19665,19746,81,0.809999999999838
15,Ob15.txt,low,19746,19778,32,0.319999999999936
15,Ob15.txt,high,19778,19958,180,1.79999999999964
15,Ob15.txt,low,19958,19989,31,0.309999999999938
16,Ob16.txt,low,0,386,386,3.859999999999228
16,Ob16.txt,high,386,486,100,0.9999999999998
16,Ob16.txt,low,486,553,67,0.669999999999866
16,Ob16.txt,high,553,588,35,0.34999999999993
16,Ob16.txt,low,588,988,400,3.9999999999992
16,Ob16.txt,high,988,1024,36,0.359999999999928
16,Ob16.txt,low,1024,1031,7,0.069999999999986
16,Ob16.txt,high,1031,1043,12,0.119999999999976
16,Ob16.txt,low,1043,1059,16,0.159999999999968
16,Ob16.txt,high,1059,1090,31,0.309999999999938
16,Ob16.txt,low,1090,1094,4,0.039999999999992
16,Ob16.txt,high,1094,1103,9,0.089999999999982
16,Ob16.txt,low,1103,1128,25,0.24999999999995
16,Ob16.txt,high,1128,1134,6,0.059999999999988
16,Ob16.txt,low,1134,1296,162,1.619999999999676
16,Ob16.txt,high,1296,1321,25,0.24999999999995
16,Ob16.txt,low,1321,2349,1028,10.279999999997944
16,Ob16.txt,high,2349,2352,3,0.029999999999994
16,Ob16.txt,low,2352,2379,27,0.269999999999946
16,Ob16.txt,high,2379,2396,17,0.169999999999966
16,Ob16.txt,low,2396,2402,6,0.059999999999988
16,Ob16.txt,high,2402,2409,7,0.069999999999986
16,Ob16.txt,low,2409,2492,83,0.829999999999834
16,Ob16.txt,high,2492,2561,69,0.6899999999998621
16,Ob16.txt,low,2561,2626,65,0.64999999999987
16,Ob16.txt,high,2626,2635,9,0.089999999999982
16,Ob16.txt,low,2635,2650,15,0.14999999999997
16,Ob16.txt,high,2650,2670,20,0.19999999999996
16,Ob16.txt,low,2670,2671,1,0.009999999999998
16,Ob16.txt,high,2671,2679,8,0.079999999999984
16,Ob16.txt,low,2679,2717,38,0.379999999999924
16,Ob16.txt,high,2717,2792,75,0.74999999999985
16,Ob16.txt,low,2792,2795,3,0.029999999999994
16,Ob16.txt,high,2795,2843,48,0.479999999999904
16,Ob16.txt,low,2843,2851,8,0.079999999999984
16,Ob16.txt,high,2851,2852,1,0.009999999999998
16,Ob16.txt,low,2852,2857,5,0.04999999999999
16,Ob16.txt,high,2857,2880,23,0.229999999999954
16,Ob16.txt,low,2880,2924,44,0.439999999999912
16,Ob16.txt,high,2924,2932,8,0.079999999999984
16,Ob16.txt,low,2932,2954,22,0.219999999999956
16,Ob16.txt,high,2954,2958,4,0.039999999999992
16,Ob16.txt,low,2958,2960,2,0.019999999999996
16,Ob16.txt,high,2960,2965,5,0.04999999999999
16,Ob16.txt,low,2965,2994,29,0.289999999999942
16,Ob16.txt,high,2994,3031,37,0.369999999999926
16,Ob16.txt,low,3031,3140,109,1.089999999999782
16,Ob16.txt,high,3140,3146,6,0.059999999999988
16,Ob16.txt,low,3146,3152,6,0.059999999999988
16,Ob16.txt,high,3152,3251,99,0.989999999999802
16,Ob16.txt,low,3251,3256,5,0.04999999999999
16,Ob16.txt,high,3256,3303,47,0.469999999999906
16,Ob16.txt,low,3303,3430,127,1.269999999999746
16,Ob16.txt,high,3430,3438,8,0.079999999999984
16,Ob16.txt,low,3438,3517,79,0.789999999999842
16,Ob16.txt,high,3517,3558,41,0.409999999999918
16,Ob16.txt,low,3558,3563,5,0.04999999999999
16,Ob16.txt,high,3563,3620,57,0.569999999999886
16,Ob16.txt,low,3620,3628,8,0.079999999999984
16,Ob16.txt,high,3628,3643,15,0.14999999999997
16,Ob16.txt,low,3643,3675,32,0.319999999999936
16,Ob16.txt,high,3675,3702,27,0.269999999999946
16,Ob16.txt,low,3702,3728,26,0.259999999999948
16,Ob16.txt,high,3728,3890,162,1.619999999999676
16,Ob16.txt,low,3890,3903,13,0.129999999999974
16,Ob16.txt,high,3903,3915,12,0.119999999999976
16,Ob16.txt,low,3915,3928,13,0.129999999999974
16,Ob16.txt,high,3928,3938,10,0.09999999999998
16,Ob16.txt,low,3938,3961,23,0.229999999999954
16,Ob16.txt,high,3961,4010,49,0.489999999999902
16,Ob16.txt,low,4010,4064,54,0.539999999999892
16,Ob16.txt,high,4064,4139,75,0.74999999999985
16,Ob16.txt,low,4139,4147,8,0.079999999999984
16,Ob16.txt,high,4147,4153,6,0.059999999999988
16,Ob16.txt,low,4153,4160,7,0.069999999999986
16,Ob16.txt,high,4160,4180,20,0.19999999999996
16,Ob16.txt,low,4180,4185,5,0.04999999999999
16,Ob16.txt,high,4185,4212,27,0.269999999999946
16,Ob16.txt,low,4212,4214,2,0.019999999999996
16,Ob16.txt,high,4214,4229,15,0.14999999999997
16,Ob16.txt,low,4229,4234,5,0.04999999999999
16,Ob16.txt,high,4234,4236,2,0.019999999999996
16,Ob16.txt,low,4236,4248,12,0.119999999999976
16,Ob16.txt,high,4248,4259,11,0.109999999999978
16,Ob16.txt,low,4259,4270,11,0.109999999999978
16,Ob16.txt,high,4270,4291,21,0.209999999999958
16,Ob16.txt,low,4291,4296,5,0.04999999999999
16,Ob16.txt,high,4296,4304,8,0.079999999999984
16,Ob16.txt,low,4304,4391,87,0.869999999999826
16,Ob16.txt,high,4391,4396,5,0.04999999999999
16,Ob16.txt,low,4396,4423,27,0.269999999999946
16,Ob16.txt,high,4423,4430,7,0.069999999999986
16,Ob16.txt,low,4430,4442,12,0.119999999999976
16,Ob16.txt,high,4442,4452,10,0.09999999999998
16,Ob16.txt,low,4452,4482,30,0.29999999999994
16,Ob16.txt,high,4482,4522,40,0.39999999999992
16,Ob16.txt,low,4522,4628,106,1.059999999999788
16,Ob16.txt,high,4628,4635,7,0.069999999999986
16,Ob16.txt,low,4635,4807,172,1.719999999999656
16,Ob16.txt,high,4807,4809,2,0.019999999999996
16,Ob16.txt,low,4809,4818,9,0.089999999999982
16,Ob16.txt,high,4818,4820,2,0.019999999999996
16,Ob16.txt,low,4820,4863,43,0.429999999999914
16,Ob16.txt,high,4863,4868,5,0.04999999999999
16,Ob16.txt,low,4868,4893,25,0.24999999999995
16,Ob16.txt,high,4893,4902,9,0.089999999999982
16,Ob16.txt,low,4902,4911,9,0.089999999999982
16,Ob16.txt,high,4911,4990,79,0.789999999999842
16,Ob16.txt,low,4990,5106,116,1.159999999999768
16,Ob16.txt,high,5106,5113,7,0.069999999999986
16,Ob16.txt,low,5113,5128,15,0.14999999999997
16,Ob16.txt,high,5128,5172,44,0.439999999999912
16,Ob16.txt,low,5172,5175,3,0.029999999999994
16,Ob16.txt,high,5175,5203,28,0.279999999999944
16,Ob16.txt,low,5203,5228,25,0.24999999999995
16,Ob16.txt,high,5228,5231,3,0.029999999999994
16,Ob16.txt,low,5231,5233,2,0.019999999999996
16,Ob16.txt,high,5233,5241,8,0.079999999999984
16,Ob16.txt,low,5241,5412,171,1.709999999999658
16,Ob16.txt,high,5412,5414,2,0.019999999999996
16,Ob16.txt,low,5414,5429,15,0.14999999999997
16,Ob16.txt,high,5429,5436,7,0.069999999999986
16,Ob16.txt,low,5436,5494,58,0.579999999999884
16,Ob16.txt,high,5494,5501,7,0.069999999999986
16,Ob16.txt,low,5501,5504,3,0.029999999999994
16,Ob16.txt,high,5504,5695,191,1.909999999999618
16,Ob16.txt,low,5695,5751,56,0.559999999999888
16,Ob16.txt,high,5751,5754,3,0.029999999999994
16,Ob16.txt,low,5754,5801,47,0.469999999999906
16,Ob16.txt,high,5801,5856,55,0.54999999999989
16,Ob16.txt,low,5856,5857,1,0.009999999999998
16,Ob16.txt,high,5857,6101,244,2.439999999999512
16,Ob16.txt,low,6101,6208,107,1.069999999999786
16,Ob16.txt,high,6208,6314,106,1.059999999999788
16,Ob16.txt,low,6314,6334,20,0.19999999999996
16,Ob16.txt,high,6334,6347,13,0.129999999999974
16,Ob16.txt,low,6347,6349,2,0.019999999999996
16,Ob16.txt,high,6349,6417,68,0.679999999999864
16,Ob16.txt,low,6417,6432,15,0.14999999999997
16,Ob16.txt,high,6432,6440,8,0.079999999999984
16,Ob16.txt,low,6440,6511,71,0.709999999999858
16,Ob16.txt,high,6511,6636,125,1.24999999999975
16,Ob16.txt,low,6636,6659,23,0.229999999999954
16,Ob16.txt,high,6659,6885,226,2.259999999999548
16,Ob16.txt,low,6885,6910,25,0.24999999999995
16,Ob16.txt,high,6910,6970,60,0.59999999999988
16,Ob16.txt,low,6970,6988,18,0.179999999999964
16,Ob16.txt,high,6988,7027,39,0.389999999999922
16,Ob16.txt,low,7027,7094,67,0.669999999999866
16,Ob16.txt,high,7094,7111,17,0.169999999999966
16,Ob16.txt,low,7111,7117,6,0.059999999999988
16,Ob16.txt,high,7117,7118,1,0.009999999999998
16,Ob16.txt,low,7118,7120,2,0.019999999999996
16,Ob16.txt,high,7120,7253,133,1.329999999999734
16,Ob16.txt,low,7253,7260,7,0.069999999999986
16,Ob16.txt,high,7260,7264,4,0.039999999999992
16,Ob16.txt,low,7264,7371,107,1.069999999999786
16,Ob16.txt,high,7371,7382,11,0.109999999999978
16,Ob16.txt,low,7382,7461,79,0.789999999999842
16,Ob16.txt,high,7461,7462,1,0.009999999999998
16,Ob16.txt,low,7462,7465,3,0.029999999999994
16,Ob16.txt,high,7465,7466,1,0.009999999999998
16,Ob16.txt,low,7466,7469,3,0.029999999999994
16,Ob16.txt,high,7469,7505,36,0.359999999999928
16,Ob16.txt,low,7505,7538,33,0.329999999999934
16,Ob16.txt,high,7538,7546,8,0.079999999999984
16,Ob16.txt,low,7546,7611,65,0.64999999999987
16,Ob16.txt,high,7611,7647,36,0.359999999999928
16,Ob16.txt,low,7647,7654,7,0.069999999999986
16,Ob16.txt,high,7654,7828,174,1.739999999999652
16,Ob16.txt,low,7828,8006,178,1.779999999999644
16,Ob16.txt,high,8006,8041,35,0.34999999999993
16,Ob16.txt,low,8041,8044,3,0.029999999999994
16,Ob16.txt,high,8044,8117,73,0.729999999999854
16,Ob16.txt,low,8117,8133,16,0.159999999999968
16,Ob16.txt,high,8133,8137,4,0.039999999999992
16,Ob16.txt,low,8137,8143,6,0.059999999999988
16,Ob16.txt,high,8143,8290,147,1.469999999999706
16,Ob16.txt,low,8290,8294,4,0.039999999999992
16,Ob16.txt,high,8294,8295,1,0.009999999999998
16,Ob16.txt,low,8295,8306,11,0.109999999999978
16,Ob16.txt,high,8306,8377,71,0.709999999999858
16,Ob16.txt,low,8377,8439,62,0.619999999999876
16,Ob16.txt,high,8439,8515,76,0.759999999999848
16,Ob16.txt,low,8515,8532,17,0.169999999999966
16,Ob16.txt,high,8532,8765,233,2.329999999999534
16,Ob16.txt,low,8765,8768,3,0.029999999999994
16,Ob16.txt,high,8768,8808,40,0.39999999999992
16,Ob16.txt,low,8808,8835,27,0.269999999999946
16,Ob16.txt,high,8835,8844,9,0.089999999999982
16,Ob16.txt,low,8844,8847,3,0.029999999999994
16,Ob16.txt,high,8847,8856,9,0.089999999999982
16,Ob16.txt,low,8856,8858,2,0.019999999999996
16,Ob16.txt,high,8858,8862,4,0.039999999999992
16,Ob16.txt,low,8862,8866,4,0.039999999999992
16,Ob16.txt,high,8866,8907,41,0.409999999999918
16,Ob16.txt,low,8907,8914,7,0.069999999999986
16,Ob16.txt,high,8914,8923,9,0.089999999999982
16,Ob16.txt,low,8923,8935,12,0.119999999999976
16,Ob16.txt,high,8935,8936,1,0.009999999999998
16,Ob16.txt,low,8936,9246,310,3.09999999999938
16,Ob16.txt,high,9246,9249,3,0.029999999999994
16,Ob16.txt,low,9249,9274,25,0.24999999999995
16,Ob16.txt,high,9274,9280,6,0.059999999999988
16,Ob16.txt,low,9280,9393,113,1.129999999999774
16,Ob16.txt,high,9393,9446,53,0.529999999999894
16,Ob16.txt,low,9446,9476,30,0.29999999999994
16,Ob16.txt,high,9476,9479,3,0.029999999999994
16,Ob16.txt,low,9479,9513,34,0.339999999999932
16,Ob16.txt,high,9513,9550,37,0.369999999999926
16,Ob16.txt,low,9550,9568,18,0.179999999999964
16,Ob16.txt,high,9568,9571,3,0.029999999999994
16,Ob16.txt,low,9571,9572,1,0.009999999999998
16,Ob16.txt,high,9572,9573,1,0.009999999999998
16,Ob16.txt,low,9573,9588,15,0.14999999999997
16,Ob16.txt,high,9588,9619,31,0.309999999999938
16,Ob16.txt,low,9619,9630,11,0.109999999999978
16,Ob16.txt,high,9630,9634,4,0.039999999999992
16,Ob16.txt,low,9634,9660,26,0.259999999999948
16,Ob16.txt,high,9660,9661,1,0.009999999999998
16,Ob16.txt,low,9661,9721,60,0.59999999999988
16,Ob16.txt,high,9721,9780,59,0.589999999999882
16,Ob16.txt,low,9780,9834,54,0.539999999999892
16,Ob16.txt,high,9834,9987,153,1.529999999999694
16,Ob16.txt,low,9987,10007,20,0.19999999999996
16,Ob16.txt,high,10007,10025,18,0.179999999999964
16,Ob16.txt,low,10025,10028,3,0.029999999999994
16,Ob16.txt,high,10028,10042,14,0.139999999999972
16,Ob16.txt,low,10042,10043,1,0.009999999999998
16,Ob16.txt,high,10043,10069,26,0.259999999999948
16,Ob16.txt,low,10069,10215,146,1.459999999999708
16,Ob16.txt,high,10215,10232,17,0.169999999999966
16,Ob16.txt,low,10232,10234,2,0.019999999999996
16,Ob16.txt,high,10234,10422,188,1.879999999999624
16,Ob16.txt,low,10422,10445,23,0.229999999999954
16,Ob16.txt,high,10445,10448,3,0.029999999999994
16,Ob16.txt,low,10448,10454,6,0.059999999999988
16,Ob16.txt,high,10454,10455,1,0.009999999999998
16,Ob16.txt,low,10455,10517,62,0.619999999999876
16,Ob16.txt,high,10517,10586,69,0.6899999999998621
16,Ob16.txt,low,10586,10611,25,0.24999999999995
16,Ob16.txt,high,10611,10677,66,0.659999999999868
16,Ob16.txt,low,10677,10706,29,0.289999999999942
16,Ob16.txt,high,10706,10710,4,0.039999999999992
16,Ob16.txt,low,10710,10723,13,0.129999999999974
16,Ob16.txt,high,10723,10726,3,0.029999999999994
16,Ob16.txt,low,10726,10728,2,0.019999999999996
16,Ob16.txt,high,10728,10752,24,0.239999999999952
16,Ob16.txt,low,10752,10818,66,0.659999999999868
16,Ob16.txt,high,10818,10830,12,0.119999999999976
16,Ob16.txt,low,10830,10846,16,0.159999999999968
16,Ob16.txt,high,10846,10953,107,1.069999999999786
16,Ob16.txt,low,10953,10955,2,0.019999999999996
16,Ob16.txt,high,10955,10958,3,0.029999999999994
16,Ob16.txt,low,10958,11003,45,0.44999999999991
16,Ob16.txt,high,11003,11014,11,0.109999999999978
16,Ob16.txt,low,11014,11060,46,0.459999999999908
16,Ob16.txt,high,11060,11067,7,0.069999999999986
16,Ob16.txt,low,11067,11089,22,0.219999999999956
16,Ob16.txt,high,11089,11106,17,0.169999999999966
16,Ob16.txt,low,11106,11107,1,0.009999999999998
16,Ob16.txt,high,11107,11188,81,0.809999999999838
16,Ob16.txt,low,11188,11193,5,0.04999999999999
16,Ob16.txt,high,11193,11196,3,0.029999999999994
16,Ob16.txt,low,11196,11211,15,0.14999999999997
16,Ob16.txt,high,11211,11220,9,0.089999999999982
16,Ob16.txt,low,11220,11229,9,0.089999999999982
16,Ob16.txt,high,11229,11256,27,0.269999999999946
16,Ob16.txt,low,11256,11264,8,0.079999999999984
16,Ob16.txt,high,11264,11366,102,1.019999999999796
16,Ob16.txt,low,11366,11368,2,0.019999999999996
16,Ob16.txt,high,11368,11377,9,0.089999999999982
16,Ob16.txt,low,11377,11378,1,0.009999999999998
16,Ob16.txt,high,11378,11393,15,0.14999999999997
16,Ob16.txt,low,11393,11601,208,2.079999999999584
16,Ob16.txt,high,11601,11691,90,0.89999999999982
16,Ob16.txt,low,11691,11719,28,0.279999999999944
16,Ob16.txt,high,11719,11738,19,0.189999999999962
16,Ob16.txt,low,11738,11740,2,0.019999999999996
16,Ob16.txt,high,11740,11757,17,0.169999999999966
16,Ob16.txt,low,11757,11782,25,0.24999999999995
16,Ob16.txt,high,11782,11784,2,0.019999999999996
16,Ob16.txt,low,11784,11825,41,0.409999999999918
16,Ob16.txt,high,11825,11939,114,1.139999999999772
16,Ob16.txt,low,11939,12054,115,1.14999999999977
16,Ob16.txt,high,12054,12058,4,0.039999999999992
16,Ob16.txt,low,12058,12087,29,0.289999999999942
16,Ob16.txt,high,12087,12256,169,1.689999999999662
16,Ob16.txt,low,12256,12262,6,0.059999999999988
16,Ob16.txt,high,12262,12274,12,0.119999999999976
16,Ob16.txt,low,12274,12277,3,0.029999999999994
16,Ob16.txt,high,12277,12305,28,0.279999999999944
16,Ob16.txt,low,12305,12331,26,0.259999999999948
16,Ob16.txt,high,12331,12400,69,0.6899999999998621
16,Ob16.txt,low,12400,12401,1,0.009999999999998
16,Ob16.txt,high,12401,12424,23,0.229999999999954
16,Ob16.txt,low,12424,12425,1,0.009999999999998
16,Ob16.txt,high,12425,12546,121,1.209999999999758
16,Ob16.txt,low,12546,12550,4,0.039999999999992
16,Ob16.txt,high,12550,12596,46,0.459999999999908
16,Ob16.txt,low,12596,12603,7,0.069999999999986
16,Ob16.txt,high,12603,12604,1,0.009999999999998
16,Ob16.txt,low,12604,12611,7,0.069999999999986
16,Ob16.txt,high,12611,12636,25,0.24999999999995
16,Ob16.txt,low,12636,12653,17,0.169999999999966
16,Ob16.txt,high,12653,12666,13,0.129999999999974
16,Ob16.txt,low,12666,12676,10,0.09999999999998
16,Ob16.txt,high,12676,12998,322,3.219999999999356
16,Ob16.txt,low,12998,13001,3,0.029999999999994
16,Ob16.txt,high,13001,13013,12,0.119999999999976
16,Ob16.txt,low,13013,13099,86,0.859999999999828
16,Ob16.txt,high,13099,13164,65,0.64999999999987
16,Ob16.txt,low,13164,13171,7,0.069999999999986
16,Ob16.txt,high,13171,13174,3,0.029999999999994
16,Ob16.txt,low,13174,13176,2,0.019999999999996
16,Ob16.txt,high,13176,13180,4,0.039999999999992
16,Ob16.txt,low,13180,13257,77,0.769999999999846
16,Ob16.txt,high,13257,13279,22,0.219999999999956
16,Ob16.txt,low,13279,13319,40,0.39999999999992
16,Ob16.txt,high,13319,13333,14,0.139999999999972
16,Ob16.txt,low,13333,13360,27,0.269999999999946
16,Ob16.txt,high,13360,13431,71,0.709999999999858
16,Ob16.txt,low,13431,13433,2,0.019999999999996
16,Ob16.txt,high,13433,13530,97,0.969999999999806
16,Ob16.txt,low,13530,13550,20,0.19999999999996
16,Ob16.txt,high,13550,13559,9,0.089999999999982
16,Ob16.txt,low,13559,13562,3,0.029999999999994
16,Ob16.txt,high,13562,13591,29,0.289999999999942
16,Ob16.txt,low,13591,13634,43,0.429999999999914
16,Ob16.txt,high,13634,13638,4,0.039999999999992
16,Ob16.txt,low,13638,13646,8,0.079999999999984
16,Ob16.txt,high,13646,13650,4,0.039999999999992
16,Ob16.txt,low,13650,13656,6,0.059999999999988
16,Ob16.txt,high,13656,13867,211,2.109999999999578
16,Ob16.txt,low,13867,13870,3,0.029999999999994
16,Ob16.txt,high,13870,13942,72,0.719999999999856
16,Ob16.txt,low,13942,13960,18,0.179999999999964
16,Ob16.txt,high,13960,13976,16,0.159999999999968
16,Ob16.txt,low,13976,14008,32,0.319999999999936
16,Ob16.txt,high,14008,14054,46,0.459999999999908
16,Ob16.txt,low,14054,14066,12,0.119999999999976
16,Ob16.txt,high,14066,14286,220,2.19999999999956
16,Ob16.txt,low,14286,14295,9,0.089999999999982
16,Ob16.txt,high,14295,14340,45,0.44999999999991
16,Ob16.txt,low,14340,14393,53,0.529999999999894
16,Ob16.txt,high,14393,14400,7,0.069999999999986
16,Ob16.txt,low,14400,14419,19,0.189999999999962
16,Ob16.txt,high,14419,14430,11,0.109999999999978
16,Ob16.txt,low,14430,14442,12,0.119999999999976
16,Ob16.txt,high,14442,14447,5,0.04999999999999
16,Ob16.txt,low,14447,14480,33,0.329999999999934
16,Ob16.txt,high,14480,14483,3,0.029999999999994
16,Ob16.txt,low,14483,14496,13,0.129999999999974
16,Ob16.txt,high,14496,14682,186,1.859999999999628
16,Ob16.txt,low,14682,14683,1,0.009999999999998
16,Ob16.txt,high,14683,14691,8,0.079999999999984
16,Ob16.txt,low,14691,14692,1,0.009999999999998
16,Ob16.txt,high,14692,14694,2,0.019999999999996
16,Ob16.txt,low,14694,14868,174,1.739999999999652
16,Ob16.txt,high,14868,15022,154,1.539999999999692
16,Ob16.txt,low,15022,15067,45,0.44999999999991
16,Ob16.txt,high,15067,15077,10,0.09999999999998
16,Ob16.txt,low,15077,15080,3,0.029999999999994
16,Ob16.txt,high,15080,15121,41,0.409999999999918
16,Ob16.txt,low,15121,15123,2,0.019999999999996
16,Ob16.txt,high,15123,15131,8,0.079999999999984
16,Ob16.txt,low,15131,15134,3,0.029999999999994
16,Ob16.txt,high,15134,15249,115,1.14999999999977
16,Ob16.txt,low,15249,15252,3,0.029999999999994
16,Ob16.txt,high,15252,15268,16,0.159999999999968
16,Ob16.txt,low,15268,15269,1,0.009999999999998
16,Ob16.txt,high,15269,15272,3,0.029999999999994
16,Ob16.txt,low,15272,15282,10,0.09999999999998
16,Ob16.txt,high,15282,15293,11,0.109999999999978
16,Ob16.txt,low,15293,15297,4,0.039999999999992
16,Ob16.txt,high,15297,15301,4,0.039999999999992
16,Ob16.txt,low,15301,15309,8,0.079999999999984
16,Ob16.txt,high,15309,15317,8,0.079999999999984
16,Ob16.txt,low,15317,15321,4,0.039999999999992
16,Ob16.txt,high,15321,15484,163,1.629999999999674
16,Ob16.txt,low,15484,15486,2,0.019999999999996
16,Ob16.txt,high,15486,15513,27,0.269999999999946
16,Ob16.txt,low,15513,15532,19,0.189999999999962
16,Ob16.txt,high,15532,15572,40,0.39999999999992
16,Ob16.txt,low,15572,15585,13,0.129999999999974
16,Ob16.txt,high,15585,15659,74,0.739999999999852
16,Ob16.txt,low,15659,15664,5,0.04999999999999
16,Ob16.txt,high,15664,15893,229,2.289999999999542
16,Ob16.txt,low,15893,15921,28,0.279999999999944
16,Ob16.txt,high,15921,15928,7,0.069999999999986
16,Ob16.txt,low,15928,15930,2,0.019999999999996
16,Ob16.txt,high,15930,15942,12,0.119999999999976
16,Ob16.txt,low,15942,15951,9,0.089999999999982
16,Ob16.txt,high,15951,15953,2,0.019999999999996
16,Ob16.txt,low,15953,15958,5,0.04999999999999
16,Ob16.txt,high,15958,15964,6,0.059999999999988
16,Ob16.txt,low,15964,16037,73,0.729999999999854
16,Ob16.txt,high,16037,16038,1,0.009999999999998
16,Ob16.txt,low,16038,16044,6,0.059999999999988
16,Ob16.txt,high,16044,16216,172,1.719999999999656
16,Ob16.txt,low,16216,16217,1,0.009999999999998
16,Ob16.txt,high,16217,16225,8,0.079999999999984
16,Ob16.txt,low,16225,16273,48,0.479999999999904
16,Ob16.txt,high,16273,16326,53,0.529999999999894
16,Ob16.txt,low,16326,16339,13,0.129999999999974
16,Ob16.txt,high,16339,16516,177,1.769999999999646
16,Ob16.txt,low,16516,16525,9,0.089999999999982
16,Ob16.txt,high,16525,16529,4,0.039999999999992
16,Ob16.txt,low,16529,16539,10,0.09999999999998
16,Ob16.txt,high,16539,16552,13,0.129999999999974
16,Ob16.txt,low,16552,16555,3,0.029999999999994
16,Ob16.txt,high,16555,16597,42,0.419999999999916
16,Ob16.txt,low,16597,16609,12,0.119999999999976
16,Ob16.txt,high,16609,16614,5,0.04999999999999
16,Ob16.txt,low,16614,16664,50,0.4999999999999
16,Ob16.txt,high,16664,16672,8,0.079999999999984
16,Ob16.txt,low,16672,16748,76,0.759999999999848
16,Ob16.txt,high,16748,16764,16,0.159999999999968
16,Ob16.txt,low,16764,16767,3,0.029999999999994
16,Ob16.txt,high,16767,16786,19,0.189999999999962
16,Ob16.txt,low,16786,16877,91,0.909999999999818
16,Ob16.txt,high,16877,16983,106,1.059999999999788
16,Ob16.txt,low,16983,17021,38,0.379999999999924
16,Ob16.txt,high,17021,17030,9,0.089999999999982
16,Ob16.txt,low,17030,17031,1,0.009999999999998
16,Ob16.txt,high,17031,17067,36,0.359999999999928
16,Ob16.txt,low,17067,17070,3,0.029999999999994
16,Ob16.txt,high,17070,17071,1,0.009999999999998
16,Ob16.txt,low,17071,17292,221,2.209999999999558
16,Ob16.txt,high,17292,17294,2,0.019999999999996
16,Ob16.txt,low,17294,17349,55,0.54999999999989
16,Ob16.txt,high,17349,17427,78,0.779999999999844
16,Ob16.txt,low,17427,17858,431,4.309999999999138
16,Ob16.txt,high,17858,17938,80,0.79999999999984
16,Ob16.txt,low,17938,18127,189,1.889999999999622
16,Ob16.txt,high,18127,18144,17,0.169999999999966
16,Ob16.txt,low,18144,18223,79,0.789999999999842
16,Ob16.txt,high,18223,18239,16,0.159999999999968
16,Ob16.txt,low,18239,18248,9,0.089999999999982
16,Ob16.txt,high,18248,18287,39,0.389999999999922
16,Ob16.txt,low,18287,18293,6,0.059999999999988
16,Ob16.txt,high,18293,18311,18,0.179999999999964
16,Ob16.txt,low,18311,18319,8,0.079999999999984
16,Ob16.txt,high,18319,18394,75,0.74999999999985
16,Ob16.txt,low,18394,18578,184,1.839999999999632
16,Ob16.txt,high,18578,18613,35,0.34999999999993
16,Ob16.txt,low,18613,18616,3,0.029999999999994
16,Ob16.txt,high,18616,18666,50,0.4999999999999
16,Ob16.txt,low,18666,18706,40,0.39999999999992
16,Ob16.txt,high,18706,18710,4,0.039999999999992
16,Ob16.txt,low,18710,18711,1,0.009999999999998
16,Ob16.txt,high,18711,18720,9,0.089999999999982
16,Ob16.txt,low,18720,18727,7,0.069999999999986
16,Ob16.txt,high,18727,18730,3,0.029999999999994
16,Ob16.txt,low,18730,18767,37,0.369999999999926
16,Ob16.txt,high,18767,18778,11,0.109999999999978
16,Ob16.txt,low,18778,18837,59,0.589999999999882
16,Ob16.txt,high,18837,18933,96,0.959999999999808
16,Ob16.txt,low,18933,18934,1,0.009999999999998
16,Ob16.txt,high,18934,18948,14,0.139999999999972
16,Ob16.txt,low,18948,18952,4,0.039999999999992
16,Ob16.txt,high,18952,19009,57,0.569999999999886
16,Ob16.txt,low,19009,19017,8,0.079999999999984
16,Ob16.txt,high,19017,19022,5,0.04999999999999
16,Ob16.txt,low,19022,19044,22,0.219999999999956
16,Ob16.txt,high,19044,19064,20,0.19999999999996
16,Ob16.txt,low,19064,19071,7,0.069999999999986
16,Ob16.txt,high,19071,19082,11,0.109999999999978
16,Ob16.txt,low,19082,19089,7,0.069999999999986
16,Ob16.txt,high,19089,19096,7,0.069999999999986
16,Ob16.txt,low,19096,19129,33,0.329999999999934
16,Ob16.txt,high,19129,19134,5,0.04999999999999
16,Ob16.txt,low,19134,19155,21,0.209999999999958
16,Ob16.txt,high,19155,19157,2,0.019999999999996
16,Ob16.txt,low,19157,19166,9,0.089999999999982
16,Ob16.txt,high,19166,19257,91,0.909999999999818
16,Ob16.txt,low,19257,19270,13,0.129999999999974
16,Ob16.txt,high,19270,19299,29,0.289999999999942
16,Ob16.txt,low,19299,19303,4,0.039999999999992
16,Ob16.txt,high,19303,19306,3,0.029999999999994
16,Ob16.txt,low,19306,19671,365,3.64999999999927
16,Ob16.txt,high,19671,19702,31,0.309999999999938
16,Ob16.txt,low,19702,19705,3,0.029999999999994
16,Ob16.txt,high,19705,19821,116,1.159999999999768
16,Ob16.txt,low,19821,19840,19,0.189999999999962
16,Ob16.txt,high,19840,19989,149,1.489999999999702
17,Ob17.txt,low,0,119,119,1.189999999999762
17,Ob17.txt,high,119,212,93,0.929999999999814
17,Ob17.txt,low,212,410,198,1.979999999999604
17,Ob17.txt,high,410,656,246,2.459999999999508
17,Ob17.txt,low,656,878,222,2.219999999999556
17,Ob17.txt,high,878,1276,398,3.979999999999204
17,Ob17.txt,low,1276,1306,30,0.29999999999994
17,Ob17.txt,high,1306,1331,25,0.24999999999995
17,Ob17.txt,low,1331,1384,53,0.529999999999894
17,Ob17.txt,high,1384,1438,54,0.539999999999892
17,Ob17.txt,low,1438,1548,110,1.09999999999978
17,Ob17.txt,high,1548,1558,10,0.09999999999998
17,Ob17.txt,low,1558,1582,24,0.239999999999952
17,Ob17.txt,high,1582,1778,196,1.959999999999608
17,Ob17.txt,low,1778,1843,65,0.64999999999987
17,Ob17.txt,high,1843,1903,60,0.59999999999988
17,Ob17.txt,low,1903,2102,199,1.989999999999602
17,Ob17.txt,high,2102,2103,1,0.009999999999998
17,Ob17.txt,low,2103,2250,147,1.469999999999706
17,Ob17.txt,high,2250,2274,24,0.239999999999952
17,Ob17.txt,low,2274,2322,48,0.479999999999904
17,Ob17.txt,high,2322,2451,129,1.289999999999742
17,Ob17.txt,low,2451,2452,1,0.009999999999998
17,Ob17.txt,high,2452,2455,3,0.029999999999994
17,Ob17.txt,low,2455,2463,8,0.079999999999984
17,Ob17.txt,high,2463,2942,479,4.789999999999042
17,Ob17.txt,low,2942,2970,28,0.279999999999944
17,Ob17.txt,high,2970,3418,448,4.479999999999104
17,Ob17.txt,low,3418,3445,27,0.269999999999946
17,Ob17.txt,high,3445,3833,388,3.879999999999224
17,Ob17.txt,low,3833,3889,56,0.559999999999888
17,Ob17.txt,high,3889,3910,21,0.209999999999958
17,Ob17.txt,low,3910,3914,4,0.039999999999992
17,Ob17.txt,high,3914,3925,11,0.109999999999978
17,Ob17.txt,low,3925,3940,15,0.14999999999997
17,Ob17.txt,high,3940,3954,14,0.139999999999972
17,Ob17.txt,low,3954,4216,262,2.619999999999476
17,Ob17.txt,high,4216,4481,265,2.64999999999947
17,Ob17.txt,low,4481,4531,50,0.4999999999999
17,Ob17.txt,high,4531,4604,73,0.729999999999854
17,Ob17.txt,low,4604,4639,35,0.34999999999993
17,Ob17.txt,high,4639,4681,42,0.419999999999916
17,Ob17.txt,low,4681,4738,57,0.569999999999886
17,Ob17.txt,high,4738,4743,5,0.04999999999999
17,Ob17.txt,low,4743,4751,8,0.079999999999984
17,Ob17.txt,high,4751,4774,23,0.229999999999954
17,Ob17.txt,low,4774,4852,78,0.779999999999844
17,Ob17.txt,high,4852,4883,31,0.309999999999938
17,Ob17.txt,low,4883,5021,138,1.3799999999997241
17,Ob17.txt,high,5021,5073,52,0.519999999999896
17,Ob17.txt,low,5073,5113,40,0.39999999999992
17,Ob17.txt,high,5113,5118,5,0.04999999999999
17,Ob17.txt,low,5118,5151,33,0.329999999999934
17,Ob17.txt,high,5151,5164,13,0.129999999999974
17,Ob17.txt,low,5164,5281,117,1.1699999999997661
17,Ob17.txt,high,5281,5293,12,0.119999999999976
17,Ob17.txt,low,5293,5351,58,0.579999999999884
17,Ob17.txt,high,5351,5430,79,0.789999999999842
17,Ob17.txt,low,5430,5483,53,0.529999999999894
17,Ob17.txt,high,5483,5528,45,0.44999999999991
17,Ob17.txt,low,5528,5531,3,0.029999999999994
17,Ob17.txt,high,5531,5606,75,0.74999999999985
17,Ob17.txt,low,5606,5875,269,2.689999999999462
17,Ob17.txt,high,5875,5962,87,0.869999999999826
17,Ob17.txt,low,5962,6603,641,6.409999999998718
17,Ob17.txt,high,6603,6611,8,0.079999999999984
17,Ob17.txt,low,6611,6632,21,0.209999999999958
17,Ob17.txt,high,6632,6685,53,0.529999999999894
17,Ob17.txt,low,6685,6713,28,0.279999999999944
17,Ob17.txt,high,6713,6730,17,0.169999999999966
17,Ob17.txt,low,6730,6769,39,0.389999999999922
17,Ob17.txt,high,6769,6781,12,0.119999999999976
17,Ob17.txt,low,6781,6922,141,1.409999999999718
17,Ob17.txt,high,6922,6931,9,0.089999999999982
17,Ob17.txt,low,6931,6939,8,0.079999999999984
17,Ob17.txt,high,6939,7013,74,0.739999999999852
17,Ob17.txt,low,7013,7016,3,0.029999999999994
17,Ob17.txt,high,7016,7531,515,5.14999999999897
17,Ob17.txt,low,7531,7580,49,0.489999999999902
17,Ob17.txt,high,7580,7595,15,0.14999999999997
17,Ob17.txt,low,7595,7687,92,0.919999999999816
17,Ob17.txt,high,7687,7812,125,1.24999999999975
17,Ob17.txt,low,7812,8078,266,2.659999999999468
17,Ob17.txt,high,8078,8120,42,0.419999999999916
17,Ob17.txt,low,8120,8207,87,0.869999999999826
17,Ob17.txt,high,8207,8222,15,0.14999999999997
17,Ob17.txt,low,8222,8226,4,0.039999999999992
17,Ob17.txt,high,8226,8249,23,0.229999999999954
17,Ob17.txt,low,8249,8253,4,0.039999999999992
17,Ob17.txt,high,8253,8310,57,0.569999999999886
17,Ob17.txt,low,8310,8473,163,1.629999999999674
17,Ob17.txt,high,8473,8531,58,0.579999999999884
17,Ob17.txt,low,8531,8545,14,0.139999999999972
17,Ob17.txt,high,8545,8614,69,0.6899999999998621
17,Ob17.txt,low,8614,8627,13,0.129999999999974
17,Ob17.txt,high,8627,8644,17,0.169999999999966
17,Ob17.txt,low,8644,8653,9,0.089999999999982
17,Ob17.txt,high,8653,8799,146,1.459999999999708
17,Ob17.txt,low,8799,8933,134,1.339999999999732
17,Ob17.txt,high,8933,9000,67,0.669999999999866
17,Ob17.txt,low,9000,9030,30,0.29999999999994
17,Ob17.txt,high,9030,9113,83,0.829999999999834
17,Ob17.txt,low,9113,9133,20,0.19999999999996
17,Ob17.txt,high,9133,9139,6,0.059999999999988
17,Ob17.txt,low,9139,9177,38,0.379999999999924
17,Ob17.txt,high,9177,9347,170,1.69999999999966
17,Ob17.txt,low,9347,9385,38,0.379999999999924
17,Ob17.txt,high,9385,9428,43,0.429999999999914
17,Ob17.txt,low,9428,9458,30,0.29999999999994
17,Ob17.txt,high,9458,9477,19,0.189999999999962
17,Ob17.txt,low,9477,9504,27,0.269999999999946
17,Ob17.txt,high,9504,9585,81,0.809999999999838
17,Ob17.txt,low,9585,9664,79,0.789999999999842
17,Ob17.txt,high,9664,9797,133,1.329999999999734
17,Ob17.txt,low,9797,9846,49,0.489999999999902
17,Ob17.txt,high,9846,9875,29,0.289999999999942
17,Ob17.txt,low,9875,9930,55,0.54999999999989
17,Ob17.txt,high,9930,10053,123,1.229999999999754
17,Ob17.txt,low,10053,10071,18,0.179999999999964
17,Ob17.txt,high,10071,10316,245,2.44999999999951
17,Ob17.txt,low,10316,10427,111,1.109999999999778
17,Ob17.txt,high,10427,10609,182,1.819999999999636
17,Ob17.txt,low,10609,10694,85,0.84999999999983
17,Ob17.txt,high,10694,10995,301,3.009999999999398
17,Ob17.txt,low,10995,11016,21,0.209999999999958
17,Ob17.txt,high,11016,11031,15,0.14999999999997
17,Ob17.txt,low,11031,11037,6,0.059999999999988
17,Ob17.txt,high,11037,11110,73,0.729999999999854
17,Ob17.txt,low,11110,11195,85,0.84999999999983
17,Ob17.txt,high,11195,11454,259,2.589999999999482
17,Ob17.txt,low,11454,11499,45,0.44999999999991
17,Ob17.txt,high,11499,11555,56,0.559999999999888
17,Ob17.txt,low,11555,11556,1,0.009999999999998
17,Ob17.txt,high,11556,11634,78,0.779999999999844
17,Ob17.txt,low,11634,11674,40,0.39999999999992
17,Ob17.txt,high,11674,11697,23,0.229999999999954
17,Ob17.txt,low,11697,11703,6,0.059999999999988
17,Ob17.txt,high,11703,11708,5,0.04999999999999
17,Ob17.txt,low,11708,11742,34,0.339999999999932
17,Ob17.txt,high,11742,11861,119,1.189999999999762
17,Ob17.txt,low,11861,11916,55,0.54999999999989
17,Ob17.txt,high,11916,11925,9,0.089999999999982
17,Ob17.txt,low,11925,12133,208,2.079999999999584
17,Ob17.txt,high,12133,12163,30,0.29999999999994
17,Ob17.txt,low,12163,12166,3,0.029999999999994
17,Ob17.txt,high,12166,12249,83,0.829999999999834
17,Ob17.txt,low,12249,12285,36,0.359999999999928
17,Ob17.txt,high,12285,12332,47,0.469999999999906
17,Ob17.txt,low,12332,12410,78,0.779999999999844
17,Ob17.txt,high,12410,12431,21,0.209999999999958
17,Ob17.txt,low,12431,12453,22,0.219999999999956
17,Ob17.txt,high,12453,12508,55,0.54999999999989
17,Ob17.txt,low,12508,12597,89,0.889999999999822
17,Ob17.txt,high,12597,12626,29,0.289999999999942
17,Ob17.txt,low,12626,12627,1,0.009999999999998
17,Ob17.txt,high,12627,12695,68,0.679999999999864
17,Ob17.txt,low,12695,12761,66,0.659999999999868
17,Ob17.txt,high,12761,12764,3,0.029999999999994
17,Ob17.txt,low,12764,12773,9,0.089999999999982
17,Ob17.txt,high,12773,12807,34,0.339999999999932
17,Ob17.txt,low,12807,12873,66,0.659999999999868
17,Ob17.txt,high,12873,12895,22,0.219999999999956
17,Ob17.txt,low,12895,12910,15,0.14999999999997
17,Ob17.txt,high,12910,12983,73,0.729999999999854
17,Ob17.txt,low,12983,13096,113,1.129999999999774
17,Ob17.txt,high,13096,13100,4,0.039999999999992
17,Ob17.txt,low,13100,13205,105,1.04999999999979
17,Ob17.txt,high,13205,13209,4,0.039999999999992
17,Ob17.txt,low,13209,13262,53,0.529999999999894
17,Ob17.txt,high,13262,13292,30,0.29999999999994
17,Ob17.txt,low,13292,13295,3,0.029999999999994
17,Ob17.txt,high,13295,13315,20,0.19999999999996
17,Ob17.txt,low,13315,13456,141,1.409999999999718
17,Ob17.txt,high,13456,13488,32,0.319999999999936
17,Ob17.txt,low,13488,13509,21,0.209999999999958
17,Ob17.txt,high,13509,13550,41,0.409999999999918
17,Ob17.txt,low,13550,13575,25,0.24999999999995
17,Ob17.txt,high,13575,13577,2,0.019999999999996
17,Ob17.txt,low,13577,13618,41,0.409999999999918
17,Ob17.txt,high,13618,13626,8,0.079999999999984
17,Ob17.txt,low,13626,13652,26,0.259999999999948
17,Ob17.txt,high,13652,13764,112,1.119999999999776
17,Ob17.txt,low,13764,13865,101,1.009999999999798
17,Ob17.txt,high,13865,13907,42,0.419999999999916
17,Ob17.txt,low,13907,14334,427,4.269999999999146
17,Ob17.txt,high,14334,14370,36,0.359999999999928
17,Ob17.txt,low,14370,14373,3,0.029999999999994
17,Ob17.txt,high,14373,14377,4,0.039999999999992
17,Ob17.txt,low,14377,14815,438,4.379999999999124
17,Ob17.txt,high,14815,14922,107,1.069999999999786
17,Ob17.txt,low,14922,15065,143,1.429999999999714
17,Ob17.txt,high,15065,15281,216,2.159999999999568
17,Ob17.txt,low,15281,15295,14,0.139999999999972
17,Ob17.txt,high,15295,15524,229,2.289999999999542
17,Ob17.txt,low,15524,15633,109,1.089999999999782
17,Ob17.txt,high,15633,15880,247,2.469999999999506
17,Ob17.txt,low,15880,16076,196,1.959999999999608
17,Ob17.txt,high,16076,16161,85,0.84999999999983
17,Ob17.txt,low,16161,16173,12,0.119999999999976
17,Ob17.txt,high,16173,16186,13,0.129999999999974
17,Ob17.txt,low,16186,16308,122,1.219999999999756
17,Ob17.txt,high,16308,16313,5,0.04999999999999
17,Ob17.txt,low,16313,16467,154,1.539999999999692
17,Ob17.txt,high,16467,16517,50,0.4999999999999
17,Ob17.txt,low,16517,16524,7,0.069999999999986
17,Ob17.txt,high,16524,16568,44,0.439999999999912
17,Ob17.txt,low,16568,16579,11,0.109999999999978
17,Ob17.txt,high,16579,16587,8,0.079999999999984
17,Ob17.txt,low,16587,16935,348,3.479999999999304
17,Ob17.txt,high,16935,16975,40,0.39999999999992
17,Ob17.txt,low,16975,17093,118,1.179999999999764
17,Ob17.txt,high,17093,17202,109,1.089999999999782
17,Ob17.txt,low,17202,17324,122,1.219999999999756
17,Ob17.txt,high,17324,17340,16,0.159999999999968
17,Ob17.txt,low,17340,17436,96,0.959999999999808
17,Ob17.txt,high,17436,17513,77,0.769999999999846
17,Ob17.txt,low,17513,17533,20,0.19999999999996
17,Ob17.txt,high,17533,17537,4,0.039999999999992
17,Ob17.txt,low,17537,17664,127,1.269999999999746
17,Ob17.txt,high,17664,17735,71,0.709999999999858
17,Ob17.txt,low,17735,17813,78,0.779999999999844
17,Ob17.txt,high,17813,17829,16,0.159999999999968
17,Ob17.txt,low,17829,17849,20,0.19999999999996
17,Ob17.txt,high,17849,17931,82,0.819999999999836
17,Ob17.txt,low,17931,18448,517,5.169999999998966
17,Ob17.txt,high,18448,18451,3,0.029999999999994
17,Ob17.txt,low,18451,18460,9,0.089999999999982
17,Ob17.txt,high,18460,18865,405,4.04999999999919
17,Ob17.txt,low,18865,19080,215,2.14999999999957
17,Ob17.txt,high,19080,19088,8,0.079999999999984
17,Ob17.txt,low,19088,19096,8,0.079999999999984
17,Ob17.txt,high,19096,19109,13,0.129999999999974
17,Ob17.txt,low,19109,19111,2,0.019999999999996
17,Ob17.txt,high,19111,19174,63,0.629999999999874
17,Ob17.txt,low,19174,19202,28,0.279999999999944
17,Ob17.txt,high,19202,19434,232,2.319999999999536
17,Ob17.txt,low,19434,19483,49,0.489999999999902
17,Ob17.txt,high,19483,19752,269,2.689999999999462
17,Ob17.txt,low,19752,19990,238,2.379999999999524
18,Ob18.txt,high,0,213,213,2.129999999999574
18,Ob18.txt,low,213,215,2,0.019999999999996
18,Ob18.txt,high,215,651,436,4.359999999999128
18,Ob18.txt,low,651,715,64,0.639999999999872
18,Ob18.txt,high,715,879,164,1.639999999999672
18,Ob18.txt,low,879,907,28,0.279999999999944
18,Ob18.txt,high,907,924,17,0.169999999999966
18,Ob18.txt,low,924,929,5,0.04999999999999
18,Ob18.txt,high,929,1417,488,4.879999999999024
18,Ob18.txt,low,1417,1436,19,0.189999999999962
18,Ob18.txt,high,1436,1537,101,1.009999999999798
18,Ob18.txt,low,1537,1558,21,0.209999999999958
18,Ob18.txt,high,1558,1567,9,0.089999999999982
18,Ob18.txt,low,1567,1571,4,0.039999999999992
18,Ob18.txt,high,1571,1576,5,0.04999999999999
18,Ob18.txt,low,1576,1605,29,0.289999999999942
18,Ob18.txt,high,1605,1624,19,0.189999999999962
18,Ob18.txt,low,1624,1631,7,0.069999999999986
18,Ob18.txt,high,1631,1640,9,0.089999999999982
18,Ob18.txt,low,1640,1653,13,0.129999999999974
18,Ob18.txt,high,1653,1671,18,0.179999999999964
18,Ob18.txt,low,1671,1675,4,0.039999999999992
18,Ob18.txt,high,1675,1678,3,0.029999999999994
18,Ob18.txt,low,1678,1679,1,0.009999999999998
18,Ob18.txt,high,1679,1681,2,0.019999999999996
18,Ob18.txt,low,1681,1770,89,0.889999999999822
18,Ob18.txt,high,1770,1893,123,1.229999999999754
18,Ob18.txt,low,1893,1980,87,0.869999999999826
18,Ob18.txt,high,1980,1994,14,0.139999999999972
18,Ob18.txt,low,1994,1995,1,0.009999999999998
18,Ob18.txt,high,1995,2008,13,0.129999999999974
18,Ob18.txt,low,2008,2164,156,1.559999999999688
18,Ob18.txt,high,2164,2168,4,0.039999999999992
18,Ob18.txt,low,2168,2171,3,0.029999999999994
18,Ob18.txt,high,2171,2257,86,0.859999999999828
18,Ob18.txt,low,2257,2259,2,0.019999999999996
18,Ob18.txt,high,2259,2522,263,2.629999999999474
18,Ob18.txt,low,2522,2590,68,0.679999999999864
18,Ob18.txt,high,2590,2681,91,0.909999999999818
18,Ob18.txt,low,2681,2693,12,0.119999999999976
18,Ob18.txt,high,2693,2714,21,0.209999999999958
18,Ob18.txt,low,2714,2723,9,0.089999999999982
18,Ob18.txt,high,2723,2757,34,0.339999999999932
18,Ob18.txt,low,2757,2868,111,1.109999999999778
18,Ob18.txt,high,2868,3309,441,4.409999999999118
18,Ob18.txt,low,3309,3510,201,2.009999999999598
18,Ob18.txt,high,3510,3525,15,0.14999999999997
18,Ob18.txt,low,3525,3624,99,0.989999999999802
18,Ob18.txt,high,3624,3632,8,0.079999999999984
18,Ob18.txt,low,3632,3657,25,0.24999999999995
18,Ob18.txt,high,3657,3764,107,1.069999999999786
18,Ob18.txt,low,3764,3780,16,0.159999999999968
18,Ob18.txt,high,3780,3785,5,0.04999999999999
18,Ob18.txt,low,3785,3797,12,0.119999999999976
18,Ob18.txt,high,3797,3804,7,0.069999999999986
18,Ob18.txt,low,3804,3818,14,0.139999999999972
18,Ob18.txt,high,3818,4221,403,4.029999999999194
18,Ob18.txt,low,4221,4232,11,0.109999999999978
18,Ob18.txt,high,4232,4265,33,0.329999999999934
18,Ob18.txt,low,4265,4355,90,0.89999999999982
18,Ob18.txt,high,4355,4358,3,0.029999999999994
18,Ob18.txt,low,4358,4369,11,0.109999999999978
18,Ob18.txt,high,4369,4397,28,0.279999999999944
18,Ob18.txt,low,4397,4399,2,0.019999999999996
18,Ob18.txt,high,4399,4403,4,0.039999999999992
18,Ob18.txt,low,4403,4404,1,0.009999999999998
18,Ob18.txt,high,4404,4547,143,1.429999999999714
18,Ob18.txt,low,4547,4596,49,0.489999999999902
18,Ob18.txt,high,4596,4602,6,0.059999999999988
18,Ob18.txt,low,4602,4633,31,0.309999999999938
18,Ob18.txt,high,4633,4640,7,0.069999999999986
18,Ob18.txt,low,4640,4707,67,0.669999999999866
18,Ob18.txt,high,4707,4866,159,1.5899999999996821
18,Ob18.txt,low,4866,4880,14,0.139999999999972
18,Ob18.txt,high,4880,5084,204,2.039999999999592
18,Ob18.txt,low,5084,5094,10,0.09999999999998
18,Ob18.txt,high,5094,5104,10,0.09999999999998
18,Ob18.txt,low,5104,5214,110,1.09999999999978
18,Ob18.txt,high,5214,5256,42,0.419999999999916
18,Ob18.txt,low,5256,5304,48,0.479999999999904
18,Ob18.txt,high,5304,5354,50,0.4999999999999
18,Ob18.txt,low,5354,5362,8,0.079999999999984
18,Ob18.txt,high,5362,5393,31,0.309999999999938
18,Ob18.txt,low,5393,5396,3,0.029999999999994
18,Ob18.txt,high,5396,5397,1,0.009999999999998
18,Ob18.txt,low,5397,5507,110,1.09999999999978
18,Ob18.txt,high,5507,5513,6,0.059999999999988
18,Ob18.txt,low,5513,5581,68,0.679999999999864
18,Ob18.txt,high,5581,5611,30,0.29999999999994
18,Ob18.txt,low,5611,5618,7,0.069999999999986
18,Ob18.txt,high,5618,5643,25,0.24999999999995
18,Ob18.txt,low,5643,5686,43,0.429999999999914
18,Ob18.txt,high,5686,5751,65,0.64999999999987
18,Ob18.txt,low,5751,5772,21,0.209999999999958
18,Ob18.txt,high,5772,5854,82,0.819999999999836
18,Ob18.txt,low,5854,5944,90,0.89999999999982
18,Ob18.txt,high,5944,5962,18,0.179999999999964
18,Ob18.txt,low,5962,5963,1,0.009999999999998
18,Ob18.txt,high,5963,5987,24,0.239999999999952
18,Ob18.txt,low,5987,5997,10,0.09999999999998
18,Ob18.txt,high,5997,6310,313,3.129999999999374
18,Ob18.txt,low,6310,6359,49,0.489999999999902
18,Ob18.txt,high,6359,6362,3,0.029999999999994
18,Ob18.txt,low,6362,6363,1,0.009999999999998
18,Ob18.txt,high,6363,6391,28,0.279999999999944
18,Ob18.txt,low,6391,6429,38,0.379999999999924
18,Ob18.txt,high,6429,6491,62,0.619999999999876
18,Ob18.txt,low,6491,6493,2,0.019999999999996
18,Ob18.txt,high,6493,6500,7,0.069999999999986
18,Ob18.txt,low,6500,6501,1,0.009999999999998
18,Ob18.txt,high,6501,6520,19,0.189999999999962
18,Ob18.txt,low,6520,6583,63,0.629999999999874
18,Ob18.txt,high,6583,6588,5,0.04999999999999
18,Ob18.txt,low,6588,6597,9,0.089999999999982
18,Ob18.txt,high,6597,6889,292,2.919999999999416
18,Ob18.txt,low,6889,6910,21,0.209999999999958
18,Ob18.txt,high,6910,7017,107,1.069999999999786
18,Ob18.txt,low,7017,7030,13,0.129999999999974
18,Ob18.txt,high,7030,7047,17,0.169999999999966
18,Ob18.txt,low,7047,7149,102,1.019999999999796
18,Ob18.txt,high,7149,7159,10,0.09999999999998
18,Ob18.txt,low,7159,7160,1,0.009999999999998
18,Ob18.txt,high,7160,7164,4,0.039999999999992
18,Ob18.txt,low,7164,7177,13,0.129999999999974
18,Ob18.txt,high,7177,7182,5,0.04999999999999
18,Ob18.txt,low,7182,7289,107,1.069999999999786
18,Ob18.txt,high,7289,7294,5,0.04999999999999
18,Ob18.txt,low,7294,7296,2,0.019999999999996
18,Ob18.txt,high,7296,7326,30,0.29999999999994
18,Ob18.txt,low,7326,7327,1,0.009999999999998
18,Ob18.txt,high,7327,7339,12,0.119999999999976
18,Ob18.txt,low,7339,7366,27,0.269999999999946
18,Ob18.txt,high,7366,7511,145,1.44999999999971
18,Ob18.txt,low,7511,7537,26,0.259999999999948
18,Ob18.txt,high,7537,7546,9,0.089999999999982
18,Ob18.txt,low,7546,7564,18,0.179999999999964
18,Ob18.txt,high,7564,7575,11,0.109999999999978
18,Ob18.txt,low,7575,7712,137,1.369999999999726
18,Ob18.txt,high,7712,7713,1,0.009999999999998
18,Ob18.txt,low,7713,7728,15,0.14999999999997
18,Ob18.txt,high,7728,8007,279,2.789999999999442
18,Ob18.txt,low,8007,8156,149,1.489999999999702
18,Ob18.txt,high,8156,8159,3,0.029999999999994
18,Ob18.txt,low,8159,8172,13,0.129999999999974
18,Ob18.txt,high,8172,8180,8,0.079999999999984
18,Ob18.txt,low,8180,8181,1,0.009999999999998
18,Ob18.txt,high,8181,8189,8,0.079999999999984
18,Ob18.txt,low,8189,8256,67,0.669999999999866
18,Ob18.txt,high,8256,8300,44,0.439999999999912
18,Ob18.txt,low,8300,8366,66,0.659999999999868
18,Ob18.txt,high,8366,8368,2,0.019999999999996
18,Ob18.txt,low,8368,8372,4,0.039999999999992
18,Ob18.txt,high,8372,8382,10,0.09999999999998
18,Ob18.txt,low,8382,8491,109,1.089999999999782
18,Ob18.txt,high,8491,8611,120,1.19999999999976
18,Ob18.txt,low,8611,8711,100,0.9999999999998
18,Ob18.txt,high,8711,8836,125,1.24999999999975
18,Ob18.txt,low,8836,8840,4,0.039999999999992
18,Ob18.txt,high,8840,8860,20,0.19999999999996
18,Ob18.txt,low,8860,8871,11,0.109999999999978
18,Ob18.txt,high,8871,8941,70,0.69999999999986
18,Ob18.txt,low,8941,8943,2,0.019999999999996
18,Ob18.txt,high,8943,8945,2,0.019999999999996
18,Ob18.txt,low,8945,8946,1,0.009999999999998
18,Ob18.txt,high,8946,8947,1,0.009999999999998
18,Ob18.txt,low,8947,8948,1,0.009999999999998
18,Ob18.txt,high,8948,8953,5,0.04999999999999
18,Ob18.txt,low,8953,9029,76,0.759999999999848
18,Ob18.txt,high,9029,9235,206,2.059999999999588
18,Ob18.txt,low,9235,9281,46,0.459999999999908
18,Ob18.txt,high,9281,9282,1,0.009999999999998
18,Ob18.txt,low,9282,9284,2,0.019999999999996
18,Ob18.txt,high,9284,9324,40,0.39999999999992
18,Ob18.txt,low,9324,9328,4,0.039999999999992
18,Ob18.txt,high,9328,9370,42,0.419999999999916
18,Ob18.txt,low,9370,9372,2,0.019999999999996
18,Ob18.txt,high,9372,9376,4,0.039999999999992
18,Ob18.txt,low,9376,9379,3,0.029999999999994
18,Ob18.txt,high,9379,9381,2,0.019999999999996
18,Ob18.txt,low,9381,9387,6,0.059999999999988
18,Ob18.txt,high,9387,9388,1,0.009999999999998
18,Ob18.txt,low,9388,9390,2,0.019999999999996
18,Ob18.txt,high,9390,9527,137,1.369999999999726
18,Ob18.txt,low,9527,9533,6,0.059999999999988
18,Ob18.txt,high,9533,9562,29,0.289999999999942
18,Ob18.txt,low,9562,9563,1,0.009999999999998
18,Ob18.txt,high,9563,9565,2,0.019999999999996
18,Ob18.txt,low,9565,9723,158,1.579999999999684
18,Ob18.txt,high,9723,9728,5,0.04999999999999
18,Ob18.txt,low,9728,9747,19,0.189999999999962
18,Ob18.txt,high,9747,9762,15,0.14999999999997
18,Ob18.txt,low,9762,9854,92,0.919999999999816
18,Ob18.txt,high,9854,9862,8,0.079999999999984
18,Ob18.txt,low,9862,9945,83,0.829999999999834
18,Ob18.txt,high,9945,9967,22,0.219999999999956
18,Ob18.txt,low,9967,10059,92,0.919999999999816
18,Ob18.txt,high,10059,10147,88,0.879999999999824
18,Ob18.txt,low,10147,10234,87,0.869999999999826
18,Ob18.txt,high,10234,10250,16,0.159999999999968
18,Ob18.txt,low,10250,10262,12,0.119999999999976
18,Ob18.txt,high,10262,10340,78,0.779999999999844
18,Ob18.txt,low,10340,10341,1,0.009999999999998
18,Ob18.txt,high,10341,10343,2,0.019999999999996
18,Ob18.txt,low,10343,10345,2,0.019999999999996
18,Ob18.txt,high,10345,10348,3,0.029999999999994
18,Ob18.txt,low,10348,10534,186,1.859999999999628
18,Ob18.txt,high,10534,10665,131,1.309999999999738
18,Ob18.txt,low,10665,10671,6,0.059999999999988
18,Ob18.txt,high,10671,10705,34,0.339999999999932
18,Ob18.txt,low,10705,10706,1,0.009999999999998
18,Ob18.txt,high,10706,10709,3,0.029999999999994
18,Ob18.txt,low,10709,10729,20,0.19999999999996
18,Ob18.txt,high,10729,10741,12,0.119999999999976
18,Ob18.txt,low,10741,11069,328,3.279999999999344
18,Ob18.txt,high,11069,11119,50,0.4999999999999
18,Ob18.txt,low,11119,11339,220,2.19999999999956
18,Ob18.txt,high,11339,11376,37,0.369999999999926
18,Ob18.txt,low,11376,11416,40,0.39999999999992
18,Ob18.txt,high,11416,11495,79,0.789999999999842
18,Ob18.txt,low,11495,11497,2,0.019999999999996
18,Ob18.txt,high,11497,11669,172,1.719999999999656
18,Ob18.txt,low,11669,11670,1,0.009999999999998
18,Ob18.txt,high,11670,11803,133,1.329999999999734
18,Ob18.txt,low,11803,12241,438,4.379999999999124
18,Ob18.txt,high,12241,12318,77,0.769999999999846
18,Ob18.txt,low,12318,12336,18,0.179999999999964
18,Ob18.txt,high,12336,12355,19,0.189999999999962
18,Ob18.txt,low,12355,12359,4,0.039999999999992
18,Ob18.txt,high,12359,12398,39,0.389999999999922
18,Ob18.txt,low,12398,12542,144,1.439999999999712
18,Ob18.txt,high,12542,12664,122,1.219999999999756
18,Ob18.txt,low,12664,12671,7,0.069999999999986
18,Ob18.txt,high,12671,12687,16,0.159999999999968
18,Ob18.txt,low,12687,12709,22,0.219999999999956
18,Ob18.txt,high,12709,12869,160,1.59999999999968
18,Ob18.txt,low,12869,13017,148,1.479999999999704
18,Ob18.txt,high,13017,13050,33,0.329999999999934
18,Ob18.txt,low,13050,13158,108,1.079999999999784
18,Ob18.txt,high,13158,13159,1,0.009999999999998
18,Ob18.txt,low,13159,13206,47,0.469999999999906
18,Ob18.txt,high,13206,13370,164,1.639999999999672
18,Ob18.txt,low,13370,13493,123,1.229999999999754
18,Ob18.txt,high,13493,13601,108,1.079999999999784
18,Ob18.txt,low,13601,13822,221,2.209999999999558
18,Ob18.txt,high,13822,13875,53,0.529999999999894
18,Ob18.txt,low,13875,13877,2,0.019999999999996
18,Ob18.txt,high,13877,13900,23,0.229999999999954
18,Ob18.txt,low,13900,13921,21,0.209999999999958
18,Ob18.txt,high,13921,13945,24,0.239999999999952
18,Ob18.txt,low,13945,13987,42,0.419999999999916
18,Ob18.txt,high,13987,14002,15,0.14999999999997
18,Ob18.txt,low,14002,14141,139,1.389999999999722
18,Ob18.txt,high,14141,14180,39,0.389999999999922
18,Ob18.txt,low,14180,14186,6,0.059999999999988
18,Ob18.txt,high,14186,14256,70,0.69999999999986
18,Ob18.txt,low,14256,14698,442,4.419999999999116
18,Ob18.txt,high,14698,14734,36,0.359999999999928
18,Ob18.txt,low,14734,14762,28,0.279999999999944
18,Ob18.txt,high,14762,14818,56,0.559999999999888
18,Ob18.txt,low,14818,14860,42,0.419999999999916
18,Ob18.txt,high,14860,14874,14,0.139999999999972
18,Ob18.txt,low,14874,15268,394,3.939999999999212
18,Ob18.txt,high,15268,15338,70,0.69999999999986
18,Ob18.txt,low,15338,15364,26,0.259999999999948
18,Ob18.txt,high,15364,15402,38,0.379999999999924
18,Ob18.txt,low,15402,15532,130,1.29999999999974
18,Ob18.txt,high,15532,15537,5,0.04999999999999
18,Ob18.txt,low,15537,15638,101,1.009999999999798
18,Ob18.txt,high,15638,15664,26,0.259999999999948
18,Ob18.txt,low,15664,15901,237,2.369999999999526
18,Ob18.txt,high,15901,16051,150,1.4999999999997
18,Ob18.txt,low,16051,16073,22,0.219999999999956
18,Ob18.txt,high,16073,16096,23,0.229999999999954
18,Ob18.txt,low,16096,16211,115,1.14999999999977
18,Ob18.txt,high,16211,16225,14,0.139999999999972
18,Ob18.txt,low,16225,16230,5,0.04999999999999
18,Ob18.txt,high,16230,16242,12,0.119999999999976
18,Ob18.txt,low,16242,16309,67,0.669999999999866
18,Ob18.txt,high,16309,16330,21,0.209999999999958
18,Ob18.txt,low,16330,16354,24,0.239999999999952
18,Ob18.txt,high,16354,16359,5,0.04999999999999
18,Ob18.txt,low,16359,16361,2,0.019999999999996
18,Ob18.txt,high,16361,16445,84,0.839999999999832
18,Ob18.txt,low,16445,16448,3,0.029999999999994
18,Ob18.txt,high,16448,16469,21,0.209999999999958
18,Ob18.txt,low,16469,16640,171,1.709999999999658
18,Ob18.txt,high,16640,16688,48,0.479999999999904
18,Ob18.txt,low,16688,16787,99,0.989999999999802
18,Ob18.txt,high,16787,16795,8,0.079999999999984
18,Ob18.txt,low,16795,16797,2,0.019999999999996
18,Ob18.txt,high,16797,16805,8,0.079999999999984
18,Ob18.txt,low,16805,16816,11,0.109999999999978
18,Ob18.txt,high,16816,16873,57,0.569999999999886
18,Ob18.txt,low,16873,17196,323,3.229999999999354
18,Ob18.txt,high,17196,17209,13,0.129999999999974
18,Ob18.txt,low,17209,17322,113,1.129999999999774
18,Ob18.txt,high,17322,17448,126,1.259999999999748
18,Ob18.txt,low,17448,17467,19,0.189999999999962
18,Ob18.txt,high,17467,17471,4,0.039999999999992
18,Ob18.txt,low,17471,17485,14,0.139999999999972
18,Ob18.txt,high,17485,17564,79,0.789999999999842
18,Ob18.txt,low,17564,17640,76,0.759999999999848
18,Ob18.txt,high,17640,17646,6,0.059999999999988
18,Ob18.txt,low,17646,17647,1,0.009999999999998
18,Ob18.txt,high,17647,17832,185,1.84999999999963
18,Ob18.txt,low,17832,17878,46,0.459999999999908
18,Ob18.txt,high,17878,17917,39,0.389999999999922
18,Ob18.txt,low,17917,17918,1,0.009999999999998
18,Ob18.txt,high,17918,17919,1,0.009999999999998
18,Ob18.txt,low,17919,18004,85,0.84999999999983
18,Ob18.txt,high,18004,18007,3,0.029999999999994
18,Ob18.txt,low,18007,18008,1,0.009999999999998
18,Ob18.txt,high,18008,18042,34,0.339999999999932
18,Ob18.txt,low,18042,18162,120,1.19999999999976
18,Ob18.txt,high,18162,18393,231,2.309999999999538
18,Ob18.txt,low,18393,18421,28,0.279999999999944
18,Ob18.txt,high,18421,18456,35,0.34999999999993
18,Ob18.txt,low,18456,18521,65,0.64999999999987
18,Ob18.txt,high,18521,18532,11,0.109999999999978
18,Ob18.txt,low,18532,18680,148,1.479999999999704
18,Ob18.txt,high,18680,18710,30,0.29999999999994
18,Ob18.txt,low,18710,18745,35,0.34999999999993
18,Ob18.txt,high,18745,18771,26,0.259999999999948
18,Ob18.txt,low,18771,19251,480,4.79999999999904
18,Ob18.txt,high,19251,19252,1,0.009999999999998
18,Ob18.txt,low,19252,19257,5,0.04999999999999
18,Ob18.txt,high,19257,19329,72,0.719999999999856
18,Ob18.txt,low,19329,19340,11,0.109999999999978
18,Ob18.txt,high,19340,19343,3,0.029999999999994
18,Ob18.txt,low,19343,19344,1,0.009999999999998
18,Ob18.txt,high,19344,19396,52,0.519999999999896
18,Ob18.txt,low,19396,19458,62,0.619999999999876
18,Ob18.txt,high,19458,19622,164,1.639999999999672
18,Ob18.txt,low,19622,19974,352,3.519999999999296
18,Ob18.txt,high,19974,19989,15,0.14999999999997
19,Ob19.txt,low,0,2,2,0.019999999999996
19,Ob19.txt,high,2,22,20,0.19999999999996
19,Ob19.txt,low,22,120,98,0.979999999999804
19,Ob19.txt,high,120,132,12,0.119999999999976
19,Ob19.txt,low,132,153,21,0.209999999999958
19,Ob19.txt,high,153,195,42,0.419999999999916
19,Ob19.txt,low,195,230,35,0.34999999999993
19,Ob19.txt,high,230,231,1,0.009999999999998
19,Ob19.txt,low,231,275,44,0.439999999999912
19,Ob19.txt,high,275,283,8,0.079999999999984
19,Ob19.txt,low,283,288,5,0.04999999999999
19,Ob19.txt,high,288,314,26,0.259999999999948
19,Ob19.txt,low,314,338,24,0.239999999999952
19,Ob19.txt,high,338,351,13,0.129999999999974
19,Ob19.txt,low,351,358,7,0.069999999999986
19,Ob19.txt,high,358,489,131,1.309999999999738
19,Ob19.txt,low,489,502,13,0.129999999999974
19,Ob19.txt,high,502,537,35,0.34999999999993
19,Ob19.txt,low,537,540,3,0.029999999999994
19,Ob19.txt,high,540,554,14,0.139999999999972
19,Ob19.txt,low,554,556,2,0.019999999999996
19,Ob19.txt,high,556,571,15,0.14999999999997
19,Ob19.txt,low,571,584,13,0.129999999999974
19,Ob19.txt,high,584,714,130,1.29999999999974
19,Ob19.txt,low,714,716,2,0.019999999999996
19,Ob19.txt,high,716,720,4,0.039999999999992
19,Ob19.txt,low,720,757,37,0.369999999999926
19,Ob19.txt,high,757,841,84,0.839999999999832
19,Ob19.txt,low,841,883,42,0.419999999999916
19,Ob19.txt,high,883,886,3,0.029999999999994
19,Ob19.txt,low,886,889,3,0.029999999999994
19,Ob19.txt,high,889,907,18,0.179999999999964
19,Ob19.txt,low,907,911,4,0.039999999999992
19,Ob19.txt,high,911,916,5,0.04999999999999
19,Ob19.txt,low,916,919,3,0.029999999999994
19,Ob19.txt,high,919,929,10,0.09999999999998
19,Ob19.txt,low,929,935,6,0.059999999999988
19,Ob19.txt,high,935,951,16,0.159999999999968
19,Ob19.txt,low,951,967,16,0.159999999999968
19,Ob19.txt,high,967,1012,45,0.44999999999991
19,Ob19.txt,low,1012,1021,9,0.089999999999982
19,Ob19.txt,high,1021,1141,120,1.19999999999976
19,Ob19.txt,low,1141,1149,8,0.079999999999984
19,Ob19.txt,high,1149,1259,110,1.09999999999978
19,Ob19.txt,low,1259,1263,4,0.039999999999992
19,Ob19.txt,high,1263,1330,67,0.669999999999866
19,Ob19.txt,low,1330,1338,8,0.079999999999984
19,Ob19.txt,high,1338,1365,27,0.269999999999946
19,Ob19.txt,low,1365,1373,8,0.079999999999984
19,Ob19.txt,high,1373,1375,2,0.019999999999996
19,Ob19.txt,low,1375,1386,11,0.109999999999978
19,Ob19.txt,high,1386,1387,1,0.009999999999998
19,Ob19.txt,low,1387,1430,43,0.429999999999914
19,Ob19.txt,high,1430,1441,11,0.109999999999978
19,Ob19.txt,low,1441,1447,6,0.059999999999988
19,Ob19.txt,high,1447,1591,144,1.439999999999712
19,Ob19.txt,low,1591,1596,5,0.04999999999999
19,Ob19.txt,high,1596,1655,59,0.589999999999882
19,Ob19.txt,low,1655,1810,155,1.54999999999969
19,Ob19.txt,high,1810,1842,32,0.319999999999936
19,Ob19.txt,low,1842,1862,20,0.19999999999996
19,Ob19.txt,high,1862,2008,146,1.459999999999708
19,Ob19.txt,low,2008,2073,65,0.64999999999987
19,Ob19.txt,high,2073,2726,653,6.529999999998694
19,Ob19.txt,low,2726,2733,7,0.069999999999986
19,Ob19.txt,high,2733,2878,145,1.44999999999971
19,Ob19.txt,low,2878,2899,21,0.209999999999958
19,Ob19.txt,high,2899,2941,42,0.419999999999916
19,Ob19.txt,low,2941,3050,109,1.089999999999782
19,Ob19.txt,high,3050,3059,9,0.089999999999982
19,Ob19.txt,low,3059,3110,51,0.509999999999898
19,Ob19.txt,high,3110,3213,103,1.029999999999794
19,Ob19.txt,low,3213,3290,77,0.769999999999846
19,Ob19.txt,high,3290,3295,5,0.04999999999999
19,Ob19.txt,low,3295,3324,29,0.289999999999942
19,Ob19.txt,high,3324,3465,141,1.409999999999718
19,Ob19.txt,low,3465,3472,7,0.069999999999986
19,Ob19.txt,high,3472,3628,156,1.559999999999688
19,Ob19.txt,low,3628,3637,9,0.089999999999982
19,Ob19.txt,high,3637,3740,103,1.029999999999794
19,Ob19.txt,low,3740,3752,12,0.119999999999976
19,Ob19.txt,high,3752,3754,2,0.019999999999996
19,Ob19.txt,low,3754,3794,40,0.39999999999992
19,Ob19.txt,high,3794,3974,180,1.79999999999964
19,Ob19.txt,low,3974,3978,4,0.039999999999992
19,Ob19.txt,high,3978,3979,1,0.009999999999998
19,Ob19.txt,low,3979,4031,52,0.519999999999896
19,Ob19.txt,high,4031,4036,5,0.04999999999999
19,Ob19.txt,low,4036,4037,1,0.009999999999998
19,Ob19.txt,high,4037,4270,233,2.329999999999534
19,Ob19.txt,low,4270,4272,2,0.019999999999996
19,Ob19.txt,high,4272,4370,98,0.979999999999804
19,Ob19.txt,low,4370,4372,2,0.019999999999996
19,Ob19.txt,high,4372,4407,35,0.34999999999993
19,Ob19.txt,low,4407,4540,133,1.329999999999734
19,Ob19.txt,high,4540,4557,17,0.169999999999966
19,Ob19.txt,low,4557,4559,2,0.019999999999996
19,Ob19.txt,high,4559,4560,1,0.009999999999998
19,Ob19.txt,low,4560,4565,5,0.04999999999999
19,Ob19.txt,high,4565,4668,103,1.029999999999794
19,Ob19.txt,low,4668,4678,10,0.09999999999998
19,Ob19.txt,high,4678,4683,5,0.04999999999999
19,Ob19.txt,low,4683,4750,67,0.669999999999866
19,Ob19.txt,high,4750,5257,507,5.069999999998986
19,Ob19.txt,low,5257,5297,40,0.39999999999992
19,Ob19.txt,high,5297,5655,358,3.579999999999284
19,Ob19.txt,low,5655,5675,20,0.19999999999996
19,Ob19.txt,high,5675,5679,4,0.039999999999992
19,Ob19.txt,low,5679,5683,4,0.039999999999992
19,Ob19.txt,high,5683,5694,11,0.109999999999978
19,Ob19.txt,low,5694,5718,24,0.239999999999952
19,Ob19.txt,high,5718,5740,22,0.219999999999956
19,Ob19.txt,low,5740,5745,5,0.04999999999999
19,Ob19.txt,high,5745,5754,9,0.089999999999982
19,Ob19.txt,low,5754,5760,6,0.059999999999988
19,Ob19.txt,high,5760,5773,13,0.129999999999974
19,Ob19.txt,low,5773,5775,2,0.019999999999996
19,Ob19.txt,high,5775,5779,4,0.039999999999992
19,Ob19.txt,low,5779,5912,133,1.329999999999734
19,Ob19.txt,high,5912,6048,136,1.359999999999728
19,Ob19.txt,low,6048,6103,55,0.54999999999989
19,Ob19.txt,high,6103,6108,5,0.04999999999999
19,Ob19.txt,low,6108,6111,3,0.029999999999994
19,Ob19.txt,high,6111,6205,94,0.939999999999812
19,Ob19.txt,low,6205,6377,172,1.719999999999656
19,Ob19.txt,high,6377,6384,7,0.069999999999986
19,Ob19.txt,low,6384,6385,1,0.009999999999998
19,Ob19.txt,high,6385,6752,367,3.669999999999266
19,Ob19.txt,low,6752,6799,47,0.469999999999906
19,Ob19.txt,high,6799,6836,37,0.369999999999926
19,Ob19.txt,low,6836,6838,2,0.019999999999996
19,Ob19.txt,high,6838,6842,4,0.039999999999992
19,Ob19.txt,low,6842,6852,10,0.09999999999998
19,Ob19.txt,high,6852,6916,64,0.639999999999872
19,Ob19.txt,low,6916,6919,3,0.029999999999994
19,Ob19.txt,high,6919,7205,286,2.859999999999428
19,Ob19.txt,low,7205,7395,190,1.89999999999962
19,Ob19.txt,high,7395,7427,32,0.319999999999936
19,Ob19.txt,low,7427,7494,67,0.669999999999866
19,Ob19.txt,high,7494,7584,90,0.89999999999982
19,Ob19.txt,low,7584,7587,3,0.029999999999994
19,Ob19.txt,high,7587,7599,12,0.119999999999976
19,Ob19.txt,low,7599,7828,229,2.289999999999542
19,Ob19.txt,high,7828,7832,4,0.039999999999992
19,Ob19.txt,low,7832,8002,170,1.69999999999966
19,Ob19.txt,high,8002,8028,26,0.259999999999948
19,Ob19.txt,low,8028,8211,183,1.829999999999634
19,Ob19.txt,high,8211,8212,1,0.009999999999998
19,Ob19.txt,low,8212,8479,267,2.669999999999466
19,Ob19.txt,high,8479,8533,54,0.539999999999892
19,Ob19.txt,low,8533,8682,149,1.489999999999702
19,Ob19.txt,high,8682,8694,12,0.119999999999976
19,Ob19.txt,low,8694,8701,7,0.069999999999986
19,Ob19.txt,high,8701,8727,26,0.259999999999948
19,Ob19.txt,low,8727,8854,127,1.269999999999746
19,Ob19.txt,high,8854,8858,4,0.039999999999992
19,Ob19.txt,low,8858,8945,87,0.869999999999826
19,Ob19.txt,high,8945,9208,263,2.629999999999474
19,Ob19.txt,low,9208,9220,12,0.119999999999976
19,Ob19.txt,high,9220,9235,15,0.14999999999997
19,Ob19.txt,low,9235,9319,84,0.839999999999832
19,Ob19.txt,high,9319,9617,298,2.979999999999404
19,Ob19.txt,low,9617,9620,3,0.029999999999994
19,Ob19.txt,high,9620,9680,60,0.59999999999988
19,Ob19.txt,low,9680,9687,7,0.069999999999986
19,Ob19.txt,high,9687,9860,173,1.729999999999654
19,Ob19.txt,low,9860,9866,6,0.059999999999988
19,Ob19.txt,high,9866,9877,11,0.109999999999978
19,Ob19.txt,low,9877,9982,105,1.04999999999979
19,Ob19.txt,high,9982,10026,44,0.439999999999912
19,Ob19.txt,low,10026,10093,67,0.669999999999866
19,Ob19.txt,high,10093,10100,7,0.069999999999986
19,Ob19.txt,low,10100,10107,7,0.069999999999986
19,Ob19.txt,high,10107,10163,56,0.559999999999888
19,Ob19.txt,low,10163,10332,169,1.689999999999662
19,Ob19.txt,high,10332,10407,75,0.74999999999985
19,Ob19.txt,low,10407,10446,39,0.389999999999922
19,Ob19.txt,high,10446,10496,50,0.4999999999999
19,Ob19.txt,low,10496,10516,20,0.19999999999996
19,Ob19.txt,high,10516,10527,11,0.109999999999978
19,Ob19.txt,low,10527,10579,52,0.519999999999896
19,Ob19.txt,high,10579,10583,4,0.039999999999992
19,Ob19.txt,low,10583,10598,15,0.14999999999997
19,Ob19.txt,high,10598,10622,24,0.239999999999952
19,Ob19.txt,low,10622,10623,1,0.009999999999998
19,Ob19.txt,high,10623,10669,46,0.459999999999908
19,Ob19.txt,low,10669,10677,8,0.079999999999984
19,Ob19.txt,high,10677,10682,5,0.04999999999999
19,Ob19.txt,low,10682,10694,12,0.119999999999976
19,Ob19.txt,high,10694,10742,48,0.479999999999904
19,Ob19.txt,low,10742,10748,6,0.059999999999988
19,Ob19.txt,high,10748,10749,1,0.009999999999998
19,Ob19.txt,low,10749,10763,14,0.139999999999972
19,Ob19.txt,high,10763,10766,3,0.029999999999994
19,Ob19.txt,low,10766,10768,2,0.019999999999996
19,Ob19.txt,high,10768,10800,32,0.319999999999936
19,Ob19.txt,low,10800,10809,9,0.089999999999982
19,Ob19.txt,high,10809,10843,34,0.339999999999932
19,Ob19.txt,low,10843,11123,280,2.79999999999944
19,Ob19.txt,high,11123,11161,38,0.379999999999924
19,Ob19.txt,low,11161,11270,109,1.089999999999782
19,Ob19.txt,high,11270,11344,74,0.739999999999852
19,Ob19.txt,low,11344,11360,16,0.159999999999968
19,Ob19.txt,high,11360,11362,2,0.019999999999996
19,Ob19.txt,low,11362,11369,7,0.069999999999986
19,Ob19.txt,high,11369,11432,63,0.629999999999874
19,Ob19.txt,low,11432,11435,3,0.029999999999994
19,Ob19.txt,high,11435,11436,1,0.009999999999998
19,Ob19.txt,low,11436,11546,110,1.09999999999978
19,Ob19.txt,high,11546,11781,235,2.34999999999953
19,Ob19.txt,low,11781,11789,8,0.079999999999984
19,Ob19.txt,high,11789,11790,1,0.009999999999998
19,Ob19.txt,low,11790,11957,167,1.669999999999666
19,Ob19.txt,high,11957,12049,92,0.919999999999816
19,Ob19.txt,low,12049,12132,83,0.829999999999834
19,Ob19.txt,high,12132,12138,6,0.059999999999988
19,Ob19.txt,low,12138,12142,4,0.039999999999992
19,Ob19.txt,high,12142,12176,34,0.339999999999932
19,Ob19.txt,low,12176,12179,3,0.029999999999994
19,Ob19.txt,high,12179,12182,3,0.029999999999994
19,Ob19.txt,low,12182,12185,3,0.029999999999994
19,Ob19.txt,high,12185,12271,86,0.859999999999828
19,Ob19.txt,low,12271,12277,6,0.059999999999988
19,Ob19.txt,high,12277,12285,8,0.079999999999984
19,Ob19.txt,low,12285,12429,144,1.439999999999712
19,Ob19.txt,high,12429,12552,123,1.229999999999754
19,Ob19.txt,low,12552,12579,27,0.269999999999946
19,Ob19.txt,high,12579,12609,30,0.29999999999994
19,Ob19.txt,low,12609,12653,44,0.439999999999912
19,Ob19.txt,high,12653,12717,64,0.639999999999872
19,Ob19.txt,low,12717,12728,11,0.109999999999978
19,Ob19.txt,high,12728,12730,2,0.019999999999996
19,Ob19.txt,low,12730,12813,83,0.829999999999834
19,Ob19.txt,high,12813,12939,126,1.259999999999748
19,Ob19.txt,low,12939,12941,2,0.019999999999996
19,Ob19.txt,high,12941,12952,11,0.109999999999978
19,Ob19.txt,low,12952,12958,6,0.059999999999988
19,Ob19.txt,high,12958,13023,65,0.64999999999987
19,Ob19.txt,low,13023,13141,118,1.179999999999764
19,Ob19.txt,high,13141,13170,29,0.289999999999942
19,Ob19.txt,low,13170,13506,336,3.359999999999328
19,Ob19.txt,high,13506,13557,51,0.509999999999898
19,Ob19.txt,low,13557,13562,5,0.04999999999999
19,Ob19.txt,high,13562,13571,9,0.089999999999982
19,Ob19.txt,low,13571,13578,7,0.069999999999986
19,Ob19.txt,high,13578,13591,13,0.129999999999974
19,Ob19.txt,low,13591,13686,95,0.94999999999981
19,Ob19.txt,high,13686,13703,17,0.169999999999966
19,Ob19.txt,low,13703,13737,34,0.339999999999932
19,Ob19.txt,high,13737,13739,2,0.019999999999996
19,Ob19.txt,low,13739,13745,6,0.059999999999988
19,Ob19.txt,high,13745,13764,19,0.189999999999962
19,Ob19.txt,low,13764,13771,7,0.069999999999986
19,Ob19.txt,high,13771,13778,7,0.069999999999986
19,Ob19.txt,low,13778,13877,99,0.989999999999802
19,Ob19.txt,high,13877,13905,28,0.279999999999944
19,Ob19.txt,low,13905,13989,84,0.839999999999832
19,Ob19.txt,high,13989,14175,186,1.859999999999628
19,Ob19.txt,low,14175,14267,92,0.919999999999816
19,Ob19.txt,high,14267,14296,29,0.289999999999942
19,Ob19.txt,low,14296,14308,12,0.119999999999976
19,Ob19.txt,high,14308,14313,5,0.04999999999999
19,Ob19.txt,low,14313,14316,3,0.029999999999994
19,Ob19.txt,high,14316,14488,172,1.719999999999656
19,Ob19.txt,low,14488,14684,196,1.959999999999608
19,Ob19.txt,high,14684,14693,9,0.089999999999982
19,Ob19.txt,low,14693,14792,99,0.989999999999802
19,Ob19.txt,high,14792,14797,5,0.04999999999999
19,Ob19.txt,low,14797,14799,2,0.019999999999996
19,Ob19.txt,high,14799,14808,9,0.089999999999982
19,Ob19.txt,low,14808,14840,32,0.319999999999936
19,Ob19.txt,high,14840,14888,48,0.479999999999904
19,Ob19.txt,low,14888,15016,128,1.279999999999744
19,Ob19.txt,high,15016,15020,4,0.039999999999992
19,Ob19.txt,low,15020,15027,7,0.069999999999986
19,Ob19.txt,high,15027,15029,2,0.019999999999996
19,Ob19.txt,low,15029,15035,6,0.059999999999988
19,Ob19.txt,high,15035,15077,42,0.419999999999916
19,Ob19.txt,low,15077,15131,54,0.539999999999892
19,Ob19.txt,high,15131,15132,1,0.009999999999998
19,Ob19.txt,low,15132,15137,5,0.04999999999999
19,Ob19.txt,high,15137,15140,3,0.029999999999994
19,Ob19.txt,low,15140,15166,26,0.259999999999948
19,Ob19.txt,high,15166,15344,178,1.779999999999644
19,Ob19.txt,low,15344,15355,11,0.109999999999978
19,Ob19.txt,high,15355,15458,103,1.029999999999794
19,Ob19.txt,low,15458,15473,15,0.14999999999997
19,Ob19.txt,high,15473,15516,43,0.429999999999914
19,Ob19.txt,low,15516,15522,6,0.059999999999988
19,Ob19.txt,high,15522,15546,24,0.239999999999952
19,Ob19.txt,low,15546,15552,6,0.059999999999988
19,Ob19.txt,high,15552,15553,1,0.009999999999998
19,Ob19.txt,low,15553,15605,52,0.519999999999896
19,Ob19.txt,high,15605,15699,94,0.939999999999812
19,Ob19.txt,low,15699,15707,8,0.079999999999984
19,Ob19.txt,high,15707,15755,48,0.479999999999904
19,Ob19.txt,low,15755,15759,4,0.039999999999992
19,Ob19.txt,high,15759,15769,10,0.09999999999998
19,Ob19.txt,low,15769,15781,12,0.119999999999976
19,Ob19.txt,high,15781,15787,6,0.059999999999988
19,Ob19.txt,low,15787,15908,121,1.209999999999758
19,Ob19.txt,high,15908,16114,206,2.059999999999588
19,Ob19.txt,low,16114,16227,113,1.129999999999774
19,Ob19.txt,high,16227,16240,13,0.129999999999974
19,Ob19.txt,low,16240,16251,11,0.109999999999978
19,Ob19.txt,high,16251,16320,69,0.6899999999998621
19,Ob19.txt,low,16320,16379,59,0.589999999999882
19,Ob19.txt,high,16379,16448,69,0.6899999999998621
19,Ob19.txt,low,16448,16464,16,0.159999999999968
19,Ob19.txt,high,16464,16574,110,1.09999999999978
19,Ob19.txt,low,16574,16660,86,0.859999999999828
19,Ob19.txt,high,16660,16714,54,0.539999999999892
19,Ob19.txt,low,16714,16762,48,0.479999999999904
19,Ob19.txt,high,16762,16774,12,0.119999999999976
19,Ob19.txt,low,16774,17026,252,2.519999999999496
19,Ob19.txt,high,17026,17029,3,0.029999999999994
19,Ob19.txt,low,17029,17050,21,0.209999999999958
19,Ob19.txt,high,17050,17194,144,1.439999999999712
19,Ob19.txt,low,17194,17295,101,1.009999999999798
19,Ob19.txt,high,17295,17300,5,0.04999999999999
19,Ob19.txt,low,17300,17304,4,0.039999999999992
19,Ob19.txt,high,17304,17307,3,0.029999999999994
19,Ob19.txt,low,17307,17317,10,0.09999999999998
19,Ob19.txt,high,17317,17338,21,0.209999999999958
19,Ob19.txt,low,17338,17343,5,0.04999999999999
19,Ob19.txt,high,17343,17348,5,0.04999999999999
19,Ob19.txt,low,17348,17354,6,0.059999999999988
19,Ob19.txt,high,17354,17441,87,0.869999999999826
19,Ob19.txt,low,17441,17527,86,0.859999999999828
19,Ob19.txt,high,17527,17640,113,1.129999999999774
19,Ob19.txt,low,17640,17729,89,0.889999999999822
19,Ob19.txt,high,17729,17738,9,0.089999999999982
19,Ob19.txt,low,17738,17788,50,0.4999999999999
19,Ob19.txt,high,17788,17859,71,0.709999999999858
19,Ob19.txt,low,17859,17876,17,0.169999999999966
19,Ob19.txt,high,17876,17878,2,0.019999999999996
19,Ob19.txt,low,17878,17908,30,0.29999999999994
19,Ob19.txt,high,17908,17928,20,0.19999999999996
19,Ob19.txt,low,17928,17982,54,0.539999999999892
19,Ob19.txt,high,17982,18220,238,2.379999999999524
19,Ob19.txt,low,18220,18265,45,0.44999999999991
19,Ob19.txt,high,18265,18280,15,0.14999999999997
19,Ob19.txt,low,18280,18331,51,0.509999999999898
19,Ob19.txt,high,18331,18345,14,0.139999999999972
19,Ob19.txt,low,18345,18377,32,0.319999999999936
19,Ob19.txt,high,18377,18490,113,1.129999999999774
19,Ob19.txt,low,18490,18585,95,0.94999999999981
19,Ob19.txt,high,18585,18652,67,0.669999999999866
19,Ob19.txt,low,18652,18664,12,0.119999999999976
19,Ob19.txt,high,18664,18736,72,0.719999999999856
19,Ob19.txt,low,18736,18748,12,0.119999999999976
19,Ob19.txt,high,18748,18751,3,0.029999999999994
19,Ob19.txt,low,18751,18864,113,1.129999999999774
19,Ob19.txt,high,18864,18870,6,0.059999999999988
19,Ob19.txt,low,18870,18872,2,0.019999999999996
19,Ob19.txt,high,18872,18919,47,0.469999999999906
19,Ob19.txt,low,18919,18920,1,0.009999999999998
19,Ob19.txt,high,18920,18956,36,0.359999999999928
19,Ob19.txt,low,18956,18991,35,0.34999999999993
19,Ob19.txt,high,18991,19087,96,0.959999999999808
19,Ob19.txt,low,19087,19096,9,0.089999999999982
19,Ob19.txt,high,19096,19155,59,0.589999999999882
19,Ob19.txt,low,19155,19248,93,0.929999999999814
19,Ob19.txt,high,19248,19328,80,0.79999999999984
19,Ob19.txt,low,19328,19352,24,0.239999999999952
19,Ob19.txt,high,19352,19364,12,0.119999999999976
19,Ob19.txt,low,19364,19373,9,0.089999999999982
19,Ob19.txt,high,19373,19428,55,0.54999999999989
19,Ob19.txt,low,19428,19432,4,0.039999999999992
19,Ob19.txt,high,19432,19438,6,0.059999999999988
19,Ob19.txt,low,19438,19648,210,2.09999999999958
19,Ob19.txt,high,19648,19656,8,0.079999999999984
19,Ob19.txt,low,19656,19685,29,0.289999999999942
19,Ob19.txt,high,19685,19694,9,0.089999999999982
19,Ob19.txt,low,19694,19699,5,0.04999999999999
19,Ob19.txt,high,19699,19701,2,0.019999999999996
19,Ob19.txt,low,19701,19702,1,0.009999999999998
19,Ob19.txt,high,19702,19990,288,2.879999999999424
19,Ob19.txt,low,19990,19997,7,0.069999999999986
19,Ob19.txt,high,19997,20104,107,1.069999999999786
19,Ob19.txt,low,20104,20152,48,0.479999999999904
19,Ob19.txt,high,20152,20163,11,0.109999999999978
19,Ob19.txt,low,20163,20513,350,3.4999999999993
19,Ob19.txt,high,20513,20516,3,0.029999999999994
19,Ob19.txt,low,20516,20532,16,0.159999999999968
19,Ob19.txt,high,20532,20588,56,0.559999999999888
19,Ob19.txt,low,20588,20598,10,0.09999999999998
19,Ob19.txt,high,20598,20686,88,0.879999999999824
19,Ob19.txt,low,20686,20690,4,0.039999999999992
19,Ob19.txt,high,20690,20779,89,0.889999999999822
19,Ob19.txt,low,20779,20839,60,0.59999999999988
19,Ob19.txt,high,20839,20852,13,0.129999999999974
19,Ob19.txt,low,20852,21002,150,1.4999999999997
19,Ob19.txt,high,21002,21023,21,0.209999999999958
19,Ob19.txt,low,21023,21029,6,0.059999999999988
19,Ob19.txt,high,21029,21046,17,0.169999999999966
19,Ob19.txt,low,21046,21048,2,0.019999999999996
19,Ob19.txt,high,21048,21064,16,0.159999999999968
19,Ob19.txt,low,21064,21099,35,0.34999999999993
19,Ob19.txt,high,21099,21213,114,1.139999999999772
19,Ob19.txt,low,21213,21230,17,0.169999999999966
19,Ob19.txt,high,21230,21257,27,0.269999999999946
19,Ob19.txt,low,21257,21331,74,0.739999999999852
19,Ob19.txt,high,21331,21439,108,1.079999999999784
19,Ob19.txt,low,21439,21473,34,0.339999999999932
19,Ob19.txt,high,21473,21507,34,0.339999999999932
19,Ob19.txt,low,21507,21544,37,0.369999999999926
19,Ob19.txt,high,21544,21734,190,1.89999999999962
19,Ob19.txt,low,21734,21739,5,0.04999999999999
19,Ob19.txt,high,21739,21745,6,0.059999999999988
19,Ob19.txt,low,21745,21801,56,0.559999999999888
19,Ob19.txt,high,21801,21876,75,0.74999999999985
19,Ob19.txt,low,21876,21886,10,0.09999999999998
19,Ob19.txt,high,21886,21900,14,0.139999999999972
19,Ob19.txt,low,21900,21920,20,0.19999999999996
19,Ob19.txt,high,21920,22006,86,0.859999999999828
19,Ob19.txt,low,22006,22075,69,0.6899999999998621
19,Ob19.txt,high,22075,22083,8,0.079999999999984
19,Ob19.txt,low,22083,22085,2,0.019999999999996
19,Ob19.txt,high,22085,22117,32,0.319999999999936
19,Ob19.txt,low,22117,22266,149,1.489999999999702
19,Ob19.txt,high,22266,22277,11,0.109999999999978
19,Ob19.txt,low,22277,22284,7,0.069999999999986
19,Ob19.txt,high,22284,22330,46,0.459999999999908
19,Ob19.txt,low,22330,22416,86,0.859999999999828
19,Ob19.txt,high,22416,22467,51,0.509999999999898
19,Ob19.txt,low,22467,22468,1,0.009999999999998
19,Ob19.txt,high,22468,22470,2,0.019999999999996
19,Ob19.txt,low,22470,22472,2,0.019999999999996
19,Ob19.txt,high,22472,22474,2,0.019999999999996
19,Ob19.txt,low,22474,22700,226,2.259999999999548
19,Ob19.txt,high,22700,22701,1,0.009999999999998
19,Ob19.txt,low,22701,22852,151,1.509999999999698
19,Ob19.txt,high,22852,22933,81,0.809999999999838
19,Ob19.txt,low,22933,22947,14,0.139999999999972
19,Ob19.txt,high,22947,22970,23,0.229999999999954
19,Ob19.txt,low,22970,22994,24,0.239999999999952
19,Ob19.txt,high,22994,23050,56,0.559999999999888
19,Ob19.txt,low,23050,23071,21,0.209999999999958
19,Ob19.txt,high,23071,23132,61,0.609999999999878
19,Ob19.txt,low,23132,23183,51,0.509999999999898
19,Ob19.txt,high,23183,23215,32,0.319999999999936
19,Ob19.txt,low,23215,23223,8,0.079999999999984
19,Ob19.txt,high,23223,23368,145,1.44999999999971
19,Ob19.txt,low,23368,23380,12,0.119999999999976
19,Ob19.txt,high,23380,23410,30,0.29999999999994
19,Ob19.txt,low,23410,23591,181,1.8099999999996381
19,Ob19.txt,high,23591,23633,42,0.419999999999916
19,Ob19.txt,low,23633,23728,95,0.94999999999981
19,Ob19.txt,high,23728,23810,82,0.819999999999836
19,Ob19.txt,low,23810,23822,12,0.119999999999976
19,Ob19.txt,high,23822,23873,51,0.509999999999898
19,Ob19.txt,low,23873,23878,5,0.04999999999999
19,Ob19.txt,high,23878,23880,2,0.019999999999996
19,Ob19.txt,low,23880,23934,54,0.539999999999892
19,Ob19.txt,high,23934,23946,12,0.119999999999976
19,Ob19.txt,low,23946,23952,6,0.059999999999988
19,Ob19.txt,high,23952,23958,6,0.059999999999988
19,Ob19.txt,low,23958,24033,75,0.74999999999985
19,Ob19.txt,high,24033,24042,9,0.089999999999982
19,Ob19.txt,low,24042,24050,8,0.079999999999984
19,Ob19.txt,high,24050,24266,216,2.159999999999568
19,Ob19.txt,low,24266,24268,2,0.019999999999996
19,Ob19.txt,high,24268,24324,56,0.559999999999888
19,Ob19.txt,low,24324,24667,343,3.429999999999314
19,Ob19.txt,high,24667,24673,6,0.059999999999988
19,Ob19.txt,low,24673,24788,115,1.14999999999977
19,Ob19.txt,high,24788,24795,7,0.069999999999986
19,Ob19.txt,low,24795,24804,9,0.089999999999982
19,Ob19.txt,high,24804,24817,13,0.129999999999974
19,Ob19.txt,low,24817,24824,7,0.069999999999986
19,Ob19.txt,high,24824,24902,78,0.779999999999844
19,Ob19.txt,low,24902,25222,320,3.19999999999936
19,Ob19.txt,high,25222,25228,6,0.059999999999988
19,Ob19.txt,low,25228,25248,20,0.19999999999996
19,Ob19.txt,high,25248,25319,71,0.709999999999858
19,Ob19.txt,low,25319,25601,282,2.819999999999436
19,Ob19.txt,high,25601,25602,1,0.009999999999998
19,Ob19.txt,low,25602,25618,16,0.159999999999968
19,Ob19.txt,high,25618,25642,24,0.239999999999952
19,Ob19.txt,low,25642,25645,3,0.029999999999994
19,Ob19.txt,high,25645,25691,46,0.459999999999908
19,Ob19.txt,low,25691,25696,5,0.04999999999999
19,Ob19.txt,high,25696,25702,6,0.059999999999988
19,Ob19.txt,low,25702,25705,3,0.029999999999994
19,Ob19.txt,high,25705,25718,13,0.129999999999974
19,Ob19.txt,low,25718,25719,1,0.009999999999998
19,Ob19.txt,high,25719,25751,32,0.319999999999936
19,Ob19.txt,low,25751,25995,244,2.439999999999512
19,Ob19.txt,high,25995,25999,4,0.039999999999992
19,Ob19.txt,low,25999,26237,238,2.379999999999524
19,Ob19.txt,high,26237,26238,1,0.009999999999998
19,Ob19.txt,low,26238,26241,3,0.029999999999994
19,Ob19.txt,high,26241,26245,4,0.039999999999992
19,Ob19.txt,low,26245,26252,7,0.069999999999986
19,Ob19.txt,high,26252,26335,83,0.829999999999834
19,Ob19.txt,low,26335,26355,20,0.19999999999996
19,Ob19.txt,high,26355,26358,3,0.029999999999994
19,Ob19.txt,low,26358,26651,293,2.929999999999414
19,Ob19.txt,high,26651,26683,32,0.319999999999936
19,Ob19.txt,low,26683,26888,205,2.04999999999959
19,Ob19.txt,high,26888,26898,10,0.09999999999998
19,Ob19.txt,low,26898,26916,18,0.179999999999964
19,Ob19.txt,high,26916,26926,10,0.09999999999998
19,Ob19.txt,low,26926,26937,11,0.109999999999978
19,Ob19.txt,high,26937,26972,35,0.34999999999993
19,Ob19.txt,low,26972,27124,152,1.519999999999696
19,Ob19.txt,high,27124,27127,3,0.029999999999994
19,Ob19.txt,low,27127,27295,168,1.679999999999664
19,Ob19.txt,high,27295,27445,150,1.4999999999997
19,Ob19.txt,low,27445,27480,35,0.34999999999993
19,Ob19.txt,high,27480,27545,65,0.64999999999987
19,Ob19.txt,low,27545,27645,100,0.9999999999998
19,Ob19.txt,high,27645,27662,17,0.169999999999966
19,Ob19.txt,low,27662,27796,134,1.339999999999732
19,Ob19.txt,high,27796,27807,11,0.109999999999978
19,Ob19.txt,low,27807,27823,16,0.159999999999968
19,Ob19.txt,high,27823,27827,4,0.039999999999992
19,Ob19.txt,low,27827,28088,261,2.609999999999478
19,Ob19.txt,high,28088,28116,28,0.279999999999944
19,Ob19.txt,low,28116,28119,3,0.029999999999994
19,Ob19.txt,high,28119,28122,3,0.029999999999994
19,Ob19.txt,low,28122,28141,19,0.189999999999962
19,Ob19.txt,high,28141,28149,8,0.079999999999984
19,Ob19.txt,low,28149,28158,9,0.089999999999982
19,Ob19.txt,high,28158,28236,78,0.779999999999844
19,Ob19.txt,low,28236,28281,45,0.44999999999991
19,Ob19.txt,high,28281,28282,1,0.009999999999998
19,Ob19.txt,low,28282,28464,182,1.819999999999636
19,Ob19.txt,high,28464,28465,1,0.009999999999998
19,Ob19.txt,low,28465,28592,127,1.269999999999746
19,Ob19.txt,high,28592,28762,170,1.69999999999966
19,Ob19.txt,low,28762,28828,66,0.659999999999868
19,Ob19.txt,high,28828,28874,46,0.459999999999908
19,Ob19.txt,low,28874,29097,223,2.229999999999554
19,Ob19.txt,high,29097,29241,144,1.439999999999712
19,Ob19.txt,low,29241,29245,4,0.039999999999992
19,Ob19.txt,high,29245,29254,9,0.089999999999982
19,Ob19.txt,low,29254,29291,37,0.369999999999926
19,Ob19.txt,high,29291,29356,65,0.64999999999987
19,Ob19.txt,low,29356,29566,210,2.09999999999958
19,Ob19.txt,high,29566,29732,166,1.659999999999668
19,Ob19.txt,low,29732,29854,122,1.219999999999756
19,Ob19.txt,high,29854,29860,6,0.059999999999988
19,Ob19.txt,low,29860,29886,26,0.259999999999948
19,Ob19.txt,high,29886,29946,60,0.59999999999988
19,Ob19.txt,low,29946,29957,11,0.109999999999978
19,Ob19.txt,high,29957,29990,33,0.329999999999934
