component,variable,metric_key,n_ob,n_events,null_median_low_to_high_delta_z,null_median_high_to_low_delta_z,null_median_direction_contrast_z,null_abs_median_direction_contrast_z,null_direction_contrast_sign_consistency,replicate
affine_pred,tangential_speed_mean,affine_pred__tangential_speed_mean,19,1469,-0.1309883420741135,-0.0019595380607183577,-0.16053785890176597,0.16053785890176597,0.5789473684210527,1
affine_pred,mean_speed,affine_pred__mean_speed,19,1469,-0.06970481530290452,0.005150026159050525,-0.12723573050954476,0.12723573050954476,0.5789473684210527,1
raw,tangential_speed_mean,raw__tangential_speed_mean,19,1469,0.09659476287761501,-0.03910921125312,0.0995869420652411,0.0995869420652411,0.631578947368421,1
raw,velocity_cov_trace,raw__velocity_cov_trace,19,1469,0.03934161906304495,-0.06936057511603294,0.09266956839238016,0.09266956839238016,0.631578947368421,1
affine_resid,mean_speed,affine_resid__mean_speed,19,1469,0.04762714175800717,-0.014149181757147522,0.09083759244991026,0.09083759244991026,0.5789473684210527,1
raw,mean_speed,raw__mean_speed,19,1469,0.10114832247614318,0.03301157615054989,0.06813674632559329,0.06813674632559329,0.5789473684210527,1
affine_resid,tangential_speed_mean,affine_resid__tangential_speed_mean,19,1469,0.00021992409914020628,0.04568741062105325,0.04323783210191939,0.04323783210191939,0.5789473684210527,1
affine_resid,speed_rms,affine_resid__speed_rms,19,1469,0.010987671196716474,0.019871776776884786,0.03446888037048407,0.03446888037048407,0.5789473684210527,1
raw,speed_rms,raw__speed_rms,19,1469,-0.03216007246231975,-0.01565507780761008,-0.011731968374006807,0.011731968374006807,0.5789473684210527,1
affine_pred,velocity_cov_trace,affine_pred__velocity_cov_trace,19,1469,-0.027576423487795994,-0.04614907358723824,-0.010814032252308509,0.010814032252308509,0.5263157894736842,1
affine_pred,speed_rms,affine_pred__speed_rms,19,1469,-0.13477732548087784,0.015151232068034967,-0.008055050951982334,0.008055050951982334,0.5263157894736842,1
affine_resid,velocity_cov_trace,affine_resid__velocity_cov_trace,19,1469,0.0054453367487425075,0.018493437906794183,0.002654826647855879,0.002654826647855879,0.5263157894736842,1
affine_pred,mean_speed,affine_pred__mean_speed,19,1471,0.10282173588210433,-0.0348270159974606,0.16702298693838458,0.16702298693838458,0.5789473684210527,2
raw,speed_rms,raw__speed_rms,19,1471,-0.051455172190264534,0.00825112906787051,-0.12695479294959633,0.12695479294959633,0.5789473684210527,2
affine_pred,speed_rms,affine_pred__speed_rms,19,1471,0.12871798362644138,-0.023252936190906317,0.09162395643072696,0.09162395643072696,0.631578947368421,2
affine_pred,velocity_cov_trace,affine_pred__velocity_cov_trace,19,1471,0.04318510687454946,-0.037622405655672125,0.08195417390107959,0.08195417390107959,0.631578947368421,2
raw,tangential_speed_mean,raw__tangential_speed_mean,19,1471,0.07790479964637193,0.04543319669641602,0.07789781144303945,0.07789781144303945,0.631578947368421,2
affine_pred,tangential_speed_mean,affine_pred__tangential_speed_mean,19,1471,0.11963324887378571,0.0008139385056979975,0.052849100503020906,0.052849100503020906,0.631578947368421,2
affine_resid,velocity_cov_trace,affine_resid__velocity_cov_trace,19,1471,-0.08673739176134077,0.05105740421153271,-0.038287550739898424,0.038287550739898424,0.631578947368421,2
affine_resid,tangential_speed_mean,affine_resid__tangential_speed_mean,19,1471,0.005779013640248132,0.04250800607408431,0.025058850165416147,0.025058850165416147,0.5789473684210527,2
affine_resid,mean_speed,affine_resid__mean_speed,19,1471,0.024290991633322934,0.04179366495585719,-0.02335626175917843,0.02335626175917843,0.5263157894736842,2
raw,mean_speed,raw__mean_speed,19,1471,0.06096812289472725,0.07611929829050368,0.012462483097838928,0.012462483097838928,0.5263157894736842,2
affine_resid,speed_rms,affine_resid__speed_rms,19,1471,-0.05507216555774028,0.05911421667879624,-0.008678175418333933,0.008678175418333933,0.5263157894736842,2
raw,velocity_cov_trace,raw__velocity_cov_trace,19,1471,-0.04346800332258921,0.026127434772650494,-0.0036409583333013584,0.0036409583333013584,0.5263157894736842,2
affine_pred,speed_rms,affine_pred__speed_rms,19,1470,0.012249111648761538,-0.13107645136351753,0.19060780086756957,0.19060780086756957,0.631578947368421,3
affine_resid,tangential_speed_mean,affine_resid__tangential_speed_mean,19,1470,-0.0012892188204000066,-0.1002161052619227,0.12012206807208595,0.12012206807208595,0.631578947368421,3
affine_resid,speed_rms,affine_resid__speed_rms,19,1470,0.003760479389562865,0.04290167865023545,-0.11610801198130974,0.11610801198130974,0.5789473684210527,3
raw,tangential_speed_mean,raw__tangential_speed_mean,19,1470,0.000681410252518555,-0.04786662906037151,0.11098210981274353,0.11098210981274353,0.631578947368421,3
affine_resid,velocity_cov_trace,affine_resid__velocity_cov_trace,19,1470,0.010108726607478635,0.016932077394626002,-0.10719182765878874,0.10719182765878874,0.5789473684210527,3
affine_resid,mean_speed,affine_resid__mean_speed,19,1470,-0.02279012447281048,-0.14890970822935548,-0.09951479407371058,0.09951479407371058,0.5263157894736842,3
affine_pred,mean_speed,affine_pred__mean_speed,19,1470,-0.05895968547916608,-0.14128280728852283,0.07844538046250094,0.07844538046250094,0.5789473684210527,3
raw,mean_speed,raw__mean_speed,19,1470,-0.027166856163959918,-0.13007688641630552,0.0751427178297415,0.0751427178297415,0.5789473684210527,3
affine_pred,tangential_speed_mean,affine_pred__tangential_speed_mean,19,1470,-0.022922509397220688,-0.14568209257351286,0.0676781639123929,0.0676781639123929,0.5789473684210527,3
affine_pred,velocity_cov_trace,affine_pred__velocity_cov_trace,19,1470,-0.029166456494803594,-0.0541123691443644,0.060374904876078966,0.060374904876078966,0.631578947368421,3
raw,speed_rms,raw__speed_rms,19,1470,0.010028955446641286,-0.09915029929649988,0.035827446498992166,0.035827446498992166,0.5263157894736842,3
raw,velocity_cov_trace,raw__velocity_cov_trace,19,1470,-0.03696251124319394,-0.08859158141564155,-0.03135465536912874,0.03135465536912874,0.5263157894736842,3
raw,mean_speed,raw__mean_speed,19,1469,0.2126287743334578,0.003527551870986915,0.16204576809317134,0.16204576809317134,0.6842105263157895,4
affine_pred,tangential_speed_mean,affine_pred__tangential_speed_mean,19,1469,0.12676316088473694,-0.00716420056769311,0.15055824881151597,0.15055824881151597,0.631578947368421,4
affine_resid,speed_rms,affine_resid__speed_rms,19,1469,-0.0032963780339662074,0.012863454132494755,-0.13578454311247995,0.13578454311247995,0.5263157894736842,4
affine_pred,mean_speed,affine_pred__mean_speed,19,1469,0.17813403319829604,-0.013589513733772207,0.13296872715219013,0.13296872715219013,0.7894736842105263,4
raw,tangential_speed_mean,raw__tangential_speed_mean,19,1469,0.12566611609257236,0.0008362644945695621,0.10996540333932202,0.10996540333932202,0.631578947368421,4
affine_resid,velocity_cov_trace,affine_resid__velocity_cov_trace,19,1469,-0.007141180938437963,0.027820071306113935,-0.10521690980598614,0.10521690980598614,0.5263157894736842,4
affine_resid,tangential_speed_mean,affine_resid__tangential_speed_mean,19,1469,0.039557834128577794,-0.0806059196593619,0.07510566247164518,0.07510566247164518,0.5789473684210527,4
affine_pred,speed_rms,affine_pred__speed_rms,19,1469,0.176774794962551,0.008511026073204295,0.07300950960085428,0.07300950960085428,0.6842105263157895,4
raw,speed_rms,raw__speed_rms,19,1469,0.12070962598594928,0.045055607081755995,0.03845011243693895,0.03845011243693895,0.6842105263157895,4
raw,velocity_cov_trace,raw__velocity_cov_trace,19,1469,0.11634928467626643,0.008641001992714448,0.03710473779383751,0.03710473779383751,0.5263157894736842,4
affine_pred,velocity_cov_trace,affine_pred__velocity_cov_trace,19,1469,0.1105738217406867,0.05981581241510159,-0.011513445669328992,0.011513445669328992,0.5263157894736842,4
affine_resid,mean_speed,affine_resid__mean_speed,19,1469,0.12299744836928539,-0.03349346153260585,0.004611228247051208,0.004611228247051208,0.5263157894736842,4
raw,velocity_cov_trace,raw__velocity_cov_trace,19,1471,0.0569890188544212,-0.08150579162818739,0.149733385273789,0.149733385273789,0.5789473684210527,5
affine_pred,velocity_cov_trace,affine_pred__velocity_cov_trace,19,1471,-0.05377035429395727,-0.034194060516161515,-0.1453405774950311,0.1453405774950311,0.5263157894736842,5
raw,speed_rms,raw__speed_rms,19,1471,0.08046605250974578,-0.05683237020907303,0.1358835953436841,0.1358835953436841,0.631578947368421,5
raw,mean_speed,raw__mean_speed,19,1471,-0.006682501027865939,-0.10741355309895226,0.12472086787051251,0.12472086787051251,0.631578947368421,5
affine_pred,tangential_speed_mean,affine_pred__tangential_speed_mean,19,1471,-0.0349747921318565,0.03772277418529313,-0.0693341440988372,0.0693341440988372,0.5263157894736842,5
raw,tangential_speed_mean,raw__tangential_speed_mean,19,1471,-0.014983439886593786,-0.007547877101395595,0.05635606314931797,0.05635606314931797,0.5263157894736842,5
affine_pred,speed_rms,affine_pred__speed_rms,19,1471,0.04291182278145546,0.01339239003669239,0.039362788209553023,0.039362788209553023,0.5789473684210527,5
affine_resid,mean_speed,affine_resid__mean_speed,19,1471,-0.0066637885569942315,-0.01981839994782883,-0.03610335438480394,0.03610335438480394,0.5263157894736842,5
affine_resid,tangential_speed_mean,affine_resid__tangential_speed_mean,19,1471,-0.008844619173066323,-0.02570717033084323,0.024448164281443807,0.024448164281443807,0.5263157894736842,5
affine_resid,speed_rms,affine_resid__speed_rms,19,1471,0.00951984148049645,0.043470954621804614,-0.02372346183966159,0.02372346183966159,0.5263157894736842,5
affine_pred,mean_speed,affine_pred__mean_speed,19,1471,-0.06781050192212393,-0.03200519756812259,0.014121875321433636,0.014121875321433636,0.5263157894736842,5
affine_resid,velocity_cov_trace,affine_resid__velocity_cov_trace,19,1471,0.007843623657887183,0.08248663299312517,0.0013560655962061852,0.0013560655962061852,0.5263157894736842,5
affine_pred,tangential_speed_mean,affine_pred__tangential_speed_mean,19,1471,-0.05602544374499297,0.08787709235235464,-0.15922763850186217,0.15922763850186217,0.6842105263157895,6
affine_pred,velocity_cov_trace,affine_pred__velocity_cov_trace,19,1471,-0.13300543440829463,0.016252905041783006,-0.1466784745258008,0.1466784745258008,0.631578947368421,6
affine_resid,speed_rms,affine_resid__speed_rms,19,1471,0.02757327917348784,-0.03538623543326995,0.11668408965168925,0.11668408965168925,0.5789473684210527,6
raw,speed_rms,raw__speed_rms,19,1471,0.03313010228924129,0.04073339868465306,-0.08840613603744207,0.08840613603744207,0.5789473684210527,6
affine_resid,velocity_cov_trace,affine_resid__velocity_cov_trace,19,1471,-0.028012291882054174,-0.0388733315211357,0.08196792014075235,0.08196792014075235,0.5789473684210527,6
raw,velocity_cov_trace,raw__velocity_cov_trace,19,1471,-0.020801324457407136,0.018786893679969607,-0.07332167272901594,0.07332167272901594,0.6842105263157895,6
affine_pred,mean_speed,affine_pred__mean_speed,19,1471,0.07202307577689793,0.07909872594889739,-0.050282719593121694,0.050282719593121694,0.5263157894736842,6
affine_resid,mean_speed,affine_resid__mean_speed,19,1471,-0.005393027786031207,0.05189657778530435,0.03965431764895108,0.03965431764895108,0.5789473684210527,6
affine_pred,speed_rms,affine_pred__speed_rms,19,1471,0.05689058884420917,0.08158724949098611,-0.028402908974726748,0.028402908974726748,0.631578947368421,6
raw,tangential_speed_mean,raw__tangential_speed_mean,19,1471,-0.002281411567734537,-0.057167634840566334,0.0250537746653407,0.0250537746653407,0.5263157894736842,6
raw,mean_speed,raw__mean_speed,19,1471,0.06660486181463765,-0.044386094483369165,0.024913938767658267,0.024913938767658267,0.5263157894736842,6
affine_resid,tangential_speed_mean,affine_resid__tangential_speed_mean,19,1471,0.018820311558361613,-0.02100689937572077,-0.011237660589051846,0.011237660589051846,0.5263157894736842,6
affine_pred,speed_rms,affine_pred__speed_rms,19,1471,0.024702114849034063,0.12473062490990426,-0.2326756953375183,0.2326756953375183,0.5789473684210527,7
affine_resid,mean_speed,affine_resid__mean_speed,19,1471,0.15197267261850778,-0.04279333308285327,0.21494473563983874,0.21494473563983874,0.631578947368421,7
affine_pred,mean_speed,affine_pred__mean_speed,19,1471,0.013296166941590803,0.11476464554087679,-0.16736949614012758,0.16736949614012758,0.631578947368421,7
affine_pred,tangential_speed_mean,affine_pred__tangential_speed_mean,19,1471,-0.03614285947423029,0.11021174834741301,-0.15822327898942617,0.15822327898942617,0.6842105263157895,7
affine_pred,velocity_cov_trace,affine_pred__velocity_cov_trace,19,1471,-0.01045944404270568,0.051387503147915736,-0.11047042927661069,0.11047042927661069,0.5789473684210527,7
raw,speed_rms,raw__speed_rms,19,1471,-0.011768532479085853,-0.04353656058671815,-0.08060987522236115,0.08060987522236115,0.5789473684210527,7
raw,velocity_cov_trace,raw__velocity_cov_trace,19,1471,-0.030785285880267188,0.035503308317301197,-0.04157267638830825,0.04157267638830825,0.5263157894736842,7
raw,tangential_speed_mean,raw__tangential_speed_mean,19,1471,-0.003133383591592681,-0.043665061566354746,0.03148032711116058,0.03148032711116058,0.5263157894736842,7
raw,mean_speed,raw__mean_speed,19,1471,-0.023870950926189072,0.0522241651873466,-0.024628872460617512,0.024628872460617512,0.5263157894736842,7
affine_resid,velocity_cov_trace,affine_resid__velocity_cov_trace,19,1471,-0.0009323406656880223,-0.016606799828973694,0.007648399420596641,0.007648399420596641,0.5789473684210527,7
affine_resid,speed_rms,affine_resid__speed_rms,19,1471,0.006521943693113125,-0.0074480682499118295,0.00734728116592806,0.00734728116592806,0.5263157894736842,7
affine_resid,tangential_speed_mean,affine_resid__tangential_speed_mean,19,1471,-0.0229554523960016,0.0074308144102828155,0.006917084836165599,0.006917084836165599,0.5263157894736842,7
raw,speed_rms,raw__speed_rms,19,1469,0.11420637620018839,-0.07887940092818824,0.2068384023523102,0.2068384023523102,0.6842105263157895,8
affine_resid,tangential_speed_mean,affine_resid__tangential_speed_mean,19,1469,0.0339593552419968,-0.10836250968871441,0.19536224156199922,0.19536224156199922,0.631578947368421,8
raw,tangential_speed_mean,raw__tangential_speed_mean,19,1469,0.06217462745875957,-0.04764042390161122,0.1719314823986439,0.1719314823986439,0.7368421052631579,8
affine_pred,mean_speed,affine_pred__mean_speed,19,1469,0.1294121070321569,-0.036640018474820873,0.16772764072992893,0.16772764072992893,0.5789473684210527,8
raw,velocity_cov_trace,raw__velocity_cov_trace,19,1469,0.07584136898609228,-0.07567880659999535,0.14631759361273414,0.14631759361273414,0.7894736842105263,8
raw,mean_speed,raw__mean_speed,19,1469,0.09945606945620944,-0.03043747297952104,0.12719411132646802,0.12719411132646802,0.631578947368421,8
affine_resid,velocity_cov_trace,affine_resid__velocity_cov_trace,19,1469,0.08728619676194527,-0.02750427268059233,0.1147904694425376,0.1147904694425376,0.7894736842105263,8
affine_resid,speed_rms,affine_resid__speed_rms,19,1469,0.0841647308370547,-0.036042641828296196,0.10984724021142189,0.10984724021142189,0.7368421052631579,8
affine_pred,tangential_speed_mean,affine_pred__tangential_speed_mean,19,1469,0.047890156652497906,-0.008117129807725249,0.07245615182631204,0.07245615182631204,0.5263157894736842,8
affine_pred,velocity_cov_trace,affine_pred__velocity_cov_trace,19,1469,0.03628120945194278,-0.03963677319782824,0.06816626467915149,0.06816626467915149,0.631578947368421,8
affine_pred,speed_rms,affine_pred__speed_rms,19,1469,0.08663532178400274,-0.03059940991273863,0.06490035003886815,0.06490035003886815,0.5789473684210527,8
affine_resid,mean_speed,affine_resid__mean_speed,19,1469,0.06295607068633968,-0.023382610439042384,0.016153873158266552,0.016153873158266552,0.5789473684210527,8
raw,tangential_speed_mean,raw__tangential_speed_mean,19,1471,-0.06746940166665871,-0.16944250631709323,0.1527965164751051,0.1527965164751051,0.6842105263157895,9
affine_resid,tangential_speed_mean,affine_resid__tangential_speed_mean,19,1471,0.025574458087869775,-0.0996739606742934,0.10731289709332259,0.10731289709332259,0.5789473684210527,9
affine_resid,mean_speed,affine_resid__mean_speed,19,1471,-0.003229640500312825,-0.01172837618940055,-0.07038844468917049,0.07038844468917049,0.5263157894736842,9
affine_pred,velocity_cov_trace,affine_pred__velocity_cov_trace,19,1471,0.07797225878226247,-0.024426754378949034,0.06965101901317428,0.06965101901317428,0.5789473684210527,9
affine_pred,mean_speed,affine_pred__mean_speed,19,1471,0.01886856410379445,-0.08752091610471843,0.04680457747860631,0.04680457747860631,0.631578947368421,9
raw,mean_speed,raw__mean_speed,19,1471,-0.06648840038079862,0.00888798936180668,-0.0389763295945707,0.0389763295945707,0.5789473684210527,9
affine_pred,tangential_speed_mean,affine_pred__tangential_speed_mean,19,1471,0.055163691863520416,0.011029963385739527,0.0372734595571656,0.0372734595571656,0.5789473684210527,9
raw,speed_rms,raw__speed_rms,19,1471,-0.05383011158868345,-0.03339920633715693,0.03313347799340137,0.03313347799340137,0.5263157894736842,9
affine_resid,speed_rms,affine_resid__speed_rms,19,1471,-0.06561176697855678,0.028569572726500236,-0.029354595777045966,0.029354595777045966,0.5263157894736842,9
affine_pred,speed_rms,affine_pred__speed_rms,19,1471,0.02302056370035946,-0.04200078883880262,0.025870005452239747,0.025870005452239747,0.5789473684210527,9
raw,velocity_cov_trace,raw__velocity_cov_trace,19,1471,-0.025251446626835934,-0.013684682044918739,0.010010114811741688,0.010010114811741688,0.5263157894736842,9
affine_resid,velocity_cov_trace,affine_resid__velocity_cov_trace,19,1471,-0.05219058038188623,0.030803956928844897,0.004282388924777558,0.004282388924777558,0.5263157894736842,9
raw,mean_speed,raw__mean_speed,19,1470,-0.055068798040560196,0.018208233811127003,-0.17883234655523844,0.17883234655523844,0.631578947368421,10
raw,velocity_cov_trace,raw__velocity_cov_trace,19,1470,-0.009250538289601578,-0.021644991088210025,-0.17585939192036554,0.17585939192036554,0.631578947368421,10
raw,speed_rms,raw__speed_rms,19,1470,-0.0675958220010055,-0.013086404760445536,-0.17000237393908812,0.17000237393908812,0.631578947368421,10
raw,tangential_speed_mean,raw__tangential_speed_mean,19,1470,-0.06404373784094242,-0.04372043937033841,-0.14795301838511532,0.14795301838511532,0.5263157894736842,10
affine_pred,velocity_cov_trace,affine_pred__velocity_cov_trace,19,1470,-0.06024434976676708,0.027501454572440076,-0.12707167711435868,0.12707167711435868,0.6842105263157895,10
affine_pred,speed_rms,affine_pred__speed_rms,19,1470,-0.023262602917802022,-0.032488165988468154,-0.1105270614348704,0.1105270614348704,0.631578947368421,10
affine_pred,tangential_speed_mean,affine_pred__tangential_speed_mean,19,1470,-0.007935345885866633,-0.09319844637400594,0.09127607366704213,0.09127607366704213,0.5263157894736842,10
affine_resid,velocity_cov_trace,affine_resid__velocity_cov_trace,19,1470,0.0711941824899487,-0.11771148513036223,0.0856644789795335,0.0856644789795335,0.5789473684210527,10
affine_resid,tangential_speed_mean,affine_resid__tangential_speed_mean,19,1470,0.023312160592200815,0.06534224514808547,-0.07562122855390457,0.07562122855390457,0.6842105263157895,10
affine_resid,speed_rms,affine_resid__speed_rms,19,1470,0.08110109147084286,-0.104824387014518,0.05287598269815236,0.05287598269815236,0.5789473684210527,10
affine_pred,mean_speed,affine_pred__mean_speed,19,1470,0.0026803582740028142,-0.04277403500430446,-0.028623212328729747,0.028623212328729747,0.5263157894736842,10
affine_resid,mean_speed,affine_resid__mean_speed,19,1470,0.0388551219576854,-0.017845645826153028,0.02602112053131561,0.02602112053131561,0.5789473684210527,10
affine_pred,velocity_cov_trace,affine_pred__velocity_cov_trace,19,1471,0.012445067003103022,-0.0481492365886351,0.16066964060207767,0.16066964060207767,0.7368421052631579,11
raw,tangential_speed_mean,raw__tangential_speed_mean,19,1471,-0.03327289574777036,0.10923597768474488,-0.0816461270992721,0.0816461270992721,0.631578947368421,11
raw,speed_rms,raw__speed_rms,19,1471,0.019533812087113717,0.05281919806856378,0.06938289797715042,0.06938289797715042,0.5789473684210527,11
affine_resid,mean_speed,affine_resid__mean_speed,19,1471,0.012880514177816021,-0.018647666421758857,-0.05759739710524869,0.05759739710524869,0.5263157894736842,11
raw,velocity_cov_trace,raw__velocity_cov_trace,19,1471,0.04362989740068002,0.04474609726514715,0.05614536978004209,0.05614536978004209,0.5789473684210527,11
affine_pred,speed_rms,affine_pred__speed_rms,19,1471,0.0994076326496047,0.0737536716847983,0.03919718860661334,0.03919718860661334,0.5789473684210527,11
affine_pred,mean_speed,affine_pred__mean_speed,19,1471,0.16482595651637305,0.01285030403866061,0.03863363169500297,0.03863363169500297,0.5789473684210527,11
affine_resid,tangential_speed_mean,affine_resid__tangential_speed_mean,19,1471,0.05374028464763114,0.03620321595896657,-0.03543055495482089,0.03543055495482089,0.5263157894736842,11
raw,mean_speed,raw__mean_speed,19,1471,0.021386507338791994,0.11794434579130475,0.028169895019270863,0.028169895019270863,0.5263157894736842,11
affine_pred,tangential_speed_mean,affine_pred__tangential_speed_mean,19,1471,0.12251574251843755,0.0835234170956578,-0.026918983470302915,0.026918983470302915,0.5263157894736842,11
affine_resid,velocity_cov_trace,affine_resid__velocity_cov_trace,19,1471,0.018188284281519917,0.11138993505088948,-0.01893825927610293,0.01893825927610293,0.5263157894736842,11
affine_resid,speed_rms,affine_resid__speed_rms,19,1471,0.018547213236459165,0.1140793325083995,-0.006480972357772341,0.006480972357772341,0.5263157894736842,11
affine_resid,speed_rms,affine_resid__speed_rms,19,1469,0.015775628474655967,-0.08237502435282595,0.15575984209153554,0.15575984209153554,0.631578947368421,12
affine_pred,speed_rms,affine_pred__speed_rms,19,1469,0.0011517128786165953,-0.020960659751618198,-0.14049696486572102,0.14049696486572102,0.631578947368421,12
raw,tangential_speed_mean,raw__tangential_speed_mean,19,1469,-0.0008974321221633941,-0.05341192104419283,0.12881664284656424,0.12881664284656424,0.5789473684210527,12
affine_resid,velocity_cov_trace,affine_resid__velocity_cov_trace,19,1469,-0.017760851819938,-0.05774602671262795,0.12222379715828752,0.12222379715828752,0.5263157894736842,12
raw,velocity_cov_trace,raw__velocity_cov_trace,19,1469,-0.11514006418368156,-0.1360146804592075,0.10681519663075785,0.10681519663075785,0.5789473684210527,12
raw,speed_rms,raw__speed_rms,19,1469,-0.09224387470692497,-0.12648310694615422,0.06169150244685224,0.06169150244685224,0.631578947368421,12
affine_pred,mean_speed,affine_pred__mean_speed,19,1469,0.030660572184144502,-0.026557990555763994,-0.047473835797754216,0.047473835797754216,0.631578947368421,12
raw,mean_speed,raw__mean_speed,19,1469,0.013247903434276398,-0.07517827507106807,0.03996668936635611,0.03996668936635611,0.5263157894736842,12
affine_pred,tangential_speed_mean,affine_pred__tangential_speed_mean,19,1469,0.04515806059053467,0.07339254322406813,-0.02208502151135694,0.02208502151135694,0.5789473684210527,12
affine_resid,mean_speed,affine_resid__mean_speed,19,1469,0.03192863362146284,-0.12363314950726867,-0.015438557501345984,0.015438557501345984,0.5263157894736842,12
affine_resid,tangential_speed_mean,affine_resid__tangential_speed_mean,19,1469,-0.07194255893776247,-0.1343382724449365,0.006192654432264272,0.006192654432264272,0.5263157894736842,12
affine_pred,velocity_cov_trace,affine_pred__velocity_cov_trace,19,1469,-0.10593065773473409,-0.0336907150734114,-0.001342031076316974,0.001342031076316974,0.5263157894736842,12
raw,tangential_speed_mean,raw__tangential_speed_mean,19,1471,-0.02155373424149999,0.05956702289910809,-0.15260286410203966,0.15260286410203966,0.6842105263157895,13
affine_resid,speed_rms,affine_resid__speed_rms,19,1471,-0.040260618975306195,-0.021716840398051433,-0.13608065553341603,0.13608065553341603,0.5789473684210527,13
affine_resid,tangential_speed_mean,affine_resid__tangential_speed_mean,19,1471,0.024894981178837233,-0.07711341604683453,0.1286486050788777,0.1286486050788777,0.5789473684210527,13
affine_resid,velocity_cov_trace,affine_resid__velocity_cov_trace,19,1471,-0.03981622412627497,-0.013582668403911452,-0.12034569077315846,0.12034569077315846,0.5789473684210527,13
affine_resid,mean_speed,affine_resid__mean_speed,19,1471,-0.02691402998590997,0.03696978070400455,-0.07283452369940553,0.07283452369940553,0.5263157894736842,13
affine_pred,velocity_cov_trace,affine_pred__velocity_cov_trace,19,1471,-0.06253152305211886,0.05956189375241378,-0.03629197956819952,0.03629197956819952,0.631578947368421,13
affine_pred,speed_rms,affine_pred__speed_rms,19,1471,0.04705920827559035,0.020264932741605235,-0.013881908730364247,0.013881908730364247,0.5263157894736842,13
raw,velocity_cov_trace,raw__velocity_cov_trace,19,1471,-0.023530032618748198,-0.027509595444703695,0.01382566710535671,0.01382566710535671,0.5263157894736842,13
affine_pred,mean_speed,affine_pred__mean_speed,19,1471,0.04687415510947174,0.009313715792844596,-0.012785202705428711,0.012785202705428711,0.5263157894736842,13
affine_pred,tangential_speed_mean,affine_pred__tangential_speed_mean,19,1471,0.03304987280628868,0.020736556416944094,-0.00383516742441202,0.00383516742441202,0.5263157894736842,13
raw,speed_rms,raw__speed_rms,19,1471,0.032386961422429084,-0.0546896813687546,0.0035726064351069287,0.0035726064351069287,0.5789473684210527,13
raw,mean_speed,raw__mean_speed,19,1471,0.009890518288934412,-0.007098382804934855,-5.6141824055562506e-05,5.6141824055562506e-05,0.5263157894736842,13
affine_pred,tangential_speed_mean,affine_pred__tangential_speed_mean,19,1470,0.033883250474249685,0.058511957949033466,-0.18546248796064668,0.18546248796064668,0.631578947368421,14
affine_resid,mean_speed,affine_resid__mean_speed,19,1470,-0.05459499310763993,0.12292104931259279,-0.17319730979700992,0.17319730979700992,0.7368421052631579,14
affine_pred,speed_rms,affine_pred__speed_rms,19,1470,-0.06329417394399112,0.06972912636776929,-0.1330233003117604,0.1330233003117604,0.7368421052631579,14
affine_pred,mean_speed,affine_pred__mean_speed,19,1470,-0.06251745732516455,0.05901227392383812,-0.10743037028400831,0.10743037028400831,0.6842105263157895,14
affine_resid,tangential_speed_mean,affine_resid__tangential_speed_mean,19,1470,0.0016297252174071186,-0.009109195820703415,-0.08198467630138326,0.08198467630138326,0.631578947368421,14
raw,velocity_cov_trace,raw__velocity_cov_trace,19,1470,0.01275817955705566,-0.0020352146054031794,-0.0676638411677449,0.0676638411677449,0.631578947368421,14
affine_resid,speed_rms,affine_resid__speed_rms,19,1470,0.08209467122552305,0.03670373882813821,-0.05887829665298433,0.05887829665298433,0.631578947368421,14
affine_resid,velocity_cov_trace,affine_resid__velocity_cov_trace,19,1470,0.06143001115888769,0.05476335319446668,-0.056621782892420855,0.056621782892420855,0.631578947368421,14
affine_pred,velocity_cov_trace,affine_pred__velocity_cov_trace,19,1470,-0.01586666601534556,0.011237296043760305,0.051945074115626655,0.051945074115626655,0.5263157894736842,14
raw,tangential_speed_mean,raw__tangential_speed_mean,19,1470,0.03970619479384113,0.16470076837804565,-0.04920507506230287,0.04920507506230287,0.5789473684210527,14
raw,speed_rms,raw__speed_rms,19,1470,-0.051188500294122155,0.016752181903781915,0.02624381067747894,0.02624381067747894,0.5263157894736842,14
raw,mean_speed,raw__mean_speed,19,1470,-0.0191462119224316,-0.01246518274656716,-0.0032629303562154433,0.0032629303562154433,0.5263157894736842,14
raw,speed_rms,raw__speed_rms,19,1471,-0.10493701820994145,0.06817697801267292,-0.1911199823022025,0.1911199823022025,0.631578947368421,15
affine_pred,velocity_cov_trace,affine_pred__velocity_cov_trace,19,1471,0.1037208481638392,0.06437619727827251,0.11744050310710519,0.11744050310710519,0.631578947368421,15
affine_pred,speed_rms,affine_pred__speed_rms,19,1471,0.04528855958498218,-0.00045474351360841325,0.10903821274180886,0.10903821274180886,0.631578947368421,15
raw,tangential_speed_mean,raw__tangential_speed_mean,19,1471,-0.07795429125981565,0.1449022092220691,-0.0995857180853355,0.0995857180853355,0.5789473684210527,15
affine_resid,mean_speed,affine_resid__mean_speed,19,1471,-0.03519835237754907,0.036273548498898245,-0.08608085210026772,0.08608085210026772,0.631578947368421,15
affine_pred,tangential_speed_mean,affine_pred__tangential_speed_mean,19,1471,0.0849287910275971,-0.03161335027154201,0.07341564488700045,0.07341564488700045,0.5789473684210527,15
affine_resid,speed_rms,affine_resid__speed_rms,19,1471,-0.10262973521791505,0.053594328654156254,-0.06989520136195693,0.06989520136195693,0.631578947368421,15
affine_pred,mean_speed,affine_pred__mean_speed,19,1471,0.11431671725688378,0.006051717005690044,0.06778560406967066,0.06778560406967066,0.6842105263157895,15
affine_resid,velocity_cov_trace,affine_resid__velocity_cov_trace,19,1471,-0.07110876627431667,0.052954258264940546,-0.06154294152594231,0.06154294152594231,0.5789473684210527,15
affine_resid,tangential_speed_mean,affine_resid__tangential_speed_mean,19,1471,-0.0674057212138405,0.05103705158131849,-0.05580209775766917,0.05580209775766917,0.5789473684210527,15
raw,velocity_cov_trace,raw__velocity_cov_trace,19,1471,-0.053935189520507076,0.04167301166219835,-0.02539185327967705,0.02539185327967705,0.5789473684210527,15
raw,mean_speed,raw__mean_speed,19,1471,-0.04703420257390123,-0.02757566645168913,-0.016021720439512332,0.016021720439512332,0.5263157894736842,15
affine_resid,speed_rms,affine_resid__speed_rms,19,1470,0.08713532196927012,0.09501443978299962,0.12843541179968831,0.12843541179968831,0.631578947368421,16
raw,mean_speed,raw__mean_speed,19,1470,0.09106534228714758,-0.02927934477827024,0.11952963764192995,0.11952963764192995,0.631578947368421,16
raw,velocity_cov_trace,raw__velocity_cov_trace,19,1470,0.013016867406836163,0.026811856910317677,0.11648371265462204,0.11648371265462204,0.5789473684210527,16
affine_resid,velocity_cov_trace,affine_resid__velocity_cov_trace,19,1470,0.08894338563486959,0.09124185589231314,0.10515245099727935,0.10515245099727935,0.5789473684210527,16
affine_pred,tangential_speed_mean,affine_pred__tangential_speed_mean,19,1470,0.008088600115019107,-0.012815866424253329,-0.07244118562986746,0.07244118562986746,0.631578947368421,16
affine_pred,velocity_cov_trace,affine_pred__velocity_cov_trace,19,1470,-0.08687379319192397,0.04326837106223852,-0.06921567836891665,0.06921567836891665,0.631578947368421,16
raw,speed_rms,raw__speed_rms,19,1470,0.02366921081853845,0.03773636776108859,0.06568532993214266,0.06568532993214266,0.5789473684210527,16
affine_resid,tangential_speed_mean,affine_resid__tangential_speed_mean,19,1470,0.06027585057007734,0.08759830543977165,0.060456186904427084,0.060456186904427084,0.5263157894736842,16
affine_resid,mean_speed,affine_resid__mean_speed,19,1470,0.01947390691481075,0.07000158710563606,0.05100191357244216,0.05100191357244216,0.5263157894736842,16
affine_pred,speed_rms,affine_pred__speed_rms,19,1470,0.07387410049996412,0.051845016407745664,0.04672965108146876,0.04672965108146876,0.5263157894736842,16
raw,tangential_speed_mean,raw__tangential_speed_mean,19,1470,-0.05825296095596627,-0.05626482200909169,0.029197700300280682,0.029197700300280682,0.5263157894736842,16
affine_pred,mean_speed,affine_pred__mean_speed,19,1470,0.03829299490434498,0.0062530218635423185,-0.0224901884836569,0.0224901884836569,0.5789473684210527,16
affine_pred,tangential_speed_mean,affine_pred__tangential_speed_mean,19,1471,-0.02954832681552505,0.03995401082451733,-0.21247690907463346,0.21247690907463346,0.5789473684210527,17
affine_resid,mean_speed,affine_resid__mean_speed,19,1471,-0.037161898866406445,0.05667369917755524,-0.17609713637338648,0.17609713637338648,0.631578947368421,17
affine_pred,mean_speed,affine_pred__mean_speed,19,1471,-0.025089395131115078,0.0865908417938937,-0.17293751534641427,0.17293751534641427,0.631578947368421,17
affine_pred,speed_rms,affine_pred__speed_rms,19,1471,-0.005439418572126042,0.06420531486578768,-0.11417618705261288,0.11417618705261288,0.631578947368421,17
raw,tangential_speed_mean,raw__tangential_speed_mean,19,1471,-0.003496161408674092,0.0676749343820805,-0.07847081705651449,0.07847081705651449,0.5789473684210527,17
affine_resid,speed_rms,affine_resid__speed_rms,19,1471,0.04280078993474734,0.036399177459819465,0.05684068949583629,0.05684068949583629,0.5263157894736842,17
affine_resid,velocity_cov_trace,affine_resid__velocity_cov_trace,19,1471,0.0407988653816449,0.038955364055741765,0.03998914308297005,0.03998914308297005,0.5263157894736842,17
affine_pred,velocity_cov_trace,affine_pred__velocity_cov_trace,19,1471,0.036697820543341086,0.007193275380742506,0.03712877555860123,0.03712877555860123,0.5789473684210527,17
affine_resid,tangential_speed_mean,affine_resid__tangential_speed_mean,19,1471,0.01755004087388573,0.01009417333433904,-0.03108982493323803,0.03108982493323803,0.5789473684210527,17
raw,speed_rms,raw__speed_rms,19,1471,-0.007184500655568193,-0.003863690902834671,-0.02108797977468005,0.02108797977468005,0.5263157894736842,17
raw,velocity_cov_trace,raw__velocity_cov_trace,19,1471,0.004080643711772275,-0.029367511865729945,0.014110430071376016,0.014110430071376016,0.5263157894736842,17
raw,mean_speed,raw__mean_speed,19,1471,-0.03171186555332117,0.042657287292650004,0.003225022853887885,0.003225022853887885,0.5263157894736842,17
affine_pred,speed_rms,affine_pred__speed_rms,19,1470,0.04410526611485546,-9.172448535643696e-05,0.11810463113917469,0.11810463113917469,0.7894736842105263,18
raw,mean_speed,raw__mean_speed,19,1470,0.0021987328823136754,-0.043802108525426084,0.11426256537124327,0.11426256537124327,0.5789473684210527,18
affine_pred,tangential_speed_mean,affine_pred__tangential_speed_mean,19,1470,0.019891985671345702,0.0012096118413226012,0.1105138271650664,0.1105138271650664,0.5789473684210527,18
raw,tangential_speed_mean,raw__tangential_speed_mean,19,1470,0.05415337932833242,-0.0012842316594809111,0.09545325487714201,0.09545325487714201,0.7368421052631579,18
raw,speed_rms,raw__speed_rms,19,1470,0.03837069343862401,-0.07541585768581588,0.07367309324520457,0.07367309324520457,0.5789473684210527,18
affine_resid,speed_rms,affine_resid__speed_rms,19,1470,-0.000966689709966273,0.038770321681515924,-0.06439437076456883,0.06439437076456883,0.631578947368421,18
affine_pred,mean_speed,affine_pred__mean_speed,19,1470,0.02056783876876428,-0.05411364738092368,0.06425658157694558,0.06425658157694558,0.7368421052631579,18
affine_resid,velocity_cov_trace,affine_resid__velocity_cov_trace,19,1470,-0.02297421757200896,0.057487932346561466,-0.06235709423000979,0.06235709423000979,0.631578947368421,18
affine_pred,velocity_cov_trace,affine_pred__velocity_cov_trace,19,1470,-0.01614622268919874,-0.008418194777424406,0.05175998972343926,0.05175998972343926,0.631578947368421,18
affine_resid,tangential_speed_mean,affine_resid__tangential_speed_mean,19,1470,-0.045308143195982475,-0.008318393066253649,-0.05168859152389829,0.05168859152389829,0.6842105263157895,18
affine_resid,mean_speed,affine_resid__mean_speed,19,1470,0.01422762307517944,-0.07658431778654567,-0.04897619654659255,0.04897619654659255,0.5263157894736842,18
raw,velocity_cov_trace,raw__velocity_cov_trace,19,1470,0.029564938524068607,-0.12964322317669844,0.0488025418242195,0.0488025418242195,0.5263157894736842,18
affine_resid,tangential_speed_mean,affine_resid__tangential_speed_mean,19,1471,-0.030489379757634105,0.02219728064655571,-0.21413513963582242,0.21413513963582242,0.5789473684210527,19
affine_resid,speed_rms,affine_resid__speed_rms,19,1471,0.13226080387899483,0.011636963696079305,0.12456104165610021,0.12456104165610021,0.6842105263157895,19
affine_resid,velocity_cov_trace,affine_resid__velocity_cov_trace,19,1471,0.10647994188573999,-0.001690785219102292,0.10817072710484228,0.10817072710484228,0.6842105263157895,19
affine_pred,tangential_speed_mean,affine_pred__tangential_speed_mean,19,1471,-0.020298393489430883,-0.01877930932146682,0.09012681857130139,0.09012681857130139,0.6842105263157895,19
raw,tangential_speed_mean,raw__tangential_speed_mean,19,1471,-0.1120578417627382,-0.031218101987738722,0.07409225593612512,0.07409225593612512,0.5789473684210527,19
affine_pred,mean_speed,affine_pred__mean_speed,19,1471,-0.10573366878323111,-0.060327992502845415,-0.06907640147593716,0.06907640147593716,0.5789473684210527,19
affine_pred,velocity_cov_trace,affine_pred__velocity_cov_trace,19,1471,0.03201249321811331,-0.056752019144879706,0.06866893528971796,0.06866893528971796,0.6842105263157895,19
raw,velocity_cov_trace,raw__velocity_cov_trace,19,1471,0.07509055768720939,0.010720600746121994,-0.045531203511212814,0.045531203511212814,0.5789473684210527,19
affine_resid,mean_speed,affine_resid__mean_speed,19,1471,0.049427580413791805,0.007984928183858306,0.03444928911096752,0.03444928911096752,0.5263157894736842,19
affine_pred,speed_rms,affine_pred__speed_rms,19,1471,-0.07281154907422838,-0.05129021991383503,0.021282614953536505,0.021282614953536505,0.5263157894736842,19
raw,speed_rms,raw__speed_rms,19,1471,0.07373831980560702,-0.002794875713767575,0.012128224802334928,0.012128224802334928,0.5263157894736842,19
raw,mean_speed,raw__mean_speed,19,1471,0.013936745327635301,0.017712200144895163,-2.0449874077572983e-05,2.0449874077572983e-05,0.5263157894736842,19
affine_pred,tangential_speed_mean,affine_pred__tangential_speed_mean,19,1471,0.04831299166278483,-0.07347309717119656,0.13155835423998158,0.13155835423998158,0.7368421052631579,20
affine_resid,velocity_cov_trace,affine_resid__velocity_cov_trace,19,1471,0.12896205451049247,0.098462150318671,0.08688473018422391,0.08688473018422391,0.631578947368421,20
affine_resid,mean_speed,affine_resid__mean_speed,19,1471,0.13114153580302185,0.03257750635236739,0.07465287364937762,0.07465287364937762,0.631578947368421,20
affine_pred,mean_speed,affine_pred__mean_speed,19,1471,-0.02478476934166489,-0.060031017369318374,0.06444114550280707,0.06444114550280707,0.631578947368421,20
raw,velocity_cov_trace,raw__velocity_cov_trace,19,1471,0.10012041042322359,0.09931244722857771,0.05937966065283218,0.05937966065283218,0.6842105263157895,20
affine_pred,speed_rms,affine_pred__speed_rms,19,1471,-0.04645546464776891,-0.06584573223382505,0.05730130971010605,0.05730130971010605,0.631578947368421,20
raw,speed_rms,raw__speed_rms,19,1471,0.12346653477665998,0.08042755792260436,0.05414509087620545,0.05414509087620545,0.5789473684210527,20
affine_resid,speed_rms,affine_resid__speed_rms,19,1471,0.12786218700414798,0.07704339381589195,0.05081879318825602,0.05081879318825602,0.631578947368421,20
raw,mean_speed,raw__mean_speed,19,1471,0.059940254983857855,0.057736135491933405,0.03542548807794106,0.03542548807794106,0.5789473684210527,20
affine_pred,velocity_cov_trace,affine_pred__velocity_cov_trace,19,1471,-0.05633878985038145,-0.011446569843176102,0.011277769669148202,0.011277769669148202,0.5263157894736842,20
affine_resid,tangential_speed_mean,affine_resid__tangential_speed_mean,19,1471,0.004853951546962415,-0.035945200051881704,-0.011220475972393396,0.011220475972393396,0.5263157894736842,20
raw,tangential_speed_mean,raw__tangential_speed_mean,19,1471,0.028087897175910426,0.07728222194037024,0.004712795269095599,0.004712795269095599,0.5263157894736842,20
affine_pred,speed_rms,affine_pred__speed_rms,19,1471,-0.009470032149598795,0.05645062369193607,0.1086395248612177,0.1086395248612177,0.5263157894736842,21
raw,mean_speed,raw__mean_speed,19,1471,0.008598685730998902,-0.03273187243842973,-0.06154168291359782,0.06154168291359782,0.631578947368421,21
affine_resid,mean_speed,affine_resid__mean_speed,19,1471,-0.027790578158935042,-0.0903452121995747,0.04393789521443428,0.04393789521443428,0.5789473684210527,21
raw,velocity_cov_trace,raw__velocity_cov_trace,19,1471,-0.13797460037971693,-0.04075626072904048,-0.043790975378594554,0.043790975378594554,0.5789473684210527,21
affine_pred,tangential_speed_mean,affine_pred__tangential_speed_mean,19,1471,-0.057532948256074495,-0.05731160306990318,0.033804512212043406,0.033804512212043406,0.5263157894736842,21
affine_pred,mean_speed,affine_pred__mean_speed,19,1471,-0.06602028121310499,-0.04343979498965094,0.03181060874520597,0.03181060874520597,0.5263157894736842,21
affine_resid,velocity_cov_trace,affine_resid__velocity_cov_trace,19,1471,-0.053983785133734113,-0.031879265604179655,-0.025013308172001203,0.025013308172001203,0.5263157894736842,21
affine_resid,speed_rms,affine_resid__speed_rms,19,1471,-0.06974078804010274,-0.03670102896921345,0.02041158125389743,0.02041158125389743,0.5263157894736842,21
affine_resid,tangential_speed_mean,affine_resid__tangential_speed_mean,19,1471,0.01456456131240752,-0.005797360443837805,-0.018709092686008316,0.018709092686008316,0.5789473684210527,21
raw,speed_rms,raw__speed_rms,19,1471,-0.05393801137253451,0.012930146703460016,-0.01638159745215695,0.01638159745215695,0.5263157894736842,21
raw,tangential_speed_mean,raw__tangential_speed_mean,19,1471,-0.12408585947506284,0.03359528990063826,-0.01273284286285234,0.01273284286285234,0.5263157894736842,21
affine_pred,velocity_cov_trace,affine_pred__velocity_cov_trace,19,1471,-0.08357397150602486,0.0017667295882477507,0.006548631071945199,0.006548631071945199,0.5263157894736842,21
affine_pred,velocity_cov_trace,affine_pred__velocity_cov_trace,19,1470,0.05158009470892508,-0.06346462824435982,0.12900795807549897,0.12900795807549897,0.6842105263157895,22
affine_pred,mean_speed,affine_pred__mean_speed,19,1470,-0.0951338938850862,-0.027215626069458265,0.11122832886999567,0.11122832886999567,0.5789473684210527,22
raw,tangential_speed_mean,raw__tangential_speed_mean,19,1470,0.02360924497467351,0.023814259705441182,0.09652351288194315,0.09652351288194315,0.5789473684210527,22
affine_resid,tangential_speed_mean,affine_resid__tangential_speed_mean,19,1470,0.026168582173922927,0.04263152230842776,0.09198283353811035,0.09198283353811035,0.5263157894736842,22
affine_pred,speed_rms,affine_pred__speed_rms,19,1470,0.0045170176359692615,-0.084754003100809,0.08054799530077497,0.08054799530077497,0.6842105263157895,22
affine_resid,speed_rms,affine_resid__speed_rms,19,1470,0.025229242890388692,0.034655851564837636,-0.07459386266048565,0.07459386266048565,0.5789473684210527,22
raw,mean_speed,raw__mean_speed,19,1470,0.03206354161171143,0.023300606531183973,-0.06100211804336103,0.06100211804336103,0.5789473684210527,22
affine_pred,tangential_speed_mean,affine_pred__tangential_speed_mean,19,1470,-0.002822021555586751,-0.09284165002732869,0.05267426932777844,0.05267426932777844,0.631578947368421,22
affine_resid,velocity_cov_trace,affine_resid__velocity_cov_trace,19,1470,0.04535691530446362,0.030211372642477974,-0.04600689224336177,0.04600689224336177,0.5789473684210527,22
affine_resid,mean_speed,affine_resid__mean_speed,19,1470,0.000521471856444064,-0.0265580506138055,-0.024687412591544666,0.024687412591544666,0.5263157894736842,22
raw,velocity_cov_trace,raw__velocity_cov_trace,19,1470,0.02713132325953896,-0.008606781496877873,0.017879689018966582,0.017879689018966582,0.5263157894736842,22
raw,speed_rms,raw__speed_rms,19,1470,0.021145303256701775,0.02219466534964777,0.007205556960677619,0.007205556960677619,0.5263157894736842,22
affine_pred,mean_speed,affine_pred__mean_speed,19,1471,0.14886476572848661,0.10127407811163083,0.19417337906509527,0.19417337906509527,0.631578947368421,23
affine_pred,speed_rms,affine_pred__speed_rms,19,1471,0.09003067648201164,0.0646167088047293,0.13936715673204464,0.13936715673204464,0.5789473684210527,23
affine_pred,velocity_cov_trace,affine_pred__velocity_cov_trace,19,1471,0.015475324811547904,-0.019101645707464643,0.09730729819291647,0.09730729819291647,0.5789473684210527,23
affine_pred,tangential_speed_mean,affine_pred__tangential_speed_mean,19,1471,0.12163764295786623,0.00893616401672899,0.07386183970898236,0.07386183970898236,0.5789473684210527,23
raw,tangential_speed_mean,raw__tangential_speed_mean,19,1471,-0.11819027789704166,-0.02911593489981823,-0.057850677371729,0.057850677371729,0.631578947368421,23
affine_resid,speed_rms,affine_resid__speed_rms,19,1471,0.055571465077031035,-0.0686996710697052,0.055280948619991666,0.055280948619991666,0.5263157894736842,23
affine_resid,tangential_speed_mean,affine_resid__tangential_speed_mean,19,1471,-0.14411617633178436,-0.03624412183590009,-0.04682101219082002,0.04682101219082002,0.5789473684210527,23
raw,mean_speed,raw__mean_speed,19,1471,-0.016331808153303165,0.11064695648933244,-0.04679155180831951,0.04679155180831951,0.5789473684210527,23
affine_resid,mean_speed,affine_resid__mean_speed,19,1471,-0.020156195572979846,-0.047211525414660394,-0.042779925557026255,0.042779925557026255,0.5789473684210527,23
affine_resid,velocity_cov_trace,affine_resid__velocity_cov_trace,19,1471,0.022210172027725683,-0.06583595743164466,0.029382272161296186,0.029382272161296186,0.5263157894736842,23
raw,velocity_cov_trace,raw__velocity_cov_trace,19,1471,-0.015456338872670606,0.09972209820036507,-0.02170287213407346,0.02170287213407346,0.631578947368421,23
raw,speed_rms,raw__speed_rms,19,1471,0.06843011919267422,0.04243955859773335,0.008167897901267235,0.008167897901267235,0.5789473684210527,23
raw,tangential_speed_mean,raw__tangential_speed_mean,19,1470,0.046472800938872405,-0.04802780904844528,0.1648765187584192,0.1648765187584192,0.631578947368421,24
affine_pred,velocity_cov_trace,affine_pred__velocity_cov_trace,19,1470,0.013367414273732364,0.03510669661967021,-0.1332064917025177,0.1332064917025177,0.6842105263157895,24
affine_resid,tangential_speed_mean,affine_resid__tangential_speed_mean,19,1470,-0.026537418700942228,-0.04557524815493866,0.09679525481213219,0.09679525481213219,0.631578947368421,24
raw,mean_speed,raw__mean_speed,19,1470,0.005404197611921235,-0.08681301493616916,0.05345127735801583,0.05345127735801583,0.5789473684210527,24
affine_resid,mean_speed,affine_resid__mean_speed,19,1470,-0.00019899497289921353,0.03892637821155792,-0.039890988567852545,0.039890988567852545,0.631578947368421,24
affine_pred,speed_rms,affine_pred__speed_rms,19,1470,0.03218615837754857,-0.0053956101365830456,0.037581768514131614,0.037581768514131614,0.5263157894736842,24
raw,speed_rms,raw__speed_rms,19,1470,0.021275055784552965,-0.07322322472996404,-0.02408510208588098,0.02408510208588098,0.5263157894736842,24
affine_pred,mean_speed,affine_pred__mean_speed,19,1470,0.12875878797571805,-0.005148689963919706,0.019345006674882023,0.019345006674882023,0.5263157894736842,24
affine_resid,speed_rms,affine_resid__speed_rms,19,1470,-0.0605414960783755,-0.01795108611953672,0.016991070326864144,0.016991070326864144,0.5263157894736842,24
affine_pred,tangential_speed_mean,affine_pred__tangential_speed_mean,19,1470,0.11816837357864239,0.08960362519416928,-0.005212259808018677,0.005212259808018677,0.5789473684210527,24
affine_resid,velocity_cov_trace,affine_resid__velocity_cov_trace,19,1470,-0.06510367344078205,-0.015833172405470913,0.003293258276820643,0.003293258276820643,0.5789473684210527,24
raw,velocity_cov_trace,raw__velocity_cov_trace,19,1470,-0.01315330795972643,-0.019220773147934973,-0.0015049145372148243,0.0015049145372148243,0.5263157894736842,24
raw,speed_rms,raw__speed_rms,19,1471,0.06569241786271429,0.06303198891125675,-0.16129665280761155,0.16129665280761155,0.631578947368421,25
affine_pred,speed_rms,affine_pred__speed_rms,19,1471,-0.030399636153946363,0.08267546029990247,-0.11996308692480165,0.11996308692480165,0.5789473684210527,25
raw,mean_speed,raw__mean_speed,19,1471,-0.06917745279091338,0.011060390688708371,-0.10879095016692233,0.10879095016692233,0.5789473684210527,25
affine_resid,mean_speed,affine_resid__mean_speed,19,1471,-0.05762219803724486,0.03366646089010439,-0.07006063096137627,0.07006063096137627,0.5263157894736842,25
affine_pred,mean_speed,affine_pred__mean_speed,19,1471,0.0441405802250268,0.1307940348570038,-0.05841320120374796,0.05841320120374796,0.5263157894736842,25
affine_pred,velocity_cov_trace,affine_pred__velocity_cov_trace,19,1471,0.024996311232638596,0.04093430577400374,-0.051187081284053915,0.051187081284053915,0.5789473684210527,25
affine_resid,velocity_cov_trace,affine_resid__velocity_cov_trace,19,1471,-0.01180389346031413,-0.011226385778350167,0.045927469386875586,0.045927469386875586,0.5789473684210527,25
affine_resid,tangential_speed_mean,affine_resid__tangential_speed_mean,19,1471,0.07401459483353356,0.0061891933575664165,0.04430544488195769,0.04430544488195769,0.5789473684210527,25
raw,velocity_cov_trace,raw__velocity_cov_trace,19,1471,-0.029914256423972482,0.038433221982957316,-0.04169684651715109,0.04169684651715109,0.631578947368421,25
affine_pred,tangential_speed_mean,affine_pred__tangential_speed_mean,19,1471,-0.05187637870405126,0.006510328961290335,-0.03792581384906826,0.03792581384906826,0.5789473684210527,25
raw,tangential_speed_mean,raw__tangential_speed_mean,19,1471,0.040542090299294564,0.038120195464217146,-0.01511076661280937,0.01511076661280937,0.5263157894736842,25
affine_resid,speed_rms,affine_resid__speed_rms,19,1471,-0.02904300092552281,-0.009927447896932649,0.00515367990525098,0.00515367990525098,0.5263157894736842,25
raw,velocity_cov_trace,raw__velocity_cov_trace,19,1470,-0.04923594435072842,-0.016185130450825924,-0.14344633565526196,0.14344633565526196,0.5789473684210527,26
raw,speed_rms,raw__speed_rms,19,1470,-0.06931499178309736,0.0068477396720841854,-0.13418848935390934,0.13418848935390934,0.5789473684210527,26
affine_resid,speed_rms,affine_resid__speed_rms,19,1470,-0.025772313041339354,0.021617904198050236,-0.09172606214889492,0.09172606214889492,0.631578947368421,26
affine_resid,mean_speed,affine_resid__mean_speed,19,1470,-0.044258618993495584,0.07265176310346376,-0.08252658355740386,0.08252658355740386,0.6842105263157895,26
affine_pred,speed_rms,affine_pred__speed_rms,19,1470,-0.04003244461945493,-0.06198663136787712,0.07330193383462655,0.07330193383462655,0.631578947368421,26
raw,tangential_speed_mean,raw__tangential_speed_mean,19,1470,-0.041495840292889774,0.0274346371411045,-0.06661839345475429,0.06661839345475429,0.5789473684210527,26
affine_resid,velocity_cov_trace,affine_resid__velocity_cov_trace,19,1470,-0.027386480276164374,0.03035902345493743,-0.0633804893166317,0.0633804893166317,0.5789473684210527,26
affine_pred,mean_speed,affine_pred__mean_speed,19,1470,-0.024879217051549662,-0.023775091802644366,0.06331489347166902,0.06331489347166902,0.5263157894736842,26
affine_resid,tangential_speed_mean,affine_resid__tangential_speed_mean,19,1470,-0.0718001088860829,0.01911976577877679,-0.03365308433758896,0.03365308433758896,0.5263157894736842,26
affine_pred,velocity_cov_trace,affine_pred__velocity_cov_trace,19,1470,0.045120864059109644,0.056590391878798635,-0.025551147472789554,0.025551147472789554,0.5263157894736842,26
raw,mean_speed,raw__mean_speed,19,1470,0.009560884843920259,-0.002046175465600125,0.025487672173564263,0.025487672173564263,0.5789473684210527,26
affine_pred,tangential_speed_mean,affine_pred__tangential_speed_mean,19,1470,-0.04169117252558856,-0.046699930355411326,-0.0011670617416105755,0.0011670617416105755,0.5263157894736842,26
affine_resid,tangential_speed_mean,affine_resid__tangential_speed_mean,19,1471,0.1434118486019511,-0.13396498338812596,0.2783863908416832,0.2783863908416832,0.7894736842105263,27
raw,velocity_cov_trace,raw__velocity_cov_trace,19,1471,0.04997441558353284,-0.08104610278889689,0.2327620962298529,0.2327620962298529,0.6842105263157895,27
raw,speed_rms,raw__speed_rms,19,1471,0.09750543476056095,-0.15640114759495544,0.22357799675887358,0.22357799675887358,0.6842105263157895,27
raw,mean_speed,raw__mean_speed,19,1471,0.03414518444456244,-0.08183732917573192,0.2162357382805855,0.2162357382805855,0.631578947368421,27
affine_resid,mean_speed,affine_resid__mean_speed,19,1471,0.13558188902383966,-0.14485062598122456,0.17961516342531972,0.17961516342531972,0.6842105263157895,27
affine_resid,velocity_cov_trace,affine_resid__velocity_cov_trace,19,1471,0.06967634639476672,-0.10408695323099448,0.1737632996257612,0.1737632996257612,0.6842105263157895,27
affine_resid,speed_rms,affine_resid__speed_rms,19,1471,0.0636556011350215,-0.0857303284898705,0.16812278841559655,0.16812278841559655,0.631578947368421,27
affine_pred,mean_speed,affine_pred__mean_speed,19,1471,-0.10385832746639634,-0.06785704997140096,-0.15890779498183444,0.15890779498183444,0.631578947368421,27
affine_pred,tangential_speed_mean,affine_pred__tangential_speed_mean,19,1471,-0.06639297235979585,0.013283715143855424,-0.13296539341883454,0.13296539341883454,0.6842105263157895,27
raw,tangential_speed_mean,raw__tangential_speed_mean,19,1471,0.12291285876958236,-0.06913883355361877,0.12939934549703563,0.12939934549703563,0.6842105263157895,27
affine_pred,speed_rms,affine_pred__speed_rms,19,1471,-0.1329448626491122,-0.10177521341849954,-0.08824082694876167,0.08824082694876167,0.631578947368421,27
affine_pred,velocity_cov_trace,affine_pred__velocity_cov_trace,19,1471,-0.10583065454406437,-0.16274737937181846,0.05691672482775409,0.05691672482775409,0.5263157894736842,27
affine_pred,speed_rms,affine_pred__speed_rms,19,1470,0.005782407908193565,-0.08545984289216702,0.23216431874639512,0.23216431874639512,0.7368421052631579,28
affine_pred,tangential_speed_mean,affine_pred__tangential_speed_mean,19,1470,0.026361630080801945,-0.1284080980293973,0.20630593750891912,0.20630593750891912,0.6842105263157895,28
affine_pred,velocity_cov_trace,affine_pred__velocity_cov_trace,19,1470,0.08218179882797272,-0.09606469210930202,0.11765560936291825,0.11765560936291825,0.631578947368421,28
affine_pred,mean_speed,affine_pred__mean_speed,19,1470,-0.003739144058273145,-0.10718689673125267,0.10344775267297952,0.10344775267297952,0.6842105263157895,28
raw,speed_rms,raw__speed_rms,19,1470,-0.1118055845195513,-0.051168660996234294,-0.09210369228178361,0.09210369228178361,0.631578947368421,28
affine_resid,mean_speed,affine_resid__mean_speed,19,1470,-0.052650629087944156,-0.01626009699691798,0.07628119289549226,0.07628119289549226,0.5789473684210527,28
raw,tangential_speed_mean,raw__tangential_speed_mean,19,1470,-0.052690957396262283,-0.005002852056210705,-0.029234384503786626,0.029234384503786626,0.5263157894736842,28
affine_resid,speed_rms,affine_resid__speed_rms,19,1470,-0.03105374659306015,-0.04630035332652793,0.02918234542980079,0.02918234542980079,0.5263157894736842,28
affine_resid,velocity_cov_trace,affine_resid__velocity_cov_trace,19,1470,-0.027449022006730467,-0.04392657165957664,0.02576846702662361,0.02576846702662361,0.5789473684210527,28
affine_resid,tangential_speed_mean,affine_resid__tangential_speed_mean,19,1470,-0.02998793143489742,-0.06385827603463406,0.024206744925815094,0.024206744925815094,0.5263157894736842,28
raw,mean_speed,raw__mean_speed,19,1470,-0.02006093175341428,-0.06974014536496725,0.017698376843871794,0.017698376843871794,0.5789473684210527,28
raw,velocity_cov_trace,raw__velocity_cov_trace,19,1470,-0.10224805688098021,-0.01775905447070747,-0.0076277984567940105,0.0076277984567940105,0.5263157894736842,28
affine_pred,mean_speed,affine_pred__mean_speed,19,1471,0.0537344512740834,-0.14489621348088408,0.20523146513273363,0.20523146513273363,0.6842105263157895,29
affine_pred,speed_rms,affine_pred__speed_rms,19,1471,0.119176834004594,-0.09225974287881684,0.19784155514426366,0.19784155514426366,0.5789473684210527,29
affine_pred,velocity_cov_trace,affine_pred__velocity_cov_trace,19,1471,-0.008990469812889871,-0.009786406341591829,0.13355573101384385,0.13355573101384385,0.5263157894736842,29
affine_resid,velocity_cov_trace,affine_resid__velocity_cov_trace,19,1471,-0.029975989698066446,-0.012784730088437363,-0.1160863245285956,0.1160863245285956,0.631578947368421,29
affine_resid,speed_rms,affine_resid__speed_rms,19,1471,-0.03318877474748547,0.016723742607307968,-0.10891707467487723,0.10891707467487723,0.631578947368421,29
raw,mean_speed,raw__mean_speed,19,1471,-0.014193686597754076,0.06672539621972329,-0.09594172983793486,0.09594172983793486,0.631578947368421,29
affine_resid,tangential_speed_mean,affine_resid__tangential_speed_mean,19,1471,-0.019992954429850718,0.05229303912882383,-0.08300580246014005,0.08300580246014005,0.5789473684210527,29
raw,speed_rms,raw__speed_rms,19,1471,-0.006416411486683482,-0.01958357254172237,-0.031759258123016026,0.031759258123016026,0.631578947368421,29
raw,velocity_cov_trace,raw__velocity_cov_trace,19,1471,0.0027291652423258317,-0.047294584387203645,0.027360922600932425,0.027360922600932425,0.5263157894736842,29
raw,tangential_speed_mean,raw__tangential_speed_mean,19,1471,0.006320971984034696,0.03567719878902248,0.026465101894067478,0.026465101894067478,0.5263157894736842,29
affine_resid,mean_speed,affine_resid__mean_speed,19,1471,0.043713006472750414,-0.020230281902938435,-0.026196180897524207,0.026196180897524207,0.5789473684210527,29
affine_pred,tangential_speed_mean,affine_pred__tangential_speed_mean,19,1471,-0.008345324931128495,0.006120314935104121,-0.0213632601194865,0.0213632601194865,0.5263157894736842,29
affine_pred,tangential_speed_mean,affine_pred__tangential_speed_mean,19,1471,-0.08657420461620119,0.04047197995756327,-0.14999262478017977,0.14999262478017977,0.5789473684210527,30
raw,tangential_speed_mean,raw__tangential_speed_mean,19,1471,-0.056429324688646795,0.03136998078941455,-0.13460775994049257,0.13460775994049257,0.6842105263157895,30
affine_pred,mean_speed,affine_pred__mean_speed,19,1471,0.0005335053895889827,0.0774526473130817,-0.12139342541022222,0.12139342541022222,0.7894736842105263,30
affine_resid,mean_speed,affine_resid__mean_speed,19,1471,-0.1162522681353918,0.053262968635571395,-0.11972674763295066,0.11972674763295066,0.631578947368421,30
affine_pred,speed_rms,affine_pred__speed_rms,19,1471,-0.07616970081092811,0.07446520986800464,-0.11816331071349981,0.11816331071349981,0.7368421052631579,30
affine_pred,velocity_cov_trace,affine_pred__velocity_cov_trace,19,1471,-0.14053011990026765,0.11011568228276009,-0.10886203707780578,0.10886203707780578,0.6842105263157895,30
raw,speed_rms,raw__speed_rms,19,1471,-0.11942633561172356,-0.14214338398248072,-0.10197676182851323,0.10197676182851323,0.5263157894736842,30
raw,mean_speed,raw__mean_speed,19,1471,-0.0823281411161048,-0.057984031957756615,-0.10009856698345104,0.10009856698345104,0.631578947368421,30
raw,velocity_cov_trace,raw__velocity_cov_trace,19,1471,-0.14299440750306636,-0.1180306817505481,0.0649810004673616,0.0649810004673616,0.5789473684210527,30
affine_resid,tangential_speed_mean,affine_resid__tangential_speed_mean,19,1471,-0.05595684915234456,-0.09651917384865114,-0.05782232579596103,0.05782232579596103,0.631578947368421,30
affine_resid,speed_rms,affine_resid__speed_rms,19,1471,-0.10760179116096105,-0.06302947247254512,0.012559021756178151,0.012559021756178151,0.5263157894736842,30
affine_resid,velocity_cov_trace,affine_resid__velocity_cov_trace,19,1471,-0.11729136889849034,-0.08262352022729097,-0.005748795645588292,0.005748795645588292,0.5263157894736842,30
affine_pred,speed_rms,affine_pred__speed_rms,19,1471,0.00470163599417972,0.0333141408851752,0.10257379236587882,0.10257379236587882,0.631578947368421,31
affine_resid,velocity_cov_trace,affine_resid__velocity_cov_trace,19,1471,0.03871316563526228,0.008242409525657024,0.0938044823253622,0.0938044823253622,0.5789473684210527,31
raw,mean_speed,raw__mean_speed,19,1471,-0.003992529485271179,0.09209334128675106,-0.05748620016105721,0.05748620016105721,0.5789473684210527,31
affine_resid,speed_rms,affine_resid__speed_rms,19,1471,0.022609062784622214,0.07148967377074411,0.04763075027739802,0.04763075027739802,0.5263157894736842,31
raw,speed_rms,raw__speed_rms,19,1471,0.014653763377409423,0.024050174482252662,0.03984597682179725,0.03984597682179725,0.5263157894736842,31
raw,tangential_speed_mean,raw__tangential_speed_mean,19,1471,-0.0451718863229254,-0.07055161448611155,0.03584902481002733,0.03584902481002733,0.5263157894736842,31
raw,velocity_cov_trace,raw__velocity_cov_trace,19,1471,0.014664123954383185,0.016907707894556534,-0.034451827662859036,0.034451827662859036,0.5263157894736842,31
affine_pred,tangential_speed_mean,affine_pred__tangential_speed_mean,19,1471,-0.09232326243297076,0.02172695289869197,0.03260180680431679,0.03260180680431679,0.5789473684210527,31
affine_resid,tangential_speed_mean,affine_resid__tangential_speed_mean,19,1471,0.030911666873957546,-0.0530783034485105,-0.03195729585536866,0.03195729585536866,0.5263157894736842,31
affine_pred,mean_speed,affine_pred__mean_speed,19,1471,-0.045671453847353806,0.062079236034920826,-0.027246271057660032,0.027246271057660032,0.5263157894736842,31
affine_pred,velocity_cov_trace,affine_pred__velocity_cov_trace,19,1471,0.011517139540015937,0.058634903917995806,-0.02654866488534302,0.02654866488534302,0.5789473684210527,31
affine_resid,mean_speed,affine_resid__mean_speed,19,1471,-0.010168274365292405,-0.005984111638232648,0.02567110400577425,0.02567110400577425,0.5263157894736842,31
affine_pred,tangential_speed_mean,affine_pred__tangential_speed_mean,19,1471,-0.015573601999687436,-0.16868502145837655,0.13825548753799366,0.13825548753799366,0.631578947368421,32
raw,mean_speed,raw__mean_speed,19,1471,-0.055859677078531136,-0.1325960557903593,0.11451100506348585,0.11451100506348585,0.631578947368421,32
raw,speed_rms,raw__speed_rms,19,1471,0.014854046853629232,-0.0985616211276929,0.10914696436781185,0.10914696436781185,0.631578947368421,32
raw,tangential_speed_mean,raw__tangential_speed_mean,19,1471,-0.07014128890423955,-0.06229211129956114,-0.09570744263401681,0.09570744263401681,0.5789473684210527,32
affine_pred,mean_speed,affine_pred__mean_speed,19,1471,-0.029205083209477345,-0.11289041874182168,0.09142910929332194,0.09142910929332194,0.5789473684210527,32
affine_resid,tangential_speed_mean,affine_resid__tangential_speed_mean,19,1471,-0.10090459522838657,-0.08748869651802554,0.06940055123955352,0.06940055123955352,0.5263157894736842,32
raw,velocity_cov_trace,raw__velocity_cov_trace,19,1471,0.010150413068709133,-0.020866563417396344,0.06765676881376505,0.06765676881376505,0.5789473684210527,32
affine_resid,mean_speed,affine_resid__mean_speed,19,1471,-0.05216442309407851,-0.054308090583387925,0.04396270820708836,0.04396270820708836,0.5263157894736842,32
affine_resid,velocity_cov_trace,affine_resid__velocity_cov_trace,19,1471,-0.024152031960135045,-0.009536021162203978,-0.025506561018772356,0.025506561018772356,0.5263157894736842,32
affine_pred,speed_rms,affine_pred__speed_rms,19,1471,-0.024344079546322617,-0.10127855137602812,0.018575015370591502,0.018575015370591502,0.5263157894736842,32
affine_resid,speed_rms,affine_resid__speed_rms,19,1471,-0.019988284290355263,-0.02276163037267165,0.0027318162900397402,0.0027318162900397402,0.5789473684210527,32
affine_pred,velocity_cov_trace,affine_pred__velocity_cov_trace,19,1471,-0.021132085814321272,0.036834494454788334,-0.0022854735346680907,0.0022854735346680907,0.5263157894736842,32
affine_pred,tangential_speed_mean,affine_pred__tangential_speed_mean,19,1470,-0.008533837500696584,-0.0665514244919496,0.16625045873140865,0.16625045873140865,0.5263157894736842,33
raw,velocity_cov_trace,raw__velocity_cov_trace,19,1470,0.07909030384464322,0.06932581681179763,0.09303310708443108,0.09303310708443108,0.5789473684210527,33
affine_pred,mean_speed,affine_pred__mean_speed,19,1470,-0.005886055762476652,0.009713728957164255,-0.07573185359257607,0.07573185359257607,0.5263157894736842,33
raw,speed_rms,raw__speed_rms,19,1470,0.01834175945522254,0.039715617989436514,-0.07101692024725548,0.07101692024725548,0.5789473684210527,33
affine_resid,velocity_cov_trace,affine_resid__velocity_cov_trace,19,1470,0.10361212124668569,0.01999690677707222,0.04920166299141983,0.04920166299141983,0.5263157894736842,33
affine_resid,tangential_speed_mean,affine_resid__tangential_speed_mean,19,1470,0.06601556006189578,-0.03612261418455441,0.046380088181394184,0.046380088181394184,0.5263157894736842,33
affine_pred,speed_rms,affine_pred__speed_rms,19,1470,-0.04308955332886663,-0.02837966786401075,-0.039112409824826194,0.039112409824826194,0.5789473684210527,33
raw,mean_speed,raw__mean_speed,19,1470,0.05315502075084422,0.08839901620919577,0.03906213840504799,0.03906213840504799,0.5789473684210527,33
raw,tangential_speed_mean,raw__tangential_speed_mean,19,1470,0.03904562278414858,0.029019388300548066,0.028485410113881518,0.028485410113881518,0.5263157894736842,33
affine_pred,velocity_cov_trace,affine_pred__velocity_cov_trace,19,1470,-0.06303161984863759,0.03740177226694259,-0.013449030944837542,0.013449030944837542,0.6842105263157895,33
affine_resid,mean_speed,affine_resid__mean_speed,19,1470,0.008920179242632442,0.008971315429101047,0.007906292264724724,0.007906292264724724,0.5263157894736842,33
affine_resid,speed_rms,affine_resid__speed_rms,19,1470,0.09772012676242078,0.002351768290670825,-0.002995890842436316,0.002995890842436316,0.5263157894736842,33
raw,tangential_speed_mean,raw__tangential_speed_mean,19,1471,-0.010742664106898281,0.09567367757278616,-0.11621092100753114,0.11621092100753114,0.6842105263157895,34
affine_pred,mean_speed,affine_pred__mean_speed,19,1471,0.005148368671804956,0.05625914621385163,-0.09461389139932636,0.09461389139932636,0.5789473684210527,34
affine_pred,tangential_speed_mean,affine_pred__tangential_speed_mean,19,1471,-0.057948929236359775,-0.03878812920404939,0.08438083028870492,0.08438083028870492,0.5789473684210527,34
affine_pred,velocity_cov_trace,affine_pred__velocity_cov_trace,19,1471,0.0354979038391543,0.09164160713040775,-0.08079720673249252,0.08079720673249252,0.6842105263157895,34
affine_resid,velocity_cov_trace,affine_resid__velocity_cov_trace,19,1471,-0.04177087725580042,0.004367865429215773,-0.0557765822365644,0.0557765822365644,0.5789473684210527,34
affine_resid,tangential_speed_mean,affine_resid__tangential_speed_mean,19,1471,-0.04795621777766487,0.07953447256543789,-0.0524696072055664,0.0524696072055664,0.5263157894736842,34
affine_resid,speed_rms,affine_resid__speed_rms,19,1471,-0.05411797986756611,0.005909516060261466,-0.039083451850968454,0.039083451850968454,0.631578947368421,34
affine_pred,speed_rms,affine_pred__speed_rms,19,1471,-0.055153849435148034,0.029095892903819944,-0.023428538705400848,0.023428538705400848,0.631578947368421,34
affine_resid,mean_speed,affine_resid__mean_speed,19,1471,-0.02294803651927901,-0.051705801239808155,0.01902261871435884,0.01902261871435884,0.5789473684210527,34
raw,velocity_cov_trace,raw__velocity_cov_trace,19,1471,-0.020945857444042454,0.0017519194649847636,-0.015029212761938054,0.015029212761938054,0.5263157894736842,34
raw,mean_speed,raw__mean_speed,19,1471,0.04583741153956816,0.020605835405451967,-0.014171692870091679,0.014171692870091679,0.5263157894736842,34
raw,speed_rms,raw__speed_rms,19,1471,-0.026714412046574154,-0.035663591931790764,0.010541840352575618,0.010541840352575618,0.5263157894736842,34
raw,mean_speed,raw__mean_speed,19,1471,0.09254409281094145,-0.033423714167083174,0.23604420430429526,0.23604420430429526,0.7368421052631579,35
raw,tangential_speed_mean,raw__tangential_speed_mean,19,1471,0.04282079846025058,-0.08644032044768044,0.20770785334464356,0.20770785334464356,0.7368421052631579,35
affine_pred,speed_rms,affine_pred__speed_rms,19,1471,0.06457986883077854,-0.09301132473815232,0.1976440238260141,0.1976440238260141,0.631578947368421,35
affine_resid,velocity_cov_trace,affine_resid__velocity_cov_trace,19,1471,0.08878805182106664,-0.006663685681189135,0.1598174941015077,0.1598174941015077,0.6842105263157895,35
affine_resid,speed_rms,affine_resid__speed_rms,19,1471,0.09674632196160148,-0.003583793934993973,0.1494946414491689,0.1494946414491689,0.6842105263157895,35
raw,velocity_cov_trace,raw__velocity_cov_trace,19,1471,0.07802848518699854,0.05686451498607678,0.13404692616853042,0.13404692616853042,0.631578947368421,35
affine_pred,tangential_speed_mean,affine_pred__tangential_speed_mean,19,1471,0.09985021849016563,0.0030178362956359978,0.13142059243051774,0.13142059243051774,0.631578947368421,35
affine_resid,tangential_speed_mean,affine_resid__tangential_speed_mean,19,1471,0.06699401539927374,-0.1234598412134148,0.12334022455433417,0.12334022455433417,0.5789473684210527,35
raw,speed_rms,raw__speed_rms,19,1471,0.03151895676880895,-0.06737539457255243,0.08587474981935561,0.08587474981935561,0.631578947368421,35
affine_pred,mean_speed,affine_pred__mean_speed,19,1471,0.036473522351368914,-0.006381088707163904,0.08064376076650881,0.08064376076650881,0.5789473684210527,35
affine_pred,velocity_cov_trace,affine_pred__velocity_cov_trace,19,1471,0.04513544301084552,0.015940786627182978,0.07431658862565127,0.07431658862565127,0.5789473684210527,35
affine_resid,mean_speed,affine_resid__mean_speed,19,1471,0.10869235826806761,-0.07757872985584563,0.05947690581939166,0.05947690581939166,0.6842105263157895,35
affine_resid,tangential_speed_mean,affine_resid__tangential_speed_mean,19,1471,-0.012002199364126387,0.05079535639467503,-0.08597939672261745,0.08597939672261745,0.5263157894736842,36
affine_pred,tangential_speed_mean,affine_pred__tangential_speed_mean,19,1471,-0.009530286152870493,0.0778495913907556,-0.07779385612635797,0.07779385612635797,0.5789473684210527,36
raw,tangential_speed_mean,raw__tangential_speed_mean,19,1471,-0.008066625927048987,0.039213446372093064,-0.07376339978155477,0.07376339978155477,0.5789473684210527,36
affine_resid,mean_speed,affine_resid__mean_speed,19,1471,0.00548589319744297,0.07658336677295109,0.05691097259650155,0.05691097259650155,0.5263157894736842,36
raw,mean_speed,raw__mean_speed,19,1471,0.01887192120264425,-0.0250765291230044,0.0515398087684021,0.0515398087684021,0.5789473684210527,36
affine_pred,velocity_cov_trace,affine_pred__velocity_cov_trace,19,1471,-0.01806718957731966,0.015550167765774281,-0.03361735734309394,0.03361735734309394,0.5789473684210527,36
affine_pred,speed_rms,affine_pred__speed_rms,19,1471,0.016430324275261476,0.04017857667889485,0.033248344468278235,0.033248344468278235,0.5263157894736842,36
affine_resid,velocity_cov_trace,affine_resid__velocity_cov_trace,19,1471,-0.04548391525241391,-0.04263565549680998,-0.014854345158785143,0.014854345158785143,0.5263157894736842,36
affine_pred,mean_speed,affine_pred__mean_speed,19,1471,-0.047973434798535664,0.07036072862459597,0.01394373264506868,0.01394373264506868,0.5263157894736842,36
raw,velocity_cov_trace,raw__velocity_cov_trace,19,1471,0.00032953470176101674,-0.04183332658802652,0.013196274989942199,0.013196274989942199,0.5263157894736842,36
raw,speed_rms,raw__speed_rms,19,1471,-0.08124266609762021,-0.05578308716686682,-0.008176787794099083,0.008176787794099083,0.5263157894736842,36
affine_resid,speed_rms,affine_resid__speed_rms,19,1471,-0.049653401749297554,-0.039588252829309306,0.0022277982393268114,0.0022277982393268114,0.5263157894736842,36
affine_resid,tangential_speed_mean,affine_resid__tangential_speed_mean,19,1470,-0.03657968926481973,0.0654400537760455,-0.22660730722597017,0.22660730722597017,0.631578947368421,37
affine_pred,speed_rms,affine_pred__speed_rms,19,1470,-0.11229472071464458,0.05734800630570008,-0.1801289033050654,0.1801289033050654,0.7368421052631579,37
affine_pred,velocity_cov_trace,affine_pred__velocity_cov_trace,19,1470,-0.07283811098204146,0.06889348658663756,-0.16125943025561873,0.16125943025561873,0.631578947368421,37
affine_resid,speed_rms,affine_resid__speed_rms,19,1470,-0.07313283028698304,0.10096888622850082,-0.14532998241916534,0.14532998241916534,0.7894736842105263,37
raw,velocity_cov_trace,raw__velocity_cov_trace,19,1470,-0.05799366998664873,0.08770385690520863,-0.13359518045693125,0.13359518045693125,0.631578947368421,37
affine_resid,velocity_cov_trace,affine_resid__velocity_cov_trace,19,1470,-0.07577566688860961,0.09722182213465608,-0.09493602786411778,0.09493602786411778,0.7894736842105263,37
affine_resid,mean_speed,affine_resid__mean_speed,19,1470,-0.030810371905882976,0.035382058570640945,-0.054534824873174015,0.054534824873174015,0.6842105263157895,37
raw,mean_speed,raw__mean_speed,19,1470,-0.10884050799087253,0.08584987641989483,-0.05412428793705423,0.05412428793705423,0.5789473684210527,37
affine_pred,tangential_speed_mean,affine_pred__tangential_speed_mean,19,1470,0.0277914841967245,0.013672182053488385,0.04414398723006269,0.04414398723006269,0.5263157894736842,37
raw,tangential_speed_mean,raw__tangential_speed_mean,19,1470,0.04682168497160444,0.05553667011027452,-0.043725873918848905,0.043725873918848905,0.5263157894736842,37
raw,speed_rms,raw__speed_rms,19,1470,-0.08295676481343206,0.057911630275609416,-0.03481575324229112,0.03481575324229112,0.5789473684210527,37
affine_pred,mean_speed,affine_pred__mean_speed,19,1470,-0.03506039618965165,0.06665688858306346,-0.01716031868543591,0.01716031868543591,0.5263157894736842,37
affine_pred,velocity_cov_trace,affine_pred__velocity_cov_trace,19,1469,-0.012298203436890476,0.1600929364485859,-0.15547073748852328,0.15547073748852328,0.7894736842105263,38
raw,speed_rms,raw__speed_rms,19,1469,-0.026774648542874757,-0.07579755450511307,0.10812721851599749,0.10812721851599749,0.631578947368421,38
affine_resid,speed_rms,affine_resid__speed_rms,19,1469,0.03717049598452893,-0.11672944598618973,0.09407600094126417,0.09407600094126417,0.631578947368421,38
raw,mean_speed,raw__mean_speed,19,1469,0.026861210579910977,-0.0234015150803753,0.06290435234027976,0.06290435234027976,0.6842105263157895,38
affine_resid,velocity_cov_trace,affine_resid__velocity_cov_trace,19,1469,0.05211047974246691,-0.12300160058218712,0.05486365649516575,0.05486365649516575,0.631578947368421,38
affine_resid,mean_speed,affine_resid__mean_speed,19,1469,-0.016311840545111866,-0.016462918422224943,0.03308532168337848,0.03308532168337848,0.5789473684210527,38
affine_pred,mean_speed,affine_pred__mean_speed,19,1469,-0.011380664903299288,0.04071685706901096,-0.03031338224070823,0.03031338224070823,0.5789473684210527,38
affine_pred,tangential_speed_mean,affine_pred__tangential_speed_mean,19,1469,0.07359826157598776,-0.05106779144350257,0.020908874808847962,0.020908874808847962,0.5789473684210527,38
affine_pred,speed_rms,affine_pred__speed_rms,19,1469,0.053056324635006424,0.054139440479714335,0.019811686879052326,0.019811686879052326,0.5263157894736842,38
raw,tangential_speed_mean,raw__tangential_speed_mean,19,1469,-0.006542253177625662,-0.009763195973777457,-0.017549631675099042,0.017549631675099042,0.5263157894736842,38
affine_resid,tangential_speed_mean,affine_resid__tangential_speed_mean,19,1469,0.04649274253149405,0.020861027699736828,0.008537957526805529,0.008537957526805529,0.5263157894736842,38
raw,velocity_cov_trace,raw__velocity_cov_trace,19,1469,0.054044282409496214,-0.025067754029058364,-0.0024162873271072888,0.0024162873271072888,0.5263157894736842,38
raw,mean_speed,raw__mean_speed,19,1470,0.056649124522447414,0.13510981839194952,-0.21545167867217324,0.21545167867217324,0.6842105263157895,39
affine_resid,speed_rms,affine_resid__speed_rms,19,1470,-0.02272148284943054,0.07934393601441335,-0.16395182735452885,0.16395182735452885,0.5789473684210527,39
affine_resid,velocity_cov_trace,affine_resid__velocity_cov_trace,19,1470,-0.03382380705491106,0.07997397084093277,-0.16269293220319547,0.16269293220319547,0.5789473684210527,39
raw,velocity_cov_trace,raw__velocity_cov_trace,19,1470,0.029996889445494664,0.10822224069234643,-0.1501393512463329,0.1501393512463329,0.5789473684210527,39
raw,speed_rms,raw__speed_rms,19,1470,0.08843183098720613,0.14729301589865879,-0.12057490491310835,0.12057490491310835,0.631578947368421,39
affine_pred,speed_rms,affine_pred__speed_rms,19,1470,-0.007861427791268749,0.05375345285837774,-0.08697360023334214,0.08697360023334214,0.5789473684210527,39
affine_pred,mean_speed,affine_pred__mean_speed,19,1470,-0.027444390919024286,0.05173499632143819,-0.07894424092583216,0.07894424092583216,0.5789473684210527,39
affine_resid,mean_speed,affine_resid__mean_speed,19,1470,0.11314670612663624,0.11003536218027038,-0.07157861933791371,0.07157861933791371,0.5789473684210527,39
affine_pred,velocity_cov_trace,affine_pred__velocity_cov_trace,19,1470,0.03283343651789053,0.003757441759965431,-0.06138074211245213,0.06138074211245213,0.5789473684210527,39
affine_resid,tangential_speed_mean,affine_resid__tangential_speed_mean,19,1470,-0.03482333464780052,0.08805374096644558,0.03545948060615414,0.03545948060615414,0.5263157894736842,39
affine_pred,tangential_speed_mean,affine_pred__tangential_speed_mean,19,1470,-0.01589432913427056,0.004919026204066632,0.034813504992652455,0.034813504992652455,0.5263157894736842,39
raw,tangential_speed_mean,raw__tangential_speed_mean,19,1470,0.08833251816558915,0.061363866268529965,0.017945553621430993,0.017945553621430993,0.5263157894736842,39
affine_pred,velocity_cov_trace,affine_pred__velocity_cov_trace,19,1471,-0.011359185590948728,0.09406883129991696,-0.21249766371525497,0.21249766371525497,0.5789473684210527,40
affine_pred,tangential_speed_mean,affine_pred__tangential_speed_mean,19,1471,-0.013279190406884522,0.004919026204066632,0.16644074504792825,0.16644074504792825,0.6842105263157895,40
raw,velocity_cov_trace,raw__velocity_cov_trace,19,1471,-0.09833121185761554,0.074776434189614,-0.1636843737792916,0.1636843737792916,0.6842105263157895,40
affine_resid,velocity_cov_trace,affine_resid__velocity_cov_trace,19,1471,-0.10158768634451473,0.015632192037468184,-0.10853015816587863,0.10853015816587863,0.7368421052631579,40
affine_resid,speed_rms,affine_resid__speed_rms,19,1471,-0.0868082690822366,0.01978521612057975,-0.10756750428862608,0.10756750428862608,0.6842105263157895,40
raw,speed_rms,raw__speed_rms,19,1471,-0.06020949380465915,0.033465771557876944,-0.08777271628299871,0.08777271628299871,0.5789473684210527,40
affine_resid,mean_speed,affine_resid__mean_speed,19,1471,-0.0655886163433862,0.06108306662753783,-0.07489625679390197,0.07489625679390197,0.5789473684210527,40
affine_pred,speed_rms,affine_pred__speed_rms,19,1471,-0.09764015642572052,0.08168682520350234,0.06289127693287277,0.06289127693287277,0.5263157894736842,40
affine_resid,tangential_speed_mean,affine_resid__tangential_speed_mean,19,1471,0.008325682227438097,-0.06179405466149296,0.04091999400507103,0.04091999400507103,0.5263157894736842,40
raw,mean_speed,raw__mean_speed,19,1471,0.011159394825505764,0.0020598937296322783,-0.03947863511357494,0.03947863511357494,0.631578947368421,40
raw,tangential_speed_mean,raw__tangential_speed_mean,19,1471,-0.05881281498671803,0.026866448207002708,-0.025052334114957164,0.025052334114957164,0.5789473684210527,40
affine_pred,mean_speed,affine_pred__mean_speed,19,1471,-0.029058203669793184,0.043082071398749755,0.00354221710270633,0.00354221710270633,0.5263157894736842,40
affine_resid,speed_rms,affine_resid__speed_rms,19,1471,0.02544557852779969,-0.0943860549821166,0.1218474185692961,0.1218474185692961,0.5789473684210527,41
affine_resid,velocity_cov_trace,affine_resid__velocity_cov_trace,19,1471,0.03443593270226389,-0.09879126319508834,0.11579048567785535,0.11579048567785535,0.631578947368421,41
affine_resid,tangential_speed_mean,affine_resid__tangential_speed_mean,19,1471,-0.02923227611260873,-0.06555860466198532,0.10347414941865456,0.10347414941865456,0.6842105263157895,41
raw,velocity_cov_trace,raw__velocity_cov_trace,19,1471,0.0647357940788924,-0.10569882790019292,0.09975139792154877,0.09975139792154877,0.631578947368421,41
affine_pred,tangential_speed_mean,affine_pred__tangential_speed_mean,19,1471,-0.047323102271362716,-0.05279900592936404,-0.09812467344927209,0.09812467344927209,0.631578947368421,41
affine_pred,speed_rms,affine_pred__speed_rms,19,1471,-0.026518752366661902,0.034558747335250065,-0.08133447798762108,0.08133447798762108,0.631578947368421,41
affine_resid,mean_speed,affine_resid__mean_speed,19,1471,-0.012754882411070811,-0.014303111304323601,0.05077142226905046,0.05077142226905046,0.631578947368421,41
raw,speed_rms,raw__speed_rms,19,1471,-0.01142389159550615,-0.08094107690910256,0.04777653581575306,0.04777653581575306,0.5263157894736842,41
raw,mean_speed,raw__mean_speed,19,1471,-0.00861613009820933,-0.032448986368654564,0.046874088614154874,0.046874088614154874,0.5263157894736842,41
raw,tangential_speed_mean,raw__tangential_speed_mean,19,1471,-0.009070903202449299,-0.09015067691060857,0.04251617130453239,0.04251617130453239,0.631578947368421,41
affine_pred,velocity_cov_trace,affine_pred__velocity_cov_trace,19,1471,-0.0652135974034155,-0.07063802287275875,-0.027330678534204345,0.027330678534204345,0.5263157894736842,41
affine_pred,mean_speed,affine_pred__mean_speed,19,1471,-0.022812496342811683,-0.013994834034997947,-0.009899728126743196,0.009899728126743196,0.5263157894736842,41
affine_resid,mean_speed,affine_resid__mean_speed,19,1470,-0.04708776480323268,-0.05679342369705023,0.09082854878757651,0.09082854878757651,0.5789473684210527,42
affine_resid,tangential_speed_mean,affine_resid__tangential_speed_mean,19,1470,-0.04586604683844786,0.03948940706640147,0.08827232719600286,0.08827232719600286,0.5789473684210527,42
raw,velocity_cov_trace,raw__velocity_cov_trace,19,1470,0.05979800653470946,-0.08890080937729233,0.0806080437002278,0.0806080437002278,0.6842105263157895,42
raw,speed_rms,raw__speed_rms,19,1470,-0.02442813023335552,-0.005274340743613104,-0.07807367741330123,0.07807367741330123,0.5263157894736842,42
affine_resid,velocity_cov_trace,affine_resid__velocity_cov_trace,19,1470,-0.03346758919114118,0.02411905015449023,0.07731155392654199,0.07731155392654199,0.5263157894736842,42
affine_pred,tangential_speed_mean,affine_pred__tangential_speed_mean,19,1470,0.049436112648444,-0.015210612232196954,0.07663163946015272,0.07663163946015272,0.631578947368421,42
affine_pred,velocity_cov_trace,affine_pred__velocity_cov_trace,19,1470,0.006925937051330516,-0.06616529006537802,0.0666206574059024,0.0666206574059024,0.631578947368421,42
affine_resid,speed_rms,affine_resid__speed_rms,19,1470,-0.047243812578540656,0.026179943747025383,0.044935439197508475,0.044935439197508475,0.5263157894736842,42
affine_pred,speed_rms,affine_pred__speed_rms,19,1470,-0.07400852393725832,-0.03461430103610946,-0.04435046565096279,0.04435046565096279,0.5789473684210527,42
affine_pred,mean_speed,affine_pred__mean_speed,19,1470,-0.03383528665439059,-0.00918228441178559,0.04270320595169935,0.04270320595169935,0.5789473684210527,42
raw,mean_speed,raw__mean_speed,19,1470,-0.03346882668192974,-0.05605435793526625,0.02764163239720538,0.02764163239720538,0.5263157894736842,42
raw,tangential_speed_mean,raw__tangential_speed_mean,19,1470,-0.02855095620117727,-0.047393687271271086,-0.0006812610894038548,0.0006812610894038548,0.5263157894736842,42
raw,tangential_speed_mean,raw__tangential_speed_mean,19,1470,0.0580074386670123,-0.04453340740576969,0.18636560615188227,0.18636560615188227,0.631578947368421,43
raw,speed_rms,raw__speed_rms,19,1470,0.06859567240380798,-0.06957893642604374,0.14492667504174406,0.14492667504174406,0.631578947368421,43
raw,mean_speed,raw__mean_speed,19,1470,0.08557853595615444,-0.07732285954819518,0.13856592854305375,0.13856592854305375,0.5789473684210527,43
affine_pred,speed_rms,affine_pred__speed_rms,19,1470,0.16324201038535535,-0.08384766267720922,0.11421394889567982,0.11421394889567982,0.5789473684210527,43
affine_pred,velocity_cov_trace,affine_pred__velocity_cov_trace,19,1470,0.007210051007014034,-0.035388319024162194,-0.07806616452461324,0.07806616452461324,0.5263157894736842,43
raw,velocity_cov_trace,raw__velocity_cov_trace,19,1470,0.013446715294533174,-0.03821835511685906,0.05654084007228638,0.05654084007228638,0.631578947368421,43
affine_resid,velocity_cov_trace,affine_resid__velocity_cov_trace,19,1470,-0.028773813394131348,-0.02512937923483596,0.04995971465632852,0.04995971465632852,0.631578947368421,43
affine_pred,mean_speed,affine_pred__mean_speed,19,1470,0.051272491105250784,-0.029841551459291238,0.044369525415885,0.044369525415885,0.5263157894736842,43
affine_resid,mean_speed,affine_resid__mean_speed,19,1470,-0.023911263956524903,-0.1308923172229971,0.04044165686530439,0.04044165686530439,0.5263157894736842,43
affine_resid,speed_rms,affine_resid__speed_rms,19,1470,-0.037703092817848824,-0.03993237266298674,0.03418965658377954,0.03418965658377954,0.631578947368421,43
affine_resid,tangential_speed_mean,affine_resid__tangential_speed_mean,19,1470,0.005510941954837234,-0.05380881451820327,0.027966466752420496,0.027966466752420496,0.5789473684210527,43
affine_pred,tangential_speed_mean,affine_pred__tangential_speed_mean,19,1470,-0.028372851325937087,-0.05288919654319002,-0.009496283334160471,0.009496283334160471,0.5263157894736842,43
affine_pred,speed_rms,affine_pred__speed_rms,19,1471,-0.050277526646262824,0.028199983192458603,-0.16952752451818576,0.16952752451818576,0.631578947368421,44
affine_pred,mean_speed,affine_pred__mean_speed,19,1471,-0.015014438591367057,0.12196733122306339,-0.16173264912569715,0.16173264912569715,0.6842105263157895,44
affine_pred,velocity_cov_trace,affine_pred__velocity_cov_trace,19,1471,-0.11825122630602344,0.01441113330156929,-0.1448314645188164,0.1448314645188164,0.7368421052631579,44
affine_resid,velocity_cov_trace,affine_resid__velocity_cov_trace,19,1471,0.017159575757877008,0.037190449339676315,0.0918814307870329,0.0918814307870329,0.5789473684210527,44
affine_resid,mean_speed,affine_resid__mean_speed,19,1471,0.011892179063202113,0.04656516057172715,-0.09104130866029303,0.09104130866029303,0.631578947368421,44
affine_resid,speed_rms,affine_resid__speed_rms,19,1471,0.01078590138700862,0.04325608569450402,0.06551823955362435,0.06551823955362435,0.5789473684210527,44
raw,tangential_speed_mean,raw__tangential_speed_mean,19,1471,0.025562030212667786,0.07974034467401658,-0.03532614682644991,0.03532614682644991,0.5263157894736842,44
affine_resid,tangential_speed_mean,affine_resid__tangential_speed_mean,19,1471,0.09796986327744464,0.0350678742862246,0.028129038283106103,0.028129038283106103,0.5789473684210527,44
affine_pred,tangential_speed_mean,affine_pred__tangential_speed_mean,19,1471,-0.048691374793295605,0.049944458529685765,0.022044462212921306,0.022044462212921306,0.5263157894736842,44
raw,velocity_cov_trace,raw__velocity_cov_trace,19,1471,-0.03935995648918396,0.02393784469944632,-0.013712163926419996,0.013712163926419996,0.5263157894736842,44
raw,mean_speed,raw__mean_speed,19,1471,0.00813264157525373,0.04771343971534712,0.008131535589041089,0.008131535589041089,0.5263157894736842,44
raw,speed_rms,raw__speed_rms,19,1471,-0.08152566572153754,0.04727509080809533,-0.0009052018264485706,0.0009052018264485706,0.5263157894736842,44
affine_pred,tangential_speed_mean,affine_pred__tangential_speed_mean,19,1471,0.07467822165228165,-0.01905451033906866,0.11320179423372898,0.11320179423372898,0.5789473684210527,45
affine_resid,velocity_cov_trace,affine_resid__velocity_cov_trace,19,1471,-0.01033012665382338,0.05705551323124308,-0.09913651963423305,0.09913651963423305,0.5789473684210527,45
raw,tangential_speed_mean,raw__tangential_speed_mean,19,1471,0.04754475666048834,0.03403731256052245,-0.07801062608872028,0.07801062608872028,0.5789473684210527,45
raw,velocity_cov_trace,raw__velocity_cov_trace,19,1471,0.0842179751933724,0.04929319973228963,-0.07734235985746706,0.07734235985746706,0.5789473684210527,45
affine_pred,speed_rms,affine_pred__speed_rms,19,1471,-0.031394983441413254,-0.039958950461428666,-0.07671096559164689,0.07671096559164689,0.5263157894736842,45
affine_resid,speed_rms,affine_resid__speed_rms,19,1471,0.013644870119608021,0.0520412641087369,-0.057421608071235586,0.057421608071235586,0.5789473684210527,45
affine_pred,velocity_cov_trace,affine_pred__velocity_cov_trace,19,1471,-0.08449240780980306,0.008001560775974248,-0.05455206509519615,0.05455206509519615,0.5263157894736842,45
affine_resid,mean_speed,affine_resid__mean_speed,19,1471,0.015672490379150736,-0.0007991322235925136,-0.04716847061306145,0.04716847061306145,0.5789473684210527,45
affine_pred,mean_speed,affine_pred__mean_speed,19,1471,-0.11202154812589449,-0.07803257360261251,0.044452458076315704,0.044452458076315704,0.5263157894736842,45
raw,speed_rms,raw__speed_rms,19,1471,0.026414205920434607,0.030637211759553112,-0.04411594173398786,0.04411594173398786,0.5789473684210527,45
affine_resid,tangential_speed_mean,affine_resid__tangential_speed_mean,19,1471,0.05938400708056457,0.027902154072386165,0.02458409531125136,0.02458409531125136,0.5789473684210527,45
raw,mean_speed,raw__mean_speed,19,1471,0.10158067933348847,0.03288788249231006,0.02346299577418226,0.02346299577418226,0.5789473684210527,45
affine_resid,tangential_speed_mean,affine_resid__tangential_speed_mean,19,1471,0.04497887783532563,-0.045645003545272456,-0.1512949585543514,0.1512949585543514,0.5263157894736842,46
raw,tangential_speed_mean,raw__tangential_speed_mean,19,1471,-0.012521860799660306,-0.06388434933251198,0.11642094026382777,0.11642094026382777,0.5789473684210527,46
affine_pred,speed_rms,affine_pred__speed_rms,19,1471,0.03046204951094833,-0.06511566154538787,0.09511057625823183,0.09511057625823183,0.6842105263157895,46
affine_resid,speed_rms,affine_resid__speed_rms,19,1471,-0.0010337206667657417,0.02285350616283721,0.05930402193205547,0.05930402193205547,0.5263157894736842,46
affine_pred,mean_speed,affine_pred__mean_speed,19,1471,0.1264523932099564,-0.04932857772226773,0.05872639057226922,0.05872639057226922,0.7368421052631579,46
raw,speed_rms,raw__speed_rms,19,1471,-0.05067432516806834,-0.0712630817801605,-0.05363178012615033,0.05363178012615033,0.5263157894736842,46
raw,velocity_cov_trace,raw__velocity_cov_trace,19,1471,-0.041009506798570905,-0.07055870874232119,-0.052175853520551374,0.052175853520551374,0.5789473684210527,46
affine_pred,tangential_speed_mean,affine_pred__tangential_speed_mean,19,1471,0.08516208692284721,-0.04225727552624775,0.04670151101777567,0.04670151101777567,0.5263157894736842,46
affine_resid,velocity_cov_trace,affine_resid__velocity_cov_trace,19,1471,0.0025956337515512795,-0.015661717915777196,0.038455228106758034,0.038455228106758034,0.5263157894736842,46
affine_resid,mean_speed,affine_resid__mean_speed,19,1471,0.04344773442006755,0.022287708391284355,-0.0337589281418158,0.0337589281418158,0.5789473684210527,46
affine_pred,velocity_cov_trace,affine_pred__velocity_cov_trace,19,1471,-0.006694816050644148,0.0068754114004662276,0.03223263554716595,0.03223263554716595,0.5263157894736842,46
raw,mean_speed,raw__mean_speed,19,1471,-0.07564989149552159,-0.008664707347668686,0.020776457907904833,0.020776457907904833,0.5789473684210527,46
affine_pred,mean_speed,affine_pred__mean_speed,19,1470,-0.061531377308412516,0.04559421070566874,-0.1405639425442675,0.1405639425442675,0.631578947368421,47
raw,speed_rms,raw__speed_rms,19,1470,0.03555905168038312,-0.008602959468362134,-0.13222257832253773,0.13222257832253773,0.5263157894736842,47
affine_resid,tangential_speed_mean,affine_resid__tangential_speed_mean,19,1470,0.0069918816317637855,0.07644333659857364,0.131264009999574,0.131264009999574,0.5789473684210527,47
raw,velocity_cov_trace,raw__velocity_cov_trace,19,1470,0.011367982397019916,0.019410698112256652,-0.09599869040737974,0.09599869040737974,0.6842105263157895,47
affine_resid,mean_speed,affine_resid__mean_speed,19,1470,0.033619673981088824,0.0203084726929999,-0.0890603133524597,0.0890603133524597,0.5789473684210527,47
raw,tangential_speed_mean,raw__tangential_speed_mean,19,1470,-0.04578582217214011,0.058146229365487745,-0.05925461333563814,0.05925461333563814,0.631578947368421,47
affine_resid,speed_rms,affine_resid__speed_rms,19,1470,0.031882480523429624,0.03246138488052401,-0.05494524746538931,0.05494524746538931,0.5789473684210527,47
affine_resid,velocity_cov_trace,affine_resid__velocity_cov_trace,19,1470,0.03621839939669135,0.05476365843461472,-0.04742474529353169,0.04742474529353169,0.5789473684210527,47
affine_pred,velocity_cov_trace,affine_pred__velocity_cov_trace,19,1470,0.012670511166534455,-0.0012116862131191508,0.039222446140560696,0.039222446140560696,0.5263157894736842,47
affine_pred,speed_rms,affine_pred__speed_rms,19,1470,0.024310688756519067,0.08371891635331499,-0.020457556356853673,0.020457556356853673,0.5263157894736842,47
affine_pred,tangential_speed_mean,affine_pred__tangential_speed_mean,19,1470,-0.028741241472092005,-0.0273701710617599,-0.014536984920918539,0.014536984920918539,0.5263157894736842,47
raw,mean_speed,raw__mean_speed,19,1470,0.002402870154584222,0.027633590525476093,0.008000387147034077,0.008000387147034077,0.5263157894736842,47
affine_resid,mean_speed,affine_resid__mean_speed,19,1471,-0.025607104660874708,0.06076313786874629,-0.0682041217805538,0.0682041217805538,0.5789473684210527,48
raw,tangential_speed_mean,raw__tangential_speed_mean,19,1471,-0.0945594640993484,0.025345690223265882,-0.06291721641154618,0.06291721641154618,0.5789473684210527,48
raw,velocity_cov_trace,raw__velocity_cov_trace,19,1471,0.04771174195662109,0.03606851767338701,0.05594756027854198,0.05594756027854198,0.5263157894736842,48
affine_resid,velocity_cov_trace,affine_resid__velocity_cov_trace,19,1471,0.04640683644950691,0.10330924166144562,-0.05284484564848438,0.05284484564848438,0.5263157894736842,48
raw,speed_rms,raw__speed_rms,19,1471,0.11091909184242146,0.0899682454405566,-0.0493012077266278,0.0493012077266278,0.5263157894736842,48
affine_pred,velocity_cov_trace,affine_pred__velocity_cov_trace,19,1471,-0.0884807066962825,-0.009698418709598644,0.047693634142487173,0.047693634142487173,0.631578947368421,48
affine_pred,speed_rms,affine_pred__speed_rms,19,1471,0.004354386166181723,0.030281703849732666,0.045529429548100575,0.045529429548100575,0.5263157894736842,48
affine_pred,tangential_speed_mean,affine_pred__tangential_speed_mean,19,1471,-0.05836954856720755,-0.04384010571296887,-0.043350309492863365,0.043350309492863365,0.5263157894736842,48
affine_resid,tangential_speed_mean,affine_resid__tangential_speed_mean,19,1471,0.03077262178293219,-0.014366341096602953,-0.02797258839753436,0.02797258839753436,0.5263157894736842,48
raw,mean_speed,raw__mean_speed,19,1471,0.08469576116680966,0.06123548479967561,0.026470916634684594,0.026470916634684594,0.5263157894736842,48
affine_resid,speed_rms,affine_resid__speed_rms,19,1471,0.04878726490158355,-0.022292294941426816,0.02264577589712824,0.02264577589712824,0.5263157894736842,48
affine_pred,mean_speed,affine_pred__mean_speed,19,1471,0.016020987612238802,0.009246133871629203,-0.0002578970013774051,0.0002578970013774051,0.5263157894736842,48
raw,tangential_speed_mean,raw__tangential_speed_mean,19,1471,-0.04115720028676392,0.08171371891023832,-0.10190622409282675,0.10190622409282675,0.631578947368421,49
affine_pred,speed_rms,affine_pred__speed_rms,19,1471,0.07845186561644957,0.01775886115323899,-0.07809655366720852,0.07809655366720852,0.5263157894736842,49
affine_resid,velocity_cov_trace,affine_resid__velocity_cov_trace,19,1471,0.0031031609565020657,0.014307247901369217,0.06160051082611251,0.06160051082611251,0.631578947368421,49
affine_resid,mean_speed,affine_resid__mean_speed,19,1471,-0.0033793889897585916,0.0002669381286671546,0.05979763143901201,0.05979763143901201,0.5789473684210527,49
affine_pred,velocity_cov_trace,affine_pred__velocity_cov_trace,19,1471,0.04518410336866732,0.01389694485143228,-0.059791414759985895,0.059791414759985895,0.5263157894736842,49
affine_pred,mean_speed,affine_pred__mean_speed,19,1471,0.10772228216258695,0.01007582291313086,0.051923530459178,0.051923530459178,0.5263157894736842,49
affine_resid,speed_rms,affine_resid__speed_rms,19,1471,-0.014413156999053545,0.013344207505435662,0.045095420469948355,0.045095420469948355,0.5263157894736842,49
raw,speed_rms,raw__speed_rms,19,1471,-0.02403577793195666,0.003218805116278013,-0.02392252070150075,0.02392252070150075,0.5263157894736842,49
raw,mean_speed,raw__mean_speed,19,1471,-0.05230720893638249,-0.046179924146231566,0.01614961168047846,0.01614961168047846,0.5263157894736842,49
affine_resid,tangential_speed_mean,affine_resid__tangential_speed_mean,19,1471,-0.03269212247687194,-0.022188046005389823,-0.014311908849391874,0.014311908849391874,0.5263157894736842,49
raw,velocity_cov_trace,raw__velocity_cov_trace,19,1471,0.026373049164628702,0.014109867720743352,0.01226318144388535,0.01226318144388535,0.5263157894736842,49
affine_pred,tangential_speed_mean,affine_pred__tangential_speed_mean,19,1471,0.03956469380408745,-0.005047812772490501,-0.009537444894471614,0.009537444894471614,0.5263157894736842,49
affine_resid,mean_speed,affine_resid__mean_speed,19,1471,-0.10382168659126981,0.06504471072240686,-0.21135877443035622,0.21135877443035622,0.631578947368421,50
raw,tangential_speed_mean,raw__tangential_speed_mean,19,1471,-0.17076934655527373,0.027953899305434515,-0.1927483092155869,0.1927483092155869,0.631578947368421,50
affine_resid,velocity_cov_trace,affine_resid__velocity_cov_trace,19,1471,-0.0175075628279473,0.03815893686513494,-0.18533916677219298,0.18533916677219298,0.631578947368421,50
raw,mean_speed,raw__mean_speed,19,1471,-0.04517590493910725,-0.014598968122259137,-0.16394533256079613,0.16394533256079613,0.6842105263157895,50
affine_resid,speed_rms,affine_resid__speed_rms,19,1471,-0.04264591097755069,0.04306712929366674,-0.1492873854348094,0.1492873854348094,0.6842105263157895,50
raw,speed_rms,raw__speed_rms,19,1471,-0.14185369570914472,0.04310670159672325,-0.14440822520080251,0.14440822520080251,0.7368421052631579,50
raw,velocity_cov_trace,raw__velocity_cov_trace,19,1471,-0.14463858677552274,0.12796865490440099,-0.14378815613093177,0.14378815613093177,0.631578947368421,50
affine_pred,speed_rms,affine_pred__speed_rms,19,1471,-0.083739967375693,-0.009755678154180769,-0.06745284173170948,0.06745284173170948,0.5789473684210527,50
affine_pred,tangential_speed_mean,affine_pred__tangential_speed_mean,19,1471,-0.10975567100627026,-0.021457223912934226,-0.06617501014642135,0.06617501014642135,0.7368421052631579,50
affine_pred,velocity_cov_trace,affine_pred__velocity_cov_trace,19,1471,-0.12143922676047159,0.05920878707158944,-0.0398825247896028,0.0398825247896028,0.5789473684210527,50
affine_pred,mean_speed,affine_pred__mean_speed,19,1471,-0.057258828067260195,-0.0019341653694846528,0.01394435015020895,0.01394435015020895,0.5263157894736842,50
affine_resid,tangential_speed_mean,affine_resid__tangential_speed_mean,19,1471,-0.044121596674394414,0.003315636009099787,0.012342470903682734,0.012342470903682734,0.5789473684210527,50
affine_resid,velocity_cov_trace,affine_resid__velocity_cov_trace,19,1469,-0.09849821418711821,0.01840786242418975,0.1450215984625846,0.1450215984625846,0.5789473684210527,51
affine_resid,speed_rms,affine_resid__speed_rms,19,1469,-0.10412349615224586,-0.01191776638060138,0.1229189701700148,0.1229189701700148,0.5789473684210527,51
affine_pred,speed_rms,affine_pred__speed_rms,19,1469,-0.04622440646431243,0.04014321550852644,-0.10609640965307168,0.10609640965307168,0.631578947368421,51
affine_pred,velocity_cov_trace,affine_pred__velocity_cov_trace,19,1469,0.02632326565509696,-0.0010258173884614974,-0.09390005270801463,0.09390005270801463,0.5263157894736842,51
affine_pred,tangential_speed_mean,affine_pred__tangential_speed_mean,19,1469,-0.06638711782442354,-0.035299953528310724,-0.09224341968242306,0.09224341968242306,0.5789473684210527,51
affine_pred,mean_speed,affine_pred__mean_speed,19,1469,-0.13103479036251175,-0.044928322267064946,-0.08771120338977179,0.08771120338977179,0.631578947368421,51
affine_resid,tangential_speed_mean,affine_resid__tangential_speed_mean,19,1469,-0.047194546001068094,0.03330019962627464,0.0836971111090968,0.0836971111090968,0.5789473684210527,51
raw,velocity_cov_trace,raw__velocity_cov_trace,19,1469,-0.052864742908724754,-0.03377378256839347,-0.07226906412815892,0.07226906412815892,0.5789473684210527,51
raw,tangential_speed_mean,raw__tangential_speed_mean,19,1469,-0.05157288439697888,0.017101467412545646,-0.0686916385105068,0.0686916385105068,0.5789473684210527,51
affine_resid,mean_speed,affine_resid__mean_speed,19,1469,0.031329638099076074,0.0008739159184165471,-0.013860691765016059,0.013860691765016059,0.5263157894736842,51
raw,speed_rms,raw__speed_rms,19,1469,-0.011462422954942847,-0.04203509018981827,-0.011293774677088822,0.011293774677088822,0.5263157894736842,51
raw,mean_speed,raw__mean_speed,19,1469,-0.033074826668948815,-0.020821658205485052,0.004116133475270636,0.004116133475270636,0.5263157894736842,51
raw,speed_rms,raw__speed_rms,19,1471,0.010138536169880474,-0.0696071274291424,0.15193837840176855,0.15193837840176855,0.631578947368421,52
raw,velocity_cov_trace,raw__velocity_cov_trace,19,1471,0.011762078492423791,-0.06205700416944193,0.13461229392322271,0.13461229392322271,0.6842105263157895,52
affine_pred,velocity_cov_trace,affine_pred__velocity_cov_trace,19,1471,-0.009940707169242669,-0.017652954044217482,0.13281071279269055,0.13281071279269055,0.6842105263157895,52
raw,tangential_speed_mean,raw__tangential_speed_mean,19,1471,0.08668878582329975,-0.11326472119386871,0.1222112380459155,0.1222112380459155,0.631578947368421,52
affine_resid,tangential_speed_mean,affine_resid__tangential_speed_mean,19,1471,0.08592708175115679,-0.0663104028143015,0.12158031572867932,0.12158031572867932,0.6842105263157895,52
affine_pred,tangential_speed_mean,affine_pred__tangential_speed_mean,19,1471,-0.13565766237353638,0.04308780908776533,-0.10204788451155927,0.10204788451155927,0.5789473684210527,52
affine_pred,mean_speed,affine_pred__mean_speed,19,1471,-0.027265923830430878,-0.057544637489023595,-0.10115486078628975,0.10115486078628975,0.6842105263157895,52
raw,mean_speed,raw__mean_speed,19,1471,0.003871810029257128,-0.08473210433192824,0.09236041499721578,0.09236041499721578,0.7368421052631579,52
affine_resid,velocity_cov_trace,affine_resid__velocity_cov_trace,19,1471,-0.00782295379161918,-0.04959236330957467,0.08412824484414241,0.08412824484414241,0.6842105263157895,52
affine_resid,speed_rms,affine_resid__speed_rms,19,1471,-0.005940988628447261,-0.06051767141907077,0.08041079608044296,0.08041079608044296,0.6842105263157895,52
affine_pred,speed_rms,affine_pred__speed_rms,19,1471,-0.021408154532937276,-0.03213859412502186,-0.029415498886923797,0.029415498886923797,0.5263157894736842,52
affine_resid,mean_speed,affine_resid__mean_speed,19,1471,-0.06500961787925319,-0.0749993374899787,-0.0012727142993859408,0.0012727142993859408,0.5263157894736842,52
affine_resid,tangential_speed_mean,affine_resid__tangential_speed_mean,19,1471,0.17653368933710745,-0.022591752794499775,0.1330545626983249,0.1330545626983249,0.631578947368421,53
raw,tangential_speed_mean,raw__tangential_speed_mean,19,1471,0.080193549095539,-0.05947740076590631,0.12880861748505462,0.12880861748505462,0.631578947368421,53
affine_pred,mean_speed,affine_pred__mean_speed,19,1471,-0.07092201983371518,0.00020387069386984535,-0.1174686891423054,0.1174686891423054,0.631578947368421,53
affine_pred,tangential_speed_mean,affine_pred__tangential_speed_mean,19,1471,-0.05626607993712421,0.02675674253264447,-0.06875753479374291,0.06875753479374291,0.5263157894736842,53
affine_resid,velocity_cov_trace,affine_resid__velocity_cov_trace,19,1471,0.09924512065324545,0.007608763453428313,0.06483748396765346,0.06483748396765346,0.5789473684210527,53
affine_pred,velocity_cov_trace,affine_pred__velocity_cov_trace,19,1471,-0.04469733910787109,-0.06073464748951483,0.06394815474683707,0.06394815474683707,0.5789473684210527,53
affine_resid,speed_rms,affine_resid__speed_rms,19,1471,0.1110837289643018,0.01719039993612094,0.060459709619326424,0.060459709619326424,0.5263157894736842,53
raw,mean_speed,raw__mean_speed,19,1471,0.0693780790230694,-0.02604474307394708,0.05130951170920234,0.05130951170920234,0.5789473684210527,53
raw,speed_rms,raw__speed_rms,19,1471,0.08842123705395981,0.04015835781070837,-0.04425581060723047,0.04425581060723047,0.5789473684210527,53
raw,velocity_cov_trace,raw__velocity_cov_trace,19,1471,0.05626255113125675,0.06063936959337857,-0.04368936650978464,0.04368936650978464,0.5789473684210527,53
affine_pred,speed_rms,affine_pred__speed_rms,19,1471,-0.056074418156351294,-0.01314786553178391,-0.03442963513598252,0.03442963513598252,0.5789473684210527,53
affine_resid,mean_speed,affine_resid__mean_speed,19,1471,0.09569098468310175,0.01611102370576986,-0.005687767057718313,0.005687767057718313,0.5263157894736842,53
raw,tangential_speed_mean,raw__tangential_speed_mean,19,1471,-0.06901785718781979,0.1153039402936739,-0.13916810406616759,0.13916810406616759,0.6842105263157895,54
affine_resid,mean_speed,affine_resid__mean_speed,19,1471,0.029655061609481198,0.03366181684169178,-0.12059688385246942,0.12059688385246942,0.6842105263157895,54
affine_resid,velocity_cov_trace,affine_resid__velocity_cov_trace,19,1471,-0.04464968849988571,0.07832380428076074,-0.11286027703538924,0.11286027703538924,0.6842105263157895,54
affine_resid,speed_rms,affine_resid__speed_rms,19,1471,-0.05559746087788575,0.05135651330220292,-0.10912456876393872,0.10912456876393872,0.631578947368421,54
affine_resid,tangential_speed_mean,affine_resid__tangential_speed_mean,19,1471,-0.019232389704767337,0.09509239396652133,-0.10535685462348512,0.10535685462348512,0.7368421052631579,54
affine_pred,tangential_speed_mean,affine_pred__tangential_speed_mean,19,1471,0.052904374747221,-0.01769887460017836,-0.08170385953218345,0.08170385953218345,0.5263157894736842,54
affine_pred,velocity_cov_trace,affine_pred__velocity_cov_trace,19,1471,-0.002703254133475743,0.11291805297035165,-0.04917702424036008,0.04917702424036008,0.5789473684210527,54
raw,mean_speed,raw__mean_speed,19,1471,0.038911142277363246,0.055395870811480674,-0.04756767406504689,0.04756767406504689,0.631578947368421,54
affine_pred,mean_speed,affine_pred__mean_speed,19,1471,0.07638291033977684,0.1262160266663781,0.04334348878485299,0.04334348878485299,0.5789473684210527,54
raw,speed_rms,raw__speed_rms,19,1471,-0.008510943813680505,0.1418095382843908,-0.03541873110046215,0.03541873110046215,0.631578947368421,54
raw,velocity_cov_trace,raw__velocity_cov_trace,19,1471,0.016298732216704095,0.11111262591937199,-0.012937969066232707,0.012937969066232707,0.5789473684210527,54
affine_pred,speed_rms,affine_pred__speed_rms,19,1471,0.09837099415816114,0.13613538114546275,-0.0052914100742644105,0.0052914100742644105,0.5263157894736842,54
affine_pred,speed_rms,affine_pred__speed_rms,19,1471,-0.006359658491447026,0.14872372553134344,-0.14165719576595975,0.14165719576595975,0.6842105263157895,55
affine_pred,tangential_speed_mean,affine_pred__tangential_speed_mean,19,1471,-0.09574942073593073,0.030453713923713793,-0.13351215622292958,0.13351215622292958,0.7368421052631579,55
affine_resid,mean_speed,affine_resid__mean_speed,19,1471,-0.01324073663515865,0.10672118139070051,-0.12519765499113972,0.12519765499113972,0.6842105263157895,55
raw,tangential_speed_mean,raw__tangential_speed_mean,19,1471,-0.052943840391139724,0.04488467524370737,-0.055703230419684446,0.055703230419684446,0.5789473684210527,55
affine_resid,speed_rms,affine_resid__speed_rms,19,1471,0.07200785963540021,0.10709553064658368,-0.04228815012547435,0.04228815012547435,0.5789473684210527,55
affine_resid,velocity_cov_trace,affine_resid__velocity_cov_trace,19,1471,0.08394712829043635,0.07403689367680921,-0.033952522287293146,0.033952522287293146,0.5789473684210527,55
raw,speed_rms,raw__speed_rms,19,1471,-0.01947959858446771,-0.0010028814497207161,-0.0292612354757687,0.0292612354757687,0.5263157894736842,55
raw,mean_speed,raw__mean_speed,19,1471,0.017995064977095576,0.04230801668102091,0.02782052030395532,0.02782052030395532,0.5263157894736842,55
affine_resid,tangential_speed_mean,affine_resid__tangential_speed_mean,19,1471,-0.03133001774113425,0.006260839447699701,0.02134412927953208,0.02134412927953208,0.5263157894736842,55
affine_pred,mean_speed,affine_pred__mean_speed,19,1471,0.004879854182074733,0.016337235992021863,-0.01988677932218219,0.01988677932218219,0.5263157894736842,55
raw,velocity_cov_trace,raw__velocity_cov_trace,19,1471,0.02639122677136617,-0.034658778751464586,-0.013846797856644805,0.013846797856644805,0.5263157894736842,55
affine_pred,velocity_cov_trace,affine_pred__velocity_cov_trace,19,1471,-0.06605237586820908,0.03242621053710759,0.007410105123818261,0.007410105123818261,0.5263157894736842,55
raw,velocity_cov_trace,raw__velocity_cov_trace,19,1470,0.133533394896395,-0.15395513314752193,0.2702109887031166,0.2702109887031166,0.7368421052631579,56
affine_resid,tangential_speed_mean,affine_resid__tangential_speed_mean,19,1470,0.021072662203780568,-0.08546932622804423,0.24662998316084822,0.24662998316084822,0.7368421052631579,56
raw,tangential_speed_mean,raw__tangential_speed_mean,19,1470,0.1167678919643696,-0.0529541107592105,0.22734155647147536,0.22734155647147536,0.7894736842105263,56
affine_resid,velocity_cov_trace,affine_resid__velocity_cov_trace,19,1470,0.05592476537419555,-0.12285493215384019,0.20267449621607148,0.20267449621607148,0.7894736842105263,56
affine_resid,speed_rms,affine_resid__speed_rms,19,1470,0.07022009426325834,-0.06967297831959068,0.19436011012700496,0.19436011012700496,0.7894736842105263,56
raw,mean_speed,raw__mean_speed,19,1470,0.08762966195911137,-0.0500974359591575,0.09513719422069616,0.09513719422069616,0.5789473684210527,56
raw,speed_rms,raw__speed_rms,19,1470,0.056649086693251416,-0.030630429478301746,0.06915481310391391,0.06915481310391391,0.5789473684210527,56
affine_resid,mean_speed,affine_resid__mean_speed,19,1470,-0.0021677217483402345,-0.09524357849574025,0.05804540865888119,0.05804540865888119,0.631578947368421,56
affine_pred,tangential_speed_mean,affine_pred__tangential_speed_mean,19,1470,0.052332000023670666,0.08077869285061645,-0.05384699161223411,0.05384699161223411,0.5263157894736842,56
affine_pred,velocity_cov_trace,affine_pred__velocity_cov_trace,19,1470,0.012716405003457401,0.037040378385564815,-0.04803312936299789,0.04803312936299789,0.5263157894736842,56
affine_pred,speed_rms,affine_pred__speed_rms,19,1470,-0.026453633499115115,-0.003950052681935268,0.018137513213096423,0.018137513213096423,0.5263157894736842,56
affine_pred,mean_speed,affine_pred__mean_speed,19,1470,0.019961887644109028,0.011512130788663436,-0.006652233054586433,0.006652233054586433,0.5263157894736842,56
affine_resid,mean_speed,affine_resid__mean_speed,19,1471,0.17573590992485533,-0.008886193858857028,0.1467950851124111,0.1467950851124111,0.7368421052631579,57
affine_resid,velocity_cov_trace,affine_resid__velocity_cov_trace,19,1471,0.1128969911078665,0.026298355903056885,0.13990134604429683,0.13990134604429683,0.5789473684210527,57
affine_resid,speed_rms,affine_resid__speed_rms,19,1471,0.11313142724986158,0.027957064754772186,0.13105963837224238,0.13105963837224238,0.631578947368421,57
affine_pred,velocity_cov_trace,affine_pred__velocity_cov_trace,19,1471,0.012833946282237508,0.018989428566667965,0.0835508117829129,0.0835508117829129,0.5263157894736842,57
raw,velocity_cov_trace,raw__velocity_cov_trace,19,1471,0.08505584983110129,0.023646966087644605,0.06140888374345668,0.06140888374345668,0.631578947368421,57
affine_pred,tangential_speed_mean,affine_pred__tangential_speed_mean,19,1471,0.008926894967382942,0.01731479787007654,-0.049582855474154613,0.049582855474154613,0.5789473684210527,57
raw,speed_rms,raw__speed_rms,19,1471,0.049949550764831416,0.10407229564586795,0.03755585821993512,0.03755585821993512,0.5789473684210527,57
affine_pred,mean_speed,affine_pred__mean_speed,19,1471,-0.08964171468675636,0.03749065307967425,-0.033938456702134356,0.033938456702134356,0.5789473684210527,57
raw,mean_speed,raw__mean_speed,19,1471,0.001895273593494895,0.04546101499415202,0.017402857802319982,0.017402857802319982,0.5263157894736842,57
affine_pred,speed_rms,affine_pred__speed_rms,19,1471,-0.023830314041850542,-0.021417763256275313,-0.009052412822044581,0.009052412822044581,0.5263157894736842,57
raw,tangential_speed_mean,raw__tangential_speed_mean,19,1471,0.08572779589578602,0.03389430285616468,0.005205566887746205,0.005205566887746205,0.5263157894736842,57
affine_resid,tangential_speed_mean,affine_resid__tangential_speed_mean,19,1471,0.03487583152910936,0.10988662944258493,0.0032111198348410974,0.0032111198348410974,0.5263157894736842,57
affine_pred,velocity_cov_trace,affine_pred__velocity_cov_trace,19,1470,0.01618711692854513,0.0740798167858495,-0.11813917910377843,0.11813917910377843,0.5263157894736842,58
raw,mean_speed,raw__mean_speed,19,1470,-0.12377695973455613,-0.07639210692991483,-0.11244151804002722,0.11244151804002722,0.6842105263157895,58
affine_pred,speed_rms,affine_pred__speed_rms,19,1470,0.028431603202797195,-0.06024343919920566,0.07819088859303241,0.07819088859303241,0.5263157894736842,58
affine_resid,mean_speed,affine_resid__mean_speed,19,1470,-0.1277090113474299,-0.050714370468391334,-0.0745386851210435,0.0745386851210435,0.631578947368421,58
affine_pred,tangential_speed_mean,affine_pred__tangential_speed_mean,19,1470,0.04718956229662988,-0.06778575800068387,0.06951443363043006,0.06951443363043006,0.6842105263157895,58
affine_resid,velocity_cov_trace,affine_resid__velocity_cov_trace,19,1470,-0.05558898282624153,-0.049873833935932366,-0.06891262501372683,0.06891262501372683,0.6842105263157895,58
affine_resid,speed_rms,affine_resid__speed_rms,19,1470,-0.05204688760783566,-0.05825973805120149,-0.060451204858106275,0.060451204858106275,0.6842105263157895,58
raw,velocity_cov_trace,raw__velocity_cov_trace,19,1470,-0.13419481061370586,-0.04536358109794406,-0.0448328885502674,0.0448328885502674,0.5789473684210527,58
raw,tangential_speed_mean,raw__tangential_speed_mean,19,1470,-0.029818035499339368,-0.023906324942202184,-0.04355273212865775,0.04355273212865775,0.5789473684210527,58
affine_resid,tangential_speed_mean,affine_resid__tangential_speed_mean,19,1470,-0.06469299026178987,-0.01676704592873579,0.034016366442577356,0.034016366442577356,0.5263157894736842,58
affine_pred,mean_speed,affine_pred__mean_speed,19,1470,0.0316804149387801,-0.018244580799491067,-0.021961140264581236,0.021961140264581236,0.5263157894736842,58
raw,speed_rms,raw__speed_rms,19,1470,-0.07919512565878994,-0.09011649364169899,0.011907407434460948,0.011907407434460948,0.5263157894736842,58
affine_pred,speed_rms,affine_pred__speed_rms,19,1471,0.11583107888271985,-0.05307436065049746,0.16025549081225177,0.16025549081225177,0.631578947368421,59
affine_pred,velocity_cov_trace,affine_pred__velocity_cov_trace,19,1471,0.1000885357247447,0.012750918498742936,0.14386723785016137,0.14386723785016137,0.6842105263157895,59
raw,velocity_cov_trace,raw__velocity_cov_trace,19,1471,0.04997573543064254,-0.051444209488180334,0.13100147412350285,0.13100147412350285,0.5789473684210527,59
raw,tangential_speed_mean,raw__tangential_speed_mean,19,1471,0.0301723627710008,-0.059617087083047304,0.0932048028345587,0.0932048028345587,0.6842105263157895,59
affine_resid,mean_speed,affine_resid__mean_speed,19,1471,0.03442816470138982,-0.05896111795863812,-0.08846943004700025,0.08846943004700025,0.5789473684210527,59
affine_pred,mean_speed,affine_pred__mean_speed,19,1471,0.07585881998129214,-0.10003950478576565,0.05566191217521543,0.05566191217521543,0.631578947368421,59
raw,speed_rms,raw__speed_rms,19,1471,0.042933984466314135,-0.004293440242448883,0.0456746887199832,0.0456746887199832,0.631578947368421,59
affine_resid,velocity_cov_trace,affine_resid__velocity_cov_trace,19,1471,-0.009902345762942782,-0.011823763455832248,0.041168877188176425,0.041168877188176425,0.5263157894736842,59
raw,mean_speed,raw__mean_speed,19,1471,0.0777187585064324,0.08303549766561824,-0.0302362137692756,0.0302362137692756,0.5263157894736842,59
affine_pred,tangential_speed_mean,affine_pred__tangential_speed_mean,19,1471,-0.017149922606746193,0.04105348947394938,-0.027901281847304116,0.027901281847304116,0.5263157894736842,59
affine_resid,speed_rms,affine_resid__speed_rms,19,1471,-0.01389730408936507,-0.026372791152504172,0.027383047235707725,0.027383047235707725,0.5263157894736842,59
affine_resid,tangential_speed_mean,affine_resid__tangential_speed_mean,19,1471,0.053547470802633446,0.053780565313701734,-0.003672101863607058,0.003672101863607058,0.5263157894736842,59
raw,velocity_cov_trace,raw__velocity_cov_trace,19,1471,0.04889736937113898,0.10859774252657003,-0.2115614927727013,0.2115614927727013,0.6842105263157895,60
raw,speed_rms,raw__speed_rms,19,1471,0.11460675324670067,0.1514695007800578,-0.1646539623163097,0.1646539623163097,0.631578947368421,60
affine_pred,velocity_cov_trace,affine_pred__velocity_cov_trace,19,1471,0.06964249960673494,-0.0051771573243898465,0.14398540202051752,0.14398540202051752,0.631578947368421,60
affine_resid,mean_speed,affine_resid__mean_speed,19,1471,0.04279026234370002,0.05534346329369633,-0.12548116264743125,0.12548116264743125,0.5263157894736842,60
affine_pred,speed_rms,affine_pred__speed_rms,19,1471,-0.0025739793510001496,0.04240606320783373,-0.10629287617642164,0.10629287617642164,0.631578947368421,60
affine_pred,mean_speed,affine_pred__mean_speed,19,1471,0.0034587016667282366,0.07106337678767513,-0.09829001740541615,0.09829001740541615,0.5263157894736842,60
affine_pred,tangential_speed_mean,affine_pred__tangential_speed_mean,19,1471,0.05205376098818294,0.07362714484114119,-0.07494691128270003,0.07494691128270003,0.631578947368421,60
raw,mean_speed,raw__mean_speed,19,1471,-0.020393249767193877,0.07295149944527698,-0.06076220205905855,0.06076220205905855,0.5789473684210527,60
raw,tangential_speed_mean,raw__tangential_speed_mean,19,1471,0.18026956028698876,0.11362743062711406,0.0580714134162989,0.0580714134162989,0.5263157894736842,60
affine_resid,velocity_cov_trace,affine_resid__velocity_cov_trace,19,1471,0.08509188756797492,0.04433749323110703,0.03933725475963186,0.03933725475963186,0.5263157894736842,60
affine_resid,speed_rms,affine_resid__speed_rms,19,1471,0.10826560510333624,0.05675263584000034,0.03671098956033252,0.03671098956033252,0.5263157894736842,60
affine_resid,tangential_speed_mean,affine_resid__tangential_speed_mean,19,1471,0.08031768925499107,0.0322632833476566,-0.03251602905686456,0.03251602905686456,0.5263157894736842,60
raw,tangential_speed_mean,raw__tangential_speed_mean,19,1470,0.06794387836596227,-0.07273893863044123,0.19940263229084876,0.19940263229084876,0.7368421052631579,61
affine_pred,tangential_speed_mean,affine_pred__tangential_speed_mean,19,1470,-0.13872534157722854,-0.03050568930982675,-0.1845693985772262,0.1845693985772262,0.6842105263157895,61
affine_resid,speed_rms,affine_resid__speed_rms,19,1470,0.02420497440290048,-0.1395570571056679,0.16981176679194276,0.16981176679194276,0.6842105263157895,61
affine_resid,tangential_speed_mean,affine_resid__tangential_speed_mean,19,1470,0.10421930684452323,-0.045499822918741634,0.1573198313103917,0.1573198313103917,0.7368421052631579,61
affine_resid,velocity_cov_trace,affine_resid__velocity_cov_trace,19,1470,0.0018360011695930378,-0.13410680851820833,0.1560517835904241,0.1560517835904241,0.6842105263157895,61
affine_resid,mean_speed,affine_resid__mean_speed,19,1470,0.03234523518950093,-0.09373111391401327,0.13591863244087715,0.13591863244087715,0.631578947368421,61
raw,velocity_cov_trace,raw__velocity_cov_trace,19,1470,0.07925376453431052,-0.042114312322882,0.1348267986545592,0.1348267986545592,0.631578947368421,61
affine_pred,velocity_cov_trace,affine_pred__velocity_cov_trace,19,1470,-0.04423679061111184,-0.007194658602993259,-0.10881057309169372,0.10881057309169372,0.7368421052631579,61
raw,speed_rms,raw__speed_rms,19,1470,0.044686559444928886,-0.07003590204089753,0.08823037238823056,0.08823037238823056,0.5789473684210527,61
raw,mean_speed,raw__mean_speed,19,1470,0.037834253783239236,-0.023302200141820904,0.07767797507770358,0.07767797507770358,0.6842105263157895,61
affine_pred,speed_rms,affine_pred__speed_rms,19,1470,-0.1233082225568384,-0.09696127415883204,0.041203055842024765,0.041203055842024765,0.5263157894736842,61
affine_pred,mean_speed,affine_pred__mean_speed,19,1470,-0.1368226868824231,-0.13306908273636803,-0.03097652781799503,0.03097652781799503,0.5263157894736842,61
affine_pred,speed_rms,affine_pred__speed_rms,19,1471,0.016458973170769164,-0.1352959670254526,-0.1127102470163871,0.1127102470163871,0.5263157894736842,62
affine_pred,tangential_speed_mean,affine_pred__tangential_speed_mean,19,1471,-0.013002329609171387,0.024411913779955885,-0.10527378595619072,0.10527378595619072,0.5263157894736842,62
raw,mean_speed,raw__mean_speed,19,1471,0.056144369489733975,0.032605985421361505,0.09765063185886985,0.09765063185886985,0.5263157894736842,62
affine_resid,tangential_speed_mean,affine_resid__tangential_speed_mean,19,1471,0.04546504479223745,0.06274231679972775,-0.05670030218420655,0.05670030218420655,0.5789473684210527,62
raw,speed_rms,raw__speed_rms,19,1471,0.042948698465681834,0.0058157490166778625,0.05223672615741304,0.05223672615741304,0.5263157894736842,62
raw,velocity_cov_trace,raw__velocity_cov_trace,19,1471,0.10944925025688207,-0.029216006071739655,0.037984885860535125,0.037984885860535125,0.631578947368421,62
affine_resid,velocity_cov_trace,affine_resid__velocity_cov_trace,19,1471,0.03233833639809447,0.08119728424567008,0.02595705177256452,0.02595705177256452,0.5263157894736842,62
affine_resid,mean_speed,affine_resid__mean_speed,19,1471,0.035674158522341265,0.00983363738848314,0.018630489944229223,0.018630489944229223,0.5789473684210527,62
raw,tangential_speed_mean,raw__tangential_speed_mean,19,1471,0.07410318469976518,-0.0029375964945491523,0.017193642334197623,0.017193642334197623,0.631578947368421,62
affine_pred,velocity_cov_trace,affine_pred__velocity_cov_trace,19,1471,-0.02050968278433435,0.01138414493417278,0.017097448552424024,0.017097448552424024,0.5263157894736842,62
affine_resid,speed_rms,affine_resid__speed_rms,19,1471,0.04267066144233089,0.054065000602252944,0.016356385856833022,0.016356385856833022,0.5263157894736842,62
affine_pred,mean_speed,affine_pred__mean_speed,19,1471,-0.06624715892056453,-0.06063950991741898,-0.011257660149356002,0.011257660149356002,0.5263157894736842,62
affine_resid,tangential_speed_mean,affine_resid__tangential_speed_mean,19,1471,0.08523890929923489,-0.07753079870425353,0.17282441839741014,0.17282441839741014,0.7368421052631579,63
affine_resid,mean_speed,affine_resid__mean_speed,19,1471,0.08077597160262079,-0.09160772321783181,0.12088562637326136,0.12088562637326136,0.6842105263157895,63
raw,tangential_speed_mean,raw__tangential_speed_mean,19,1471,0.05162281249029199,-0.06017620337717561,0.09946937541375173,0.09946937541375173,0.6842105263157895,63
affine_resid,speed_rms,affine_resid__speed_rms,19,1471,0.04282338314810788,-0.01075681693737196,0.08084282202804285,0.08084282202804285,0.631578947368421,63
affine_resid,velocity_cov_trace,affine_resid__velocity_cov_trace,19,1471,0.04679908407679946,-0.015609204006778989,0.07724052237804707,0.07724052237804707,0.631578947368421,63
raw,speed_rms,raw__speed_rms,19,1471,-0.003499100550915152,-0.08795590218705579,-0.07714951938311007,0.07714951938311007,0.631578947368421,63
affine_pred,tangential_speed_mean,affine_pred__tangential_speed_mean,19,1471,-0.047472851837929854,-0.0029775164339019278,0.058911352790527005,0.058911352790527005,0.5263157894736842,63
raw,mean_speed,raw__mean_speed,19,1471,0.04727669974753029,-0.023469250985282845,-0.046629215586807826,0.046629215586807826,0.5789473684210527,63
affine_pred,mean_speed,affine_pred__mean_speed,19,1471,-0.07050673975756239,-0.026480622575730917,-0.025611364808666173,0.025611364808666173,0.5263157894736842,63
affine_pred,speed_rms,affine_pred__speed_rms,19,1471,-0.07399357915010035,-0.07207310937977421,-0.021763986557169712,0.021763986557169712,0.5263157894736842,63
raw,velocity_cov_trace,raw__velocity_cov_trace,19,1471,0.0058659778426422005,-0.04895457407961051,-0.020135915811684724,0.020135915811684724,0.5263157894736842,63
affine_pred,velocity_cov_trace,affine_pred__velocity_cov_trace,19,1471,0.022156186134855593,0.026173815450695637,-0.004017629315840043,0.004017629315840043,0.5789473684210527,63
raw,velocity_cov_trace,raw__velocity_cov_trace,19,1471,0.19534223046052346,-0.13841139605788827,0.3390838678661359,0.3390838678661359,0.7894736842105263,64
affine_resid,mean_speed,affine_resid__mean_speed,19,1471,0.12377304086070907,-0.0730714188524062,0.32672677362610036,0.32672677362610036,0.631578947368421,64
affine_resid,speed_rms,affine_resid__speed_rms,19,1471,0.08052182146423925,-0.14359499005085524,0.29354085739308144,0.29354085739308144,0.631578947368421,64
affine_resid,velocity_cov_trace,affine_resid__velocity_cov_trace,19,1471,0.07413337664129804,-0.1346821005054513,0.253244827108964,0.253244827108964,0.631578947368421,64
raw,mean_speed,raw__mean_speed,19,1471,0.1488146297149055,-0.10906651841808412,0.24235021586988886,0.24235021586988886,0.7894736842105263,64
raw,speed_rms,raw__speed_rms,19,1471,0.054130495051017954,-0.11895961271804906,0.23573741153667574,0.23573741153667574,0.7368421052631579,64
raw,tangential_speed_mean,raw__tangential_speed_mean,19,1471,0.04927387038295075,-0.14072291738855944,0.2193319204357739,0.2193319204357739,0.7894736842105263,64
affine_resid,tangential_speed_mean,affine_resid__tangential_speed_mean,19,1471,0.12782471636506643,-0.036953731864815216,0.1981249562750912,0.1981249562750912,0.5789473684210527,64
affine_pred,speed_rms,affine_pred__speed_rms,19,1471,-0.07944047427175087,0.014594743939487842,-0.1438294675370244,0.1438294675370244,0.5263157894736842,64
affine_pred,velocity_cov_trace,affine_pred__velocity_cov_trace,19,1471,-0.11656798587894068,-0.014433308927389643,-0.0784154880714193,0.0784154880714193,0.6842105263157895,64
affine_pred,mean_speed,affine_pred__mean_speed,19,1471,-0.07112225524984211,0.011876433005603787,-0.04344429934406269,0.04344429934406269,0.5789473684210527,64
affine_pred,tangential_speed_mean,affine_pred__tangential_speed_mean,19,1471,-0.002321578692437487,0.004127230762071776,0.010797107190299832,0.010797107190299832,0.5789473684210527,64
affine_pred,mean_speed,affine_pred__mean_speed,19,1471,-0.06422417330457264,-0.03228586832401292,-0.08669976420167577,0.08669976420167577,0.5263157894736842,65
affine_pred,velocity_cov_trace,affine_pred__velocity_cov_trace,19,1471,-0.043470729629771686,-0.18230495064749047,0.07573360140491975,0.07573360140491975,0.631578947368421,65
raw,speed_rms,raw__speed_rms,19,1471,-0.03746296312586023,-0.06682986055163598,0.06824929506458655,0.06824929506458655,0.631578947368421,65
affine_resid,tangential_speed_mean,affine_resid__tangential_speed_mean,19,1471,0.0029711642453927045,-0.016564652937132607,-0.06513905519158165,0.06513905519158165,0.5789473684210527,65
raw,tangential_speed_mean,raw__tangential_speed_mean,19,1471,-0.06038136337352018,-0.02091933699554499,-0.045408233294460414,0.045408233294460414,0.5263157894736842,65
affine_resid,velocity_cov_trace,affine_resid__velocity_cov_trace,19,1471,0.04010911458368066,0.06009873436695264,-0.04235378813842103,0.04235378813842103,0.5789473684210527,65
raw,velocity_cov_trace,raw__velocity_cov_trace,19,1471,-0.07380517728514296,-0.06365210751491368,0.027506926166924073,0.027506926166924073,0.5263157894736842,65
affine_pred,speed_rms,affine_pred__speed_rms,19,1471,-0.06125308496609855,-0.15485533137430113,-0.02034000360823801,0.02034000360823801,0.5263157894736842,65
raw,mean_speed,raw__mean_speed,19,1471,-0.03351014595865767,-0.05152457520163323,0.018014429242975555,0.018014429242975555,0.5789473684210527,65
affine_pred,tangential_speed_mean,affine_pred__tangential_speed_mean,19,1471,-0.024106761639701157,-0.04277111884360968,0.013156793245759857,0.013156793245759857,0.5263157894736842,65
affine_resid,speed_rms,affine_resid__speed_rms,19,1471,0.03381483010980785,0.03754827669133476,-0.008621795821480788,0.008621795821480788,0.5263157894736842,65
affine_resid,mean_speed,affine_resid__mean_speed,19,1471,-0.0002483335851457408,-0.0073552083221473386,-0.006253383604817614,0.006253383604817614,0.5789473684210527,65
raw,velocity_cov_trace,raw__velocity_cov_trace,19,1470,0.052277441406341496,0.005959637980077814,0.09623392970919176,0.09623392970919176,0.5789473684210527,66
affine_resid,speed_rms,affine_resid__speed_rms,19,1470,0.11531832709268602,0.09872224263321329,-0.09614772920945516,0.09614772920945516,0.5789473684210527,66
affine_pred,speed_rms,affine_pred__speed_rms,19,1470,0.020345602220477196,0.08667609754229344,-0.07621635612872435,0.07621635612872435,0.5789473684210527,66
affine_resid,velocity_cov_trace,affine_resid__velocity_cov_trace,19,1470,0.09653239264817995,0.08489368736768732,-0.07192303241751169,0.07192303241751169,0.5789473684210527,66
raw,speed_rms,raw__speed_rms,19,1470,0.03796485424344842,0.04002041850379867,0.051316383863731,0.051316383863731,0.5789473684210527,66
raw,tangential_speed_mean,raw__tangential_speed_mean,19,1470,0.06864968494613172,-0.002456933966900887,0.04849968488982348,0.04849968488982348,0.631578947368421,66
raw,mean_speed,raw__mean_speed,19,1470,0.036612225230714945,0.0047031243398429,0.039209067947360426,0.039209067947360426,0.5789473684210527,66
affine_pred,tangential_speed_mean,affine_pred__tangential_speed_mean,19,1470,0.0014323169898834004,-0.03785280155203104,0.03763056705466962,0.03763056705466962,0.5263157894736842,66
affine_pred,velocity_cov_trace,affine_pred__velocity_cov_trace,19,1470,-0.012767049178877277,0.062137061084461376,0.009642558377962573,0.009642558377962573,0.5263157894736842,66
affine_resid,mean_speed,affine_resid__mean_speed,19,1470,-0.004996222378619242,0.020690731708309318,-0.007795770941878832,0.007795770941878832,0.5263157894736842,66
affine_pred,mean_speed,affine_pred__mean_speed,19,1470,0.030660572184144502,0.025977119907046292,-0.0064809667106525415,0.0064809667106525415,0.5789473684210527,66
affine_resid,tangential_speed_mean,affine_resid__tangential_speed_mean,19,1470,0.004114697517361932,-0.01692892742552926,0.006192654432264272,0.006192654432264272,0.5789473684210527,66
affine_resid,mean_speed,affine_resid__mean_speed,19,1471,-0.07193640091628872,-0.14306951393567507,0.1369910903096363,0.1369910903096363,0.5263157894736842,67
affine_resid,velocity_cov_trace,affine_resid__velocity_cov_trace,19,1471,-0.015833172405470913,-0.060760192811428165,0.08311743834674257,0.08311743834674257,0.5789473684210527,67
affine_pred,mean_speed,affine_pred__mean_speed,19,1471,-0.0027220623875260294,-0.10309081078683757,0.06819444546910725,0.06819444546910725,0.6842105263157895,67
raw,speed_rms,raw__speed_rms,19,1471,-0.062345127583687716,-0.1376156828069991,0.05754007554870488,0.05754007554870488,0.5789473684210527,67
affine_pred,tangential_speed_mean,affine_pred__tangential_speed_mean,19,1471,0.00044615654353633016,-0.03651422890939465,0.05731333294630522,0.05731333294630522,0.5789473684210527,67
affine_pred,velocity_cov_trace,affine_pred__velocity_cov_trace,19,1471,0.013927229614193001,-0.06193388496194757,0.052308970092594706,0.052308970092594706,0.5263157894736842,67
affine_pred,speed_rms,affine_pred__speed_rms,19,1471,0.0012117941218960926,-0.13278286128402395,0.03636317901944619,0.03636317901944619,0.5789473684210527,67
affine_resid,speed_rms,affine_resid__speed_rms,19,1471,-0.027372263263262364,-0.07317272751813943,0.023948032233232164,0.023948032233232164,0.5789473684210527,67
raw,tangential_speed_mean,raw__tangential_speed_mean,19,1471,-0.01328892526078547,0.000297121411431886,-0.022407583939164595,0.022407583939164595,0.631578947368421,67
affine_resid,tangential_speed_mean,affine_resid__tangential_speed_mean,19,1471,4.5275834024582906e-05,-0.04837626858554524,0.012030210104721495,0.012030210104721495,0.5263157894736842,67
raw,mean_speed,raw__mean_speed,19,1471,-0.01575945514870669,-0.09795758314222724,0.008258124779994103,0.008258124779994103,0.5263157894736842,67
raw,velocity_cov_trace,raw__velocity_cov_trace,19,1471,0.008226511496428335,-0.0907945033746217,0.0032850782773395093,0.0032850782773395093,0.5263157894736842,67
raw,tangential_speed_mean,raw__tangential_speed_mean,19,1470,0.038769585957606295,-0.12673929414478186,0.16341707535868874,0.16341707535868874,0.6842105263157895,68
affine_pred,speed_rms,affine_pred__speed_rms,19,1470,-0.06067340255663123,0.05508092952492327,-0.11137072979170623,0.11137072979170623,0.631578947368421,68
raw,velocity_cov_trace,raw__velocity_cov_trace,19,1470,-0.03620385760245779,-0.07513321365081005,0.09214497809687619,0.09214497809687619,0.631578947368421,68
affine_pred,mean_speed,affine_pred__mean_speed,19,1470,-0.06946050056455094,0.031315421718209335,-0.09083400865278388,0.09083400865278388,0.6842105263157895,68
raw,speed_rms,raw__speed_rms,19,1470,-0.04826817763582536,-0.07008284811871279,0.06491150465561737,0.06491150465561737,0.631578947368421,68
affine_resid,mean_speed,affine_resid__mean_speed,19,1470,-0.03711928379899729,-0.017387350361990878,-0.06116156923935956,0.06116156923935956,0.631578947368421,68
raw,mean_speed,raw__mean_speed,19,1470,-0.0470455593855557,-0.02919806113232372,0.03933887465841125,0.03933887465841125,0.5263157894736842,68
affine_resid,speed_rms,affine_resid__speed_rms,19,1470,-0.013050903971909823,-0.01838333309778295,-0.038494406927912145,0.038494406927912145,0.5789473684210527,68
affine_pred,tangential_speed_mean,affine_pred__tangential_speed_mean,19,1470,0.011174334848272405,-0.03329735520968724,-0.017458198493202903,0.017458198493202903,0.5263157894736842,68
affine_resid,velocity_cov_trace,affine_resid__velocity_cov_trace,19,1470,-0.01934862423653283,-0.012303890490147518,-0.010199190662397412,0.010199190662397412,0.5263157894736842,68
affine_pred,velocity_cov_trace,affine_pred__velocity_cov_trace,19,1470,-0.009446218908661763,-0.006687962282023174,0.004505307950531202,0.004505307950531202,0.5263157894736842,68
affine_resid,tangential_speed_mean,affine_resid__tangential_speed_mean,19,1470,-0.03645695587622186,-0.004629364461571972,-0.0014162589836970996,0.0014162589836970996,0.5263157894736842,68
affine_pred,tangential_speed_mean,affine_pred__tangential_speed_mean,19,1470,0.08481954244038263,0.06536312190573626,0.11770796382892487,0.11770796382892487,0.5263157894736842,69
raw,velocity_cov_trace,raw__velocity_cov_trace,19,1470,0.06544401085184426,-0.03286120469435305,0.07293934077068509,0.07293934077068509,0.5789473684210527,69
affine_pred,mean_speed,affine_pred__mean_speed,19,1470,0.057948107640094684,0.11689002883480584,0.05582569887632674,0.05582569887632674,0.5263157894736842,69
affine_resid,tangential_speed_mean,affine_resid__tangential_speed_mean,19,1470,0.08786404562731026,0.05143340457247273,-0.05074104834925334,0.05074104834925334,0.631578947368421,69
raw,tangential_speed_mean,raw__tangential_speed_mean,19,1470,0.04182614537176088,-0.021706934862165572,0.03979857340174828,0.03979857340174828,0.5789473684210527,69
affine_resid,mean_speed,affine_resid__mean_speed,19,1470,0.03426442647174249,0.022114930662958165,-0.0395183892325852,0.0395183892325852,0.5263157894736842,69
affine_pred,speed_rms,affine_pred__speed_rms,19,1470,0.09090820086115009,0.037881042252476876,0.034518762756844124,0.034518762756844124,0.5263157894736842,69
affine_resid,speed_rms,affine_resid__speed_rms,19,1470,0.10541309442102847,0.001340703165783566,-0.024984572946372838,0.024984572946372838,0.5263157894736842,69
affine_resid,velocity_cov_trace,affine_resid__velocity_cov_trace,19,1470,0.11936602612536219,-0.036721611334873394,0.022350047554055716,0.022350047554055716,0.5263157894736842,69
affine_pred,velocity_cov_trace,affine_pred__velocity_cov_trace,19,1470,0.027723057721228517,0.11670391345617195,-0.019607134550278627,0.019607134550278627,0.5263157894736842,69
raw,mean_speed,raw__mean_speed,19,1470,0.04179054346555722,-0.0424037109557896,-0.01142473244642006,0.01142473244642006,0.5263157894736842,69
raw,speed_rms,raw__speed_rms,19,1470,0.014967492636680763,0.12725543983592114,0.003934260372612242,0.003934260372612242,0.5263157894736842,69
raw,tangential_speed_mean,raw__tangential_speed_mean,19,1470,0.13497816857554815,0.001849006785645202,0.2341766367721645,0.2341766367721645,0.631578947368421,70
raw,speed_rms,raw__speed_rms,19,1470,0.08999505882197528,-0.07520917504128428,0.13255365314681983,0.13255365314681983,0.6842105263157895,70
affine_resid,mean_speed,affine_resid__mean_speed,19,1470,0.07553736224790156,-0.04247078502775384,0.13242071677819878,0.13242071677819878,0.6842105263157895,70
raw,mean_speed,raw__mean_speed,19,1470,0.14811052046094836,-0.032352019941302365,0.11534507446916481,0.11534507446916481,0.6842105263157895,70
raw,velocity_cov_trace,raw__velocity_cov_trace,19,1470,0.08773016262381102,-0.010829448449192952,0.10374705170363657,0.10374705170363657,0.6842105263157895,70
affine_resid,speed_rms,affine_resid__speed_rms,19,1470,0.0919231308032129,-0.020329182454795536,0.07262103267173806,0.07262103267173806,0.5263157894736842,70
affine_pred,tangential_speed_mean,affine_pred__tangential_speed_mean,19,1470,-0.06738939411619121,-0.011138091608394227,-0.0584779090301905,0.0584779090301905,0.5789473684210527,70
affine_resid,velocity_cov_trace,affine_resid__velocity_cov_trace,19,1470,0.08526983576420509,-0.0044832697729024346,0.05752504163045184,0.05752504163045184,0.5789473684210527,70
affine_resid,tangential_speed_mean,affine_resid__tangential_speed_mean,19,1470,0.03173973624999954,0.010789216798218426,-0.02726334579243309,0.02726334579243309,0.5263157894736842,70
affine_pred,velocity_cov_trace,affine_pred__velocity_cov_trace,19,1470,-0.07551674085411131,-0.10061540187753873,-0.0204272284882972,0.0204272284882972,0.5789473684210527,70
affine_pred,speed_rms,affine_pred__speed_rms,19,1470,-0.04669041219696948,-0.057181576694935524,-0.009765307062938156,0.009765307062938156,0.5263157894736842,70
affine_pred,mean_speed,affine_pred__mean_speed,19,1470,-0.055649110981911554,-0.013201977588702118,-0.003826775091283263,0.003826775091283263,0.5789473684210527,70
affine_pred,tangential_speed_mean,affine_pred__tangential_speed_mean,19,1471,0.003755897974415834,-0.10890211670193142,0.11572844997809158,0.11572844997809158,0.5263157894736842,71
affine_resid,mean_speed,affine_resid__mean_speed,19,1471,-0.0864009987310817,0.033523031897944935,-0.08592207210066644,0.08592207210066644,0.5789473684210527,71
raw,velocity_cov_trace,raw__velocity_cov_trace,19,1471,0.00945777988887464,-0.030076211504504888,0.06945350822563195,0.06945350822563195,0.5263157894736842,71
affine_pred,velocity_cov_trace,affine_pred__velocity_cov_trace,19,1471,0.0017724978648931342,-0.10570090649915928,0.06083504979690703,0.06083504979690703,0.5263157894736842,71
affine_resid,velocity_cov_trace,affine_resid__velocity_cov_trace,19,1471,-0.04599793925856871,0.027974353384203156,-0.055835142208839825,0.055835142208839825,0.5263157894736842,71
affine_resid,tangential_speed_mean,affine_resid__tangential_speed_mean,19,1471,-0.11328386188560301,-0.02481236386942763,-0.04376050087287159,0.04376050087287159,0.631578947368421,71
affine_resid,speed_rms,affine_resid__speed_rms,19,1471,-0.057012486141593266,0.014560638728487719,-0.04005874671758787,0.04005874671758787,0.5263157894736842,71
raw,mean_speed,raw__mean_speed,19,1471,-0.03357756455260835,0.021106640346301053,0.023260455775547806,0.023260455775547806,0.631578947368421,71
raw,tangential_speed_mean,raw__tangential_speed_mean,19,1471,0.02351494526352177,0.004048045266992983,-0.02005398351057633,0.02005398351057633,0.5263157894736842,71
affine_pred,speed_rms,affine_pred__speed_rms,19,1471,-0.011038659295786641,-0.005099259223447547,0.015988747015079796,0.015988747015079796,0.5789473684210527,71
affine_pred,mean_speed,affine_pred__mean_speed,19,1471,0.07018697995038481,-0.011810820382776088,-0.0059339705515639996,0.0059339705515639996,0.5263157894736842,71
raw,speed_rms,raw__speed_rms,19,1471,-0.006117161476694916,-0.04945886762285451,-0.0023618346659844136,0.0023618346659844136,0.5263157894736842,71
raw,speed_rms,raw__speed_rms,19,1471,-0.022074275397365034,-0.02050396483877509,0.13978056959387986,0.13978056959387986,0.5789473684210527,72
affine_pred,velocity_cov_trace,affine_pred__velocity_cov_trace,19,1471,-0.1051141286417599,0.0434044458323202,-0.12157932929793881,0.12157932929793881,0.631578947368421,72
affine_resid,tangential_speed_mean,affine_resid__tangential_speed_mean,19,1471,0.03809251482839736,0.03652238612602998,0.09373145453387019,0.09373145453387019,0.5789473684210527,72
affine_pred,mean_speed,affine_pred__mean_speed,19,1471,-0.04688375495096059,0.051771071373957575,-0.08651162069836171,0.08651162069836171,0.631578947368421,72
raw,tangential_speed_mean,raw__tangential_speed_mean,19,1471,-0.038454255682630785,0.033894240119997365,-0.05635656211682749,0.05635656211682749,0.5789473684210527,72
affine_pred,speed_rms,affine_pred__speed_rms,19,1471,-0.04735549267314812,0.001722941055150945,-0.050827326681907536,0.050827326681907536,0.631578947368421,72
affine_resid,mean_speed,affine_resid__mean_speed,19,1471,-0.009439513512388094,0.08756722831409558,0.04747373127263174,0.04747373127263174,0.5263157894736842,72
raw,mean_speed,raw__mean_speed,19,1471,-0.03973281852185029,-0.008262338458002061,-0.02042225230785495,0.02042225230785495,0.5263157894736842,72
affine_resid,speed_rms,affine_resid__speed_rms,19,1471,0.0019085483002553305,0.07936411929478086,0.014870784106678747,0.014870784106678747,0.5263157894736842,72
affine_pred,tangential_speed_mean,affine_pred__tangential_speed_mean,19,1471,0.0555433255447525,-0.0012778023041775388,-0.008285902639531662,0.008285902639531662,0.5789473684210527,72
affine_resid,velocity_cov_trace,affine_resid__velocity_cov_trace,19,1471,0.007781744183975772,0.044058799668330595,-0.004827921651830824,0.004827921651830824,0.5263157894736842,72
raw,velocity_cov_trace,raw__velocity_cov_trace,19,1471,0.0107128735494222,-0.070571148859874,-0.003666505801362935,0.003666505801362935,0.5263157894736842,72
affine_pred,speed_rms,affine_pred__speed_rms,19,1471,0.006438921629395841,0.004268106726795673,-0.08408599235637587,0.08408599235637587,0.631578947368421,73
raw,speed_rms,raw__speed_rms,19,1471,0.12190751957143242,0.026096467742472262,0.07402626747291535,0.07402626747291535,0.631578947368421,73
affine_resid,mean_speed,affine_resid__mean_speed,19,1471,0.008558344702050823,0.09739751513212613,-0.07136246182676442,0.07136246182676442,0.6842105263157895,73
raw,velocity_cov_trace,raw__velocity_cov_trace,19,1471,0.09296283814016865,0.06967309430036267,-0.06980093615492483,0.06980093615492483,0.5263157894736842,73
raw,mean_speed,raw__mean_speed,19,1471,0.11166025295836432,0.005470601559399713,0.06785281303412904,0.06785281303412904,0.5789473684210527,73
affine_resid,speed_rms,affine_resid__speed_rms,19,1471,0.10559735244093127,0.07632902020430432,-0.05887355714368081,0.05887355714368081,0.5789473684210527,73
affine_resid,velocity_cov_trace,affine_resid__velocity_cov_trace,19,1471,0.10444104511298502,0.04731074314353112,-0.051755471915326576,0.051755471915326576,0.5263157894736842,73
affine_pred,mean_speed,affine_pred__mean_speed,19,1471,0.014026590067392965,-0.05918015594600551,-0.03706276045014076,0.03706276045014076,0.5263157894736842,73
affine_pred,velocity_cov_trace,affine_pred__velocity_cov_trace,19,1471,0.05805455278524402,-0.027681040340940585,-0.03267677534738318,0.03267677534738318,0.5789473684210527,73
affine_resid,tangential_speed_mean,affine_resid__tangential_speed_mean,19,1471,0.07565236228269029,0.035729787701925156,-0.02096357093473991,0.02096357093473991,0.5789473684210527,73
raw,tangential_speed_mean,raw__tangential_speed_mean,19,1471,0.030459357118718104,-0.0020668519208771052,0.012624740225213815,0.012624740225213815,0.5263157894736842,73
affine_pred,tangential_speed_mean,affine_pred__tangential_speed_mean,19,1471,-0.06951325274271464,-0.007077157774224685,-0.002407886111236879,0.002407886111236879,0.5263157894736842,73
affine_pred,speed_rms,affine_pred__speed_rms,19,1471,-0.010134644395850406,0.105520159948122,-0.13199576589272863,0.13199576589272863,0.5789473684210527,74
affine_resid,mean_speed,affine_resid__mean_speed,19,1471,-0.12420305852060541,-0.00698095472440019,-0.10181765410272325,0.10181765410272325,0.631578947368421,74
raw,tangential_speed_mean,raw__tangential_speed_mean,19,1471,-0.08206285273927283,0.09781683572795721,-0.09943011102034605,0.09943011102034605,0.6842105263157895,74
affine_resid,tangential_speed_mean,affine_resid__tangential_speed_mean,19,1471,-0.05973139205724426,0.037999170064105574,-0.09773056212134984,0.09773056212134984,0.631578947368421,74
raw,speed_rms,raw__speed_rms,19,1471,-0.0922019433556423,-0.010291788269967683,-0.08191015508567462,0.08191015508567462,0.631578947368421,74
affine_resid,velocity_cov_trace,affine_resid__velocity_cov_trace,19,1471,-0.1163877379530911,-0.009901873709830783,-0.07844411304540619,0.07844411304540619,0.5789473684210527,74
affine_pred,tangential_speed_mean,affine_pred__tangential_speed_mean,19,1471,-0.048242239037703305,0.07001012977717827,-0.07134023974148287,0.07134023974148287,0.631578947368421,74
affine_resid,speed_rms,affine_resid__speed_rms,19,1471,-0.0670671116658964,-0.009836890702407147,-0.06844664765242066,0.06844664765242066,0.5789473684210527,74
raw,velocity_cov_trace,raw__velocity_cov_trace,19,1471,-0.08201344639265924,-0.0333212399021366,-0.05664471799446689,0.05664471799446689,0.631578947368421,74
raw,mean_speed,raw__mean_speed,19,1471,-0.10240825111769614,0.05698245778406785,-0.05082042578979837,0.05082042578979837,0.631578947368421,74
affine_pred,velocity_cov_trace,affine_pred__velocity_cov_trace,19,1471,0.07168184946854861,0.04537576815865252,-0.04171754588613774,0.04171754588613774,0.5263157894736842,74
affine_pred,mean_speed,affine_pred__mean_speed,19,1471,-0.007575308804385207,-0.002043012318725057,-0.03438133671182942,0.03438133671182942,0.5263157894736842,74
raw,tangential_speed_mean,raw__tangential_speed_mean,19,1470,-0.012967164777875129,0.18877524546476845,-0.19137768657220006,0.19137768657220006,0.7368421052631579,75
affine_resid,tangential_speed_mean,affine_resid__tangential_speed_mean,19,1470,-0.018952286315862377,0.09991440524220346,-0.09218695337002708,0.09218695337002708,0.5789473684210527,75
affine_resid,mean_speed,affine_resid__mean_speed,19,1470,0.03156021621015237,-0.024783759113817395,0.07890823884806225,0.07890823884806225,0.631578947368421,75
affine_pred,speed_rms,affine_pred__speed_rms,19,1470,0.009238952960736325,0.11265775947294412,-0.06229380550301986,0.06229380550301986,0.5789473684210527,75
affine_pred,velocity_cov_trace,affine_pred__velocity_cov_trace,19,1470,-0.012086251179460772,0.08336398711477239,-0.046992458668085296,0.046992458668085296,0.5789473684210527,75
affine_pred,tangential_speed_mean,affine_pred__tangential_speed_mean,19,1470,0.0067727697596631775,0.13530588209164252,-0.030768669719487177,0.030768669719487177,0.5789473684210527,75
raw,mean_speed,raw__mean_speed,19,1470,0.03106613167577188,0.07133952433020997,-0.020510768335331588,0.020510768335331588,0.5263157894736842,75
raw,speed_rms,raw__speed_rms,19,1470,0.031015106562796046,0.1682328246782846,-0.015524128017583794,0.015524128017583794,0.6842105263157895,75
affine_resid,speed_rms,affine_resid__speed_rms,19,1470,0.07176272292907925,0.09306114925072187,-0.014474664030789827,0.014474664030789827,0.5263157894736842,75
affine_resid,velocity_cov_trace,affine_resid__velocity_cov_trace,19,1470,0.08077921668678409,0.08085824109285716,-0.011260728187843932,0.011260728187843932,0.5263157894736842,75
raw,velocity_cov_trace,raw__velocity_cov_trace,19,1470,0.04395406300384064,0.11159548589058066,-0.010112185782864602,0.010112185782864602,0.5263157894736842,75
affine_pred,mean_speed,affine_pred__mean_speed,19,1470,0.004402755899583777,0.07125219456025449,-0.003692199092003093,0.003692199092003093,0.5263157894736842,75
affine_resid,velocity_cov_trace,affine_resid__velocity_cov_trace,19,1470,-0.09837323137915999,0.13119309624546835,-0.26810627096729023,0.26810627096729023,0.7894736842105263,76
affine_resid,speed_rms,affine_resid__speed_rms,19,1470,-0.07062572882088937,0.14360299648523722,-0.26487149599166965,0.26487149599166965,0.7368421052631579,76
affine_pred,velocity_cov_trace,affine_pred__velocity_cov_trace,19,1470,0.04233216157329433,-0.08237814889755851,0.172658607755648,0.172658607755648,0.6842105263157895,76
affine_resid,tangential_speed_mean,affine_resid__tangential_speed_mean,19,1470,-0.05004023571871141,0.11841017083571637,-0.16689891263959555,0.16689891263959555,0.7368421052631579,76
raw,velocity_cov_trace,raw__velocity_cov_trace,19,1470,-0.06808343168827535,0.08238430885228054,-0.16548614932345357,0.16548614932345357,0.6842105263157895,76
raw,speed_rms,raw__speed_rms,19,1470,0.0019535177489248406,0.1028043810212313,-0.15105602902368215,0.15105602902368215,0.6842105263157895,76
raw,mean_speed,raw__mean_speed,19,1470,0.045863370067534714,0.14509097893427014,-0.14601024754091618,0.14601024754091618,0.631578947368421,76
affine_resid,mean_speed,affine_resid__mean_speed,19,1470,-0.05006169139180122,0.0931325783786611,-0.13741865375620566,0.13741865375620566,0.631578947368421,76
raw,tangential_speed_mean,raw__tangential_speed_mean,19,1470,0.008693957717515577,0.11984692431189226,-0.12892142835666726,0.12892142835666726,0.7368421052631579,76
affine_pred,speed_rms,affine_pred__speed_rms,19,1470,0.15089552247555185,-0.01829537454044683,0.1180973471512417,0.1180973471512417,0.7368421052631579,76
affine_pred,mean_speed,affine_pred__mean_speed,19,1470,0.14991253053607623,0.06560394348912693,0.09769854325204358,0.09769854325204358,0.5789473684210527,76
affine_pred,tangential_speed_mean,affine_pred__tangential_speed_mean,19,1470,0.0949788859159032,0.055300481027494464,0.005840254333826539,0.005840254333826539,0.5263157894736842,76
affine_resid,mean_speed,affine_resid__mean_speed,19,1471,0.038527040539610063,-0.04917521279066725,-0.06741622900367908,0.06741622900367908,0.5789473684210527,77
affine_pred,speed_rms,affine_pred__speed_rms,19,1471,-0.059347107221066175,-0.05966988034959546,0.05934151470680339,0.05934151470680339,0.5263157894736842,77
raw,velocity_cov_trace,raw__velocity_cov_trace,19,1471,-0.045566104841236604,-0.04901802418035768,-0.051107668321545396,0.051107668321545396,0.5789473684210527,77
raw,speed_rms,raw__speed_rms,19,1471,-0.038518632441566,-0.10863389068139645,0.04434410654918941,0.04434410654918941,0.5263157894736842,77
raw,tangential_speed_mean,raw__tangential_speed_mean,19,1471,0.10432120981246015,0.04789504268746697,0.03577958098977216,0.03577958098977216,0.5789473684210527,77
affine_resid,tangential_speed_mean,affine_resid__tangential_speed_mean,19,1471,0.10121304164529372,-0.02296840246343089,-0.030250231095370284,0.030250231095370284,0.5263157894736842,77
raw,mean_speed,raw__mean_speed,19,1471,-0.07500568352163131,-0.03254268633075742,-0.013426899799299091,0.013426899799299091,0.5263157894736842,77
affine_pred,mean_speed,affine_pred__mean_speed,19,1471,-0.047229251365225565,-0.04802614953394291,0.012428182134866655,0.012428182134866655,0.5789473684210527,77
affine_pred,velocity_cov_trace,affine_pred__velocity_cov_trace,19,1471,-0.06046939365762116,-0.07249152195002934,0.006387934158741726,0.006387934158741726,0.5263157894736842,77
affine_pred,tangential_speed_mean,affine_pred__tangential_speed_mean,19,1471,-0.07589916965011803,0.010430503164434474,0.0062028685304307,0.0062028685304307,0.5263157894736842,77
affine_resid,velocity_cov_trace,affine_resid__velocity_cov_trace,19,1471,0.1144583964006613,0.019080383401873124,0.004115230499069825,0.004115230499069825,0.5263157894736842,77
affine_resid,speed_rms,affine_resid__speed_rms,19,1471,0.12056802280512963,0.009622830436776725,-0.0015850191940602748,0.0015850191940602748,0.5263157894736842,77
affine_pred,tangential_speed_mean,affine_pred__tangential_speed_mean,19,1471,0.0379697844624608,0.10794409539788474,-0.0963215063665329,0.0963215063665329,0.5263157894736842,78
affine_resid,speed_rms,affine_resid__speed_rms,19,1471,0.03400485166107661,0.032849103918363154,0.08023524444822086,0.08023524444822086,0.631578947368421,78
affine_resid,velocity_cov_trace,affine_resid__velocity_cov_trace,19,1471,0.012529807960755368,0.03487167634695654,0.07419212989909135,0.07419212989909135,0.631578947368421,78
affine_resid,tangential_speed_mean,affine_resid__tangential_speed_mean,19,1471,-0.09289249422340962,-0.007815422385821835,-0.0679131612673995,0.0679131612673995,0.631578947368421,78
raw,mean_speed,raw__mean_speed,19,1471,0.0034327682223104783,0.028541955540902816,0.05487522745932899,0.05487522745932899,0.5789473684210527,78
affine_resid,mean_speed,affine_resid__mean_speed,19,1471,-0.01828766158991424,0.0003713044097734264,0.05390790564927206,0.05390790564927206,0.631578947368421,78
raw,speed_rms,raw__speed_rms,19,1471,-0.011703848771915437,0.05235019521373262,0.04962726684720016,0.04962726684720016,0.5789473684210527,78
affine_pred,speed_rms,affine_pred__speed_rms,19,1471,0.010974994843458472,0.05128549553859918,-0.04031050069514071,0.04031050069514071,0.5789473684210527,78
affine_pred,velocity_cov_trace,affine_pred__velocity_cov_trace,19,1471,0.06802668811779305,0.04747022490027403,0.027019060489177626,0.027019060489177626,0.5263157894736842,78
raw,velocity_cov_trace,raw__velocity_cov_trace,19,1471,-0.036931756921608605,0.06321892555721087,-0.023614819780177168,0.023614819780177168,0.5789473684210527,78
affine_pred,mean_speed,affine_pred__mean_speed,19,1471,0.01301117043314337,0.05004221445883164,0.014632626907193191,0.014632626907193191,0.5263157894736842,78
raw,tangential_speed_mean,raw__tangential_speed_mean,19,1471,0.0565316767942448,0.02889641123956832,0.014306367664161102,0.014306367664161102,0.5263157894736842,78
affine_resid,velocity_cov_trace,affine_resid__velocity_cov_trace,19,1471,0.018296029272323655,-0.08907631481774647,0.21679843473294677,0.21679843473294677,0.5263157894736842,79
affine_resid,speed_rms,affine_resid__speed_rms,19,1471,0.01999565717578794,-0.09166673936928027,0.20868454754211385,0.20868454754211385,0.5263157894736842,79
affine_pred,mean_speed,affine_pred__mean_speed,19,1471,-0.00884790338441832,0.03531610988252204,-0.1191797727620641,0.1191797727620641,0.631578947368421,79
affine_resid,mean_speed,affine_resid__mean_speed,19,1471,0.02675990473778045,-0.0781520359865357,0.10627490999581718,0.10627490999581718,0.5789473684210527,79
affine_pred,tangential_speed_mean,affine_pred__tangential_speed_mean,19,1471,-0.024783796223603383,0.06982220944797418,-0.10123701839109833,0.10123701839109833,0.5789473684210527,79
affine_pred,speed_rms,affine_pred__speed_rms,19,1471,0.0026257616383826843,0.0670589757641677,-0.0660193866565287,0.0660193866565287,0.5789473684210527,79
affine_pred,velocity_cov_trace,affine_pred__velocity_cov_trace,19,1471,0.08395333195362778,-0.01074361978491474,0.048579555992390624,0.048579555992390624,0.5263157894736842,79
affine_resid,tangential_speed_mean,affine_resid__tangential_speed_mean,19,1471,0.0010616234979700656,-0.07085246596329753,0.047142490130471656,0.047142490130471656,0.631578947368421,79
raw,speed_rms,raw__speed_rms,19,1471,-0.05797362130984407,-0.018708807655764423,-0.044284903621997496,0.044284903621997496,0.631578947368421,79
raw,tangential_speed_mean,raw__tangential_speed_mean,19,1471,0.037251015685282385,0.00010225332557367572,0.011332120996141948,0.011332120996141948,0.5263157894736842,79
raw,velocity_cov_trace,raw__velocity_cov_trace,19,1471,0.020117409787891116,-0.07599497446150999,0.00509462379953024,0.00509462379953024,0.5263157894736842,79
raw,mean_speed,raw__mean_speed,19,1471,-0.049332149963529304,-0.0399923931836893,-0.003132104753607423,0.003132104753607423,0.5263157894736842,79
affine_resid,tangential_speed_mean,affine_resid__tangential_speed_mean,19,1470,0.02183505734700575,0.11310770371854555,-0.11287921389182766,0.11287921389182766,0.7368421052631579,80
raw,velocity_cov_trace,raw__velocity_cov_trace,19,1470,0.07228218482630856,0.02470079764685615,0.0887482395883209,0.0887482395883209,0.5789473684210527,80
raw,tangential_speed_mean,raw__tangential_speed_mean,19,1470,-0.02460013008750858,0.10071480388412835,-0.07791793965493032,0.07791793965493032,0.6842105263157895,80
affine_pred,mean_speed,affine_pred__mean_speed,19,1470,0.02109718834189206,0.10056756521289656,0.06684295358917394,0.06684295358917394,0.5789473684210527,80
raw,speed_rms,raw__speed_rms,19,1470,0.0898978900561287,0.07419733629426661,-0.05217929082673883,0.05217929082673883,0.5263157894736842,80
affine_pred,velocity_cov_trace,affine_pred__velocity_cov_trace,19,1470,0.09418567270127831,0.09022851057392839,-0.04102263329982253,0.04102263329982253,0.5789473684210527,80
affine_pred,speed_rms,affine_pred__speed_rms,19,1470,0.04493004756750277,0.12223658358572233,-0.030658110146640438,0.030658110146640438,0.5263157894736842,80
raw,mean_speed,raw__mean_speed,19,1470,0.07891241304577745,0.08199952862638671,-0.023878012657047767,0.023878012657047767,0.5789473684210527,80
affine_resid,mean_speed,affine_resid__mean_speed,19,1470,0.051249958390581885,-0.0053286147384308535,0.02207735740904465,0.02207735740904465,0.5789473684210527,80
affine_pred,tangential_speed_mean,affine_pred__tangential_speed_mean,19,1470,0.14830917351409723,0.11548266722010461,0.01619774745124475,0.01619774745124475,0.5263157894736842,80
affine_resid,velocity_cov_trace,affine_resid__velocity_cov_trace,19,1470,0.04384772329155845,0.05263174978801191,0.013580003952203532,0.013580003952203532,0.5789473684210527,80
affine_resid,speed_rms,affine_resid__speed_rms,19,1470,0.0512262569786352,0.0602067497939375,-0.002407177152461193,0.002407177152461193,0.5263157894736842,80
affine_resid,velocity_cov_trace,affine_resid__velocity_cov_trace,19,1471,0.08873551602254737,-0.12719878603756782,0.24193442918379382,0.24193442918379382,0.7894736842105263,81
affine_resid,mean_speed,affine_resid__mean_speed,19,1471,0.16199722492123303,-0.1265361059659158,0.23921263367993634,0.23921263367993634,0.7894736842105263,81
affine_resid,speed_rms,affine_resid__speed_rms,19,1471,0.10344261974732555,-0.13117685968857057,0.21012612938734337,0.21012612938734337,0.7894736842105263,81
raw,velocity_cov_trace,raw__velocity_cov_trace,19,1471,0.06362487128857724,-0.11798121896909954,0.1771507195651495,0.1771507195651495,0.631578947368421,81
raw,speed_rms,raw__speed_rms,19,1471,0.1393187807788999,-0.04472065617172251,0.16415213993668118,0.16415213993668118,0.7894736842105263,81
affine_resid,tangential_speed_mean,affine_resid__tangential_speed_mean,19,1471,0.1695804842512394,-0.004009944025102796,0.12712401592362385,0.12712401592362385,0.631578947368421,81
raw,tangential_speed_mean,raw__tangential_speed_mean,19,1471,0.16882258057378874,0.022340410109258024,0.11180493748371018,0.11180493748371018,0.6842105263157895,81
raw,mean_speed,raw__mean_speed,19,1471,0.11839969965247667,-0.11990332560387548,0.08373687409614919,0.08373687409614919,0.7368421052631579,81
affine_pred,tangential_speed_mean,affine_pred__tangential_speed_mean,19,1471,0.03402187131574097,-0.07946921024846437,0.07622765404493342,0.07622765404493342,0.5789473684210527,81
affine_pred,mean_speed,affine_pred__mean_speed,19,1471,0.022467065707864997,0.02686393796607589,0.045984896306207945,0.045984896306207945,0.5263157894736842,81
affine_pred,velocity_cov_trace,affine_pred__velocity_cov_trace,19,1471,0.032256849890351214,0.05065379388456642,-0.030103888339710227,0.030103888339710227,0.5263157894736842,81
affine_pred,speed_rms,affine_pred__speed_rms,19,1471,-0.00045944919698159836,0.03255851446191568,-0.02976564846720428,0.02976564846720428,0.5263157894736842,81
affine_resid,tangential_speed_mean,affine_resid__tangential_speed_mean,19,1470,0.07036580344806098,-0.11324118701400637,0.21434696099993267,0.21434696099993267,0.6842105263157895,82
raw,velocity_cov_trace,raw__velocity_cov_trace,19,1470,0.005855866296196388,-0.15027041512314973,0.1674779412847265,0.1674779412847265,0.8947368421052632,82
raw,speed_rms,raw__speed_rms,19,1470,0.09215660718916102,-0.15737910236101654,0.16310401310582484,0.16310401310582484,0.7894736842105263,82
affine_resid,mean_speed,affine_resid__mean_speed,19,1470,0.042270438986079795,-0.12344459689549156,0.1466100260727841,0.1466100260727841,0.631578947368421,82
affine_pred,velocity_cov_trace,affine_pred__velocity_cov_trace,19,1470,0.07602510850968305,-0.055871057981727396,0.12849410977386694,0.12849410977386694,0.6842105263157895,82
raw,mean_speed,raw__mean_speed,19,1470,0.08518634628588162,-0.07345745028671219,0.09485350974809559,0.09485350974809559,0.5789473684210527,82
affine_resid,velocity_cov_trace,affine_resid__velocity_cov_trace,19,1470,0.023932639254062013,-0.08987925501111527,0.08670438849216264,0.08670438849216264,0.631578947368421,82
affine_resid,speed_rms,affine_resid__speed_rms,19,1470,0.03749815246568455,-0.09459346489267838,0.07960360524949428,0.07960360524949428,0.631578947368421,82
affine_pred,mean_speed,affine_pred__mean_speed,19,1470,0.010381095510465926,0.00625875252888114,-0.04468931994910952,0.04468931994910952,0.5789473684210527,82
affine_pred,tangential_speed_mean,affine_pred__tangential_speed_mean,19,1470,0.014005360009108347,-0.017590618762808152,0.04345275033137233,0.04345275033137233,0.5263157894736842,82
raw,tangential_speed_mean,raw__tangential_speed_mean,19,1470,-0.0011688650644839094,-0.09064001413148248,0.02386929953631009,0.02386929953631009,0.5263157894736842,82
affine_pred,speed_rms,affine_pred__speed_rms,19,1470,0.006002936264187714,-0.011064249963423797,0.015419594140363424,0.015419594140363424,0.5263157894736842,82
affine_pred,velocity_cov_trace,affine_pred__velocity_cov_trace,19,1471,-0.06217761497240634,0.07644353991224284,-0.13908157368336602,0.13908157368336602,0.7894736842105263,83
raw,velocity_cov_trace,raw__velocity_cov_trace,19,1471,-0.13234067256764276,-0.09346598888012499,-0.12805612412534076,0.12805612412534076,0.6842105263157895,83
affine_pred,tangential_speed_mean,affine_pred__tangential_speed_mean,19,1471,-0.03734747945149472,-0.08758428189270608,0.1086788077503823,0.1086788077503823,0.5789473684210527,83
affine_pred,mean_speed,affine_pred__mean_speed,19,1471,-0.10450694122828363,0.04160295842845696,-0.09693411434522448,0.09693411434522448,0.7368421052631579,83
affine_pred,speed_rms,affine_pred__speed_rms,19,1471,-0.07692414906669436,-0.0361021341131984,-0.06180827429713069,0.06180827429713069,0.6842105263157895,83
affine_resid,mean_speed,affine_resid__mean_speed,19,1471,-0.11066548574499308,-0.04935193056577145,-0.05342184665849414,0.05342184665849414,0.5263157894736842,83
affine_resid,tangential_speed_mean,affine_resid__tangential_speed_mean,19,1471,0.028886817640205925,-0.06988359568363373,0.038555018825419174,0.038555018825419174,0.631578947368421,83
raw,tangential_speed_mean,raw__tangential_speed_mean,19,1471,-0.03545491532754186,-0.041831502285954156,-0.02625560787487413,0.02625560787487413,0.631578947368421,83
raw,mean_speed,raw__mean_speed,19,1471,-0.06361298779067157,-0.058035804833839646,0.01965096036498576,0.01965096036498576,0.5263157894736842,83
affine_resid,speed_rms,affine_resid__speed_rms,19,1471,-0.05264986563455079,-0.08227714445567039,-0.018459186459693466,0.018459186459693466,0.5789473684210527,83
raw,speed_rms,raw__speed_rms,19,1471,-0.12010262758461754,-0.0927760503095254,-0.017931789776505724,0.017931789776505724,0.5263157894736842,83
affine_resid,velocity_cov_trace,affine_resid__velocity_cov_trace,19,1471,-0.06529865978373806,-0.08926412973461775,0.006085579193304713,0.006085579193304713,0.5263157894736842,83
affine_pred,speed_rms,affine_pred__speed_rms,19,1470,-0.12550994043686234,0.11339089025770747,-0.30433549207582733,0.30433549207582733,0.7894736842105263,84
affine_pred,tangential_speed_mean,affine_pred__tangential_speed_mean,19,1470,-0.15441404751833748,0.03601567633121505,-0.2860920569622151,0.2860920569622151,0.6842105263157895,84
affine_pred,velocity_cov_trace,affine_pred__velocity_cov_trace,19,1470,-0.15519351453912245,0.11375268931615523,-0.22851207644307736,0.22851207644307736,0.8421052631578947,84
affine_pred,mean_speed,affine_pred__mean_speed,19,1470,-0.091505914431945,0.11007356312034353,-0.21557678799823832,0.21557678799823832,0.7368421052631579,84
raw,velocity_cov_trace,raw__velocity_cov_trace,19,1470,-0.061901312466576666,0.10404975987615182,-0.09815594406309328,0.09815594406309328,0.5789473684210527,84
affine_resid,tangential_speed_mean,affine_resid__tangential_speed_mean,19,1470,0.0022139406541475948,-0.045597191480329896,0.08715746519403927,0.08715746519403927,0.631578947368421,84
raw,tangential_speed_mean,raw__tangential_speed_mean,19,1470,-0.10022463962267114,0.01035902729734739,-0.08540884591697973,0.08540884591697973,0.631578947368421,84
raw,mean_speed,raw__mean_speed,19,1470,-0.05421714119869184,0.06608380035286654,-0.06978013294197707,0.06978013294197707,0.5263157894736842,84
raw,speed_rms,raw__speed_rms,19,1470,-0.03598857759909668,0.01659907751501133,-0.06365485421438004,0.06365485421438004,0.5789473684210527,84
affine_resid,mean_speed,affine_resid__mean_speed,19,1470,0.07055464521418098,0.0012820171066256075,0.05064087245729776,0.05064087245729776,0.5789473684210527,84
affine_resid,speed_rms,affine_resid__speed_rms,19,1470,0.038465127247203024,0.01859731127418318,0.026216263000777784,0.026216263000777784,0.5789473684210527,84
affine_resid,velocity_cov_trace,affine_resid__velocity_cov_trace,19,1470,0.024832829758594632,0.0035808573065804206,0.02125197245201421,0.02125197245201421,0.5789473684210527,84
affine_pred,velocity_cov_trace,affine_pred__velocity_cov_trace,19,1471,-0.04316377371746383,0.10940677647291973,-0.09442938055213687,0.09442938055213687,0.7368421052631579,85
raw,speed_rms,raw__speed_rms,19,1471,-0.08584337473712855,0.049297306744306796,-0.09371948931595162,0.09371948931595162,0.631578947368421,85
affine_pred,tangential_speed_mean,affine_pred__tangential_speed_mean,19,1471,-0.045493560428575636,0.013352062180373464,-0.0638385516475907,0.0638385516475907,0.631578947368421,85
affine_resid,velocity_cov_trace,affine_resid__velocity_cov_trace,19,1471,0.01056954434333246,0.08465185857322288,-0.06376826372320288,0.06376826372320288,0.631578947368421,85
raw,tangential_speed_mean,raw__tangential_speed_mean,19,1471,0.017920281749157496,0.06027393000935122,-0.05296678726151888,0.05296678726151888,0.5263157894736842,85
affine_resid,mean_speed,affine_resid__mean_speed,19,1471,0.03235269381170175,0.09018066713092027,-0.04835442984400337,0.04835442984400337,0.631578947368421,85
affine_resid,speed_rms,affine_resid__speed_rms,19,1471,0.030489949380142267,0.08099952545057354,-0.04431809597406633,0.04431809597406633,0.5789473684210527,85
raw,velocity_cov_trace,raw__velocity_cov_trace,19,1471,-0.005465140716062522,0.060163954987787704,-0.04025086175003581,0.04025086175003581,0.631578947368421,85
affine_pred,mean_speed,affine_pred__mean_speed,19,1471,-0.0805138948282805,-0.03248320714559362,-0.018840246360659313,0.018840246360659313,0.6842105263157895,85
raw,mean_speed,raw__mean_speed,19,1471,-0.06976751322407226,0.02779698541885485,0.014733182288613506,0.014733182288613506,0.5263157894736842,85
affine_resid,tangential_speed_mean,affine_resid__tangential_speed_mean,19,1471,0.031196766911566268,0.04769386949947613,0.0063817603780210175,0.0063817603780210175,0.5263157894736842,85
affine_pred,speed_rms,affine_pred__speed_rms,19,1471,-0.0781345827562463,0.0029082134308527907,0.006189383556729541,0.006189383556729541,0.5263157894736842,85
affine_pred,speed_rms,affine_pred__speed_rms,19,1470,-0.09922121665430148,0.06158970106774789,-0.17512979306400855,0.17512979306400855,0.6842105263157895,86
raw,speed_rms,raw__speed_rms,19,1470,-0.08336594087315027,-0.003280631237237139,-0.14597207121874284,0.14597207121874284,0.5263157894736842,86
affine_pred,mean_speed,affine_pred__mean_speed,19,1470,-0.11828650110392669,0.10174871907214439,-0.13969708343616705,0.13969708343616705,0.7894736842105263,86
affine_pred,tangential_speed_mean,affine_pred__tangential_speed_mean,19,1470,-0.04306974061025663,0.013548404889721699,-0.12833508926027976,0.12833508926027976,0.631578947368421,86
raw,tangential_speed_mean,raw__tangential_speed_mean,19,1470,-0.08867540950777554,-0.008037676853104192,0.09012821641835891,0.09012821641835891,0.631578947368421,86
affine_pred,velocity_cov_trace,affine_pred__velocity_cov_trace,19,1470,-0.028356450936675784,0.042938428314971494,-0.07386587322440977,0.07386587322440977,0.6842105263157895,86
raw,velocity_cov_trace,raw__velocity_cov_trace,19,1470,-0.021524579137960742,-0.012910140369722045,-0.07209222904922485,0.07209222904922485,0.5789473684210527,86
raw,mean_speed,raw__mean_speed,19,1470,0.007449309702501128,-0.08901378506990257,0.04464668455839986,0.04464668455839986,0.5263157894736842,86
affine_resid,velocity_cov_trace,affine_resid__velocity_cov_trace,19,1470,-0.02008083916850925,-0.03465070403920645,0.03235150267631112,0.03235150267631112,0.5263157894736842,86
affine_resid,mean_speed,affine_resid__mean_speed,19,1470,-0.06261611061718231,-0.10565096841175103,-0.008254422568262032,0.008254422568262032,0.5263157894736842,86
affine_resid,tangential_speed_mean,affine_resid__tangential_speed_mean,19,1470,-0.06389978549800292,-0.059848710423780815,-0.004034582590662361,0.004034582590662361,0.5263157894736842,86
affine_resid,speed_rms,affine_resid__speed_rms,19,1470,-0.08007393183797074,-0.024561022355922613,0.002805637099809022,0.002805637099809022,0.5263157894736842,86
affine_resid,tangential_speed_mean,affine_resid__tangential_speed_mean,19,1471,-0.08536859344467712,0.01396259906077163,-0.20995686964488264,0.20995686964488264,0.631578947368421,87
raw,mean_speed,raw__mean_speed,19,1471,-0.062443242600760174,0.058288639246149965,-0.13058339541839992,0.13058339541839992,0.5789473684210527,87
affine_pred,speed_rms,affine_pred__speed_rms,19,1471,-0.12638776996865841,0.025302799148644917,-0.12449236746143771,0.12449236746143771,0.631578947368421,87
affine_pred,velocity_cov_trace,affine_pred__velocity_cov_trace,19,1471,0.013192197305220543,-0.006818147852574119,-0.1207494873211108,0.1207494873211108,0.5263157894736842,87
affine_pred,tangential_speed_mean,affine_pred__tangential_speed_mean,19,1471,-0.10740202913415375,-0.015990785443718125,-0.11026502931280026,0.11026502931280026,0.5789473684210527,87
raw,tangential_speed_mean,raw__tangential_speed_mean,19,1471,-0.04385432766926123,0.034178434503360555,-0.10785128635226537,0.10785128635226537,0.6842105263157895,87
affine_pred,mean_speed,affine_pred__mean_speed,19,1471,-0.09554936381884863,-0.041313196348419456,-0.10201579351356288,0.10201579351356288,0.6842105263157895,87
affine_resid,mean_speed,affine_resid__mean_speed,19,1471,-0.001975919045112434,0.061122083937912325,-0.09941919373490599,0.09941919373490599,0.5789473684210527,87
raw,speed_rms,raw__speed_rms,19,1471,-0.19681865365642742,-0.005453786199300481,-0.0957118973659492,0.0957118973659492,0.5789473684210527,87
raw,velocity_cov_trace,raw__velocity_cov_trace,19,1471,-0.10884507457947626,0.00228628186076818,-0.08808060028543763,0.08808060028543763,0.6842105263157895,87
affine_resid,speed_rms,affine_resid__speed_rms,19,1471,-0.0692599426491341,-0.019271878217945182,-0.07052992082586834,0.07052992082586834,0.5263157894736842,87
affine_resid,velocity_cov_trace,affine_resid__velocity_cov_trace,19,1471,-0.06820980880213523,-0.00949542583595786,-0.05871438296617737,0.05871438296617737,0.5263157894736842,87
raw,speed_rms,raw__speed_rms,19,1469,-0.0771921387148504,-0.008184768654798748,0.10847460563498706,0.10847460563498706,0.5263157894736842,88
affine_resid,tangential_speed_mean,affine_resid__tangential_speed_mean,19,1469,-0.03443754764660095,0.027970352472262594,-0.10800516484477929,0.10800516484477929,0.631578947368421,88
raw,tangential_speed_mean,raw__tangential_speed_mean,19,1469,-0.018308179015618445,-0.023135098254023156,0.0920144404204066,0.0920144404204066,0.5789473684210527,88
affine_resid,velocity_cov_trace,affine_resid__velocity_cov_trace,19,1469,0.021500255652458777,0.05242319590593003,-0.07271825415022115,0.07271825415022115,0.5263157894736842,88
affine_pred,speed_rms,affine_pred__speed_rms,19,1469,-0.005324281784916812,0.03204231094217416,-0.06654528251982533,0.06654528251982533,0.5789473684210527,88
affine_resid,mean_speed,affine_resid__mean_speed,19,1469,0.054245914768493275,-0.014725478074987863,0.0617043164304082,0.0617043164304082,0.631578947368421,88
affine_pred,velocity_cov_trace,affine_pred__velocity_cov_trace,19,1469,-0.011315263515179808,0.01666513027103727,0.05600088121426755,0.05600088121426755,0.5263157894736842,88
affine_resid,speed_rms,affine_resid__speed_rms,19,1469,0.028278582304144984,0.03550269204157014,-0.04892276834187728,0.04892276834187728,0.5263157894736842,88
raw,mean_speed,raw__mean_speed,19,1469,-0.08710109020187898,0.021372686736769397,-0.04622891425627201,0.04622891425627201,0.5263157894736842,88
affine_pred,tangential_speed_mean,affine_pred__tangential_speed_mean,19,1469,-0.05106779144350257,-0.01667050501713618,0.025460755685862462,0.025460755685862462,0.5263157894736842,88
raw,velocity_cov_trace,raw__velocity_cov_trace,19,1469,-0.06257000705900556,-0.057409564618838824,-0.024160008277969103,0.024160008277969103,0.5263157894736842,88
affine_pred,mean_speed,affine_pred__mean_speed,19,1469,-0.03872316899727313,-0.03721900168802522,-0.005881995988309741,0.005881995988309741,0.5263157894736842,88
raw,speed_rms,raw__speed_rms,19,1471,0.08593703843044687,-0.058006610647010085,0.1564549296157332,0.1564549296157332,0.631578947368421,89
affine_pred,velocity_cov_trace,affine_pred__velocity_cov_trace,19,1471,0.12864456057657198,0.021688283487886317,0.12481723117517174,0.12481723117517174,0.7368421052631579,89
raw,velocity_cov_trace,raw__velocity_cov_trace,19,1471,0.006696574961591886,-0.07893326631803083,0.12288312462678948,0.12288312462678948,0.631578947368421,89
affine_resid,speed_rms,affine_resid__speed_rms,19,1471,-0.013814434603146214,-0.08493041139154478,0.10790672531511541,0.10790672531511541,0.5789473684210527,89
affine_resid,tangential_speed_mean,affine_resid__tangential_speed_mean,19,1471,-0.07248834911427932,0.007815409039879317,-0.10727520516330562,0.10727520516330562,0.631578947368421,89
raw,tangential_speed_mean,raw__tangential_speed_mean,19,1471,-0.05742169420452782,-0.01870262184761201,0.10541733089192484,0.10541733089192484,0.5263157894736842,89
affine_pred,mean_speed,affine_pred__mean_speed,19,1471,0.053110638885590866,0.09397440603455254,0.10458574752430949,0.10458574752430949,0.5263157894736842,89
affine_pred,tangential_speed_mean,affine_pred__tangential_speed_mean,19,1471,0.12456214324485808,0.0588960338072384,0.10019826678292271,0.10019826678292271,0.631578947368421,89
affine_resid,velocity_cov_trace,affine_resid__velocity_cov_trace,19,1471,-0.022617132591138844,-0.07452842862947018,0.08443156327881673,0.08443156327881673,0.5789473684210527,89
affine_resid,mean_speed,affine_resid__mean_speed,19,1471,-0.04936564910359394,-0.11937965972619416,0.07539090759371897,0.07539090759371897,0.5789473684210527,89
affine_pred,speed_rms,affine_pred__speed_rms,19,1471,0.026495234110640836,0.01512350640126664,0.03432480145168393,0.03432480145168393,0.5789473684210527,89
raw,mean_speed,raw__mean_speed,19,1471,-0.004577026189122216,-0.014042585993843781,-0.011493137574213039,0.011493137574213039,0.5263157894736842,89
raw,speed_rms,raw__speed_rms,19,1471,0.05688044786077129,-0.0654660781668112,0.3030333183335213,0.3030333183335213,0.7894736842105263,90
raw,mean_speed,raw__mean_speed,19,1471,0.032460909233011204,-0.02225253164556973,0.25300467244911146,0.25300467244911146,0.631578947368421,90
raw,velocity_cov_trace,raw__velocity_cov_trace,19,1471,0.0745937618920212,-0.14304360103420682,0.2330290379555327,0.2330290379555327,0.7894736842105263,90
affine_resid,velocity_cov_trace,affine_resid__velocity_cov_trace,19,1471,0.030097666578243573,-0.031974378982554785,0.19612211721674924,0.19612211721674924,0.631578947368421,90
affine_resid,speed_rms,affine_resid__speed_rms,19,1471,0.0055286113372111645,-0.03384950604576431,0.17381770017662806,0.17381770017662806,0.631578947368421,90
affine_resid,mean_speed,affine_resid__mean_speed,19,1471,0.11287921682823525,-0.03019800325665667,0.1664801394060826,0.1664801394060826,0.631578947368421,90
raw,tangential_speed_mean,raw__tangential_speed_mean,19,1471,0.04473328211300212,0.051118038286294354,-0.1037530275330047,0.1037530275330047,0.5789473684210527,90
affine_pred,mean_speed,affine_pred__mean_speed,19,1471,-0.05347114159822097,-0.12978614808017497,0.09756563862906631,0.09756563862906631,0.5263157894736842,90
affine_pred,speed_rms,affine_pred__speed_rms,19,1471,-0.04966291900620298,-0.06841743689450008,0.07958806667946566,0.07958806667946566,0.5789473684210527,90
affine_pred,velocity_cov_trace,affine_pred__velocity_cov_trace,19,1471,-0.058169221045385466,-0.07598513860174756,-0.07190385253923781,0.07190385253923781,0.5789473684210527,90
affine_pred,tangential_speed_mean,affine_pred__tangential_speed_mean,19,1471,-0.1134071747527049,-0.08715754919842914,-0.06646024559454067,0.06646024559454067,0.631578947368421,90
affine_resid,tangential_speed_mean,affine_resid__tangential_speed_mean,19,1471,-0.014214557406954875,-0.052482556512796104,0.03145065362932237,0.03145065362932237,0.5789473684210527,90
affine_pred,speed_rms,affine_pred__speed_rms,19,1470,-0.03890025607951131,0.07254271849971727,-0.18352458634934943,0.18352458634934943,0.5789473684210527,91
affine_resid,velocity_cov_trace,affine_resid__velocity_cov_trace,19,1470,-0.06124959946231434,0.003306386837152786,-0.15818338239180996,0.15818338239180996,0.631578947368421,91
affine_resid,speed_rms,affine_resid__speed_rms,19,1470,-0.06937957883676124,0.0737589163096849,-0.15124504495679944,0.15124504495679944,0.631578947368421,91
raw,velocity_cov_trace,raw__velocity_cov_trace,19,1470,-0.022111354749443698,-0.004889918253236009,-0.14063072858797365,0.14063072858797365,0.631578947368421,91
affine_pred,velocity_cov_trace,affine_pred__velocity_cov_trace,19,1470,-0.028178326173317197,0.04616212805767361,-0.13047590229344264,0.13047590229344264,0.631578947368421,91
raw,mean_speed,raw__mean_speed,19,1470,-0.030275489783999132,-0.06470360809665658,0.10359129527348154,0.10359129527348154,0.5789473684210527,91
affine_resid,mean_speed,affine_resid__mean_speed,19,1470,0.09188405319802623,0.04770954922486163,0.10346340551032845,0.10346340551032845,0.631578947368421,91
affine_pred,mean_speed,affine_pred__mean_speed,19,1470,-0.009895243642526162,0.06628851758586764,-0.08028672799053496,0.08028672799053496,0.631578947368421,91
raw,speed_rms,raw__speed_rms,19,1470,0.06674626990657834,-0.020864437237162414,-0.0622116804293108,0.0622116804293108,0.5263157894736842,91
raw,tangential_speed_mean,raw__tangential_speed_mean,19,1470,-0.07167301715028644,-0.0175823149511094,-0.05409070219917704,0.05409070219917704,0.5789473684210527,91
affine_pred,tangential_speed_mean,affine_pred__tangential_speed_mean,19,1470,0.05808800050095486,0.03904685636639088,-0.010475676713450732,0.010475676713450732,0.5263157894736842,91
affine_resid,tangential_speed_mean,affine_resid__tangential_speed_mean,19,1470,0.03504898085713623,-0.03302073084999326,-0.00229568612424913,0.00229568612424913,0.5263157894736842,91
affine_resid,mean_speed,affine_resid__mean_speed,19,1471,0.16994627424240438,-0.06374108049586408,0.24191896190015336,0.24191896190015336,0.631578947368421,92
raw,speed_rms,raw__speed_rms,19,1471,0.16903152323371362,0.04334776257053305,0.15389240281356367,0.15389240281356367,0.631578947368421,92
raw,mean_speed,raw__mean_speed,19,1471,0.09300323659592538,0.035036353142334276,0.1218366305608754,0.1218366305608754,0.5789473684210527,92
affine_pred,mean_speed,affine_pred__mean_speed,19,1471,0.003593400219293552,0.11337992849485257,-0.1168687745773482,0.1168687745773482,0.5789473684210527,92
affine_resid,speed_rms,affine_resid__speed_rms,19,1471,0.08007633180172456,-0.056887575281777666,0.10673758252827975,0.10673758252827975,0.631578947368421,92
raw,velocity_cov_trace,raw__velocity_cov_trace,19,1471,0.10269259518402227,0.0666548755355929,0.1044274384339533,0.1044274384339533,0.5263157894736842,92
affine_pred,tangential_speed_mean,affine_pred__tangential_speed_mean,19,1471,0.046110083149902614,0.08927169100182238,-0.08935443860882095,0.08935443860882095,0.631578947368421,92
affine_pred,speed_rms,affine_pred__speed_rms,19,1471,0.023677796578694732,0.06142222422115884,-0.0834376600531837,0.0834376600531837,0.631578947368421,92
affine_resid,velocity_cov_trace,affine_resid__velocity_cov_trace,19,1471,0.07322201921714225,-0.043203698732780293,0.07661588123018293,0.07661588123018293,0.631578947368421,92
raw,tangential_speed_mean,raw__tangential_speed_mean,19,1471,0.10706776838635568,0.08547477070721621,-0.02677554617076322,0.02677554617076322,0.5789473684210527,92
affine_resid,tangential_speed_mean,affine_resid__tangential_speed_mean,19,1471,0.07513318096344879,0.011804171431976741,0.01725628540731919,0.01725628540731919,0.5263157894736842,92
affine_pred,velocity_cov_trace,affine_pred__velocity_cov_trace,19,1471,-0.02623591671707326,0.12858650763157395,0.010600436174787148,0.010600436174787148,0.5263157894736842,92
raw,mean_speed,raw__mean_speed,19,1471,-0.06894432748874085,0.03353008691645845,-0.13875545294354205,0.13875545294354205,0.6842105263157895,93
affine_pred,velocity_cov_trace,affine_pred__velocity_cov_trace,19,1471,0.0016049926946060666,0.09178831853115957,-0.1152053619386273,0.1152053619386273,0.7368421052631579,93
affine_resid,tangential_speed_mean,affine_resid__tangential_speed_mean,19,1471,-0.00040168138420579313,-0.1455059809040282,-0.090339325871723,0.090339325871723,0.5789473684210527,93
raw,speed_rms,raw__speed_rms,19,1471,-0.04451878975072726,0.07958313938315784,-0.08000225911822686,0.08000225911822686,0.631578947368421,93
affine_resid,velocity_cov_trace,affine_resid__velocity_cov_trace,19,1471,-0.0435149305405752,0.07149433827391571,-0.0681717440201316,0.0681717440201316,0.631578947368421,93
affine_resid,speed_rms,affine_resid__speed_rms,19,1471,-0.05459663811432214,0.04730752125918941,-0.05852210856791745,0.05852210856791745,0.631578947368421,93
affine_pred,tangential_speed_mean,affine_pred__tangential_speed_mean,19,1471,0.046110083149902614,0.07721864268030336,-0.04143264217003464,0.04143264217003464,0.5789473684210527,93
affine_resid,mean_speed,affine_resid__mean_speed,19,1471,-0.008731771533248889,0.05726859722674077,0.03111458261067404,0.03111458261067404,0.5263157894736842,93
raw,velocity_cov_trace,raw__velocity_cov_trace,19,1471,-0.01163102607070797,0.05238946301924963,-0.030679175869540998,0.030679175869540998,0.5263157894736842,93
affine_pred,mean_speed,affine_pred__mean_speed,19,1471,0.07640939963067711,-0.005118488584770316,0.022198392141578288,0.022198392141578288,0.631578947368421,93
raw,tangential_speed_mean,raw__tangential_speed_mean,19,1471,-0.037472515465508074,-0.005770660488017693,0.021897845037188945,0.021897845037188945,0.5263157894736842,93
affine_pred,speed_rms,affine_pred__speed_rms,19,1471,0.05917828218630625,-0.015757699555862203,-0.019761826889558576,0.019761826889558576,0.5263157894736842,93
affine_pred,speed_rms,affine_pred__speed_rms,19,1471,-0.10453783347649198,0.05209572111814853,-0.1810057251056732,0.1810057251056732,0.7894736842105263,94
affine_pred,tangential_speed_mean,affine_pred__tangential_speed_mean,19,1471,-0.02329182071082392,0.08778805321920594,-0.130647993693049,0.130647993693049,0.631578947368421,94
affine_pred,mean_speed,affine_pred__mean_speed,19,1471,-0.04660809209682769,0.05029403460159898,-0.1018377656826579,0.1018377656826579,0.6842105263157895,94
affine_resid,mean_speed,affine_resid__mean_speed,19,1471,-0.09639881671967143,-0.12285506513002908,0.09772288389945089,0.09772288389945089,0.5789473684210527,94
affine_pred,velocity_cov_trace,affine_pred__velocity_cov_trace,19,1471,0.03658828939756764,-0.04328474988245398,-0.07371648107501572,0.07371648107501572,0.631578947368421,94
raw,velocity_cov_trace,raw__velocity_cov_trace,19,1471,-0.0709186642348209,-0.10584160407190013,0.059670301537542436,0.059670301537542436,0.5263157894736842,94
affine_resid,tangential_speed_mean,affine_resid__tangential_speed_mean,19,1471,-0.047993406879824146,-0.17807670349804505,-0.040220209140055946,0.040220209140055946,0.5263157894736842,94
raw,tangential_speed_mean,raw__tangential_speed_mean,19,1471,-0.06079057806205679,-0.14277276541463046,0.03703267442819791,0.03703267442819791,0.5263157894736842,94
raw,speed_rms,raw__speed_rms,19,1471,-0.030503221598362884,-0.14520181283093725,0.029446031770358316,0.029446031770358316,0.5789473684210527,94
affine_resid,velocity_cov_trace,affine_resid__velocity_cov_trace,19,1471,-0.08372188312064716,-0.08245352947494533,0.01780696404948484,0.01780696404948484,0.5263157894736842,94
raw,mean_speed,raw__mean_speed,19,1471,-0.04894352645566316,-0.062088243330155224,0.014949092198028258,0.014949092198028258,0.5789473684210527,94
affine_resid,speed_rms,affine_resid__speed_rms,19,1471,-0.08818325630368262,-0.14894726819412613,-0.0006305014713821055,0.0006305014713821055,0.5263157894736842,94
affine_resid,tangential_speed_mean,affine_resid__tangential_speed_mean,19,1471,0.08838788253401073,-0.04134277873382235,0.16856284253753018,0.16856284253753018,0.7368421052631579,95
raw,velocity_cov_trace,raw__velocity_cov_trace,19,1471,-0.11689515277377116,0.010897626308163988,-0.06522860825233726,0.06522860825233726,0.631578947368421,95
affine_pred,mean_speed,affine_pred__mean_speed,19,1471,0.05031752697382652,-0.05264555859760842,0.05809484558963535,0.05809484558963535,0.5789473684210527,95
affine_pred,velocity_cov_trace,affine_pred__velocity_cov_trace,19,1471,-0.01605196993061278,-0.04033587001959904,0.04705231121773512,0.04705231121773512,0.5789473684210527,95
affine_pred,speed_rms,affine_pred__speed_rms,19,1471,-0.027461220734293912,-0.020679895844474258,-0.04585686959572578,0.04585686959572578,0.5789473684210527,95
affine_resid,speed_rms,affine_resid__speed_rms,19,1471,0.021078818881745176,0.006453704605770369,-0.03884507217023682,0.03884507217023682,0.631578947368421,95
affine_resid,velocity_cov_trace,affine_resid__velocity_cov_trace,19,1471,0.03187025608718623,0.007218673267141679,-0.03404331854208731,0.03404331854208731,0.631578947368421,95
raw,speed_rms,raw__speed_rms,19,1471,-0.071133215361711,0.06461156872792209,-0.025329324234073802,0.025329324234073802,0.5789473684210527,95
affine_pred,tangential_speed_mean,affine_pred__tangential_speed_mean,19,1471,-0.011058373957533674,-0.023014135735444738,-0.025167230480358946,0.025167230480358946,0.5789473684210527,95
affine_resid,mean_speed,affine_resid__mean_speed,19,1471,-0.018592022274657283,-0.06149022358929082,0.02070888171308194,0.02070888171308194,0.5263157894736842,95
raw,tangential_speed_mean,raw__tangential_speed_mean,19,1471,0.11432279036077342,0.14608374105992514,0.016717524000706113,0.016717524000706113,0.5789473684210527,95
raw,mean_speed,raw__mean_speed,19,1471,-0.01957756491664764,0.010832628940403016,0.008898695582918448,0.008898695582918448,0.5263157894736842,95
affine_resid,mean_speed,affine_resid__mean_speed,19,1471,0.004217161184072629,0.015979239488649655,-0.1158479844745649,0.1158479844745649,0.631578947368421,96
affine_resid,velocity_cov_trace,affine_resid__velocity_cov_trace,19,1471,-0.008463994211769237,0.05689782019679458,-0.11105719468207492,0.11105719468207492,0.631578947368421,96
affine_resid,speed_rms,affine_resid__speed_rms,19,1471,-0.00917870101041074,0.07163111364857962,-0.09822061913997109,0.09822061913997109,0.5789473684210527,96
affine_resid,tangential_speed_mean,affine_resid__tangential_speed_mean,19,1471,0.05782990325895998,0.12953055222382256,-0.0881260475875984,0.0881260475875984,0.631578947368421,96
affine_pred,mean_speed,affine_pred__mean_speed,19,1471,-0.01803415279897752,0.04760233788740778,-0.059258975669504166,0.059258975669504166,0.5789473684210527,96
raw,tangential_speed_mean,raw__tangential_speed_mean,19,1471,0.07925032186325265,0.015579780503745477,0.04850099526081908,0.04850099526081908,0.5263157894736842,96
raw,velocity_cov_trace,raw__velocity_cov_trace,19,1471,0.03965591683025935,-0.025937627795620366,-0.0355120962287469,0.0355120962287469,0.631578947368421,96
affine_pred,velocity_cov_trace,affine_pred__velocity_cov_trace,19,1471,0.03547515204690316,-0.04619592539478945,-0.024119245819141877,0.024119245819141877,0.5263157894736842,96
affine_pred,speed_rms,affine_pred__speed_rms,19,1471,-0.03323097947286913,0.010630160228468584,0.016076442260026858,0.016076442260026858,0.5263157894736842,96
raw,speed_rms,raw__speed_rms,19,1471,0.038232308815885685,-0.007895344668435111,0.0141185133749539,0.0141185133749539,0.5263157894736842,96
raw,mean_speed,raw__mean_speed,19,1471,-0.03803483660724081,0.011794084120385628,-0.009177883039256263,0.009177883039256263,0.5263157894736842,96
affine_pred,tangential_speed_mean,affine_pred__tangential_speed_mean,19,1471,-0.020245316823156334,0.04681673646287385,0.003404865063336579,0.003404865063336579,0.5263157894736842,96
affine_pred,velocity_cov_trace,affine_pred__velocity_cov_trace,19,1471,0.06641006109378306,0.12036024941168336,-0.23858190582410832,0.23858190582410832,0.5789473684210527,97
affine_resid,tangential_speed_mean,affine_resid__tangential_speed_mean,19,1471,-0.038166857007720045,-0.050017222760809804,0.11820553530143088,0.11820553530143088,0.5263157894736842,97
affine_resid,velocity_cov_trace,affine_resid__velocity_cov_trace,19,1471,0.015064504292468736,-0.08042583780861669,0.11206288460461128,0.11206288460461128,0.631578947368421,97
affine_resid,speed_rms,affine_resid__speed_rms,19,1471,0.02033777994586461,-0.08055333750798557,0.1068656449152682,0.1068656449152682,0.6842105263157895,97
raw,tangential_speed_mean,raw__tangential_speed_mean,19,1471,0.05148246019160174,-0.01288952749332678,0.09295508685605336,0.09295508685605336,0.5263157894736842,97
affine_pred,mean_speed,affine_pred__mean_speed,19,1471,0.10576174030893531,0.024608634430482113,-0.08767084137527228,0.08767084137527228,0.5263157894736842,97
raw,speed_rms,raw__speed_rms,19,1471,0.13017342102230492,0.04525584691635465,0.03961074353268962,0.03961074353268962,0.5263157894736842,97
affine_pred,tangential_speed_mean,affine_pred__tangential_speed_mean,19,1471,0.05751365371696705,0.005684368654539862,-0.030781003086619685,0.030781003086619685,0.5263157894736842,97
raw,mean_speed,raw__mean_speed,19,1471,0.09891105708009848,-0.016582822734347906,0.026490721321641986,0.026490721321641986,0.5263157894736842,97
raw,velocity_cov_trace,raw__velocity_cov_trace,19,1471,0.09693430469222952,0.01780987080313229,-0.025761000102123205,0.025761000102123205,0.5263157894736842,97
affine_resid,mean_speed,affine_resid__mean_speed,19,1471,-0.029723363347015808,-0.014846084407848383,0.0255196036029553,0.0255196036029553,0.5263157894736842,97
affine_pred,speed_rms,affine_pred__speed_rms,19,1471,0.16347635915436062,0.10620576134440957,0.01233116284001197,0.01233116284001197,0.5263157894736842,97
affine_pred,tangential_speed_mean,affine_pred__tangential_speed_mean,19,1470,-0.024284093612473353,0.09356420064454946,-0.12992054785239238,0.12992054785239238,0.631578947368421,98
raw,speed_rms,raw__speed_rms,19,1470,-0.05586389662849023,0.0449335179068798,-0.12153573933703898,0.12153573933703898,0.631578947368421,98
raw,mean_speed,raw__mean_speed,19,1470,-0.06337964574671878,-0.06267588535889293,-0.11465732301773679,0.11465732301773679,0.5263157894736842,98
affine_pred,velocity_cov_trace,affine_pred__velocity_cov_trace,19,1470,0.0012971538126235194,0.05261704376813169,-0.07547106489387254,0.07547106489387254,0.631578947368421,98
raw,tangential_speed_mean,raw__tangential_speed_mean,19,1470,-0.029487362490780156,-0.08290887078705089,0.046584282590867276,0.046584282590867276,0.5263157894736842,98
affine_resid,tangential_speed_mean,affine_resid__tangential_speed_mean,19,1470,-0.037598222478828235,-0.04237660608421667,0.036027957455098895,0.036027957455098895,0.5789473684210527,98
affine_pred,speed_rms,affine_pred__speed_rms,19,1470,-0.049777307008512156,-0.019479096001708995,0.030880750621089137,0.030880750621089137,0.5263157894736842,98
affine_pred,mean_speed,affine_pred__mean_speed,19,1470,-0.0491267244620503,0.03117341618608739,-0.029622081194328756,0.029622081194328756,0.5263157894736842,98
raw,velocity_cov_trace,raw__velocity_cov_trace,19,1470,0.0005883478041929235,-0.00449915003956497,-0.029539897016696792,0.029539897016696792,0.5789473684210527,98
affine_resid,speed_rms,affine_resid__speed_rms,19,1470,-0.03985581657044934,-0.04557538181914067,0.027496597574578424,0.027496597574578424,0.5263157894736842,98
affine_resid,mean_speed,affine_resid__mean_speed,19,1470,-0.07678784276032188,-0.040771677783375926,0.012483196848068034,0.012483196848068034,0.5263157894736842,98
affine_resid,velocity_cov_trace,affine_resid__velocity_cov_trace,19,1470,-0.0533633804629885,-0.025753987174559956,0.003302640349263475,0.003302640349263475,0.5263157894736842,98
raw,velocity_cov_trace,raw__velocity_cov_trace,19,1471,0.003172842537165488,0.03175740922326821,0.18477560109720548,0.18477560109720548,0.5789473684210527,99
affine_pred,mean_speed,affine_pred__mean_speed,19,1471,0.016752497127217783,-0.0903352889212902,0.15091449790840206,0.15091449790840206,0.7368421052631579,99
raw,speed_rms,raw__speed_rms,19,1471,-0.031894490631772965,0.019239279907748777,0.14093359117363757,0.14093359117363757,0.5789473684210527,99
affine_resid,tangential_speed_mean,affine_resid__tangential_speed_mean,19,1471,0.03566592304763115,0.02335012414584771,0.13527965816543308,0.13527965816543308,0.5789473684210527,99
affine_pred,speed_rms,affine_pred__speed_rms,19,1471,0.09711501794965952,-0.08103082647622158,0.12987395861408302,0.12987395861408302,0.7368421052631579,99
affine_pred,velocity_cov_trace,affine_pred__velocity_cov_trace,19,1471,0.05507590665625195,-0.03232755803332125,0.11227487994023219,0.11227487994023219,0.7368421052631579,99
affine_resid,mean_speed,affine_resid__mean_speed,19,1471,-0.003248008060558513,0.017061797345285845,0.08276967587012977,0.08276967587012977,0.5263157894736842,99
affine_pred,tangential_speed_mean,affine_pred__tangential_speed_mean,19,1471,0.10185345001138947,0.010445533236200386,0.0566318749092265,0.0566318749092265,0.5263157894736842,99
raw,mean_speed,raw__mean_speed,19,1471,-0.060883198239290254,-0.015357628615872643,-0.04436773582975512,0.04436773582975512,0.5263157894736842,99
raw,tangential_speed_mean,raw__tangential_speed_mean,19,1471,0.018830116680831677,0.02759246592291903,-0.01669464200182781,0.01669464200182781,0.5263157894736842,99
affine_resid,velocity_cov_trace,affine_resid__velocity_cov_trace,19,1471,0.04753148638009341,0.001973098065077006,-0.009613129070771859,0.009613129070771859,0.5263157894736842,99
affine_resid,speed_rms,affine_resid__speed_rms,19,1471,0.019962164897460388,0.05040749023164351,-0.0059890467916612344,0.0059890467916612344,0.5263157894736842,99
affine_resid,tangential_speed_mean,affine_resid__tangential_speed_mean,19,1471,0.10883074676996896,-0.09067616291843761,0.16553724949294538,0.16553724949294538,0.7368421052631579,100
raw,tangential_speed_mean,raw__tangential_speed_mean,19,1471,0.10286134040960299,-0.005348435462048273,0.12602942125164565,0.12602942125164565,0.631578947368421,100
affine_pred,velocity_cov_trace,affine_pred__velocity_cov_trace,19,1471,0.012733535726016543,0.05397402480651636,-0.12437347162636969,0.12437347162636969,0.631578947368421,100
affine_resid,speed_rms,affine_resid__speed_rms,19,1471,-0.03498493305534463,-0.06200358903415722,0.09174566939200512,0.09174566939200512,0.5263157894736842,100
affine_resid,velocity_cov_trace,affine_resid__velocity_cov_trace,19,1471,-0.062110403383135726,-0.04974674591786871,0.061075531120485846,0.061075531120485846,0.5263157894736842,100
affine_resid,mean_speed,affine_resid__mean_speed,19,1471,0.01774513549577106,-0.06020728423112909,0.04776558570531575,0.04776558570531575,0.631578947368421,100
raw,speed_rms,raw__speed_rms,19,1471,0.020952308483803805,0.01366953619597594,0.03955523218957735,0.03955523218957735,0.631578947368421,100
raw,velocity_cov_trace,raw__velocity_cov_trace,19,1471,0.026299556545014327,-0.03679996718018865,0.03564673032097748,0.03564673032097748,0.5789473684210527,100
affine_pred,mean_speed,affine_pred__mean_speed,19,1471,-0.010576300817323692,0.04639976562925879,0.023519200454215135,0.023519200454215135,0.5263157894736842,100
affine_pred,speed_rms,affine_pred__speed_rms,19,1471,-0.0627572223383259,0.11055537634384403,-0.018872218718268025,0.018872218718268025,0.5263157894736842,100
affine_pred,tangential_speed_mean,affine_pred__tangential_speed_mean,19,1471,-0.07104239870732952,0.022378523761540925,0.008546523737449699,0.008546523737449699,0.5263157894736842,100
raw,mean_speed,raw__mean_speed,19,1471,0.03255243275269759,-0.11282412438468797,0.003745670506220794,0.003745670506220794,0.5263157894736842,100
affine_resid,velocity_cov_trace,affine_resid__velocity_cov_trace,19,1471,0.08773066120627049,-0.17237059396227805,0.24083838558973747,0.24083838558973747,0.6842105263157895,101
affine_resid,speed_rms,affine_resid__speed_rms,19,1471,0.09717484725999653,-0.16116793799318513,0.21848525620432907,0.21848525620432907,0.7368421052631579,101
affine_resid,mean_speed,affine_resid__mean_speed,19,1471,0.07045115251628961,-0.14094770427558784,0.1890630702504036,0.1890630702504036,0.7368421052631579,101
affine_resid,tangential_speed_mean,affine_resid__tangential_speed_mean,19,1471,-0.0018719243699898414,-0.1042908573311514,0.18319224229972833,0.18319224229972833,0.6842105263157895,101
affine_pred,speed_rms,affine_pred__speed_rms,19,1471,-0.16009139124676358,0.02549020326580581,-0.1734766924795459,0.1734766924795459,0.7368421052631579,101
raw,tangential_speed_mean,raw__tangential_speed_mean,19,1471,-0.013742446079960849,-0.14899071025291954,0.16833002128765867,0.16833002128765867,0.6842105263157895,101
raw,velocity_cov_trace,raw__velocity_cov_trace,19,1471,-0.021955825570548093,-0.16377791303806677,0.14182208746751868,0.14182208746751868,0.631578947368421,101
affine_pred,mean_speed,affine_pred__mean_speed,19,1471,-0.09180428138817154,0.06317542988417602,-0.14092052191523152,0.14092052191523152,0.631578947368421,101
raw,mean_speed,raw__mean_speed,19,1471,-0.05354946932902628,-0.11734071857163964,0.12504744691393954,0.12504744691393954,0.5263157894736842,101
affine_pred,tangential_speed_mean,affine_pred__tangential_speed_mean,19,1471,-0.020005294935422357,-0.0032812530417749286,-0.09732429559242475,0.09732429559242475,0.631578947368421,101
raw,speed_rms,raw__speed_rms,19,1471,-0.019021835028006695,-0.13916304296473203,0.08450046699339073,0.08450046699339073,0.5789473684210527,101
affine_pred,velocity_cov_trace,affine_pred__velocity_cov_trace,19,1471,-0.08572688787149024,0.021952331945662498,-0.04770941629348127,0.04770941629348127,0.5789473684210527,101
affine_pred,velocity_cov_trace,affine_pred__velocity_cov_trace,19,1470,-0.06598421684039618,0.004377780713265528,-0.1725657875976315,0.1725657875976315,0.7894736842105263,102
affine_pred,tangential_speed_mean,affine_pred__tangential_speed_mean,19,1470,-0.008763855428629397,0.08847423886960494,-0.15273145784004294,0.15273145784004294,0.631578947368421,102
affine_pred,speed_rms,affine_pred__speed_rms,19,1470,-0.07618420439254087,0.03878213735964672,-0.13466585304957984,0.13466585304957984,0.6842105263157895,102
affine_pred,mean_speed,affine_pred__mean_speed,19,1470,-0.1059299209650782,0.033915698655237414,-0.0954831044505332,0.0954831044505332,0.5789473684210527,102
affine_resid,tangential_speed_mean,affine_resid__tangential_speed_mean,19,1470,0.013208779815297,-0.10155236682297053,0.0845908690832417,0.0845908690832417,0.5263157894736842,102
raw,speed_rms,raw__speed_rms,19,1470,0.0721026785502683,0.0018491199321541418,0.07280607077375045,0.07280607077375045,0.5789473684210527,102
raw,tangential_speed_mean,raw__tangential_speed_mean,19,1470,-0.03697699988732853,-0.08990368146480149,0.05097296455810524,0.05097296455810524,0.631578947368421,102
affine_resid,velocity_cov_trace,affine_resid__velocity_cov_trace,19,1470,-0.02423072974430146,0.04637115365222999,-0.023352818735178416,0.023352818735178416,0.5789473684210527,102
affine_resid,speed_rms,affine_resid__speed_rms,19,1470,-0.03420118551763665,0.00898023379984636,-0.017932187526647547,0.017932187526647547,0.5789473684210527,102
raw,velocity_cov_trace,raw__velocity_cov_trace,19,1470,-0.020517311326875814,0.011181926439696399,0.011022888044017354,0.011022888044017354,0.5263157894736842,102
affine_resid,mean_speed,affine_resid__mean_speed,19,1470,-9.89540231655095e-05,-0.037214348531969615,0.009738755869909826,0.009738755869909826,0.5263157894736842,102
raw,mean_speed,raw__mean_speed,19,1470,0.0137090601313693,-0.060333370592589225,-0.0005750971248012909,0.0005750971248012909,0.5263157894736842,102
raw,mean_speed,raw__mean_speed,19,1469,-0.10526880630981006,0.03684543994819768,-0.11862539009980205,0.11862539009980205,0.631578947368421,103
affine_resid,tangential_speed_mean,affine_resid__tangential_speed_mean,19,1469,0.07331031631065632,-0.04773013773735571,0.0981788482684202,0.0981788482684202,0.5263157894736842,103
raw,velocity_cov_trace,raw__velocity_cov_trace,19,1469,0.012864117952977816,0.01957796366612896,-0.0870787879035878,0.0870787879035878,0.5789473684210527,103
raw,tangential_speed_mean,raw__tangential_speed_mean,19,1469,0.10976569864649943,-0.009204178394264129,0.08587985176519367,0.08587985176519367,0.631578947368421,103
affine_pred,speed_rms,affine_pred__speed_rms,19,1469,-0.11808780072063037,0.03338770112291129,-0.08560433084062863,0.08560433084062863,0.5789473684210527,103
affine_pred,tangential_speed_mean,affine_pred__tangential_speed_mean,19,1469,-0.12143781892319265,-0.03518852734135569,-0.07476240558384462,0.07476240558384462,0.5263157894736842,103
affine_resid,mean_speed,affine_resid__mean_speed,19,1469,-0.014480172915870781,0.018047181285447293,-0.06450805536089857,0.06450805536089857,0.631578947368421,103
affine_pred,velocity_cov_trace,affine_pred__velocity_cov_trace,19,1469,-0.02917291922676662,0.037055767461959044,-0.06166777021720271,0.06166777021720271,0.631578947368421,103
raw,speed_rms,raw__speed_rms,19,1469,-0.013936780245333596,-0.008154806700740251,-0.011186201253823722,0.011186201253823722,0.5263157894736842,103
affine_pred,mean_speed,affine_pred__mean_speed,19,1469,-0.07463596411520762,0.019059785178701053,0.006757790797311036,0.006757790797311036,0.5263157894736842,103
affine_resid,speed_rms,affine_resid__speed_rms,19,1469,0.01053734899835036,0.04383176149857472,0.005558034469602374,0.005558034469602374,0.5263157894736842,103
affine_resid,velocity_cov_trace,affine_resid__velocity_cov_trace,19,1469,0.02460776188347047,0.04716295740692733,0.004981195897732188,0.004981195897732188,0.5263157894736842,103
raw,mean_speed,raw__mean_speed,19,1470,-0.0508277603609423,0.07507961837864079,-0.21707960384625333,0.21707960384625333,0.631578947368421,104
raw,tangential_speed_mean,raw__tangential_speed_mean,19,1470,-0.06426656046259731,0.19055980328995514,-0.20894417892953182,0.20894417892953182,0.7368421052631579,104
raw,speed_rms,raw__speed_rms,19,1470,-0.12950999651279585,0.04065193942393025,-0.2035551515147444,0.2035551515147444,0.5789473684210527,104
affine_resid,tangential_speed_mean,affine_resid__tangential_speed_mean,19,1470,-0.028140656171119105,0.10304059203757385,-0.17681868266991985,0.17681868266991985,0.631578947368421,104
raw,velocity_cov_trace,raw__velocity_cov_trace,19,1470,-0.04050836428361094,0.056283635372847196,-0.1545224576328964,0.1545224576328964,0.6842105263157895,104
affine_resid,speed_rms,affine_resid__speed_rms,19,1470,-0.027014810367355632,0.058070718120329635,-0.11298227193595267,0.11298227193595267,0.5789473684210527,104
affine_pred,mean_speed,affine_pred__mean_speed,19,1470,-0.016457898615270472,0.021307022638271722,-0.10655099767600595,0.10655099767600595,0.5789473684210527,104
affine_pred,speed_rms,affine_pred__speed_rms,19,1470,0.020798491378765882,-0.027182913264685138,-0.08411286436847593,0.08411286436847593,0.5789473684210527,104
affine_pred,tangential_speed_mean,affine_pred__tangential_speed_mean,19,1470,0.010357028975440767,-0.019466080997288727,-0.07747015915398067,0.07747015915398067,0.5263157894736842,104
affine_resid,velocity_cov_trace,affine_resid__velocity_cov_trace,19,1470,0.016977898634689292,0.060310162101520126,-0.0368658594516091,0.0368658594516091,0.5789473684210527,104
affine_pred,velocity_cov_trace,affine_pred__velocity_cov_trace,19,1470,0.014510399796717074,0.0479211762896022,-0.010802805695516365,0.010802805695516365,0.5263157894736842,104
affine_resid,mean_speed,affine_resid__mean_speed,19,1470,0.05714973574962352,0.07734956136998994,-0.0009929790222097945,0.0009929790222097945,0.5263157894736842,104
affine_resid,velocity_cov_trace,affine_resid__velocity_cov_trace,19,1470,-0.05361609129370931,-0.11223562212572277,0.17757654935152,0.17757654935152,0.631578947368421,105
affine_resid,speed_rms,affine_resid__speed_rms,19,1470,-0.028811942027395093,-0.07303060843400438,0.14120108773438764,0.14120108773438764,0.6842105263157895,105
affine_resid,mean_speed,affine_resid__mean_speed,19,1470,-0.03324523250460151,-0.09608055923830619,0.13572571806160927,0.13572571806160927,0.5263157894736842,105
affine_pred,speed_rms,affine_pred__speed_rms,19,1470,-0.034676727650678085,0.037777746219916114,-0.13421890600577924,0.13421890600577924,0.6842105263157895,105
affine_resid,tangential_speed_mean,affine_resid__tangential_speed_mean,19,1470,0.047022924232477184,-0.07559682843092422,0.08481492142571756,0.08481492142571756,0.631578947368421,105
raw,speed_rms,raw__speed_rms,19,1470,-0.003440794696244762,-0.1250852311573492,-0.0791684685667802,0.0791684685667802,0.5789473684210527,105
affine_pred,tangential_speed_mean,affine_pred__tangential_speed_mean,19,1470,-0.09699617113638527,0.04294723541189007,-0.05925581550589218,0.05925581550589218,0.6842105263157895,105
affine_pred,velocity_cov_trace,affine_pred__velocity_cov_trace,19,1470,0.007931546881179094,0.04414285481282732,-0.03420533238595225,0.03420533238595225,0.5789473684210527,105
raw,mean_speed,raw__mean_speed,19,1470,-0.0664501370419035,0.019387073427240137,-0.016614665696700476,0.016614665696700476,0.5789473684210527,105
affine_pred,mean_speed,affine_pred__mean_speed,19,1470,0.0005944485700216454,0.05230661674525165,0.01637542219892127,0.01637542219892127,0.5263157894736842,105
raw,velocity_cov_trace,raw__velocity_cov_trace,19,1470,-0.0330210594236695,-0.1286298314344977,0.01504301929708729,0.01504301929708729,0.5263157894736842,105
raw,tangential_speed_mean,raw__tangential_speed_mean,19,1470,-0.10748675145117459,-0.03678830391964003,0.0038288296369363845,0.0038288296369363845,0.5263157894736842,105
raw,speed_rms,raw__speed_rms,19,1469,-0.011295829062947016,0.11903131823260393,-0.22229181682596183,0.22229181682596183,0.5789473684210527,106
affine_pred,tangential_speed_mean,affine_pred__tangential_speed_mean,19,1469,0.09694130089591388,0.03020875578476373,0.1717955772198609,0.1717955772198609,0.6842105263157895,106
affine_pred,velocity_cov_trace,affine_pred__velocity_cov_trace,19,1469,0.10586027008974697,0.05798534340393208,0.16233112378327802,0.16233112378327802,0.631578947368421,106
affine_pred,speed_rms,affine_pred__speed_rms,19,1469,0.1255557052550002,0.06954717651621778,0.11296669896003858,0.11296669896003858,0.5263157894736842,106
raw,mean_speed,raw__mean_speed,19,1469,-0.020034295797665608,0.01411679922417236,-0.10393857998587587,0.10393857998587587,0.6842105263157895,106
raw,velocity_cov_trace,raw__velocity_cov_trace,19,1469,-0.08489468140369374,0.0021897089379818713,-0.10146568597855235,0.10146568597855235,0.5789473684210527,106
affine_resid,velocity_cov_trace,affine_resid__velocity_cov_trace,19,1469,-0.002755764657888876,0.08490054295000639,-0.08615278344241933,0.08615278344241933,0.6842105263157895,106
affine_resid,mean_speed,affine_resid__mean_speed,19,1469,-0.044316020423453395,0.05807322587213326,-0.06944039376013444,0.06944039376013444,0.631578947368421,106
affine_pred,mean_speed,affine_pred__mean_speed,19,1469,0.1089304942166095,0.017184661169190728,0.06829696801998653,0.06829696801998653,0.5263157894736842,106
affine_resid,speed_rms,affine_resid__speed_rms,19,1469,0.012405659636515173,0.11205800637289931,-0.06439012526390259,0.06439012526390259,0.7368421052631579,106
raw,tangential_speed_mean,raw__tangential_speed_mean,19,1469,-0.03362826340337732,0.04538938049661623,-0.038099116094327354,0.038099116094327354,0.631578947368421,106
affine_resid,tangential_speed_mean,affine_resid__tangential_speed_mean,19,1469,0.040394346276222855,-0.023455549407906687,-0.012294208408553983,0.012294208408553983,0.5263157894736842,106
affine_resid,mean_speed,affine_resid__mean_speed,19,1471,0.009238254660439482,-0.15909630866417923,0.09005788208850864,0.09005788208850864,0.5789473684210527,107
raw,mean_speed,raw__mean_speed,19,1471,-0.011981056184010096,-0.07564898926077324,-0.06730607827569551,0.06730607827569551,0.5263157894736842,107
affine_pred,velocity_cov_trace,affine_pred__velocity_cov_trace,19,1471,-0.021776908381319904,-0.013619332993436872,0.05215756615428918,0.05215756615428918,0.5789473684210527,107
raw,tangential_speed_mean,raw__tangential_speed_mean,19,1471,0.14397865888595018,-0.05310529329302724,0.05204778440507696,0.05204778440507696,0.5789473684210527,107
raw,velocity_cov_trace,raw__velocity_cov_trace,19,1471,-0.024855090269824243,-0.03065219094265259,-0.03654279640892194,0.03654279640892194,0.5263157894736842,107
affine_resid,tangential_speed_mean,affine_resid__tangential_speed_mean,19,1471,0.046193434018202306,-0.0287231956267876,0.026913389405611388,0.026913389405611388,0.5789473684210527,107
affine_pred,speed_rms,affine_pred__speed_rms,19,1471,0.032332163763036936,0.04916045666205325,0.022805800896384537,0.022805800896384537,0.5263157894736842,107
affine_resid,speed_rms,affine_resid__speed_rms,19,1471,-0.07498117062574594,-0.02985109869835352,-0.021021830118323037,0.021021830118323037,0.5263157894736842,107
affine_pred,mean_speed,affine_pred__mean_speed,19,1471,0.011716676400056303,-0.026626453469466467,-0.018529795831511264,0.018529795831511264,0.5263157894736842,107
affine_resid,velocity_cov_trace,affine_resid__velocity_cov_trace,19,1471,-0.04926267180066582,-0.01768833654567817,-0.010516192738393437,0.010516192738393437,0.5263157894736842,107
raw,speed_rms,raw__speed_rms,19,1471,-0.06449588810222484,-0.046427634948970065,0.0010812963259952471,0.0010812963259952471,0.5263157894736842,107
affine_pred,tangential_speed_mean,affine_pred__tangential_speed_mean,19,1471,-0.041879104631725145,-0.032850837629432694,-0.0010251181138647078,0.0010251181138647078,0.5263157894736842,107
raw,speed_rms,raw__speed_rms,19,1471,-0.09889186623203905,0.009630726063989958,-0.25017711529319553,0.25017711529319553,0.631578947368421,108
raw,mean_speed,raw__mean_speed,19,1471,-0.0778976709333894,-0.027751709276818207,-0.1559038508076681,0.1559038508076681,0.631578947368421,108
affine_resid,velocity_cov_trace,affine_resid__velocity_cov_trace,19,1471,0.004571174054853161,0.05498234255581215,-0.11974514238797414,0.11974514238797414,0.5789473684210527,108
affine_resid,speed_rms,affine_resid__speed_rms,19,1471,0.0033614379425960794,0.06843752147481202,-0.09482385305448099,0.09482385305448099,0.631578947368421,108
affine_pred,mean_speed,affine_pred__mean_speed,19,1471,0.01485635744013869,-0.034121862830396976,0.08202301303000131,0.08202301303000131,0.5789473684210527,108
affine_pred,velocity_cov_trace,affine_pred__velocity_cov_trace,19,1471,0.007614273877224041,-0.04634934667500315,0.057380727287936306,0.057380727287936306,0.5789473684210527,108
raw,tangential_speed_mean,raw__tangential_speed_mean,19,1471,0.03960916186481106,-0.06671245319380528,0.048658208858079005,0.048658208858079005,0.5263157894736842,108
affine_pred,speed_rms,affine_pred__speed_rms,19,1471,0.12077194125569168,-0.04792163259167875,0.03439444005845814,0.03439444005845814,0.5263157894736842,108
affine_resid,mean_speed,affine_resid__mean_speed,19,1471,-0.019632313458895684,0.03642107526762328,0.026003961109690277,0.026003961109690277,0.5263157894736842,108
affine_resid,tangential_speed_mean,affine_resid__tangential_speed_mean,19,1471,0.007567292803663167,-0.016772891981595373,0.013506513842765383,0.013506513842765383,0.5263157894736842,108
raw,velocity_cov_trace,raw__velocity_cov_trace,19,1471,0.02541881112321459,-0.009423036026216795,0.008606307698695193,0.008606307698695193,0.5263157894736842,108
affine_pred,tangential_speed_mean,affine_pred__tangential_speed_mean,19,1471,-0.09270978926505319,0.03315120943702851,0.008097026784204653,0.008097026784204653,0.5263157894736842,108
affine_resid,velocity_cov_trace,affine_resid__velocity_cov_trace,19,1471,0.07100205711221225,-0.19474242445045548,0.2591133910839971,0.2591133910839971,0.631578947368421,109
affine_resid,speed_rms,affine_resid__speed_rms,19,1471,0.08798030026507375,-0.2020601694876171,0.2447882461164459,0.2447882461164459,0.631578947368421,109
affine_resid,mean_speed,affine_resid__mean_speed,19,1471,0.03005881576924674,-0.1958436433675085,0.23554244999419505,0.23554244999419505,0.631578947368421,109
raw,velocity_cov_trace,raw__velocity_cov_trace,19,1471,-0.015247737177419368,-0.09737716512038919,0.19414934294408714,0.19414934294408714,0.631578947368421,109
raw,speed_rms,raw__speed_rms,19,1471,0.09841601288750768,-0.1546338352962492,0.15518319220011545,0.15518319220011545,0.7894736842105263,109
affine_resid,tangential_speed_mean,affine_resid__tangential_speed_mean,19,1471,0.06506910953049422,-0.10653029663927863,0.15071311597588133,0.15071311597588133,0.7368421052631579,109
affine_pred,speed_rms,affine_pred__speed_rms,19,1471,0.04938135054434478,0.03977920954348502,-0.09306703900423413,0.09306703900423413,0.5789473684210527,109
affine_pred,mean_speed,affine_pred__mean_speed,19,1471,0.09010451144548359,0.05312263184240634,-0.07684334498621825,0.07684334498621825,0.5789473684210527,109
affine_pred,tangential_speed_mean,affine_pred__tangential_speed_mean,19,1471,0.08981201742224328,0.16127254548218672,-0.07012805047890813,0.07012805047890813,0.631578947368421,109
raw,mean_speed,raw__mean_speed,19,1471,0.06036847173868422,-0.051483456934098726,0.04979541646355934,0.04979541646355934,0.6842105263157895,109
raw,tangential_speed_mean,raw__tangential_speed_mean,19,1471,0.043673841155563276,-0.0390752849584442,0.048775508386033534,0.048775508386033534,0.6842105263157895,109
affine_pred,velocity_cov_trace,affine_pred__velocity_cov_trace,19,1471,0.0578736932356099,-0.08268500579609983,0.016702446736635124,0.016702446736635124,0.5263157894736842,109
affine_resid,tangential_speed_mean,affine_resid__tangential_speed_mean,19,1470,0.08292858046520768,-0.04897317966973562,0.1351368706325757,0.1351368706325757,0.6842105263157895,110
affine_pred,tangential_speed_mean,affine_pred__tangential_speed_mean,19,1470,0.005957183758534063,0.004307039556602207,-0.1339101845627268,0.1339101845627268,0.5263157894736842,110
raw,speed_rms,raw__speed_rms,19,1470,-0.08368242947062973,-0.035710634373936054,-0.09345427248369259,0.09345427248369259,0.5263157894736842,110
affine_pred,mean_speed,affine_pred__mean_speed,19,1470,-0.02059603876371945,0.011253966367719352,0.08324287644968636,0.08324287644968636,0.5263157894736842,110
affine_resid,mean_speed,affine_resid__mean_speed,19,1470,-0.005907204390146248,0.000513586268520716,0.05930691429398337,0.05930691429398337,0.631578947368421,110
affine_pred,velocity_cov_trace,affine_pred__velocity_cov_trace,19,1470,0.056261406010810006,-0.13133114426982506,0.04527992190023211,0.04527992190023211,0.5789473684210527,110
raw,mean_speed,raw__mean_speed,19,1470,-0.08805573848285211,-0.008682180392424133,0.04167992553832503,0.04167992553832503,0.5789473684210527,110
affine_resid,velocity_cov_trace,affine_resid__velocity_cov_trace,19,1470,0.006493199848984214,0.03956885797730891,-0.030427414090125393,0.030427414090125393,0.5263157894736842,110
raw,velocity_cov_trace,raw__velocity_cov_trace,19,1470,0.015078837833507996,0.025025508328648804,-0.026270628205223773,0.026270628205223773,0.5263157894736842,110
raw,tangential_speed_mean,raw__tangential_speed_mean,19,1470,-0.053963237645039686,0.007800078865413562,-0.01580626109018495,0.01580626109018495,0.5263157894736842,110
affine_pred,speed_rms,affine_pred__speed_rms,19,1470,-0.02363041274669897,-0.02060590478162186,0.012981459546249519,0.012981459546249519,0.5263157894736842,110
affine_resid,speed_rms,affine_resid__speed_rms,19,1470,0.013644870119608021,0.027106532526190247,-0.010758872962496363,0.010758872962496363,0.5789473684210527,110
raw,mean_speed,raw__mean_speed,19,1470,-0.1203702450552819,0.06462733025063908,-0.11826946458702771,0.11826946458702771,0.5789473684210527,111
affine_pred,speed_rms,affine_pred__speed_rms,19,1470,0.0921873345977323,0.0737043484561554,0.10973562093529254,0.10973562093529254,0.5263157894736842,111
affine_pred,velocity_cov_trace,affine_pred__velocity_cov_trace,19,1470,0.1089674867818627,0.03507771986724405,0.10601173722219753,0.10601173722219753,0.5789473684210527,111
affine_resid,mean_speed,affine_resid__mean_speed,19,1470,-0.06268833130697506,0.04113333146998707,-0.10227104698824344,0.10227104698824344,0.6842105263157895,111
affine_resid,tangential_speed_mean,affine_resid__tangential_speed_mean,19,1470,-0.09966885458445712,0.043245339113443276,-0.09903237194320616,0.09903237194320616,0.7368421052631579,111
raw,tangential_speed_mean,raw__tangential_speed_mean,19,1470,0.01720752846860195,-0.007940316880797466,-0.08992953670453692,0.08992953670453692,0.5789473684210527,111
affine_resid,speed_rms,affine_resid__speed_rms,19,1470,-0.01845325576699347,0.10600816060751578,-0.07695356692936756,0.07695356692936756,0.5789473684210527,111
raw,velocity_cov_trace,raw__velocity_cov_trace,19,1470,-0.07613105481115867,0.01286678920053097,-0.05549488035978323,0.05549488035978323,0.5789473684210527,111
affine_resid,velocity_cov_trace,affine_resid__velocity_cov_trace,19,1470,0.00038567451211746206,0.09988320969169366,-0.049258837081246454,0.049258837081246454,0.5789473684210527,111
affine_pred,tangential_speed_mean,affine_pred__tangential_speed_mean,19,1470,0.08730995041076084,0.08051389340767762,-0.02703100170095752,0.02703100170095752,0.5263157894736842,111
raw,speed_rms,raw__speed_rms,19,1470,-0.08624618675374876,-0.009172439013318351,-0.016347412976897707,0.016347412976897707,0.5263157894736842,111
affine_pred,mean_speed,affine_pred__mean_speed,19,1470,0.075152312919141,0.03431787609669423,0.005128730782058805,0.005128730782058805,0.5263157894736842,111
affine_resid,velocity_cov_trace,affine_resid__velocity_cov_trace,19,1470,-0.030518530058788934,0.11535832354292863,-0.22111727096379757,0.22111727096379757,0.5263157894736842,112
affine_resid,speed_rms,affine_resid__speed_rms,19,1470,-0.030291778800258018,0.09788197482884638,-0.14399055205629646,0.14399055205629646,0.5789473684210527,112
affine_resid,mean_speed,affine_resid__mean_speed,19,1470,0.04229801475456921,0.09755325128752881,-0.11081447992853408,0.11081447992853408,0.631578947368421,112
affine_pred,mean_speed,affine_pred__mean_speed,19,1470,0.05636093241650991,0.01792844799038462,0.10937914616832313,0.10937914616832313,0.6842105263157895,112
affine_pred,tangential_speed_mean,affine_pred__tangential_speed_mean,19,1470,0.0675271412654459,-0.038283440330487736,0.10118395403007494,0.10118395403007494,0.631578947368421,112
raw,tangential_speed_mean,raw__tangential_speed_mean,19,1470,-0.016614585515229097,-0.0012093613346395582,-0.09821619874071691,0.09821619874071691,0.631578947368421,112
affine_pred,velocity_cov_trace,affine_pred__velocity_cov_trace,19,1470,0.0949475992902224,0.04931597737843753,0.07535825971025926,0.07535825971025926,0.5789473684210527,112
raw,velocity_cov_trace,raw__velocity_cov_trace,19,1470,-0.023744669808524632,0.03914496893131569,-0.05904442226917983,0.05904442226917983,0.5263157894736842,112
raw,speed_rms,raw__speed_rms,19,1470,0.042079997976800065,0.13898275473547078,-0.04623990625640772,0.04623990625640772,0.5263157894736842,112
raw,mean_speed,raw__mean_speed,19,1470,0.007539394907412955,0.014353048666676305,0.005045076692580086,0.005045076692580086,0.5263157894736842,112
affine_pred,speed_rms,affine_pred__speed_rms,19,1470,0.06596238636504359,0.023421377272006896,-0.004065400583277555,0.004065400583277555,0.5263157894736842,112
affine_resid,tangential_speed_mean,affine_resid__tangential_speed_mean,19,1470,0.0277842883529988,0.047465595257119186,0.0025741415825150243,0.0025741415825150243,0.5263157894736842,112
affine_pred,mean_speed,affine_pred__mean_speed,19,1471,-0.028498913275142645,-0.07706444192515416,0.13966261062383134,0.13966261062383134,0.5789473684210527,113
affine_pred,velocity_cov_trace,affine_pred__velocity_cov_trace,19,1471,0.012915966302331938,-0.1405168128696552,0.13653190195916076,0.13653190195916076,0.7368421052631579,113
affine_resid,mean_speed,affine_resid__mean_speed,19,1471,-0.006712188215512449,0.04960602449329793,-0.11969424675554624,0.11969424675554624,0.631578947368421,113
affine_pred,speed_rms,affine_pred__speed_rms,19,1471,0.034436683871014506,-0.1668576164478558,0.11386618216488692,0.11386618216488692,0.7368421052631579,113
affine_resid,speed_rms,affine_resid__speed_rms,19,1471,0.007431190321340032,0.05436469433939964,-0.11055830036305428,0.11055830036305428,0.5263157894736842,113
raw,speed_rms,raw__speed_rms,19,1471,-0.10339959704146003,-0.044596317633998184,-0.11034338663724937,0.11034338663724937,0.631578947368421,113
affine_resid,velocity_cov_trace,affine_resid__velocity_cov_trace,19,1471,-0.016328423631137567,0.04707206196102223,-0.08463883224651497,0.08463883224651497,0.5263157894736842,113
raw,mean_speed,raw__mean_speed,19,1471,-0.07937192044086838,-0.00861613009820933,-0.0713205841855506,0.0713205841855506,0.5789473684210527,113
raw,velocity_cov_trace,raw__velocity_cov_trace,19,1471,-0.06296315114569298,-0.04485889822149942,0.043503438455639615,0.043503438455639615,0.5263157894736842,113
affine_pred,tangential_speed_mean,affine_pred__tangential_speed_mean,19,1471,-0.048809379834443736,-0.06912324927067252,-0.013633772059427063,0.013633772059427063,0.5789473684210527,113
affine_resid,tangential_speed_mean,affine_resid__tangential_speed_mean,19,1471,-0.03135489264667976,-0.005568171463071245,-0.012997650515900155,0.012997650515900155,0.5789473684210527,113
raw,tangential_speed_mean,raw__tangential_speed_mean,19,1471,0.04021665842983574,-0.016492525758459387,0.009436401856391385,0.009436401856391385,0.5263157894736842,113
raw,speed_rms,raw__speed_rms,19,1471,0.09902187006387703,-0.0903401448504626,0.26360118973077157,0.26360118973077157,0.7894736842105263,114
affine_resid,velocity_cov_trace,affine_resid__velocity_cov_trace,19,1471,0.05517261771978155,-0.19284171371450243,0.26027777997586043,0.26027777997586043,0.8421052631578947,114
affine_resid,speed_rms,affine_resid__speed_rms,19,1471,0.04265490657560245,-0.1766532480588292,0.2538624879671523,0.2538624879671523,0.8421052631578947,114
affine_resid,mean_speed,affine_resid__mean_speed,19,1471,0.003940766776392712,-0.12926823143666463,0.17956981126118898,0.17956981126118898,0.7368421052631579,114
affine_resid,tangential_speed_mean,affine_resid__tangential_speed_mean,19,1471,0.027499466163543984,-0.11520458420418608,0.1670068189507032,0.1670068189507032,0.7368421052631579,114
raw,velocity_cov_trace,raw__velocity_cov_trace,19,1471,0.07203249551533976,-0.05640530731821941,0.14323326357741678,0.14323326357741678,0.6842105263157895,114
raw,mean_speed,raw__mean_speed,19,1471,-0.029256499108194223,-0.11539660174204712,0.10953440881518686,0.10953440881518686,0.6842105263157895,114
affine_pred,velocity_cov_trace,affine_pred__velocity_cov_trace,19,1471,0.027685458226370363,-0.078498014404526,0.09112156762199064,0.09112156762199064,0.5263157894736842,114
affine_pred,speed_rms,affine_pred__speed_rms,19,1471,0.011849135778903105,-0.10192798579251139,0.040614434995435544,0.040614434995435544,0.5263157894736842,114
raw,tangential_speed_mean,raw__tangential_speed_mean,19,1471,-0.03703682929690849,-0.06931947514510745,0.036180493478018466,0.036180493478018466,0.5263157894736842,114
affine_pred,tangential_speed_mean,affine_pred__tangential_speed_mean,19,1471,0.03873514671336001,0.006510328961290335,-0.01700043905426145,0.01700043905426145,0.5789473684210527,114
affine_pred,mean_speed,affine_pred__mean_speed,19,1471,-0.04946161922964351,-0.08205733049194475,0.012081390525090774,0.012081390525090774,0.5263157894736842,114
raw,mean_speed,raw__mean_speed,19,1470,-0.11758351743353751,0.07399234780003322,-0.15555678614034107,0.15555678614034107,0.7368421052631579,115
raw,speed_rms,raw__speed_rms,19,1470,0.018989608048593315,0.06751197428068315,-0.14691547710177671,0.14691547710177671,0.5263157894736842,115
affine_pred,mean_speed,affine_pred__mean_speed,19,1470,-0.05970183627767808,-0.07678180699026571,-0.13459537262970953,0.13459537262970953,0.5263157894736842,115
raw,tangential_speed_mean,raw__tangential_speed_mean,19,1470,-0.02079369386437102,0.012397642087670746,-0.1320579607248174,0.1320579607248174,0.6842105263157895,115
raw,velocity_cov_trace,raw__velocity_cov_trace,19,1470,0.035029186455972645,0.0790708858007792,-0.12216798968282064,0.12216798968282064,0.5263157894736842,115
affine_resid,speed_rms,affine_resid__speed_rms,19,1470,-0.07990295434156508,0.06569763081991431,-0.1001652574773606,0.1001652574773606,0.5789473684210527,115
affine_resid,tangential_speed_mean,affine_resid__tangential_speed_mean,19,1470,0.020561397640831813,0.09747362552012712,-0.09604731188263571,0.09604731188263571,0.7368421052631579,115
affine_resid,mean_speed,affine_resid__mean_speed,19,1470,-0.10738364480171082,0.05380507156215175,-0.08974223180905397,0.08974223180905397,0.6842105263157895,115
affine_pred,tangential_speed_mean,affine_pred__tangential_speed_mean,19,1470,-0.0738245407313708,-0.03868490419996662,-0.047403987926626895,0.047403987926626895,0.5263157894736842,115
affine_resid,velocity_cov_trace,affine_resid__velocity_cov_trace,19,1470,-0.06046817375255267,0.06288564069126273,-0.03952909897601242,0.03952909897601242,0.5789473684210527,115
affine_pred,speed_rms,affine_pred__speed_rms,19,1470,-0.0011621938070815047,0.05969046706004652,-0.031239644906339417,0.031239644906339417,0.5263157894736842,115
affine_pred,velocity_cov_trace,affine_pred__velocity_cov_trace,19,1470,-0.0016505873794331882,-0.0665117154766115,0.027689375459776122,0.027689375459776122,0.631578947368421,115
raw,mean_speed,raw__mean_speed,19,1471,0.02725619465892974,0.05878769207456308,0.08704523827037595,0.08704523827037595,0.5263157894736842,116
raw,speed_rms,raw__speed_rms,19,1471,0.008419440711286308,-0.012448666325418078,0.07344166032169727,0.07344166032169727,0.631578947368421,116
affine_resid,tangential_speed_mean,affine_resid__tangential_speed_mean,19,1471,-0.0012256186112075407,-0.05029579075668422,-0.06554829812556291,0.06554829812556291,0.631578947368421,116
raw,velocity_cov_trace,raw__velocity_cov_trace,19,1471,0.06930716417114803,-0.048018862980993865,0.06434390252477971,0.06434390252477971,0.5263157894736842,116
affine_resid,velocity_cov_trace,affine_resid__velocity_cov_trace,19,1471,0.12319553317012266,0.012027818122670824,0.0641332004596482,0.0641332004596482,0.5263157894736842,116
affine_pred,tangential_speed_mean,affine_pred__tangential_speed_mean,19,1471,0.02996814767657774,-0.014180417209264468,0.061059671195057605,0.061059671195057605,0.5789473684210527,116
affine_pred,speed_rms,affine_pred__speed_rms,19,1471,-0.013942258946328834,-0.008158841313000258,-0.049147862891991634,0.049147862891991634,0.5263157894736842,116
affine_resid,speed_rms,affine_resid__speed_rms,19,1471,0.1298554709873974,0.014731232934467566,0.04590589154072411,0.04590589154072411,0.5789473684210527,116
raw,tangential_speed_mean,raw__tangential_speed_mean,19,1471,0.02599243668337463,0.01680197316336196,-0.026452609042545733,0.026452609042545733,0.5789473684210527,116
affine_pred,velocity_cov_trace,affine_pred__velocity_cov_trace,19,1471,-0.03347143764149685,-0.02077537565418605,-0.007859225797642394,0.007859225797642394,0.5263157894736842,116
affine_resid,mean_speed,affine_resid__mean_speed,19,1471,0.001940014424375823,0.00549599965050368,0.00756418335620665,0.00756418335620665,0.5263157894736842,116
affine_pred,mean_speed,affine_pred__mean_speed,19,1471,0.060736952030796765,0.06665386021798803,-0.004309929278111746,0.004309929278111746,0.5263157894736842,116
affine_pred,tangential_speed_mean,affine_pred__tangential_speed_mean,19,1468,0.015420441645303928,0.13892947133604805,-0.1290834562243857,0.1290834562243857,0.5789473684210527,117
affine_resid,speed_rms,affine_resid__speed_rms,19,1468,0.013921745536630115,-0.012245759824663471,0.11138976928789718,0.11138976928789718,0.5263157894736842,117
affine_pred,mean_speed,affine_pred__mean_speed,19,1468,0.1027297551397556,0.1056571630119259,0.09091694449446114,0.09091694449446114,0.5789473684210527,117
raw,velocity_cov_trace,raw__velocity_cov_trace,19,1468,0.0682716031080624,0.07504869076262609,-0.08567744326080545,0.08567744326080545,0.5263157894736842,117
affine_resid,tangential_speed_mean,affine_resid__tangential_speed_mean,19,1468,0.007742643991594446,0.07175557387147108,-0.05963489127802912,0.05963489127802912,0.5789473684210527,117
affine_resid,mean_speed,affine_resid__mean_speed,19,1468,-0.050751073796842204,-0.011977953458718604,-0.05947927333533043,0.05947927333533043,0.5789473684210527,117
raw,speed_rms,raw__speed_rms,19,1468,0.031730924857508,0.1362295262047769,-0.056942758138190996,0.056942758138190996,0.631578947368421,117
affine_pred,speed_rms,affine_pred__speed_rms,19,1468,0.13188341849101054,0.09488209650503251,0.052393585428977006,0.052393585428977006,0.5789473684210527,117
raw,tangential_speed_mean,raw__tangential_speed_mean,19,1468,0.029981356938292958,0.10163433571873312,0.03211120481124036,0.03211120481124036,0.5789473684210527,117
raw,mean_speed,raw__mean_speed,19,1468,0.05615448093081257,0.06312935558315247,-0.031457073640702306,0.031457073640702306,0.5263157894736842,117
affine_pred,velocity_cov_trace,affine_pred__velocity_cov_trace,19,1468,0.026205429195022258,0.04231071044335069,0.011177959116197733,0.011177959116197733,0.5789473684210527,117
affine_resid,velocity_cov_trace,affine_resid__velocity_cov_trace,19,1468,0.051451868233768544,-0.015195580007300535,0.0012569173792021382,0.0012569173792021382,0.5263157894736842,117
raw,tangential_speed_mean,raw__tangential_speed_mean,19,1470,-0.07487758099964137,0.04884984110888378,-0.22068510082046205,0.22068510082046205,0.631578947368421,118
affine_resid,tangential_speed_mean,affine_resid__tangential_speed_mean,19,1470,-0.11274436266124443,-0.04822097432018982,-0.19521420280464555,0.19521420280464555,0.5789473684210527,118
affine_pred,tangential_speed_mean,affine_pred__tangential_speed_mean,19,1470,-0.065803637188105,-0.018155490681443454,-0.15656017387396698,0.15656017387396698,0.7894736842105263,118
affine_pred,mean_speed,affine_pred__mean_speed,19,1470,-0.05737512881570947,-0.0001585398889490386,-0.15096443940078186,0.15096443940078186,0.7894736842105263,118
raw,mean_speed,raw__mean_speed,19,1470,-0.07200206699687017,0.17355254728044645,-0.14037458422517046,0.14037458422517046,0.5789473684210527,118
affine_pred,velocity_cov_trace,affine_pred__velocity_cov_trace,19,1470,-0.03998049517029993,0.09051120755512335,-0.12076221584233747,0.12076221584233747,0.631578947368421,118
affine_resid,mean_speed,affine_resid__mean_speed,19,1470,-0.06190412607681614,0.06332457113362021,-0.11517817040476387,0.11517817040476387,0.6842105263157895,118
affine_resid,speed_rms,affine_resid__speed_rms,19,1470,-0.033385096338097345,0.00724789359898495,-0.09266380519754593,0.09266380519754593,0.5789473684210527,118
affine_resid,velocity_cov_trace,affine_resid__velocity_cov_trace,19,1470,-0.05521213781200594,0.0010840192998042286,-0.08665136825817496,0.08665136825817496,0.5789473684210527,118
affine_pred,speed_rms,affine_pred__speed_rms,19,1470,-0.005155173858755788,0.006644727181111976,-0.0650092630252469,0.0650092630252469,0.6842105263157895,118
raw,velocity_cov_trace,raw__velocity_cov_trace,19,1470,0.014538090996604136,0.04433660855732524,0.042508004025712975,0.042508004025712975,0.5789473684210527,118
raw,speed_rms,raw__speed_rms,19,1470,-0.018860719152807626,0.08331132642884165,-0.006973512686799313,0.006973512686799313,0.5263157894736842,118
raw,mean_speed,raw__mean_speed,19,1470,0.07415129156760415,-0.09111218442053891,0.26716139786297743,0.26716139786297743,0.6842105263157895,119
affine_resid,mean_speed,affine_resid__mean_speed,19,1470,0.029701253804663708,-0.11748050535528048,0.2055846844065521,0.2055846844065521,0.631578947368421,119
affine_resid,speed_rms,affine_resid__speed_rms,19,1470,0.034779373927650625,-0.13275841699465651,0.19999165044053963,0.19999165044053963,0.6842105263157895,119
affine_resid,velocity_cov_trace,affine_resid__velocity_cov_trace,19,1470,0.04686948081213005,-0.15396382083380855,0.1890880954906476,0.1890880954906476,0.6842105263157895,119
affine_resid,tangential_speed_mean,affine_resid__tangential_speed_mean,19,1470,0.030360480820780855,-0.15448672660190843,0.15541778021605288,0.15541778021605288,0.5789473684210527,119
raw,speed_rms,raw__speed_rms,19,1470,-0.026249035600285686,-0.07270099187419576,0.13225582528554658,0.13225582528554658,0.7894736842105263,119
raw,velocity_cov_trace,raw__velocity_cov_trace,19,1470,0.03689525218337397,-0.022683645608266148,0.1238852803022228,0.1238852803022228,0.6842105263157895,119
affine_pred,speed_rms,affine_pred__speed_rms,19,1470,0.02141315201001248,-0.00809038927859941,0.11186876376076166,0.11186876376076166,0.5789473684210527,119
raw,tangential_speed_mean,raw__tangential_speed_mean,19,1470,0.019133290851657325,-0.07926510579435317,0.06000721880814719,0.06000721880814719,0.631578947368421,119
affine_pred,tangential_speed_mean,affine_pred__tangential_speed_mean,19,1470,-0.03498996924932017,-0.009039482457237333,0.04342957723950669,0.04342957723950669,0.631578947368421,119
affine_pred,velocity_cov_trace,affine_pred__velocity_cov_trace,19,1470,-0.07613546798297255,-0.04469853689396845,0.023965917694677347,0.023965917694677347,0.5789473684210527,119
affine_pred,mean_speed,affine_pred__mean_speed,19,1470,-0.0022442352110403074,-0.010092152405372534,-0.0049214763209063095,0.0049214763209063095,0.5263157894736842,119
raw,speed_rms,raw__speed_rms,19,1469,-0.07813359144839471,0.08845867280971731,-0.14802270449428762,0.14802270449428762,0.5789473684210527,120
affine_resid,mean_speed,affine_resid__mean_speed,19,1469,0.0011105913505553289,-0.031905552941972615,0.08729521267107004,0.08729521267107004,0.5263157894736842,120
affine_pred,tangential_speed_mean,affine_pred__tangential_speed_mean,19,1469,-0.02773657075811653,-0.03803834121231614,0.08166119611087269,0.08166119611087269,0.6842105263157895,120
affine_pred,speed_rms,affine_pred__speed_rms,19,1469,-0.07565800996815208,0.050382744215870856,-0.07513111755609458,0.07513111755609458,0.5789473684210527,120
raw,mean_speed,raw__mean_speed,19,1469,0.012514295002123865,0.08506370639620164,-0.07289536293185983,0.07289536293185983,0.5263157894736842,120
affine_pred,velocity_cov_trace,affine_pred__velocity_cov_trace,19,1469,-0.025545086245497894,-0.019543340437321144,-0.062115087000950336,0.062115087000950336,0.5789473684210527,120
affine_resid,velocity_cov_trace,affine_resid__velocity_cov_trace,19,1469,0.08103877501345211,0.02801533217351625,0.058722128970139675,0.058722128970139675,0.5263157894736842,120
raw,tangential_speed_mean,raw__tangential_speed_mean,19,1469,0.03613869172753034,0.03516182950295105,-0.053186640121311496,0.053186640121311496,0.5263157894736842,120
raw,velocity_cov_trace,raw__velocity_cov_trace,19,1469,0.07682853986930638,0.023205614525418194,-0.048328329459669306,0.048328329459669306,0.5789473684210527,120
affine_resid,tangential_speed_mean,affine_resid__tangential_speed_mean,19,1469,0.044428203790339515,-6.007308127048416e-05,0.04448827687161,0.04448827687161,0.5263157894736842,120
affine_resid,speed_rms,affine_resid__speed_rms,19,1469,0.05694939482454224,0.002706115107864171,0.035889010990705794,0.035889010990705794,0.5789473684210527,120
affine_pred,mean_speed,affine_pred__mean_speed,19,1469,-0.06518544661125292,-0.045934904239219865,-0.022623688320974167,0.022623688320974167,0.5263157894736842,120
raw,tangential_speed_mean,raw__tangential_speed_mean,19,1471,0.04956519967255197,-0.03406217060532497,0.10992544899750051,0.10992544899750051,0.5789473684210527,121
affine_resid,speed_rms,affine_resid__speed_rms,19,1471,-0.015241656295359174,-0.04838357707175578,0.07796255160144212,0.07796255160144212,0.5263157894736842,121
affine_resid,velocity_cov_trace,affine_resid__velocity_cov_trace,19,1471,-0.03344936733910392,-0.06047383281258728,0.07580564771389885,0.07580564771389885,0.5263157894736842,121
affine_pred,mean_speed,affine_pred__mean_speed,19,1471,0.05439043814596781,0.05332873729140532,-0.07565276389954109,0.07565276389954109,0.5263157894736842,121
raw,speed_rms,raw__speed_rms,19,1471,-0.03127160912556731,-0.1259813743339276,0.05617699029127843,0.05617699029127843,0.5789473684210527,121
affine_pred,tangential_speed_mean,affine_pred__tangential_speed_mean,19,1471,-0.03382921129640309,0.03492595913056673,-0.04859613429257276,0.04859613429257276,0.5263157894736842,121
affine_resid,tangential_speed_mean,affine_resid__tangential_speed_mean,19,1471,-0.034874848157788754,0.01726354648754628,0.017024176107233835,0.017024176107233835,0.5263157894736842,121
affine_resid,mean_speed,affine_resid__mean_speed,19,1471,-0.05492488110054716,0.008046118846133096,-0.015616504724675379,0.015616504724675379,0.5263157894736842,121
affine_pred,speed_rms,affine_pred__speed_rms,19,1471,-0.010374700386749938,0.07566915682800157,-0.014530234960451083,0.014530234960451083,0.5263157894736842,121
affine_pred,velocity_cov_trace,affine_pred__velocity_cov_trace,19,1471,0.03428281844066389,0.04291865494078895,-0.01433422624848503,0.01433422624848503,0.5789473684210527,121
raw,mean_speed,raw__mean_speed,19,1471,-0.030538606112600897,-0.03647619671577058,0.012331812048626711,0.012331812048626711,0.5263157894736842,121
raw,velocity_cov_trace,raw__velocity_cov_trace,19,1471,-0.09138187169237566,-0.09456915278017339,0.0037799892845108984,0.0037799892845108984,0.5789473684210527,121
raw,mean_speed,raw__mean_speed,19,1471,-0.06226393044806719,-0.09971421190536454,0.11744936834989286,0.11744936834989286,0.5789473684210527,122
affine_resid,mean_speed,affine_resid__mean_speed,19,1471,-0.10820298761029087,-0.09118180684155683,0.11277799556736533,0.11277799556736533,0.5789473684210527,122
affine_resid,velocity_cov_trace,affine_resid__velocity_cov_trace,19,1471,-0.12940062351438703,-0.055948081380479714,0.10621613951600689,0.10621613951600689,0.5263157894736842,122
affine_pred,speed_rms,affine_pred__speed_rms,19,1471,0.047022777624277756,-0.016616983797743234,-0.08884609736973245,0.08884609736973245,0.5263157894736842,122
raw,speed_rms,raw__speed_rms,19,1471,-0.10019245426212142,-0.10754674113695908,0.08398921397035908,0.08398921397035908,0.5789473684210527,122
affine_pred,tangential_speed_mean,affine_pred__tangential_speed_mean,19,1471,-0.02171431515719613,0.0029540789293389103,-0.08327048201592226,0.08327048201592226,0.5263157894736842,122
raw,tangential_speed_mean,raw__tangential_speed_mean,19,1471,-0.041262819505008264,-0.028924855909369634,-0.07115757340731188,0.07115757340731188,0.5263157894736842,122
affine_resid,speed_rms,affine_resid__speed_rms,19,1471,-0.11059578413057025,-0.02942367260624905,0.06914389032529983,0.06914389032529983,0.5789473684210527,122
affine_pred,velocity_cov_trace,affine_pred__velocity_cov_trace,19,1471,0.0654215649612081,0.003564195315131396,0.04443241710052487,0.04443241710052487,0.5263157894736842,122
raw,velocity_cov_trace,raw__velocity_cov_trace,19,1471,-0.007558082137061439,-0.07311793955013435,0.03861635732968585,0.03861635732968585,0.5789473684210527,122
affine_resid,tangential_speed_mean,affine_resid__tangential_speed_mean,19,1471,-0.08060018047328432,-0.030875189627081523,0.0076071630837497295,0.0076071630837497295,0.5263157894736842,122
affine_pred,mean_speed,affine_pred__mean_speed,19,1471,0.045108789102565605,-0.010390185522022977,0.004009859896946799,0.004009859896946799,0.5263157894736842,122
affine_pred,mean_speed,affine_pred__mean_speed,19,1471,-0.08810865410710311,0.12271053710223684,-0.21454523794744387,0.21454523794744387,0.631578947368421,123
affine_resid,mean_speed,affine_resid__mean_speed,19,1471,0.08312579056418398,-0.06407919707755293,0.20690298880915395,0.20690298880915395,0.7368421052631579,123
affine_resid,velocity_cov_trace,affine_resid__velocity_cov_trace,19,1471,0.03755487692116363,-0.05005351435152833,0.16658538769383255,0.16658538769383255,0.5789473684210527,123
affine_pred,speed_rms,affine_pred__speed_rms,19,1471,-0.08501540797066205,0.06508407221888027,-0.13902033129223546,0.13902033129223546,0.631578947368421,123
affine_pred,velocity_cov_trace,affine_pred__velocity_cov_trace,19,1471,-0.03396957513899068,0.06964552532482979,-0.12272190953008888,0.12272190953008888,0.631578947368421,123
affine_resid,speed_rms,affine_resid__speed_rms,19,1471,0.038265848847489875,-0.027246974443699834,0.09613446694092778,0.09613446694092778,0.5789473684210527,123
raw,velocity_cov_trace,raw__velocity_cov_trace,19,1471,0.008601064620997079,-0.06066124490141858,0.09189513733186438,0.09189513733186438,0.5263157894736842,123
raw,mean_speed,raw__mean_speed,19,1471,0.06705115040360601,0.023577414612040562,0.09077205648440297,0.09077205648440297,0.631578947368421,123
affine_resid,tangential_speed_mean,affine_resid__tangential_speed_mean,19,1471,0.018494917762817975,-0.06130784552577784,0.05599975019559576,0.05599975019559576,0.631578947368421,123
raw,tangential_speed_mean,raw__tangential_speed_mean,19,1471,0.06193064584964092,0.06861413638790548,-0.021109437803237208,0.021109437803237208,0.5789473684210527,123
affine_pred,tangential_speed_mean,affine_pred__tangential_speed_mean,19,1471,0.004267736856467308,0.11718351715568381,-0.018319365931267234,0.018319365931267234,0.5789473684210527,123
raw,speed_rms,raw__speed_rms,19,1471,-0.02286553961050042,-0.01250706358543932,-0.004634047348355319,0.004634047348355319,0.5263157894736842,123
affine_resid,speed_rms,affine_resid__speed_rms,19,1471,0.039421287234014606,0.11318282933752102,0.08005031421530873,0.08005031421530873,0.5263157894736842,124
raw,speed_rms,raw__speed_rms,19,1471,0.06825828763221839,0.1204838411013216,-0.06783722534093398,0.06783722534093398,0.5789473684210527,124
raw,tangential_speed_mean,raw__tangential_speed_mean,19,1471,0.09608681464627555,0.17798776465617694,-0.06302084596107191,0.06302084596107191,0.5789473684210527,124
affine_resid,velocity_cov_trace,affine_resid__velocity_cov_trace,19,1471,0.03552283722157532,0.07115722825581339,0.05440086794505164,0.05440086794505164,0.5263157894736842,124
raw,mean_speed,raw__mean_speed,19,1471,-0.00988029348967423,0.06291923356084617,-0.04331905465917377,0.04331905465917377,0.5789473684210527,124
affine_pred,tangential_speed_mean,affine_pred__tangential_speed_mean,19,1471,0.031426868609069826,0.03209748583415059,-0.03289157514071833,0.03289157514071833,0.5789473684210527,124
affine_pred,velocity_cov_trace,affine_pred__velocity_cov_trace,19,1471,0.016737862243920307,0.019588959568956232,-0.027127993845127596,0.027127993845127596,0.5263157894736842,124
raw,velocity_cov_trace,raw__velocity_cov_trace,19,1471,0.07581341478012218,0.09403192060615742,0.015908750844020686,0.015908750844020686,0.5263157894736842,124
affine_resid,mean_speed,affine_resid__mean_speed,19,1471,0.03366893634604025,0.07241772369701638,-0.0038763759595691755,0.0038763759595691755,0.5263157894736842,124
affine_resid,tangential_speed_mean,affine_resid__tangential_speed_mean,19,1471,0.0947752243834381,0.11207073137393553,0.003844380054449148,0.003844380054449148,0.5263157894736842,124
affine_pred,speed_rms,affine_pred__speed_rms,19,1471,-0.031045661446390482,0.029089657768914035,-0.003608148264519405,0.003608148264519405,0.5789473684210527,124
affine_pred,mean_speed,affine_pred__mean_speed,19,1471,-0.03192654495934116,0.053323129917212456,-0.002760022876729884,0.002760022876729884,0.5789473684210527,124
affine_resid,mean_speed,affine_resid__mean_speed,19,1469,-0.0752924913196909,-0.07328878069665426,-0.10025086331066158,0.10025086331066158,0.5263157894736842,125
raw,speed_rms,raw__speed_rms,19,1469,-0.07771222512921024,0.025560268811821052,0.09717599635984192,0.09717599635984192,0.5263157894736842,125
affine_pred,tangential_speed_mean,affine_pred__tangential_speed_mean,19,1469,0.011148853687790505,-0.037416911145434495,0.0935273815624432,0.0935273815624432,0.5263157894736842,125
raw,mean_speed,raw__mean_speed,19,1469,-0.05568842988440818,0.014162968090903838,0.04463040001454305,0.04463040001454305,0.5789473684210527,125
raw,tangential_speed_mean,raw__tangential_speed_mean,19,1469,0.005040107041409669,-0.04881286152290443,0.04140974069139303,0.04140974069139303,0.5263157894736842,125
affine_pred,velocity_cov_trace,affine_pred__velocity_cov_trace,19,1469,0.0995549510649266,0.03442504369493794,0.03878582958710827,0.03878582958710827,0.5263157894736842,125
raw,velocity_cov_trace,raw__velocity_cov_trace,19,1469,-0.015277553723600764,0.07126645184586777,-0.02836974122825492,0.02836974122825492,0.5263157894736842,125
affine_resid,speed_rms,affine_resid__speed_rms,19,1469,-0.19138666759332065,-0.008391940837174816,-0.01478545663725822,0.01478545663725822,0.5263157894736842,125
affine_pred,mean_speed,affine_pred__mean_speed,19,1469,-0.0034203642302274018,0.028699728846561995,0.012269451744942497,0.012269451744942497,0.5263157894736842,125
affine_pred,speed_rms,affine_pred__speed_rms,19,1469,0.017923689356533767,-0.023957405716332092,0.0071653611553629815,0.0071653611553629815,0.5263157894736842,125
affine_resid,velocity_cov_trace,affine_resid__velocity_cov_trace,19,1469,-0.19527947438344165,-0.03243742188435156,-0.006694776850686646,0.006694776850686646,0.5263157894736842,125
affine_resid,tangential_speed_mean,affine_resid__tangential_speed_mean,19,1469,-0.10365256053487015,-0.08689963462872062,-0.0016855049864578642,0.0016855049864578642,0.5263157894736842,125
raw,tangential_speed_mean,raw__tangential_speed_mean,19,1471,0.019665787688190606,-0.026031257973985922,0.08961851277470206,0.08961851277470206,0.5789473684210527,126
affine_resid,speed_rms,affine_resid__speed_rms,19,1471,-0.01300664499389359,0.06715499068810199,-0.06681505958269322,0.06681505958269322,0.5263157894736842,126
affine_resid,tangential_speed_mean,affine_resid__tangential_speed_mean,19,1471,0.10262415773766934,-0.0043330848002553005,-0.0655058399307577,0.0655058399307577,0.6842105263157895,126
affine_resid,velocity_cov_trace,affine_resid__velocity_cov_trace,19,1471,-0.06519284580879606,0.06442748984344589,-0.058731716689337514,0.058731716689337514,0.5263157894736842,126
affine_pred,speed_rms,affine_pred__speed_rms,19,1471,0.03221283598498287,0.007326657434825162,0.0558700637435475,0.0558700637435475,0.5263157894736842,126
raw,velocity_cov_trace,raw__velocity_cov_trace,19,1471,0.09565202376389136,0.07712954484097889,-0.04124294352078772,0.04124294352078772,0.5263157894736842,126
affine_pred,velocity_cov_trace,affine_pred__velocity_cov_trace,19,1471,-0.06981510737523783,0.015120158372233294,-0.039615333236457606,0.039615333236457606,0.5789473684210527,126
raw,speed_rms,raw__speed_rms,19,1471,0.10468262064541367,0.02856141365364795,-0.03928233416847021,0.03928233416847021,0.5789473684210527,126
raw,mean_speed,raw__mean_speed,19,1471,0.08752490690699052,0.08169810444441784,-0.032713087150118295,0.032713087150118295,0.5789473684210527,126
affine_pred,mean_speed,affine_pred__mean_speed,19,1471,-0.004333507444615262,0.05783371255803396,0.03207857286172974,0.03207857286172974,0.5263157894736842,126
affine_pred,tangential_speed_mean,affine_pred__tangential_speed_mean,19,1471,0.00099594901749811,-0.040031985395780574,-0.011133904107702958,0.011133904107702958,0.5263157894736842,126
affine_resid,mean_speed,affine_resid__mean_speed,19,1471,0.05243131087891362,0.118656967967905,-0.010023959524334658,0.010023959524334658,0.5263157894736842,126
affine_resid,velocity_cov_trace,affine_resid__velocity_cov_trace,19,1471,0.13646285915715212,-0.09911566990419796,0.3082685883380641,0.3082685883380641,0.631578947368421,127
affine_resid,speed_rms,affine_resid__speed_rms,19,1471,0.15063119015056647,-0.10074531306621205,0.2920577118486217,0.2920577118486217,0.5789473684210527,127
affine_resid,mean_speed,affine_resid__mean_speed,19,1471,0.1361224571873472,-0.029818414781167063,0.1938180470573729,0.1938180470573729,0.631578947368421,127
raw,velocity_cov_trace,raw__velocity_cov_trace,19,1471,0.08155398610827556,-0.10448565928011712,0.16816342185648547,0.16816342185648547,0.631578947368421,127
raw,speed_rms,raw__speed_rms,19,1471,0.0749909592476479,-0.09885643746220063,0.12956076702181263,0.12956076702181263,0.6842105263157895,127
affine_pred,tangential_speed_mean,affine_pred__tangential_speed_mean,19,1471,-0.09403804979378737,-0.015614575712353647,-0.09448727053597084,0.09448727053597084,0.631578947368421,127
affine_pred,speed_rms,affine_pred__speed_rms,19,1471,-0.022010411262934293,-0.0012564228456385246,-0.0858308449864108,0.0858308449864108,0.5789473684210527,127
raw,mean_speed,raw__mean_speed,19,1471,0.10495102143841561,-0.06297219431276252,0.0820212119757072,0.0820212119757072,0.5789473684210527,127
affine_resid,tangential_speed_mean,affine_resid__tangential_speed_mean,19,1471,0.04404669748951373,-0.06313635146403584,0.0634619898646123,0.0634619898646123,0.5789473684210527,127
affine_pred,velocity_cov_trace,affine_pred__velocity_cov_trace,19,1471,0.04724871745033177,-0.030574707599730536,-0.047197499715535635,0.047197499715535635,0.5789473684210527,127
raw,tangential_speed_mean,raw__tangential_speed_mean,19,1471,-0.015949855286214218,-0.029185753872117318,0.0286683912895309,0.0286683912895309,0.5789473684210527,127
affine_pred,mean_speed,affine_pred__mean_speed,19,1471,-0.03652670595216234,0.003639235500782656,-0.021020864107349213,0.021020864107349213,0.5789473684210527,127
affine_pred,mean_speed,affine_pred__mean_speed,19,1471,-0.09788769352294063,-0.08013094703982188,-0.16909369244889455,0.16909369244889455,0.5263157894736842,128
raw,velocity_cov_trace,raw__velocity_cov_trace,19,1471,-0.08469730568097311,0.045974480349680324,-0.12278052444841828,0.12278052444841828,0.631578947368421,128
raw,mean_speed,raw__mean_speed,19,1471,-0.009652836273747245,0.055406143299344235,-0.11608033999213768,0.11608033999213768,0.5789473684210527,128
raw,tangential_speed_mean,raw__tangential_speed_mean,19,1471,0.012187789795860854,0.08228086752213648,-0.08995338493237606,0.08995338493237606,0.6842105263157895,128
affine_resid,mean_speed,affine_resid__mean_speed,19,1471,-0.038438159002400274,0.009349849427731483,-0.07842753828374782,0.07842753828374782,0.6842105263157895,128
raw,speed_rms,raw__speed_rms,19,1471,0.01678887847282534,0.02416389462058821,-0.07099539408343719,0.07099539408343719,0.631578947368421,128
affine_pred,velocity_cov_trace,affine_pred__velocity_cov_trace,19,1471,-0.013656122496734646,0.07440044004936543,-0.06120198024350132,0.06120198024350132,0.5789473684210527,128
affine_pred,tangential_speed_mean,affine_pred__tangential_speed_mean,19,1471,-0.12938695828479768,-0.007842057244633827,-0.05756916836445963,0.05756916836445963,0.5263157894736842,128
affine_pred,speed_rms,affine_pred__speed_rms,19,1471,-0.07080338904273735,-0.04131586335209331,-0.0183013568660794,0.0183013568660794,0.5263157894736842,128
affine_resid,tangential_speed_mean,affine_resid__tangential_speed_mean,19,1471,-0.06956133742532633,0.016912831757175395,0.01631424275795107,0.01631424275795107,0.5263157894736842,128
affine_resid,velocity_cov_trace,affine_resid__velocity_cov_trace,19,1471,-0.015202534610052693,0.03258749602753461,-0.010587677587458932,0.010587677587458932,0.5263157894736842,128
affine_resid,speed_rms,affine_resid__speed_rms,19,1471,-0.04329001568395818,0.019654151098594003,-0.005624439435934353,0.005624439435934353,0.5789473684210527,128
raw,speed_rms,raw__speed_rms,19,1471,0.06555558342894574,-0.05283134974557968,0.14731839243841535,0.14731839243841535,0.5263157894736842,129
affine_pred,tangential_speed_mean,affine_pred__tangential_speed_mean,19,1471,-0.03481594927668957,-0.045209378036345504,0.07531578951486115,0.07531578951486115,0.7894736842105263,129
affine_pred,mean_speed,affine_pred__mean_speed,19,1471,-0.05582337183240871,-0.03235327858137903,-0.06922545777802314,0.06922545777802314,0.5263157894736842,129
affine_pred,velocity_cov_trace,affine_pred__velocity_cov_trace,19,1471,-0.024242449060905003,0.057883965294001305,-0.06773285243361091,0.06773285243361091,0.5263157894736842,129
affine_resid,mean_speed,affine_resid__mean_speed,19,1471,-0.03476624942417822,-0.01698213996231196,-0.06102785984097253,0.06102785984097253,0.5789473684210527,129
raw,tangential_speed_mean,raw__tangential_speed_mean,19,1471,0.0658842861774283,0.006548011131373432,0.043596559245052735,0.043596559245052735,0.5789473684210527,129
raw,mean_speed,raw__mean_speed,19,1471,0.02658894122460672,0.021500923652472914,-0.02442450809751251,0.02442450809751251,0.5789473684210527,129
raw,velocity_cov_trace,raw__velocity_cov_trace,19,1471,0.011761532681889175,-0.013438650031533328,0.01900200748862718,0.01900200748862718,0.5263157894736842,129
affine_resid,tangential_speed_mean,affine_resid__tangential_speed_mean,19,1471,0.0060748698417285585,-0.030369102132439568,-0.013289398590775096,0.013289398590775096,0.5789473684210527,129
affine_resid,speed_rms,affine_resid__speed_rms,19,1471,0.034309285614333884,0.026888877320521296,-0.008621795821480788,0.008621795821480788,0.5263157894736842,129
affine_resid,velocity_cov_trace,affine_resid__velocity_cov_trace,19,1471,0.019316446099583162,0.027568825899738705,0.006142825267836133,0.006142825267836133,0.5263157894736842,129
affine_pred,speed_rms,affine_pred__speed_rms,19,1471,0.012902042403191094,-0.07785229421519496,0.0038616975300140854,0.0038616975300140854,0.5263157894736842,129
raw,velocity_cov_trace,raw__velocity_cov_trace,19,1470,-0.08136133156224969,0.15049061653632262,-0.2623632612058948,0.2623632612058948,0.6842105263157895,130
raw,speed_rms,raw__speed_rms,19,1470,-0.13018550485190045,0.09341691290620419,-0.20310653817890809,0.20310653817890809,0.6842105263157895,130
raw,mean_speed,raw__mean_speed,19,1470,-0.02388989017181531,0.13254122904956614,-0.14154784463482195,0.14154784463482195,0.5789473684210527,130
affine_resid,speed_rms,affine_resid__speed_rms,19,1470,-0.00011509196303532976,0.03115877193710409,-0.1062986309288746,0.1062986309288746,0.631578947368421,130
affine_pred,speed_rms,affine_pred__speed_rms,19,1470,0.04153848150203302,0.11604501398512201,-0.09848939994827427,0.09848939994827427,0.631578947368421,130
affine_resid,velocity_cov_trace,affine_resid__velocity_cov_trace,19,1470,-0.0025164125310387364,0.027651305492878434,-0.08826430248848854,0.08826430248848854,0.631578947368421,130
affine_resid,tangential_speed_mean,affine_resid__tangential_speed_mean,19,1470,-0.010481787663260689,-0.006979409795302982,-0.057881000225076584,0.057881000225076584,0.5263157894736842,130
affine_pred,mean_speed,affine_pred__mean_speed,19,1470,0.027551660280291542,0.05346891904362261,-0.05115121549613799,0.05115121549613799,0.5263157894736842,130
affine_resid,mean_speed,affine_resid__mean_speed,19,1470,-0.037707933254134574,-0.01737071850907857,-0.03654159849284477,0.03654159849284477,0.5263157894736842,130
raw,tangential_speed_mean,raw__tangential_speed_mean,19,1470,-0.04068364186932871,-0.01711589474211278,-0.014645179882087592,0.014645179882087592,0.5789473684210527,130
affine_pred,tangential_speed_mean,affine_pred__tangential_speed_mean,19,1470,0.056450394957795066,0.06530479562851815,0.014061032776408688,0.014061032776408688,0.5263157894736842,130
affine_pred,velocity_cov_trace,affine_pred__velocity_cov_trace,19,1470,-0.033404644571007946,0.0015358507087895878,0.0004079827286428972,0.0004079827286428972,0.5263157894736842,130
affine_resid,speed_rms,affine_resid__speed_rms,19,1471,0.047251393533552066,0.1003140986216664,-0.13436390970641743,0.13436390970641743,0.5789473684210527,131
raw,speed_rms,raw__speed_rms,19,1471,0.015246911242323219,0.11165495947188522,-0.12036748898405986,0.12036748898405986,0.7368421052631579,131
affine_resid,velocity_cov_trace,affine_resid__velocity_cov_trace,19,1471,0.008308610490752988,0.09414182338097393,-0.12014671921691754,0.12014671921691754,0.5789473684210527,131
affine_resid,mean_speed,affine_resid__mean_speed,19,1471,0.03238256660775047,0.17890978014416686,-0.10662634399682702,0.10662634399682702,0.5789473684210527,131
raw,velocity_cov_trace,raw__velocity_cov_trace,19,1471,0.05182869462347209,0.09571026259925267,-0.07447733706508544,0.07447733706508544,0.5789473684210527,131
raw,mean_speed,raw__mean_speed,19,1471,0.01351479147163881,0.13915373729140632,-0.06296607679304969,0.06296607679304969,0.631578947368421,131
affine_pred,speed_rms,affine_pred__speed_rms,19,1471,0.037146419502801065,-0.05489786172615156,0.0573542238262999,0.0573542238262999,0.5789473684210527,131
raw,tangential_speed_mean,raw__tangential_speed_mean,19,1471,0.015432675331179535,0.12326210046801656,-0.04539979052339141,0.04539979052339141,0.631578947368421,131
affine_pred,mean_speed,affine_pred__mean_speed,19,1471,0.01415096213866629,-0.053248607714066754,0.02193770891593183,0.02193770891593183,0.5263157894736842,131
affine_pred,tangential_speed_mean,affine_pred__tangential_speed_mean,19,1471,-0.002025440452896425,-0.024316743102371446,0.02014551807948431,0.02014551807948431,0.5263157894736842,131
affine_resid,tangential_speed_mean,affine_resid__tangential_speed_mean,19,1471,0.06983440439503609,0.1119818444535623,-0.018515955107759247,0.018515955107759247,0.5789473684210527,131
affine_pred,velocity_cov_trace,affine_pred__velocity_cov_trace,19,1471,0.03264467243659676,-0.004443987656040616,0.013222437828505434,0.013222437828505434,0.5263157894736842,131
raw,speed_rms,raw__speed_rms,19,1470,0.12830239406644303,-0.03169416001998532,0.24371005485243954,0.24371005485243954,0.6842105263157895,132
affine_resid,mean_speed,affine_resid__mean_speed,19,1470,0.17897268225976679,-0.08927049242369323,0.18793695899313922,0.18793695899313922,0.7894736842105263,132
raw,velocity_cov_trace,raw__velocity_cov_trace,19,1470,0.10483968804067381,-0.015408375704012253,0.17912027902760014,0.17912027902760014,0.7368421052631579,132
affine_resid,velocity_cov_trace,affine_resid__velocity_cov_trace,19,1470,0.14775241888577356,-0.05766917540549771,0.16691063529315495,0.16691063529315495,0.7894736842105263,132
affine_resid,speed_rms,affine_resid__speed_rms,19,1470,0.11388336500335053,-0.034113375938241264,0.15501135344914616,0.15501135344914616,0.7894736842105263,132
raw,mean_speed,raw__mean_speed,19,1470,0.09999485997955673,-0.04626204965033831,0.10682023151988723,0.10682023151988723,0.631578947368421,132
affine_resid,tangential_speed_mean,affine_resid__tangential_speed_mean,19,1470,0.13476354249750055,0.08282037389461319,0.10370556422903253,0.10370556422903253,0.6842105263157895,132
affine_pred,speed_rms,affine_pred__speed_rms,19,1470,0.013875721844936469,0.09533056316228478,-0.08928455002293706,0.08928455002293706,0.631578947368421,132
affine_pred,tangential_speed_mean,affine_pred__tangential_speed_mean,19,1470,0.08090050890577977,0.07134312855024452,0.03311425898020667,0.03311425898020667,0.631578947368421,132
raw,tangential_speed_mean,raw__tangential_speed_mean,19,1470,0.06135968197066788,0.09897261499221993,-0.020062757239769163,0.020062757239769163,0.5789473684210527,132
affine_pred,mean_speed,affine_pred__mean_speed,19,1470,0.03741747724158406,0.0563725373818261,-0.018576899494006205,0.018576899494006205,0.5263157894736842,132
affine_pred,velocity_cov_trace,affine_pred__velocity_cov_trace,19,1470,0.1043678396642877,0.06585318366940107,0.013760290599559077,0.013760290599559077,0.5263157894736842,132
raw,mean_speed,raw__mean_speed,19,1471,0.06565356352573232,-0.0014994306789627779,0.11566291092712747,0.11566291092712747,0.5263157894736842,133
affine_resid,speed_rms,affine_resid__speed_rms,19,1471,0.09987857175253906,-0.01958450536632994,0.09553872347239328,0.09553872347239328,0.631578947368421,133
raw,speed_rms,raw__speed_rms,19,1471,0.09765186003834891,-0.04638884995883952,0.09118548949568586,0.09118548949568586,0.631578947368421,133
affine_resid,velocity_cov_trace,affine_resid__velocity_cov_trace,19,1471,0.12149766660753852,-0.007562171348387853,0.08172608014304403,0.08172608014304403,0.631578947368421,133
raw,tangential_speed_mean,raw__tangential_speed_mean,19,1471,0.004473977192965273,0.01583880748872374,0.06541386764303977,0.06541386764303977,0.5263157894736842,133
affine_resid,tangential_speed_mean,affine_resid__tangential_speed_mean,19,1471,0.04915376301005936,0.015539702953773889,0.04755019485283268,0.04755019485283268,0.5789473684210527,133
affine_resid,mean_speed,affine_resid__mean_speed,19,1471,0.0038858966183584753,0.06923631996799703,-0.03628501293906733,0.03628501293906733,0.5789473684210527,133
affine_pred,mean_speed,affine_pred__mean_speed,19,1471,0.0026589706552621606,-0.024765798572987996,0.031046595359887436,0.031046595359887436,0.5263157894736842,133
affine_pred,velocity_cov_trace,affine_pred__velocity_cov_trace,19,1471,-0.016343435060019007,0.020424198008103855,0.030837188505044744,0.030837188505044744,0.5263157894736842,133
affine_pred,speed_rms,affine_pred__speed_rms,19,1471,-0.03455674145943499,0.0006401521404238164,0.023040494091579954,0.023040494091579954,0.5263157894736842,133
affine_pred,tangential_speed_mean,affine_pred__tangential_speed_mean,19,1471,-0.037926291697552905,-0.013246766313190328,0.015247331309485301,0.015247331309485301,0.5263157894736842,133
raw,velocity_cov_trace,raw__velocity_cov_trace,19,1471,0.05987040536079319,-0.006484160380199999,-0.005295658952003235,0.005295658952003235,0.5263157894736842,133
affine_pred,speed_rms,affine_pred__speed_rms,19,1469,0.1084540972876964,-0.03934062240202374,0.09262214234105048,0.09262214234105048,0.631578947368421,134
affine_pred,velocity_cov_trace,affine_pred__velocity_cov_trace,19,1469,0.03721795715330094,-0.012394630423971431,0.08511153032725009,0.08511153032725009,0.631578947368421,134
affine_resid,tangential_speed_mean,affine_resid__tangential_speed_mean,19,1469,-0.0393319712927796,0.02724198363864634,-0.07904496100076797,0.07904496100076797,0.5263157894736842,134
affine_pred,tangential_speed_mean,affine_pred__tangential_speed_mean,19,1469,0.0856082852433735,-0.06521914090566418,0.07761712017938507,0.07761712017938507,0.6842105263157895,134
raw,mean_speed,raw__mean_speed,19,1469,-0.09803348300077785,-0.09116580522989298,-0.07241268596596245,0.07241268596596245,0.5263157894736842,134
affine_pred,mean_speed,affine_pred__mean_speed,19,1469,0.06881309912112865,-0.011579399042402322,0.06127592001201554,0.06127592001201554,0.6842105263157895,134
affine_resid,speed_rms,affine_resid__speed_rms,19,1469,-0.0826275556417122,-0.012301018058738178,-0.055724141109977476,0.055724141109977476,0.5789473684210527,134
raw,velocity_cov_trace,raw__velocity_cov_trace,19,1469,-0.027707514223084873,-0.03299403122246621,-0.050949385859722196,0.050949385859722196,0.5789473684210527,134
affine_resid,velocity_cov_trace,affine_resid__velocity_cov_trace,19,1469,-0.0940903077478529,-0.004990289774437613,-0.046821645701964676,0.046821645701964676,0.5789473684210527,134
raw,speed_rms,raw__speed_rms,19,1469,-0.027691546080072238,-0.03748615483528305,0.04504232178262147,0.04504232178262147,0.5789473684210527,134
affine_resid,mean_speed,affine_resid__mean_speed,19,1469,-0.08678028247854244,-0.07448302765755976,-0.030977063436141067,0.030977063436141067,0.5789473684210527,134
raw,tangential_speed_mean,raw__tangential_speed_mean,19,1469,0.0016465716512048534,0.0468531776599528,-0.020741265871908332,0.020741265871908332,0.5263157894736842,134
affine_pred,velocity_cov_trace,affine_pred__velocity_cov_trace,19,1470,-0.07722043182153328,-0.013633773668694508,-0.14991684705052963,0.14991684705052963,0.5789473684210527,135
affine_pred,mean_speed,affine_pred__mean_speed,19,1470,-0.03973784183537234,0.04821747743427232,-0.1372934875664283,0.1372934875664283,0.6842105263157895,135
affine_resid,tangential_speed_mean,affine_resid__tangential_speed_mean,19,1470,-0.029923903608367775,0.01612901204520229,-0.10447669930631923,0.10447669930631923,0.6842105263157895,135
raw,tangential_speed_mean,raw__tangential_speed_mean,19,1470,0.03542962976143371,0.00969307814306615,-0.09916095397031903,0.09916095397031903,0.5789473684210527,135
affine_resid,velocity_cov_trace,affine_resid__velocity_cov_trace,19,1470,-0.04128915927222043,-0.004908533730191289,-0.06290791690175572,0.06290791690175572,0.5789473684210527,135
raw,velocity_cov_trace,raw__velocity_cov_trace,19,1470,-0.016279574330463155,-0.008961512181550044,0.06261157071160744,0.06261157071160744,0.6842105263157895,135
raw,mean_speed,raw__mean_speed,19,1470,0.050872994893470525,0.0054423793547607735,0.06085856671691903,0.06085856671691903,0.5263157894736842,135
affine_pred,tangential_speed_mean,affine_pred__tangential_speed_mean,19,1470,-0.052121101576469986,0.01762538401414568,-0.056044541882534604,0.056044541882534604,0.5789473684210527,135
affine_resid,speed_rms,affine_resid__speed_rms,19,1470,-0.04019527338452486,0.005515777407456901,-0.0392821008204996,0.0392821008204996,0.631578947368421,135
affine_resid,mean_speed,affine_resid__mean_speed,19,1470,-0.03972251095243946,-0.029705707588826243,-0.037114911796220576,0.037114911796220576,0.5789473684210527,135
affine_pred,speed_rms,affine_pred__speed_rms,19,1470,-0.023361053350852323,0.09610147802010366,-0.017594901380307282,0.017594901380307282,0.5263157894736842,135
raw,speed_rms,raw__speed_rms,19,1470,0.031874016014944745,0.06106879640616697,-0.0017787802302927092,0.0017787802302927092,0.5263157894736842,135
raw,tangential_speed_mean,raw__tangential_speed_mean,19,1470,-0.0026916796423488987,0.040906353703027726,-0.13468480238430153,0.13468480238430153,0.5789473684210527,136
affine_pred,velocity_cov_trace,affine_pred__velocity_cov_trace,19,1470,0.09593094699959596,-0.032961901023403045,0.1307940911954953,0.1307940911954953,0.5789473684210527,136
affine_resid,tangential_speed_mean,affine_resid__tangential_speed_mean,19,1470,-0.02378913553721035,0.04533463116991039,-0.09043627726832759,0.09043627726832759,0.631578947368421,136
raw,mean_speed,raw__mean_speed,19,1470,-0.04274396925763416,-0.06249734596033729,-0.06618318666614018,0.06618318666614018,0.5789473684210527,136
affine_pred,tangential_speed_mean,affine_pred__tangential_speed_mean,19,1470,0.08722845978258689,-0.04858387002037398,-0.04907131486476113,0.04907131486476113,0.5263157894736842,136
affine_pred,speed_rms,affine_pred__speed_rms,19,1470,0.016722248545949614,-0.042104628893197105,0.04404778671152987,0.04404778671152987,0.5263157894736842,136
raw,velocity_cov_trace,raw__velocity_cov_trace,19,1470,-0.053212254510948354,0.00737231390571233,-0.04375583234704333,0.04375583234704333,0.5263157894736842,136
affine_pred,mean_speed,affine_pred__mean_speed,19,1470,0.07019634196969703,-0.04168401036346994,0.039465614003635185,0.039465614003635185,0.5263157894736842,136
affine_resid,mean_speed,affine_resid__mean_speed,19,1470,0.04197023121708737,0.020743785562194805,-0.027453847755046917,0.027453847755046917,0.5789473684210527,136
raw,speed_rms,raw__speed_rms,19,1470,-0.023463022099639852,-0.040679521033463395,-0.020749215846118774,0.020749215846118774,0.5789473684210527,136
affine_resid,speed_rms,affine_resid__speed_rms,19,1470,0.011361673615193371,-0.028372817310613085,-0.02071607078395528,0.02071607078395528,0.5789473684210527,136
affine_resid,velocity_cov_trace,affine_resid__velocity_cov_trace,19,1470,0.008309686711338138,-0.032285300247178295,0.005406413177538899,0.005406413177538899,0.5263157894736842,136
raw,tangential_speed_mean,raw__tangential_speed_mean,19,1471,0.16652913518449375,-0.15425971286842713,0.23096317227696592,0.23096317227696592,0.7894736842105263,137
affine_pred,tangential_speed_mean,affine_pred__tangential_speed_mean,19,1471,0.019048762121515933,0.02056241369486511,0.16514574541986832,0.16514574541986832,0.5789473684210527,137
affine_resid,tangential_speed_mean,affine_resid__tangential_speed_mean,19,1471,0.17520775491461626,-0.0906903054432662,0.15562485276295548,0.15562485276295548,0.7368421052631579,137
affine_pred,velocity_cov_trace,affine_pred__velocity_cov_trace,19,1471,-0.11177472066612104,0.0017320417657755108,-0.15088467703733355,0.15088467703733355,0.5789473684210527,137
affine_resid,velocity_cov_trace,affine_resid__velocity_cov_trace,19,1471,0.13096776433645194,-0.07107452343774677,0.14971283400326676,0.14971283400326676,0.6842105263157895,137
raw,mean_speed,raw__mean_speed,19,1471,0.1038608355341019,0.02399867119454302,0.1414225484729938,0.1414225484729938,0.5789473684210527,137
affine_resid,mean_speed,affine_resid__mean_speed,19,1471,0.135768401902568,-0.04865768318876701,0.14016694753631576,0.14016694753631576,0.7894736842105263,137
raw,velocity_cov_trace,raw__velocity_cov_trace,19,1471,0.08866820099829506,-0.03707879602292247,0.13845881117614822,0.13845881117614822,0.7368421052631579,137
affine_resid,speed_rms,affine_resid__speed_rms,19,1471,0.14171128430191243,-0.07960126655597607,0.13759924640639487,0.13759924640639487,0.6842105263157895,137
raw,speed_rms,raw__speed_rms,19,1471,0.11460675324670067,-0.053761573773151584,0.13291562049156241,0.13291562049156241,0.6842105263157895,137
affine_pred,speed_rms,affine_pred__speed_rms,19,1471,-0.02681933765557983,0.022220661198324332,-0.06365020924208097,0.06365020924208097,0.631578947368421,137
affine_pred,mean_speed,affine_pred__mean_speed,19,1471,-0.05580137473970087,0.09931719140827855,0.010230198936663326,0.010230198936663326,0.5789473684210527,137
affine_pred,velocity_cov_trace,affine_pred__velocity_cov_trace,19,1471,0.004007798376340237,-0.05439779775446778,0.19935383574596469,0.19935383574596469,0.5789473684210527,138
affine_pred,speed_rms,affine_pred__speed_rms,19,1471,0.09955878137278082,-0.024539305186927485,0.13690001593287004,0.13690001593287004,0.5789473684210527,138
affine_resid,tangential_speed_mean,affine_resid__tangential_speed_mean,19,1471,0.1024994627731283,0.003918290708388977,0.12347815164944753,0.12347815164944753,0.6842105263157895,138
raw,tangential_speed_mean,raw__tangential_speed_mean,19,1471,0.10381769074019931,-0.03489123403182828,0.11515005695327912,0.11515005695327912,0.631578947368421,138
affine_pred,mean_speed,affine_pred__mean_speed,19,1471,0.03871394670533292,-0.010503580894872133,0.09683900664066822,0.09683900664066822,0.631578947368421,138
affine_pred,tangential_speed_mean,affine_pred__tangential_speed_mean,19,1471,0.07715284322246474,-0.05351810060827868,0.07638266134183375,0.07638266134183375,0.5263157894736842,138
affine_resid,mean_speed,affine_resid__mean_speed,19,1471,0.07132089298809033,0.026758828734972012,0.0677408309789301,0.0677408309789301,0.5789473684210527,138
raw,mean_speed,raw__mean_speed,19,1471,0.07867930512744781,0.012719086985850225,0.05429539935986932,0.05429539935986932,0.631578947368421,138
affine_resid,velocity_cov_trace,affine_resid__velocity_cov_trace,19,1471,-0.05872784694310338,-0.007488729584287944,-0.04121254372787175,0.04121254372787175,0.5263157894736842,138
raw,speed_rms,raw__speed_rms,19,1471,0.06839169051052474,0.011315210510532081,0.035783085990737984,0.035783085990737984,0.5789473684210527,138
raw,velocity_cov_trace,raw__velocity_cov_trace,19,1471,-0.039415723980027836,-0.006979133565317874,0.01323126546831796,0.01323126546831796,0.5263157894736842,138
affine_resid,speed_rms,affine_resid__speed_rms,19,1471,-0.03142574135963104,0.02253872161263709,-0.008127695661384257,0.008127695661384257,0.5263157894736842,138
affine_pred,velocity_cov_trace,affine_pred__velocity_cov_trace,19,1469,0.12522574670404657,-0.03320319624045276,0.11349849026830874,0.11349849026830874,0.7368421052631579,139
affine_resid,speed_rms,affine_resid__speed_rms,19,1469,-0.037510103495987324,0.029149177737565424,-0.08633559005501629,0.08633559005501629,0.5789473684210527,139
affine_resid,velocity_cov_trace,affine_resid__velocity_cov_trace,19,1469,-0.024058840828145578,0.04992574558141194,-0.08315463756286823,0.08315463756286823,0.5789473684210527,139
raw,tangential_speed_mean,raw__tangential_speed_mean,19,1469,-0.05619404096752195,-0.06298157160993681,0.08068394498772541,0.08068394498772541,0.631578947368421,139
raw,velocity_cov_trace,raw__velocity_cov_trace,19,1469,0.05699755729854207,0.003454457520860821,0.0799017588845728,0.0799017588845728,0.5789473684210527,139
affine_resid,mean_speed,affine_resid__mean_speed,19,1469,0.03426442647174249,-0.051232767634684415,0.07507766340470198,0.07507766340470198,0.5789473684210527,139
affine_resid,tangential_speed_mean,affine_resid__tangential_speed_mean,19,1469,0.02148498173230433,0.01626785277640756,0.03930626298006701,0.03930626298006701,0.6842105263157895,139
affine_pred,tangential_speed_mean,affine_pred__tangential_speed_mean,19,1469,0.10775806754507192,0.011443308002716632,0.034207512368075954,0.034207512368075954,0.6842105263157895,139
affine_pred,speed_rms,affine_pred__speed_rms,19,1469,0.13711747920191583,0.012533698807702456,0.022789361749054438,0.022789361749054438,0.5263157894736842,139
raw,mean_speed,raw__mean_speed,19,1469,0.012382001228248722,-0.025368538755690027,-0.01989535560053257,0.01989535560053257,0.5263157894736842,139
raw,speed_rms,raw__speed_rms,19,1469,0.01822945108884777,0.021106172543048862,0.0037831188888987066,0.0037831188888987066,0.5263157894736842,139
affine_pred,mean_speed,affine_pred__mean_speed,19,1469,0.0384098107876224,0.0005407733286302563,0.003104631703197386,0.003104631703197386,0.5263157894736842,139
raw,mean_speed,raw__mean_speed,19,1470,0.017543545401560334,-0.07227947469661437,0.08252098047712761,0.08252098047712761,0.7368421052631579,140
affine_resid,mean_speed,affine_resid__mean_speed,19,1470,-0.06251004242184943,-0.11229075078722861,0.08060273574161969,0.08060273574161969,0.631578947368421,140
raw,velocity_cov_trace,raw__velocity_cov_trace,19,1470,-0.0207478540316596,0.0005442829948995309,-0.07607394290944913,0.07607394290944913,0.6842105263157895,140
affine_resid,velocity_cov_trace,affine_resid__velocity_cov_trace,19,1470,-0.020568016541317347,-0.085425290334238,0.057563300646520627,0.057563300646520627,0.5263157894736842,140
raw,tangential_speed_mean,raw__tangential_speed_mean,19,1470,-0.006526287785354468,0.025221336874395095,0.05483191921979802,0.05483191921979802,0.5263157894736842,140
affine_resid,tangential_speed_mean,affine_resid__tangential_speed_mean,19,1470,-0.015808085380640192,0.12889403567078417,-0.05473849370809575,0.05473849370809575,0.631578947368421,140
raw,speed_rms,raw__speed_rms,19,1470,0.04197605445254929,-0.06842207670805134,-0.05204593431050508,0.05204593431050508,0.5263157894736842,140
affine_resid,speed_rms,affine_resid__speed_rms,19,1470,-0.01586992544243948,-0.08922611313883022,0.047265130812192385,0.047265130812192385,0.5263157894736842,140
affine_pred,tangential_speed_mean,affine_pred__tangential_speed_mean,19,1470,-0.0045123721434707775,0.10608064116087951,-0.037737643576286256,0.037737643576286256,0.5263157894736842,140
affine_pred,mean_speed,affine_pred__mean_speed,19,1470,0.040719734232064236,-0.015390157686047262,0.033639432947399406,0.033639432947399406,0.5263157894736842,140
affine_pred,velocity_cov_trace,affine_pred__velocity_cov_trace,19,1470,0.0799912412711406,0.033724084181957714,-0.007030391540543121,0.007030391540543121,0.5263157894736842,140
affine_pred,speed_rms,affine_pred__speed_rms,19,1470,-0.018445463129680165,0.036549104169377525,0.0003386551371487023,0.0003386551371487023,0.5263157894736842,140
raw,mean_speed,raw__mean_speed,19,1471,-0.14620777788309786,0.13220370099856513,-0.18518109631119029,0.18518109631119029,0.7368421052631579,141
raw,speed_rms,raw__speed_rms,19,1471,-0.11027375658095033,0.09176295706835957,-0.13956795911879866,0.13956795911879866,0.6842105263157895,141
affine_pred,mean_speed,affine_pred__mean_speed,19,1471,0.02273912055720323,0.012808078291716152,0.12672070236494504,0.12672070236494504,0.5789473684210527,141
raw,velocity_cov_trace,raw__velocity_cov_trace,19,1471,-0.11776212245405276,0.095129912327232,-0.12062643121070486,0.12062643121070486,0.6842105263157895,141
affine_resid,speed_rms,affine_resid__speed_rms,19,1471,-0.15890307455883734,0.10035161347066804,-0.11204174152348557,0.11204174152348557,0.6842105263157895,141
affine_resid,tangential_speed_mean,affine_resid__tangential_speed_mean,19,1471,-0.07248834911427932,0.021730048195627974,-0.0927556752191609,0.0927556752191609,0.6842105263157895,141
affine_resid,velocity_cov_trace,affine_resid__velocity_cov_trace,19,1471,-0.15688258452117726,0.07621953731307066,-0.08956137703420157,0.08956137703420157,0.631578947368421,141
affine_pred,velocity_cov_trace,affine_pred__velocity_cov_trace,19,1471,-0.016176854331598406,0.05943488920119673,-0.07147531340100477,0.07147531340100477,0.631578947368421,141
affine_pred,tangential_speed_mean,affine_pred__tangential_speed_mean,19,1471,0.012673276841703718,-0.026318313978305363,0.06625841177121583,0.06625841177121583,0.5263157894736842,141
affine_resid,mean_speed,affine_resid__mean_speed,19,1471,-0.10625740715157936,0.029567340896729466,-0.0410096555993798,0.0410096555993798,0.5789473684210527,141
affine_pred,speed_rms,affine_pred__speed_rms,19,1471,0.028297647049425417,-0.008389118313193389,0.03982144930914713,0.03982144930914713,0.5263157894736842,141
raw,tangential_speed_mean,raw__tangential_speed_mean,19,1471,-0.0319144223741652,-0.006335659129008353,-0.004738134491160395,0.004738134491160395,0.5263157894736842,141
raw,speed_rms,raw__speed_rms,19,1471,-0.06912078978517658,0.1256069459941808,-0.30587437942674,0.30587437942674,0.8421052631578947,142
raw,mean_speed,raw__mean_speed,19,1471,-0.1075669006117024,0.1564415744973111,-0.2503861573434857,0.2503861573434857,0.7368421052631579,142
affine_resid,velocity_cov_trace,affine_resid__velocity_cov_trace,19,1471,-0.04338659986647572,0.09017154034278316,-0.22464890088728368,0.22464890088728368,0.8421052631578947,142
affine_resid,mean_speed,affine_resid__mean_speed,19,1471,0.0023925208586200175,0.11731142251378368,-0.1975974727984799,0.1975974727984799,0.6842105263157895,142
affine_resid,speed_rms,affine_resid__speed_rms,19,1471,-0.04185167323552552,0.09067258011218804,-0.19219517168199735,0.19219517168199735,0.8421052631578947,142
affine_pred,speed_rms,affine_pred__speed_rms,19,1471,-0.06842607069932596,0.08057045682687038,-0.17395944312402822,0.17395944312402822,0.6842105263157895,142
affine_pred,mean_speed,affine_pred__mean_speed,19,1471,-0.10188007053122553,0.056130761653859274,-0.16014301308849938,0.16014301308849938,0.5263157894736842,142
raw,velocity_cov_trace,raw__velocity_cov_trace,19,1471,0.01908622181821873,0.14625632530697277,-0.1427028379420139,0.1427028379420139,0.7368421052631579,142
affine_pred,velocity_cov_trace,affine_pred__velocity_cov_trace,19,1471,-0.11907817216388805,0.16183703674318758,-0.1380183770475626,0.1380183770475626,0.631578947368421,142
affine_pred,tangential_speed_mean,affine_pred__tangential_speed_mean,19,1471,-0.09422156780345037,0.043253040641018016,-0.13747460844446838,0.13747460844446838,0.631578947368421,142
raw,tangential_speed_mean,raw__tangential_speed_mean,19,1471,-0.01030638454465363,0.12381578228540398,-0.06748750060783104,0.06748750060783104,0.6842105263157895,142
affine_resid,tangential_speed_mean,affine_resid__tangential_speed_mean,19,1471,-0.10787522665090243,0.06836491533395717,-0.048610025109607324,0.048610025109607324,0.631578947368421,142
affine_pred,mean_speed,affine_pred__mean_speed,19,1470,0.060245227766579625,-0.030711147112936543,0.16244289751769003,0.16244289751769003,0.5789473684210527,143
affine_pred,speed_rms,affine_pred__speed_rms,19,1470,0.022356859698484256,0.02625991304523334,0.12187260062817365,0.12187260062817365,0.5789473684210527,143
raw,velocity_cov_trace,raw__velocity_cov_trace,19,1470,-0.032806042675733504,0.009487594737003835,-0.09199670256075593,0.09199670256075593,0.5789473684210527,143
affine_resid,mean_speed,affine_resid__mean_speed,19,1470,-9.603082797540741e-05,0.006852536835399103,-0.06812057236643276,0.06812057236643276,0.631578947368421,143
affine_pred,velocity_cov_trace,affine_pred__velocity_cov_trace,19,1470,0.009273665278915377,0.020134569093109067,0.0671209103024637,0.0671209103024637,0.5789473684210527,143
affine_resid,speed_rms,affine_resid__speed_rms,19,1470,-0.012376907296788336,-0.004743024962145043,0.06353289779232973,0.06353289779232973,0.5263157894736842,143
raw,tangential_speed_mean,raw__tangential_speed_mean,19,1470,-0.013571078134224559,-0.06387812710082175,0.054539971777136265,0.054539971777136265,0.631578947368421,143
raw,mean_speed,raw__mean_speed,19,1470,-0.01896814864186875,0.019869294752126343,0.04724618000248214,0.04724618000248214,0.5263157894736842,143
affine_resid,velocity_cov_trace,affine_resid__velocity_cov_trace,19,1470,-0.017872386279832536,-0.013217349635321382,0.043591546139398196,0.043591546139398196,0.5263157894736842,143
raw,speed_rms,raw__speed_rms,19,1470,-0.032174114849192595,-0.013154644299645343,0.011529066477558803,0.011529066477558803,0.5789473684210527,143
affine_resid,tangential_speed_mean,affine_resid__tangential_speed_mean,19,1470,0.013801637708625756,-0.01643664731305705,-0.0036216181790746926,0.0036216181790746926,0.5263157894736842,143
affine_pred,tangential_speed_mean,affine_pred__tangential_speed_mean,19,1470,-0.0033968585258165596,0.03971661178600652,-0.0030032929938783592,0.0030032929938783592,0.5263157894736842,143
raw,velocity_cov_trace,raw__velocity_cov_trace,19,1471,0.08989956664657328,0.12016497023942918,-0.1110754304434308,0.1110754304434308,0.7368421052631579,144
affine_pred,tangential_speed_mean,affine_pred__tangential_speed_mean,19,1471,0.08976277584809239,0.00880492595307343,0.11003036385070672,0.11003036385070672,0.5789473684210527,144
affine_resid,tangential_speed_mean,affine_resid__tangential_speed_mean,19,1471,-0.04365187200399257,0.0007180206402858796,-0.07349688657167719,0.07349688657167719,0.631578947368421,144
affine_resid,speed_rms,affine_resid__speed_rms,19,1471,0.09663971571250252,0.042034844498085366,-0.06334498422201268,0.06334498422201268,0.5263157894736842,144
affine_resid,velocity_cov_trace,affine_resid__velocity_cov_trace,19,1471,0.07831391964723178,0.06494208073067065,-0.05136199852160857,0.05136199852160857,0.5263157894736842,144
raw,tangential_speed_mean,raw__tangential_speed_mean,19,1471,-0.01054923976195088,-0.01533898580675247,-0.05103635082354835,0.05103635082354835,0.5789473684210527,144
affine_pred,speed_rms,affine_pred__speed_rms,19,1471,0.07024621557436025,0.014365278397264702,-0.03927946026683185,0.03927946026683185,0.631578947368421,144
affine_pred,velocity_cov_trace,affine_pred__velocity_cov_trace,19,1471,0.0027489698283823527,0.03184450055580572,-0.03157418281831398,0.03157418281831398,0.5789473684210527,144
raw,speed_rms,raw__speed_rms,19,1471,0.05391629060905778,0.07286432451315317,-0.03156199389630379,0.03156199389630379,0.5263157894736842,144
affine_resid,mean_speed,affine_resid__mean_speed,19,1471,0.05486600268894143,-0.04101730314390756,-0.026589524139220166,0.026589524139220166,0.5789473684210527,144
raw,mean_speed,raw__mean_speed,19,1471,0.04663400845630883,0.05388274391993389,-0.025138232867520482,0.025138232867520482,0.631578947368421,144
affine_pred,mean_speed,affine_pred__mean_speed,19,1471,0.13611022150444002,0.020532583222580086,-0.011178731407053555,0.011178731407053555,0.5789473684210527,144
affine_resid,tangential_speed_mean,affine_resid__tangential_speed_mean,19,1470,0.013873918579837913,0.12351515651190922,-0.20762971979541056,0.20762971979541056,0.5789473684210527,145
affine_resid,mean_speed,affine_resid__mean_speed,19,1470,-0.12249417198667073,0.07763391155014655,-0.12749043184576303,0.12749043184576303,0.631578947368421,145
raw,mean_speed,raw__mean_speed,19,1470,0.02547520281695237,0.09317566635285462,-0.12707926627343058,0.12707926627343058,0.631578947368421,145
affine_pred,tangential_speed_mean,affine_pred__tangential_speed_mean,19,1470,0.002446525698268198,0.05945987338323355,-0.08288283134714862,0.08288283134714862,0.5789473684210527,145
affine_resid,velocity_cov_trace,affine_resid__velocity_cov_trace,19,1470,-0.0635648282827117,0.15646389937524086,-0.06743617385627598,0.06743617385627598,0.5789473684210527,145
raw,tangential_speed_mean,raw__tangential_speed_mean,19,1470,-0.010199186547877104,0.11521448236107067,-0.057408150258857024,0.057408150258857024,0.5263157894736842,145
affine_pred,mean_speed,affine_pred__mean_speed,19,1470,-0.053748980537060745,-0.030520570827906823,0.056106096614494394,0.056106096614494394,0.5263157894736842,145
affine_pred,speed_rms,affine_pred__speed_rms,19,1470,0.0012117941218960926,-0.06646301642211644,0.04577868633985113,0.04577868633985113,0.631578947368421,145
affine_pred,velocity_cov_trace,affine_pred__velocity_cov_trace,19,1470,-0.051859534573869395,-0.04623393679681437,0.04086765692898561,0.04086765692898561,0.631578947368421,145
raw,speed_rms,raw__speed_rms,19,1470,0.020639760088525742,-0.015859586570658918,-0.04013255941153812,0.04013255941153812,0.5263157894736842,145
raw,velocity_cov_trace,raw__velocity_cov_trace,19,1470,-0.008756966978365144,0.02428726962352227,0.03002788296272932,0.03002788296272932,0.5263157894736842,145
affine_resid,speed_rms,affine_resid__speed_rms,19,1470,-0.038789020289268894,0.1841870381783391,-0.02823436273501287,0.02823436273501287,0.5789473684210527,145
affine_pred,velocity_cov_trace,affine_pred__velocity_cov_trace,19,1470,0.0876402410133657,-0.2262246239087602,0.22334672816858375,0.22334672816858375,0.7368421052631579,146
affine_resid,tangential_speed_mean,affine_resid__tangential_speed_mean,19,1470,-0.0270455095221854,0.1722993203468294,-0.2098782582433006,0.2098782582433006,0.7368421052631579,146
affine_pred,tangential_speed_mean,affine_pred__tangential_speed_mean,19,1470,-0.0008383266014592439,-0.06903249764967787,0.18051482219843235,0.18051482219843235,0.6842105263157895,146
affine_pred,mean_speed,affine_pred__mean_speed,19,1470,0.00878270115420466,-0.11475119567468808,0.1682292137155773,0.1682292137155773,0.6842105263157895,146
affine_resid,mean_speed,affine_resid__mean_speed,19,1470,-0.003112723977321097,0.12713045487797023,-0.13315625086756205,0.13315625086756205,0.6842105263157895,146
affine_pred,speed_rms,affine_pred__speed_rms,19,1470,0.04204678827324573,-0.12871858461699637,0.10590858693128846,0.10590858693128846,0.7894736842105263,146
affine_resid,speed_rms,affine_resid__speed_rms,19,1470,0.012530470246103875,0.10098505229578084,-0.09869591090864666,0.09869591090864666,0.631578947368421,146
affine_resid,velocity_cov_trace,affine_resid__velocity_cov_trace,19,1470,0.015302209647722241,0.09696807968593185,-0.0851781221052959,0.0851781221052959,0.631578947368421,146
raw,speed_rms,raw__speed_rms,19,1470,0.061323215459463384,-0.013086404760445536,-0.08045551522934358,0.08045551522934358,0.631578947368421,146
raw,tangential_speed_mean,raw__tangential_speed_mean,19,1470,-0.05456658894605418,-0.0298698104243615,0.07754523833975091,0.07754523833975091,0.5263157894736842,146
raw,mean_speed,raw__mean_speed,19,1470,0.0014242422709248026,-0.013054656422391397,-0.048273129164312756,0.048273129164312756,0.5263157894736842,146
raw,velocity_cov_trace,raw__velocity_cov_trace,19,1470,0.09338966051004152,0.020948143665692087,-0.04669370087439667,0.04669370087439667,0.5263157894736842,146
affine_resid,velocity_cov_trace,affine_resid__velocity_cov_trace,19,1471,-0.029067363104249566,-0.02039747551852117,0.07473595876381514,0.07473595876381514,0.5789473684210527,147
affine_resid,tangential_speed_mean,affine_resid__tangential_speed_mean,19,1471,-0.020067968496315647,-0.048643048753085075,-0.07233553543788995,0.07233553543788995,0.5789473684210527,147
affine_pred,tangential_speed_mean,affine_pred__tangential_speed_mean,19,1471,-0.10613683190915219,-0.03575566135334818,0.06769385574676115,0.06769385574676115,0.5789473684210527,147
affine_resid,speed_rms,affine_resid__speed_rms,19,1471,-0.023989919278830818,-0.023986234691527226,0.0619293121498809,0.0619293121498809,0.5789473684210527,147
affine_resid,mean_speed,affine_resid__mean_speed,19,1471,-0.08387967343365565,-0.008566104655731543,-0.05844094552644316,0.05844094552644316,0.5789473684210527,147
raw,mean_speed,raw__mean_speed,19,1471,-0.10798036240377612,0.005404529236680167,-0.05209806601563205,0.05209806601563205,0.631578947368421,147
affine_pred,velocity_cov_trace,affine_pred__velocity_cov_trace,19,1471,-0.024849152295682908,-0.0025760877414925387,0.03463536623961494,0.03463536623961494,0.5789473684210527,147
raw,velocity_cov_trace,raw__velocity_cov_trace,19,1471,-0.03896139153771554,-0.02266030762784038,0.031031613910903602,0.031031613910903602,0.5263157894736842,147
affine_pred,speed_rms,affine_pred__speed_rms,19,1471,-0.019165739845100283,0.06237595890829972,-0.030394915938227185,0.030394915938227185,0.5789473684210527,147
affine_pred,mean_speed,affine_pred__mean_speed,19,1471,0.0006986028634586583,0.03131339109349965,-0.027488068251338385,0.027488068251338385,0.5263157894736842,147
raw,speed_rms,raw__speed_rms,19,1471,-0.052120068036322964,0.006789482042055567,-0.021166302305565404,0.021166302305565404,0.5789473684210527,147
raw,tangential_speed_mean,raw__tangential_speed_mean,19,1471,-0.04836078151082546,0.004682713792973414,-0.005628411067601466,0.005628411067601466,0.5263157894736842,147
raw,speed_rms,raw__speed_rms,19,1469,0.0016728723004648394,-0.12998341162512994,0.22958590211549418,0.22958590211549418,0.6842105263157895,148
affine_resid,mean_speed,affine_resid__mean_speed,19,1469,-0.025131093619266798,-0.10672656793654603,0.19136926897304168,0.19136926897304168,0.7368421052631579,148
raw,velocity_cov_trace,raw__velocity_cov_trace,19,1469,0.00847394260412368,-0.08694116981249622,0.14446366553090112,0.14446366553090112,0.631578947368421,148
affine_resid,velocity_cov_trace,affine_resid__velocity_cov_trace,19,1469,0.02041819819577874,-0.006844281890320492,0.1442839677144363,0.1442839677144363,0.631578947368421,148
affine_resid,speed_rms,affine_resid__speed_rms,19,1469,-0.015111524783191443,0.0011936333990962972,0.13364061024043383,0.13364061024043383,0.631578947368421,148
affine_resid,tangential_speed_mean,affine_resid__tangential_speed_mean,19,1469,0.012949998051573375,-0.08114858331594718,0.12012206807208595,0.12012206807208595,0.6842105263157895,148
affine_pred,speed_rms,affine_pred__speed_rms,19,1469,0.0048598363753264845,-0.06660178398813464,0.08661348020014853,0.08661348020014853,0.5789473684210527,148
affine_pred,velocity_cov_trace,affine_pred__velocity_cov_trace,19,1469,-0.11463522158885414,-0.0023205833963436673,-0.07032960418251748,0.07032960418251748,0.5789473684210527,148
affine_pred,mean_speed,affine_pred__mean_speed,19,1469,-0.07025571170120386,-0.05140062637640319,-0.06389099703654272,0.06389099703654272,0.5789473684210527,148
raw,tangential_speed_mean,raw__tangential_speed_mean,19,1469,-0.032254507196908366,-0.002279984837656568,0.04990747695620157,0.04990747695620157,0.5263157894736842,148
affine_pred,tangential_speed_mean,affine_pred__tangential_speed_mean,19,1469,-0.11652129704192715,0.017000657138635952,-0.038265266090527494,0.038265266090527494,0.5263157894736842,148
raw,mean_speed,raw__mean_speed,19,1469,-0.027166856163959918,-0.06952298142116992,0.035680122853865515,0.035680122853865515,0.5789473684210527,148
affine_resid,tangential_speed_mean,affine_resid__tangential_speed_mean,19,1470,-0.012177938927423387,0.13981911384987628,-0.12789840796996926,0.12789840796996926,0.7368421052631579,149
raw,mean_speed,raw__mean_speed,19,1470,0.05179755891027185,-0.021578977339334324,0.1272057413296097,0.1272057413296097,0.5789473684210527,149
affine_resid,speed_rms,affine_resid__speed_rms,19,1470,-0.004782498309643057,0.10371193841887587,-0.11728410550436186,0.11728410550436186,0.5789473684210527,149
affine_pred,speed_rms,affine_pred__speed_rms,19,1470,-0.07920415989607721,-0.08019316876502988,0.11325413854296967,0.11325413854296967,0.5789473684210527,149
affine_resid,mean_speed,affine_resid__mean_speed,19,1470,0.012833976678926315,0.054485808830455285,-0.10829357614545493,0.10829357614545493,0.5789473684210527,149
affine_pred,mean_speed,affine_pred__mean_speed,19,1470,0.015666190391423515,-0.07251925841411543,0.09001333998565417,0.09001333998565417,0.631578947368421,149
affine_resid,velocity_cov_trace,affine_resid__velocity_cov_trace,19,1470,-0.008143146693437076,0.07308444189382275,-0.08961115695598312,0.08961115695598312,0.5789473684210527,149
raw,velocity_cov_trace,raw__velocity_cov_trace,19,1470,-0.07615479273649828,0.060644082291156115,-0.08241612513770111,0.08241612513770111,0.631578947368421,149
raw,tangential_speed_mean,raw__tangential_speed_mean,19,1470,0.008899347123815404,0.06888855777333691,-0.05998921064952151,0.05998921064952151,0.5263157894736842,149
raw,speed_rms,raw__speed_rms,19,1470,0.012056298670001686,0.06575542757882205,-0.041316169624374705,0.041316169624374705,0.5263157894736842,149
affine_pred,velocity_cov_trace,affine_pred__velocity_cov_trace,19,1470,0.030983257923917637,-0.06522698707339036,-0.0303928749654733,0.0303928749654733,0.5263157894736842,149
affine_pred,tangential_speed_mean,affine_pred__tangential_speed_mean,19,1470,-0.030700349750593048,-0.07632602210146178,-0.020218966890337087,0.020218966890337087,0.5263157894736842,149
affine_resid,tangential_speed_mean,affine_resid__tangential_speed_mean,19,1471,0.12275093155501605,-0.12118370697768752,0.21155910307501194,0.21155910307501194,0.7368421052631579,150
affine_resid,mean_speed,affine_resid__mean_speed,19,1471,0.09127535021793776,-0.039197284061721904,0.21134918893492005,0.21134918893492005,0.631578947368421,150
affine_pred,speed_rms,affine_pred__speed_rms,19,1471,-0.06230041339914316,0.07691913969395453,-0.1580484759437617,0.1580484759437617,0.6842105263157895,150
raw,tangential_speed_mean,raw__tangential_speed_mean,19,1471,0.048114320363287444,0.030478839697182902,0.145520660616294,0.145520660616294,0.631578947368421,150
affine_pred,mean_speed,affine_pred__mean_speed,19,1471,-0.0696907739477446,0.01875042303192756,-0.1244516719433637,0.1244516719433637,0.6842105263157895,150
raw,velocity_cov_trace,raw__velocity_cov_trace,19,1471,0.010828830973345083,-0.05851021062454054,0.10694680349096333,0.10694680349096333,0.5789473684210527,150
affine_pred,velocity_cov_trace,affine_pred__velocity_cov_trace,19,1471,-0.08887186246840394,0.01570923080656566,-0.09625740218599332,0.09625740218599332,0.631578947368421,150
raw,speed_rms,raw__speed_rms,19,1471,0.023070934462574272,-0.043839216231527214,0.06813308973080678,0.06813308973080678,0.5263157894736842,150
affine_resid,velocity_cov_trace,affine_resid__velocity_cov_trace,19,1471,0.0941997508570801,-0.06764361930093324,0.019688822090828784,0.019688822090828784,0.5263157894736842,150
affine_pred,tangential_speed_mean,affine_pred__tangential_speed_mean,19,1471,-0.0683414526882355,0.02694362670479962,-0.013374710591029765,0.013374710591029765,0.5263157894736842,150
raw,mean_speed,raw__mean_speed,19,1471,0.03062873388060508,-0.1104521025766666,-0.008863142324196382,0.008863142324196382,0.5263157894736842,150
affine_resid,speed_rms,affine_resid__speed_rms,19,1471,0.08972246247128218,-0.0553434446578642,-0.002354122111071999,0.002354122111071999,0.5263157894736842,150
raw,tangential_speed_mean,raw__tangential_speed_mean,19,1471,-0.06428631060586637,0.080193549095539,-0.1861052162343108,0.1861052162343108,0.6842105263157895,151
affine_pred,mean_speed,affine_pred__mean_speed,19,1471,-0.0685565867549309,0.06435836689353835,-0.16244176427855087,0.16244176427855087,0.631578947368421,151
affine_pred,velocity_cov_trace,affine_pred__velocity_cov_trace,19,1471,-0.057142451578601816,0.06618005474736709,-0.15353563980965002,0.15353563980965002,0.5789473684210527,151
raw,mean_speed,raw__mean_speed,19,1471,-0.033652704980680015,0.03572733965602981,-0.1294586970804957,0.1294586970804957,0.5263157894736842,151
affine_pred,speed_rms,affine_pred__speed_rms,19,1471,-0.03575175540516323,0.02110841212225137,-0.10231282757978473,0.10231282757978473,0.631578947368421,151
raw,speed_rms,raw__speed_rms,19,1471,-0.00027810971963132536,0.05092995258525981,0.06688592619130251,0.06688592619130251,0.5263157894736842,151
affine_resid,speed_rms,affine_resid__speed_rms,19,1471,0.027379372546450002,0.023872736771145875,-0.06323117112724636,0.06323117112724636,0.5263157894736842,151
affine_resid,velocity_cov_trace,affine_resid__velocity_cov_trace,19,1471,0.02146067751306955,-0.010275399395389823,-0.05639952897526429,0.05639952897526429,0.5263157894736842,151
raw,velocity_cov_trace,raw__velocity_cov_trace,19,1471,0.0640448206741539,0.12192354376567205,0.049857578425174964,0.049857578425174964,0.5263157894736842,151
affine_resid,tangential_speed_mean,affine_resid__tangential_speed_mean,19,1471,0.05038838660657213,0.016048439460849218,0.0395190657676271,0.0395190657676271,0.5263157894736842,151
affine_pred,tangential_speed_mean,affine_pred__tangential_speed_mean,19,1471,-0.024241561554581376,0.044580612048110396,-0.025472196201578777,0.025472196201578777,0.631578947368421,151
affine_resid,mean_speed,affine_resid__mean_speed,19,1471,0.09522582284679,-0.0011728519054456689,0.0078509897864018,0.0078509897864018,0.5263157894736842,151
raw,mean_speed,raw__mean_speed,19,1470,0.19764150684677562,0.006117411621391122,0.3206096128130682,0.3206096128130682,0.6842105263157895,152
raw,speed_rms,raw__speed_rms,19,1470,0.21197031290564058,-0.04593597095695884,0.241531322728371,0.241531322728371,0.6842105263157895,152
affine_resid,mean_speed,affine_resid__mean_speed,19,1470,0.10065467147003647,-0.015289139131099971,0.20631455643679344,0.20631455643679344,0.6842105263157895,152
affine_resid,velocity_cov_trace,affine_resid__velocity_cov_trace,19,1470,0.13657025493032304,-0.041328559778207874,0.20122160270201223,0.20122160270201223,0.6842105263157895,152
affine_resid,speed_rms,affine_resid__speed_rms,19,1470,0.1365562860543832,-0.047415317840114324,0.18210778835710148,0.18210778835710148,0.6842105263157895,152
raw,tangential_speed_mean,raw__tangential_speed_mean,19,1470,0.04002947247066374,-0.034256364275059736,0.15788028227951983,0.15788028227951983,0.7368421052631579,152
raw,velocity_cov_trace,raw__velocity_cov_trace,19,1470,0.16244487542548147,-0.027790993420420664,0.15472595273162532,0.15472595273162532,0.631578947368421,152
affine_resid,tangential_speed_mean,affine_resid__tangential_speed_mean,19,1470,0.0881472026927505,-0.1014327393072722,0.10966625104423336,0.10966625104423336,0.5263157894736842,152
affine_pred,velocity_cov_trace,affine_pred__velocity_cov_trace,19,1470,0.02409256925732621,-0.024350734370519045,0.032492709619762083,0.032492709619762083,0.5263157894736842,152
affine_pred,mean_speed,affine_pred__mean_speed,19,1470,0.03312325050500409,-0.02898428501228348,0.014647779406753103,0.014647779406753103,0.5263157894736842,152
affine_pred,speed_rms,affine_pred__speed_rms,19,1470,0.04606208971706671,0.014139798121295538,0.00879422935599039,0.00879422935599039,0.5263157894736842,152
affine_pred,tangential_speed_mean,affine_pred__tangential_speed_mean,19,1470,-0.08978329063521939,-0.10185575138480718,0.004359795013170437,0.004359795013170437,0.5263157894736842,152
raw,speed_rms,raw__speed_rms,19,1470,0.07718934435049979,-0.01855284015413229,0.1327209212491384,0.1327209212491384,0.5263157894736842,153
raw,velocity_cov_trace,raw__velocity_cov_trace,19,1470,0.09959471613903766,-0.020932559540015272,0.12052727567905293,0.12052727567905293,0.5789473684210527,153
affine_resid,speed_rms,affine_resid__speed_rms,19,1470,0.04241155797518226,-0.0224076059544166,0.11280469610988783,0.11280469610988783,0.631578947368421,153
affine_resid,velocity_cov_trace,affine_resid__velocity_cov_trace,19,1470,0.06438982011125638,-0.017755378711768355,0.10947924418377165,0.10947924418377165,0.631578947368421,153
affine_resid,mean_speed,affine_resid__mean_speed,19,1470,0.11060865836792917,-0.031477378555685886,0.1008024199781305,0.1008024199781305,0.631578947368421,153
raw,mean_speed,raw__mean_speed,19,1470,0.083384244419267,0.0539425957891253,0.05957909676512882,0.05957909676512882,0.5789473684210527,153
affine_pred,mean_speed,affine_pred__mean_speed,19,1470,0.0006852584920143956,-0.008824668377721862,-0.056224671273472505,0.056224671273472505,0.5789473684210527,153
affine_pred,tangential_speed_mean,affine_pred__tangential_speed_mean,19,1470,0.028324149656812042,0.03401562256622681,0.035357010184768556,0.035357010184768556,0.5263157894736842,153
affine_pred,speed_rms,affine_pred__speed_rms,19,1470,0.08231729254370031,-0.0007149856731457349,0.034717203818684844,0.034717203818684844,0.5789473684210527,153
affine_pred,velocity_cov_trace,affine_pred__velocity_cov_trace,19,1470,0.052409572566589624,0.011418379836978437,0.03427210843442881,0.03427210843442881,0.5263157894736842,153
raw,tangential_speed_mean,raw__tangential_speed_mean,19,1470,-0.04740620362135628,-0.015410095762956433,0.011973445051006254,0.011973445051006254,0.5263157894736842,153
affine_resid,tangential_speed_mean,affine_resid__tangential_speed_mean,19,1470,-0.006164982494296201,-0.04816632500317251,0.011457346978356,0.011457346978356,0.5789473684210527,153
raw,velocity_cov_trace,raw__velocity_cov_trace,19,1470,0.05713118764650865,-0.09021157739190239,0.19203964369760584,0.19203964369760584,0.6842105263157895,154
raw,speed_rms,raw__speed_rms,19,1470,0.08177037706512019,-0.07906709089391048,0.182668000385121,0.182668000385121,0.6842105263157895,154
affine_resid,tangential_speed_mean,affine_resid__tangential_speed_mean,19,1470,0.11459995866398481,-0.09857078825671543,0.12875517363595496,0.12875517363595496,0.7894736842105263,154
affine_resid,mean_speed,affine_resid__mean_speed,19,1470,0.0031938235390454595,-0.05109764696229897,0.11546832737387525,0.11546832737387525,0.7894736842105263,154
affine_resid,speed_rms,affine_resid__speed_rms,19,1470,0.08327325229686922,-0.0020918822344982435,0.08287368658603819,0.08287368658603819,0.631578947368421,154
raw,tangential_speed_mean,raw__tangential_speed_mean,19,1470,0.04241852255841149,-0.05999305970641121,0.08080455285349786,0.08080455285349786,0.6842105263157895,154
affine_pred,mean_speed,affine_pred__mean_speed,19,1470,-0.011746059463186888,0.11657123452336489,-0.06849375771499217,0.06849375771499217,0.5263157894736842,154
raw,mean_speed,raw__mean_speed,19,1470,0.09965248993889506,-0.03274672349684632,0.0655950396264306,0.0655950396264306,0.631578947368421,154
affine_pred,tangential_speed_mean,affine_pred__tangential_speed_mean,19,1470,0.033463660238386206,0.09609531744959238,0.05048051700548348,0.05048051700548348,0.5263157894736842,154
affine_resid,velocity_cov_trace,affine_resid__velocity_cov_trace,19,1470,0.058449455188844396,0.01488155713008027,0.04016789337709764,0.04016789337709764,0.631578947368421,154
affine_pred,velocity_cov_trace,affine_pred__velocity_cov_trace,19,1470,0.03538821386234603,0.10005805847747526,0.00698034456173402,0.00698034456173402,0.5263157894736842,154
affine_pred,speed_rms,affine_pred__speed_rms,19,1470,0.038560584051494096,-0.03488166718640495,-0.0007443238925708764,0.0007443238925708764,0.5263157894736842,154
raw,speed_rms,raw__speed_rms,19,1471,-0.06002699269382161,0.027698946695531385,-0.18316734890618536,0.18316734890618536,0.5789473684210527,155
raw,mean_speed,raw__mean_speed,19,1471,0.04080364614558665,0.0751239849952417,-0.14186913560248493,0.14186913560248493,0.5789473684210527,155
affine_pred,tangential_speed_mean,affine_pred__tangential_speed_mean,19,1471,-0.04682879455629185,-0.024647651492477718,-0.09161841367923812,0.09161841367923812,0.631578947368421,155
raw,velocity_cov_trace,raw__velocity_cov_trace,19,1471,0.009327082188463454,0.08989268130165401,-0.07165509019073663,0.07165509019073663,0.631578947368421,155
affine_pred,mean_speed,affine_pred__mean_speed,19,1471,0.016039536923671993,-0.04685375036561074,0.0552342410936877,0.0552342410936877,0.5789473684210527,155
affine_resid,speed_rms,affine_resid__speed_rms,19,1471,0.026212537352025778,0.04508154249152668,-0.045624566988753834,0.045624566988753834,0.631578947368421,155
affine_resid,tangential_speed_mean,affine_resid__tangential_speed_mean,19,1471,-0.010498071922313001,0.043418730271112066,-0.04095946727408603,0.04095946727408603,0.5789473684210527,155
affine_resid,mean_speed,affine_resid__mean_speed,19,1471,0.08813570574098145,0.05227778422074553,0.03597226086638519,0.03597226086638519,0.5789473684210527,155
affine_pred,velocity_cov_trace,affine_pred__velocity_cov_trace,19,1471,-0.06809004114494968,-0.08652510546458692,0.03473249171352588,0.03473249171352588,0.631578947368421,155
affine_resid,velocity_cov_trace,affine_resid__velocity_cov_trace,19,1471,0.015662350940048975,0.04069086660288507,-0.025841384998714828,0.025841384998714828,0.5789473684210527,155
affine_pred,speed_rms,affine_pred__speed_rms,19,1471,-0.00445933665440304,-0.03361456417898394,0.02425399259225272,0.02425399259225272,0.5789473684210527,155
raw,tangential_speed_mean,raw__tangential_speed_mean,19,1471,-0.0063602189778448615,0.014791361640007383,-0.010386320504476902,0.010386320504476902,0.5263157894736842,155
raw,speed_rms,raw__speed_rms,19,1470,0.10425272057203239,-0.058817436489398967,0.14739252944926945,0.14739252944926945,0.631578947368421,156
affine_pred,speed_rms,affine_pred__speed_rms,19,1470,-0.023097354791342645,-0.08712601413352261,0.1258895731891566,0.1258895731891566,0.6842105263157895,156
raw,mean_speed,raw__mean_speed,19,1470,0.08187330880142285,-0.0635469301961539,0.08509933495955957,0.08509933495955957,0.631578947368421,156
affine_pred,tangential_speed_mean,affine_pred__tangential_speed_mean,19,1470,0.005663737747592823,-0.057739793940615125,0.06184874888565772,0.06184874888565772,0.6842105263157895,156
affine_pred,mean_speed,affine_pred__mean_speed,19,1470,0.02368644598861174,-0.01751618773429131,0.06110241221319421,0.06110241221319421,0.631578947368421,156
affine_resid,velocity_cov_trace,affine_resid__velocity_cov_trace,19,1470,0.07593245701355414,0.01035892832041485,0.05729154708212472,0.05729154708212472,0.631578947368421,156
affine_resid,speed_rms,affine_resid__speed_rms,19,1470,0.06691352050872906,0.023328183321523865,0.0435853371872052,0.0435853371872052,0.5789473684210527,156
raw,tangential_speed_mean,raw__tangential_speed_mean,19,1470,0.11338672462369809,0.07929254379173023,0.03998700196573576,0.03998700196573576,0.5263157894736842,156
affine_resid,mean_speed,affine_resid__mean_speed,19,1470,0.07356834296566442,-0.060061417532761396,0.02998741925611355,0.02998741925611355,0.5263157894736842,156
raw,velocity_cov_trace,raw__velocity_cov_trace,19,1470,0.0022115370891453434,-0.03587918640063145,0.029585138892575857,0.029585138892575857,0.5789473684210527,156
affine_resid,tangential_speed_mean,affine_resid__tangential_speed_mean,19,1470,0.1407476106018165,-0.03158066576919875,0.01069533998229999,0.01069533998229999,0.5789473684210527,156
affine_pred,velocity_cov_trace,affine_pred__velocity_cov_trace,19,1470,-0.02999733618990387,-0.01586746749001472,-0.00014764362124775054,0.00014764362124775054,0.5263157894736842,156
affine_resid,mean_speed,affine_resid__mean_speed,19,1470,-0.1213760917746673,-0.037422384975332054,-0.23797242563923449,0.23797242563923449,0.631578947368421,157
raw,mean_speed,raw__mean_speed,19,1470,-0.15938072744708182,0.05082911211876612,-0.22876524925843286,0.22876524925843286,0.631578947368421,157
affine_pred,tangential_speed_mean,affine_pred__tangential_speed_mean,19,1470,-0.035095424194219044,0.05601939116198065,-0.15059196829667665,0.15059196829667665,0.7368421052631579,157
raw,tangential_speed_mean,raw__tangential_speed_mean,19,1470,-0.03121393501674613,0.06716911175746465,-0.13350986079047586,0.13350986079047586,0.7368421052631579,157
affine_resid,velocity_cov_trace,affine_resid__velocity_cov_trace,19,1470,-0.09150490089705005,0.03154218772027498,-0.10692820606352416,0.10692820606352416,0.631578947368421,157
raw,velocity_cov_trace,raw__velocity_cov_trace,19,1470,-0.09722071822842238,-0.0010703937029163946,-0.10156071651847229,0.10156071651847229,0.6842105263157895,157
raw,speed_rms,raw__speed_rms,19,1470,-0.17696683773542765,0.027183883213415513,-0.09214850773567676,0.09214850773567676,0.6842105263157895,157
affine_resid,speed_rms,affine_resid__speed_rms,19,1470,-0.042873707569830916,0.0459383900592249,-0.08503277648879595,0.08503277648879595,0.631578947368421,157
affine_pred,speed_rms,affine_pred__speed_rms,19,1470,-0.03293171260819755,-0.05802117238290433,-0.08329613399351657,0.08329613399351657,0.5263157894736842,157
affine_pred,mean_speed,affine_pred__mean_speed,19,1470,0.04681740000877613,-0.018342142204661127,-0.048370720487247054,0.048370720487247054,0.631578947368421,157
affine_resid,tangential_speed_mean,affine_resid__tangential_speed_mean,19,1470,-0.009499561642895449,0.031069918605113142,-0.04470201357472292,0.04470201357472292,0.5789473684210527,157
affine_pred,velocity_cov_trace,affine_pred__velocity_cov_trace,19,1470,-0.07024683862317119,-0.006900469024103684,0.012403984699639048,0.012403984699639048,0.5263157894736842,157
affine_pred,velocity_cov_trace,affine_pred__velocity_cov_trace,19,1470,0.08897671139389224,-0.05834677928645082,0.14414818601441445,0.14414818601441445,0.5789473684210527,158
affine_resid,mean_speed,affine_resid__mean_speed,19,1470,-0.038180121922116284,-0.14977538222928757,0.08723141139371657,0.08723141139371657,0.631578947368421,158
affine_pred,mean_speed,affine_pred__mean_speed,19,1470,0.03930708842664804,-0.06622033905758357,0.08490396464038766,0.08490396464038766,0.5789473684210527,158
raw,velocity_cov_trace,raw__velocity_cov_trace,19,1470,0.03450205921937022,-0.02317813230119037,0.08424336343406794,0.08424336343406794,0.5263157894736842,158
affine_resid,tangential_speed_mean,affine_resid__tangential_speed_mean,19,1470,-0.044393672463296036,-0.07820730203442988,0.0568600174372699,0.0568600174372699,0.5263157894736842,158
raw,speed_rms,raw__speed_rms,19,1470,0.012424814094271597,-0.035841883389969714,0.0359664843459348,0.0359664843459348,0.5263157894736842,158
raw,mean_speed,raw__mean_speed,19,1470,0.06784303511844825,-0.08048212236169516,0.03324085000647725,0.03324085000647725,0.631578947368421,158
raw,tangential_speed_mean,raw__tangential_speed_mean,19,1470,-0.08808561563938977,-0.0513945297610722,-0.027807145566613872,0.027807145566613872,0.5263157894736842,158
affine_resid,velocity_cov_trace,affine_resid__velocity_cov_trace,19,1470,0.05595614704505064,-0.011728393947777652,0.02067513201182919,0.02067513201182919,0.5263157894736842,158
affine_resid,speed_rms,affine_resid__speed_rms,19,1470,0.05765892802573956,0.010115495083617781,0.015471945250872032,0.015471945250872032,0.5263157894736842,158
affine_pred,tangential_speed_mean,affine_pred__tangential_speed_mean,19,1470,-0.01024593501210419,-0.043576662610693956,-0.007755557867710372,0.007755557867710372,0.5263157894736842,158
affine_pred,speed_rms,affine_pred__speed_rms,19,1470,0.01113726860908957,-0.061246280977682505,0.006173606976432705,0.006173606976432705,0.5263157894736842,158
affine_resid,velocity_cov_trace,affine_resid__velocity_cov_trace,19,1471,-0.07555971236220921,0.01907361725149978,-0.16195701166345372,0.16195701166345372,0.631578947368421,159
affine_resid,mean_speed,affine_resid__mean_speed,19,1471,-0.07361206996717562,0.05947949339059716,-0.15509965765832756,0.15509965765832756,0.631578947368421,159
affine_resid,speed_rms,affine_resid__speed_rms,19,1471,-0.03800453083244121,0.013522773927254456,-0.10509335739479286,0.10509335739479286,0.631578947368421,159
affine_pred,velocity_cov_trace,affine_pred__velocity_cov_trace,19,1471,0.17926376461546012,0.06091565385192588,0.0988645755553465,0.0988645755553465,0.5789473684210527,159
raw,speed_rms,raw__speed_rms,19,1471,-0.02519565311536162,-0.025679237494350915,-0.08620502056404897,0.08620502056404897,0.5789473684210527,159
raw,tangential_speed_mean,raw__tangential_speed_mean,19,1471,0.13691734821018936,-0.02443808096258191,0.0716531420036797,0.0716531420036797,0.631578947368421,159
affine_pred,speed_rms,affine_pred__speed_rms,19,1471,0.07759374856008458,0.035212549755012645,0.061570697144661624,0.061570697144661624,0.6842105263157895,159
raw,mean_speed,raw__mean_speed,19,1471,0.020696357898873474,0.11629891194197081,-0.0493566819479499,0.0493566819479499,0.5263157894736842,159
affine_resid,tangential_speed_mean,affine_resid__tangential_speed_mean,19,1471,0.08915542608550275,0.0260490987558026,-0.04431458439307179,0.04431458439307179,0.5789473684210527,159
affine_pred,tangential_speed_mean,affine_pred__tangential_speed_mean,19,1471,0.0008041565542425966,0.06374305411437386,-0.042535622516848705,0.042535622516848705,0.5789473684210527,159
affine_pred,mean_speed,affine_pred__mean_speed,19,1471,0.07934093353079341,0.09795959943127108,0.03452014317115282,0.03452014317115282,0.5263157894736842,159
raw,velocity_cov_trace,raw__velocity_cov_trace,19,1471,-0.018792081579412923,0.03762440533764563,-0.0017506548819591766,0.0017506548819591766,0.5263157894736842,159
raw,speed_rms,raw__speed_rms,19,1470,-0.028001939602681797,-0.051309072557430085,-0.143332902006564,0.143332902006564,0.631578947368421,160
raw,tangential_speed_mean,raw__tangential_speed_mean,19,1470,-0.04499586978334613,0.005617607411415093,-0.13159623968138034,0.13159623968138034,0.5789473684210527,160
raw,velocity_cov_trace,raw__velocity_cov_trace,19,1470,0.08479372901621993,-0.028509045501818597,-0.12572274094479616,0.12572274094479616,0.5789473684210527,160
affine_resid,speed_rms,affine_resid__speed_rms,19,1470,0.07016286984120745,-0.014015850757743177,0.10829993387637435,0.10829993387637435,0.631578947368421,160
affine_resid,velocity_cov_trace,affine_resid__velocity_cov_trace,19,1470,0.08862040945149222,0.006120082254589541,0.08804922802129392,0.08804922802129392,0.631578947368421,160
affine_pred,velocity_cov_trace,affine_pred__velocity_cov_trace,19,1470,-0.11738281068448186,-0.02682227880041338,0.0700131305786864,0.0700131305786864,0.5789473684210527,160
raw,mean_speed,raw__mean_speed,19,1470,0.010932358455080227,-0.09411741490832642,-0.05931385642299847,0.05931385642299847,0.5263157894736842,160
affine_resid,mean_speed,affine_resid__mean_speed,19,1470,0.05403272320321742,-0.01699787271933402,0.0381415522332961,0.0381415522332961,0.631578947368421,160
affine_resid,tangential_speed_mean,affine_resid__tangential_speed_mean,19,1470,-0.02304419800231991,0.061504472934127474,-0.02115424573372282,0.02115424573372282,0.5263157894736842,160
affine_pred,speed_rms,affine_pred__speed_rms,19,1470,0.017785861540932674,-0.007491636092681331,0.01947476006161325,0.01947476006161325,0.5789473684210527,160
affine_pred,mean_speed,affine_pred__mean_speed,19,1470,-0.03497916707918705,-0.06926828016865219,-0.0034349928452564182,0.0034349928452564182,0.5263157894736842,160
affine_pred,tangential_speed_mean,affine_pred__tangential_speed_mean,19,1470,-0.04273918564362411,-0.08035361453591405,0.0020678854442990335,0.0020678854442990335,0.5263157894736842,160
