replicate,ob,dataset,n_events,b3_event_direction_abs_z,k8_local_event_direction_abs_z,k8_local_non_event_direction_abs_median_z,k8_local_event_minus_non_event_direction_z,k8_p_non_event_direction_ge_event,k8_local_to_b3_direction_ratio,k8_pass,k10_local_event_direction_abs_z,k10_local_non_event_direction_abs_median_z,k10_local_event_minus_non_event_direction_z,k10_p_non_event_direction_ge_event,k10_local_to_b3_direction_ratio,k10_pass,both_pass,any_pass
501,1,Ob1.txt,28,0.4471124264883826,0.250276326992472,0.2314742512240622,0.01880207576840978,0.475,0.5597615100035135,False,0.5101739401929859,0.2807640764546473,0.2294098637383386,0.1,1.1410417379805073,True,False,True
501,2,Ob2.txt,43,0.42253984163575675,0.3159970322901504,0.18624935579777818,0.12974767649237223,0.325,0.7478514477282127,True,0.7801423326458492,0.24935785550132494,0.5307844771445243,0.05,1.8463166209977366,True,True,True
501,3,Ob3.txt,40,0.035620471499777304,0.07190671598226142,0.24569969869376804,-0.17379298271150662,0.925,2.018690740315186,False,0.0982302754592343,0.2700909451647637,-0.17186066970552938,0.8,2.7576916116859493,False,False,False
501,4,Ob4.txt,58,0.2276608821246278,0.6657561173791104,0.27507653989402103,0.3906795774850894,0.1,2.9243325035288996,True,0.2592831231645314,0.36441835597042127,-0.10513523280588988,0.6,1.1389006347721728,False,False,True
501,5,Ob5.txt,93,0.08542077913263602,0.24278627949115117,0.1565727268372782,0.08621355265387298,0.325,2.8422391127358826,True,0.1939100360632247,0.1592530170757775,0.03465701898744722,0.425,2.2700569818279623,False,False,True
501,6,Ob6.txt,112,0.3091764224060881,0.07919150602244834,0.19842367761312682,-0.11923217159067848,0.775,0.2561369505674471,False,0.14021444020706714,0.21979819068269568,-0.07958375047562855,0.65,0.4535094853478262,False,False,False
501,7,Ob7.txt,33,0.1058768775228307,0.15102307548122945,0.2350790348680442,-0.08405595938681476,0.65,1.4264028087592937,False,0.47360700329279876,0.1924189154894522,0.2811880878033466,0.175,4.473186349783245,True,False,True
501,8,Ob8.txt,84,0.2863942720278658,0.30973437235567974,0.17989161624677374,0.129842756108906,0.225,1.0814963936343773,True,0.27389894672348586,0.22420734793226238,0.04969159879122348,0.4,0.9563701982728056,False,False,True
501,9,Ob9.txt,37,0.0928081681297786,0.510706221674033,0.21452457356170346,0.29618164811232955,0.25,5.502815452190429,True,0.17498900742593426,0.24279737734758444,-0.06780836992165018,0.65,1.885491449214231,False,False,True
501,10,Ob10.txt,36,0.8270296155908662,0.20159420488511054,0.25498238752842073,-0.05338818264331019,0.575,0.24375693576714638,False,0.23759154439507812,0.26660951033408187,-0.029017965939003743,0.525,0.2872829943645154,False,False,False
501,11,Ob11.txt,119,0.1274510919162239,0.1803156127105277,0.18522785272779743,-0.004912240017269726,0.5,1.4147828002058445,False,0.15591841050175753,0.16108333219109702,-0.005164921689339491,0.525,1.2233587657628369,False,False,False
501,12,Ob12.txt,91,0.12793602117656014,0.07630508863121682,0.09935851251556987,-0.023053423884353053,0.675,0.5964316220676488,False,0.0036999641468770106,0.2488162183780469,-0.2451162542311699,1.0,0.028920425325489968,False,False,False
501,13,Ob13.txt,102,0.06149762628024291,0.08746341747368402,0.16931175157171816,-0.08184833409803413,0.75,1.4222242835051186,False,0.05586706460524021,0.19678710702597885,-0.14092004242073863,0.825,0.9084426177793531,False,False,False
501,14,Ob14.txt,47,0.36750572231620693,0.36601543148432325,0.15391016954939474,0.2121052619349285,0.2,0.9959448499944679,True,0.11712874477641864,0.25416493038229593,-0.13703618560587727,0.8,0.318712710208195,False,False,True
501,15,Ob15.txt,96,0.752883813035249,0.2872340752928821,0.11996184700252997,0.1672722282903521,0.3,0.3815118220365221,True,0.1799669770746519,0.29551733468399566,-0.11555035760934376,0.625,0.23903685264412253,False,False,True
501,16,Ob16.txt,84,0.1895477880808421,0.3611283139628512,0.2617823515694543,0.09934596239339694,0.25,1.90520985562137,True,0.11823804748255498,0.15842101951859744,-0.04018297203604246,0.6,0.6237901728092257,False,False,True
501,17,Ob17.txt,122,0.11738121188673173,0.022376721750882254,0.19178570782617754,-0.16940898607529528,0.85,0.19063290786667728,False,0.16687092699373096,0.11793669535653739,0.04893423163719357,0.4,1.421615302070274,False,False,False
501,18,Ob18.txt,103,0.011878380155836865,0.07570682935622985,0.37337613770522027,-0.2976693083489904,0.65,6.373497763415882,False,0.13181602362449996,0.17997246837696995,-0.048156444752469996,0.625,11.097137984738387,False,False,False
501,19,Ob19.txt,143,0.29864114604604164,0.18765771905647727,0.11864557128069818,0.06901214777577909,0.325,0.6283719492140778,True,0.08141895803965511,0.18069320848910597,-0.09927425044945086,0.65,0.2726314143835448,False,False,True
502,1,Ob1.txt,28,0.48518705764276127,0.1569231890725572,0.22972244416774912,-0.07279925509519192,0.725,0.3234282254661836,False,0.1368550268509383,0.2751134543817444,-0.13825842753080608,0.7,0.282066524024438,False,False,False
502,2,Ob2.txt,43,0.3832581115012922,0.3735208168665797,0.13194471668065802,0.24157610018592166,0.175,0.9745933762587052,True,0.44804611322211696,0.20200122115442315,0.2460448920676938,0.1,1.1690453503176705,True,True,True
502,3,Ob3.txt,40,0.5561556556253274,0.2603541876140951,0.22665975343250488,0.03369443418159024,0.45,0.4681318709622029,False,0.45453811395424004,0.26795209248210344,0.1865860214721366,0.3,0.8172857892511564,True,False,True
502,4,Ob4.txt,58,0.32385817218072765,0.3494599752800063,0.40350884388790254,-0.05404886860789626,0.55,1.0790525152627355,False,0.03217945802912331,0.23783958821092593,-0.20566013018180263,0.875,0.09936280999932805,False,False,False
502,5,Ob5.txt,93,0.48036532720448116,0.22798163831249246,0.2998600097931846,-0.07187837148069215,0.6,0.4746005288084533,False,0.02617493451441355,0.26305001864064903,-0.23687508412623548,0.925,0.05448964159578371,False,False,False
502,6,Ob6.txt,112,0.11412836344281913,0.08722617411733895,0.1446631371527179,-0.05743696303537894,0.775,0.7642813012125703,False,0.20521864790899047,0.17929560510978457,0.025923042799205903,0.425,1.7981388825557778,False,False,False
502,7,Ob7.txt,33,0.1713161293036632,0.12818975558812293,0.2592988870085162,-0.1311091314203933,0.775,0.7482643701393847,False,0.10664426991069598,0.26942668294675864,-0.16278241303606267,0.85,0.6224998798663357,False,False,False
502,8,Ob8.txt,84,0.18348403425491533,0.3744725811391749,0.16841924290253418,0.20605333823664074,0.1,2.0409000851753576,True,0.29779965314947765,0.16476631047867085,0.1330333426708068,0.15,1.6230276075995966,True,True,True
502,9,Ob9.txt,37,0.11885683765674701,0.23172491568477582,0.27169385928465395,-0.039968943599878126,0.575,1.9496136718190884,False,0.25979849994595955,0.39208340688828613,-0.13228490694232659,0.725,2.185810299751079,False,False,False
502,10,Ob10.txt,36,0.5313655765175253,0.33991423230735957,0.2164872727398518,0.12342695956750777,0.225,0.6396993846215943,True,0.572516120761108,0.18788094508907288,0.38463517567203515,0.0,1.07744299981432,True,True,True
502,11,Ob11.txt,119,0.6680239690489728,0.31527406974447025,0.208645303660561,0.10662876608390925,0.3,0.4719502358475367,True,0.23667141656068014,0.16625564258742093,0.07041577397325921,0.375,0.3542858153691934,False,False,True
502,12,Ob12.txt,91,0.6066093841652576,0.8943691968543314,0.33175055963169964,0.5626186372226317,0.025,1.4743741527920047,True,0.9391258864473344,0.19131167996992055,0.7478142064774138,0.0,1.5481558824541526,True,True,True
502,13,Ob13.txt,102,0.03708968964877059,0.05737072656062443,0.02321658978363672,0.03415413677698771,0.15,1.5468106393962804,True,0.06262518620545415,0.019801375647276825,0.04282381055817733,0.15,1.6884796502342798,True,True,True
502,14,Ob14.txt,47,0.078952942690061,0.06663146304468004,0.16126767457135627,-0.09463621152667623,0.65,0.8439389435584387,False,0.12853673994459797,0.13703290472766766,-0.008496164783069693,0.575,1.6280170892323031,False,False,False
502,15,Ob15.txt,96,0.08409154236294258,0.3857195884316017,0.11865398227556281,0.2670656061560389,0.125,4.58690110316707,True,0.1640702072099096,0.24337043413889953,-0.07930022692898991,0.725,1.951090473543413,False,False,True
502,16,Ob16.txt,84,0.2195185310035448,0.4075005602668257,0.1919528810866581,0.2155476791801676,0.225,1.8563378608808445,True,0.3670650224581494,0.16465213327817282,0.2024128891799766,0.25,1.6721368386535989,True,True,True
502,17,Ob17.txt,122,0.03408103717809752,0.2986790370177884,0.14662776402038283,0.1520512729974056,0.25,8.763789536597118,True,0.25210998677773166,0.14541351323310037,0.1066964735446313,0.225,7.397368379966805,True,True,True
502,18,Ob18.txt,103,0.24870486645257425,0.4069933975961795,0.0,0.4069933975961795,0.0,1.6364512822019484,True,0.38385223146767355,0.0,0.38385223146767355,0.0,1.5434045860975167,True,True,True
502,19,Ob19.txt,143,0.09176420832653137,0.014084922456109483,0.20344155295129232,-0.18935663049518284,0.925,0.1534903718232937,False,0.22696362714105267,0.10246845128425441,0.12449517585679826,0.05,2.473334988445944,True,False,True
503,1,Ob1.txt,28,0.007095212578374754,0.38239438875369325,0.313596058309938,0.06879833044375527,0.4,53.8947049901196,False,0.590959828525056,0.23646040176765812,0.3544994267573979,0.125,83.28993980056657,True,False,True
503,2,Ob2.txt,43,0.3700128783712194,0.15075026524962423,0.1655787487380614,-0.014828483488437155,0.55,0.40741896853217746,False,0.2839204509675103,0.17619472228610733,0.10772572868140295,0.35,0.7673258623248893,True,False,True
503,3,Ob3.txt,40,0.18608930680769337,0.2025939443468388,0.2623415622870634,-0.059747617940224595,0.55,1.0886920254703378,False,0.47388998155055084,0.23877198097063573,0.2351180005799151,0.175,2.5465728777219514,True,False,True
503,4,Ob4.txt,58,0.34409088695975454,0.09975923218921565,0.19163886228610327,-0.09187963009688763,0.7,0.2899211689988281,False,0.318752268607235,0.19785688221089437,0.12089538639634062,0.35,0.9263606816896514,True,False,True
503,5,Ob5.txt,93,0.05052397786014176,0.22285535973397175,0.2761098591056406,-0.05325449937166887,0.6,4.410883092991413,False,0.1747743711310651,0.18178191250491393,-0.007007541373848847,0.6,3.4592361594106418,False,False,False
503,6,Ob6.txt,112,0.32280109168341375,0.1429939758479464,0.16165017455852498,-0.01865619871057858,0.55,0.44297860054385235,False,0.04196147684489604,0.1832197848263054,-0.14125830798140937,0.9,0.12999174391284166,False,False,False
503,7,Ob7.txt,33,1.1844081752232403,0.022734796385667444,0.27156128618367853,-0.24882648979801109,0.9,0.019195068778871213,False,0.1210381966451462,0.2983286994644899,-0.17729050281934372,0.825,0.1021929763549062,False,False,False
503,8,Ob8.txt,84,0.07879517009458971,0.4508190418468452,0.32518012948915226,0.12563891235769292,0.375,5.721404513825647,False,0.2690915173185381,0.2553544412887012,0.01373707602983687,0.475,3.4150762920558075,False,False,False
503,9,Ob9.txt,37,0.6203018743681102,0.020198747424976238,0.3549913851714354,-0.3347926377464592,0.95,0.03256277025690486,False,0.9616332494241135,0.30996592803286516,0.6516673213912484,0.025,1.550266554334873,True,False,True
503,10,Ob10.txt,36,0.5838450500195733,0.1414260605568085,0.21148463435098835,-0.07005857379417985,0.7,0.24223218224093399,False,0.14543030193224998,0.3171839820527843,-0.17175368012053432,0.8,0.2490905796450179,False,False,False
503,11,Ob11.txt,119,0.08427637277246015,0.0730565826670699,0.18883039526177897,-0.11577381259470908,0.9,0.8668690911071499,False,0.039160098239349725,0.20365224778927266,-0.16449214954992292,0.925,0.46466283432818156,False,False,False
503,12,Ob12.txt,91,0.18036847528389732,0.1479112406583113,0.31860804293015194,-0.17069680227184064,0.75,0.8200504019646514,False,0.24978609062633195,0.27564312856628026,-0.025857037939948313,0.575,1.38486556607618,False,False,False
503,13,Ob13.txt,102,0.5988528493941119,0.07477270830246428,0.1330825350181314,-0.058309826715667104,0.75,0.12485990235850997,False,0.31455810819971564,0.18264336574877832,0.13191474245093732,0.225,0.5252677824242953,True,False,True
503,14,Ob14.txt,47,0.5487206285035686,0.0004696104059856987,0.2061703261881526,-0.2057007157821669,1.0,0.0008558278686667684,False,0.21042447519436033,0.23129971239621905,-0.020875237201858715,0.525,0.3834819838434265,False,False,False
503,15,Ob15.txt,96,0.35626443556951626,0.04911640467603498,0.1508702889500128,-0.10175388427397783,0.8,0.13786502320255067,False,0.006521010951976061,0.20913960183459607,-0.20261859088262002,0.975,0.01830385045746068,False,False,False
503,16,Ob16.txt,84,0.16972739587705948,0.1966883467001082,0.14209552229825134,0.054592824401856865,0.35,1.1588485505461807,True,0.27597460825286635,0.222025451268447,0.05394915698441935,0.4,1.6259874066103392,False,False,True
503,17,Ob17.txt,122,0.0275406577391607,0.1261301222946229,0.23330374916264562,-0.10717362686802273,0.7,4.579778866910486,False,0.018269969487818116,0.19807366858117312,-0.179803699093355,1.0,0.6633817413096719,False,False,False
503,18,Ob18.txt,103,0.48985384356935385,0.622424317975143,0.29008479976349977,0.3323395182116432,0.25,1.2706327124837997,True,0.7824828666885235,0.0012074632553944475,0.7812754034331291,0.0,1.5973802736483766,True,True,True
503,19,Ob19.txt,143,0.0926931275534484,0.27610067666888943,0.13937865214831416,0.13672202452057527,0.2,2.9786531532198564,True,0.3756773836967256,0.03645463255375744,0.3392227511429682,0.0,4.0529151795002685,True,True,True
504,1,Ob1.txt,28,0.11830575030041857,0.012716270520828493,0.23681603240991303,-0.22409976188908454,1.0,0.10748649569896268,False,0.05873307832929306,0.2743319715207886,-0.21559889319149553,0.875,0.49645159411228773,False,False,False
504,2,Ob2.txt,43,0.3832345560699786,0.2061184388840061,0.1901553653553083,0.015963073528697802,0.5,0.5378388655702773,False,0.044366632104576656,0.2984383919173491,-0.25407175981277247,0.925,0.11576887157450205,False,False,False
504,3,Ob3.txt,40,0.1598744732186888,0.052001181030991495,0.18534829253681623,-0.13334711150582473,0.9,0.3252625637105945,False,0.3083811023611943,0.23698851153354497,0.07139259082764934,0.4,1.928895189786593,False,False,False
504,4,Ob4.txt,58,0.15435610161602253,0.13801785330282323,0.23471479897234782,-0.09669694566952458,0.675,0.8941522353690788,False,0.06606289052925114,0.3232987594090362,-0.25723586887978506,0.975,0.4279901464056777,False,False,False
504,5,Ob5.txt,93,0.08259416400920816,0.17230709290849014,0.17742713635965507,-0.0051200434511649295,0.55,2.0861896839258542,False,0.08222704667794001,0.17178899203207218,-0.08956194535413217,0.75,0.9955551662072973,False,False,False
504,6,Ob6.txt,112,0.08491445826654731,0.03966386433525604,0.1671992814797449,-0.12753541714448885,0.725,0.46710377884942494,False,0.07277348764354552,0.14615012345917514,-0.07337663581562962,0.725,0.8570211614035014,False,False,False
504,7,Ob7.txt,33,0.18886699078388403,0.24240240713994332,0.38264152513838384,-0.14023911799844052,0.675,1.2834556538115154,False,0.008540099641232562,0.4789845321302654,-0.4704444324890328,1.0,0.04521753433878128,False,False,False
504,8,Ob8.txt,84,0.11159801790515342,0.38591652980962976,0.18804457853521833,0.19787195127441143,0.125,3.4580948394407707,True,0.0033613986425596876,0.21148129528729315,-0.20811989664473346,1.0,0.030120594484182712,False,False,True
504,9,Ob9.txt,37,0.4859852434450154,0.5895202255265729,0.2901101618757574,0.2994100636508155,0.2,1.2130414111910612,True,0.7380715471804558,0.2653382848279775,0.47273326235247826,0.1,1.5187118480151167,True,True,True
504,10,Ob10.txt,36,0.3787909788214684,0.17856490966389948,0.20438366245850864,-0.025818752794609157,0.6,0.4714075034718834,False,0.6026580296632483,0.19045726761543302,0.4122007620478153,0.125,1.591004177391703,True,False,True
504,11,Ob11.txt,119,0.06312112399944134,0.2687667815170053,0.15983471341232985,0.10893206810467543,0.25,4.257953035173836,True,0.13324696943186282,0.22641767346936098,-0.09317070403749816,0.725,2.1109726980312034,False,False,True
504,12,Ob12.txt,91,0.23280067073033084,0.053576975296969975,0.2019686957489883,-0.14839172045201832,0.9,0.23014098339532665,False,0.09081953032270604,0.18925180680958903,-0.09843227648688299,0.825,0.390117133416289,False,False,False
504,13,Ob13.txt,102,0.27818745961882596,0.26871385208355303,0.0,0.26871385208355303,0.05,0.9659452386953253,True,0.016538427578549897,0.0,0.016538427578549897,0.45,0.059450658204402686,False,False,True
504,14,Ob14.txt,47,0.38017103340804326,0.10217581910750007,0.24629607495592365,-0.14412025584842358,0.85,0.268762767619471,False,0.18672910459057981,0.24300823024734394,-0.05627912565676413,0.6,0.4911713102301528,False,False,False
504,15,Ob15.txt,96,0.03892296049115623,0.006734093996177665,0.19236410360076378,-0.18563000960458612,0.95,0.17301083759308936,False,0.11861568114141932,0.251076422796754,-0.1324607416553347,0.725,3.0474475642306356,False,False,False
504,16,Ob16.txt,84,0.11714399265401332,0.25308265877159286,0.12299460648913009,0.13008805228246278,0.25,2.1604407792303664,True,0.0927576413577128,0.22359025599004295,-0.13083261463233015,0.725,0.7918258483102416,False,False,True
504,17,Ob17.txt,122,0.09072711946384684,0.33793357090608533,0.1903346841508664,0.14759888675521893,0.275,3.724725009491191,True,0.22891256315471936,0.1826559147509445,0.04625664840377486,0.45,2.5230886256224303,False,False,True
504,18,Ob18.txt,103,0.07709792999096088,0.019536061302159097,0.04605172102517763,-0.02651565972301853,0.725,0.2533928122901555,False,0.23121426419706004,0.052440049981558934,0.1787742142155011,0.0,2.998968509584733,True,False,True
504,19,Ob19.txt,143,0.06646748800853429,0.3485220294046094,0.21983856591779513,0.12868346348681428,0.325,5.243496329511654,True,0.3572486981648026,0.23287816413169904,0.12437053403310355,0.275,5.374788620248935,True,True,True
505,1,Ob1.txt,28,0.09953714683299805,0.020720304687825944,0.2287306659074414,-0.20801036121961547,0.925,0.20816655235848947,False,0.3758647416863836,0.23202933703963807,0.14383540464674555,0.2,3.7761253325555324,True,False,True
505,2,Ob2.txt,43,0.04529077855194852,0.28982440021910066,0.28340998650161564,0.0064144137174850235,0.5,6.39919227457466,False,0.4833633362612745,0.3469754477673992,0.1363878884938753,0.4,10.672444848941089,False,False,False
505,3,Ob3.txt,40,0.06274417316691111,0.13282510719560037,0.2868368888052838,-0.15401178160968343,0.725,2.1169313498205007,False,0.09051998823097163,0.2764371322570781,-0.18591714402610648,0.75,1.442683577806846,False,False,False
505,4,Ob4.txt,58,0.1341570213431844,0.09203798166562582,0.2167959628989667,-0.12475798123334086,0.85,0.6860466991897897,False,0.027384622943112225,0.26491256443778893,-0.2375279414946767,0.975,0.2041236654551249,False,False,False
505,5,Ob5.txt,93,0.07528628535810354,0.3289258193229049,0.18822049935808532,0.14070531996481955,0.25,4.369000512621261,True,0.4393356574225911,0.21115663827886366,0.22817901914372746,0.075,5.835533727462655,True,True,True
505,6,Ob6.txt,112,0.256888523170933,0.10694396904634662,0.16862440856572364,-0.06168043951937702,0.775,0.41630497044504533,False,0.11814657922917748,0.17138142447485483,-0.05323484524567734,0.65,0.4599138091917132,False,False,False
505,7,Ob7.txt,33,0.5388789077069172,0.16548200460838702,0.2494425425393952,-0.08396053793100819,0.775,0.30708569632565497,False,0.4422777994082821,0.24653747009950167,0.19574032930878044,0.3,0.8207368911325548,True,False,True
505,8,Ob8.txt,84,0.15175354215478337,0.04875819755690927,0.181504673869669,-0.13274647631275974,0.9,0.3212985796876991,False,0.0037696994183623184,0.2625394071951582,-0.2587697077767959,1.0,0.02484093197981076,False,False,False
505,9,Ob9.txt,37,0.36692128957439596,0.4559982184967132,0.3893374318661392,0.06666078663057395,0.4,1.2427684940975774,False,0.4974635818466853,0.4182881077500697,0.07917547409661563,0.425,1.3557773723724498,False,False,False
505,10,Ob10.txt,36,0.31626663516584175,0.13692010500180418,0.24527348616016342,-0.10835338115835924,0.7,0.43292617613618,False,0.10548953948698522,0.2727256072274451,-0.16723606774045988,0.8,0.3335462162541089,False,False,False
505,11,Ob11.txt,119,0.23634716625854482,0.004912549258897073,0.1759535977607879,-0.17104104850189084,1.0,0.020785310594852398,False,0.4788693877086467,0.14958021280148007,0.3292891749071666,0.1,2.026127054067583,True,False,True
505,12,Ob12.txt,91,0.3351573016708182,0.24635819547505516,0.12105916064850816,0.125299034826547,0.275,0.7350524492437317,True,0.20360402644249287,0.17916891620283049,0.024435110239662383,0.375,0.6074879628982897,False,False,True
505,13,Ob13.txt,102,0.04838372355608628,0.33142432156159535,0.002032722759002681,0.32939159880259267,0.0,6.849913508153402,True,0.15642176720553863,0.06065069327806494,0.0957710739274737,0.35,3.2329419008897684,True,True,True
505,14,Ob14.txt,47,0.06626727688672573,0.17349680598472203,0.2476885022468622,-0.07419169626214017,0.775,2.6181369468567355,False,0.2682128894624434,0.19770848144843362,0.07050440801400981,0.4,4.047440940132704,False,False,False
505,15,Ob15.txt,96,0.16795300065216984,0.0744248685840489,0.19655371271865835,-0.12212884413460945,0.775,0.4431291390749402,False,0.06518735425256958,0.18440718467228256,-0.11921983041971299,0.875,0.38812854786424683,False,False,False
505,16,Ob16.txt,84,0.05606057720916212,0.12742183353186076,0.08125159386023387,0.046170239671626895,0.375,2.27293117329937,False,0.041908981038795944,0.19891529871301541,-0.15700631767421946,0.925,0.747565992451941,False,False,False
505,17,Ob17.txt,122,0.2408211888214449,0.0512017004876867,0.16170506153941633,-0.11050336105172963,0.85,0.21261293799878142,False,0.11798165699524361,0.18154833168786977,-0.06356667469262615,0.675,0.48991393810749867,False,False,False
505,18,Ob18.txt,103,0.22836160121721247,0.1403694853855981,0.0,0.1403694853855981,0.0,0.6146807722375435,True,0.13589266636519926,0.0,0.13589266636519926,0.0,0.5950766925825729,True,True,True
505,19,Ob19.txt,143,0.19952998926952872,0.17883274048169817,0.23648168534487546,-0.05764894486317729,0.55,0.8962699849601439,False,0.156730919987061,0.11505151760103657,0.04167940238602444,0.4,0.7855005684150368,False,False,False
506,1,Ob1.txt,28,0.18187045218083442,0.31103341635852394,0.14595870915578768,0.16507470720273626,0.25,1.7101921319756896,True,0.4888649954036879,0.24934450583800413,0.23952048956568375,0.175,2.6879847140733326,True,True,True
506,2,Ob2.txt,43,0.016440152244190875,0.1031166000976789,0.17726461526451404,-0.07414801516683514,0.775,6.272241191325653,False,0.229043177969813,0.16479603763847486,0.06424714033133813,0.4,13.931937768444046,False,False,False
506,3,Ob3.txt,40,0.8535809463883005,0.461009021784696,0.2912469243844604,0.16976209740023557,0.25,0.5400882291660004,True,0.39825336988839977,0.26597253296228585,0.13228083692611392,0.35,0.4665677831417189,True,True,True
506,4,Ob4.txt,58,0.15227655056500472,0.49770625750485636,0.1911612253717947,0.30654503213306167,0.075,3.268436641480085,True,0.12094533150039834,0.24661411983815013,-0.1256687883377518,0.725,0.7942479065335045,False,False,True
506,5,Ob5.txt,93,0.28083820117755876,0.2920468982614014,0.22114958364753456,0.07089731461386684,0.35,1.039911582672316,True,0.3756573466316235,0.20709958002515044,0.16855776660647304,0.225,1.337629086984914,True,True,True
506,6,Ob6.txt,112,0.1957013595472354,0.3315541935567893,0.1538483132626691,0.17770588029412018,0.175,1.694184416111651,True,0.03321839695219635,0.18984237239534546,-0.1566239754431491,0.875,0.1697402462049764,False,False,True
506,7,Ob7.txt,33,0.10339896173908084,0.3570357478838789,0.37476163626312053,-0.01772588837924166,0.525,3.4529916149915563,False,0.006007133731815301,0.2879836969344147,-0.28197656320259945,1.0,0.05809665426790098,False,False,False
506,8,Ob8.txt,84,0.28538481742752086,0.21583594074222004,0.23354388772375,-0.01770794698152997,0.525,0.7562979092152856,False,0.1202825953838953,0.24140005844253498,-0.12111746305863968,0.725,0.4214751032242402,False,False,False
506,9,Ob9.txt,37,0.01704254891035789,0.415379172985498,0.2714462071493632,0.1439329658361348,0.325,24.373066210362726,True,0.2697105218151711,0.3116064451614103,-0.041895923346239206,0.55,15.825714993327674,False,False,True
506,10,Ob10.txt,36,0.039916005802794974,0.4407677280639518,0.27324974572629057,0.16751798233766124,0.25,11.042380598939802,True,0.23476302211902433,0.26419805009025077,-0.029435027971226435,0.55,5.881425693714723,False,False,True
506,11,Ob11.txt,119,0.00037572666296342705,0.09379070443574167,0.16889479294221132,-0.07510408850646966,0.825,249.624830178398,False,0.01727331392779563,0.2251049085926575,-0.20783159466486187,0.95,45.97308530503996,False,False,False
506,12,Ob12.txt,91,0.31246605145230955,0.3319526906433396,0.14773894205102706,0.18421374859231254,0.175,1.0623640203486369,True,0.12802213448552496,0.15362086281628007,-0.025598728330755105,0.5,0.40971533992410203,False,False,True
506,13,Ob13.txt,102,0.1930306543079504,0.15888492651309458,0.15284253641982237,0.006042390093272204,0.475,0.8231072265839102,False,0.4790412666361996,0.15775504773998816,0.32128621889621145,0.175,2.481684934207205,True,False,True
506,14,Ob14.txt,47,0.24483934954749076,0.21028670321432796,0.18540255644202494,0.024884146772303023,0.475,0.8588762533595086,False,0.210677062981042,0.24276576377631642,-0.03208870079527443,0.575,0.8604706039711872,False,False,False
506,15,Ob15.txt,96,0.16539862810941558,0.14219461392463434,0.24924088846405046,-0.10704627453941612,0.575,0.8597085450465093,False,0.13054537485707635,0.27755257789455506,-0.14700720303747872,0.75,0.7892772530780432,False,False,False
506,16,Ob16.txt,84,0.11084805348947069,0.03678726377087568,0.2042442874941486,-0.16745702372327292,0.975,0.33187108490245215,False,0.27503227492179005,0.18949266986442265,0.08553960505736741,0.225,2.4811646778074907,True,False,True
506,17,Ob17.txt,122,0.1342258718919411,0.37822282065973173,0.193944895022439,0.18427792563729273,0.175,2.8178086335264863,True,0.11584399643351734,0.245544910654662,-0.12970091422114466,0.75,0.863052664889954,False,False,True
506,18,Ob18.txt,103,0.1383892604432296,0.236354591880983,0.26566774436824475,-0.02931315248726174,0.5,1.7078969215096065,False,0.061848938887343496,0.07299783665598181,-0.01114889776863831,0.575,0.4469200766681987,False,False,False
506,19,Ob19.txt,143,0.23218140231656292,0.2543504635193352,0.17147631391472656,0.08287414960460865,0.325,1.0954816405688959,True,0.09409092691596194,0.10311481910055412,-0.00902389218459218,0.6,0.4052474745056265,False,False,True
507,1,Ob1.txt,28,0.17416817110962698,0.01762034568411877,0.22668288262645436,-0.2090625369423356,1.0,0.10116857501493752,False,0.4149589115983474,0.2952537946969914,0.11970511690135599,0.3,2.382518625272577,True,False,True
507,2,Ob2.txt,43,0.028397157458970423,0.19032801214748646,0.14587069566489458,0.04445731648259188,0.45,6.702361404393433,False,0.19719690424334685,0.1685020399497446,0.02869486429360224,0.425,6.9442480124380905,False,False,False
507,3,Ob3.txt,40,0.34993019133193,0.2049114474039158,0.23791769494420406,-0.033006247540288275,0.525,0.5855780737979961,False,0.3225281316251227,0.18483426432662103,0.1376938672985017,0.4,0.9216927822017656,False,False,False
507,4,Ob4.txt,58,0.25648208756133717,0.3174986747494458,0.22982830027585333,0.0876703744735925,0.325,1.2378980449210382,True,0.14210311129345712,0.3087664013988982,-0.1666632901054411,0.7,0.5540469225145146,False,False,True
507,5,Ob5.txt,93,0.13837598117993147,0.06355083747791634,0.2078625928353819,-0.14431175535746554,0.85,0.4592620549897359,False,0.19306863997270235,0.22705895266682224,-0.033990312694119895,0.55,1.3952467641161912,False,False,False
507,6,Ob6.txt,112,0.14845258441374082,0.13584643663288315,0.1745100542949014,-0.03866361766201826,0.575,0.9150830022216114,False,0.17972665592715054,0.22038602023328763,-0.04065936430613709,0.625,1.2106670735098026,False,False,False
507,7,Ob7.txt,33,0.3473799455254597,0.3162737873303512,0.17568475354739443,0.14058903378295678,0.325,0.910454939625095,True,0.35133027773039693,0.407140189949615,-0.05580991221921805,0.575,1.0113717911923839,False,False,True
507,8,Ob8.txt,84,0.2927968677870982,0.05745460657418344,0.13953050705656422,-0.08207590048238078,0.825,0.19622684835536047,False,0.40080952048730967,0.13126228605050516,0.2695472344368045,0.125,1.368899618074982,True,False,True
507,9,Ob9.txt,37,0.17231375050727632,0.16138629509258956,0.22151707907652157,-0.06013078398393201,0.675,0.9365839616251326,False,0.13327905407822985,0.23659011975689803,-0.10331106567866818,0.675,0.7734673157880215,False,False,False
507,10,Ob10.txt,36,0.14640782852780887,0.1865678908737426,0.20220365136794527,-0.015635760494202677,0.5,1.2743026978117202,False,0.0360391541345077,0.20173138099443194,-0.16569222685992424,0.825,0.24615592278702764,False,False,False
507,11,Ob11.txt,119,0.029385794950240962,0.2639400302778153,0.1540749041697986,0.10986512610801671,0.225,8.98189178563131,True,0.055593511914148075,0.18668815683767617,-0.1310946449235281,0.85,1.8918498549481035,False,False,True
507,12,Ob12.txt,91,0.04422390386876515,0.22930560714706089,0.30808986138271377,-0.07878425423565288,0.6,5.185105499223393,False,0.07712195120090118,0.2691305307447438,-0.19200857954384262,0.85,1.7438974051174063,False,False,False
507,13,Ob13.txt,102,0.10115836286686845,0.05339381089117062,0.17509437656942342,-0.1217005656782528,0.7,0.5278239917884066,False,0.12842855097174705,0.16713786117434565,-0.0387093102025986,0.675,1.269579175977453,False,False,False
507,14,Ob14.txt,47,0.12651181888381652,0.1395942055023586,0.20250460388888014,-0.06291039838652154,0.7,1.1034084145968721,False,0.0806252315943197,0.2641300089654268,-0.18350477737110713,0.85,0.6372940671129133,False,False,False
507,15,Ob15.txt,96,0.051525523631332205,0.21244993611931592,0.10369006701963245,0.10875986909968348,0.325,4.123198002593942,True,0.3051020579264033,0.17235923309293924,0.13274282483346408,0.275,5.921377143285809,True,True,True
507,16,Ob16.txt,84,0.032569199891378964,0.12276741785616418,0.17280272779141942,-0.050035309935255234,0.575,3.769433030765383,False,0.38285752850761123,0.20478387019560573,0.1780736583120055,0.175,11.755202147564983,True,False,True
507,17,Ob17.txt,122,0.00910066966643508,0.29265316313450424,0.15271213717442933,0.1399410259600749,0.25,32.157321808290895,True,0.08473483279827854,0.12308930749911667,-0.03835447470083814,0.575,9.31083490600653,False,False,True
507,18,Ob18.txt,103,0.0847004544763834,0.020716679234797863,0.4058512958466608,-0.38513461661186293,0.525,0.24458758058463773,False,0.23002632334149217,0.5778148406038394,-0.34778851726234716,0.525,2.715762563064278,False,False,False
507,19,Ob19.txt,143,0.5995038127592993,0.173146123506703,0.0789338137544533,0.0942123097522497,0.25,0.2888157169672933,False,0.05195731437592331,0.14477428468016454,-0.09281697030424123,0.775,0.08666719588785028,False,False,False
508,1,Ob1.txt,28,0.45121848184855934,0.1684550742260612,0.21801324369842873,-0.04955816947236752,0.6,0.373333719700336,False,0.08189228738960247,0.28512940681126586,-0.2032371194216634,0.85,0.1814914297262488,False,False,False
508,2,Ob2.txt,43,0.9438861617960089,0.5473030939056592,0.14978373022223812,0.3975193636834211,0.075,0.5798401502828066,True,0.2620066076097154,0.25251357013394454,0.009493037475770849,0.475,0.2775828465491793,False,False,True
508,3,Ob3.txt,40,0.09990361219660432,0.045182630585185235,0.1957458692158573,-0.15056323863067206,0.9,0.4522622314823665,False,0.09570119230598495,0.3168850130554148,-0.22118382074942983,0.825,0.9579352558108783,False,False,False
508,4,Ob4.txt,58,0.5956279505887129,0.34399117054371,0.24758415268289083,0.09640701786081915,0.35,0.5775269112265676,True,0.24109667964934897,0.1965248324343008,0.04457184721504817,0.425,0.40477731008266377,False,False,True
508,5,Ob5.txt,93,0.20113729501193908,0.15666605629889446,0.13831600489642215,0.01835005140247231,0.4,0.7789010799294834,False,0.028750534310952966,0.11735783032918866,-0.08860729601823569,0.975,0.14293984767591905,False,False,False
508,6,Ob6.txt,112,0.2280418169048559,0.20778192283656552,0.18570325005206315,0.022078672784502373,0.425,0.9111571099403086,False,0.25160239662764095,0.19600935841361747,0.05559303821402348,0.325,1.1033169268801917,True,False,True
508,7,Ob7.txt,33,0.3876650183712214,0.047189639233397335,0.3077447842999225,-0.2605551450665252,0.95,0.1217278758647481,False,0.15393230522170018,0.242032159096806,-0.08809985387510583,0.75,0.39707556247517084,False,False,False
508,8,Ob8.txt,84,0.35488126204421816,0.16105609211117905,0.2555667009849016,-0.09451060887372253,0.65,0.45383092695131216,False,0.17608413982493049,0.21503493779081517,-0.03895079796588469,0.6,0.49617761955262213,False,False,False
508,9,Ob9.txt,37,0.06831530575272426,0.20739429904680026,0.23248135863867067,-0.02508705959187041,0.575,3.03583943249101,False,0.10908540768702579,0.20622468526748977,-0.09713927758046398,0.65,1.5967930829713912,False,False,False
508,10,Ob10.txt,36,0.39210081619038845,0.024554061149211104,0.2342781965902403,-0.2097241354410292,0.95,0.06262180575846758,False,0.12701468932578802,0.2492535980633474,-0.12223890873755938,0.85,0.323933753976464,False,False,False
508,11,Ob11.txt,119,0.43134120513843577,0.14000172042469042,0.234825079637865,-0.09482335921317459,0.675,0.3245730265434713,False,0.5610390301837891,0.1873992470933288,0.3736397830904603,0.025,1.3006849878942768,True,False,True
508,12,Ob12.txt,91,0.31161424558679707,0.015659560633348238,0.18691533866482252,-0.1712557780314743,0.975,0.050253031930102894,False,0.19134867349037887,0.24306592297743596,-0.05171724948705708,0.65,0.6140562448615032,False,False,False
508,13,Ob13.txt,102,0.34816214317283334,0.413537424804456,0.17952150839493053,0.23401591640952546,0.075,1.18777251609222,True,0.2563681017867935,0.20642708977729907,0.04994101200949441,0.475,0.7363468625580243,False,False,True
508,14,Ob14.txt,47,0.36978848094834005,0.2619748599130084,0.26133893758068377,0.0006359223323246233,0.475,0.7084451609773281,False,0.11643884863045456,0.2680578282826044,-0.15161897965214982,0.725,0.3148795990936268,False,False,False
508,15,Ob15.txt,96,0.03315662892191211,0.020038253988669624,0.08457624897725818,-0.06453799498858856,0.9,0.6043513662339481,False,0.11663192885126175,0.17972024611957457,-0.06308831726831282,0.675,3.517605155998944,False,False,False
508,16,Ob16.txt,84,0.018645519587942916,0.008584410245249086,0.16752663913968602,-0.15894222889443693,0.975,0.46040069866436845,False,0.2151701303408487,0.18531990804517867,0.029850222295670026,0.375,11.540044745118713,False,False,False
508,17,Ob17.txt,122,0.12468579682518954,0.3462440037580621,0.1332095496603856,0.2130344540976765,0.075,2.776932197365662,True,0.3793408172778776,0.12502619090545705,0.2543146263724205,0.15,3.0423739265965986,True,True,True
508,18,Ob18.txt,103,0.23978185249687836,0.2504394299988363,0.0,0.2504394299988363,0.0,1.0444469729088304,True,0.04061751442673285,0.0,0.04061751442673285,0.0,0.16939361341893727,False,False,True
508,19,Ob19.txt,143,0.16510410380301785,0.10687591697273287,0.1140569568518458,-0.007181039879112935,0.55,0.6473244123613319,False,0.1559840171749144,0.09480593833288363,0.06117807884203076,0.3,0.944761599390743,True,False,True
509,1,Ob1.txt,28,0.21185685524358816,0.2081043867417272,0.3113489698946095,-0.10324458315288226,0.675,0.982287717347893,False,0.4505110435825567,0.24554449636751097,0.20496654721504576,0.3,2.1264879206508067,True,False,True
509,2,Ob2.txt,43,0.8547607736181837,0.2675806748912152,0.16702673497070247,0.1005539399205127,0.325,0.31304744338998153,True,0.4549640765658784,0.1764575297702514,0.27850654679562703,0.15,0.5322706546768933,True,True,True
509,3,Ob3.txt,40,0.7144968818151874,0.43267935485565373,0.25998346837895914,0.1726958864766946,0.25,0.605572068777161,True,0.7446507326612505,0.3463058282040138,0.3983449044572367,0.05,1.0422029145452067,True,True,True
509,4,Ob4.txt,58,0.5002950788866976,0.14909481599772578,0.27436379597440075,-0.12526897997667497,0.65,0.2980137568602618,False,0.09535634323035078,0.24234396210381653,-0.14698761887346576,0.75,0.1906002022697214,False,False,False
509,5,Ob5.txt,93,0.12300080434376492,0.25312620484859233,0.22040001487123298,0.03272618997735935,0.4,2.057923167243285,False,0.12687859302740703,0.19600704182049442,-0.06912844879308738,0.65,1.0315265311014097,False,False,False
509,6,Ob6.txt,112,0.2962090974864708,0.022434525061693456,0.19035049916018282,-0.16791597409848935,0.975,0.07573881171127143,False,0.11743027200126888,0.19932762594007009,-0.08189735393880121,0.725,0.39644383983389453,False,False,False
509,7,Ob7.txt,33,0.17572861455586375,0.1973720960434815,0.28455842601557757,-0.08718632997209608,0.6,1.1231642413065137,False,0.24833026336454656,0.2852436318510896,-0.03691336848654303,0.55,1.413146424628545,False,False,False
509,8,Ob8.txt,84,0.7206598370207125,0.13955060018454685,0.24989238591983656,-0.11034178573528972,0.75,0.1936428159524811,False,0.339847667246296,0.23523893773514795,0.10460872951114805,0.325,0.4715784754306052,True,False,True
509,9,Ob9.txt,37,0.2726785012075741,0.05909343062494976,0.21663761394342734,-0.15754418331847758,0.85,0.21671466713822596,False,0.2119558862794491,0.26668783406249713,-0.05473194778304802,0.625,0.7773105886264924,False,False,False
509,10,Ob10.txt,36,0.32590270029445023,0.14963037503935878,0.264703480512126,-0.11507310547276722,0.75,0.4591259136673892,False,0.07234396194116183,0.25940248884438794,-0.1870585269032261,0.825,0.22198024709767575,False,False,False
509,11,Ob11.txt,119,0.11065187848414956,0.06913889463018244,0.18757489603813265,-0.11843600140795021,0.825,0.6248325430831824,False,0.1222328911514386,0.17437329197377738,-0.052140400822338784,0.625,1.1046616905735402,False,False,False
509,12,Ob12.txt,91,0.008562739413029888,0.42713362685545775,0.37212191156799806,0.055011715287459684,0.35,49.882824438811035,True,0.4928398348761044,0.18880727522933138,0.304032559646773,0.1,57.55632760774571,True,True,True
509,13,Ob13.txt,102,0.20331421835932562,0.18898968564615323,0.0,0.18898968564615323,0.0,0.9295448551076932,True,0.1403207212932607,0.0,0.1403207212932607,0.0,0.6901667892467122,True,True,True
509,14,Ob14.txt,47,0.4446110715555621,0.3807670244335767,0.2631147281794586,0.1176522962541181,0.325,0.8564047294220225,True,0.07580508659870297,0.23504715700413653,-0.15924207040543356,0.9,0.17049752345006497,False,False,True
509,15,Ob15.txt,96,0.08649196479381728,0.005882853334667787,0.18199502308025758,-0.1761121697455898,0.95,0.06801618333785743,False,0.14950036536967026,0.16019094099009623,-0.010690575620425968,0.525,1.728488487064142,False,False,False
509,16,Ob16.txt,84,0.06860868276626275,0.5006336517689931,0.1686589137282809,0.3319747380407122,0.025,7.296943062943804,True,0.39459227501760524,0.22667850697352288,0.16791376804408237,0.2,5.751346026594171,True,True,True
509,17,Ob17.txt,122,0.10550578183156178,0.08130901451526212,0.1801921410253506,-0.09888312651008849,0.775,0.7706593241029255,False,0.06186608454917325,0.20706818416451536,-0.1452020996153421,0.775,0.5863762485352833,False,False,False
509,18,Ob18.txt,103,0.11273157953399843,0.38957349837194577,0.2898027977486246,0.09977070062332116,0.375,3.4557619079084696,False,0.16111282201447352,0.3807805569040035,-0.21966773488952995,0.7,1.4291720446078193,False,False,False
509,19,Ob19.txt,143,0.06758066281108413,0.0831864074239931,0.09264442660299363,-0.009458019179000535,0.575,1.2309202657057903,False,0.15417454874096137,0.09685181759192094,0.057322731149040435,0.35,2.2813411755363058,True,False,True
510,1,Ob1.txt,28,0.08617562355269598,0.04797253305979296,0.23286958366039195,-0.184897050600599,0.925,0.5566833297174576,False,0.4256358908495857,0.2343921154164879,0.19124377543309778,0.325,4.939168100005814,True,False,True
510,2,Ob2.txt,43,0.07819958944085724,0.27548390802401024,0.2250045105535399,0.05047939747047034,0.4,3.522830618341803,False,0.10330542277087564,0.20686062173696101,-0.10355519896608538,0.775,1.3210481475610056,False,False,False
510,3,Ob3.txt,40,0.1758027331037959,0.5387820412205115,0.1850710403081406,0.35371100091237095,0.125,3.064696615964489,True,0.1663176753031905,0.2330726431873291,-0.0667549678841386,0.675,0.946047153914238,False,False,True
510,4,Ob4.txt,58,0.08734134528545079,0.31665026365125093,0.2228791004407349,0.09377116321051604,0.375,3.6254337807182613,False,0.3896997002016704,0.31189302265069685,0.07780667755097354,0.375,4.461800982433299,False,False,False
510,5,Ob5.txt,93,0.33763635023378163,0.29424592369260166,0.20166864746525884,0.09257727622734283,0.275,0.8714876922726592,True,0.40727125976889766,0.1543562902909698,0.25291496947792785,0.1,1.2062423358352865,True,True,True
510,6,Ob6.txt,112,0.214023793987667,0.42913119220560586,0.1584462240418057,0.27068496816380017,0.1,2.0050630082295164,True,0.43299537931009274,0.18246362447592124,0.2505317548341715,0.1,2.0231179498436695,True,True,True
510,7,Ob7.txt,33,0.07584847820181828,0.3693312443858752,0.2202389236662004,0.14909232071967482,0.275,4.869329657520029,True,0.6787392754448554,0.21821549978713656,0.4605237756577188,0.075,8.948620875937156,True,True,True
510,8,Ob8.txt,84,0.16455557839141127,0.7722100187312393,0.25107965972304563,0.5211303590081937,0.05,4.692700340394802,True,0.5822241405572635,0.1954098381074686,0.38681430244979487,0.075,3.5381610653902436,True,True,True
510,9,Ob9.txt,37,0.2132486749812557,0.1429714398739934,0.19777444849739714,-0.05480300862340373,0.65,0.6704446810117832,False,0.5071776244075071,0.20635046994073003,0.3008271544667771,0.125,2.3783389249761457,True,False,True
510,10,Ob10.txt,36,0.2069255338481977,0.44946464947423553,0.23909827126513364,0.2103663782091019,0.225,2.172108202963326,True,0.04294132022818359,0.18717764071474757,-0.14423632048656398,0.9,0.2075206448890242,False,False,True
510,11,Ob11.txt,119,0.39150360781729554,0.3671934172439002,0.19999370860491222,0.16719970863898798,0.225,0.9379055771441568,True,0.5750133840766131,0.17376068961563496,0.4012526944609781,0.075,1.468730741160773,True,True,True
510,12,Ob12.txt,91,0.29159273791681545,0.06441357952493258,0.2959811097489913,-0.23156753022405868,0.85,0.22090255054057026,False,0.27171889089623685,0.3242418065505298,-0.052522915654292956,0.575,0.931843820382632,False,False,False
510,13,Ob13.txt,102,0.08713903414935233,0.0043126482464110605,0.8576642667132917,-0.8533516184668806,0.7,0.049491577322504844,False,0.10589282942011731,1.2252465432890371,-1.1193537138689198,0.675,1.2152169283701473,False,False,False
510,14,Ob14.txt,47,0.7137721451399216,0.35192688807262296,0.22817203372148825,0.1237548543511347,0.25,0.4930521462190631,True,0.4134491226308171,0.2752688676830554,0.1381802549477617,0.275,0.5792452471646511,True,True,True
510,15,Ob15.txt,96,0.06852434790568437,0.04629782193296139,0.24935737915584683,-0.20305955722288543,0.9,0.6756404598944137,False,0.4671253471090636,0.4479765026254285,0.01914884448363513,0.45,6.816925098681803,False,False,False
510,16,Ob16.txt,84,0.012696165168321394,0.27665402938752526,0.23299045750340924,0.043663571884116015,0.4,21.790361555614727,False,0.21446663836170354,0.19438185184278606,0.020084786518917486,0.475,16.89223757870023,False,False,False
510,17,Ob17.txt,122,0.13596459500230085,0.09825499348032446,0.2009050824133505,-0.10265008893302605,0.65,0.7226513157977762,False,0.17031590634827865,0.1991561014338416,-0.02884019508556296,0.575,1.252648943979839,False,False,False
510,18,Ob18.txt,103,0.11240704603908691,0.4688884086652656,0.026067878416296264,0.44282053024896934,0.1,4.171343569532293,True,0.25255693485416353,0.026152553918704746,0.22640438093545878,0.1,2.246806972992981,True,True,True
510,19,Ob19.txt,143,0.16011485824930963,0.05398210062927932,0.10749222514984816,-0.05351012452056884,0.7,0.3371461038626756,False,0.1863195248757052,0.09694594844662721,0.08937357642907798,0.225,1.1636616795775014,True,False,True
511,1,Ob1.txt,28,0.048176480254945,0.2057055623018586,0.2178035195592959,-0.012097957257437286,0.575,4.269833769783218,False,0.2875729719539364,0.2486542534151971,0.038918718538739294,0.45,5.969156950282164,False,False,False
511,2,Ob2.txt,43,0.5561916333281165,0.5081402757142393,0.23625978627288044,0.2718804894413588,0.125,0.9136064717005009,True,0.5017508364815548,0.2313965912438512,0.2703542452377036,0.075,0.9021186339664963,True,True,True
511,3,Ob3.txt,40,1.2534309161892103,0.2707569738080366,0.24683341485094046,0.023923558957096136,0.475,0.21601268192044878,False,0.4659253430908464,0.2160122202378802,0.24991312285296619,0.15,0.3717200023335894,True,False,True
511,4,Ob4.txt,58,0.5357339035196294,0.5917438245431885,0.1950286960980615,0.396715128445127,0.1,1.104548024038779,True,0.5980445564791931,0.2206799854663636,0.3773645710128295,0.175,1.1163089596349967,True,True,True
511,5,Ob5.txt,93,0.3655151750399227,0.13176795910313327,0.21241409248458157,-0.0806461333814483,0.675,0.36049928457482283,False,0.26163341230213605,0.15217076778286742,0.10946264451926863,0.3,0.7157935707417883,True,False,True
511,6,Ob6.txt,112,0.03128531008589874,0.07098564559088663,0.17008651735163488,-0.09910087176074825,0.775,2.268976890303608,False,0.07197076184580598,0.21087200144937465,-0.13890123960356868,0.75,2.3004650312942054,False,False,False
511,7,Ob7.txt,33,0.009704444597843698,0.24962673581324635,0.23972707017231912,0.00989966564092723,0.475,25.722928633001086,False,0.32108618904409025,0.2868169443645062,0.03426924467958403,0.425,33.08650853810168,False,False,False
511,8,Ob8.txt,84,0.13618163579131998,0.05282852932665494,0.12612414483000337,-0.07329561550334843,0.775,0.38792696988606856,False,0.20414978076010615,0.2862794038732215,-0.08212962311311534,0.65,1.4990991962597526,False,False,False
511,9,Ob9.txt,37,0.30714467881322705,0.1738392788742838,0.2798380442894327,-0.10599876541514891,0.75,0.5659849929550448,False,0.39191796892624353,0.35368651539839363,0.0382314535278499,0.475,1.2760044238453718,False,False,False
511,10,Ob10.txt,36,0.5295345967606746,0.5705851241309062,0.21716891058852267,0.35341621354238356,0.1,1.077521898703787,True,0.13719743865210035,0.17944203723455154,-0.04224459858245119,0.625,0.25909060426151403,False,False,True
511,11,Ob11.txt,119,0.3458353206757828,0.08001888259747508,0.14691680618523528,-0.0668979235877602,0.7,0.23137857186221875,False,0.3025060124681097,0.1799458662972955,0.1225601461708142,0.3,0.8747111540747051,True,False,True
511,12,Ob12.txt,91,0.5956516127172661,0.20770261632267606,0.3049025404169796,-0.09719992409430356,0.675,0.3486981515506529,False,0.1498162436224817,0.3246387494629175,-0.1748225058404358,0.725,0.25151655837721026,False,False,False
511,13,Ob13.txt,102,0.2031389862822362,0.47726649653693476,0.0,0.47726649653693476,0.0,2.34945790205841,True,0.5074300648094716,0.0,0.5074300648094716,0.0,2.497945244761934,True,True,True
511,14,Ob14.txt,47,0.30291546611065734,0.843632323466408,0.205520198749505,0.638112124716903,0.0,2.7850420921004497,True,0.6279585140828536,0.1936636830359929,0.43429483104686073,0.025,2.0730487028135287,True,True,True
511,15,Ob15.txt,96,0.14067651448893842,0.07839565234033354,0.2615849998417266,-0.1831893475013931,0.825,0.5572760501291627,False,0.02545188909286203,0.08641802605542864,-0.060966136962566614,0.8,0.18092493395451126,False,False,False
511,16,Ob16.txt,84,0.619667200439252,0.06505363077020682,0.22575104845528415,-0.16069741768507734,0.75,0.10498156223872016,False,0.4255256469937654,0.23533266316083953,0.19019298383292585,0.125,0.686700291208137,True,False,True
511,17,Ob17.txt,122,0.18816482249046654,0.2910398846287491,0.2089476315987767,0.08209225302997239,0.175,1.5467284520914888,True,0.09562906584010578,0.17955079073113325,-0.08392172489102748,0.725,0.5082196798232617,False,False,True
511,18,Ob18.txt,103,0.1875018832136743,0.032773751429530484,0.0,0.032773751429530484,0.35,0.1747915853846759,False,0.1205513866202921,0.0,0.1205513866202921,0.35,0.6429342711342988,True,False,True
511,19,Ob19.txt,143,0.18305315815072093,0.010140909372832518,0.06971688517813304,-0.059575975805300524,0.925,0.05539871300380829,False,0.04380537036976054,0.07835089635412362,-0.034545525984363085,0.575,0.23930409511805528,False,False,False
512,1,Ob1.txt,28,0.1741931662936068,0.10711440807892778,0.2097291207424849,-0.10261471266355712,0.7,0.61491739520013,False,0.19726445056405806,0.23594413555466198,-0.038679684990603924,0.6,1.132446552074058,False,False,False
512,2,Ob2.txt,43,0.552717657883781,0.27632275429447334,0.2232792734925811,0.05304348080189225,0.45,0.4999347322328089,False,0.12199653091012991,0.23383659353254482,-0.11184006262241492,0.775,0.22072124740364618,False,False,False
512,3,Ob3.txt,40,0.21932249893255423,0.061943069829558814,0.28246813665848675,-0.22052506682892792,0.925,0.2824291631320846,False,0.2239972155508781,0.27503474176956544,-0.051037526218687346,0.625,1.0213143505161384,False,False,False
512,4,Ob4.txt,58,0.25486013045165823,0.2395472766465914,0.3143717387217194,-0.07482446207512802,0.6,0.9399166367139117,False,0.006512806883302025,0.14667882459215956,-0.14016601770885753,1.0,0.0255544359636015,False,False,False
512,5,Ob5.txt,93,0.05763805931039062,0.19378220679356692,0.20109512782789155,-0.0073129210343246265,0.5,3.362052940575553,False,0.061131686768446214,0.15963838367475852,-0.09850669690631231,0.825,1.0606132041892984,False,False,False
512,6,Ob6.txt,112,0.03089697354505168,0.25125620692469397,0.1585537176088498,0.09270248931584418,0.2,8.13206531566371,True,0.12526026897483428,0.14382595167283513,-0.01856568269800085,0.575,4.05412746307301,False,False,True
512,7,Ob7.txt,33,0.1007743927871031,0.23748141597573957,0.2448628933984191,-0.007381477422679528,0.5,2.356565089679528,False,0.10427323749569373,0.31687808364366143,-0.2126048461479677,0.85,1.0347195811537393,False,False,False
512,8,Ob8.txt,84,0.2655975425621068,0.43054548643612045,0.1566340182771661,0.27391146815895434,0.05,1.621044691463749,True,0.42311730534581016,0.20065678033690015,0.22246052500891,0.1,1.5930768834085474,True,True,True
512,9,Ob9.txt,37,0.06131309337083224,0.44911168358186476,0.2639515269200663,0.18516015666179847,0.2,7.324890311202524,True,0.33078863025181277,0.25305033458610715,0.07773829566570561,0.375,5.395073255416191,False,False,True
512,10,Ob10.txt,36,0.5695126874810211,0.015983656722761475,0.20319371741642506,-0.18721006069366358,0.975,0.02806549717699507,False,0.13592174881894153,0.3132255672078085,-0.17730381838886694,0.775,0.238663249839313,False,False,False
512,11,Ob11.txt,119,0.41078626371191246,0.05252906278036847,0.19952354910947712,-0.14699448632910864,0.825,0.12787443841405444,False,0.13846161599814655,0.18287280605771042,-0.04441119005956387,0.65,0.3370648637249729,False,False,False
512,12,Ob12.txt,91,0.34808321107197526,0.2576709424864962,0.222892629980728,0.03477831250576818,0.45,0.7402567383039225,False,0.13879055407460894,0.2468227909861305,-0.10803223691152156,0.75,0.3987280904677427,False,False,False
512,13,Ob13.txt,102,0.41608209695532916,0.42621012631877087,0.18552260479765253,0.24068752152111833,0.0,1.0243414206896988,True,0.24132492051304408,0.11035612998796474,0.13096879052507934,0.0,0.5799935211799149,True,True,True
512,14,Ob14.txt,47,0.539401881641682,0.02313713733367122,0.27203084854476856,-0.24889371121109732,0.925,0.042894061220648344,False,0.35528122217745556,0.34079133008047646,0.014489892096979096,0.475,0.6586577360393127,False,False,False
512,15,Ob15.txt,96,0.18236794324294006,0.1546410099218664,0.21897479362996197,-0.06433378370809556,0.6,0.8479615834448633,False,0.09472404682545055,0.17209135696646563,-0.07736731014101508,0.75,0.5194117186443488,False,False,False
512,16,Ob16.txt,84,0.3323546945113691,0.2393262424799545,0.16785873826967312,0.07146750421028136,0.35,0.720092859924287,True,0.3638298720703375,0.15262682017794782,0.2112030518923897,0.125,1.0947035744605427,True,True,True
512,17,Ob17.txt,122,0.007705005870070586,0.1811871867953272,0.16080728086385176,0.02037990593147543,0.35,23.515515737519785,False,0.3020671555848822,0.11574826965320288,0.18631888593167928,0.225,39.204013686509356,True,False,True
512,18,Ob18.txt,103,0.2521066340236786,0.31648830174768106,0.1553522034446999,0.16113609830298115,0.05,1.2553747463779772,True,0.09275677124177606,0.16600768121830212,-0.07325090997652606,0.525,0.3679267370372493,False,False,True
512,19,Ob19.txt,143,0.45687763802399833,0.2728407680500366,0.16522156698709828,0.10761920106293832,0.25,0.5971856474089571,True,0.01820716798786437,0.10484887286279625,-0.08664170487493188,0.875,0.03985130037576495,False,False,True
513,1,Ob1.txt,28,0.018235152397736737,0.4612035114163848,0.3527057068875888,0.10849780452879604,0.3,25.2920020275579,True,0.08806389995875534,0.2585695557440424,-0.17050565578528704,0.8,4.829348175323472,False,False,True
513,2,Ob2.txt,43,0.28348150210479195,0.06685150653241545,0.17035481163988775,-0.1035033051074723,0.8,0.23582317024587757,False,0.0291609925257985,0.213674569710455,-0.1845135771846565,0.925,0.10286735575084835,False,False,False
513,3,Ob3.txt,40,0.3351218193619167,0.0363602019658856,0.29280344964746097,-0.25644324768157534,0.975,0.10849846194770803,False,0.01249936327400858,0.3011636807002833,-0.28866431742627474,0.95,0.03729796913196458,False,False,False
513,4,Ob4.txt,58,0.22650054910837408,0.2407653608919229,0.21437597204016293,0.02638938885175998,0.475,1.0629791487910412,False,0.3569416780177448,0.19453471698806146,0.16240696102968333,0.275,1.5758976277225638,True,False,True
513,5,Ob5.txt,93,0.22390313147653984,0.07379625013713279,0.11961703224907635,-0.04582078211194357,0.75,0.32959007607656,False,0.04399402998972375,0.18740411927449163,-0.1434100892847679,0.875,0.19648689011003567,False,False,False
513,6,Ob6.txt,112,0.3364662728861987,0.1732063032324731,0.2521832554142083,-0.07897695218173517,0.65,0.5147805803735217,False,0.025255429455721373,0.1895192489683396,-0.16426381951261823,1.0,0.07506080546820035,False,False,False
513,7,Ob7.txt,33,0.5181130696714323,1.3569746825046605,0.24661604992842334,1.1103586325762371,0.0,2.6190705503051723,True,0.7303079897443097,0.24543414328892676,0.4848738464553829,0.1,1.4095533050487286,True,True,True
513,8,Ob8.txt,84,0.2764196278851242,0.15568791738857077,0.15713379819129064,-0.0014458808027198733,0.525,0.5632303269479557,False,0.21359686018863466,0.14112785219099708,0.07246900799763759,0.3,0.7727268205331724,True,False,True
513,9,Ob9.txt,37,0.1336651347359002,0.3673948905385387,0.2612042468165402,0.10619064372199849,0.325,2.748621705012673,True,0.34167075830132476,0.23889193778449214,0.10277882051683263,0.35,2.5561696322411125,True,True,True
513,10,Ob10.txt,36,0.5008066895725274,0.3973044490110652,0.21564621427847672,0.1816582347325885,0.2,0.7933289576267274,True,0.48224709162211177,0.16709373375142395,0.3151533578706878,0.15,0.9629405949703717,True,True,True
513,11,Ob11.txt,119,0.17386375287404418,0.16464361611831424,0.14290565842484496,0.021737957693469284,0.45,0.9469691836089063,False,0.23630277160629737,0.20055640333492783,0.03574636827136954,0.425,1.359126141591383,False,False,False
513,12,Ob12.txt,91,0.26858151465048286,0.25722295670184286,0.2048932115592237,0.05232974514261918,0.4,0.9577090852160046,False,0.12146147738666645,0.1973428465603434,-0.07588136917367695,0.65,0.45223319834475467,False,False,False
513,13,Ob13.txt,102,0.05553257182208593,0.05509739233841203,0.20684819301749557,-0.15175080067908353,0.625,0.9921635272886673,False,0.005919954145482326,0.0453581922827766,-0.039438238137294274,0.925,0.106603277162249,False,False,False
513,14,Ob14.txt,47,0.33822980725453533,0.40893733841330965,0.24834653107797366,0.16059080733533598,0.3,1.2090517442348399,True,0.5096628789283308,0.22373560857170863,0.28592727035662224,0.2,1.506853825407479,True,True,True
513,15,Ob15.txt,96,0.3700923044956845,0.024374678871537034,0.20093923532655672,-0.17656455645501967,0.875,0.06586107999395394,False,0.04681650914193505,0.22899827712739473,-0.18218176798545968,0.9,0.1264995477431792,False,False,False
513,16,Ob16.txt,84,0.2667195938195256,0.1795049233035883,0.10024227151063331,0.079262651792955,0.3,0.6730098855243809,True,0.14514003919095447,0.15314182652548097,-0.0080017873345265,0.525,0.5441671424003545,False,False,True
513,17,Ob17.txt,122,0.27712923582997173,0.08695545078876418,0.18019257138036548,-0.0932371205916013,0.625,0.3137722028076256,False,0.019495721528483,0.12588644673594163,-0.10639072520745863,0.9,0.07034884453852532,False,False,False
513,18,Ob18.txt,103,0.23504892774222447,0.01163198981370428,0.080379988149196,-0.06874799833549172,0.6,0.04948752553536834,False,0.060299384461135114,0.02760775514200553,0.032691629319129584,0.0,0.25653971298803274,False,False,False
513,19,Ob19.txt,143,0.16484685416933262,0.10889300396119692,0.1394630333263393,-0.030570029365142387,0.575,0.6605707127983209,False,0.04432606549863391,0.11416540155985735,-0.06983933606122344,0.8,0.26889239544178173,False,False,False
514,1,Ob1.txt,28,0.1415421632213354,0.3487838045911447,0.2629512589570654,0.08583254563407933,0.45,2.464168956113359,False,0.05269998926315461,0.22297749394911195,-0.17027750468595734,0.9,0.37232714311950593,False,False,False
514,2,Ob2.txt,43,0.16607453545133277,0.5759757884912731,0.2095443742400328,0.36643141425124026,0.05,3.4681764240735125,True,0.32255839818316506,0.28799322467079524,0.03456517351236982,0.475,1.9422507930343664,False,False,True
514,3,Ob3.txt,40,0.31759420201723215,0.09862118593582778,0.29744384430827175,-0.19882265837244398,0.925,0.31052577568930795,False,0.30594356175699183,0.33610093299919586,-0.030157371242204023,0.55,0.9633159541759891,False,False,False
514,4,Ob4.txt,58,0.22880553793046376,0.32507498659737305,0.1857660097819145,0.13930897681545856,0.275,1.4207478959541902,True,0.02436046290043342,0.24546230521885384,-0.22110184231842042,0.875,0.10646797765811422,False,False,True
514,5,Ob5.txt,93,0.2635880638915239,0.03438407592907647,0.2170590456236261,-0.18267496969454963,0.95,0.13044625549974362,False,0.04306044453424529,0.17585128941754816,-0.13279084488330287,0.95,0.1633626496530823,False,False,False
514,6,Ob6.txt,112,0.49930457516467186,0.10544904028025551,0.1228793675709475,-0.017430327290691994,0.525,0.21119181662911493,False,0.28551435472298015,0.2404513763185528,0.045062978404427356,0.35,0.5718240307107477,True,False,True
514,7,Ob7.txt,33,0.1643662398785084,0.17752339111098794,0.2841809480029873,-0.10665755689199938,0.825,1.0800477716239336,False,0.2358683583664039,0.21014083425716476,0.025727524109239147,0.45,1.435017060320577,False,False,False
514,8,Ob8.txt,84,0.02220362543558569,0.12504154650480576,0.23024293350937386,-0.1052013870045681,0.725,5.631582412861371,False,0.1270114544359359,0.18539059915204242,-0.05837914471610653,0.625,5.720302515659221,False,False,False
514,9,Ob9.txt,37,0.7713732052278757,0.3333709217917896,0.19764182855560003,0.1357290932361896,0.275,0.43217850909574523,True,0.30075219094474914,0.1447224767137491,0.15602971423100004,0.175,0.389891934159033,True,True,True
514,10,Ob10.txt,36,0.15623009597249965,0.3215505220305838,0.2533868100246643,0.06816371200591953,0.375,2.0581855245559386,False,0.23887611748488863,0.312828731002544,-0.07395261351765536,0.55,1.5290019250000122,False,False,False
514,11,Ob11.txt,119,0.24439278921657465,0.011858601752030018,0.1934274671644964,-0.1815688654124664,0.975,0.04852271537979473,False,0.31235991358658166,0.24812809768741245,0.06423181589916921,0.375,1.2781060954698475,False,False,False
514,12,Ob12.txt,91,0.30715216922505045,0.6249840307369681,0.32316490981209434,0.30181912092487373,0.05,2.034770036994406,True,0.40717969892352635,0.23048287811538937,0.17669682080813698,0.25,1.3256611533978315,True,True,True
514,13,Ob13.txt,102,0.2664341394999816,0.17516393784238177,0.26516539016441437,-0.0900014523220326,0.575,0.6574380376745745,False,0.023025224975281533,0.42286759661355866,-0.3998423716382771,0.825,0.08641994985512404,False,False,False
514,14,Ob14.txt,47,0.5490648857484519,0.21406312175552533,0.2807760835658063,-0.06671296181028097,0.675,0.3898685334133642,False,0.00756148369788795,0.22176323536681475,-0.2142017516689268,1.0,0.013771566702140484,False,False,False
514,15,Ob15.txt,96,0.00623324395279426,0.03791628383795562,0.1952223019355742,-0.15730601809761857,0.875,6.082913507814559,False,0.209733322655785,0.18044104129631358,0.029292281359471428,0.475,33.647539586793336,False,False,False
514,16,Ob16.txt,84,0.24636145464311968,0.006188801109590247,0.14754037698216355,-0.1413515758725733,1.0,0.025120817372000715,False,0.195173807075519,0.21121508890143648,-0.016041281825917464,0.5,0.7922254208080103,False,False,False
514,17,Ob17.txt,122,0.15414369828826857,0.11505948316458903,0.13318631471231013,-0.0181268315477211,0.575,0.7464429908085699,False,0.004217645760419941,0.1415671029518549,-0.13734945719143496,1.0,0.027361778699070787,False,False,False
514,18,Ob18.txt,103,0.14853547193446948,0.18126690887411526,0.23502429830199179,-0.05375738942787653,0.625,1.2203610795008357,False,0.2327632396473481,0.054369303546960124,0.17839393610038798,0.0,1.5670549035589159,True,False,True
514,19,Ob19.txt,143,0.2558686122674482,0.2828895641179365,0.3004167693664563,-0.017527205248519806,0.55,1.1056047930656083,False,0.10193339439051671,0.24256851835962284,-0.14063512396910613,0.775,0.3983817846480138,False,False,False
515,1,Ob1.txt,28,0.7277374355183162,0.025127871056252457,0.1356292678222637,-0.11050139676601124,0.975,0.034528759728233084,False,0.5441968072597486,0.19199073585275156,0.35220607140699706,0.05,0.7477927899533648,True,False,True
515,2,Ob2.txt,43,0.35060079739523003,0.07818986674123636,0.2389265428264047,-0.16073667608516834,0.875,0.22301679665917423,False,0.13234855261264233,0.25548791088747247,-0.12313935827483014,0.85,0.377490734749946,False,False,False
515,3,Ob3.txt,40,0.2297419048584416,0.0430870859982635,0.30813272507443196,-0.26504563907616846,0.925,0.1875456113450968,False,0.29152397921478446,0.27518329613331927,0.01634068308146519,0.475,1.2689194833411461,False,False,False
515,4,Ob4.txt,58,0.31758996486515656,0.5962047013237572,0.3392384523314973,0.25696624899225995,0.075,1.8772781488133476,True,0.5914821894835811,0.3831596619059997,0.2083225275775814,0.225,1.8624083092005588,True,True,True
515,5,Ob5.txt,93,0.15058944251877188,0.34023809178318487,0.15071505893455062,0.18952303284863425,0.1,2.2593754654531786,True,0.2903881110434554,0.20530254334853115,0.08508556769492426,0.25,1.928343090899329,True,True,True
515,6,Ob6.txt,112,0.14716493806153041,0.29291670595602715,0.17500681662329853,0.11790988933272861,0.325,1.9903973719171966,True,0.4092362662393072,0.2136660614356508,0.1955702048036564,0.125,2.7808000440173015,True,True,True
515,7,Ob7.txt,33,0.311640383929308,0.17941441519312207,0.25551511559029727,-0.0761007003971752,0.6,0.5757097746157961,False,7.215335483895524e-05,0.29475824573917564,-0.2946860923843367,1.0,0.00023152761503246767,False,False,False
515,8,Ob8.txt,84,0.37896325125994224,0.12479213573508446,0.22373317483163513,-0.09894103909655066,0.7,0.32929877849682526,False,0.03673490727031069,0.19721323307683028,-0.1604783258065196,0.9,0.09693527577721016,False,False,False
515,9,Ob9.txt,37,0.4299485536903688,0.13154730505688972,0.2586243232588708,-0.12707701820198108,0.725,0.30596057116085723,False,0.21379853741960048,0.3046988478927304,-0.09090031047312991,0.8,0.49726539509089585,False,False,False
515,10,Ob10.txt,36,0.686431761469582,0.21223751608128721,0.24293335690564283,-0.030695840824355614,0.575,0.3091895334605553,False,0.33223945380487724,0.21681994525011064,0.1154195085547666,0.3,0.48400944194887735,True,False,True
515,11,Ob11.txt,119,0.022160899188720162,0.005860135012999479,0.17901458625513067,-0.1731544512421312,1.0,0.26443579581744914,False,0.1881576548389005,0.2262947495271636,-0.038137094688263096,0.55,8.490524379745036,False,False,False
515,12,Ob12.txt,91,0.04828462217441627,0.2733083219804868,0.16401516318127704,0.10929315879920978,0.275,5.660359544561165,True,0.004436558899429621,0.24415160032717154,-0.23971504142774192,0.975,0.09188347551739451,False,False,True
515,13,Ob13.txt,102,0.15403271225915138,0.15402506098588092,0.0,0.15402506098588092,0.175,0.9999503269587463,True,0.08628064928196072,0.0,0.08628064928196072,0.0,0.5601449719121895,True,True,True
515,14,Ob14.txt,47,0.05341246952126871,0.6926870255764208,0.2012379508295815,0.4914490747468393,0.025,12.968638817581624,True,0.3917825312946107,0.27710894356492305,0.11467358772968766,0.25,7.335038705495612,True,True,True
515,15,Ob15.txt,96,0.28409478072148286,0.2815339052926049,0.2261772632048697,0.05535664208773522,0.4,0.9909858413365624,False,0.03964478022471385,0.15913855236405375,-0.1194937721393399,0.875,0.13954772461511808,False,False,False
515,16,Ob16.txt,84,0.002978554596557409,0.1181754303056479,0.2242472847458501,-0.1060718544402022,0.825,39.67542862643316,False,0.17602647034018448,0.18629725940231368,-0.010270789062129193,0.575,59.09794990618421,False,False,False
515,17,Ob17.txt,122,0.22506982946792103,0.09011965692644153,0.14377032824977007,-0.05365067132332854,0.775,0.4004075408040694,False,0.13177172512623092,0.14058534797932193,-0.008813622853091008,0.55,0.5854704090625892,False,False,False
515,18,Ob18.txt,103,0.07375389555880293,0.3638917575006348,0.0,0.3638917575006348,0.0,4.933864913081222,True,0.16217048352518762,0.0,0.16217048352518762,0.0,2.1988056670971554,True,True,True
515,19,Ob19.txt,143,0.42839074935036725,0.26975971889468864,0.12446296548289021,0.14529675341179843,0.075,0.6297048180983494,True,0.09111214309143278,0.06906665095741427,0.02204549213401852,0.45,0.2126846651791611,False,False,True
516,1,Ob1.txt,28,0.1219392313588834,0.4150734142603657,0.3358639223355024,0.07920949192486332,0.275,3.4039366136296967,True,0.5847362594450033,0.3369935610115267,0.24774269843347657,0.125,4.7953087199971485,True,True,True
516,2,Ob2.txt,43,0.2174464009601389,0.1437385597427323,0.22037316257725703,-0.07663460283452472,0.675,0.6610298404942636,False,0.2906315002402484,0.22719838943554868,0.06343311080469974,0.325,1.3365661558754676,True,False,True
516,3,Ob3.txt,40,0.5546073382410142,0.4796834306707545,0.22566549933076113,0.25401793133999334,0.2,0.8649063897930247,True,0.28618202668782045,0.24452436376062753,0.04165766292719292,0.45,0.5160083665597932,False,False,True
516,4,Ob4.txt,58,0.018315362348903352,0.036276578123445785,0.20893867131867172,-0.17266209319522594,0.875,1.9806639602529008,False,0.4701629328170113,0.2695787321988445,0.20058420061816684,0.3,25.670413932332753,True,False,True
516,5,Ob5.txt,93,0.28437316786978073,0.15793916119152626,0.17786334451742217,-0.019924183325895906,0.55,0.5553940351497905,False,0.18124247485532913,0.17600777477765148,0.005234700077677651,0.475,0.6373402814794507,False,False,False
516,6,Ob6.txt,112,0.2242351252190929,0.17537819651072362,0.15949315624999072,0.015885040260732897,0.45,0.7821174150988488,False,0.061541567015683585,0.21427062727390123,-0.15272906025821764,0.8,0.2744510564772281,False,False,False
516,7,Ob7.txt,33,0.006408325618062538,0.2187152507042919,0.3519194629114516,-0.1332042122071597,0.7,34.12985914570571,False,0.3215136318225288,0.4115216426984999,-0.0900080108759711,0.625,50.1712383210224,False,False,False
516,8,Ob8.txt,84,0.10129348952899056,0.12916405307590312,0.23322348607858515,-0.10405943300268203,0.625,1.2751466424595423,False,0.19041563058814825,0.24868147968475876,-0.058265849096610506,0.575,1.8798407624573998,False,False,False
516,9,Ob9.txt,37,0.05354133229977945,0.36167684533507366,0.27029784119492534,0.09137900414014832,0.425,6.755096106126659,False,0.06767465783183088,0.3001592384149173,-0.23248458058308644,0.9,1.2639703743813946,False,False,False
516,10,Ob10.txt,36,0.18755564499528,0.45265839445622025,0.20036008876787537,0.2522983056883449,0.175,2.413461852708362,True,0.4591032917497826,0.23429710051396208,0.22480619123582052,0.2,2.447824440375209,True,True,True
516,11,Ob11.txt,119,0.0575730900338427,0.1799473068346359,0.24306448514026394,-0.06311717830562805,0.675,3.1255454020074134,False,0.025292813113716103,0.20698331330054595,-0.18169050018682986,0.95,0.4393165817372047,False,False,False
516,12,Ob12.txt,91,0.36005556567596897,0.650133360088087,0.2440665804264125,0.4060667796616745,0.05,1.8056473002091369,True,0.3461570357285553,0.23522484249585673,0.11093219323269854,0.35,0.9613989304086424,True,True,True
516,13,Ob13.txt,102,0.6032512718116467,0.4053944317656567,0.07682943305350132,0.3285649987121554,0.0,0.6720158758193768,True,0.6188534513573497,0.0038060042946185257,0.6150474470627312,0.0,1.0258634838826737,True,True,True
516,14,Ob14.txt,47,0.09443760736482638,0.3117056676680647,0.19829596921917236,0.11340969844889232,0.35,3.300651894577335,True,0.13298764430868068,0.2027877713127244,-0.06980012700404373,0.625,1.4082064128851743,False,False,True
516,15,Ob15.txt,96,0.19268906313503587,0.03318228168012563,0.13690462964096572,-0.1037223479608401,0.9,0.1722063574354067,False,0.12600418281574835,0.36335181197353567,-0.23734762915778732,0.825,0.6539249335985666,False,False,False
516,16,Ob16.txt,84,0.13902893973332156,0.15331223415462886,0.2588489420874469,-0.10553670793281805,0.725,1.1027361242105767,False,0.33809497340654104,0.22754925178659027,0.11054572161995077,0.375,2.4318316319973245,False,False,False
516,17,Ob17.txt,122,0.2850994452819173,0.6996676197324688,0.12554912382984462,0.5741184959026242,0.0,2.4541177870080055,True,0.3853573335947942,0.1519046906337173,0.23345264296107687,0.075,1.3516593594692479,True,True,True
516,18,Ob18.txt,103,0.003925160927951782,0.05256133697809917,0.17033983981414302,-0.11777850283604385,0.75,13.39087439798974,False,0.09630553965370359,0.09157339035834156,0.0047321492953620314,0.425,24.535437252494386,False,False,False
516,19,Ob19.txt,143,0.15503294640546844,0.07881506816634595,0.16069756180766143,-0.08188249364131547,0.625,0.5083762515885845,False,0.007872624293858599,0.14688888958229712,-0.13901626528843852,0.9,0.05078033073865975,False,False,False
517,1,Ob1.txt,28,1.118239290858709,0.3705774996379072,0.24462356260668422,0.12595393703122298,0.275,0.3313937389495019,True,0.7494632998147324,0.25923215497415664,0.4902311448405757,0.025,0.6702172834932412,True,True,True
517,2,Ob2.txt,43,0.24604344902814748,0.2583215976067079,0.2559991816842171,0.002322415922490828,0.5,1.0499023592258123,False,0.6436327647473281,0.25849153381938983,0.3851412309279383,0.025,2.61593132143785,True,False,True
517,3,Ob3.txt,40,0.6833143535778662,0.24308131331988247,0.1516658430067274,0.09141547031315508,0.4,0.35573863192994154,False,0.26892705061477035,0.2530437262020293,0.01588332441274104,0.5,0.3935627126909535,False,False,False
517,4,Ob4.txt,58,0.44408190859225705,0.4736266168376502,0.34071072285082293,0.1329158939868273,0.325,1.0665298623378965,True,0.016771855674350966,0.36915038800951316,-0.3523785323351622,1.0,0.03776748241674126,False,False,True
517,5,Ob5.txt,93,0.05351131662219899,0.12420702756033669,0.21528260112594386,-0.09107557356560717,0.725,2.3211357036356275,False,0.10584806541067593,0.17423678506371865,-0.06838871965304272,0.65,1.9780501040179082,False,False,False
517,6,Ob6.txt,112,0.02651631034336288,0.013034906597911788,0.1848519779534293,-0.17181707135551752,0.975,0.4915807074634902,False,0.052159430380657346,0.20852434806199927,-0.15636491768134192,0.9,1.9670696905126932,False,False,False
517,7,Ob7.txt,33,0.32158871958027146,0.5863301865439944,0.2122962437184006,0.37403394282559377,0.2,1.8232299544251926,True,0.24338234106484702,0.3872558527259664,-0.1438735116611194,0.625,0.7568124322970743,False,False,True
517,8,Ob8.txt,84,0.14574993689854107,0.14998069355150323,0.17590492957260434,-0.02592423602110111,0.625,1.0290275024675122,False,0.2597169576207421,0.4272296068976502,-0.16751264927690812,0.725,1.7819353006069247,False,False,False
517,9,Ob9.txt,37,0.13784872483222366,0.39974552168873456,0.2839032535262992,0.11584226816243537,0.35,2.8998855243330453,True,0.41716748198254555,0.33289403777038695,0.0842734442121586,0.4,3.0262701558558636,False,False,True
517,10,Ob10.txt,36,0.40081408645359273,0.24730775783072118,0.2490692589860142,-0.001761501155293027,0.5,0.6170136384649123,False,0.3835238330374494,0.21968752912793077,0.16383630390951864,0.275,0.9568621612849796,True,False,True
517,11,Ob11.txt,119,0.11140591508858505,0.09003906857688287,0.17616299413818548,-0.0861239255613026,0.775,0.8082072527772677,False,0.022996052877960693,0.22205838159868635,-0.19906232872072566,0.95,0.20641680344957672,False,False,False
517,12,Ob12.txt,91,0.2414590434350015,0.5518891201819996,0.1633533935319591,0.38853572665004055,0.075,2.285642783682124,True,0.528697517868713,0.1236962845543679,0.4050012333143451,0.05,2.1895950151522627,True,True,True
517,13,Ob13.txt,102,0.011775330450593188,0.005462372046061148,0.08361074243468214,-0.07814837038862099,0.8,0.4638826968788785,False,0.1582135140510957,0.04818437173123796,0.11002914231985775,0.025,13.436014786585087,True,False,True
517,14,Ob14.txt,47,0.12073356857604906,0.03969219626488471,0.22934313541979615,-0.18965093915491144,0.925,0.32875857752753274,False,0.023943234683365316,0.27761598013947797,-0.2536727454561126,0.975,0.1983146441023457,False,False,False
517,15,Ob15.txt,96,0.6391331164879657,0.13382967113092548,0.1563636596428328,-0.022533988511907327,0.575,0.2093924844112586,False,0.28239050079071143,0.27495520709267884,0.007435293698032586,0.475,0.44183362355317507,False,False,False
517,16,Ob16.txt,84,0.03636330323970888,0.3969786454832188,0.2286169578166767,0.1683616876665421,0.175,10.917012760538116,True,0.48309320109470666,0.22807126320553303,0.2550219378891736,0.15,13.285184734459627,True,True,True
517,17,Ob17.txt,122,0.17501341215868252,0.22376840918792024,0.13791421835998394,0.0858541908279363,0.325,1.278578632505217,True,0.47208844231027525,0.14860687577448425,0.32348156653579097,0.05,2.6974415074099487,True,True,True
517,18,Ob18.txt,103,0.2727027656871577,0.0757733976376386,0.0,0.0757733976376386,0.225,0.2778607596688814,False,0.09646359344358824,0.0,0.09646359344358824,0.2,0.3537316286489388,True,False,True
517,19,Ob19.txt,143,0.03701790019995595,0.04776038156474913,0.1412393574692697,-0.09347897590452056,0.825,1.2901969400416171,False,0.07989315446950798,0.1577009281926586,-0.07780777372315062,0.7,2.1582303166294414,False,False,False
518,1,Ob1.txt,28,0.5707663687406389,0.5097688185543606,0.2671478044691994,0.24262101408516124,0.275,0.8931304408827282,True,0.5806738148626127,0.2669044568402281,0.3137693580223846,0.1,1.0173581462829249,True,True,True
518,2,Ob2.txt,43,0.052911885070416914,0.004962401885872214,0.21959788097213495,-0.21463547908626274,1.0,0.09378614803211194,False,0.06802488986384958,0.21378601572449546,-0.14576112586064588,0.725,1.2856258999905177,False,False,False
518,3,Ob3.txt,40,0.18987868061333443,0.37761460543881764,0.23487834018202924,0.1427362652567884,0.275,1.988715132310116,True,0.22244937833345374,0.2395183835138276,-0.017069005180373853,0.55,1.171534253423878,False,False,True
518,4,Ob4.txt,58,0.2478074619521324,0.03226109357017291,0.20890499623480194,-0.17664390266462904,0.925,0.13018612642263616,False,0.09616569063353003,0.18095787585008347,-0.08479218521655343,0.75,0.38806616183376197,False,False,False
518,5,Ob5.txt,93,0.2643541699723997,0.18514760579435,0.18642821619312083,-0.0012806103987708373,0.5,0.700377095673129,False,0.10370531848655351,0.13778745540595466,-0.03408213691940115,0.675,0.39229688904616494,False,False,False
518,6,Ob6.txt,112,0.33739433376886224,0.2926601719777281,0.2184136556004902,0.07424651637723789,0.275,0.8674128243606484,True,0.15898106015371527,0.18090283574628213,-0.02192177559256686,0.625,0.4712025195498036,False,False,True
518,7,Ob7.txt,33,0.19928941151712792,0.21688401583350875,0.21626816657925868,0.0006158492542500671,0.5,1.088286699139902,False,0.20710998859573168,0.2826337345716977,-0.07552374597596603,0.65,1.039242311064437,False,False,False
518,8,Ob8.txt,84,0.6408858992286045,0.6393177432650916,0.25588480145480974,0.38343294181028187,0.05,0.9975531432889998,True,0.44526722382100914,0.22805320017007769,0.21721402365093145,0.2,0.6947683267129926,True,True,True
518,9,Ob9.txt,37,0.2927192029800234,0.005741440562465505,0.20340034794910944,-0.19765890738664393,1.0,0.019614157540792872,False,0.13200999664708202,0.22590118690537075,-0.09389119025828874,0.7,0.45097825938017133,False,False,False
518,10,Ob10.txt,36,0.8677294548798921,0.5619117405051411,0.186094401473271,0.37581733903187015,0.125,0.6475655947197493,True,0.7661715528058937,0.2756131912875685,0.49055836151832516,0.0,0.8829613291298776,True,True,True
518,11,Ob11.txt,119,0.10918470204153792,0.11658592418097394,0.1725248135527527,-0.055938889371778766,0.675,1.0677862557762012,False,0.20934065476408312,0.18924732847772524,0.020093326286357877,0.475,1.9173075609478896,False,False,False
518,12,Ob12.txt,91,0.14631573439675083,0.029416412863687985,0.28841419442499455,-0.2589977815613066,0.925,0.20104750172611116,False,0.12583217795551171,0.2329526280252788,-0.10712045006976709,0.675,0.8600044176677831,False,False,False
518,13,Ob13.txt,102,0.09391146005591511,0.08870040150557514,0.047167765916829585,0.04153263558874555,0.425,0.9445109409731539,False,0.08495700977473888,0.0,0.08495700977473888,0.15,0.9046500791719698,True,False,True
518,14,Ob14.txt,47,0.43325161558860004,0.17929020306018442,0.2695083411264171,-0.09021813806623266,0.625,0.4138246612574248,False,0.0525645599761247,0.21431998780438005,-0.16175542782825536,0.925,0.12132571024510176,False,False,False
518,15,Ob15.txt,96,0.2329813498265907,0.46794155703205254,0.31919465893795973,0.1487468980940928,0.325,2.008493629985164,True,0.3334698660942205,0.2929891011121901,0.040480764982030404,0.375,1.431315709787174,False,False,True
518,16,Ob16.txt,84,0.00030519713237453505,0.18393144623511554,0.19680410309091914,-0.012872656855803605,0.575,602.6643985940098,False,0.03833183361880266,0.298139156369286,-0.25980732275048335,0.925,125.59696521578778,False,False,False
518,17,Ob17.txt,122,0.1347359332863384,0.05840715380021577,0.12019232816601683,-0.061785174365801054,0.675,0.43349351858564655,False,0.0695674702973747,0.20063961206768532,-0.13107214177031062,0.8,0.5163245512949478,False,False,False
518,18,Ob18.txt,103,0.10990656846127997,0.004274714474137797,0.009095895534207421,-0.004821181060069624,0.75,0.03889407643223596,False,0.24783267155533079,0.05772301495666121,0.19010965659866957,0.125,2.2549395820927858,True,False,True
518,19,Ob19.txt,143,0.4032266456413105,0.20121209760067382,0.16792349867653944,0.03328859892413438,0.425,0.4990049635253065,False,0.14057839257604882,0.11368414790736116,0.02689424466868766,0.4,0.348633688015499,False,False,False
519,1,Ob1.txt,28,0.44793486808962524,0.42928980173002673,0.316651887838693,0.11263791389133371,0.35,0.9583754967789918,True,0.6995079191555388,0.2330259486020339,0.4664819705535049,0.075,1.561628640652233,True,True,True
519,2,Ob2.txt,43,0.4196090136449306,0.08797504818031596,0.21964238172034278,-0.13166733354002683,0.7,0.20965957670003643,False,0.2594548302457898,0.23696626091829598,0.022488569327493824,0.425,0.6183252070589174,False,False,False
519,3,Ob3.txt,40,0.012729182052704513,0.08181943774835924,0.2572549626347276,-0.17543552488636832,0.75,6.427705834482541,False,0.02430246835577915,0.20922255257433958,-0.18492008421856043,1.0,1.909193242358861,False,False,False
519,4,Ob4.txt,58,0.22082827710623648,0.04816612342733606,0.19344278120627562,-0.14527665777893956,0.875,0.21811574160026712,False,0.4332619601073368,0.13424204331953798,0.2990199167877988,0.125,1.9619858732987459,True,False,True
519,5,Ob5.txt,93,0.15333962555794473,0.09396269496580915,0.17071870227052932,-0.07675600730472017,0.775,0.6127750385715014,False,0.3368293315604468,0.1505320141654133,0.1862973173950335,0.2,2.1966228907554237,True,False,True
519,6,Ob6.txt,112,0.05367994741149289,0.35360820201815113,0.21319369793553944,0.1404145040826117,0.25,6.58734255656971,True,0.1690832017424711,0.1660772371997188,0.0030059645427522874,0.475,3.1498391838265913,False,False,True
519,7,Ob7.txt,33,0.2378107031988456,0.0907029052769402,0.3628879349319566,-0.2721850296550164,0.875,0.38140800248632584,False,0.45844763277660605,0.3685664142419272,0.08988121853467884,0.35,1.9277838491284167,True,False,True
519,8,Ob8.txt,84,0.1597606802238839,0.04741892724340947,0.15921030354159016,-0.11179137629818069,0.875,0.29681225178158976,False,0.16726402367110757,0.19071379604127436,-0.023449772370166794,0.575,1.046966146092447,False,False,False
519,9,Ob9.txt,37,0.04990825285773208,0.06845070955943022,0.21757623293239414,-0.14912552337296392,0.9,1.371530871949276,False,0.31923911805783056,0.2957182106162039,0.02352090744162666,0.475,6.396519609048429,False,False,False
519,10,Ob10.txt,36,0.23460437902335513,0.4931120816364294,0.20303516854155282,0.2900769130948766,0.125,2.1018877980420796,True,0.3257302590419442,0.2558327859769485,0.06989747306499572,0.375,1.3884236108377048,False,False,True
519,11,Ob11.txt,119,0.12538505750358936,0.10919365167747372,0.14994456608233087,-0.04075091440485715,0.6,0.870866543841142,False,0.03700708187687257,0.19920459758765238,-0.1621975157107798,0.95,0.2951474650463288,False,False,False
519,12,Ob12.txt,91,0.3230973640782081,0.2341514762747294,0.16481211189933165,0.06933936437539776,0.375,0.7247087172709069,False,0.11004941885384972,0.19981595170715086,-0.08976653285330113,0.575,0.3406076034319223,False,False,False
519,13,Ob13.txt,102,0.33790713134121547,0.1065877680108969,0.13800888718124787,-0.03142111917035098,0.65,0.3154350948079446,False,0.18889220781107105,0.1642370888709657,0.02465511894010536,0.45,0.5590062780306624,False,False,False
519,14,Ob14.txt,47,0.17520181372380023,0.1438761652524291,0.23271814487375087,-0.08884197962132176,0.675,0.8212024875452776,False,0.23100413195972896,0.24190312512644938,-0.010898993166720411,0.55,1.3185030853841457,False,False,False
519,15,Ob15.txt,96,0.3827936267850106,0.18908569915990367,0.17321007274290784,0.01587562641699583,0.425,0.49396250598001823,False,0.30682939858984015,0.09377840825548028,0.21305099033435987,0.025,0.8015530487454159,True,False,True
519,16,Ob16.txt,84,0.1142369577527178,0.3882630073711283,0.11410438824516975,0.2741586191259585,0.075,3.398751288629193,True,0.5246792526596451,0.22454402618945668,0.3001352264701884,0.1,4.59290288345553,True,True,True
519,17,Ob17.txt,122,0.22974840383700434,0.23565905672223542,0.16136283322838235,0.07429622349385306,0.375,1.025726633075651,False,0.35962229701239884,0.18132832415511194,0.1782939728572869,0.125,1.5652874666652044,True,False,True
519,18,Ob18.txt,103,0.02983449541204984,0.07454723324067838,0.005737806423428138,0.06880942681725025,0.4,2.4986926110561782,False,0.2832372763835388,0.05283008175950954,0.23040719462402925,0.0,9.493617119099733,True,False,True
519,19,Ob19.txt,143,0.17747782827133346,0.5408331064040646,0.10966789600834624,0.4311652103957183,0.0,3.047327723535261,True,0.32113783106656363,0.1271518897569458,0.19398594130961783,0.05,1.8094532381565906,True,True,True
520,1,Ob1.txt,28,0.331697337259335,0.256678841472995,0.31717225733867394,-0.06049341586567891,0.55,0.7738344950062492,False,0.05682305622273193,0.2138342782623973,-0.15701122203966536,0.8,0.17130995591413284,False,False,False
520,2,Ob2.txt,43,1.028675278212301,0.7944179335551416,0.1934949024094347,0.6009230311457069,0.025,0.7722727962664107,True,0.7416067176072855,0.22853175050984215,0.5130749670974433,0.0,0.7209337419832798,True,True,True
520,3,Ob3.txt,40,0.012833568386172556,0.08527143416931433,0.23526272123574568,-0.14999128706643133,0.8,6.644405640226259,False,0.1862586072905515,0.20022257795717877,-0.013963970666627273,0.525,14.513391886486895,False,False,False
520,4,Ob4.txt,58,0.19117277366092295,0.022476209974533423,0.26076667369325784,-0.23829046371872442,0.875,0.11757014110387266,False,0.0796678447486596,0.2702224710331242,-0.1905546262844646,0.875,0.4167321696653516,False,False,False
520,5,Ob5.txt,93,0.007046646118006358,0.036220292805224596,0.2732661928485191,-0.2370459000432945,0.925,5.14007546266167,False,0.10659403999989785,0.1950245141792043,-0.08843047417930645,0.775,15.126918283510383,False,False,False
520,6,Ob6.txt,112,0.4170642190215745,0.403352662447827,0.12240196261445596,0.28095069983337106,0.025,0.9671236324086623,True,0.23232816847283003,0.1792360838958431,0.053092084576986914,0.4,0.5570561028176139,False,False,True
520,7,Ob7.txt,33,0.1018112520196065,0.022559229365692046,0.300708256157289,-0.278149026791597,0.925,0.22157894061991948,False,0.030080080591197905,0.3346684446420434,-0.30458836405084544,0.825,0.2954494713944307,False,False,False
520,8,Ob8.txt,84,0.5343618346130667,0.6793319228168149,0.20778702509444832,0.4715448977223665,0.05,1.2712957378565808,True,0.3811323287272721,0.1746417708032929,0.2064905579239792,0.15,0.7132476611157145,True,True,True
520,9,Ob9.txt,37,0.5986004978280214,0.13806761716465413,0.3631968021450537,-0.22512918498039955,0.75,0.23065068884109266,False,0.16542620271334624,0.22968154934066712,-0.06425534662732088,0.675,0.276354936745932,False,False,False
520,10,Ob10.txt,36,0.26976917507634,0.3817492142924721,0.259035869471401,0.1227133448210711,0.125,1.4150957543034473,True,0.39452040749112033,0.22075718135322192,0.1737632261378984,0.2,1.4624369421727959,True,True,True
520,11,Ob11.txt,119,0.3012894270681805,0.17127884947794028,0.18543856861661578,-0.014159719138675503,0.55,0.5684860937359764,False,0.20070170329195597,0.17391129115603735,0.026790412135918623,0.45,0.6661425369119841,False,False,False
520,12,Ob12.txt,91,0.4030045508785408,0.18412413427688798,0.2482113762813853,-0.06408724200449731,0.6,0.45687854858090693,False,0.1767147539081918,0.28608154465794466,-0.10936679074975286,0.575,0.4384931969700035,False,False,False
520,13,Ob13.txt,102,0.2950488985640662,0.22209542018176842,0.1590882931859721,0.06300712699579633,0.375,0.7527410583894899,False,0.3717316342115808,0.20293628053041898,0.1687953536811618,0.25,1.259898396573285,True,False,True
520,14,Ob14.txt,47,0.5304280895531133,0.05021472098651642,0.27957061405363265,-0.22935589306711623,0.85,0.09466829147155918,False,0.090010207487148,0.2812831450415756,-0.1912729375544276,0.725,0.16969351597307333,False,False,False
520,15,Ob15.txt,96,0.1264296851465018,0.012319553228392906,0.1869088778348971,-0.1745893246065042,0.925,0.09744193552422034,False,0.1292191781582311,0.16260058931555577,-0.03338141115732465,0.575,1.0220635921737602,False,False,False
520,16,Ob16.txt,84,0.03712252202793387,0.4258648246893642,0.13388561281670092,0.2919792118726633,0.15,11.471872098800572,True,0.005669517456475148,0.19470435605896338,-0.18903483860248824,0.925,0.1527244687795986,False,False,True
520,17,Ob17.txt,122,0.1930501472326668,0.3047461804494475,0.18116240851679702,0.1235837719326505,0.125,1.5785855893814111,True,0.61900709476891,0.1652473210638803,0.45375977370502973,0.0,3.2064575119068612,True,True,True
520,18,Ob18.txt,103,0.2028918643437389,0.10663840918919978,0.7174215803971666,-0.6107831712079669,0.5,0.5255923372488374,False,0.14906590287244031,0.5823589981994406,-0.4332930953270003,0.525,0.7347061616028784,False,False,False
520,19,Ob19.txt,143,0.10179629278045256,0.18475927435298228,0.15222425037312398,0.0325350239798583,0.4,1.814990205502461,False,0.22753642155417247,0.1527744068877268,0.07476201466644566,0.2,2.2352132414577004,True,False,True
521,1,Ob1.txt,28,0.06410147043736703,0.08750109428304398,0.3251677218157237,-0.2376666275326797,0.825,1.3650403600107819,False,0.0006935819192843695,0.2207954934216056,-0.22010191150232122,1.0,0.01082006254383918,False,False,False
521,2,Ob2.txt,43,0.9944628301215567,0.11090860607000795,0.22929906073177211,-0.11839045466176416,0.75,0.11152614528232413,False,0.054249193093259374,0.2169895223209874,-0.16274032922772802,0.925,0.054551252646243505,False,False,False
521,3,Ob3.txt,40,0.2962516973020513,0.11565729447417047,0.26286443055922837,-0.1472071360850579,0.8,0.39040213280617597,False,0.10952724124412327,0.2536006096688624,-0.1440733684247391,0.9,0.36971008855504334,False,False,False
521,4,Ob4.txt,58,0.5563532789873363,0.1787645496839137,0.17093926746443877,0.007825282219474927,0.475,0.3213148127917886,False,0.15213275922493902,0.21457593399095862,-0.0624431747660196,0.575,0.2734463244322891,False,False,False
521,5,Ob5.txt,93,0.7839799115074428,0.6785947559577237,0.23315275987288486,0.4454419960848388,0.0,0.8655767143993731,True,0.63085010186105,0.29232197791117437,0.3385281239498756,0.025,0.8046763604542447,True,True,True
521,6,Ob6.txt,112,0.1696976859509135,0.2802676257540887,0.17338367407691174,0.10688395167717696,0.4,1.6515701094189257,False,0.07996412766862615,0.19592376321669466,-0.11595963554806851,0.75,0.471215192007724,False,False,False
521,7,Ob7.txt,33,0.6016264840252624,0.04130245679771827,0.19814978914549203,-0.15684733234777376,0.825,0.06865132751699803,False,0.32771743503751527,0.23566938799409715,0.09204804704341812,0.35,0.5447190968803068,True,False,True
521,8,Ob8.txt,84,0.07492591166521814,0.44405415206978627,0.23000455990400498,0.2140495921657813,0.175,5.926576563444387,True,0.2076373396823357,0.25401056399861677,-0.046373224316281075,0.625,2.7712354119906477,False,False,True
521,9,Ob9.txt,37,1.1068344376580113,0.4011549515372045,0.2235424788077065,0.17761247272949798,0.2,0.3624344688678299,True,0.8098231470539097,0.20972240387375904,0.6001007431801506,0.0,0.7316569845508621,True,True,True
521,10,Ob10.txt,36,0.15822139332109736,0.039056415542424366,0.2132993175426891,-0.17424290200026474,0.95,0.24684661614098272,False,0.6673057579801792,0.2625703826211474,0.4047353753590318,0.025,4.217544441831181,True,False,True
521,11,Ob11.txt,119,0.40293484897544396,0.20461408136363102,0.18924822898624283,0.01536585237738819,0.425,0.5078093440761209,False,0.3457817036860071,0.21779001440841073,0.12799168927759635,0.225,0.8581578499979287,True,False,True
521,12,Ob12.txt,91,0.1670982100145379,0.47972407195368627,0.3847939939232937,0.09493007803039255,0.375,2.870910896723246,False,0.04695373303474065,0.19701117414796665,-0.150057441113226,0.875,0.2809948295116721,False,False,False
521,13,Ob13.txt,102,0.18172507664260246,0.34518045320614343,0.20101203509774063,0.1441684181084028,0.2,1.8994651678425627,True,0.19178257444246954,0.18985972761851164,0.0019228468239579077,0.5,1.0553445786661964,False,False,True
521,14,Ob14.txt,47,0.22625220589119094,0.3524458663933918,0.2136695562033875,0.1387763101900043,0.225,1.5577565973561815,True,0.4163509233006746,0.2151694761317657,0.20118144716890887,0.1,1.8402071337191992,True,True,True
521,15,Ob15.txt,96,0.31906180638609094,0.21722155839257679,0.25077647980304296,-0.033554921410466176,0.55,0.6808134162248204,False,0.24708337416443246,0.2498307166087428,-0.0027473424443103245,0.525,0.774405990372415,False,False,False
521,16,Ob16.txt,84,0.273234343554656,0.423535327031955,0.14083797116979324,0.28269735586216177,0.075,1.55008086290307,True,0.4129444638988417,0.14666564249412545,0.26627882140471626,0.075,1.5113197650288754,True,True,True
521,17,Ob17.txt,122,0.1943164918642537,0.005281909930306472,0.141031330435883,-0.13574942050557653,0.95,0.027181995103103894,False,0.05543883390218127,0.15616508527692619,-0.10072625137474492,0.8,0.2853017434099722,False,False,False
521,18,Ob18.txt,103,0.0951455763031383,0.07620136225431082,0.0,0.07620136225431082,0.425,0.8008923295764133,False,0.03044018234052942,0.0,0.03044018234052942,0.425,0.31993271283097346,False,False,False
521,19,Ob19.txt,143,0.018345142244743512,0.1638184023598639,0.1396003902840705,0.024218012075793383,0.425,8.929797336774714,False,0.2256730632195733,0.09763840975231869,0.12803465346725462,0.225,12.301516129384938,True,False,True
522,1,Ob1.txt,28,0.5110184449227367,0.05153377643077839,0.28001249732262323,-0.22847872089184484,0.875,0.10084523747194687,False,0.27683174859786197,0.23982654613727394,0.03700520246058803,0.4,0.5417255509039747,False,False,False
522,2,Ob2.txt,43,0.07185524997929275,0.20925377284978666,0.269288641487582,-0.06003486863779536,0.6,2.912157050599496,False,0.5662342324148218,0.22123433508067408,0.34499989733414776,0.125,7.880206840530083,True,False,True
522,3,Ob3.txt,40,0.35139695344893196,0.5521691212842046,0.28415702724517866,0.2680120940390259,0.125,1.5713543212731655,True,0.3038446444470708,0.23869679743034386,0.06514784701672696,0.45,0.8646763765731628,False,False,True
522,4,Ob4.txt,58,0.0995372566789346,0.0409539550301673,0.3423089021133258,-0.3013549470831585,0.95,0.4114434775138275,False,0.33291110542222135,0.3333867448568093,-0.0004756394345879489,0.5,3.3445879113993753,False,False,False
522,5,Ob5.txt,93,0.08194316551125669,0.061386731340008424,0.2891693368907714,-0.22778260555076296,0.9,0.7491379049980149,False,0.033396310317749256,0.21671795176502293,-0.18332164144727367,0.875,0.4075545545425816,False,False,False
522,6,Ob6.txt,112,0.010453791580133098,0.08463577876683104,0.21791187510446616,-0.13327609633763512,0.7,8.09618004319859,False,0.047067454962673616,0.16688483182927633,-0.11981737686660271,0.9,4.5024290566614065,False,False,False
522,7,Ob7.txt,33,0.732525652794656,0.8519876232012821,0.21613870151288117,0.6358489216884009,0.025,1.163082302921225,True,0.6512217402633742,0.18521274562738838,0.46600899463598583,0.025,0.8890087845782608,True,True,True
522,8,Ob8.txt,84,0.2807469897855329,0.032798843839990016,0.17089583078858106,-0.13809698694859104,0.8,0.11682705437036235,False,0.31550216001360815,0.13872929354269758,0.17677286647091056,0.35,1.1237953441802715,True,False,True
522,9,Ob9.txt,37,0.5535612239331458,0.36263963558790946,0.19244393244527952,0.17019570314262994,0.25,0.6551030309010695,True,0.2118908082325371,0.1930147919434097,0.018876016289127384,0.425,0.38277754848328643,False,False,True
522,10,Ob10.txt,36,0.7985157674968644,0.3211958856244958,0.18034724454020468,0.14084864108429113,0.325,0.4022411312319604,True,0.30184711128008673,0.24171582768563185,0.06013128359445488,0.425,0.3780102078964546,False,False,True
522,11,Ob11.txt,119,0.2546046620823021,0.5437975187378545,0.1790000036007811,0.3647975151370734,0.0,2.1358505939772208,True,0.6883271539668969,0.16582486565861104,0.5225022883082859,0.0,2.703513550527178,True,True,True
522,12,Ob12.txt,91,0.6371930897161895,0.7417719542266613,0.19595593862947167,0.5458160155971896,0.025,1.1641242916759378,True,0.7482363018553059,0.11867210399600377,0.6295641978593021,0.025,1.1742693289228479,True,True,True
522,13,Ob13.txt,102,0.019996057612684692,0.04095307704185289,0.04129779545782589,-0.0003447184159729999,0.55,2.0480575639006915,False,0.16044535590444248,0.03540912333002666,0.12503623257441582,0.025,8.023849451336968,True,False,True
522,14,Ob14.txt,47,0.09847964063000969,0.3152883735324054,0.20356689514332085,0.11172147838908456,0.325,3.2015589366024515,True,0.43116349055205494,0.2343073935054628,0.19685609704659213,0.1,4.378199268333505,True,True,True
522,15,Ob15.txt,96,0.02380268176666739,0.42462752740382936,0.2955120199639919,0.12911550743983746,0.425,17.83948260815157,False,0.7181970790945599,0.26637076303612106,0.4518263160584388,0.05,30.17294799530963,True,False,True
522,16,Ob16.txt,84,0.0734548767741948,0.28737788632555805,0.18499191955323369,0.10238596677232437,0.425,3.912305063270025,False,0.44050544936655456,0.20852660138755214,0.23197884797900242,0.275,5.996953078019555,True,False,True
522,17,Ob17.txt,122,0.26195935028487444,0.19950980082899972,0.19261162526371792,0.0068981755652818,0.45,0.7616059537941198,False,0.2999208338170362,0.185170576014815,0.1147502578022212,0.225,1.1449136421008816,True,False,True
522,18,Ob18.txt,103,0.014208714442545456,0.4261547012149593,0.18002862655479812,0.24612607466016118,0.175,29.992488267546232,True,0.691865572027354,0.07795930707638732,0.6139062649509667,0.0,48.69304502001154,True,True,True
522,19,Ob19.txt,143,0.13843352239446943,0.6522304212910986,0.11792995262711305,0.5343004686639856,0.0,4.711506360667133,True,0.44724387056905435,0.14631050804642887,0.3009333625226255,0.1,3.230748324778032,True,True,True
523,1,Ob1.txt,28,1.186654937006974,0.7909777357193999,0.24853479809626977,0.5424429376231301,0.0,0.6665608603242605,True,0.9258060352553756,0.24596126075765523,0.6798447744977204,0.0,0.7801813369524915,True,True,True
523,2,Ob2.txt,43,0.49745946207158165,0.047596426521062024,0.29438112193198973,-0.2467846954109277,0.95,0.09567900532609261,False,0.20600534680545055,0.24262542473444204,-0.036620077928991496,0.575,0.4141148425392852,False,False,False
523,3,Ob3.txt,40,0.35169477155290846,0.22363178119850807,0.2797843048899157,-0.05615252369140761,0.6,0.6358689388843111,False,0.4929730295901677,0.3218150929624475,0.17115793662772022,0.325,1.4017070183143328,True,False,True
523,4,Ob4.txt,58,0.7077990502105479,0.5998462153367733,0.34276877882077067,0.2570774365160026,0.125,0.8474809554468008,True,0.41848703758458006,0.2971096477287144,0.12137738985586566,0.325,0.5912511997015161,True,True,True
523,5,Ob5.txt,93,0.05009126628006014,0.32426844763039664,0.1770419622670428,0.14722648536335384,0.25,6.473552611295801,True,0.19186939873034786,0.19471921075150966,-0.0028498120211618017,0.5,3.830396254261303,False,False,True
523,6,Ob6.txt,112,0.5649136117599312,0.20353281595764655,0.2207868763209945,-0.01725406036334795,0.525,0.36029016069122616,False,0.3173984593721769,0.20199994783276493,0.115398511539412,0.275,0.5618530918087709,True,False,True
523,7,Ob7.txt,33,0.215141034004375,0.25164297047773276,0.2137034665202168,0.03793950395751597,0.45,1.1696651531042446,False,0.017190940069503557,0.2510122702484006,-0.23382133017889706,0.9,0.07990544504473271,False,False,False
523,8,Ob8.txt,84,0.08075354617951794,0.056160120287950865,0.32372732950234884,-0.26756720921439797,0.9,0.69545082469945,False,0.16749587722746928,0.3857264996781308,-0.2182306224506615,0.825,2.074161261662988,False,False,False
523,9,Ob9.txt,37,0.614601348493924,0.6605884131483135,0.23166532352515695,0.42892308962315656,0.125,1.0748242169775262,True,0.12802260921436076,0.29997885054453366,-0.1719562413301729,0.75,0.20830186840311887,False,False,True
523,10,Ob10.txt,36,0.14786822575280514,0.10347884992014061,0.24020301894951368,-0.13672416902937307,0.75,0.6998045008880318,False,0.48996606852500546,0.23846098640351465,0.2515050821214908,0.1,3.313531801917293,True,False,True
523,11,Ob11.txt,119,0.12699209170582146,0.1947097394052605,0.1903557295853022,0.0043540098199583155,0.475,1.5332430294660215,False,0.177634750045144,0.18275467351195332,-0.005119923466809312,0.5,1.3987859216984693,False,False,False
523,12,Ob12.txt,91,0.5128263530627203,0.4702257794715366,0.21976898739532333,0.2504567920762133,0.125,0.9169298275395502,True,0.041095022383172086,0.2469191829016658,-0.20582416051849373,0.925,0.08013438103900647,False,False,True
523,13,Ob13.txt,102,0.4412893606964405,0.17741115377691938,0.0,0.17741115377691938,0.0,0.4020290756544188,True,0.3966164653152539,0.025742144606525685,0.3708743207087282,0.0,0.898767340978527,True,True,True
523,14,Ob14.txt,47,0.7129582178559486,0.896241733174787,0.20958824565469136,0.6866534875200956,0.0,1.2570746934792612,True,0.656264544288382,0.2560594867109952,0.4002050575773868,0.05,0.9204810714742032,True,True,True
523,15,Ob15.txt,96,0.07648606440786951,0.055546050948400705,0.36689247034105243,-0.31134641939265173,0.925,0.7262244616508948,False,0.5290492484259709,0.4104292953154981,0.1186199531104728,0.3,6.916936470998997,True,False,True
523,16,Ob16.txt,84,0.2809010434399374,0.2201893733825273,0.17215432116410057,0.048035052218426744,0.375,0.7838681219765867,False,0.23960776859010913,0.23329957432532708,0.006308194264782047,0.5,0.85299707561016,False,False,False
523,17,Ob17.txt,122,0.13340310968270608,0.4464436631818045,0.11761308037393693,0.3288305828078676,0.125,3.346576134871614,True,0.33045720644189774,0.11455261013608938,0.21590459630580838,0.2,2.4771327087342785,True,True,True
523,18,Ob18.txt,103,0.08467866143783825,0.1935314125687472,0.0,0.1935314125687472,0.0,2.2854803002621464,True,0.01655184911052035,0.0,0.01655184911052035,0.0,0.1954665889785102,False,False,True
523,19,Ob19.txt,143,0.095194491925571,0.3184072555600934,0.13339894389302315,0.18500831166707027,0.15,3.3448075526160075,True,0.1733252865561922,0.13391973871467025,0.03940554784152195,0.425,1.8207491111114784,False,False,True
524,1,Ob1.txt,28,0.7246121602266832,0.22225530455012318,0.20935293883121653,0.012902365718906655,0.5,0.30672312272622393,False,0.2518084580289095,0.27794577111458785,-0.02613731308567835,0.55,0.34750791092180305,False,False,False
524,2,Ob2.txt,43,0.28462412800559334,0.5353311752438593,0.3006562106107793,0.23467496463308002,0.125,1.880835539119646,True,0.589799727632231,0.23219393082914733,0.3576057968030837,0.125,2.0722056551039847,True,True,True
524,3,Ob3.txt,40,0.8431277737418653,0.8689461085405866,0.23686501321951053,0.632081095321076,0.025,1.030622090272436,True,0.32636256101728517,0.2847227979546929,0.04163976306259226,0.4,0.3870855298347761,False,False,True
524,4,Ob4.txt,58,0.012540588216700121,0.08688142248922578,0.1201361188760748,-0.03325469638684901,0.575,6.928018127054602,False,0.05813584029587061,0.21826943793479445,-0.16013359763892385,0.875,4.635814468292001,False,False,False
524,5,Ob5.txt,93,0.8224159870531543,0.11892953860289948,0.19719427849056892,-0.07826473988766944,0.75,0.14460995466423593,False,0.2676421815271587,0.15993047720851564,0.10771170431864305,0.35,0.3254340695469244,True,False,True
524,6,Ob6.txt,112,0.19059847873512864,0.49058141929103916,0.15996044504769313,0.330620974243346,0.075,2.573899973109395,True,0.2995794327813599,0.1759456371752421,0.12363379560611781,0.275,1.5717829164716481,True,True,True
524,7,Ob7.txt,33,1.0742780240067624,1.0632604323480783,0.28075311065531555,0.7825073216927627,0.0,0.989744189667409,True,0.251158690572079,0.2649832685213682,-0.013824577949289207,0.55,0.23379300791737875,False,False,True
524,8,Ob8.txt,84,0.4891629788026695,0.01661268795339825,0.24709973939537488,-0.23048705144197662,0.95,0.033961457986991045,False,0.7323490747784999,0.12955966125229823,0.6027894135262016,0.025,1.497147385460527,True,False,True
524,9,Ob9.txt,37,0.155164835930761,0.31937721026227306,0.28205340129650197,0.03732380896577109,0.425,2.0583092061192803,False,0.24282600435115564,0.25895815759945223,-0.016132153248296588,0.575,1.5649551194673488,False,False,False
524,10,Ob10.txt,36,0.04256209007362166,0.33975928843510594,0.2606444044386279,0.07911488399647804,0.375,7.9826739675473695,False,0.05762244568052561,0.2932648212851434,-0.23564237560461782,0.825,1.3538443619862968,False,False,False
524,11,Ob11.txt,119,0.3117638526006572,0.15936185165355943,0.15459081601233288,0.004771035641226551,0.475,0.5111620552678001,False,0.32321161806541304,0.15250046731273204,0.170711150752681,0.25,1.0367193482158417,True,False,True
524,12,Ob12.txt,91,0.19630568598969228,0.5034535444119513,0.27637470419883503,0.2270788402131163,0.15,2.564640661699361,True,0.6447919682761494,0.19898375614548408,0.4458082121306653,0.1,3.2846321543126695,True,True,True
524,13,Ob13.txt,102,0.2101701729228832,0.3523803131073272,0.08183853026614807,0.27054178284117913,0.025,1.6766428280792467,True,0.44583452751431274,0.1304375953283956,0.31539693218591713,0.05,2.1213025678857904,True,True,True
524,14,Ob14.txt,47,0.32659296186462683,0.28269680732913544,0.27452274260542076,0.00817406472371468,0.475,0.8655936910432063,False,0.5435626193180013,0.17315630709330918,0.3704063122246921,0.1,1.6643427225578384,True,False,True
524,15,Ob15.txt,96,0.5074416047786481,0.3100614299921496,0.21464706832914518,0.0954143616630044,0.25,0.6110287904504834,True,0.024227487989542967,0.1305618652176933,-0.10633437722815034,0.875,0.04774438627300038,False,False,True
524,16,Ob16.txt,84,0.021682394188208692,0.013348627406619962,0.23101484481844353,-0.21766621741182357,0.95,0.6156436088538232,False,0.19568393705125683,0.2187667826600368,-0.02308284560877996,0.55,9.025015196784567,False,False,False
524,17,Ob17.txt,122,0.2162675041389847,0.36273331008268883,0.15920489721067238,0.20352841287201645,0.175,1.6772437057838223,True,0.061331153741990385,0.12480382029409239,-0.063472666552102,0.675,0.28358931678693533,False,False,True
524,18,Ob18.txt,103,0.010567024236641825,0.1911022469907458,0.0,0.1911022469907458,0.0,18.084774172097255,True,0.13127651348026792,0.0,0.13127651348026792,0.0,12.423224414027395,True,True,True
524,19,Ob19.txt,143,0.10904393423945469,0.033900623448170825,0.16867295587144288,-0.13477233242327205,0.925,0.3108895848688553,False,0.08072693030779654,0.13915416700946903,-0.05842723670167249,0.775,0.7403156431473252,False,False,False
525,1,Ob1.txt,28,0.002987344586273366,0.13240453983758438,0.34860912521953435,-0.21620458538194998,0.75,44.32181692261875,False,0.0951205695909236,0.34583211129961244,-0.2507115417086888,0.925,31.841177622426216,False,False,False
525,2,Ob2.txt,43,0.17484744259083643,0.49564827211070933,0.25988623840996466,0.23576203370074467,0.15,2.8347470501503675,True,0.31721302006298946,0.2820216985548726,0.03519132150811688,0.475,1.8142273936788724,False,False,True
525,3,Ob3.txt,40,0.9716566239888208,0.17595829169233496,0.28520608824147475,-0.1092477965491398,0.75,0.18109102263924812,False,0.38734503177148233,0.23607161306496205,0.15127341870652028,0.25,0.39864394705751405,True,False,True
525,4,Ob4.txt,58,0.023764623962895498,0.00986552572648941,0.18827469644091563,-0.17840917071442622,0.95,0.41513493930696255,False,0.04457240571611998,0.2804235514803247,-0.23585114576420474,0.925,1.8755779929744467,False,False,False
525,5,Ob5.txt,93,0.2834573760174066,0.0456473295828687,0.22053520043552766,-0.17488787085265894,0.9,0.16103772011233738,False,0.1313160172799478,0.19945163525809,-0.06813561797814222,0.675,0.4632654797167244,False,False,False
525,6,Ob6.txt,112,0.2558874960407977,0.6219668339974647,0.13946923402379674,0.4824975999736679,0.0,2.4306261291419284,True,0.34912713888917324,0.168623778716978,0.18050336017219523,0.175,1.3643774873372858,True,True,True
525,7,Ob7.txt,33,0.49772240763330944,0.18830612577512512,0.34027761895060105,-0.15197149317547592,0.75,0.3783356402829612,False,0.5909953020972246,0.4011656395790453,0.18982966251817934,0.225,1.1873994279410316,True,False,True
525,8,Ob8.txt,84,0.15902972076154853,0.1748670854539135,0.16485490724127966,0.010012178212633838,0.5,1.0995874520594282,False,0.10657483502677254,0.26420243722910886,-0.15762760220233632,0.775,0.6701567135779128,False,False,False
525,9,Ob9.txt,37,0.008544471404736978,0.13872416473854943,0.25967884056781076,-0.12095467582926134,0.775,16.23554672576258,False,0.6205037014594326,0.2886429224532291,0.3318607790062035,0.15,72.6204901470477,True,False,True
525,10,Ob10.txt,36,0.6632509538487139,0.2897133342571912,0.314104571232549,-0.024391236975357777,0.55,0.4368080175023377,False,0.39317267034795006,0.23977644749973787,0.1533962228482122,0.325,0.5927962380852179,True,False,True
525,11,Ob11.txt,119,0.49005265948974,0.5695477111596379,0.227783360595046,0.34176435056459187,0.05,1.1622173660942294,True,0.3337543826835318,0.19324374595257088,0.14051063673096092,0.25,0.6810582010330248,True,True,True
525,12,Ob12.txt,91,0.21640659282682806,0.2781351271658281,0.14674552183973333,0.13138960532609478,0.275,1.285243316909463,True,0.0693308933804136,0.10127399164508495,-0.03194309826467136,0.675,0.3203732958167927,False,False,True
525,13,Ob13.txt,102,0.01418108536231133,0.4156852222307975,0.15703699709881302,0.2586482251319845,0.075,29.312652142659857,True,0.3851721794068328,0.1524986289354629,0.2326735504713699,0.125,27.160980247005213,True,True,True
525,14,Ob14.txt,47,0.09944483539049982,0.4455559766544276,0.2798929430627213,0.1656630335917063,0.2,4.480433547954694,True,0.10527150374824926,0.2741054807506098,-0.16883397700236055,0.825,1.0585919654335922,False,False,True
525,15,Ob15.txt,96,0.22041197414429392,0.10297227420483779,0.5136806281037996,-0.41070835389896176,0.9,0.46718094425045353,False,0.10711093749410314,0.13999566275623643,-0.03288472526213329,0.575,0.48595788822245367,False,False,False
525,16,Ob16.txt,84,0.09720852604822455,0.14389473085082613,0.22088860677988148,-0.07699387592905535,0.725,1.4802686214935594,False,0.009329692778103998,0.2418030717437247,-0.2324733789656207,0.95,0.09597607491214911,False,False,False
525,17,Ob17.txt,122,0.016243191316027528,0.08134305791964203,0.1891984727941415,-0.10785541487449948,0.775,5.007824899493671,False,0.03396573566315059,0.21056442874971387,-0.17659869308656329,0.9,2.091075269773854,False,False,False
525,18,Ob18.txt,103,0.005694794534262117,0.6197154102398091,0.0,0.6197154102398091,0.0,108.82138179197831,True,0.4521603299488539,0.0,0.4521603299488539,0.0,79.39888388044206,True,True,True
525,19,Ob19.txt,143,0.10909955841191285,0.3897028596786897,0.0896859888609676,0.3000168708177221,0.025,3.571993006675058,True,0.44301827467079985,0.08677679286789444,0.3562414818029054,0.025,4.060678898425547,True,True,True
526,1,Ob1.txt,28,0.781442913025584,0.1977645481166544,0.17207107668887173,0.025693471427782666,0.45,0.25307612983647304,False,0.6880561277412607,0.24290908645649606,0.4451470412847646,0.025,0.880494424189287,True,False,True
526,2,Ob2.txt,43,0.1610747005486558,0.18928625147136524,0.27227839381411206,-0.08299214234274682,0.675,1.1751457604863749,False,0.06804410371144334,0.21252532057675202,-0.14448121686530868,0.925,0.4224381822823211,False,False,False
526,3,Ob3.txt,40,0.23303284432959503,0.07474267586984062,0.27027093911232214,-0.19552826324248151,0.9,0.3207388043726862,False,0.39503486316843917,0.2690969809834669,0.12593788218497226,0.25,1.6951896386318535,True,False,True
526,4,Ob4.txt,58,0.07283183581515155,0.3517634150696203,0.3083057536921875,0.04345766137743279,0.425,4.829802944448659,False,0.08305494363495158,0.3422264516424316,-0.25917150800748,0.9,1.1403659224758038,False,False,False
526,5,Ob5.txt,93,0.19164820582208364,0.09574484352486434,0.1698515727137829,-0.07410672918891856,0.775,0.4995864329340445,False,0.03886834232039976,0.22782737431105635,-0.18895903199065658,0.85,0.20281088546418816,False,False,False
526,6,Ob6.txt,112,0.6679506460183966,0.28903556413633136,0.1888033761005365,0.10023218803579487,0.325,0.43271994100050737,True,0.17453533932895482,0.14092696894644202,0.0336083703825128,0.425,0.2612997537607708,False,False,True
526,7,Ob7.txt,33,0.012168183185415626,0.7368486258663293,0.2692269120726858,0.4676217137936435,0.125,60.555352811378704,True,0.5964951414778124,0.28866206820469575,0.3078330732731166,0.15,49.02088770267292,True,True,True
526,8,Ob8.txt,84,0.3460680994606007,0.36717994656799113,0.17497237817195888,0.19220756839603226,0.2,1.0610048922171573,True,0.0949740142466396,0.15833827401448297,-0.06336425976784338,0.675,0.2744373561003482,False,False,True
526,9,Ob9.txt,37,0.4812379971049087,0.04860974835201576,0.23359170400608906,-0.1849819556540733,0.875,0.10100978859617968,False,0.1810255727591738,0.26432940892339224,-0.08330383616421844,0.725,0.37616641630172576,False,False,False
526,10,Ob10.txt,36,0.7192561183400732,0.13747725482050288,0.29020837068174,-0.1527311158612371,0.625,0.1911381096594328,False,0.7165967050908332,0.23316067484673617,0.483436030244097,0.025,0.9963025503969608,True,False,True
526,11,Ob11.txt,119,0.23902030944513936,0.20564709589488367,0.21293367908625244,-0.007286583191368767,0.525,0.8603749881015211,False,0.14506794198027156,0.2315083993115518,-0.08644045733128022,0.675,0.6069272620265266,False,False,False
526,12,Ob12.txt,91,0.08848684949208421,0.05270238869966022,0.1908853755734417,-0.1381829868737815,0.9,0.5955957184844154,False,0.33057942179740535,0.10753632205723686,0.2230430997401685,0.05,3.7359158303740725,True,False,True
526,13,Ob13.txt,102,0.07765336177517634,0.14699932499899748,0.0,0.14699932499899748,0.0,1.893019460311236,True,0.2092435688530042,0.0,0.2092435688530042,0.0,2.694584807014674,True,True,True
526,14,Ob14.txt,47,0.2395325129028153,0.268715453565364,0.1578394559204785,0.11087599764488554,0.3,1.1218328998802305,True,0.11235908052566973,0.18330225734576938,-0.07094317682009965,0.65,0.4690765323004681,False,False,True
526,15,Ob15.txt,96,0.12269382571670279,0.1622348340263685,0.131412226135896,0.030822607890472503,0.425,1.3222738233052167,False,0.16810794682616007,0.109968883398367,0.05813906342779307,0.3,1.3701418620226045,True,False,True
526,16,Ob16.txt,84,0.24846545495323652,0.15766832749430004,0.2620696695652317,-0.10440134207093166,0.675,0.6345684051892633,False,0.17772114299797864,0.2589028766210461,-0.08118173362306746,0.675,0.7152750591885194,False,False,False
526,17,Ob17.txt,122,0.053874266903125856,0.13431802939815496,0.13883947656580065,-0.004521447167645687,0.5,2.493176002555715,False,0.08213981492958877,0.13910641414201955,-0.056966599212430774,0.7,1.524657682624038,False,False,False
526,18,Ob18.txt,103,0.07646439081476214,0.45401105048065915,0.2739710973144963,0.18003995316616284,0.2,5.937548781111955,True,0.26988131866594073,0.1444935926347945,0.12538772603114623,0.2,3.529503286304057,True,True,True
526,19,Ob19.txt,143,0.02057596077797618,0.06649535088821529,0.1790772667485483,-0.112581915860333,0.85,3.2317008962900866,False,0.1207312513106957,0.15208153394691332,-0.03135028263621761,0.625,5.86758755099895,False,False,False
527,1,Ob1.txt,28,0.3387834617757919,0.1102448830126489,0.1768699244185086,-0.0666250414058597,0.7,0.325414004670657,False,0.45162372073962054,0.2984097664640083,0.15321395427561224,0.225,1.3330748743529481,True,False,True
527,2,Ob2.txt,43,0.19387881405486845,0.1622078263817528,0.2565302812179534,-0.09432245483620061,0.775,0.8366454435596421,False,0.08781169518123397,0.2054427840750597,-0.11763108889382573,0.75,0.4529205298129321,False,False,False
527,3,Ob3.txt,40,0.05185333012679738,0.1513784522478261,0.24855786274178773,-0.09717941049396164,0.65,2.919358349360766,False,0.15452132345684222,0.2828252570632003,-0.12830393360635806,0.75,2.9799691375460347,False,False,False
527,4,Ob4.txt,58,0.11920882277317649,0.026808441345519185,0.1732087274620735,-0.1464002861165543,0.925,0.22488638610691344,False,0.3473881533039389,0.17744234005884657,0.16994581324509234,0.25,2.914114452459015,True,False,True
527,5,Ob5.txt,93,0.6350106853654385,0.3055078238971277,0.13607762309798377,0.16943020079914395,0.325,0.48110658755499974,True,0.7906905796326171,0.17868540598376131,0.6120051736488559,0.025,1.2451610624120244,True,True,True
527,6,Ob6.txt,112,0.34261616932607314,0.038390657527109684,0.16880399950403913,-0.13041334197692944,0.875,0.11205150534087227,False,0.0999476157279845,0.1909947899975265,-0.09104717426954201,0.725,0.29171891076997825,False,False,False
527,7,Ob7.txt,33,0.27411530680927076,0.5780701481027328,0.31212114362297105,0.2659490044797618,0.175,2.10885760022498,True,0.5375731038049306,0.2608520964363002,0.2767210073686304,0.225,1.9611203404229214,True,True,True
527,8,Ob8.txt,84,0.54390668169947,0.08056818523848402,0.17994165826068967,-0.09937347302220564,0.725,0.14812869183137034,False,0.010698436811880208,0.2658206283307102,-0.25512219151883,0.975,0.019669618285350497,False,False,False
527,9,Ob9.txt,37,0.6256581675308833,0.06353295085017407,0.14541780294371703,-0.08188485209354296,0.825,0.10154578673671355,False,0.3612785758017154,0.22856170326873826,0.13271687253297715,0.3,0.5774376401533705,True,False,True
527,10,Ob10.txt,36,0.3882941478370927,0.3257502987826706,0.27007294574261953,0.05567735304005106,0.375,0.8389266245633397,False,0.20794685158574214,0.20496075009027523,0.0029861014954669085,0.5,0.5355394943345513,False,False,False
527,11,Ob11.txt,119,0.028341096761927587,0.014470379457937096,0.16783028540016434,-0.15335990594222726,0.95,0.510579374520752,False,0.2015101646157234,0.1771232714303526,0.024386893185370795,0.475,7.110175245102897,False,False,False
527,12,Ob12.txt,91,0.08430034834614492,0.7368643897679781,0.1805720777921344,0.5562923119758436,0.0,8.740941220578897,True,0.3243109237220005,0.12034059931960861,0.20397032440239188,0.1,3.847088773469242,True,True,True
527,13,Ob13.txt,102,0.02391825734592247,0.061527328500558226,0.16470510450986547,-0.10317777600930725,0.8,2.572400138133277,False,0.2417291343982086,0.16780220479900052,0.07392692959920807,0.25,10.10646933437306,True,False,True
527,14,Ob14.txt,47,0.3796552702003454,0.20610068575263368,0.3304739013162524,-0.12437321556361874,0.675,0.542862701850217,False,0.2170747952517674,0.2386193243836995,-0.02154452913193211,0.6,0.5717681599341853,False,False,False
527,15,Ob15.txt,96,0.3282647639621349,0.06288689690955282,0.19324008000018308,-0.13035318309063026,0.825,0.1915737045624756,False,0.4034650107895594,0.17896322498034392,0.22450178580921545,0.225,1.229084126848591,True,False,True
527,16,Ob16.txt,84,0.06220832400496212,0.3311164258522069,0.18341269118856618,0.14770373466364073,0.2,5.322702888214686,True,0.0676065023277975,0.15633291952209416,-0.08872641719429666,0.875,1.0867758199434014,False,False,True
527,17,Ob17.txt,122,0.29788892926214894,0.38118260155760586,0.1884589852018753,0.19272361635573057,0.125,1.2796131850276202,True,0.5829850069179714,0.16653577769952793,0.41644922921844346,0.0,1.957054961263537,True,True,True
527,18,Ob18.txt,103,0.22606899334690275,0.16980033086107527,0.15795660926250266,0.01184372159857261,0.0,0.7510996017066204,False,0.08670939153809623,0.27244717385247164,-0.1857377823143754,0.55,0.383552782955249,False,False,False
527,19,Ob19.txt,143,0.16250101456073796,0.015058756177681015,0.2204142847358749,-0.2053555285581939,1.0,0.092668690213331,False,0.23220893496265166,0.13967928574104305,0.09252964922160861,0.2,1.4289691396102575,True,False,True
528,1,Ob1.txt,28,0.8210535328116194,0.017315463145293114,0.2743858711862959,-0.2570704080410028,0.95,0.021089322989693453,False,0.0034349771114489114,0.2964065962125723,-0.2929716191011234,1.0,0.004183621376898727,False,False,False
528,2,Ob2.txt,43,0.006362638849467139,0.12202533065947521,0.22175672996671453,-0.09973139930723932,0.725,19.178415362942474,False,0.30212226232431094,0.24982395995739867,0.05229830236691227,0.425,47.483798699279184,False,False,False
528,3,Ob3.txt,40,0.358197748212892,0.10872874361659224,0.19061301357732868,-0.08188426996073644,0.8,0.30354390601018005,False,0.1462674545885179,0.15945084351387212,-0.013183388925354228,0.525,0.40834275290191097,False,False,False
528,4,Ob4.txt,58,0.021330953522711804,0.27250858334750205,0.13638536964335973,0.13612321370414232,0.25,12.775264971505036,True,0.10622932382126077,0.23212357360735048,-0.1258942497860897,0.725,4.980055097309866,False,False,True
528,5,Ob5.txt,93,0.02967732670982455,0.09932174395117319,0.1591824303598277,-0.05986068640865452,0.725,3.346721385059698,False,0.07697602501337295,0.20218691930355592,-0.12521089429018298,0.75,2.5937654616273225,False,False,False
528,6,Ob6.txt,112,0.05629943130632284,0.15663069174279692,0.1611356634613209,-0.004504971718523987,0.55,2.782100779856477,False,0.0433677028715124,0.14610740742997247,-0.10273970455846007,0.875,0.7703044571720548,False,False,False
528,7,Ob7.txt,33,0.8929735490883924,0.5539681192710404,0.3102533514831478,0.24371476778789258,0.25,0.6203634137165299,True,0.704901095137792,0.299424458649289,0.40547663648850296,0.075,0.7893863103306952,True,True,True
528,8,Ob8.txt,84,0.3941464776011673,0.10774451365778288,0.2807174420834945,-0.1729729284257116,0.75,0.27336160483668825,False,0.11264802882056063,0.18975956404570465,-0.07711153522514402,0.75,0.285802449653116,False,False,False
528,9,Ob9.txt,37,0.6651997279204639,0.18911999306783472,0.2726102266570526,-0.08349023358921787,0.675,0.28430557790373495,False,0.13147824695756855,0.30222823994708536,-0.17074999298951682,0.8,0.19765228613155572,False,False,False
528,10,Ob10.txt,36,0.29688392834645794,0.25825883848984854,0.23676261057059303,0.02149622791925551,0.45,0.8698983469002921,False,0.19797540773728617,0.23620151705496528,-0.03822610931767911,0.525,0.6668444763579543,False,False,False
528,11,Ob11.txt,119,0.05207152938960807,0.2046538213620977,0.20279023378741706,0.0018635875746806363,0.5,3.930244103852661,False,0.013058170359561319,0.14732804882613834,-0.134269878466577,0.95,0.2507737051826894,False,False,False
528,12,Ob12.txt,91,0.44105324797789097,0.06311216007825071,0.278079358993611,-0.2149671989153603,0.95,0.14309419637561402,False,0.0401891135668912,0.3035224076444365,-0.2633332940775453,0.925,0.09112077453492824,False,False,False
528,13,Ob13.txt,102,0.4595424353373083,0.05122616580374445,0.4008339122869906,-0.34960774648324616,0.825,0.11147211196316174,False,0.05581016410991205,0.34615415084005996,-0.29034398673014794,0.825,0.12144724799777605,False,False,False
528,14,Ob14.txt,47,0.07996871713136766,0.16991018541002426,0.187396042972714,-0.01748585756268975,0.525,2.124708154701373,False,0.20628176198618606,0.2573056924855077,-0.05102393049932166,0.6,2.579530713833,False,False,False
528,15,Ob15.txt,96,0.05463282769177686,0.17196493994405998,0.2108398303097488,-0.03887489036568881,0.575,3.1476485331170867,False,0.5870595191721535,0.25515545432547737,0.3319040648466761,0.1,10.745545196455494,True,False,True
528,16,Ob16.txt,84,0.015898899827148927,0.263732199959173,0.2659300398095478,-0.0021978398503748053,0.525,16.588078598295493,False,0.3703763441946726,0.25900795669508275,0.11136838749958983,0.375,23.29572160472505,False,False,False
528,17,Ob17.txt,122,0.2501749741007004,0.19337436946930076,0.11891471552635635,0.0744596539429444,0.275,0.7729564884114417,True,0.2307950358922149,0.1576244799649421,0.07317055592727278,0.3,0.9225344650153349,True,True,True
528,18,Ob18.txt,103,0.5240621358485157,0.3890276778280377,0.039304505752456725,0.349723172075581,0.35,0.7423312069630027,True,0.013298300927095552,0.07843796978503853,-0.06513966885794298,0.725,0.02537542786899516,False,False,True
528,19,Ob19.txt,143,0.02668890296547166,0.33724315009802913,0.12081014067718374,0.2164330094208454,0.05,12.636081390618866,True,0.08347755879375157,0.25620775320427336,-0.1727301944105218,0.8,3.1278003034350763,False,False,True
529,1,Ob1.txt,28,0.1014074958301972,0.17897396649973085,0.2401960515975364,-0.06122208509780555,0.625,1.7648987881469393,False,0.4375558364930829,0.33640729200328334,0.10114854448979954,0.35,4.314827349900767,True,False,True
529,2,Ob2.txt,43,0.2998938133698368,0.13473591476790003,0.23156944892023776,-0.09683353415233772,0.775,0.4492787405445414,False,0.24556948399738832,0.24373018374045438,0.0018393002569339345,0.5,0.8188547847585829,False,False,False
529,3,Ob3.txt,40,0.49298770157997474,0.2321467901595923,0.2194789657519809,0.012667824407611411,0.475,0.4708977311514786,False,0.062192814052221435,0.26013005440317827,-0.19793724035095683,0.8,0.12615489971230495,False,False,False
529,4,Ob4.txt,58,0.056640410738773905,0.11140816822748648,0.21814616129936154,-0.10673799307187506,0.65,1.9669378589308255,False,0.23807885133666468,0.1158975935140441,0.12218125782262057,0.225,4.203339068897055,True,False,True
529,5,Ob5.txt,93,0.3455770442468394,0.22695627096286836,0.12191220982555909,0.10504406113730927,0.325,0.6567457958832406,True,0.15225013084458605,0.21660966720325203,-0.06435953635866598,0.65,0.44056783683767076,False,False,True
529,6,Ob6.txt,112,0.15227954222900736,0.285916583117225,0.14810823625001163,0.13780834686721338,0.225,1.877577112014469,True,0.15946416485745085,0.1834559113666913,-0.023991746509240436,0.55,1.0471804848062836,False,False,True
529,7,Ob7.txt,33,0.18067928566170782,0.1904465419794804,0.2993656771894685,-0.10891913520998808,0.675,1.0540585285247372,False,0.3164756789912244,0.1761694060100892,0.1403062729811352,0.375,1.751588057436606,False,False,False
529,8,Ob8.txt,84,0.44487001532018955,0.16905911811136867,0.17374359495578665,-0.004684476844417973,0.5,0.38001913433003687,False,0.09615941545865206,0.28042245341790817,-0.1842630379592561,0.85,0.21615171206682146,False,False,False
529,9,Ob9.txt,37,0.12359614478405662,0.3864075702471478,0.17030038163328065,0.21610718861386713,0.1,3.126372355078447,True,0.06651501257516979,0.2169201772157493,-0.15040516464057951,0.825,0.5381641368457145,False,False,True
529,10,Ob10.txt,36,0.42628151841722334,0.4910004616458803,0.2170742210483338,0.2739262405975465,0.05,1.1518220716416638,True,0.18950991994525307,0.23710486112402074,-0.04759494117876767,0.6,0.44456517995173817,False,False,True
529,11,Ob11.txt,119,0.1492648739534303,0.02667716027615233,0.186243711955432,-0.15956655167927966,0.95,0.17872363115032297,False,0.17658599972974845,0.24843555214817875,-0.0718495524184303,0.675,1.183037877919236,False,False,False
529,12,Ob12.txt,91,0.6107723239941583,0.44995714904208917,0.314393902578793,0.13556324646329615,0.325,0.7367019286328906,True,0.34681934885278587,0.2003966655352344,0.14642268331755148,0.275,0.5678373679160077,True,True,True
529,13,Ob13.txt,102,0.13598710154340235,0.3767899245043464,0.15956735571664918,0.21722256878769722,0.025,2.770776935664653,True,0.36393705973066043,0.037042645898668514,0.3268944138319919,0.025,2.6762616130508845,True,True,True
529,14,Ob14.txt,47,0.24467715760149747,0.12853399597178733,0.28074867599222486,-0.15221468002043753,0.775,0.5253207828297932,False,0.14224423327052307,0.21428798834674187,-0.0720437550762188,0.725,0.5813547724066438,False,False,False
529,15,Ob15.txt,96,0.5240794952151069,0.15114781345661188,0.1598108786116259,-0.008663065155014027,0.5,0.28840627201904495,False,0.2922571788246526,0.09447326214841016,0.1977839166762424,0.05,0.5576581062472145,True,False,True
529,16,Ob16.txt,84,0.3503398888079648,0.03943097864969619,0.20326762346187402,-0.16383664481217783,0.875,0.11255063984823571,False,0.031931310468181096,0.22678513173104095,-0.19485382126285986,0.95,0.09114380488281743,False,False,False
529,17,Ob17.txt,122,0.040187313045160517,0.2738572540050625,0.20781766995892853,0.06603958404613397,0.4,6.814520137171531,False,0.09828817304281758,0.18189854255553678,-0.0836103695127192,0.725,2.445751297987158,False,False,False
529,18,Ob18.txt,103,0.1150744203631465,0.5276535092292214,0.09291670701820483,0.43473680221101657,0.0,4.585324067365076,True,0.2606383319412751,0.049433114746607,0.21120521719466812,0.0,2.264954549575525,True,True,True
529,19,Ob19.txt,143,0.14612182961312284,0.2898202889257614,0.11201683720420919,0.1778034517215522,0.2,1.9834154122837053,True,0.060494275760567484,0.07239802538574726,-0.011903749625179774,0.625,0.4139988933941917,False,False,True
530,1,Ob1.txt,28,0.7244033076834071,0.1463776116892435,0.1762210339375996,-0.029843422248356122,0.6,0.20206645957670902,False,0.10704621240276396,0.2410193355481331,-0.13397312314536913,0.825,0.14777156767145436,False,False,False
530,2,Ob2.txt,43,0.1759121424648866,0.10346051304349577,0.26364942287605436,-0.1601889098325586,0.725,0.5881374167456762,False,0.32447221472145904,0.24673751290803175,0.07773470181342729,0.275,1.844512892486806,True,False,True
530,3,Ob3.txt,40,0.4970282023943696,0.3035844027996788,0.27669842635357395,0.026885976446104853,0.45,0.610799148493385,False,0.5425879356140776,0.29020269709670143,0.25238523851737615,0.15,1.0916642818259201,True,False,True
530,4,Ob4.txt,58,0.040224756966231484,0.01991338679876742,0.22472246296545273,-0.2048090761666853,0.925,0.4950530046827784,False,0.032347648913194915,0.2793900558650533,-0.24704240695185836,0.9,0.8041726377700835,False,False,False
530,5,Ob5.txt,93,0.19541730484220443,0.22713444283584744,0.19142511262052136,0.035709330215326074,0.45,1.1623046537217059,False,0.3090013826679026,0.19234564456483483,0.11665573810306779,0.35,1.5812385853822672,True,False,True
530,6,Ob6.txt,112,0.1700808366832614,0.050052733946024774,0.14972698536941778,-0.099674251423393,0.85,0.2942879099262494,False,0.153033715791122,0.22458278636493603,-0.07154907057381404,0.65,0.8997704784114746,False,False,False
530,7,Ob7.txt,33,0.4918841535677786,1.0817576851213748,0.23632615156493256,0.8454315335564423,0.0,2.1992123089859112,True,0.4730980968920192,0.2723900678086274,0.2007080290833918,0.25,0.9618079652708902,True,True,True
530,8,Ob8.txt,84,0.490201199193789,0.366125617424916,0.21037989347948527,0.15574572394543074,0.275,0.7468884572846123,True,0.3312909154519287,0.21674579993645757,0.11454511551547111,0.225,0.6758264075991396,True,True,True
530,9,Ob9.txt,37,0.03631693991980002,0.9329150993329733,0.27718235451018747,0.6557327448227859,0.025,25.68815272963974,True,0.6183288569088682,0.27400633725821033,0.34432251965065785,0.175,17.0259074215599,True,True,True
530,10,Ob10.txt,36,0.6289629712439787,0.36819426170891595,0.27743543537418525,0.0907588263347307,0.325,0.5853989480186602,True,0.41681624153372143,0.28946179467486094,0.1273544468588605,0.275,0.6627039437780127,True,True,True
530,11,Ob11.txt,119,0.5554325281420525,0.5775667196542713,0.2003535877907773,0.37721313186349403,0.05,1.0398503695602033,True,0.6569660927170002,0.18058701640766817,0.4763790763093321,0.0,1.1828008973737678,True,True,True
530,12,Ob12.txt,91,0.14514669196966834,0.676509867079546,0.12717289595150122,0.5493369711280447,0.0,4.660870033613428,True,0.4398244002577968,0.17883851134954223,0.2609858889082546,0.075,3.0302061610174897,True,True,True
530,13,Ob13.txt,102,0.5083860508513713,0.24531685269768638,0.14003960420572614,0.10527724849196024,0.375,0.4825404872672357,False,0.6180958351511474,0.20795010491498725,0.4101457302361602,0.0,1.2158001465934205,True,False,True
530,14,Ob14.txt,47,0.47666661387867215,0.19475603711903633,0.17247073507193386,0.022285302047102468,0.475,0.40857914409883206,False,0.27194049880889454,0.25877729115308834,0.013163207655806197,0.45,0.5705046061357103,False,False,False
530,15,Ob15.txt,96,0.5022428237322508,0.12136581016302192,0.2542284804921462,-0.13286267032912427,0.825,0.24164767404964035,False,0.16267191523385308,0.28845695520795334,-0.12578503997410026,0.725,0.3238909697604253,False,False,False
530,16,Ob16.txt,84,0.143221087035851,0.046800787436483,0.18445735029662275,-0.13765656286013975,0.875,0.32677302208136333,False,0.037319330298686296,0.11197495864993656,-0.07465562835125027,0.875,0.26057147778346734,False,False,False
530,17,Ob17.txt,122,0.1847796196989748,0.43128624221138245,0.1761783906188062,0.25510785159257626,0.075,2.3340574188538357,True,0.35262188051438415,0.20692775833691446,0.1456941221774697,0.225,1.9083375162739367,True,True,True
530,18,Ob18.txt,103,0.2558560335214917,0.21183280779262326,0.0,0.21183280779262326,0.0,0.8279375118774733,True,0.04678495551322323,0.0,0.04678495551322323,0.0,0.1828565653476893,False,False,True
530,19,Ob19.txt,143,0.602446027554806,0.7728055669588969,0.1601924532686695,0.6126131136902274,0.0,1.2827797538902235,True,0.6172225753417357,0.1255029343008509,0.49171964104088484,0.0,1.0245275877191928,True,True,True
531,1,Ob1.txt,28,0.26768400681984994,0.057469326288202886,0.20832337801572226,-0.15085405172751937,0.875,0.21469092222188482,False,0.15566993986302152,0.260514738703286,-0.10484479884026449,0.6,0.5815436705106803,False,False,False
531,2,Ob2.txt,43,0.2210531201628978,0.11936259300711072,0.17417946705559706,-0.05481687404848634,0.625,0.5399724415522857,False,0.0009964866398667893,0.1590938586770898,-0.15809737203722302,1.0,0.004507905788131203,False,False,False
531,3,Ob3.txt,40,0.15053456132429244,0.49425768255058816,0.27362821219845607,0.2206294703521321,0.175,3.2833502034514352,True,0.009303230754483055,0.2816468343511346,-0.27234360359665155,1.0,0.06180129448440324,False,False,True
531,4,Ob4.txt,58,0.2648271408530629,0.4021609895064877,0.1394514905722235,0.2627094989342642,0.1,1.5185792068405228,True,0.3003073461845751,0.18587984953594539,0.11442749664862972,0.2,1.1339749589759687,True,True,True
531,5,Ob5.txt,93,0.13005913487207865,0.09037660293134875,0.1695735687862422,-0.07919696585489344,0.725,0.6948885445089253,False,0.00014793265437462733,0.19550378373663796,-0.19535585108226333,1.0,0.0011374260986752557,False,False,False
531,6,Ob6.txt,112,0.7539206127173173,0.536378160527579,0.16060089818949352,0.3757772623380855,0.05,0.7114517781843619,True,0.3531207380315367,0.18901442281134956,0.16410631522018715,0.275,0.4683792060795391,True,True,True
531,7,Ob7.txt,33,0.27399384970993523,0.6019138718566914,0.31066168185016496,0.29125219000652647,0.15,2.196815266086849,True,0.13395442334317184,0.3326880710196365,-0.19873364767646465,0.8,0.4888957306340389,False,False,True
531,8,Ob8.txt,84,0.37796482985161634,0.3247342299061959,0.13936656756426322,0.18536766234193267,0.125,0.8591652033700647,True,0.2181699562164702,0.14616843075565678,0.07200152546081343,0.375,0.577222902729126,False,False,True
531,9,Ob9.txt,37,0.16346443640894884,0.17212698589819803,0.29143084385901824,-0.11930385796082021,0.725,1.0529934809035622,False,0.16496780787673315,0.2849008768980106,-0.11993306902127743,0.725,1.009196932989285,False,False,False
531,10,Ob10.txt,36,0.08046423461130092,0.26720820938256634,0.29749740389876683,-0.03028919451620049,0.525,3.3208320525680843,False,0.03465913219372502,0.21730992979546657,-0.18265079760174155,0.95,0.43073959953951096,False,False,False
531,11,Ob11.txt,119,0.2145287148915003,0.04833019952275103,0.19806134273438142,-0.1497311432116304,0.9,0.22528545676132183,False,0.051063864684905536,0.16117249660012123,-0.1101086319152157,0.85,0.23802811064584764,False,False,False
531,12,Ob12.txt,91,0.2688090249201474,0.42181506370980687,0.18666431828318258,0.23515074542662429,0.125,1.5691997835084277,True,0.41032163483510614,0.11647801287225655,0.2938436219628496,0.05,1.5264429271189706,True,True,True
531,13,Ob13.txt,102,0.40284108438440214,0.3213223449425756,0.12040365907723859,0.200918685865337,0.2,0.797640452769611,True,0.43799052614134415,0.20567906623868384,0.2323114599026603,0.15,1.0872538654061448,True,True,True
531,14,Ob14.txt,47,0.008853962502759605,0.20475636590376683,0.19715799711174956,0.007598368792017279,0.45,23.125958105192826,False,0.2727246016077489,0.20264563490788917,0.07007896669985975,0.375,30.80254761896112,False,False,False
531,15,Ob15.txt,96,0.3159329238542772,0.29140530511890966,0.6825344598803669,-0.3911291547614572,0.75,0.9223644739644774,False,0.286143530974881,0.3575944080113004,-0.07145087703641939,0.6,0.9057097547290246,False,False,False
531,16,Ob16.txt,84,0.29201502236792504,0.35000696772683143,0.22532630145713878,0.12468066626969265,0.375,1.1985923357252466,False,0.09072996956942558,0.2563148087419645,-0.1655848391725389,0.85,0.31070308929213286,False,False,False
531,17,Ob17.txt,122,0.4332104428949322,0.3250452237191212,0.15972969830276185,0.16531552541635935,0.2,0.750317147359154,True,0.010531388384191598,0.15111605100447884,-0.14058466262028724,1.0,0.024310098144946626,False,False,True
531,18,Ob18.txt,103,0.8272439791017502,0.5647144405604936,0.0,0.5647144405604936,0.0,0.6826455735267845,True,0.38761096075713647,0.0,0.38761096075713647,0.0,0.4685570044015524,True,True,True
531,19,Ob19.txt,143,0.25453380551801175,0.1996820154839941,0.0877725611162831,0.11190945436771102,0.225,0.7845009627605787,True,0.340640238300854,0.05003845856322414,0.29060177973762985,0.025,1.3382907531972175,True,True,True
532,1,Ob1.txt,28,0.021510951421457473,0.705301917045076,0.25056813639183473,0.4547337806532413,0.05,32.78803913533678,True,0.45000279386563774,0.33454164440531287,0.11546114946032487,0.35,20.919706667030717,True,True,True
532,2,Ob2.txt,43,0.784294219536013,0.45909471179575995,0.224624761413844,0.23446995038191595,0.15,0.5853603155042498,True,0.15486403379285668,0.20366005058368605,-0.04879601679082937,0.7,0.19745655384847025,False,False,True
532,3,Ob3.txt,40,0.2626257688002638,0.04085731644575222,0.2354693515602404,-0.19461203511448819,0.95,0.15557238207201846,False,0.24555530892613003,0.3238602314880872,-0.07830492256195715,0.6,0.9350008190280961,False,False,False
532,4,Ob4.txt,58,0.3918514786579984,0.054012542000597824,0.1206492521613319,-0.06663671016073408,0.775,0.1378393216368059,False,0.00941761853214837,0.23430284190594025,-0.22488522337379188,0.975,0.024033642961873096,False,False,False
532,5,Ob5.txt,93,0.13290463752138632,0.30004289425964786,0.20451272934600082,0.09553016491364705,0.35,2.257580321163485,True,0.21885567385248378,0.1630235998058861,0.05583207404659768,0.325,1.6467120932274968,True,True,True
532,6,Ob6.txt,112,0.6045469725926258,0.3583401187445808,0.14686718313043345,0.21147293561414737,0.175,0.5927415651555143,True,0.15257965997062398,0.16357161963828903,-0.010991959667665058,0.525,0.2523867737130161,False,False,True
532,7,Ob7.txt,33,0.4682990392654065,0.3438408417714919,0.3771728569825276,-0.03333201521103574,0.525,0.7342334981315679,False,0.384731903755267,0.2970140489500066,0.0877178548052604,0.375,0.8215517682008777,False,False,False
532,8,Ob8.txt,84,0.7493163911646862,0.6639902448254947,0.19248969776358654,0.4715005470619082,0.05,0.8861280130192183,True,0.6064267416647521,0.2637434472469178,0.3426832944178343,0.15,0.809306654458958,True,True,True
532,9,Ob9.txt,37,0.1888317711188776,0.0008147527910876626,0.24804772055400254,-0.24723296776291487,1.0,0.004314701844186703,False,0.2931412830885336,0.17182568005870863,0.12131560302982497,0.425,1.5523938654580998,False,False,False
532,10,Ob10.txt,36,0.16832731671890855,0.24226898566933167,0.23980576694079403,0.002463218728537636,0.5,1.43927313992594,False,0.06189257616864552,0.20444517350224362,-0.1425525973335981,0.9,0.3676918124465831,False,False,False
532,11,Ob11.txt,119,0.05657125141789121,0.035101603137955795,0.2004907471035594,-0.1653891439656036,0.8,0.6204848268011722,False,0.03832886135728217,0.25004075925606417,-0.211711897898782,0.925,0.6775324992220393,False,False,False
532,12,Ob12.txt,91,0.2769493314748763,0.42582934626268515,0.17420653231679192,0.25162281394589325,0.225,1.5375713095061745,True,0.676747611230435,0.20221383681896815,0.4745337744114669,0.15,2.443579147226888,True,True,True
532,13,Ob13.txt,102,0.3889730952405095,0.048267004776901434,0.0,0.048267004776901434,0.0,0.12408828622724413,False,0.25425983028929683,0.0,0.25425983028929683,0.0,0.6536694527216159,True,False,True
532,14,Ob14.txt,47,0.15123728283379553,0.09134416444137408,0.34305251091272043,-0.2517083464713463,0.85,0.6039791427736646,False,0.2631717282409387,0.24245205564311223,0.020719672597826477,0.5,1.7401246789798201,False,False,False
532,15,Ob15.txt,96,0.5983673161618861,0.3795129348136999,0.0367473952258649,0.342765539587835,0.05,0.6342474339140276,True,0.6040474393404764,0.13373088007980127,0.47031655926067517,0.025,1.0094927029354217,True,True,True
532,16,Ob16.txt,84,0.17627748117363562,0.13487818885892586,0.15604199752537262,-0.021163808666446765,0.575,0.7651470168561637,False,0.03881619567849551,0.20251278517325866,-0.16369658949476315,0.85,0.22019940051367679,False,False,False
532,17,Ob17.txt,122,0.08892006898931881,0.01772084949751343,0.20812612567957206,-0.19040527618205863,0.975,0.19928965079460387,False,0.08390761471476935,0.1885330800551429,-0.10462546534037356,0.725,0.9436296627800461,False,False,False
532,18,Ob18.txt,103,0.08887723916236612,0.19015903610230397,0.06123587034044031,0.12892316576186366,0.0,2.139569566904642,True,0.1391275029705607,0.10937810065480857,0.029749402315752127,0.075,1.5653895674728877,False,False,True
532,19,Ob19.txt,143,0.1448981613136205,0.4693621882811484,0.20932331661578651,0.2600388716653619,0.05,3.2392556539434025,True,0.33929284097245616,0.113229597692589,0.22606324327986715,0.075,2.3415952134691613,True,True,True
533,1,Ob1.txt,28,0.017477601177147695,0.1982889362288024,0.24113181836679448,-0.04284288213799209,0.6,11.345317599309283,False,0.03130136285517074,0.25065760074113397,-0.21935623788596323,0.9,1.790941590777222,False,False,False
533,2,Ob2.txt,43,0.2191225228917858,0.33878773861747435,0.20911866238304455,0.1296690762344298,0.375,1.546110980041908,False,0.08795057456215506,0.15852781170847202,-0.07057723714631696,0.7,0.4013762410247059,False,False,False
533,3,Ob3.txt,40,0.18600166554915065,0.3778038242118214,0.26172276579850606,0.11608105841331534,0.375,2.0311851675972616,False,0.47908695548228125,0.23587135587119118,0.24321559961109007,0.2,2.575713255404604,True,False,True
533,4,Ob4.txt,58,0.16153854793150585,0.14154322443525916,0.28422099834549497,-0.1426777739102358,0.8,0.8762194921751746,False,0.026457067152595992,0.28815638178345804,-0.26169931463086205,0.875,0.16378175668518505,False,False,False
533,5,Ob5.txt,93,0.18364213964841572,0.35647898888821317,0.21623928864115027,0.1402397002470629,0.15,1.9411611603453047,True,0.06177890922953612,0.20805512907828255,-0.14627621984874645,0.9,0.3364092214772291,False,False,True
533,6,Ob6.txt,112,0.04722046272325145,0.5332614005549772,0.2304183903760011,0.3028430101789761,0.075,11.293015142191697,True,0.39284973654200145,0.22954618187192272,0.16330355467007873,0.15,8.31948087515376,True,True,True
533,7,Ob7.txt,33,0.1568475896536597,0.7655322208152142,0.31275891648242604,0.4527733043327882,0.075,4.8807394650157585,True,0.2532599218142977,0.33833838145158635,-0.08507845963728866,0.525,1.6146880061946074,False,False,True
533,8,Ob8.txt,84,0.12679678437785444,0.1003986710356039,0.19110012751597943,-0.09070145648037553,0.775,0.7918077065457421,False,0.512425098127175,0.25671464226812474,0.2557104558590502,0.225,4.041309885273968,True,False,True
533,9,Ob9.txt,37,0.005656064171769698,0.45625783759932825,0.2143922851994528,0.24186555239987545,0.05,80.66701928110763,True,0.6668011177590341,0.20236080399914497,0.4644403137598891,0.0,117.89136358939187,True,True,True
533,10,Ob10.txt,36,0.2346461722353949,0.25361535810954416,0.2774486796109432,-0.023833321501399052,0.525,1.080841659139104,False,0.027616885934478197,0.2450594301396059,-0.2174425442051277,0.95,0.11769587234848727,False,False,False
533,11,Ob11.txt,119,0.1131873680908842,0.30699811941919075,0.1813040934797705,0.12569402593942025,0.225,2.7123001850585085,True,0.3404250911332106,0.15576533398519493,0.1846597571480157,0.25,3.0076244096414104,True,True,True
533,12,Ob12.txt,91,0.43144521742427233,0.2174619618384342,0.2342306126985598,-0.016768650860125606,0.5,0.5040314576591716,False,0.08984121174947873,0.2576684622864694,-0.16782725053699066,0.875,0.20823318493557702,False,False,False
533,13,Ob13.txt,102,0.6467225085087769,0.1587674684892199,0.17045970128436178,-0.011692232795141866,0.525,0.24549550448662824,False,0.4565568959125592,0.24030378190465096,0.21625311400790825,0.1,0.7059548568447005,True,False,True
533,14,Ob14.txt,47,0.41590635498206424,0.04850213887429114,0.24101198203171798,-0.19250984315742684,0.875,0.11661793164084441,False,0.18565419741869532,0.2323619607101129,-0.04670776329141757,0.55,0.4463846132543504,False,False,False
533,15,Ob15.txt,96,0.35154481339466626,0.2762012216129165,0.30557465329943206,-0.029373431686515572,0.55,0.7856785567273771,False,0.33517408561894624,0.34765729085259794,-0.012483205233651706,0.5,0.9534320315591139,False,False,False
533,16,Ob16.txt,84,0.01890813931765095,0.2334761113030085,0.1806970849569609,0.052779026346047586,0.4,12.347915751025592,False,0.0027152166238935127,0.23929975002700132,-0.2365845334031078,1.0,0.14360041346632288,False,False,False
533,17,Ob17.txt,122,0.08663750844262097,0.22067010562120687,0.2104924056602216,0.010177699960985276,0.45,2.5470504587208223,False,0.08700326457157817,0.17396917011598279,-0.08696590554440461,0.675,1.0042216833740023,False,False,False
533,18,Ob18.txt,103,0.19428806563711484,0.29295486047977465,0.08878036406550346,0.20417449641427118,0.45,1.5078376508567775,False,0.14498007278188108,0.32451767418936617,-0.1795376014074851,0.55,0.7462119317851994,False,False,False
533,19,Ob19.txt,143,0.1160381672751035,0.07833783015372547,0.09458552033237135,-0.01624769017864587,0.525,0.6751039937402838,False,0.15384823406795087,0.0995773234251299,0.05427091064282097,0.25,1.325841640563033,True,False,True
534,1,Ob1.txt,28,0.41889251041611864,0.28242542549021366,0.2558556773132315,0.026569748176982155,0.475,0.6742193246894256,False,0.553215965193603,0.20533579703290505,0.347880168160698,0.075,1.320663300100664,True,False,True
534,2,Ob2.txt,43,0.04349315441289575,0.28303855621603446,0.23463975155203765,0.04839880466399682,0.45,6.507657585123633,False,0.08497319226041908,0.29041828895942984,-0.20544509669901076,0.85,1.9537141742753077,False,False,False
534,3,Ob3.txt,40,0.6529763907296725,0.5541900170064764,0.28053061554382663,0.2736594014626498,0.25,0.8487137128912017,True,1.0989121779652564,0.3844764705932139,0.7144357073720425,0.05,1.6829278876947913,True,True,True
534,4,Ob4.txt,58,0.23083795541736662,0.05641144672126183,0.28786888242961395,-0.23145743570835212,0.8,0.2443768253763429,False,0.07849189817131337,0.3401258982610246,-0.2616340000897112,0.925,0.3400302954052598,False,False,False
534,5,Ob5.txt,93,0.2814093855939596,0.01767601046423492,0.282145731619865,-0.26446972115563006,0.975,0.06281244112354983,False,0.12019642642521466,0.15139333783062492,-0.031196911405410255,0.625,0.4271230192678927,False,False,False
534,6,Ob6.txt,112,0.3077112760397199,0.12524232994246914,0.1632273707583518,-0.037985040815882665,0.625,0.40701248116205735,False,0.06035981790479206,0.15554642621513043,-0.09518660831033837,0.825,0.19615731565521408,False,False,False
534,7,Ob7.txt,33,0.2819839126607171,0.46306195245957515,0.20034963668533629,0.26271231577423887,0.2,1.6421573418506716,True,0.5650519493180721,0.15199653459938783,0.4130554147186843,0.05,2.0038446306614035,True,True,True
534,8,Ob8.txt,84,0.26101404608580914,0.10412150444222083,0.2622455810142371,-0.15812407657201627,0.725,0.3989114992225,False,0.06409423574385825,0.30437366505496494,-0.24027942931110668,0.825,0.24555856937594495,False,False,False
534,9,Ob9.txt,37,0.32206973147064266,0.08432446250274672,0.30396163278482413,-0.2196371702820774,0.8,0.26182051358164676,False,0.33378336112887513,0.2155791965091687,0.11820416461970643,0.275,1.0363698556978498,True,False,True
534,10,Ob10.txt,36,0.19087145065385658,0.2391090237311622,0.2385266175482304,0.0005824061829317884,0.475,1.2527228294858195,False,0.031462085143302704,0.16381440666472163,-0.13235232152141893,0.825,0.16483389755526548,False,False,False
534,11,Ob11.txt,119,0.13480800004427065,0.16033477150067338,0.1879445485362517,-0.02760977703557832,0.65,1.1893565029376578,False,0.2727352633252969,0.18345791278231052,0.08927735054298638,0.325,2.0231385617747555,True,False,True
534,12,Ob12.txt,91,0.09984946447465043,0.15187934070228326,0.21972328016000334,-0.06784393945772008,0.675,1.5210831775751994,False,0.28929534723900197,0.28482737527577784,0.004467971963224127,0.5,2.8973149606871216,False,False,False
534,13,Ob13.txt,102,0.412596050188671,0.4700431853412546,0.0,0.4700431853412546,0.0,1.1392333618470518,True,0.3671690266530333,0.0,0.3671690266530333,0.0,0.8898995191183606,True,True,True
534,14,Ob14.txt,47,0.3305300176650281,0.28408462350985525,0.2272038081876916,0.05688081532216366,0.475,0.8594820691830707,False,0.5926233408593056,0.29272721745789276,0.2998961234014128,0.075,1.792948625500916,True,False,True
534,15,Ob15.txt,96,0.15089488793109818,0.07529122153626167,0.13743683538384985,-0.06214561384758818,0.725,0.498964693692216,False,0.20494272248827344,0.16316913270797784,0.041773589780295606,0.4,1.3581820119834322,False,False,False
534,16,Ob16.txt,84,0.3196277659664441,0.022717613638910394,0.21385832069246652,-0.19114070705355612,0.975,0.07107521954552405,False,0.3179509431304828,0.19108892140596917,0.1268620217245136,0.275,0.9947538261236749,True,False,True
534,17,Ob17.txt,122,0.07318935199847565,0.09253151317188879,0.19130653074881254,-0.09877501757692375,0.775,1.2642756172211498,False,0.15982886931411713,0.15705895782998028,0.0027699114841368555,0.475,2.1837721601558377,False,False,False
534,18,Ob18.txt,103,0.2466104058040572,0.2423682326014241,0.11838996000020763,0.12397827260121647,0.375,0.9827980770365234,False,0.1511333002256855,0.10214701863217412,0.04898628159351137,0.425,0.6128423483710073,False,False,False
534,19,Ob19.txt,143,0.08897413554199984,0.06430076681332192,0.21536817230072228,-0.15106740548740036,0.825,0.7226905484568493,False,0.0623035264889126,0.22328903622354235,-0.16098550973462974,0.85,0.7002431224465507,False,False,False
535,1,Ob1.txt,28,0.652924722480976,0.12648325373304842,0.22012595637636756,-0.09364270264331914,0.675,0.19371797295779944,False,0.3321174313579121,0.26657694704098434,0.06554048431692777,0.375,0.5086611364567971,False,False,False
535,2,Ob2.txt,43,0.23102961429292937,0.1815086907281413,0.2609101025228545,-0.07940141179471322,0.675,0.7856511871157824,False,0.26817340509228915,0.2910190378118074,-0.022845632719518227,0.525,1.16077501974385,False,False,False
535,3,Ob3.txt,40,0.4838092398914064,0.2614055390846787,0.2627913473675547,-0.0013858082828760443,0.5,0.5403070415590917,False,0.10236800787688263,0.30204200939022596,-0.19967400151334333,0.8,0.21158754202350433,False,False,False
535,4,Ob4.txt,58,0.558724611785187,0.03715135727235652,0.21678796852996748,-0.17963661125761096,0.8,0.06649314615594581,False,0.3209730339780812,0.21383205815799453,0.10714097582008666,0.275,0.5744744856549935,True,False,True
535,5,Ob5.txt,93,0.13534223273819918,0.14037163415706777,0.2184057956855071,-0.07803416152843934,0.575,1.0371606210206188,False,0.06647320621623687,0.17859401283079518,-0.11212080661455831,0.85,0.4911490291786459,False,False,False
535,6,Ob6.txt,112,0.1702976811346104,0.5471261910629842,0.16186032881209406,0.38526586225089016,0.0,3.212763599702293,True,0.12595605411421368,0.2097298107148042,-0.08377375660059053,0.625,0.7396228373459339,False,False,True
535,7,Ob7.txt,33,0.6233992798509633,0.7621734520583878,0.3124349616886396,0.4497384903697482,0.05,1.2226088105854107,True,0.397478741675064,0.3009351984305998,0.09654354324446418,0.4,0.6375989747214491,False,False,True
535,8,Ob8.txt,84,0.12833415133524678,0.32757275736356706,0.2179725033778628,0.10960025398570425,0.275,2.5524987227121647,True,0.25973192207759827,0.22150584827900346,0.0382260737985948,0.45,2.023872206853978,False,False,True
535,9,Ob9.txt,37,0.09149342397486754,0.08556589888305763,0.22600361356305018,-0.14043771467999255,0.775,0.9352136488690362,False,0.32834943674620287,0.24687505349791794,0.08147438324828493,0.425,3.588776356608948,False,False,False
535,10,Ob10.txt,36,0.5343301928114055,0.05154117499039618,0.2312615565773143,-0.1797203815869181,0.925,0.09645940971295233,False,0.02555862488571456,0.2242842313804591,-0.19872560649474455,0.95,0.047833016418624134,False,False,False
535,11,Ob11.txt,119,0.08617794274672964,0.10960555379418346,0.2489515090861034,-0.13934595529191993,0.825,1.2718515933515118,False,0.3536012593764113,0.21020618000822167,0.14339507936818963,0.325,4.103152710614342,True,False,True
535,12,Ob12.txt,91,0.21873759818419689,0.2508103488852543,0.2060508370325717,0.044759511852682565,0.375,1.1466266017698943,False,0.17650186505060506,0.18103991423538254,-0.004538049184777487,0.525,0.8069114158507605,False,False,False
535,13,Ob13.txt,102,0.24447492092505374,0.5789197213841547,0.0,0.5789197213841547,0.0,2.3680127155522364,True,0.3960129037296859,0.0,0.3960129037296859,0.0,1.6198508306342296,True,True,True
535,14,Ob14.txt,47,0.4105093850306412,0.7786200916360103,0.2144526878107694,0.5641674038252409,0.0,1.8967169083793116,True,0.35094773190187856,0.189596097246481,0.16135163465539756,0.225,0.8549079380382086,True,True,True
535,15,Ob15.txt,96,0.034411300713221224,0.38967491484366257,0.15851912884444624,0.23115578599921632,0.2,11.324039102478475,True,0.08337323832663443,0.24855049560638265,-0.16517725727974822,0.825,2.422844722478086,False,False,True
535,16,Ob16.txt,84,0.3649207867009224,0.029605281214603,0.16796610575134352,-0.13836082453674053,0.975,0.08112796610533057,False,0.005742944357668013,0.14138462657771955,-0.13564168222005155,0.975,0.015737509527991755,False,False,False
535,17,Ob17.txt,122,0.01677204857502429,0.029368844282534223,0.14522833481744474,-0.11585949053491051,0.9,1.7510588614838716,False,0.2538732915985457,0.19393841720740213,0.05993487439114359,0.325,15.13668950235425,True,False,True
535,18,Ob18.txt,103,0.35380310954923927,0.5667260507694888,0.2521253936510506,0.3146006571184382,0.175,1.6018119555012467,True,0.44067900181424163,0.007141870107373383,0.43353713170686825,0.0,1.2455486962104039,True,True,True
535,19,Ob19.txt,143,0.23906600465386857,0.10478376867489606,0.13073801816308311,-0.02595424948818706,0.625,0.43830476368485394,False,0.057686100551769426,0.09971727413720494,-0.04203117358543551,0.825,0.24129779821807026,False,False,False
536,1,Ob1.txt,28,0.2253160401480208,0.5399740855709063,0.20023374096968766,0.33974034460121866,0.25,2.3965186198735418,True,0.6937047829640254,0.23484657261095698,0.4588582103530684,0.075,3.078807804842912,True,True,True
536,2,Ob2.txt,43,0.2067905592107404,0.10734613824789108,0.2012013447787499,-0.09385520653085883,0.75,0.5191056045188918,False,0.1407097381024327,0.22461197814971254,-0.08390224004727984,0.625,0.6804456578650445,False,False,False
536,3,Ob3.txt,40,0.407899277268195,0.11106083718526633,0.262537984202908,-0.1514771470176417,0.825,0.27227515069178093,False,0.048138454398076624,0.20545586587991488,-0.15731741148183825,0.95,0.11801554226933686,False,False,False
536,4,Ob4.txt,58,0.17168032879198375,0.06202400871923924,0.23587018003493065,-0.1738461713156914,0.85,0.36127615292716825,False,0.06383033247058559,0.31924136633189804,-0.2554110338613125,0.9,0.37179758985623523,False,False,False
536,5,Ob5.txt,93,0.16713159663088953,0.2949134426472071,0.2082026545264556,0.0867107881207515,0.325,1.7645582797759303,True,0.23225751917123316,0.18255765175883304,0.04969986741240012,0.3,1.389668523805073,True,True,True
536,6,Ob6.txt,112,0.05965495115065381,0.3279619605338979,0.24492922422619265,0.08303273630770527,0.275,5.497648631136354,True,0.2676314387191433,0.19661805333182888,0.07101338538731441,0.35,4.48632399418552,True,True,True
536,7,Ob7.txt,33,0.6026701503612446,0.27741860625613063,0.25209799757413853,0.025320608681992096,0.425,0.46031582299180407,False,0.1950585464066735,0.26816199808915375,-0.07310345168248025,0.775,0.32365722159916843,False,False,False
536,8,Ob8.txt,84,0.3746952048547938,0.07388250688106185,0.14129370060947333,-0.06741119372841148,0.725,0.19718028393155884,False,0.20431082335451878,0.20838401639973014,-0.004073193045211365,0.5,0.545272052343706,False,False,False
536,9,Ob9.txt,37,0.24699247337862174,0.17667483442648052,0.2558334369754487,-0.07915860254896817,0.65,0.7153045273393844,False,0.13256295038346583,0.2282838910703534,-0.09572094068688758,0.7,0.5367084614771088,False,False,False
536,10,Ob10.txt,36,0.37406643103237525,0.3679568684756173,0.2298354574869663,0.13812141098865102,0.275,0.9836671723257916,True,0.09625065297024239,0.2008014110225533,-0.10455075805231091,0.725,0.2573089830718115,False,False,True
536,11,Ob11.txt,119,0.11380490093066409,0.3946448553346258,0.17406517030216107,0.22057968503246472,0.15,3.4677316363999484,True,0.13964831441649853,0.157943438022617,-0.018295123606118485,0.55,1.227085242151211,False,False,True
536,12,Ob12.txt,91,0.07614641721848575,0.3846095239289773,0.10670515757386634,0.27790436635511095,0.075,5.050920817790062,True,0.3766115406071051,0.11278495857177935,0.2638265820353258,0.075,4.945886548102446,True,True,True
536,13,Ob13.txt,102,0.511755976656204,0.39196966295741653,0.18437946922816484,0.2075901937292517,0.1,0.765930796780397,True,0.4966366324641818,0.19104149023261885,0.305595142231563,0.05,0.9704559499415885,True,True,True
536,14,Ob14.txt,47,0.33115751813503036,0.31700451968567483,0.20353768629468189,0.11346683339099295,0.375,0.9572620349099712,False,0.029274148067613914,0.26869757556576873,-0.23942342749815482,0.85,0.08839946691374014,False,False,False
536,15,Ob15.txt,96,0.006423804528189039,0.05026826706840906,0.16229551558708016,-0.1120272485186711,0.9,7.825310818195209,False,0.15393346908885525,0.1302969937854918,0.023636475303363436,0.45,23.962975276312036,False,False,False
536,16,Ob16.txt,84,0.11079379707808662,0.2655148940931015,0.19891055013605477,0.0666043439570467,0.4,2.396477971650061,False,0.04762092602353962,0.1627170262196722,-0.11509610019613259,0.85,0.4298158135150541,False,False,False
536,17,Ob17.txt,122,0.29234035003018444,0.05585423270881054,0.17444207771087286,-0.11858784500206232,0.775,0.19105892396668314,False,0.42734297975390517,0.15446906581829106,0.2728739139356141,0.125,1.46179950769636,True,False,True
536,18,Ob18.txt,103,0.023970216303679535,0.10812913965979748,0.2821466533324631,-0.1740175136726656,0.75,4.510978886878012,False,0.045691594441685246,0.026454419732553358,0.019237174709131888,0.4,1.9061819827913435,False,False,False
536,19,Ob19.txt,143,0.42630141130820853,0.1836905157906436,0.140069386758298,0.04362112903234561,0.375,0.43089352021365596,False,0.10393727818810194,0.11134491820186976,-0.007407640013767813,0.5,0.24381171497684087,False,False,False
537,1,Ob1.txt,28,0.9292800273942908,0.790608862857698,0.2427453951459418,0.5478634677117562,0.05,0.8507756968312039,True,0.26718825438112787,0.27127315341176517,-0.004084899030637301,0.525,0.2875217873027208,False,False,True
537,2,Ob2.txt,43,0.05808877588705921,0.045553788249191374,0.24736601094548694,-0.20181222269629556,0.875,0.7842098159851164,False,0.11362965184617002,0.23103947769326488,-0.11740982584709486,0.725,1.9561378271612706,False,False,False
537,3,Ob3.txt,40,0.38234149256956373,0.1644599663352579,0.23753414629549796,-0.07307417996024007,0.725,0.4301389452397344,False,0.008420614415291572,0.2797330626993201,-0.2713124482840285,0.975,0.022023804841844397,False,False,False
537,4,Ob4.txt,58,0.14032852261962409,0.1257968352223619,0.199084650149583,-0.07328781492722108,0.675,0.896445233470804,False,0.24425384607595757,0.24253617703662264,0.0017176690393349292,0.5,1.7405858874324112,False,False,False
537,5,Ob5.txt,93,0.0320716228866523,0.05945071712381955,0.22660895023563937,-0.16715823311181982,0.775,1.8536859620085515,False,0.09320638884919474,0.15307173431097798,-0.05986534546178324,0.7,2.90619496177681,False,False,False
537,6,Ob6.txt,112,0.26925110358890836,0.38668155805042725,0.22605872903713406,0.1606228290132932,0.225,1.4361373190165687,True,0.37090225356001255,0.22050960951669496,0.1503926440433176,0.175,1.3775329000185077,True,True,True
537,7,Ob7.txt,33,0.6081147770709243,0.20410298344817338,0.3449196087127081,-0.14081662526453473,0.75,0.3356323364337007,False,0.25529647081472434,0.31308738005724385,-0.057790909242519506,0.625,0.4198162591022667,False,False,False
537,8,Ob8.txt,84,0.04085940927359659,0.22304680321696152,0.21567561459964923,0.007371188617312285,0.5,5.458884677539738,False,0.21364182426736028,0.24324251386619244,-0.029600689598832164,0.575,5.2287056534959735,False,False,False
537,9,Ob9.txt,37,0.7607179297283919,0.26187569229170293,0.34656361106507366,-0.08468791877337073,0.675,0.34424808731036943,False,0.01839707576523572,0.2931395713724198,-0.2747424956071841,0.975,0.024183833516063236,False,False,False
537,10,Ob10.txt,36,0.4072277377439227,0.49105015184777867,0.23820607318954856,0.2528440786582301,0.175,1.2058367010268984,True,0.6825376403326928,0.1721439225981753,0.5103937177345175,0.025,1.6760588169018424,True,True,True
537,11,Ob11.txt,119,0.5440123454372479,0.9023993003744153,0.18865240967895044,0.7137468906954648,0.0,1.658784599178747,True,0.6012578599146428,0.18645029799453725,0.4148075619201055,0.0,1.1052283371094898,True,True,True
537,12,Ob12.txt,91,0.05070511638277733,0.48559779272811454,0.17382550707619193,0.3117722856519226,0.05,9.576899282949961,True,0.5058477985163385,0.2295945863851067,0.27625321213123183,0.075,9.976267378969206,True,True,True
537,13,Ob13.txt,102,0.15806939296167713,0.07746560318591802,0.7339451531122081,-0.6564795499262901,0.925,0.4900733895062091,False,0.2820746053681777,0.2548747238894621,0.027199881478715604,0.375,1.7844985678952079,False,False,False
537,14,Ob14.txt,47,0.29867996673811137,0.05105199037911773,0.2578133250479013,-0.20676133466878355,0.825,0.170925391939263,False,0.03644406703659514,0.2531581986343912,-0.21671413159779607,0.95,0.12201711227773784,False,False,False
537,15,Ob15.txt,96,0.03513769792535776,0.057402910998066395,0.35294887101267547,-0.2955459600146091,0.9,1.6336559987511459,False,0.20254716859853583,0.615416247217387,-0.41286907861885114,0.75,5.76438356971485,False,False,False
537,16,Ob16.txt,84,0.4459240245414357,0.684865783052581,0.20850960632309212,0.4763561767294888,0.025,1.535835131908087,True,0.7439903263049423,0.19708471036380953,0.5469056159411327,0.025,1.6684239587001888,True,True,True
537,17,Ob17.txt,122,0.3446779855940093,0.052442076275175914,0.19252283494331623,-0.14008075866814032,0.775,0.15214802936949562,False,0.3791729310874018,0.18902591665567015,0.19014701443173165,0.225,1.1000787602780746,True,False,True
537,18,Ob18.txt,103,0.34710054493505427,0.3888520892037227,0.18471133585636462,0.2041407533473581,0.45,1.1202865995974756,False,0.2814548621040658,0.19577071556199566,0.08568414654207013,0.475,0.8108741579669044,False,False,False
537,19,Ob19.txt,143,0.023648402418425016,0.10231406714550952,0.15587630993156304,-0.053562242786053524,0.6,4.326468458004346,False,0.1607500228622626,0.13569617009336454,0.025053852768898044,0.475,6.797500313890909,False,False,False
538,1,Ob1.txt,28,0.10805083574008456,0.10014828078998583,0.2629974109487093,-0.1628491301587235,0.825,0.9268626207657638,False,0.7359322563356303,0.29205736264151083,0.4438748936941195,0.075,6.81098162077996,True,False,True
538,2,Ob2.txt,43,0.6693908036388088,0.30427044522240826,0.17236262617634573,0.13190781904606252,0.275,0.4545482901294639,True,0.24560744219205594,0.25291997224319757,-0.00731253005114163,0.5,0.3669118859370845,False,False,True
538,3,Ob3.txt,40,0.07909725386635799,0.12600968774489552,0.3624739175737895,-0.23646422982889398,0.825,1.593098136602825,False,0.2583330101705934,0.3301575755913405,-0.07182456542074711,0.575,3.266017434778084,False,False,False
538,4,Ob4.txt,58,0.1245127119487267,0.4362701235923112,0.23485488692685313,0.20141523666545808,0.25,3.5038199454844707,True,0.5231360361944152,0.2598139195471184,0.26332211664729677,0.05,4.201466886448014,True,True,True
538,5,Ob5.txt,93,0.2287154026450899,0.34861345076027705,0.18942423646180762,0.15918921429846944,0.225,1.5242237589972873,True,0.3867396164185106,0.1243039003610905,0.2624357160574201,0.15,1.6909207335661405,True,True,True
538,6,Ob6.txt,112,0.3635314782402631,0.48845139202766163,0.1775666215963433,0.31088477043131835,0.075,1.3436288774553855,True,0.3424092111181977,0.16166223139800662,0.1807469797201911,0.275,0.9418970064867247,True,True,True
538,7,Ob7.txt,33,0.16726979404210673,0.6715855593152703,0.303929399066611,0.3676561602486593,0.025,4.014984075045925,True,0.36659070295510365,0.26287965774271294,0.10371104521239072,0.35,2.1916132859159374,True,True,True
538,8,Ob8.txt,84,0.9178886732026241,0.349904193954599,0.1931168197438461,0.1567873742107529,0.175,0.38120548185189074,True,0.12536461886489758,0.28916004698573544,-0.16379542812083786,0.65,0.13657932876269768,False,False,True
538,9,Ob9.txt,37,1.2205196408451455,0.6157325340918149,0.271204706517171,0.34452782757464395,0.125,0.5044839210169961,True,0.8390418132482566,0.25978103938952823,0.5792607738587283,0.025,0.6874463836298974,True,True,True
538,10,Ob10.txt,36,0.7730138568956906,0.11327457880106785,0.2801598368453568,-0.16688525804428894,0.875,0.14653628494573412,False,0.46868337978465535,0.2381893362240577,0.23049404356059766,0.175,0.6063065695443268,True,False,True
538,11,Ob11.txt,119,0.5476363342261912,0.27764485125893684,0.11170401099362695,0.1659408402653099,0.175,0.5069876374277619,True,0.18503245551914776,0.15280427378070727,0.0322281817384405,0.425,0.3378746879178464,False,False,True
538,12,Ob12.txt,91,0.36836551398458905,0.3204108596396622,0.2292355878868097,0.0911752717528525,0.325,0.8698177420947905,True,0.11699332627135167,0.16042598366987254,-0.04343265739852087,0.725,0.31760119183210567,False,False,True
538,13,Ob13.txt,102,0.31777432179402176,0.6382004210178793,0.08700750042723726,0.5511929205906421,0.0,2.0083448449039714,True,0.493233228039551,0.06376873499333402,0.429464493046217,0.025,1.55214941614842,True,True,True
538,14,Ob14.txt,47,0.34764470529509495,0.5902748627322247,0.28630276854516934,0.3039720941870554,0.075,1.6979256515101402,True,0.8758820097896937,0.3051107359525633,0.5707712738371304,0.0,2.5194746143083337,True,True,True
538,15,Ob15.txt,96,0.6056024387649691,0.2796211637001846,0.42880293447609164,-0.14918177077590705,0.65,0.4617239723644904,False,0.2712251689544775,0.56405583405745,-0.29283066510297245,0.8,0.44786010027898593,False,False,False
538,16,Ob16.txt,84,0.37053916858966585,0.029330436988510677,0.20980859186376077,-0.1804781548752501,0.9,0.07915610406356563,False,0.06957484963719429,0.18729909834862468,-0.11772424871143039,0.725,0.1877665184547367,False,False,False
538,17,Ob17.txt,122,0.21064159377463898,0.1376069642726293,0.20258219291180202,-0.06497522863917271,0.675,0.6532753660222117,False,0.22475928288631403,0.1610505043470099,0.06370877853930412,0.3,1.0670223238378043,True,False,True
538,18,Ob18.txt,103,0.2116357934126146,0.1645435728254597,0.13784997995570047,0.026693592869759225,0.325,0.7774846124665604,False,0.24568674983288147,0.31318293126418406,-0.0674961814313026,0.625,1.160894127931751,False,False,False
538,19,Ob19.txt,143,0.6069841599869331,0.19221092972424558,0.15872954271674244,0.03348138700750314,0.475,0.3166654789284508,False,0.05896764893924811,0.0966513093919944,-0.03768366045274629,0.775,0.09714857952885878,False,False,False
539,1,Ob1.txt,28,1.436880089766555,0.32893680025063343,0.17902925772587416,0.14990754252475927,0.2,0.22892432193425039,False,0.20368766263262506,0.35584957978949133,-0.15216191715686628,0.65,0.1417568968233929,False,False,False
539,2,Ob2.txt,43,0.2901223494580471,0.11667101709908004,0.23648129693999542,-0.11981027984091538,0.725,0.4021441895704459,False,0.11635075237072379,0.1782894170374027,-0.06193866466667891,0.65,0.4010402941657847,False,False,False
539,3,Ob3.txt,40,0.3251826604071796,0.6475228913763231,0.1848597474239384,0.4626631439523847,0.075,1.9912589760029737,True,0.7670283376451038,0.2554674994168241,0.5115608382282797,0.075,2.358761493262477,True,True,True
539,4,Ob4.txt,58,0.4907686962235753,0.0887745408526909,0.24008646437025993,-0.15131192351756903,0.75,0.1808887598899516,False,0.13183857289449216,0.43292930748169617,-0.30109073458720403,0.85,0.2686368831365552,False,False,False
539,5,Ob5.txt,93,0.35576423303228355,0.006860421251051796,0.15186639998809193,-0.14500597873704013,0.925,0.019283617109506487,False,0.26347721699832016,0.24571387755019777,0.01776333944812239,0.45,0.7405950135926428,False,False,False
539,6,Ob6.txt,112,0.37416709250574803,0.15040059774558762,0.1767394582795617,-0.02633886053397408,0.575,0.4019610509795891,False,0.05880103114816032,0.133990189032075,-0.07518915788391467,0.8,0.15715179748806213,False,False,False
539,7,Ob7.txt,33,0.23288796754492153,0.07950564468563431,0.2619254094294518,-0.1824197647438175,0.875,0.34139009208493587,False,0.09647907418795582,0.2638413432347144,-0.1673622690467586,0.7,0.4142724727474212,False,False,False
539,8,Ob8.txt,84,0.21250378182954902,0.2786386862769803,0.18169907396181034,0.09693961231516995,0.275,1.311217541062298,True,0.6488836199507584,0.18230601687678932,0.46657760307396906,0.025,3.053515633294626,True,True,True
539,9,Ob9.txt,37,0.04677429744966166,0.029082144881714123,0.2913892459219618,-0.2623071010402477,0.9,0.6217548197920498,False,0.24488485694981113,0.2886165818853387,-0.043731724935527544,0.625,5.235457725759652,False,False,False
539,10,Ob10.txt,36,0.13648073392666893,0.49112850392910545,0.2707582283101837,0.22037027561892175,0.225,3.5985189249714082,True,0.5051458916327443,0.2773617261162903,0.22778416551645397,0.225,3.7012249062505704,True,True,True
539,11,Ob11.txt,119,0.28954975098582647,0.18094681148766611,0.16331803714089543,0.01762877434677068,0.375,0.6249247698248703,False,0.3716328731182308,0.14199964016998995,0.22963323294824084,0.15,1.2834853832646616,True,False,True
539,12,Ob12.txt,91,0.2692371336530993,0.5718117313949478,0.22186730899242268,0.3499444224025251,0.1,2.1238219395534905,True,0.47921290881232614,0.20041615197514098,0.2787967568371852,0.05,1.7798915859421225,True,True,True
539,13,Ob13.txt,102,0.033183788628964095,0.6062331676010495,0.04283849947474533,0.5633946681263042,0.0,18.268955795840192,True,0.3757367466777982,0.06673027064683767,0.30900647603096054,0.0,11.322900795897688,True,True,True
539,14,Ob14.txt,47,0.23950134376473425,0.10083409672580641,0.1718834266086881,-0.07104932988288169,0.725,0.4210168308068336,False,0.626781578450172,0.22139165256354473,0.40538992588662726,0.025,2.6170273978331786,True,False,True
539,15,Ob15.txt,96,0.23592733059948473,0.02847412183584551,0.16496702017746756,-0.13649289834162204,0.875,0.1206902217029861,False,0.1450973841903313,0.17034894581082882,-0.02525156162049752,0.65,0.6150087987756353,False,False,False
539,16,Ob16.txt,84,0.33152279679275815,0.07166929432598301,0.2194594298247992,-0.1477901354988162,0.925,0.21618209975100142,False,0.3137219142997737,0.14284771174833302,0.17087420255144067,0.125,0.9463057060775457,True,False,True
539,17,Ob17.txt,122,0.047726354998380405,0.29278789775632963,0.11986187356359189,0.17292602419273773,0.25,6.134721534176775,True,0.2596482355130448,0.19430731481206331,0.06534092070098146,0.25,5.440353354490531,True,True,True
539,18,Ob18.txt,103,0.16527568508131282,0.06467587650127554,0.0,0.06467587650127554,0.125,0.39132118235937796,True,0.42158735492765104,0.0,0.42158735492765104,0.0,2.550812932466365,True,True,True
539,19,Ob19.txt,143,0.02412756270604975,0.09798999959352162,0.13890969296168193,-0.040919693368160315,0.625,4.061330221678444,False,0.04679700254802416,0.16572819816113765,-0.1189311956131135,0.775,1.9395660936896153,False,False,False
540,1,Ob1.txt,28,0.46307739967087475,0.00038477297637240504,0.1854966760610105,-0.1851119030846381,1.0,0.0008309042433206125,False,0.472324480353503,0.26135222397066804,0.21097225638283496,0.125,1.0199687583311137,True,False,True
540,2,Ob2.txt,43,0.04610657797664139,0.12899619897038578,0.16596547027635614,-0.03696927130597036,0.625,2.797782976557881,False,0.008154223001974492,0.19927037187379243,-0.19111614887181794,0.975,0.17685595764894116,False,False,False
540,3,Ob3.txt,40,0.44230842666430736,0.40247796484156895,0.21302621937561345,0.1894517454659555,0.275,0.9099486706072458,True,0.08714519980468652,0.2220693376315958,-0.1349241378269093,0.825,0.19702360287796616,False,False,True
540,4,Ob4.txt,58,0.5426655980786833,0.07513568724447381,0.26246086819386355,-0.18732518094938974,0.775,0.1384566987671468,False,0.26102133326488614,0.2898009032019445,-0.02877956993705838,0.55,0.48099849002596917,False,False,False
540,5,Ob5.txt,93,0.31180834253055567,0.11517848086380125,0.2084660390838772,-0.09328755822007595,0.875,0.369388708233534,False,0.3686186342772267,0.1589768077078748,0.20964182656935187,0.225,1.1821961891257091,True,False,True
540,6,Ob6.txt,112,0.3986116518893624,0.43814644508312317,0.1478844142295706,0.29026203085355257,0.025,1.0991812281612228,True,0.45430861672575384,0.2589350779180305,0.19537353880772335,0.1,1.1397273877278695,True,True,True
540,7,Ob7.txt,33,0.38644940048601367,0.1704865297390995,0.2639576741287083,-0.0934711443896088,0.775,0.44116132545344633,False,0.38772547893562004,0.1958065884970939,0.19191889043852614,0.35,1.0033020582979337,True,False,True
540,8,Ob8.txt,84,0.15340045447034278,0.08042341435733885,0.1990531920194748,-0.11862977766213595,0.75,0.524271030584771,False,0.2280695503141687,0.2005094190751621,0.027560131239006608,0.425,1.4867592870023854,False,False,False
540,9,Ob9.txt,37,0.5831132277530622,0.6088096225598679,0.22770829750321794,0.38110132505664995,0.075,1.0440675902788603,True,0.4259588346530865,0.2152921509112815,0.21066668374180497,0.225,0.7304907767132188,True,True,True
540,10,Ob10.txt,36,0.3149145543027309,0.3345948017970516,0.33490152364020753,-0.00030672184315594375,0.5,1.062493928036752,False,0.6686565591099146,0.26470755197679646,0.40394900713311815,0.1,2.123295192216259,True,False,True
540,11,Ob11.txt,119,0.017905227492698142,0.22896675602815622,0.21545671902334163,0.013510037004814596,0.45,12.787704379714262,False,0.13276739589552494,0.20752286094268796,-0.07475546504716302,0.65,7.415007485923777,False,False,False
540,12,Ob12.txt,91,0.027854195877235227,0.5231434944990467,0.11466204365396776,0.408481450845079,0.025,18.781496935138712,True,0.3071414306753162,0.17734752360761163,0.12979390706770455,0.325,11.026756328885366,True,True,True
540,13,Ob13.txt,102,0.3431825251408185,0.1580461296708108,0.004065445518005362,0.15398068415280544,0.0,0.4605308198777299,True,0.20296696099523204,0.0,0.20296696099523204,0.15,0.5914256878666778,True,True,True
540,14,Ob14.txt,47,0.0074430059951337,0.5674575041089649,0.21230184359641174,0.35515566051255315,0.125,76.24036638959761,True,0.17420888854637795,0.26447616715624656,-0.0902672786098686,0.8,23.40571654252021,False,False,True
540,15,Ob15.txt,96,0.25091677896265596,0.07003326161608361,0.5294963836524006,-0.459463122036317,0.95,0.27910951952123814,False,0.11528001069827007,0.3540015998060997,-0.23872158910782962,0.85,0.4594352405401603,False,False,False
540,16,Ob16.txt,84,0.3852716276600803,0.056631632328082965,0.19978599891716015,-0.14315436658907718,0.85,0.14699144256230634,False,0.25246924116795527,0.28046354781266847,-0.027994306644713196,0.55,0.6553019299690174,False,False,False
540,17,Ob17.txt,122,1.0443041364458168,0.3314250819139489,0.15684287964282934,0.1745822022711196,0.25,0.3173645208779126,True,0.6114129514127056,0.18695964940934573,0.42445330200335984,0.025,0.5854740300977717,True,True,True
540,18,Ob18.txt,103,0.16958812539505203,0.04639553369121466,0.0,0.04639553369121466,0.475,0.27357772593533436,False,0.08982027489938782,0.0,0.08982027489938782,0.375,0.5296377602509218,False,False,False
540,19,Ob19.txt,143,0.39731209706663295,0.46661238926727727,0.1708502783556014,0.29576211091167587,0.025,1.1744228094545583,True,0.5754542509484999,0.14170007377426688,0.43375417717423304,0.0,1.4483683109502474,True,True,True
541,1,Ob1.txt,28,0.5023355195033861,0.020867582187735878,0.19711646704804187,-0.176248884860306,0.95,0.041541124164116004,False,0.3198139314974028,0.22520236778668307,0.09461156371071971,0.4,0.6366540271999361,False,False,False
541,2,Ob2.txt,43,0.22622966998557492,0.2994303039173929,0.23121088184174213,0.06821942207565077,0.4,1.3235677881530103,False,0.029726836402181406,0.3406091167289523,-0.3108822803267709,0.975,0.13140113939995968,False,False,False
541,3,Ob3.txt,40,0.6461229547139965,0.5136430473209103,0.3635093573411394,0.15013368997977083,0.3,0.7949617693868687,True,0.6539543935017992,0.291293824206727,0.3626605692950722,0.1,1.0121206633051278,True,True,True
541,4,Ob4.txt,58,0.34388382711252274,0.1002212164532104,0.22661708547970816,-0.12639586902649774,0.75,0.2914391679734821,False,0.25538768715330706,0.22084232493870254,0.034545362214604525,0.425,0.7426568713559806,False,False,False
541,5,Ob5.txt,93,0.29629678460021014,0.08865363631541073,0.15528266662143697,-0.06662903030602624,0.625,0.29920552946610635,False,0.020101700649426846,0.15752255523492315,-0.1374208545854963,0.95,0.06784312788459666,False,False,False
541,6,Ob6.txt,112,0.03413070330167611,0.35217192313383094,0.12679240209577358,0.22537952103805736,0.05,10.318331855661944,True,0.25682814152894123,0.21754945001529366,0.03927869151364757,0.45,7.524841760771122,False,False,True
541,7,Ob7.txt,33,0.6122579475558743,0.526271505414203,0.302368877167953,0.22390262824624996,0.15,0.8595584712539411,True,0.3484168298611343,0.2336473688582235,0.11476946100291083,0.35,0.5690686927822003,True,True,True
541,8,Ob8.txt,84,0.26789947004480935,0.49283202116181846,0.25021534096159925,0.2426166802002192,0.075,1.8396155135334402,True,0.26016736051623107,0.36037978677868876,-0.10021242626245769,0.675,0.9711380185735904,False,False,True
541,9,Ob9.txt,37,0.12780179191509972,0.13216649018628387,0.31593979977805303,-0.18377330959176916,0.675,1.0341520897772989,False,0.20641867566023064,0.21826491045033392,-0.011846234790103272,0.525,1.6151469597340002,False,False,False
541,10,Ob10.txt,36,0.07632380504692696,0.6279806845846252,0.24520189303250625,0.3827787915521189,0.1,8.227848234224137,True,0.06479756454334619,0.21974828523142342,-0.15495072068807725,0.8,0.8489823653774341,False,False,True
541,11,Ob11.txt,119,0.08733012290733806,0.3436580061448292,0.1100284338825933,0.2336295722622359,0.175,3.9351599963905786,True,0.48478717552252987,0.1609963661424082,0.32379080938012167,0.1,5.551202258548463,True,True,True
541,12,Ob12.txt,91,0.717504128844864,0.2807243858561357,0.21324903397126327,0.06747535188487241,0.4,0.3912512480005991,False,0.4258845301888321,0.2240208872144287,0.2018636429744034,0.25,0.5935638738058262,True,False,True
541,13,Ob13.txt,102,0.7577679090286946,0.09133508638551666,0.20602287306802047,-0.11468778668250382,0.775,0.1205317423676463,False,0.08561946278337074,0.23235389511160706,-0.14673443232823632,0.825,0.11298903234516436,False,False,False
541,14,Ob14.txt,47,0.09936095822597926,0.07425626146334208,0.28608540980569297,-0.2118291483423509,0.9,0.7473384193262216,False,0.09935950582934511,0.18925826382615957,-0.08989875799681446,0.725,0.99998538262251,False,False,False
541,15,Ob15.txt,96,0.681480576743209,0.5389267353738333,0.29313208727972484,0.24579464809410845,0.2,0.7908174550613907,True,0.4019586051628984,0.3524315534781469,0.049527051684751466,0.375,0.5898313449869045,False,False,True
541,16,Ob16.txt,84,0.9866240996567122,0.3088487766344741,0.14283261293804939,0.1660161636964247,0.275,0.31303591382162216,True,0.3676582291783817,0.20263944589567728,0.16501878328270442,0.3,0.3726426602657541,True,True,True
541,17,Ob17.txt,122,0.09825833183565469,0.08655435830445701,0.13195703056702898,-0.04540267226257197,0.65,0.8808856886480267,False,0.44250060844788663,0.1566214066512071,0.2858792017966795,0.05,4.5034410841414045,True,False,True
541,18,Ob18.txt,103,0.22579681324878173,0.028648088697633495,0.0,0.028648088697633495,0.05,0.12687552266767016,False,0.07792345142454599,0.0,0.07792345142454599,0.05,0.3451043010898933,True,False,True
541,19,Ob19.txt,143,0.06334465851956173,0.13217398110030698,0.12059888647621607,0.011575094624090912,0.475,2.086584475934775,False,0.30576041473640747,0.22076732527730503,0.08499308945910244,0.325,4.826932876147471,True,False,True
542,1,Ob1.txt,28,0.8484485253287677,0.17483519815072052,0.2412410523588292,-0.06640585420810868,0.55,0.20606459075755143,False,0.2521954555696897,0.29750564789980444,-0.04531019233011474,0.55,0.2972430831581277,False,False,False
542,2,Ob2.txt,43,0.04016282587000164,0.43976445678605103,0.21922473345445237,0.22053972333159866,0.15,10.949539711410578,True,0.3757457604430785,0.22913245784831865,0.14661330259475985,0.225,9.355560827798474,True,True,True
542,3,Ob3.txt,40,0.44883092047890183,0.28161144940412935,0.2914816216227905,-0.009870172218661155,0.525,0.6274332639641904,False,0.7153146283364549,0.36366605446953393,0.35164857386692094,0.15,1.59372849707684,True,False,True
542,4,Ob4.txt,58,0.08723815411325186,0.330695426560478,0.2785606832229596,0.052134743337518386,0.275,3.790720126094964,True,0.5896358054537643,0.2704214294041308,0.3192143760496335,0.025,6.7589211560838836,True,True,True
542,5,Ob5.txt,93,0.19054019273200423,0.28718006439514066,0.1886652431133651,0.09851482128177555,0.325,1.5071889047528197,True,0.06710007014356206,0.22851314953444216,-0.1614130793908801,0.775,0.3521570393178864,False,False,True
542,6,Ob6.txt,112,0.018093772334076053,0.013448165172258109,0.22219994649442973,-0.20875178132217162,1.0,0.7432482803451186,False,0.1450365350016341,0.18241937409678116,-0.03738283909514706,0.675,8.015826236991298,False,False,False
542,7,Ob7.txt,33,0.5622018719120148,0.41812719267660886,0.26906203559907,0.14906515707753887,0.3,0.7437314131569562,True,0.12234012703149141,0.3249737969860105,-0.20263366995451906,0.875,0.21760889307504439,False,False,True
542,8,Ob8.txt,84,0.08236114170619924,0.30882831129878663,0.22399367804440332,0.08483463325438331,0.325,3.7496846801911374,True,0.1254471078677894,0.2531168147165051,-0.1276697068487157,0.625,1.5231346393337712,False,False,True
542,9,Ob9.txt,37,0.6004523410938191,0.9425482650704362,0.3255459955044394,0.6170022695659968,0.0,1.5697303525429434,True,0.8061455772601336,0.3546773989317423,0.45146817832839126,0.05,1.3425638008032605,True,True,True
542,10,Ob10.txt,36,0.22460881724708495,0.03232085925567674,0.37040712224616856,-0.3380862629904918,0.975,0.14389844375575692,False,0.053534773689169035,0.2794496009139081,-0.22591482722473905,0.8,0.2383467147252601,False,False,False
542,11,Ob11.txt,119,0.04770912954559256,0.2137607741097557,0.16956277288693594,0.04419800122281975,0.4,4.480500402034755,False,0.12623645674935902,0.1480249456183782,-0.021788488869019185,0.575,2.6459601747443937,False,False,False
542,12,Ob12.txt,91,0.17770212041488154,0.17234078160734292,0.21535958629292934,-0.043018804685586415,0.625,0.9698296295225882,False,0.49720694118291814,0.2967150182878412,0.20049192289507695,0.175,2.797979787872469,True,False,True
542,13,Ob13.txt,102,0.36045713591824113,0.13453343869325496,0.08096650804946104,0.05356693064379392,0.35,0.373230060629927,True,0.30164426958722573,0.16415259101954705,0.1374916785676787,0.45,0.8368381134106461,False,False,True
542,14,Ob14.txt,47,0.3166091678563543,0.511282348505089,0.28999238262095983,0.2212899658841292,0.125,1.6148690575411828,True,0.058946583386426665,0.22776557078619036,-0.1688189873997637,0.9,0.18618091126524408,False,False,True
542,15,Ob15.txt,96,0.825197650308428,0.29627326098828494,0.23770468476209472,0.058568576226190217,0.35,0.359033088469834,True,0.1308655954604546,0.25863641957576045,-0.12777082411530585,0.775,0.1585869705415932,False,False,True
542,16,Ob16.txt,84,0.8095472697115141,0.08132715125720005,0.15635104323818105,-0.075023891980981,0.7,0.10046004019775319,False,0.2876921233773885,0.25787399853347914,0.029818124843909333,0.425,0.35537408887798344,False,False,False
542,17,Ob17.txt,122,0.12145778420269274,0.2811966690478357,0.164438866563708,0.11675780248412768,0.25,2.315180298189579,True,0.018645586047952634,0.13487670882213723,-0.1162311227741846,0.875,0.15351495312014146,False,False,True
542,18,Ob18.txt,103,0.11844997751611536,0.21005332685178643,0.222828290702725,-0.01277496385093857,0.5,1.7733504999881342,False,0.26497494570341684,0.08810758181150434,0.1768673638919125,0.35,2.2370198058278774,True,False,True
542,19,Ob19.txt,143,0.19738325759521727,0.2981982179742002,0.16062438909327925,0.13757382888092096,0.1,1.510757404691986,True,0.3537286257256883,0.12890442073719363,0.22482420498849467,0.075,1.7920903223266054,True,True,True
543,1,Ob1.txt,28,1.3828030656498917,0.3208230709031076,0.21800483560946313,0.10281823529364445,0.325,0.23200922739661897,False,0.427026036179807,0.30463465161690106,0.12239138456290594,0.225,0.3088118957699249,True,False,True
543,2,Ob2.txt,43,0.2977534656871827,0.219656151308723,0.18495414499250734,0.03470200631621567,0.45,0.7377114849084307,False,0.2794693690101079,0.15130337356505608,0.1281659954450518,0.225,0.938593169235236,True,False,True
543,3,Ob3.txt,40,0.27525160993910114,0.2433915123800603,0.17776137081405807,0.06563014156600222,0.4,0.8842510037776352,False,0.11582099367076926,0.33054049270095726,-0.214719499030188,0.875,0.4207822569916827,False,False,False
543,4,Ob4.txt,58,1.0679555940090268,0.9865931056328031,0.27778004315399435,0.7088130624788087,0.0,0.9238147270985352,True,0.9814717984369274,0.2958572861544688,0.6856145122824586,0.0,0.9190192962542145,True,True,True
543,5,Ob5.txt,93,0.3783377497773742,0.15445255662268376,0.22735020973798362,-0.07289765311529986,0.725,0.40823987749984897,False,0.1304145609449905,0.17534010411071765,-0.044925543165727166,0.6,0.3447040667280241,False,False,False
543,6,Ob6.txt,112,0.026552123289367957,0.5832100674057921,0.16514262774460492,0.41806743966118715,0.025,21.96472429153423,True,0.4272591350627607,0.1980166120970588,0.2292425229657019,0.1,16.09133591338228,True,True,True
543,7,Ob7.txt,33,0.16705589210691535,0.7640919159532598,0.228972245451256,0.5351196705020038,0.0,4.5738698965747515,True,0.6154461024517119,0.26867164852963815,0.3467744539220738,0.025,3.6840730050863932,True,True,True
543,8,Ob8.txt,84,0.09014703536390539,0.21678993914625355,0.13879778320930103,0.07799215593695252,0.35,2.404848237893973,True,0.31699361774247875,0.1969123153403245,0.12008130240215426,0.2,3.5164064626511506,True,True,True
543,9,Ob9.txt,37,0.6330484114412187,0.8742406546806644,0.2841174813617051,0.5901231733189592,0.05,1.3810012613258749,True,0.559774166411133,0.3444020690377279,0.21537209737340507,0.325,0.8842517511997745,True,True,True
543,10,Ob10.txt,36,0.9862697776030349,0.27948807536817954,0.2690398225323863,0.01044825283579326,0.475,0.2833789311150028,False,0.002507756535809591,0.24287147316155866,-0.24036371662574907,1.0,0.0025426679319975488,False,False,False
543,11,Ob11.txt,119,0.01506312040458653,0.13568845977742325,0.15103033559366622,-0.015341875816242967,0.525,9.007991447516268,False,0.15094587376769827,0.1905507653980396,-0.03960489163034134,0.6,10.020890075454563,False,False,False
543,12,Ob12.txt,91,0.1180162775344708,0.3890483401056359,0.19649560895679036,0.19255273114884552,0.225,3.296565086049258,True,0.22402642943145218,0.17651253985518878,0.0475138895762634,0.325,1.8982672061149988,True,True,True
543,13,Ob13.txt,102,0.07231938184310138,0.25607453473077657,0.13120143491837688,0.12487309981239969,0.275,3.540883898680666,True,0.17230561688875923,0.13323098857942173,0.0390746283093375,0.4,2.3825648463447924,False,False,True
543,14,Ob14.txt,47,0.07203067718221151,1.1259455569001189,0.2619300363717144,0.8640155205284045,0.0,15.631472602317546,True,0.6296370291027701,0.32079510510505993,0.30884192399771015,0.025,8.741234342556805,True,True,True
543,15,Ob15.txt,96,0.01661144154729019,0.0699838193011175,0.2442565669979517,-0.1742727476968342,0.875,4.212988927052746,False,0.13276404844631096,0.21138137371863322,-0.07861732527232226,0.725,7.992325534683571,False,False,False
543,16,Ob16.txt,84,0.6165514112256087,0.19980548568776724,0.12062714595258944,0.0791783397351778,0.275,0.32406946452459634,True,0.048009453502610905,0.18068630429999785,-0.13267685079738695,0.875,0.07786772137488997,False,False,True
543,17,Ob17.txt,122,0.06506284529247353,0.25976457664650776,0.1703047579349175,0.08945981871159026,0.225,3.99251793368092,True,0.2159696673727972,0.17493662824263367,0.04103303913016354,0.4,3.319400902342348,False,False,True
543,18,Ob18.txt,103,0.28883656894163684,0.07650367016647192,0.023838374877897306,0.05266529528857461,0.125,0.26486836638033345,False,0.04021802086440207,0.0279910996741225,0.012226921190279572,0.35,0.1392414437402095,False,False,False
543,19,Ob19.txt,143,0.3291716053278001,0.022161406541022194,0.13714183722749057,-0.11498043068646838,0.825,0.0673247819141421,False,0.060127856661755213,0.14880827857923154,-0.08868042191747633,0.825,0.1826641657073607,False,False,False
544,1,Ob1.txt,28,0.6727822112719835,0.5787852861875747,0.22105319481718075,0.35773209137039397,0.175,0.8602862508705527,True,0.24453793142211816,0.26714719024068356,-0.022609258818565403,0.5,0.3634726473516399,False,False,True
544,2,Ob2.txt,43,0.14485543191749745,0.28542693230744465,0.2307807593465689,0.05464617296087576,0.45,1.9704261588892975,False,0.027842769908495768,0.23166594204359992,-0.20382317213510415,0.975,0.19221074101213992,False,False,False
544,3,Ob3.txt,40,0.04781762974618853,0.799685230865738,0.18819706471620778,0.6114881661495302,0.05,16.72364847673111,True,0.5840617778546999,0.23129529713126634,0.3527664807234336,0.025,12.214360706602246,True,True,True
544,4,Ob4.txt,58,0.8797070554705961,0.7764658538116105,0.2671928218601865,0.509273031951424,0.1,0.8826413849735955,True,1.04777959682198,0.26255054219540824,0.7852290546265719,0.0,1.191055124892086,True,True,True
544,5,Ob5.txt,93,0.2171396588993929,0.5018376995105058,0.16154515416943716,0.3402925453410687,0.025,2.3111287088418138,True,0.4561541198587876,0.18177048965160905,0.2743836302071786,0.05,2.1007407037980887,True,True,True
544,6,Ob6.txt,112,0.5195232285402795,0.10480976608976675,0.14271922833191267,-0.03790946224214592,0.675,0.20174221349881502,False,0.07267315859006451,0.19868576784663822,-0.1260126092565737,0.85,0.13988432970409528,False,False,False
544,7,Ob7.txt,33,0.378357557606274,0.27173390464593633,0.4385669850322155,-0.16683308038627914,0.625,0.7181934103949041,False,0.09626948436627844,0.3359293820329516,-0.23965989766667314,0.9,0.25444049532230645,False,False,False
544,8,Ob8.txt,84,0.35556799985276843,0.5238358267611324,0.14055011390618402,0.3832857128549484,0.1,1.4732367000912323,True,0.5212579121923261,0.18152510625024829,0.3397328059420778,0.125,1.4659865691180465,True,True,True
544,9,Ob9.txt,37,0.1958263129318784,0.0029959007860362596,0.25968571328804085,-0.2566898125020046,1.0,0.015298765223029226,False,0.13103469513729885,0.24273256706883828,-0.11169787193153943,0.725,0.6691373246805783,False,False,False
544,10,Ob10.txt,36,0.7092949546720233,0.0803703024844658,0.314830133850457,-0.2344598313659912,0.825,0.1133101285369059,False,0.005663432468055091,0.1903406292863004,-0.18467719681824532,1.0,0.00798459432250417,False,False,False
544,11,Ob11.txt,119,0.14758793001770062,0.022202556064774503,0.16581038995879088,-0.14360783389401638,1.0,0.15043612348321228,False,0.02802064607303223,0.13286847434180038,-0.10484782826876815,0.875,0.18985730113344387,False,False,False
544,12,Ob12.txt,91,0.20595755572671848,0.3000885820435067,0.13048527421232273,0.16960330783118396,0.25,1.457040898473708,True,0.010650413625806349,0.19498298043549375,-0.1843325668096874,0.975,0.05171169170379065,False,False,True
544,13,Ob13.txt,102,0.007229014549458339,0.24511731184326174,0.14038780432671916,0.10472950751654259,0.225,33.907430973648836,True,0.2532010118438173,0.2012912729965255,0.05190973884729183,0.35,35.02566084374382,True,True,True
544,14,Ob14.txt,47,0.5138099996543208,0.09797860275600917,0.2376408644507578,-0.13966226169474863,0.85,0.19069033849463196,False,0.20886185266294607,0.26224045500686793,-0.05337860234392186,0.6,0.4064962783975854,False,False,False
544,15,Ob15.txt,96,0.24934835850962428,0.19760592014996375,0.3053833082891529,-0.10777738813918913,0.6,0.7924893563810512,False,0.22204033672432047,0.1884542052940766,0.03358613143024386,0.425,0.8904824481359087,False,False,False
544,16,Ob16.txt,84,0.1456454751218118,0.16968085741515548,0.26678969749020065,-0.09710884007504517,0.65,1.1650266324665526,False,0.4356799508064695,0.2804021562589048,0.15527779454756468,0.2,2.991373061484299,True,False,True
544,17,Ob17.txt,122,0.017240524111967664,0.11782415739943974,0.16411507077408966,-0.04629091337464991,0.7,6.8341401128084645,False,0.002943945980638185,0.14149857974098196,-0.13855463376034377,0.95,0.17075733669805424,False,False,False
544,18,Ob18.txt,103,0.1930251156135796,0.1934951019600593,0.059322854867174424,0.1341722470928849,0.15,1.0024348455639347,True,0.3048461952523433,0.21168064678413656,0.09316554846820674,0.425,1.579308445345632,False,False,True
544,19,Ob19.txt,143,0.18335580002121576,0.2602250276491574,0.1711617502450848,0.0890632774040726,0.275,1.4192353207209547,True,0.11806272078229867,0.07921122304370123,0.03885149773859743,0.35,0.6438995699543612,True,True,True
545,1,Ob1.txt,28,0.13623579277006892,0.23603974573495856,0.2977610736598221,-0.06172132792486351,0.575,1.7325824655590556,False,0.5863306593393733,0.30779211251458055,0.2785385468247928,0.15,4.3037930592069085,True,False,True
545,2,Ob2.txt,43,0.08399461095264449,0.17190709619050465,0.1583982997657052,0.013508796424799435,0.475,2.0466443530219403,False,0.04875656660255537,0.23861226136950398,-0.1898556947669486,0.925,0.5804725571030258,False,False,False
545,3,Ob3.txt,40,0.47316514697411094,0.376400142729004,0.29703494167810196,0.07936520105090206,0.3,0.7954942267749037,True,0.5742520673560505,0.25845198527144525,0.31580008208460525,0.075,1.2136398275071398,True,True,True
545,4,Ob4.txt,58,0.5141400041949195,0.050736500589594696,0.18915321044103253,-0.13841670985143784,0.825,0.09868226587238989,False,0.1406746881848663,0.19854568697316302,-0.05787099878829671,0.7,0.27361163698037017,False,False,False
545,5,Ob5.txt,93,0.16403702857669666,0.09647194655372718,0.20380020397914278,-0.1073282574254156,0.775,0.5881107905378878,False,0.19069615785237345,0.18045759418203333,0.010238563670340123,0.45,1.1625189721308085,False,False,False
545,6,Ob6.txt,112,0.04261336998972351,0.04774521430947945,0.17809955323199633,-0.13035433892251688,0.85,1.1204280328214717,False,0.06661280212963519,0.21809214935957982,-0.15147934722994463,0.825,1.563190194666587,False,False,False
545,7,Ob7.txt,33,0.23903910942617662,0.04511020384717593,0.3141826080474743,-0.2690724042002983,0.9,0.18871474193266893,False,0.2558662336586532,0.26843174870511477,-0.012565515046461584,0.525,1.0703948582843652,False,False,False
545,8,Ob8.txt,84,0.17315825373432622,0.41447876109292864,0.13129025235357178,0.28318850873935686,0.1,2.393641378070585,True,0.7002218608771738,0.1505355327306097,0.549686328146564,0.0,4.043826071100903,True,True,True
545,9,Ob9.txt,37,0.32816151719963926,0.6206371210658148,0.23016732004832252,0.3904698010174923,0.05,1.8912550330764288,True,0.28505892252963827,0.24871867701773243,0.036340245511905844,0.475,0.8686543290090312,False,False,True
545,10,Ob10.txt,36,0.4094663648464449,0.5931966250598614,0.255506604502024,0.33769002055783737,0.075,1.448706599581916,True,0.7856265449886959,0.2921090983402396,0.49351744664845626,0.075,1.9186595345464232,True,True,True
545,11,Ob11.txt,119,0.1537613006081887,0.25176618006268614,0.18320471750614753,0.06856146255653861,0.35,1.63738326267304,True,0.1747243352691088,0.24155611994438644,-0.06683178467527764,0.675,1.1363349202822994,False,False,True
545,12,Ob12.txt,91,0.39248665737989646,0.09521295709488559,0.15622263583973428,-0.061009678744848694,0.6,0.24258902896341486,False,0.42886983064014994,0.11863632550390295,0.310233505136247,0.0,1.0926991340371537,True,False,True
545,13,Ob13.txt,102,0.2006434020999173,0.2624510449459248,0.16037171823788643,0.10207932670803838,0.175,1.3080472230790239,True,0.3069078675899746,0.17279398270527227,0.13411388488470236,0.225,1.529618539049389,True,True,True
545,14,Ob14.txt,47,0.4691133179810093,0.1708027337737,0.29460910377587335,-0.12380637000217334,0.75,0.3640969617081186,False,0.028708893747224823,0.19260692356302606,-0.16389802981580123,0.975,0.06119820658851348,False,False,False
545,15,Ob15.txt,96,0.26453323287127545,0.4138362936065846,0.22869974926646844,0.18513654434011614,0.2,1.5644019056311216,True,0.43295361168977564,0.19976042789777465,0.233193183792001,0.275,1.6366700205885105,True,True,True
545,16,Ob16.txt,84,0.38236773808594615,0.33216169973847137,0.2486655609857394,0.08349613875273199,0.325,0.8686969810821493,True,0.2932240437186381,0.12382471756554875,0.16939932615308934,0.125,0.7668639754662803,True,True,True
545,17,Ob17.txt,122,0.3405291649725939,0.058502277245298606,0.20738754485151256,-0.14888526760621396,0.875,0.1717981402562301,False,0.30989202390155984,0.18221173147766195,0.1276802924238979,0.25,0.9100307867213084,True,False,True
545,18,Ob18.txt,103,0.3263272716494058,0.2361389225528676,0.0,0.2361389225528676,0.0,0.7236260743986077,True,0.2193341279400443,0.0,0.2193341279400443,0.0,0.6721293222948554,True,True,True
545,19,Ob19.txt,143,0.5746163671039488,0.362755119686647,0.08771680385240321,0.27503831583424376,0.0,0.6312996643568005,True,0.35031339460052213,0.10130372278728504,0.24900967181323708,0.075,0.6096474354987351,True,True,True
546,1,Ob1.txt,28,0.20131837856113324,0.08732386718851967,0.2243767005455803,-0.13705283335706062,0.85,0.4337600362800583,False,0.191817816674073,0.26434751215232727,-0.07252969547825427,0.675,0.9528082733679714,False,False,False
546,2,Ob2.txt,43,0.5952025961846921,0.19097101535016722,0.2617182468080024,-0.07074723145783515,0.625,0.32085044079832725,False,0.5038728589953936,0.20392023068644274,0.29995262830895086,0.2,0.846556890418941,True,False,True
546,3,Ob3.txt,40,0.36477088532108304,0.012205953714514717,0.27393982825127094,-0.26173387453675623,1.0,0.03346197354476535,False,0.24124201325689687,0.20463405471359264,0.03660795854330423,0.475,0.6613521609449392,False,False,False
546,4,Ob4.txt,58,0.4551919750202636,0.3721246607189812,0.24618988089348567,0.12593477982549553,0.275,0.8175114701932421,True,0.47733298359750626,0.25413221097115657,0.22320077262634969,0.2,1.048641034535499,True,True,True
546,5,Ob5.txt,93,0.08831709306428678,0.16117571579865886,0.22884918601611307,-0.0676734702174542,0.675,1.8249662687758264,False,0.08638826846741811,0.22596078399175173,-0.13957251552433364,0.825,0.9781602345599774,False,False,False
546,6,Ob6.txt,112,0.0961107579128325,0.09361142361145194,0.21455384663792182,-0.12094242302646988,0.775,0.9739952700857138,False,0.32316079913099294,0.22587209922890997,0.09728869990208297,0.225,3.3623790525518813,True,False,True
546,7,Ob7.txt,33,0.007769650204796363,0.23064432876720048,0.3482753624492815,-0.117631033682081,0.75,29.68529118914762,False,0.023121686068556635,0.3132677555358536,-0.290146069467297,0.95,2.9758979438074507,False,False,False
546,8,Ob8.txt,84,0.4259860671781972,0.43509339950225295,0.17647394069534245,0.2586194588069105,0.05,1.0213794136141219,True,0.25408840135002814,0.1570299784638795,0.09705842288614863,0.325,0.5964711546392869,True,True,True
546,9,Ob9.txt,37,0.2670569695148572,0.24749686215186062,0.23302278276545965,0.014474079386400968,0.45,0.92675679875148,False,0.3470631697869166,0.2416886986590825,0.1053744711278341,0.35,1.2995847680642854,True,False,True
546,10,Ob10.txt,36,0.14249617361215103,0.1920287048747939,0.32406470186664865,-0.13203599699185475,0.775,1.34760604447851,False,0.6314192797158413,0.26834746446549895,0.3630718152503424,0.075,4.431131473287494,True,False,True
546,11,Ob11.txt,119,0.23840028603278962,0.15535080008396135,0.12007199771565383,0.03527880236830752,0.45,0.651638480260021,False,0.3727623392294567,0.17055185410671658,0.2022104851227401,0.125,1.5635985402223338,True,False,True
546,12,Ob12.txt,91,0.2039948121848318,0.11513932044415259,0.12468710236952295,-0.009547781925370355,0.525,0.5644227870845525,False,0.1276361070175625,0.15437334759795163,-0.02673724058038912,0.6,0.6256831026757503,False,False,False
546,13,Ob13.txt,102,0.17795113887488861,0.09527965237864178,0.2703811063129887,-0.1751014539343469,0.75,0.535425920739005,False,0.15854747823156926,0.2761179674916393,-0.11757048926007005,0.65,0.8909607391894164,False,False,False
546,14,Ob14.txt,47,0.5166534387805597,0.20149793706999938,0.21502986353926795,-0.013531926469268568,0.625,0.3900059923061548,False,0.5954302775762896,0.2259878698864789,0.36944240768981074,0.075,1.1524752046200726,True,False,True
546,15,Ob15.txt,96,0.061559459839470976,0.0956450910568657,0.17503260689716169,-0.07938751584029599,0.6,1.5537025715670678,False,0.32784674633498373,0.17661791794996656,0.15122882838501717,0.2,5.325692382452867,True,False,True
546,16,Ob16.txt,84,0.12635106540118207,0.11117248818623435,0.21736334475113317,-0.10619085656489882,0.85,0.8798698122033745,False,0.3228347510242272,0.20823516166443026,0.11459958935979694,0.3,2.5550615659565854,True,False,True
546,17,Ob17.txt,122,0.10591810680402891,0.5234464198587461,0.17335602234727437,0.3500903975114717,0.025,4.9419918430682825,True,0.07593616482032742,0.12031272591752931,-0.044376561097201894,0.725,0.7169327994204572,False,False,True
546,18,Ob18.txt,103,0.01806445837445736,0.3790410687865752,0.26907803390577123,0.10996303488080394,0.35,20.982697677918132,True,0.2682378092689934,0.1938915066621522,0.07434630260684116,0.35,14.848926201312194,True,True,True
546,19,Ob19.txt,143,0.3710502790996095,0.15618671271295181,0.16917283188880583,-0.012986119175854016,0.525,0.4209313980087939,False,0.30023398462331385,0.17753802426500304,0.12269596035831082,0.15,0.8091463651553141,True,False,True
547,1,Ob1.txt,28,0.026530300039685595,0.17664222818994058,0.1987529079083428,-0.02211067971840222,0.575,6.658131567517468,False,0.05827884590312299,0.28097593116897557,-0.22269708526585258,0.925,2.196690041799227,False,False,False
547,2,Ob2.txt,43,0.024868309113425385,0.2607238918466065,0.22207018581478744,0.03865370603181906,0.4,10.484182525536177,False,0.21277825371632572,0.2658799083813228,-0.05310165466499708,0.575,8.556201096979908,False,False,False
547,3,Ob3.txt,40,0.4305027393824874,0.2715071365849461,0.3002177924615467,-0.0287106558766006,0.55,0.6306745851940352,False,0.5841931374646798,0.29930246650280545,0.28489067096187437,0.175,1.35700213732123,True,False,True
547,4,Ob4.txt,58,0.4755129481281429,0.2118585160123299,0.20531317517279155,0.006545340839538366,0.475,0.4455367973602215,False,0.40261056156242536,0.23346785655331315,0.16914270500911222,0.15,0.8466868528970708,True,False,True
547,5,Ob5.txt,93,0.11692733007407552,0.1158900699296922,0.17420537535195793,-0.058315305422265734,0.725,0.9911290188211241,False,0.4204942162211296,0.1755978289930944,0.2448963872280352,0.175,3.59620129831699,True,False,True
547,6,Ob6.txt,112,0.055007966756348003,0.0345382226683707,0.16000666883108572,-0.12546844616271502,0.95,0.6278767368616645,False,0.016744553442534005,0.13415501782026348,-0.11741046437772948,0.9,0.3044023335147478,False,False,False
547,7,Ob7.txt,33,0.3925702859073852,0.007070025312143541,0.320589964405571,-0.31351993909342746,1.0,0.01800957832506838,False,0.17296184757274902,0.2831685697899521,-0.11020672221720307,0.725,0.44058823039284745,False,False,False
547,8,Ob8.txt,84,0.27300108005585316,0.48352251760264336,0.22447730722745546,0.2590452103751879,0.075,1.7711377460621025,True,0.2790540799985329,0.16484058196298212,0.11421349803555075,0.3,1.0221720732439643,True,True,True
547,9,Ob9.txt,37,0.10761553821801578,0.40149531679413036,0.2765483130294475,0.12494700376468287,0.45,3.7308303563073806,False,0.03175826116224545,0.2930625964782301,-0.2613043353159846,0.95,0.2951085102404742,False,False,False
547,10,Ob10.txt,36,0.015209079100752587,0.1262901817903824,0.24425928996356502,-0.11796910817318262,0.725,8.303604771450837,False,0.24924314539983145,0.18319549493166204,0.0660476504681694,0.375,16.38778677845776,False,False,False
547,11,Ob11.txt,119,0.03821333644269624,0.03682607852660737,0.18949366715892493,-0.15266758863231755,0.8,0.9636970218978609,False,0.04625377536163222,0.18792446187482284,-0.14167068651319062,0.825,1.2104092358172707,False,False,False
547,12,Ob12.txt,91,0.2447327561827819,0.6454547128740046,0.21853599920155026,0.4269187136724543,0.025,2.637385869147562,True,0.4561819635322628,0.24162666716940287,0.21455529636285994,0.15,1.8640004331563906,True,True,True
547,13,Ob13.txt,102,0.3562667016995242,0.08212897727249274,0.18780392701912163,-0.10567494974662889,0.75,0.230526672520073,False,0.004641343389154451,0.2390266889846208,-0.23438534559546634,1.0,0.013027721555266106,False,False,False
547,14,Ob14.txt,47,0.3071856554627125,0.8608673680869574,0.28369289113666485,0.5771744769502926,0.025,2.8024334886023126,True,0.5578262214927705,0.2648631751598385,0.292963046332932,0.175,1.8159253584042496,True,True,True
547,15,Ob15.txt,96,0.5173623876096612,0.6495458985513651,0.13146120587166027,0.5180846926797049,0.0,1.2554950149206314,True,0.4947853359580417,0.11775620223149802,0.3770291337265437,0.0,0.9563612427336843,True,True,True
547,16,Ob16.txt,84,0.6195407079072996,0.2745068693062251,0.18522957417223992,0.08927729513398516,0.35,0.44308124680533323,True,0.5865299603328323,0.17195847204830056,0.4145714882845318,0.025,0.9467173873271832,True,True,True
547,17,Ob17.txt,122,0.06499461330540168,0.048786785858072834,0.1783823085364472,-0.12959552267837438,0.875,0.7506281425020522,False,0.33849289710514513,0.17041409749377223,0.1680787996113729,0.25,5.208014632145109,True,False,True
547,18,Ob18.txt,103,0.2081263553860772,0.11857056761586118,0.22467971869688763,-0.10610915108102645,0.575,0.5697047228637199,False,0.33272318683076424,0.0048751880951386495,0.3278479987356256,0.1,1.5986595556990282,True,False,True
547,19,Ob19.txt,143,0.002130755903642978,0.1587564932109733,0.09709092073053627,0.061665572480437025,0.425,74.50712347648339,False,0.19281035811447894,0.15390752249887424,0.0389028356156047,0.325,90.48918169595534,True,False,True
548,1,Ob1.txt,28,0.6855574113214674,0.3858661855321657,0.3577820872345536,0.028084098297612048,0.425,0.5628502867300017,False,0.38847736316029957,0.3725025354516917,0.015974827708607864,0.45,0.5666591254720418,False,False,False
548,2,Ob2.txt,43,0.15387872404469882,0.38878231488595105,0.23183161661538634,0.1569506982705647,0.275,2.5265501601963973,True,0.15080411591405107,0.3171529069031959,-0.16634879098914485,0.75,0.980019277195497,False,False,True
548,3,Ob3.txt,40,0.4095540154949987,0.3160483463639903,0.35031248919786756,-0.03426414283387724,0.6,0.7716890432193791,False,0.07000551905459637,0.3152593199648933,-0.24525380091029694,0.8,0.1709311016520878,False,False,False
548,4,Ob4.txt,58,0.1446645659301099,0.17345589213170526,0.3000405855325017,-0.12658469340079642,0.675,1.199021273913786,False,0.11260459372974596,0.2858673135489508,-0.17326271981920482,0.8,0.7783840708038159,False,False,False
548,5,Ob5.txt,93,0.27534140004250607,0.22499922496454156,0.1779049589500064,0.04709426601453515,0.375,0.8171645271281657,False,0.07905371837664316,0.21534922563499523,-0.13629550725835207,0.775,0.28711163074074286,False,False,False
548,6,Ob6.txt,112,0.2755673066679542,0.06526174625799697,0.15324219958967514,-0.08798045333167817,0.725,0.23682688286616793,False,0.16693376408460509,0.16573712174323985,0.0011966423413652394,0.5,0.6057821811415115,False,False,False
548,7,Ob7.txt,33,0.62302140835912,0.2196468438197989,0.3108865821858665,-0.09123973836606761,0.675,0.3525510373685117,False,0.6320328907341856,0.29706140866609354,0.334971482068092,0.05,1.0144641616711045,True,False,True
548,8,Ob8.txt,84,0.41435384553893045,0.626102938686483,0.15789791400402603,0.468205024682457,0.0,1.5110344586572872,True,0.37224898864550493,0.14951531289377637,0.22273367575172856,0.15,0.8983842979937553,True,True,True
548,9,Ob9.txt,37,0.17556487292748815,0.051562401247266354,0.17145101294575926,-0.11988861169849291,0.825,0.29369429309792894,False,0.47957470490570764,0.1762530561772779,0.3033216487284297,0.175,2.731609671735312,True,False,True
548,10,Ob10.txt,36,0.12766946028505116,0.11217140697066978,0.19027984705621878,-0.078108440085549,0.7,0.8786079828349047,False,0.20857692980034964,0.22831854104869634,-0.019741611248346697,0.5,1.6337261028178087,False,False,False
548,11,Ob11.txt,119,0.12759980548440805,0.13162545492537417,0.20496728823111152,-0.07334183330573735,0.675,1.031549024903945,False,0.07984135998652597,0.1851667435524728,-0.10532538356594684,0.775,0.6257169412086769,False,False,False
548,12,Ob12.txt,91,0.23468992929387228,0.041814989393594126,0.1093652757792295,-0.06755028638563537,0.7,0.17817121305292374,False,0.017698378897566147,0.2811950656751833,-0.2634966867776172,0.975,0.07541175265089761,False,False,False
548,13,Ob13.txt,102,0.24144744752608954,0.2581398253350969,0.08725376944420449,0.1708860558908924,0.025,1.0691346211361528,True,0.160821758766858,0.22085507810409133,-0.060033319337233326,0.55,0.6660735510549576,False,False,True
548,14,Ob14.txt,47,0.6320504104827369,0.16453619835474598,0.23774454410631063,-0.07320834575156465,0.625,0.2603213218848782,False,0.400364628774588,0.21707802133223986,0.18328660744234815,0.2,0.6334378115011494,True,False,True
548,15,Ob15.txt,96,0.12236184763256261,0.1565274475956645,0.16262262099377056,-0.006095173398106057,0.55,1.2792177514816296,False,0.17641505235268232,0.39523484352167804,-0.21881979116899572,0.775,1.4417488438261798,False,False,False
548,16,Ob16.txt,84,0.0034219744815672526,0.32899697991238386,0.17867303951283658,0.15032394039954727,0.25,96.14244106277039,True,0.4068247913171092,0.1815433617884983,0.22528142952861088,0.125,118.88598045032317,True,True,True
548,17,Ob17.txt,122,0.15687085016431157,0.15639805581847943,0.1418126015144093,0.014585454304070128,0.425,0.9969860917733478,False,0.12241709445247506,0.18822152166798103,-0.06580442721550597,0.525,0.7803686556441267,False,False,False
548,18,Ob18.txt,103,0.014357168765663897,0.6418424237645404,0.0,0.6418424237645404,0.0,44.70536177714566,True,0.672787745021812,0.0,0.672787745021812,0.0,46.86075339803957,True,True,True
548,19,Ob19.txt,143,0.013070091211304813,0.1853673479562147,0.13250033752901236,0.05286701042720235,0.325,14.182559628649226,True,0.051738089549931844,0.16333995283456987,-0.11160186328463803,0.9,3.9585102133932795,False,False,True
549,1,Ob1.txt,28,0.7245491520768897,0.37605081191647377,0.277520365351317,0.09853044656515675,0.275,0.5190135283969899,True,0.006011692744740685,0.29087699187884686,-0.2848652991341062,1.0,0.008297149651626007,False,False,True
549,2,Ob2.txt,43,0.5171126004018485,0.26591091876199746,0.37430858107479703,-0.10839766231279957,0.625,0.514222470222845,False,0.1536592022875276,0.3152732465611298,-0.1616140442736022,0.75,0.2971484395625227,False,False,False
549,3,Ob3.txt,40,0.5143037918402653,0.9446345817490873,0.3172956484633048,0.6273389332857825,0.0,1.8367249021614758,True,0.807278721009242,0.26842039883883007,0.538858322170412,0.05,1.569653449609351,True,True,True
549,4,Ob4.txt,58,0.28389562869468243,0.1965905741268834,0.12454124934737885,0.07204932477950456,0.3,0.6924748191114564,True,0.12589463571794354,0.197675627901812,-0.07178099218386846,0.75,0.44345394219978573,False,False,True
549,5,Ob5.txt,93,0.4546709318271102,0.07734110202260241,0.20257884601843887,-0.12523774399583645,0.875,0.17010346738421264,False,0.1036863926206208,0.16656813130470083,-0.06288173868408004,0.725,0.22804711135579656,False,False,False
549,6,Ob6.txt,112,0.28989315859337106,0.11252384629732293,0.16565160184412384,-0.05312775554680091,0.6,0.38815626709962653,False,0.09555350912662311,0.18793480321500558,-0.09238129408838247,0.775,0.32961629584592794,False,False,False
549,7,Ob7.txt,33,0.006824721469184558,0.5397154043851948,0.22314580115316146,0.31656960323203337,0.15,79.08240751247565,True,0.43659869564560344,0.25117168023015535,0.1854270154154481,0.175,63.97311562339405,True,True,True
549,8,Ob8.txt,84,0.12688834394978635,0.13582783359282213,0.17664856580325639,-0.04082073221043425,0.625,1.070451621991169,False,0.18394570309843705,0.22152489548308124,-0.03757919238464419,0.675,1.4496658824015394,False,False,False
549,9,Ob9.txt,37,0.12926118898823036,0.7050194249911084,0.19936709359114002,0.5056523313999683,0.025,5.454223580252713,True,0.34037603902940106,0.269273861165928,0.07110217786347306,0.35,2.633242365273256,True,True,True
549,10,Ob10.txt,36,0.8193692048731466,0.6628739695826076,0.30313522479329036,0.3597387447893172,0.025,0.8090052269968245,True,0.44811608973240097,0.26968879496052567,0.1784272947718753,0.125,0.5469037487218934,True,True,True
549,11,Ob11.txt,119,0.5695945774157579,0.12668923169745214,0.19756987533087977,-0.07088064363342764,0.625,0.2224200101627359,False,0.15109500072050072,0.20232600830831407,-0.05123100758781335,0.625,0.2652676249237071,False,False,False
549,12,Ob12.txt,91,0.24917773799340096,0.23558878468210614,0.2439385143626113,-0.008349729680505152,0.5,0.9454648179218375,False,0.27615915826226994,0.27887222582078286,-0.002713067558512916,0.5,1.108281825198941,False,False,False
549,13,Ob13.txt,102,0.10136127851748472,0.20102619543324068,0.1395346862310428,0.0614915092021979,0.425,1.9832642047679367,False,0.10135371960743492,0.1896100639064564,-0.08825634429902149,0.6,0.9999254260585466,False,False,False
549,14,Ob14.txt,47,0.17100627959624418,0.8683369497892712,0.2172399371107876,0.6510970126784836,0.0,5.077807387187567,True,0.46090358608657667,0.2519584283016627,0.20894515778491396,0.225,2.6952436318408712,True,True,True
549,15,Ob15.txt,96,0.013338591951665535,0.09839055122433873,0.14914257823737953,-0.050752027013040796,0.625,7.376382123455925,False,0.2284916578117901,0.16193161135867523,0.06656004645311486,0.375,17.130118279333022,False,False,False
549,16,Ob16.txt,84,0.17676360111363182,0.11339406426876336,0.2142316028528109,-0.10083753858404754,0.65,0.6415012115297901,False,0.12643466841627016,0.23668964267070985,-0.1102549742544397,0.75,0.7152754731161655,False,False,False
549,17,Ob17.txt,122,0.17385247361879685,0.28327387552352545,0.15466594974945738,0.12860792577406807,0.15,1.6293922636076776,True,0.5162946713515738,0.14611308130374281,0.370181590047831,0.0,2.9697286475408093,True,True,True
549,18,Ob18.txt,103,0.09601540969917438,0.11103545395883571,0.2599148906449841,-0.14887943668614836,0.75,1.1564336839963563,False,0.03328665871388481,0.3652902566776042,-0.33200359796371937,0.8,0.34668037993250406,False,False,False
549,19,Ob19.txt,143,0.22031980697884562,0.2707434980353724,0.13879425864204786,0.13194923939332454,0.075,1.2288659006558058,True,0.3320581688529991,0.16629358272814376,0.16576458612485534,0.2,1.5071643961855967,True,True,True
550,1,Ob1.txt,28,0.23924929514607035,0.11379147407259146,0.1798093324254705,-0.06601785835287904,0.7,0.475618847709113,False,0.1911057191790128,0.21894227364703914,-0.027836554468026325,0.5,0.798772339380711,False,False,False
550,2,Ob2.txt,43,0.47178550194276525,0.1998528076805699,0.24558704055079345,-0.045734232870223546,0.625,0.42360947264720117,False,0.269315695493881,0.23219958513091005,0.03711611036297097,0.4,0.5708435176258407,False,False,False
550,3,Ob3.txt,40,0.2282487930486411,0.35969750748576257,0.2498904819047567,0.10980702558100586,0.325,1.5759010274771048,True,0.09226232861062619,0.26349387601539437,-0.17123154740476818,0.8,0.4042182540302177,False,False,True
550,4,Ob4.txt,58,0.8572748877013616,0.9794164640131202,0.19427944017511434,0.7851370238380059,0.0,1.142476559227415,True,0.9675398315534629,0.20270077038671966,0.7648390611667433,0.0,1.1286226220247255,True,True,True
550,5,Ob5.txt,93,0.23985733660425196,0.07074710112722545,0.21626731876672695,-0.14552021763950151,0.875,0.2949549183227748,False,0.05689698251925451,0.17912683612797303,-0.12222985360871852,0.8,0.23721176648071685,False,False,False
550,6,Ob6.txt,112,0.2077252227834521,0.10895368178439668,0.23535438547459003,-0.12640070369019335,0.8,0.5245086770130845,False,0.26750506783546224,0.23275681599959913,0.03474825183586311,0.425,1.287783275670519,False,False,False
550,7,Ob7.txt,33,0.2715645340229313,0.11499070934061892,0.2997494320992701,-0.18475872275865116,0.85,0.4234378754734922,False,0.001520308306131396,0.27846357271905153,-0.27694326441292016,1.0,0.0055983315774327845,False,False,False
550,8,Ob8.txt,84,0.24096201374402917,0.04775643341255248,0.17357317231082933,-0.12581673889827685,0.875,0.19819071342623953,False,0.09030793200146908,0.175708178895513,-0.08540024689404391,0.8,0.3747807822414782,False,False,False
550,9,Ob9.txt,37,0.20991099209735906,0.5478225795218051,0.26846136535837617,0.27936121416342896,0.075,2.609785100094801,True,0.6932290487720327,0.21048913226803623,0.4827399165039965,0.0,3.302490459625408,True,True,True
550,10,Ob10.txt,36,0.16293266201019527,0.2657427711517828,0.30977519652444385,-0.044032425372661055,0.575,1.6309975413962998,False,0.12305402878854252,0.18678517008256348,-0.06373114129402097,0.675,0.7552446960011161,False,False,False
550,11,Ob11.txt,119,0.038528820388287865,0.06654469586280314,0.16777963803908091,-0.10123494217627778,0.775,1.727140753134286,False,0.03039442705599696,0.15346913901412318,-0.12307471195812622,0.925,0.7888751005010362,False,False,False
550,12,Ob12.txt,91,0.30372748177868847,0.3842311253454611,0.1926439452761315,0.19158718006932962,0.3,1.2650522208109958,True,0.3077709677109041,0.25125924884589484,0.056511718865009275,0.375,1.0133128747801687,False,False,True
550,13,Ob13.txt,102,0.14000972241257797,0.1012068839006133,0.15053563000205678,-0.04932874610144347,0.65,0.7228561142516859,False,0.08685941873422034,0.14973643847176954,-0.0628770197375492,0.7,0.6203813366493555,False,False,False
550,14,Ob14.txt,47,0.8105285756150103,0.795245495823179,0.24135558066490345,0.5538899151582756,0.05,0.9811443047763803,True,0.8255912180019237,0.2483380550590738,0.5772531629428499,0.0,1.0185837277550445,True,True,True
550,15,Ob15.txt,96,0.2972662931076265,0.017860626490231346,0.13457827558036933,-0.11671764909013799,0.925,0.0600829185963739,False,0.04770181117006622,0.1578755704331769,-0.11017375926311068,0.825,0.1604682813896952,False,False,False
550,16,Ob16.txt,84,0.2073827659892842,0.23287437775564968,0.17748336747482935,0.05539101028082033,0.375,1.12292058910856,False,0.20585684926417766,0.21414640200968932,-0.008289552745511658,0.5,0.9926420273264878,False,False,False
550,17,Ob17.txt,122,0.0641258966690827,0.16680801719486166,0.17495479896215327,-0.008146781767291611,0.55,2.601258241357045,False,0.20616711522286546,0.12840084303369037,0.07776627218917509,0.3,3.215036762554398,True,False,True
550,18,Ob18.txt,103,0.08132383184665998,0.419281264216491,0.018728003453855946,0.40055326076263503,0.0,5.155699807739828,True,0.3884479142950328,0.043191826526364,0.3452560877686688,0.0,4.77655695107272,True,True,True
550,19,Ob19.txt,143,0.03865904466224496,0.19323012168089304,0.23808835586701568,-0.04485823418612264,0.575,4.998316005196183,False,0.13496639905050148,0.1145917979241545,0.02037460112634698,0.45,3.4911985081284698,False,False,False
