variable,family,n_ob,n_events,null_median_low_to_high_delta_z,null_median_high_to_low_delta_z,null_median_direction_contrast_z,null_abs_median_direction_contrast_z,null_direction_contrast_sign_consistency,replicate
resid_tangential_fraction,tangential_swirl,19,1470,-0.036778418674213484,0.09660699913422634,-0.20566604207714972,0.20566604207714972,0.631578947368421,1
resid_polarization,residual_order,19,1470,0.010191940388409915,-0.02837562961134893,0.12580475715284709,0.12580475715284709,0.7368421052631579,1
resid_velocity_cov_trace,residual_intensity,19,1470,-0.041381123200433245,-0.04888200520335906,0.12351921083634691,0.12351921083634691,0.5263157894736842,1
resid_radial_abs_mean,radial,19,1470,-0.02250413047559402,-0.07518244054813623,0.10679728463407775,0.10679728463407775,0.631578947368421,1
edge_minus_core_resid_tangential,edge_core,19,1470,-0.0675140386790595,0.010583328274988875,-0.09898286672065067,0.09898286672065067,0.5263157894736842,1
resid_inward_fraction,radial,19,1470,0.09780359132171453,0.0243185112550397,0.08995813816013043,0.08995813816013043,0.5789473684210527,1
resid_speed_rms,residual_intensity,19,1470,-0.03443002287869365,-0.03954786565377169,0.07062643925680623,0.07062643925680623,0.5789473684210527,1
resid_radial_velocity_mean,radial,19,1470,-0.11109110092723792,0.03726617926301042,-0.050679188210987526,0.050679188210987526,0.5263157894736842,1
edge_minus_core_resid_speed,edge_core,19,1470,0.05966865374794711,0.020800254729913925,0.033955943937124644,0.033955943937124644,0.631578947368421,1
radius_resid_tangential_corr,edge_core,19,1470,0.020354495775822212,0.05729779741765624,-0.02524850847040299,0.02524850847040299,0.5263157894736842,1
radius_resid_speed_corr,edge_core,19,1470,0.0678879077596446,0.08777216986126435,0.018822406370208433,0.018822406370208433,0.5789473684210527,1
resid_tangential_speed_mean,tangential_swirl,19,1470,0.01714812866873952,-0.030165112905091405,-0.0026677349598012157,0.0026677349598012157,0.5263157894736842,1
resid_inward_fraction,radial,19,1471,-0.12770139183622886,0.12948811310969546,-0.19096604370629372,0.19096604370629372,0.7368421052631579,2
edge_minus_core_resid_tangential,edge_core,19,1471,-0.07151929931469156,0.03889145198903948,-0.14275635367834927,0.14275635367834927,0.6842105263157895,2
edge_minus_core_resid_speed,edge_core,19,1471,-0.11342350957107186,0.010802677105801933,-0.13341504829685374,0.13341504829685374,0.5789473684210527,2
resid_speed_rms,residual_intensity,19,1471,-0.06885170616924718,-0.006359893405741501,0.08739986290552887,0.08739986290552887,0.5789473684210527,2
resid_radial_velocity_mean,radial,19,1471,-0.01885925813584738,-0.06984946435718276,0.0746237874793545,0.0746237874793545,0.5789473684210527,2
resid_polarization,residual_order,19,1471,0.06230773488651342,-0.005282710311916627,0.07386525098243357,0.07386525098243357,0.5789473684210527,2
radius_resid_speed_corr,edge_core,19,1471,-0.053375203289626305,0.031433448637728935,-0.06091664295174539,0.06091664295174539,0.6842105263157895,2
resid_tangential_fraction,tangential_swirl,19,1471,-0.024527924654830544,0.05684720929323091,-0.059492012160239895,0.059492012160239895,0.7368421052631579,2
radius_resid_tangential_corr,edge_core,19,1471,-0.03454956895086612,0.05614811643751949,-0.0530588278930714,0.0530588278930714,0.631578947368421,2
resid_velocity_cov_trace,residual_intensity,19,1471,-0.0612272329950009,-0.012139616021109675,0.03761044569715244,0.03761044569715244,0.5789473684210527,2
resid_radial_abs_mean,radial,19,1471,-0.06797001841520858,-0.0426535581970176,0.013042317854303598,0.013042317854303598,0.5263157894736842,2
resid_tangential_speed_mean,tangential_swirl,19,1471,-0.07303220365818404,-0.037491502599381776,0.0042809251480177835,0.0042809251480177835,0.5263157894736842,2
resid_speed_rms,residual_intensity,19,1470,0.13877482514858208,-0.05836117288774137,0.1905669309824558,0.1905669309824558,0.6842105263157895,3
resid_velocity_cov_trace,residual_intensity,19,1470,0.13132425688353988,-0.0575300516893984,0.18081083071734738,0.18081083071734738,0.7368421052631579,3
resid_tangential_speed_mean,tangential_swirl,19,1470,0.06371687849907004,-0.006950113210578923,0.13112841041518317,0.13112841041518317,0.6842105263157895,3
radius_resid_tangential_corr,edge_core,19,1470,0.005290270864177424,-0.11930419057556199,0.10730044441165425,0.10730044441165425,0.5789473684210527,3
resid_tangential_fraction,tangential_swirl,19,1470,-0.04255235758955961,-0.11407374974014525,-0.10408820848491351,0.10408820848491351,0.5789473684210527,3
resid_polarization,residual_order,19,1470,-0.0560629039059119,-0.021851220422226647,-0.053438809091424,0.053438809091424,0.5789473684210527,3
edge_minus_core_resid_tangential,edge_core,19,1470,-0.00891220328455318,-0.11757951410348921,0.052746449791394645,0.052746449791394645,0.631578947368421,3
resid_radial_abs_mean,radial,19,1470,0.10358249085795893,0.016785165195512652,0.04783544927932718,0.04783544927932718,0.5789473684210527,3
radius_resid_speed_corr,edge_core,19,1470,-0.034489786390519556,-0.122790902285719,0.03661221156975049,0.03661221156975049,0.5789473684210527,3
resid_inward_fraction,radial,19,1470,0.01745917155005067,0.15272558611856712,-0.022945086756993083,0.022945086756993083,0.5789473684210527,3
resid_radial_velocity_mean,radial,19,1470,-0.049687276193328245,-0.028075301525067445,-0.0216119746682608,0.0216119746682608,0.5263157894736842,3
edge_minus_core_resid_speed,edge_core,19,1470,-0.023424587848845387,-0.10705452162303178,-0.005052251725938373,0.005052251725938373,0.5263157894736842,3
resid_speed_rms,residual_intensity,19,1471,-0.0032064680093950165,-0.06639244264890085,0.16427067691948832,0.16427067691948832,0.5789473684210527,4
resid_velocity_cov_trace,residual_intensity,19,1471,0.0070369499915580724,-0.04365750988878739,0.11631460180178083,0.11631460180178083,0.5263157894736842,4
resid_radial_abs_mean,radial,19,1471,-0.049013497927937966,-0.02131377879810338,0.09566220057265276,0.09566220057265276,0.5789473684210527,4
radius_resid_speed_corr,edge_core,19,1471,0.0023210044267583108,-0.01485931427599746,0.08550119256543146,0.08550119256543146,0.5789473684210527,4
radius_resid_tangential_corr,edge_core,19,1471,-0.01728845983102667,0.014316386441901863,0.08353524700808934,0.08353524700808934,0.5263157894736842,4
resid_tangential_speed_mean,tangential_swirl,19,1471,0.0028474476673094884,-0.10288176461954879,0.07909446687901883,0.07909446687901883,0.5263157894736842,4
resid_tangential_fraction,tangential_swirl,19,1471,0.02199558864973236,0.054704295593662744,0.07626665235986928,0.07626665235986928,0.6842105263157895,4
resid_polarization,residual_order,19,1471,0.06292991696166782,0.001959998524086848,0.06948549325658693,0.06948549325658693,0.5789473684210527,4
edge_minus_core_resid_speed,edge_core,19,1471,0.009556385191455408,-0.016445117177766422,0.05745078908774434,0.05745078908774434,0.6842105263157895,4
resid_radial_velocity_mean,radial,19,1471,-0.09811626895663672,0.015829522998694556,-0.053655163503148084,0.053655163503148084,0.5789473684210527,4
edge_minus_core_resid_tangential,edge_core,19,1471,0.10155795863460176,0.06453508313135958,0.038138119042867735,0.038138119042867735,0.5263157894736842,4
resid_inward_fraction,radial,19,1471,-0.06238533835755439,-0.03721368814351303,0.030209010000482723,0.030209010000482723,0.5263157894736842,4
edge_minus_core_resid_tangential,edge_core,19,1471,-0.11040742712817048,0.04494023648182732,-0.1815373318617708,0.1815373318617708,0.6842105263157895,5
resid_polarization,residual_order,19,1470,-0.008090858966555176,0.12579364307771396,-0.13403376495446356,0.13403376495446356,0.631578947368421,5
radius_resid_tangential_corr,edge_core,19,1470,-0.04075879757420916,-0.02374729124394115,-0.11351400927512006,0.11351400927512006,0.6842105263157895,5
resid_radial_velocity_mean,radial,19,1470,-0.03558183727668929,0.038679728120173194,-0.10253458664089418,0.10253458664089418,0.631578947368421,5
edge_minus_core_resid_speed,edge_core,19,1471,-0.054596035674964266,-0.03782319935250786,-0.10243420828360894,0.10243420828360894,0.631578947368421,5
resid_speed_rms,residual_intensity,19,1471,0.024849723686292832,0.0890717863691817,-0.08074730549780298,0.08074730549780298,0.631578947368421,5
radius_resid_speed_corr,edge_core,19,1470,0.008397514128596892,-0.03302179056932847,-0.05942847177762865,0.05942847177762865,0.5263157894736842,5
resid_inward_fraction,radial,19,1471,0.04540122954271897,-0.03811314179038311,0.04681643181818182,0.04681643181818182,0.5789473684210527,5
resid_velocity_cov_trace,residual_intensity,19,1471,0.06587705356268936,0.08722810806833337,-0.045659588928714856,0.045659588928714856,0.631578947368421,5
resid_tangential_speed_mean,tangential_swirl,19,1471,0.08147723160317447,0.037169613379976985,0.028845111815677615,0.028845111815677615,0.5263157894736842,5
resid_radial_abs_mean,radial,19,1470,-0.04946320428463802,0.10366152090248792,-0.022317507155247468,0.022317507155247468,0.5263157894736842,5
resid_tangential_fraction,tangential_swirl,19,1470,0.03314796581660251,0.05260265350465676,0.010676742478988713,0.010676742478988713,0.5263157894736842,5
resid_radial_velocity_mean,radial,19,1471,-0.05149298653541801,0.009785669361233366,-0.11060168367418205,0.11060168367418205,0.5789473684210527,6
radius_resid_tangential_corr,edge_core,19,1471,-0.014288059224694422,0.06070158870722838,-0.11059532490801655,0.11059532490801655,0.631578947368421,6
resid_speed_rms,residual_intensity,19,1471,0.12347555147136613,0.03634471567982725,0.11039213395117412,0.11039213395117412,0.5263157894736842,6
edge_minus_core_resid_speed,edge_core,19,1471,0.019650555586668006,-0.09591242128980307,0.08733879584547721,0.08733879584547721,0.6842105263157895,6
resid_radial_abs_mean,radial,19,1471,0.012568406145704092,-0.1573898912153031,0.07898600845362497,0.07898600845362497,0.6842105263157895,6
resid_velocity_cov_trace,residual_intensity,19,1471,0.1294104345440229,0.05125026709361568,0.06978592703853427,0.06978592703853427,0.5263157894736842,6
resid_inward_fraction,radial,19,1471,0.04803330607987244,-0.036106975524475615,0.06780168729603481,0.06780168729603481,0.5263157894736842,6
radius_resid_speed_corr,edge_core,19,1471,-0.0376000257491757,0.013776014096023276,0.050374718678236896,0.050374718678236896,0.5789473684210527,6
resid_polarization,residual_order,19,1471,-0.005861953637192788,-0.03902542763572936,-0.03378387383473762,0.03378387383473762,0.5263157894736842,6
edge_minus_core_resid_tangential,edge_core,19,1471,0.13033420383523425,0.034620270460740676,-0.03376831123129928,0.03376831123129928,0.5263157894736842,6
resid_tangential_speed_mean,tangential_swirl,19,1471,0.0285555501592209,0.03045833258339939,-0.02146369404161387,0.02146369404161387,0.5263157894736842,6
resid_tangential_fraction,tangential_swirl,19,1471,0.0226606100405162,-0.012905075076046948,-0.0019356690562660206,0.0019356690562660206,0.5263157894736842,6
resid_velocity_cov_trace,residual_intensity,19,1470,0.11605861289266525,-0.04772306352569372,0.17894276214693783,0.17894276214693783,0.631578947368421,7
resid_polarization,residual_order,19,1470,-0.038521397664884466,-0.10387901327642593,0.16811598602227634,0.16811598602227634,0.5789473684210527,7
resid_inward_fraction,radial,19,1470,-0.12756293566656857,0.03282901173269692,-0.1603919473992655,0.1603919473992655,0.631578947368421,7
resid_radial_velocity_mean,radial,19,1470,-0.07889956854073965,0.02789127838006733,-0.15918869879181907,0.15918869879181907,0.631578947368421,7
resid_speed_rms,residual_intensity,19,1470,0.08707912052178184,-0.016435642764637146,0.15290375330206815,0.15290375330206815,0.631578947368421,7
resid_radial_abs_mean,radial,19,1470,0.06507445670091505,-0.11919340793183547,0.11443289380816946,0.11443289380816946,0.5789473684210527,7
edge_minus_core_resid_tangential,edge_core,19,1470,-0.05247712943415735,-0.020792715765309527,-0.051398804664597314,0.051398804664597314,0.5263157894736842,7
radius_resid_speed_corr,edge_core,19,1470,0.010724164120179291,-0.02692405849826114,0.048832993810421485,0.048832993810421485,0.5263157894736842,7
radius_resid_tangential_corr,edge_core,19,1470,0.01803590277946794,-0.031888865340249595,0.027111848463467217,0.027111848463467217,0.5263157894736842,7
resid_tangential_fraction,tangential_swirl,19,1470,-0.02762095321113911,0.025141576767121317,-0.021192518467223476,0.021192518467223476,0.5263157894736842,7
resid_tangential_speed_mean,tangential_swirl,19,1470,0.00037238358137042793,0.01911976577877679,-0.01301589620834133,0.01301589620834133,0.5263157894736842,7
edge_minus_core_resid_speed,edge_core,19,1470,-0.015279213208951092,-0.028873949283546085,-0.01055706053955048,0.01055706053955048,0.5263157894736842,7
resid_velocity_cov_trace,residual_intensity,19,1470,-0.0420617851235095,0.08758553969024872,-0.1487700460756602,0.1487700460756602,0.7368421052631579,8
resid_speed_rms,residual_intensity,19,1470,-0.00250105830914521,0.050126725919094575,-0.13093621730786414,0.13093621730786414,0.6842105263157895,8
resid_radial_abs_mean,radial,19,1470,0.1260382459999242,0.09428507002912406,-0.1169474798973234,0.1169474798973234,0.5263157894736842,8
resid_tangential_speed_mean,tangential_swirl,19,1470,-0.05966404343891858,0.04751107844879976,-0.11592792699277227,0.11592792699277227,0.6842105263157895,8
edge_minus_core_resid_tangential,edge_core,19,1470,-0.02921430626760041,-0.07559005045142074,-0.07130682797706994,0.07130682797706994,0.5263157894736842,8
resid_radial_velocity_mean,radial,19,1470,0.037693055181136415,-0.05132883063937174,0.06457016993825573,0.06457016993825573,0.631578947368421,8
radius_resid_speed_corr,edge_core,19,1470,-0.0584738710759696,-0.042798009177251156,0.06382184446202044,0.06382184446202044,0.5789473684210527,8
radius_resid_tangential_corr,edge_core,19,1470,-0.032958219456885776,-0.02495601816459958,-0.05157497546744887,0.05157497546744887,0.5789473684210527,8
resid_inward_fraction,radial,19,1470,0.09236530316573428,0.0015379229279866014,0.030908417544090863,0.030908417544090863,0.5789473684210527,8
resid_polarization,residual_order,19,1470,-0.03989636675911179,0.0750531941077286,-0.019937290749444586,0.019937290749444586,0.5263157894736842,8
edge_minus_core_resid_speed,edge_core,19,1470,-0.05921118568950276,-0.07109905107976036,0.01938371134297645,0.01938371134297645,0.5789473684210527,8
resid_tangential_fraction,tangential_swirl,19,1470,-0.0013789699822930324,0.02560347273314159,0.0007026830118179173,0.0007026830118179173,0.5263157894736842,8
resid_inward_fraction,radial,19,1471,0.11006759557471646,-0.07570857733886385,0.2467574753250609,0.2467574753250609,0.6842105263157895,9
resid_tangential_speed_mean,tangential_swirl,19,1471,-0.0563468016418901,-0.046645114269955566,0.20031313453699853,0.20031313453699853,0.5789473684210527,9
resid_radial_velocity_mean,radial,19,1471,-0.09898282158284508,-0.0006520788805993161,-0.1545151863887413,0.1545151863887413,0.631578947368421,9
resid_polarization,residual_order,19,1471,0.045010022586044085,0.11845342848807107,-0.0806605351027074,0.0806605351027074,0.5789473684210527,9
resid_tangential_fraction,tangential_swirl,19,1471,0.007390834516445066,-0.1080166300787425,0.06806058677265084,0.06806058677265084,0.5789473684210527,9
radius_resid_tangential_corr,edge_core,19,1471,0.06106860334456926,0.028136155470179502,0.05360477238239303,0.05360477238239303,0.5789473684210527,9
resid_radial_abs_mean,radial,19,1471,-0.1269805125025194,0.0766275933160797,-0.039151885317534274,0.039151885317534274,0.5789473684210527,9
radius_resid_speed_corr,edge_core,19,1471,0.0680535375472906,0.007335853714747334,0.035680354033249706,0.035680354033249706,0.631578947368421,9
resid_velocity_cov_trace,residual_intensity,19,1471,-0.022444028345705275,-0.007554057864098768,-0.02716641232889616,0.02716641232889616,0.631578947368421,9
edge_minus_core_resid_speed,edge_core,19,1471,0.03967761245402229,0.009123097021665527,0.014908989700846031,0.014908989700846031,0.5263157894736842,9
resid_speed_rms,residual_intensity,19,1471,-0.015686245360362477,-0.01306142558308973,-0.014563497149886473,0.014563497149886473,0.631578947368421,9
edge_minus_core_resid_tangential,edge_core,19,1471,-0.08494827235928672,0.0262678440330176,0.00892447850030087,0.00892447850030087,0.5789473684210527,9
resid_radial_abs_mean,radial,19,1471,0.0014173482205931398,-0.06261085554468204,0.15044004198849406,0.15044004198849406,0.5789473684210527,10
edge_minus_core_resid_speed,edge_core,19,1471,-0.06506236491320662,-0.10990937470329551,0.12202369927966393,0.12202369927966393,0.631578947368421,10
radius_resid_speed_corr,edge_core,19,1471,-0.06780523900287515,-0.007793059763373078,-0.10857272628797769,0.10857272628797769,0.631578947368421,10
resid_tangential_speed_mean,tangential_swirl,19,1471,0.06476255438071038,0.04785048902989747,0.07739185087018718,0.07739185087018718,0.6842105263157895,10
resid_velocity_cov_trace,residual_intensity,19,1471,0.013697907647378438,-0.03304620016892934,0.05803843971758474,0.05803843971758474,0.631578947368421,10
resid_speed_rms,residual_intensity,19,1471,0.020915981783304345,-0.0012961188751708513,0.05506542761754252,0.05506542761754252,0.631578947368421,10
resid_tangential_fraction,tangential_swirl,19,1471,-0.05973314533259004,0.08016167897002335,-0.046543556613463405,0.046543556613463405,0.631578947368421,10
resid_polarization,residual_order,19,1471,0.04909940240898393,0.06623610128145624,0.04109434691600489,0.04109434691600489,0.631578947368421,10
edge_minus_core_resid_tangential,edge_core,19,1471,0.06453338946926579,-0.08546046257228246,0.03481086997833284,0.03481086997833284,0.5789473684210527,10
resid_inward_fraction,radial,19,1471,0.019410551564573025,-0.03554882271997792,-0.02010049995898544,0.02010049995898544,0.5263157894736842,10
resid_radial_velocity_mean,radial,19,1471,0.01400289858171494,0.0025047389469825543,0.012849364135103514,0.012849364135103514,0.5789473684210527,10
radius_resid_tangential_corr,edge_core,19,1471,0.014366598534958697,-0.05654224608512387,0.003810735345718831,0.003810735345718831,0.5263157894736842,10
resid_radial_velocity_mean,radial,19,1470,-0.1252802385826963,0.0035315766805849302,-0.13868126676194228,0.13868126676194228,0.631578947368421,11
resid_radial_abs_mean,radial,19,1470,-0.05365804590035611,-0.09688953683327556,0.11986750509666924,0.11986750509666924,0.631578947368421,11
resid_speed_rms,residual_intensity,19,1470,-0.19031453366260379,-0.05225558715111757,-0.11397425799161714,0.11397425799161714,0.631578947368421,11
resid_velocity_cov_trace,residual_intensity,19,1470,-0.1724460926661946,-0.05097411116768323,-0.11073726432497202,0.11073726432497202,0.631578947368421,11
resid_polarization,residual_order,19,1470,-0.00970289535392178,-0.05003617040424507,0.09218634376379026,0.09218634376379026,0.6842105263157895,11
resid_tangential_fraction,tangential_swirl,19,1470,-0.03199139748332219,0.028465368056135698,-0.07422748069725027,0.07422748069725027,0.5789473684210527,11
resid_inward_fraction,radial,19,1470,-0.020550017635557083,0.057860527433300016,-0.06928100735817883,0.06928100735817883,0.5789473684210527,11
resid_tangential_speed_mean,tangential_swirl,19,1470,-0.07363180846471146,0.012594029432593301,-0.06893843362176083,0.06893843362176083,0.5789473684210527,11
edge_minus_core_resid_tangential,edge_core,19,1470,0.0626966087903828,0.0660230174984703,-0.0539089789615699,0.0539089789615699,0.5263157894736842,11
radius_resid_tangential_corr,edge_core,19,1470,-0.025509430060537075,0.04657550401709976,-0.039561741114045756,0.039561741114045756,0.631578947368421,11
radius_resid_speed_corr,edge_core,19,1470,0.009426476847071902,0.016772327472940662,-0.039472079194432685,0.039472079194432685,0.5263157894736842,11
edge_minus_core_resid_speed,edge_core,19,1470,0.031399542457191676,0.05373001351961565,0.012671910819072402,0.012671910819072402,0.5263157894736842,11
resid_radial_velocity_mean,radial,19,1470,0.16495024392027496,-0.20360899134603752,0.20676225475675794,0.20676225475675794,0.7894736842105263,12
resid_tangential_fraction,tangential_swirl,19,1470,0.023481262171731604,0.09559374047914082,-0.17664470282262307,0.17664470282262307,0.6842105263157895,12
resid_tangential_speed_mean,tangential_swirl,19,1470,0.1765246375287733,0.04198137140830763,0.10187478551157611,0.10187478551157611,0.631578947368421,12
edge_minus_core_resid_speed,edge_core,19,1470,0.04834073698026231,0.0052767017630668545,0.0865547064328662,0.0865547064328662,0.631578947368421,12
resid_speed_rms,residual_intensity,19,1470,-0.03145374001831183,-0.12176477993871804,0.07773583931226237,0.07773583931226237,0.6842105263157895,12
edge_minus_core_resid_tangential,edge_core,19,1470,0.01897951257662224,0.06651765882395377,-0.05246669386795358,0.05246669386795358,0.5789473684210527,12
resid_velocity_cov_trace,residual_intensity,19,1470,-0.03246069236045468,-0.07345128870762917,0.04035906401954481,0.04035906401954481,0.631578947368421,12
resid_radial_abs_mean,radial,19,1470,0.010903084901905391,0.014329922022247782,0.036143905357887,0.036143905357887,0.5789473684210527,12
resid_polarization,residual_order,19,1470,0.031704176355727094,0.04270171575862061,0.03570808017959887,0.03570808017959887,0.5263157894736842,12
radius_resid_speed_corr,edge_core,19,1470,0.027995123785448217,0.10655395432015519,-0.034852829300813404,0.034852829300813404,0.5263157894736842,12
resid_inward_fraction,radial,19,1470,-0.04727664717254895,-0.002897284090909058,-0.01717989878196935,0.01717989878196935,0.631578947368421,12
radius_resid_tangential_corr,edge_core,19,1470,0.020354495775822212,-0.007922987103002526,-0.002650603287100921,0.002650603287100921,0.5263157894736842,12
resid_velocity_cov_trace,residual_intensity,19,1471,0.06005698293089219,-0.11222561873613127,0.13334773449606668,0.13334773449606668,0.631578947368421,13
resid_speed_rms,residual_intensity,19,1471,0.09704436989647776,-0.10559976144064953,0.13244633077488543,0.13244633077488543,0.6842105263157895,13
edge_minus_core_resid_speed,edge_core,19,1471,-0.08487016862230776,0.02496699247605303,-0.11160293502641191,0.11160293502641191,0.6842105263157895,13
radius_resid_tangential_corr,edge_core,19,1471,0.026568147582705676,0.0431432334350314,-0.09398361016892567,0.09398361016892567,0.6842105263157895,13
resid_inward_fraction,radial,19,1471,0.10336745632066273,0.02309023532512041,0.08027722099554233,0.08027722099554233,0.6842105263157895,13
resid_tangential_fraction,tangential_swirl,19,1471,0.008414223098999182,-0.07010877504067903,0.07482277768511378,0.07482277768511378,0.631578947368421,13
resid_radial_abs_mean,radial,19,1471,-0.03999100724107091,0.027133342491234336,-0.059047938654772786,0.059047938654772786,0.5263157894736842,13
radius_resid_speed_corr,edge_core,19,1471,0.024866439871525425,0.059239415178214655,-0.05359019199935719,0.05359019199935719,0.631578947368421,13
edge_minus_core_resid_tangential,edge_core,19,1471,0.04816498979946088,0.06912016500823526,-0.02095517520877438,0.02095517520877438,0.5263157894736842,13
resid_polarization,residual_order,19,1471,0.001380207390699606,0.14004550731072074,0.019199315146254947,0.019199315146254947,0.5263157894736842,13
resid_radial_velocity_mean,radial,19,1471,-0.056958493734105387,-0.08202725338313616,-0.014157085692846384,0.014157085692846384,0.5263157894736842,13
resid_tangential_speed_mean,tangential_swirl,19,1471,0.10493710189603725,-0.04087560734764252,-0.005936944759787621,0.005936944759787621,0.5263157894736842,13
resid_tangential_speed_mean,tangential_swirl,19,1469,0.07561721785106501,-0.14788875867341902,0.2772684218724635,0.2772684218724635,0.7368421052631579,14
radius_resid_tangential_corr,edge_core,19,1469,0.007084923306373281,0.17922697773073112,-0.17422105491677098,0.17422105491677098,0.6842105263157895,14
edge_minus_core_resid_tangential,edge_core,19,1469,-0.011401643754488544,0.13045107239018977,-0.126719134807603,0.126719134807603,0.5789473684210527,14
resid_inward_fraction,radial,19,1469,0.11066492136377437,-0.023873447002297432,0.11749088049142914,0.11749088049142914,0.7368421052631579,14
resid_radial_abs_mean,radial,19,1469,0.0625313806984153,-0.04952192524255522,0.09778791506366258,0.09778791506366258,0.631578947368421,14
resid_velocity_cov_trace,residual_intensity,19,1469,-0.0025721473721480176,-0.15338784852186865,0.06372483589476885,0.06372483589476885,0.631578947368421,14
resid_radial_velocity_mean,radial,19,1469,0.06972274331880501,-0.030074777393085395,-0.05089589993944264,0.05089589993944264,0.631578947368421,14
resid_speed_rms,residual_intensity,19,1469,-0.009879308578802481,-0.14400605887616102,0.046598585178347474,0.046598585178347474,0.631578947368421,14
resid_tangential_fraction,tangential_swirl,19,1469,0.03706523642032303,-0.02775497376335117,0.028853098182132296,0.028853098182132296,0.631578947368421,14
radius_resid_speed_corr,edge_core,19,1469,0.013491274498437456,0.11073457316495214,-0.019208467568524568,0.019208467568524568,0.5789473684210527,14
resid_polarization,residual_order,19,1469,-0.0060438181942974595,-0.04797786223866296,0.014734254983954032,0.014734254983954032,0.5263157894736842,14
edge_minus_core_resid_speed,edge_core,19,1469,0.024906067375884883,0.09809768061416613,-0.0009103006903267707,0.0009103006903267707,0.5263157894736842,14
edge_minus_core_resid_tangential,edge_core,19,1470,-0.07439336608962682,0.13889031515640435,-0.1769013217332728,0.1769013217332728,0.6842105263157895,15
resid_radial_velocity_mean,radial,19,1470,-0.009056773841538968,-0.055675904960361566,-0.1029737573251267,0.1029737573251267,0.5263157894736842,15
resid_tangential_speed_mean,tangential_swirl,19,1470,-0.013568734344269029,-0.07294058741634526,0.08931447241435932,0.08931447241435932,0.631578947368421,15
resid_inward_fraction,radial,19,1470,0.058528204545454654,-0.05075789680245689,0.07072321385029329,0.07072321385029329,0.5789473684210527,15
radius_resid_tangential_corr,edge_core,19,1470,0.02643856223056726,0.06046312593304004,-0.05418106988862814,0.05418106988862814,0.5789473684210527,15
edge_minus_core_resid_speed,edge_core,19,1470,-0.10823660011733083,-0.06002842304979983,0.04845974183966051,0.04845974183966051,0.5789473684210527,15
resid_radial_abs_mean,radial,19,1470,0.014366983415817991,-0.007356247280165096,0.036764478477603724,0.036764478477603724,0.5263157894736842,15
resid_tangential_fraction,tangential_swirl,19,1470,-0.006667256466785315,-0.04768601586307332,0.022782608054956688,0.022782608054956688,0.5789473684210527,15
resid_velocity_cov_trace,residual_intensity,19,1470,-0.06003998375160083,-0.042090545037207716,0.02235792759127142,0.02235792759127142,0.5263157894736842,15
resid_polarization,residual_order,19,1470,0.0025003201547162957,0.018722377317814676,-0.013229399619453158,0.013229399619453158,0.5263157894736842,15
radius_resid_speed_corr,edge_core,19,1470,-0.06551134419752686,-0.0684006793199115,-0.008369508350033472,0.008369508350033472,0.5263157894736842,15
resid_speed_rms,residual_intensity,19,1470,-0.067194388900645,-0.05062142131345973,-0.00034762066669463687,0.00034762066669463687,0.5263157894736842,15
resid_radial_velocity_mean,radial,19,1471,-0.05732198430219766,-0.07952944507536219,0.14487546008985946,0.14487546008985946,0.631578947368421,16
resid_tangential_speed_mean,tangential_swirl,19,1471,0.05814575426989016,-0.03700809896350968,0.14359139129504023,0.14359139129504023,0.6842105263157895,16
resid_polarization,residual_order,19,1471,0.11669778368455691,-0.0552722156790644,0.13100382202777006,0.13100382202777006,0.5789473684210527,16
edge_minus_core_resid_speed,edge_core,19,1471,-0.07346332892556282,-0.005806220955107244,-0.09535007256781991,0.09535007256781991,0.631578947368421,16
edge_minus_core_resid_tangential,edge_core,19,1471,0.011183883777596992,0.0034495841611404815,0.09442649342454415,0.09442649342454415,0.5789473684210527,16
resid_inward_fraction,radial,19,1471,0.0608215921412853,0.016399596312454356,0.09229094571644622,0.09229094571644622,0.631578947368421,16
radius_resid_tangential_corr,edge_core,19,1471,-0.0016193278975378256,-0.04416856416934065,0.04672257667173592,0.04672257667173592,0.5789473684210527,16
resid_velocity_cov_trace,residual_intensity,19,1471,-0.08679787301200442,0.016414245092131963,0.02387078692716052,0.02387078692716052,0.5263157894736842,16
radius_resid_speed_corr,edge_core,19,1471,-0.002537943485442229,-0.04092817107604204,-0.022182529947613605,0.022182529947613605,0.5263157894736842,16
resid_tangential_fraction,tangential_swirl,19,1471,-0.04817847645287622,-0.10281295500374588,0.018413948623207943,0.018413948623207943,0.5789473684210527,16
resid_speed_rms,residual_intensity,19,1471,-0.08500958844630234,0.037282149664469535,0.005362774844431817,0.005362774844431817,0.5263157894736842,16
resid_radial_abs_mean,radial,19,1471,0.00398671179230492,-0.1157380777315353,0.0021455398055655606,0.0021455398055655606,0.5263157894736842,16
resid_radial_abs_mean,radial,19,1470,-0.027333627803370508,0.10288470126621396,-0.20868228608971018,0.20868228608971018,0.7368421052631579,17
resid_velocity_cov_trace,residual_intensity,19,1470,-0.08449540927241628,0.07941748999950748,-0.1455460404319045,0.1455460404319045,0.6842105263157895,17
resid_tangential_speed_mean,tangential_swirl,19,1470,-0.09128108782924889,-0.01712489233730774,-0.12314512572701886,0.12314512572701886,0.5789473684210527,17
resid_speed_rms,residual_intensity,19,1470,-0.08570318762813384,0.077027531515458,-0.1079265726498205,0.1079265726498205,0.6842105263157895,17
resid_polarization,residual_order,19,1470,0.03945800336997421,-0.06499447449057427,0.08569835876325349,0.08569835876325349,0.631578947368421,17
radius_resid_speed_corr,edge_core,19,1470,0.003302137451684173,-0.00035898976068467203,0.07956479633487562,0.07956479633487562,0.5263157894736842,17
edge_minus_core_resid_tangential,edge_core,19,1470,-0.06043930632838901,-0.026077365634426933,0.0755336322224169,0.0755336322224169,0.5789473684210527,17
edge_minus_core_resid_speed,edge_core,19,1470,-0.03787271373233414,0.028467554628431563,-0.07333795312174415,0.07333795312174415,0.631578947368421,17
radius_resid_tangential_corr,edge_core,19,1470,-0.09825933897662087,0.00895248019537842,-0.07109671981211588,0.07109671981211588,0.5789473684210527,17
resid_radial_velocity_mean,radial,19,1470,0.0835107865312733,-0.02075283927031748,-0.05784561797781995,0.05784561797781995,0.5789473684210527,17
resid_tangential_fraction,tangential_swirl,19,1470,-0.023941464085747488,-0.011318466158301621,-0.035874991321626304,0.035874991321626304,0.5789473684210527,17
resid_inward_fraction,radial,19,1470,-0.017331733691058337,0.042793056259452074,-0.03246000875500876,0.03246000875500876,0.631578947368421,17
resid_inward_fraction,radial,19,1470,-0.0074520865307777795,0.025474621826034053,-0.18786518565745416,0.18786518565745416,0.631578947368421,18
radius_resid_tangential_corr,edge_core,19,1470,0.00042505268939674323,0.07748588395867842,-0.1689968091054763,0.1689968091054763,0.6842105263157895,18
resid_velocity_cov_trace,residual_intensity,19,1470,-0.08602372755655907,0.0037637209433163538,-0.10487119523969723,0.10487119523969723,0.631578947368421,18
resid_speed_rms,residual_intensity,19,1470,-0.08158892253008569,0.02269245985965118,-0.10232659493812346,0.10232659493812346,0.5789473684210527,18
edge_minus_core_resid_speed,edge_core,19,1470,-0.025152953206065615,0.08784262090051437,-0.1013087610280794,0.1013087610280794,0.5263157894736842,18
resid_polarization,residual_order,19,1470,-0.0202932535330434,0.05334974173899708,-0.08974633430654953,0.08974633430654953,0.5789473684210527,18
resid_tangential_speed_mean,tangential_swirl,19,1470,-0.04027458862441541,0.0792076179538706,-0.08856595179392163,0.08856595179392163,0.6842105263157895,18
resid_tangential_fraction,tangential_swirl,19,1470,-0.10252519643837485,-0.05587805613174446,-0.05528532246054246,0.05528532246054246,0.6842105263157895,18
edge_minus_core_resid_tangential,edge_core,19,1470,0.03406576183978714,0.08222266994394423,-0.053060723813705524,0.053060723813705524,0.5263157894736842,18
resid_radial_velocity_mean,radial,19,1470,-0.08585241454206216,-0.12408693362308437,-0.03656530756542023,0.03656530756542023,0.5263157894736842,18
radius_resid_speed_corr,edge_core,19,1470,0.06250800017180003,-0.022794382739590432,0.035568931407166354,0.035568931407166354,0.5789473684210527,18
resid_radial_abs_mean,radial,19,1470,0.08326110971877551,0.04131399708263972,-0.009454681550510935,0.009454681550510935,0.5263157894736842,18
resid_polarization,residual_order,19,1469,-0.08025316061256221,0.09937872154678801,-0.2013865760587934,0.2013865760587934,0.631578947368421,19
resid_inward_fraction,radial,19,1469,0.062454023972865924,-0.04443721544660739,0.12199635511363638,0.12199635511363638,0.6842105263157895,19
resid_velocity_cov_trace,residual_intensity,19,1469,0.0582572872801716,-0.031151087527454296,0.10670927842804628,0.10670927842804628,0.631578947368421,19
resid_tangential_fraction,tangential_swirl,19,1469,0.06852589579087776,-0.1389811776884609,-0.09218561768960737,0.09218561768960737,0.5789473684210527,19
resid_speed_rms,residual_intensity,19,1469,0.06448501175898638,-0.02692448260328048,0.07451718939346755,0.07451718939346755,0.5789473684210527,19
resid_radial_velocity_mean,radial,19,1469,-0.016273657332438782,-0.03160532187320797,-0.07032830909331543,0.07032830909331543,0.5789473684210527,19
resid_radial_abs_mean,radial,19,1469,-0.026822408552344086,0.12241163435891886,-0.06372230919463667,0.06372230919463667,0.631578947368421,19
resid_tangential_speed_mean,tangential_swirl,19,1469,0.05322653673769023,0.0088682819799379,0.05900488902568807,0.05900488902568807,0.5263157894736842,19
edge_minus_core_resid_speed,edge_core,19,1469,0.01534587673467002,0.1796767665787241,-0.05703361823236908,0.05703361823236908,0.5789473684210527,19
radius_resid_tangential_corr,edge_core,19,1469,0.03143243744487177,-0.02244167675164424,-0.05333887498864853,0.05333887498864853,0.5789473684210527,19
edge_minus_core_resid_tangential,edge_core,19,1469,-0.04042785784205563,-0.01845358776425776,-0.031810956477391045,0.031810956477391045,0.631578947368421,19
radius_resid_speed_corr,edge_core,19,1469,0.09112537085989691,0.031631999734950234,-0.012962815338311895,0.012962815338311895,0.5263157894736842,19
radius_resid_speed_corr,edge_core,19,1470,-0.014995664879161985,0.015377795527275816,0.10723248782820219,0.10723248782820219,0.631578947368421,20
resid_tangential_speed_mean,tangential_swirl,19,1470,0.034629667386426255,0.06442980362164422,0.08808142638780754,0.08808142638780754,0.5789473684210527,20
radius_resid_tangential_corr,edge_core,19,1470,-0.005353892310870925,-0.016186271154653042,0.0668635557298512,0.0668635557298512,0.631578947368421,20
edge_minus_core_resid_speed,edge_core,19,1470,0.03112977908739112,-0.033836628982532535,0.06496640806992365,0.06496640806992365,0.631578947368421,20
resid_speed_rms,residual_intensity,19,1470,-0.02592953542336951,0.10482133210188821,-0.054676885432529326,0.054676885432529326,0.5789473684210527,20
resid_inward_fraction,radial,19,1470,0.00271627957614079,-0.05269666544279761,0.05118706744509986,0.05118706744509986,0.5263157894736842,20
resid_polarization,residual_order,19,1470,0.014950345772781093,-0.00407268016785392,-0.045085035779524385,0.045085035779524385,0.5789473684210527,20
resid_velocity_cov_trace,residual_intensity,19,1470,-0.02875998234238783,0.1214534948498655,-0.02605728750285355,0.02605728750285355,0.5789473684210527,20
resid_radial_velocity_mean,radial,19,1470,0.12032041520241868,0.05326634310938022,0.02396833266567655,0.02396833266567655,0.5263157894736842,20
edge_minus_core_resid_tangential,edge_core,19,1470,-0.016010843970418076,-0.061809070559252374,0.021731338760721697,0.021731338760721697,0.5789473684210527,20
resid_radial_abs_mean,radial,19,1470,-0.008830457169388212,0.010071409586859356,-0.020760485827368124,0.020760485827368124,0.5263157894736842,20
resid_tangential_fraction,tangential_swirl,19,1470,-0.06403032901050132,0.029623727531320698,0.0018720524508122893,0.0018720524508122893,0.5263157894736842,20
resid_inward_fraction,radial,19,1470,-0.04239569890741711,0.06272504899551085,-0.18362080742791034,0.18362080742791034,0.631578947368421,21
resid_tangential_speed_mean,tangential_swirl,19,1470,-0.12594352605148088,0.1291329084863927,-0.15804427908822793,0.15804427908822793,0.5789473684210527,21
resid_radial_velocity_mean,radial,19,1470,-0.16740823349485828,-0.005798692808460043,-0.15330495087000084,0.15330495087000084,0.631578947368421,21
radius_resid_tangential_corr,edge_core,19,1470,-0.11738836675255096,0.18030223934300824,-0.14561940605362456,0.14561940605362456,0.631578947368421,21
resid_polarization,residual_order,19,1470,-0.08873773609238983,-0.05253230178998172,0.11498671851958125,0.11498671851958125,0.5789473684210527,21
edge_minus_core_resid_tangential,edge_core,19,1470,-0.10321170397748763,0.03201378223073609,-0.09731997927147976,0.09731997927147976,0.631578947368421,21
radius_resid_speed_corr,edge_core,19,1470,0.0436114330102509,0.0028546671320038575,0.08436929862083387,0.08436929862083387,0.5789473684210527,21
resid_speed_rms,residual_intensity,19,1470,-0.05488707836468493,-0.05627247828129636,-0.07781340892129884,0.07781340892129884,0.5263157894736842,21
resid_tangential_fraction,tangential_swirl,19,1470,-0.05981727776097212,-0.05661070903038226,0.0724412937126408,0.0724412937126408,0.5789473684210527,21
resid_velocity_cov_trace,residual_intensity,19,1470,-0.03689098617716713,-0.029066932106470503,-0.06888779290220923,0.06888779290220923,0.5263157894736842,21
edge_minus_core_resid_speed,edge_core,19,1470,-0.06690073624903442,-0.02615886447542403,0.016889425971940306,0.016889425971940306,0.5263157894736842,21
resid_radial_abs_mean,radial,19,1470,0.023354182864882778,0.04284487803973182,0.014917723545171638,0.014917723545171638,0.5263157894736842,21
resid_tangential_speed_mean,tangential_swirl,19,1471,0.008918546152683338,0.0040734367790375425,-0.14405099671390342,0.14405099671390342,0.5263157894736842,22
resid_radial_abs_mean,radial,19,1471,-0.09276688126376786,0.059197822017174107,-0.11373833768277769,0.11373833768277769,0.6842105263157895,22
radius_resid_tangential_corr,edge_core,19,1471,0.004435684845600252,-0.04795569930438137,0.1004748609833388,0.1004748609833388,0.5789473684210527,22
resid_polarization,residual_order,19,1471,0.04782002999304794,-0.037767542356163086,0.09910084705878183,0.09910084705878183,0.6842105263157895,22
edge_minus_core_resid_speed,edge_core,19,1471,-0.18076080037713668,-0.07986859549924336,-0.09888745491451681,0.09888745491451681,0.5789473684210527,22
resid_radial_velocity_mean,radial,19,1471,-0.0026488845900056734,-0.049726182042229186,0.05558129655598648,0.05558129655598648,0.5263157894736842,22
radius_resid_speed_corr,edge_core,19,1471,-0.07190935355624661,-0.14407543908633358,0.054367632539772184,0.054367632539772184,0.5789473684210527,22
resid_inward_fraction,radial,19,1471,-0.025445558091974796,-0.004038152805508982,-0.03897224810122604,0.03897224810122604,0.5789473684210527,22
edge_minus_core_resid_tangential,edge_core,19,1471,0.015471809665553282,-0.03686570465780044,-0.017646014209638954,0.017646014209638954,0.5789473684210527,22
resid_velocity_cov_trace,residual_intensity,19,1471,-0.014018462678707044,0.036136345501724954,0.015925974925584063,0.015925974925584063,0.5263157894736842,22
resid_tangential_fraction,tangential_swirl,19,1471,0.09543836704705785,0.023235668046471827,0.014012143855289538,0.014012143855289538,0.5263157894736842,22
resid_speed_rms,residual_intensity,19,1471,-0.005036375136731497,0.06328802949654949,0.012036416547668308,0.012036416547668308,0.5263157894736842,22
resid_radial_velocity_mean,radial,19,1471,0.03569086538427835,-0.1341166186597674,0.18075414907642695,0.18075414907642695,0.5789473684210527,23
radius_resid_tangential_corr,edge_core,19,1471,0.011169960110684302,0.14264434707405366,-0.18074350992557392,0.18074350992557392,0.7368421052631579,23
edge_minus_core_resid_tangential,edge_core,19,1471,-0.14274357696143228,0.07266852301402707,-0.1676209459046212,0.1676209459046212,0.7368421052631579,23
edge_minus_core_resid_speed,edge_core,19,1471,-0.0637710257102374,0.011044250767518055,-0.1309546760156004,0.1309546760156004,0.631578947368421,23
resid_speed_rms,residual_intensity,19,1471,-0.009639889970288557,-0.03601704353449259,0.10293009887745326,0.10293009887745326,0.5789473684210527,23
resid_polarization,residual_order,19,1471,-0.07047532970467332,0.033001619514457514,-0.09434266166539354,0.09434266166539354,0.5789473684210527,23
radius_resid_speed_corr,edge_core,19,1471,-0.06540912695771883,-0.010106234521920776,-0.07206011476506044,0.07206011476506044,0.631578947368421,23
resid_velocity_cov_trace,residual_intensity,19,1471,0.013025567811483126,-0.023217316003006083,0.058229129520544334,0.058229129520544334,0.5789473684210527,23
resid_tangential_speed_mean,tangential_swirl,19,1471,-0.010893550178768197,-0.06762748399438961,-0.05114029878637583,0.05114029878637583,0.5263157894736842,23
resid_inward_fraction,radial,19,1471,0.10453319519034764,0.010327458769878145,0.04407304819811159,0.04407304819811159,0.5789473684210527,23
resid_tangential_fraction,tangential_swirl,19,1471,-0.10559636753396184,-0.09095660253752974,0.02369024696974581,0.02369024696974581,0.5789473684210527,23
resid_radial_abs_mean,radial,19,1471,0.013181352448526189,0.06441857244774549,0.01522998269717804,0.01522998269717804,0.5263157894736842,23
resid_radial_abs_mean,radial,19,1471,0.017541207074090355,-0.13885860115203824,0.2353731893774929,0.2353731893774929,0.6842105263157895,24
radius_resid_tangential_corr,edge_core,19,1471,0.03980785043395555,-0.05965638751818897,0.15346432726889092,0.15346432726889092,0.631578947368421,24
resid_tangential_speed_mean,tangential_swirl,19,1471,0.015870032706510363,-0.044064387501750124,0.14396801521807667,0.14396801521807667,0.5263157894736842,24
radius_resid_speed_corr,edge_core,19,1471,0.007670461954699517,-0.0022975805605288946,0.12660319956050137,0.12660319956050137,0.7368421052631579,24
edge_minus_core_resid_tangential,edge_core,19,1471,0.06910762987830094,-0.02093485622812307,0.09004248610642401,0.09004248610642401,0.5263157894736842,24
resid_velocity_cov_trace,residual_intensity,19,1471,-0.007489032846275223,-0.00924247179249904,0.08246374566686214,0.08246374566686214,0.5263157894736842,24
resid_speed_rms,residual_intensity,19,1471,-0.013243013145082139,-0.015476732784919275,0.07740599486867218,0.07740599486867218,0.5263157894736842,24
resid_inward_fraction,radial,19,1471,-0.009133555661335821,-0.055867898297417395,-0.06245387065119465,0.06245387065119465,0.5789473684210527,24
resid_tangential_fraction,tangential_swirl,19,1471,-0.056229052725303236,0.09894623416783355,-0.06239141631611715,0.06239141631611715,0.631578947368421,24
resid_polarization,residual_order,19,1471,-0.02068430049277814,-0.06831659379669802,0.057891920227581606,0.057891920227581606,0.5789473684210527,24
resid_radial_velocity_mean,radial,19,1471,-0.025657171102347415,-0.05247158911651195,0.039774287258884655,0.039774287258884655,0.5263157894736842,24
edge_minus_core_resid_speed,edge_core,19,1471,-0.012287456958307505,-0.01390624909193472,0.020172793009596235,0.020172793009596235,0.5263157894736842,24
resid_velocity_cov_trace,residual_intensity,19,1471,-0.0331948862495253,-0.015037575080314364,-0.24514771677875563,0.24514771677875563,0.6842105263157895,25
resid_speed_rms,residual_intensity,19,1471,-0.03186100529259288,-0.007790706849640547,-0.22586444877116224,0.22586444877116224,0.6842105263157895,25
resid_radial_velocity_mean,radial,19,1471,0.041830778879173254,-0.05281987520029918,0.18531590665949937,0.18531590665949937,0.6842105263157895,25
resid_inward_fraction,radial,19,1471,-0.11363917368543497,-0.0011698799473187638,-0.16254615069934605,0.16254615069934605,0.631578947368421,25
radius_resid_speed_corr,edge_core,19,1471,-0.028581486350699223,0.0798233817242962,-0.14672520995187233,0.14672520995187233,0.6842105263157895,25
resid_tangential_speed_mean,tangential_swirl,19,1471,-0.04668855775502362,0.004039552409396595,-0.1368120549805622,0.1368120549805622,0.631578947368421,25
radius_resid_tangential_corr,edge_core,19,1471,0.005516807733867202,0.09258265528600562,-0.09619160769124802,0.09619160769124802,0.631578947368421,25
edge_minus_core_resid_tangential,edge_core,19,1471,-0.017625666156382502,0.02331049690946424,-0.09426377506061012,0.09426377506061012,0.5263157894736842,25
edge_minus_core_resid_speed,edge_core,19,1471,-0.020454200055186292,0.06716028131735208,-0.07253034925519318,0.07253034925519318,0.631578947368421,25
resid_tangential_fraction,tangential_swirl,19,1471,-0.006529969471656693,0.03317565347477683,0.03952644547806393,0.03952644547806393,0.5263157894736842,25
resid_polarization,residual_order,19,1471,-0.047669512376971916,0.018789889326195852,0.009514694397427026,0.009514694397427026,0.5263157894736842,25
resid_radial_abs_mean,radial,19,1471,-0.04241121747138368,-0.06598831237817333,-0.006246072871862185,0.006246072871862185,0.5263157894736842,25
resid_polarization,residual_order,19,1471,0.09464064852320744,-0.17387694956141203,0.24240334857374846,0.24240334857374846,0.7894736842105263,26
edge_minus_core_resid_tangential,edge_core,19,1471,0.08869732271957087,-0.013245120365119045,0.1710607693172818,0.1710607693172818,0.631578947368421,26
resid_inward_fraction,radial,19,1471,0.006788345489503911,-0.03637428293151873,-0.1138434812783985,0.1138434812783985,0.5263157894736842,26
resid_tangential_fraction,tangential_swirl,19,1471,-0.0014815943887719757,-0.042284131794717114,-0.09087419818953316,0.09087419818953316,0.5789473684210527,26
radius_resid_speed_corr,edge_core,19,1471,-0.035529423958131384,-0.005039440091041923,-0.08814728700200622,0.08814728700200622,0.5789473684210527,26
resid_tangential_speed_mean,tangential_swirl,19,1471,0.03615546878860132,0.046131050482546954,-0.08161942542039159,0.08161942542039159,0.5789473684210527,26
resid_speed_rms,residual_intensity,19,1471,-0.06941390173557585,-0.022758505796237394,-0.07235374697573649,0.07235374697573649,0.5263157894736842,26
resid_radial_velocity_mean,radial,19,1471,0.0974835169908449,0.004043032721978035,0.06291755995870546,0.06291755995870546,0.631578947368421,26
radius_resid_tangential_corr,edge_core,19,1471,0.04547170471831574,-0.05569810184492871,0.022400368035962542,0.022400368035962542,0.5263157894736842,26
resid_velocity_cov_trace,residual_intensity,19,1471,-0.042682996833547926,-0.021817720506530858,-0.021369221688024798,0.021369221688024798,0.5263157894736842,26
edge_minus_core_resid_speed,edge_core,19,1471,-0.052835267459369506,-0.005736338330733615,0.01697333410330204,0.01697333410330204,0.5263157894736842,26
resid_radial_abs_mean,radial,19,1471,0.004298026178363126,-0.03510171705738585,-0.003982905864664807,0.003982905864664807,0.5263157894736842,26
resid_radial_abs_mean,radial,19,1471,0.0765302219654724,-0.09827775558274865,0.2333257103769087,0.2333257103769087,0.631578947368421,27
resid_inward_fraction,radial,19,1471,0.04802259920611804,-0.05369643776195221,0.17351270984435968,0.17351270984435968,0.6842105263157895,27
edge_minus_core_resid_tangential,edge_core,19,1471,-0.08711531277410867,0.019996453125600888,-0.13628196308854768,0.13628196308854768,0.5263157894736842,27
resid_polarization,residual_order,19,1471,-0.06888779089330205,-0.16653807052090852,0.11498963996040601,0.11498963996040601,0.631578947368421,27
resid_velocity_cov_trace,residual_intensity,19,1471,0.12097927234960315,0.0350607914541442,0.08127019272538263,0.08127019272538263,0.6842105263157895,27
resid_tangential_fraction,tangential_swirl,19,1471,0.0013081970822373529,0.02890812480040994,0.06571431094696129,0.06571431094696129,0.5789473684210527,27
edge_minus_core_resid_speed,edge_core,19,1471,-0.036600959958292656,-0.003992090540566151,0.06042333766706651,0.06042333766706651,0.5789473684210527,27
radius_resid_speed_corr,edge_core,19,1471,-0.02592796756209706,-0.05365316656193603,0.053849833459880855,0.053849833459880855,0.5263157894736842,27
resid_speed_rms,residual_intensity,19,1471,0.11863896654289952,0.035217108226617166,0.04833064183196156,0.04833064183196156,0.6842105263157895,27
resid_tangential_speed_mean,tangential_swirl,19,1471,-0.0006167516494397507,0.0849723408627982,-0.043829250573997836,0.043829250573997836,0.631578947368421,27
radius_resid_tangential_corr,edge_core,19,1471,0.07254954731495533,-0.02429700128233836,-0.02869677110556529,0.02869677110556529,0.5263157894736842,27
resid_radial_velocity_mean,radial,19,1471,0.04800298503316758,-0.03672394259031092,0.013952383604031282,0.013952383604031282,0.5263157894736842,27
resid_tangential_fraction,tangential_swirl,19,1470,0.05257680195615838,-0.051358128579926145,0.23594202013326054,0.23594202013326054,0.631578947368421,28
edge_minus_core_resid_tangential,edge_core,19,1470,-0.06938057569016465,0.09323097020089695,-0.19165099962946044,0.19165099962946044,0.6842105263157895,28
radius_resid_speed_corr,edge_core,19,1470,0.025757715991520744,-0.07511623518036072,0.1518059106376865,0.1518059106376865,0.631578947368421,28
resid_velocity_cov_trace,residual_intensity,19,1470,-0.05206417991766843,0.05028788732378764,-0.07008154156264709,0.07008154156264709,0.631578947368421,28
resid_speed_rms,residual_intensity,19,1470,-0.050701496540293295,0.053594328654156254,-0.06873254151481317,0.06873254151481317,0.631578947368421,28
resid_radial_velocity_mean,radial,19,1470,0.09106794562420306,-0.006840869254354814,0.053902906459946526,0.053902906459946526,0.5789473684210527,28
resid_inward_fraction,radial,19,1470,-0.007582670805134594,0.0019180913549027602,0.0411081406618741,0.0411081406618741,0.5263157894736842,28
resid_polarization,residual_order,19,1470,-0.030441531838809592,0.08206915017721816,-0.03725399762506121,0.03725399762506121,0.5263157894736842,28
radius_resid_tangential_corr,edge_core,19,1470,-0.03729955869973148,-0.0003842468069505528,-0.03024896359094409,0.03024896359094409,0.5789473684210527,28
resid_tangential_speed_mean,tangential_swirl,19,1470,-0.05617017832846266,0.033114368969880736,0.017910855568001538,0.017910855568001538,0.5263157894736842,28
resid_radial_abs_mean,radial,19,1470,-0.051823564934148886,-0.01921394910479851,0.014943886482968863,0.014943886482968863,0.5263157894736842,28
edge_minus_core_resid_speed,edge_core,19,1470,-0.001230657127617496,0.058976698018263614,0.006163618261639303,0.006163618261639303,0.5263157894736842,28
radius_resid_tangential_corr,edge_core,19,1471,-0.17671561758495719,0.06192319650271441,-0.24041905672684372,0.24041905672684372,0.7894736842105263,29
radius_resid_speed_corr,edge_core,19,1471,-0.03740570247435254,0.09141607409225846,-0.10578478652811873,0.10578478652811873,0.5789473684210527,29
resid_polarization,residual_order,19,1471,0.06275512439232286,-0.035854413324639456,0.0854944102331963,0.0854944102331963,0.631578947368421,29
resid_tangential_speed_mean,tangential_swirl,19,1471,-0.0917307899003906,0.06403559032666203,-0.08532201318078456,0.08532201318078456,0.631578947368421,29
edge_minus_core_resid_speed,edge_core,19,1471,0.06587688009344997,0.0452337751278617,0.06637365153712957,0.06637365153712957,0.631578947368421,29
resid_speed_rms,residual_intensity,19,1471,-0.043377956162018796,0.10449294375995336,0.054372893324892924,0.054372893324892924,0.5263157894736842,29
resid_radial_abs_mean,radial,19,1471,-0.08702079437890524,-0.0553518021950174,0.04403174794091308,0.04403174794091308,0.5263157894736842,29
resid_tangential_fraction,tangential_swirl,19,1471,0.053273454493630246,0.0384808754708863,-0.018955000382783,0.018955000382783,0.5263157894736842,29
resid_radial_velocity_mean,radial,19,1471,0.03644090711278214,0.012924902971816532,-0.01579938988146884,0.01579938988146884,0.5789473684210527,29
resid_inward_fraction,radial,19,1471,-0.023416714476880873,-0.003427754954976936,-0.014804476858016391,0.014804476858016391,0.5263157894736842,29
resid_velocity_cov_trace,residual_intensity,19,1471,-0.03554382299416495,0.10586135628170587,0.005545292097572707,0.005545292097572707,0.5263157894736842,29
edge_minus_core_resid_tangential,edge_core,19,1471,-0.01523274880269794,0.036681632617149115,0.002342832164556212,0.002342832164556212,0.5263157894736842,29
resid_velocity_cov_trace,residual_intensity,19,1470,0.1274512519803877,-0.049652812468537144,0.09633672768788942,0.09633672768788942,0.6842105263157895,30
resid_speed_rms,residual_intensity,19,1470,0.08710416981233648,-0.04964130768047392,0.08249201446613807,0.08249201446613807,0.6842105263157895,30
resid_polarization,residual_order,19,1470,0.024233305898139677,-0.03229245935200788,0.07916244756574975,0.07916244756574975,0.631578947368421,30
radius_resid_speed_corr,edge_core,19,1470,0.03137584376588104,0.007857278303783605,0.058895669837714826,0.058895669837714826,0.6842105263157895,30
radius_resid_tangential_corr,edge_core,19,1470,-0.15221235317495294,-0.026332342915420096,-0.043625881262357336,0.043625881262357336,0.6842105263157895,30
resid_tangential_fraction,tangential_swirl,19,1470,-0.023901022914364134,0.023045165557188083,-0.03803848298133697,0.03803848298133697,0.631578947368421,30
edge_minus_core_resid_speed,edge_core,19,1470,0.015903755863258026,-0.03579999310025789,0.036587036673695894,0.036587036673695894,0.5263157894736842,30
resid_radial_abs_mean,radial,19,1470,0.047631256747846004,-0.0068565410016862005,0.02743955713746221,0.02743955713746221,0.5263157894736842,30
resid_radial_velocity_mean,radial,19,1470,-0.022763920172407442,-0.002940500206592367,-0.021979107404645343,0.021979107404645343,0.5263157894736842,30
edge_minus_core_resid_tangential,edge_core,19,1470,-0.08924392078891218,-0.07042509731812158,0.020665722598668668,0.020665722598668668,0.5789473684210527,30
resid_tangential_speed_mean,tangential_swirl,19,1470,0.05030694457490792,0.09221160168259118,-0.019647608813623707,0.019647608813623707,0.5263157894736842,30
resid_inward_fraction,radial,19,1470,-0.01492899820674956,0.06169094497820399,-0.005947042601187426,0.005947042601187426,0.5263157894736842,30
radius_resid_tangential_corr,edge_core,19,1471,0.22638125168501577,-0.03323567095301794,0.33815325451882283,0.33815325451882283,0.7368421052631579,31
edge_minus_core_resid_tangential,edge_core,19,1471,0.05602374029384858,-0.16124018433446363,0.17156170256307962,0.17156170256307962,0.6842105263157895,31
resid_inward_fraction,radial,19,1471,0.0005759418748743084,-0.08323943181818205,0.15752305011492107,0.15752305011492107,0.6842105263157895,31
radius_resid_speed_corr,edge_core,19,1471,0.06806249533799505,-0.033896373973416605,0.1336322871504281,0.1336322871504281,0.7894736842105263,31
resid_polarization,residual_order,19,1471,0.09803461047361878,-0.0706185199069724,0.1302397999855135,0.1302397999855135,0.7894736842105263,31
edge_minus_core_resid_speed,edge_core,19,1471,-0.003119393539799113,-0.10119002969690816,0.11306245935274584,0.11306245935274584,0.631578947368421,31
resid_velocity_cov_trace,residual_intensity,19,1471,-0.09892185237410167,-0.026194221098487264,-0.08972217664831039,0.08972217664831039,0.5789473684210527,31
resid_speed_rms,residual_intensity,19,1471,-0.07000607830294703,-0.00476003597956845,-0.08695289341526576,0.08695289341526576,0.631578947368421,31
resid_tangential_fraction,tangential_swirl,19,1471,-0.08230912407645324,0.035320469259034315,-0.07844943838202319,0.07844943838202319,0.7368421052631579,31
resid_radial_velocity_mean,radial,19,1471,0.02662342227726472,0.04147940377299617,0.027023631436984885,0.027023631436984885,0.5789473684210527,31
resid_radial_abs_mean,radial,19,1471,-0.04892428850963218,-0.06252013494834466,-0.020508941190313962,0.020508941190313962,0.5263157894736842,31
resid_tangential_speed_mean,tangential_swirl,19,1471,0.05264079541574074,0.03390057033592439,0.013823382492486186,0.013823382492486186,0.5263157894736842,31
resid_polarization,residual_order,19,1471,-0.02851189019138132,0.12252780730201426,-0.20688823222932204,0.20688823222932204,0.6842105263157895,32
edge_minus_core_resid_speed,edge_core,19,1471,0.1536535243592308,0.00046674133746965954,0.20533448043501668,0.20533448043501668,0.631578947368421,32
resid_tangential_fraction,tangential_swirl,19,1471,-0.1283857201391838,0.008630037203147145,-0.16476377509138235,0.16476377509138235,0.5263157894736842,32
resid_radial_velocity_mean,radial,19,1471,-0.09491823261008697,0.013518399462518538,-0.1345097326198848,0.1345097326198848,0.631578947368421,32
resid_radial_abs_mean,radial,19,1471,0.05055316072602099,0.03488204047228614,0.09521843698699861,0.09521843698699861,0.5789473684210527,32
edge_minus_core_resid_tangential,edge_core,19,1471,0.11778332130171076,0.023159818363692797,0.08746305469506582,0.08746305469506582,0.5789473684210527,32
radius_resid_speed_corr,edge_core,19,1471,-0.007994164560801265,-0.017966357604754513,0.07073970500934541,0.07073970500934541,0.5789473684210527,32
resid_tangential_speed_mean,tangential_swirl,19,1471,-0.02230158810973326,-0.006840840207352334,0.055478733706223915,0.055478733706223915,0.5263157894736842,32
resid_speed_rms,residual_intensity,19,1471,-0.0499912342968063,0.1327204562446942,-0.022014513661488544,0.022014513661488544,0.5263157894736842,32
resid_velocity_cov_trace,residual_intensity,19,1471,-0.05672461353688096,0.16034893485902085,-0.018836840095392327,0.018836840095392327,0.5263157894736842,32
radius_resid_tangential_corr,edge_core,19,1471,-0.0289091000870035,-0.023930320620968535,-0.016132958927870103,0.016132958927870103,0.5789473684210527,32
resid_inward_fraction,radial,19,1471,-0.022664772085325142,0.03422609484148055,-0.015225703007923894,0.015225703007923894,0.5263157894736842,32
resid_radial_abs_mean,radial,19,1471,-0.11918658309679923,0.11086779846175115,-0.2112540406991312,0.2112540406991312,0.6842105263157895,33
resid_tangential_fraction,tangential_swirl,19,1471,0.03027869020003421,-0.0465375156757708,0.13748524177516558,0.13748524177516558,0.6842105263157895,33
resid_speed_rms,residual_intensity,19,1471,0.0383546192212888,0.08659303645140648,-0.12433162189694706,0.12433162189694706,0.631578947368421,33
resid_velocity_cov_trace,residual_intensity,19,1471,0.02103420529813199,0.09580500032168736,-0.12007141866345986,0.12007141866345986,0.631578947368421,33
resid_tangential_speed_mean,tangential_swirl,19,1471,0.008203626881544208,0.08753260293734758,-0.08508542620151124,0.08508542620151124,0.6842105263157895,33
resid_inward_fraction,radial,19,1471,0.03758804545454528,-0.0022953913892129196,0.062212245221295925,0.062212245221295925,0.5263157894736842,33
resid_polarization,residual_order,19,1471,-0.041221381249772315,0.043559318288678386,-0.04126261009543397,0.04126261009543397,0.5789473684210527,33
resid_radial_velocity_mean,radial,19,1471,0.015349684632776084,-0.04161398036442474,-0.037295237800872724,0.037295237800872724,0.5789473684210527,33
edge_minus_core_resid_tangential,edge_core,19,1471,-0.08242948494487758,0.04877936563257135,-0.025303609535446636,0.025303609535446636,0.5263157894736842,33
radius_resid_tangential_corr,edge_core,19,1471,0.0003191397593712286,0.04868270088652382,-0.02492047741340192,0.02492047741340192,0.5263157894736842,33
radius_resid_speed_corr,edge_core,19,1471,-0.062189873408379566,0.08707926853890036,-0.009308419466495424,0.009308419466495424,0.5263157894736842,33
edge_minus_core_resid_speed,edge_core,19,1471,0.11513522155296657,0.039642251812245316,0.007095930359262315,0.007095930359262315,0.5263157894736842,33
resid_polarization,residual_order,19,1471,-0.12985075626843545,0.06070544698327396,-0.24084802913092496,0.24084802913092496,1.0,34
resid_radial_velocity_mean,radial,19,1471,0.015014719196474235,-0.11165123910578824,0.09420356141613731,0.09420356141613731,0.6842105263157895,34
edge_minus_core_resid_speed,edge_core,19,1471,0.017566508614442186,0.021767028294545798,0.08434826429317666,0.08434826429317666,0.631578947368421,34
radius_resid_tangential_corr,edge_core,19,1471,0.023229162328815722,-0.0019187566731873815,0.05689514566004318,0.05689514566004318,0.5263157894736842,34
radius_resid_speed_corr,edge_core,19,1471,-0.01501908101404198,-0.01027605075614646,0.05495232833522665,0.05495232833522665,0.5263157894736842,34
edge_minus_core_resid_tangential,edge_core,19,1471,-0.004202624287088286,-0.059719828367041844,0.04328556350370333,0.04328556350370333,0.5789473684210527,34
resid_tangential_speed_mean,tangential_swirl,19,1471,0.055594070747963076,-0.017008413663375285,0.0412881763112201,0.0412881763112201,0.631578947368421,34
resid_inward_fraction,radial,19,1471,0.022029657493300242,-0.006744388482686103,0.04058903323740956,0.04058903323740956,0.5789473684210527,34
resid_velocity_cov_trace,residual_intensity,19,1471,-0.07918995592014699,-0.005022770381932828,-0.027749679355954293,0.027749679355954293,0.5789473684210527,34
resid_radial_abs_mean,radial,19,1471,-0.037843447854850804,0.08659598033497684,0.02368480127042033,0.02368480127042033,0.631578947368421,34
resid_tangential_fraction,tangential_swirl,19,1471,0.014065134199385765,0.060597138538595,-0.01820124834305016,0.01820124834305016,0.5263157894736842,34
resid_speed_rms,residual_intensity,19,1471,-0.06652541772103593,-0.014555625691642371,-0.005294953632216187,0.005294953632216187,0.5263157894736842,34
resid_polarization,residual_order,19,1471,-0.0580087908402106,0.018400775197607022,-0.18934783268888156,0.18934783268888156,0.5263157894736842,35
radius_resid_tangential_corr,edge_core,19,1471,-0.03517607008835094,0.05746682855957996,-0.18517289575572127,0.18517289575572127,0.631578947368421,35
resid_tangential_fraction,tangential_swirl,19,1471,-0.05846868413345872,0.11564890356269225,-0.18300466572437427,0.18300466572437427,0.6842105263157895,35
resid_radial_abs_mean,radial,19,1471,-0.03811284111889976,-0.14679160330456803,0.1790398386858309,0.1790398386858309,0.5263157894736842,35
resid_speed_rms,residual_intensity,19,1471,0.11426918587106694,-0.029988990213592692,0.15938315193972347,0.15938315193972347,0.7368421052631579,35
resid_velocity_cov_trace,residual_intensity,19,1471,0.12222948449545668,-0.026505408228737037,0.15663457367546507,0.15663457367546507,0.7368421052631579,35
edge_minus_core_resid_speed,edge_core,19,1471,-0.1185641061447241,0.01952347129540094,-0.13808757744012504,0.13808757744012504,0.631578947368421,35
resid_inward_fraction,radial,19,1471,-0.000967427469078963,-0.1176301795072652,0.09157685343255957,0.09157685343255957,0.631578947368421,35
edge_minus_core_resid_tangential,edge_core,19,1471,-0.031943893909122785,-0.009726727557471948,-0.07667500641793722,0.07667500641793722,0.631578947368421,35
radius_resid_speed_corr,edge_core,19,1471,-0.06505254782552056,0.050399113200124,-0.0728637969060357,0.0728637969060357,0.6842105263157895,35
resid_radial_velocity_mean,radial,19,1471,-0.025376756380835752,-0.09150618238193498,0.05568628802312428,0.05568628802312428,0.631578947368421,35
resid_tangential_speed_mean,tangential_swirl,19,1471,0.07078724382585588,0.008126317577699715,0.05552423110354368,0.05552423110354368,0.6842105263157895,35
resid_polarization,residual_order,19,1471,-0.17063314590691286,0.06744797318385447,-0.18181571928587226,0.18181571928587226,0.7368421052631579,36
resid_tangential_fraction,tangential_swirl,19,1471,-0.06575390191786779,-0.026804185663261107,-0.10811650404391104,0.10811650404391104,0.5263157894736842,36
resid_velocity_cov_trace,residual_intensity,19,1471,0.03877337946760806,-0.07613885391347885,0.10173197783640614,0.10173197783640614,0.631578947368421,36
radius_resid_tangential_corr,edge_core,19,1471,-0.13580415373253993,-0.11589834548020728,-0.08813672736968725,0.08813672736968725,0.5789473684210527,36
edge_minus_core_resid_tangential,edge_core,19,1471,-0.10777626483787016,-0.026262256515325322,-0.07485557135637538,0.07485557135637538,0.5789473684210527,36
edge_minus_core_resid_speed,edge_core,19,1471,0.0016787785176063386,0.05425592824752604,-0.07407579903673822,0.07407579903673822,0.5789473684210527,36
resid_radial_abs_mean,radial,19,1471,0.00850641171647637,0.006198208063336458,0.06308451877886223,0.06308451877886223,0.5789473684210527,36
resid_speed_rms,residual_intensity,19,1471,0.042125407712753304,-0.06177796335419988,0.04029553022181942,0.04029553022181942,0.5789473684210527,36
resid_radial_velocity_mean,radial,19,1471,-0.0417826158610926,0.01121482409993646,-0.036898937873249105,0.036898937873249105,0.5789473684210527,36
radius_resid_speed_corr,edge_core,19,1471,-0.04280364660647251,-0.03847879088244255,-0.026194209858284634,0.026194209858284634,0.5263157894736842,36
resid_tangential_speed_mean,tangential_swirl,19,1471,-0.003128308231307955,0.03842466194431286,-0.005502754417196609,0.005502754417196609,0.5263157894736842,36
resid_inward_fraction,radial,19,1471,-0.01057651675104293,-0.07598793013764377,-0.0016495672561183672,0.0016495672561183672,0.5263157894736842,36
resid_radial_abs_mean,radial,19,1470,-0.11297355756428859,0.09980090180165968,-0.15206321141324877,0.15206321141324877,0.5789473684210527,37
resid_inward_fraction,radial,19,1471,0.010340166156320526,-0.14825803577041602,0.12537335290501844,0.12537335290501844,0.6842105263157895,37
radius_resid_tangential_corr,edge_core,19,1470,-0.00919078159927711,0.012656489905932156,-0.12120623028411703,0.12120623028411703,0.6842105263157895,37
resid_velocity_cov_trace,residual_intensity,19,1471,0.02136401676011876,-0.06895336859116735,0.09815228974274659,0.09815228974274659,0.6842105263157895,37
resid_speed_rms,residual_intensity,19,1471,0.007182850913843103,-0.08998589016432833,0.09024876444738159,0.09024876444738159,0.6842105263157895,37
resid_polarization,residual_order,19,1470,-0.10286856662158667,0.047662009522422916,-0.09002239965319925,0.09002239965319925,0.6842105263157895,37
edge_minus_core_resid_speed,edge_core,19,1471,0.023335133199296334,-0.11590893169694105,0.08840208673993044,0.08840208673993044,0.5789473684210527,37
resid_radial_velocity_mean,radial,19,1470,0.05155849175812527,0.0036698686077688836,-0.06940700796232835,0.06940700796232835,0.5789473684210527,37
resid_tangential_fraction,tangential_swirl,19,1470,-0.02537488123117627,-0.08658243458284191,0.06457246184980346,0.06457246184980346,0.5263157894736842,37
resid_tangential_speed_mean,tangential_swirl,19,1471,-0.03989399929500537,0.005653321220778565,0.06147345003970456,0.06147345003970456,0.631578947368421,37
edge_minus_core_resid_tangential,edge_core,19,1471,0.12785743765069052,0.019246704901848363,0.009849630242601493,0.009849630242601493,0.5789473684210527,37
radius_resid_speed_corr,edge_core,19,1470,-0.04859314006383209,-0.06550997395804081,0.004764045656998062,0.004764045656998062,0.5789473684210527,37
resid_radial_abs_mean,radial,19,1471,-0.028409744009058185,-0.11539148723081327,0.10905571170978723,0.10905571170978723,0.5789473684210527,38
resid_tangential_fraction,tangential_swirl,19,1471,-0.13730716745212793,-0.026037570033096175,-0.10774925632347077,0.10774925632347077,0.631578947368421,38
resid_radial_velocity_mean,radial,19,1471,-0.18390306449997887,0.06090078550290513,-0.10325369702502812,0.10325369702502812,0.5263157894736842,38
edge_minus_core_resid_tangential,edge_core,19,1471,-0.001441620116187342,0.00611521269582338,-0.09702866704030277,0.09702866704030277,0.5263157894736842,38
radius_resid_tangential_corr,edge_core,19,1471,-0.053627239497477164,-0.009092283430436554,0.06571212095689001,0.06571212095689001,0.5263157894736842,38
resid_polarization,residual_order,19,1471,-0.02828342578646517,0.02688875519607542,0.05639608617989711,0.05639608617989711,0.5789473684210527,38
resid_speed_rms,residual_intensity,19,1471,0.05470333623112979,-0.012728643732930311,0.05637385279206816,0.05637385279206816,0.5263157894736842,38
resid_inward_fraction,radial,19,1471,-0.005203842372095202,-0.1858365801807489,-0.054318950140124306,0.054318950140124306,0.5263157894736842,38
edge_minus_core_resid_speed,edge_core,19,1471,-0.08334856658447226,-0.13230569552726534,0.04873801292094174,0.04873801292094174,0.5263157894736842,38
radius_resid_speed_corr,edge_core,19,1471,-0.03871236398584667,-0.01337305112651066,0.010146282580135224,0.010146282580135224,0.5263157894736842,38
resid_tangential_speed_mean,tangential_swirl,19,1471,-0.06480080275389033,0.02178976327295548,0.00532752103138498,0.00532752103138498,0.5263157894736842,38
resid_velocity_cov_trace,residual_intensity,19,1471,0.057978886479895804,-0.03992457096839741,0.004677177588454706,0.004677177588454706,0.5789473684210527,38
edge_minus_core_resid_speed,edge_core,19,1471,-0.007110205313078932,-0.028460655169017506,0.12103399235639595,0.12103399235639595,0.5789473684210527,39
radius_resid_speed_corr,edge_core,19,1471,-0.1010753904194972,0.07832533097035431,-0.09256346346983807,0.09256346346983807,0.5263157894736842,39
radius_resid_tangential_corr,edge_core,19,1471,0.05807984422344603,0.011106590641242975,-0.08883488472099105,0.08883488472099105,0.5789473684210527,39
resid_radial_abs_mean,radial,19,1471,0.0451886909617486,0.09181470234868261,-0.083226122349712,0.083226122349712,0.631578947368421,39
resid_tangential_fraction,tangential_swirl,19,1471,0.047965864504643074,0.004549002731506269,0.0700076372902197,0.0700076372902197,0.631578947368421,39
resid_inward_fraction,radial,19,1471,0.058963308156356684,2.4654432399962012e-05,0.06873085391945034,0.06873085391945034,0.5789473684210527,39
resid_tangential_speed_mean,tangential_swirl,19,1471,-0.06968818467935986,0.04769386949947613,-0.04115556174318924,0.04115556174318924,0.5263157894736842,39
resid_radial_velocity_mean,radial,19,1471,0.07937983879520294,0.01736816463304333,-0.03911136154631531,0.03911136154631531,0.5263157894736842,39
resid_velocity_cov_trace,residual_intensity,19,1471,0.04555840505615555,0.00535269602704061,-0.03521545947485394,0.03521545947485394,0.5263157894736842,39
resid_polarization,residual_order,19,1471,-0.009688005063647892,-0.032308891069419976,-0.02350130128414274,0.02350130128414274,0.5263157894736842,39
edge_minus_core_resid_tangential,edge_core,19,1471,0.03376907186158287,-0.051223711709452814,0.01810554290646503,0.01810554290646503,0.5789473684210527,39
resid_speed_rms,residual_intensity,19,1471,0.06359345466683639,0.0030140410994683453,-0.005996369735406237,0.005996369735406237,0.5789473684210527,39
resid_radial_abs_mean,radial,19,1471,0.08905021404520796,-0.07175391085694496,0.20904457710622676,0.20904457710622676,0.6842105263157895,40
edge_minus_core_resid_tangential,edge_core,19,1471,0.13529893329699255,-0.0397046512448925,0.16976884057560238,0.16976884057560238,0.5789473684210527,40
resid_polarization,residual_order,19,1471,0.083944394542451,-0.029470541999709943,0.15208799552182012,0.15208799552182012,0.5789473684210527,40
resid_inward_fraction,radial,19,1471,-0.0042256865336808,-0.057603631555383394,0.1431179661375473,0.1431179661375473,0.6842105263157895,40
radius_resid_speed_corr,edge_core,19,1471,0.04383015287986347,-0.07518128121789303,0.13503156643335917,0.13503156643335917,0.5789473684210527,40
resid_tangential_fraction,tangential_swirl,19,1471,-0.09150951797592116,0.06631171755002002,-0.09298849436776946,0.09298849436776946,0.6842105263157895,40
resid_tangential_speed_mean,tangential_swirl,19,1471,0.11095509436415468,0.08804427249356886,-0.08070920528634629,0.08070920528634629,0.5263157894736842,40
edge_minus_core_resid_speed,edge_core,19,1471,0.011555255651340163,-0.03559257285716666,0.06584189730573892,0.06584189730573892,0.631578947368421,40
resid_speed_rms,residual_intensity,19,1471,0.012816765147661738,0.05359440023571653,0.061338040591729634,0.061338040591729634,0.5263157894736842,40
resid_velocity_cov_trace,residual_intensity,19,1471,0.020443459148573484,0.0591501868263031,0.04448508416508094,0.04448508416508094,0.5263157894736842,40
radius_resid_tangential_corr,edge_core,19,1471,0.09169107392676185,0.010673500665151742,0.026504622338936967,0.026504622338936967,0.631578947368421,40
resid_radial_velocity_mean,radial,19,1471,-0.0731630323116808,-0.014552252941934185,0.024521905336842065,0.024521905336842065,0.5263157894736842,40
edge_minus_core_resid_speed,edge_core,19,1470,-0.019573292250124844,0.11856721565266706,-0.162820473159415,0.162820473159415,0.5789473684210527,41
resid_speed_rms,residual_intensity,19,1470,-0.0578461688169003,0.1327204562446942,-0.15540539651860003,0.15540539651860003,0.631578947368421,41
resid_velocity_cov_trace,residual_intensity,19,1470,-0.0563003297294038,0.11891568339056763,-0.10972285752862809,0.10972285752862809,0.5789473684210527,41
radius_resid_speed_corr,edge_core,19,1470,0.08720105264484845,0.03706672318483449,0.1091990115447972,0.1091990115447972,0.6842105263157895,41
resid_radial_velocity_mean,radial,19,1470,0.050113917990317114,-0.10632590284809806,0.1077527992145591,0.1077527992145591,0.6842105263157895,41
resid_tangential_fraction,tangential_swirl,19,1470,0.020448129702352685,-0.03675185151973985,0.09005079583467024,0.09005079583467024,0.5263157894736842,41
resid_polarization,residual_order,19,1470,0.0036287093229036005,0.04983657368412213,0.08318226312456134,0.08318226312456134,0.5789473684210527,41
resid_tangential_speed_mean,tangential_swirl,19,1470,-0.06216285864076323,-0.04062658020910803,-0.07852675338079249,0.07852675338079249,0.5263157894736842,41
edge_minus_core_resid_tangential,edge_core,19,1470,0.016416103504279217,0.045454555240666716,-0.07270456449179177,0.07270456449179177,0.631578947368421,41
radius_resid_tangential_corr,edge_core,19,1470,0.10961556072245193,0.05730494881286413,0.04871758816589883,0.04871758816589883,0.5789473684210527,41
resid_inward_fraction,radial,19,1470,-0.0761631639051853,-0.1157909411679269,0.029212011678939498,0.029212011678939498,0.5263157894736842,41
resid_radial_abs_mean,radial,19,1470,-0.06178087107900257,0.03376712573987986,-0.028737001333877604,0.028737001333877604,0.5789473684210527,41
resid_velocity_cov_trace,residual_intensity,19,1471,0.05410541798335097,-0.014352450201460375,0.18138806619025127,0.18138806619025127,0.5789473684210527,42
edge_minus_core_resid_tangential,edge_core,19,1471,-0.0055710800670330796,-0.08481429470863933,0.1490834689574523,0.1490834689574523,0.5789473684210527,42
resid_speed_rms,residual_intensity,19,1471,0.03006499272450934,-0.005609718664914824,0.1168153387653293,0.1168153387653293,0.5789473684210527,42
resid_tangential_speed_mean,tangential_swirl,19,1471,0.04723157071104733,-0.0012171054432035255,0.09023156999264581,0.09023156999264581,0.631578947368421,42
resid_inward_fraction,radial,19,1471,0.00472127817693907,0.08399994852833315,-0.08791264305362118,0.08791264305362118,0.631578947368421,42
resid_tangential_fraction,tangential_swirl,19,1471,0.15799660575430097,0.0020549437402495874,0.08000589488083407,0.08000589488083407,0.5789473684210527,42
resid_radial_velocity_mean,radial,19,1471,-0.016207219934124925,-0.13181691942111157,0.07689756852836932,0.07689756852836932,0.5789473684210527,42
edge_minus_core_resid_speed,edge_core,19,1471,0.01597950737954662,-0.02914255872470918,0.07439523799433856,0.07439523799433856,0.5263157894736842,42
radius_resid_speed_corr,edge_core,19,1471,-0.0658057709206568,0.05350607252780876,-0.07025378008640884,0.07025378008640884,0.7368421052631579,42
resid_polarization,residual_order,19,1471,0.10176145226888753,0.001009710295543087,-0.025882558002711276,0.025882558002711276,0.5263157894736842,42
radius_resid_tangential_corr,edge_core,19,1471,-0.003061030967383138,0.02319078298923155,-0.025717334272463505,0.025717334272463505,0.5789473684210527,42
resid_radial_abs_mean,radial,19,1471,-0.07045589713505579,-0.053602805673889864,-0.003753074524949107,0.003753074524949107,0.5263157894736842,42
radius_resid_tangential_corr,edge_core,19,1471,-0.06680054970734796,0.13850902046494828,-0.1731670009242311,0.1731670009242311,0.8421052631578947,43
edge_minus_core_resid_tangential,edge_core,19,1471,-0.01421700154791683,0.05812203724698112,-0.15250996255833807,0.15250996255833807,0.631578947368421,43
radius_resid_speed_corr,edge_core,19,1471,-0.05204593731372646,0.06373318092975794,-0.1464986441741864,0.1464986441741864,0.631578947368421,43
resid_radial_abs_mean,radial,19,1471,0.10022185554004437,-0.0339076638473462,0.09148285437018877,0.09148285437018877,0.631578947368421,43
resid_radial_velocity_mean,radial,19,1471,0.03715250449538145,-0.09729404045393673,0.0634733935118385,0.0634733935118385,0.5789473684210527,43
edge_minus_core_resid_speed,edge_core,19,1471,0.0008128602752170422,0.02112687343856147,-0.047131073493189235,0.047131073493189235,0.5263157894736842,43
resid_velocity_cov_trace,residual_intensity,19,1471,0.06405830099244492,-0.0065589736202005255,0.03831766724266686,0.03831766724266686,0.5263157894736842,43
resid_speed_rms,residual_intensity,19,1471,0.070123095302142,0.014270527287462892,0.030084498161621592,0.030084498161621592,0.5263157894736842,43
resid_inward_fraction,radial,19,1471,-0.08819470738636381,0.12828543054139768,-0.01637881894424148,0.01637881894424148,0.5263157894736842,43
resid_tangential_fraction,tangential_swirl,19,1471,-0.11817781969711671,-0.033209508426263745,0.010211551571809113,0.010211551571809113,0.5263157894736842,43
resid_polarization,residual_order,19,1471,-0.04016291840480821,-0.11419554892558534,0.01001457466229319,0.01001457466229319,0.5263157894736842,43
resid_tangential_speed_mean,tangential_swirl,19,1471,0.05080977739812215,0.07307116068591796,-0.005291698572940484,0.005291698572940484,0.5789473684210527,43
edge_minus_core_resid_tangential,edge_core,19,1471,-0.06935121621165435,-0.019950562863462945,-0.16941500857794428,0.16941500857794428,0.6842105263157895,44
radius_resid_speed_corr,edge_core,19,1471,0.042137249805281905,0.07017650306095446,-0.10809204370249123,0.10809204370249123,0.631578947368421,44
resid_velocity_cov_trace,residual_intensity,19,1471,-0.03905301840014077,-0.05885353815455688,-0.09818498308953497,0.09818498308953497,0.5789473684210527,44
resid_tangential_fraction,tangential_swirl,19,1471,0.05400629196148389,0.10791429830885602,-0.09288941998947939,0.09288941998947939,0.631578947368421,44
resid_speed_rms,residual_intensity,19,1471,-0.04035608321042516,-0.058809534912722644,-0.0900746212547747,0.0900746212547747,0.5789473684210527,44
resid_radial_abs_mean,radial,19,1471,-0.015541876323848014,0.0122419462469458,-0.05281482143655453,0.05281482143655453,0.5789473684210527,44
radius_resid_tangential_corr,edge_core,19,1471,-0.05623754385319044,-0.041948459112259084,-0.0441108629587717,0.0441108629587717,0.5263157894736842,44
resid_inward_fraction,radial,19,1471,0.0583405202030739,0.10161536774262792,-0.035700219258885835,0.035700219258885835,0.5789473684210527,44
resid_polarization,residual_order,19,1471,0.059594486607997946,-0.028281378218369967,0.023241049897869435,0.023241049897869435,0.5263157894736842,44
edge_minus_core_resid_speed,edge_core,19,1471,0.03487281826319466,0.03929033552494386,-0.020874976841479542,0.020874976841479542,0.5263157894736842,44
resid_radial_velocity_mean,radial,19,1471,0.010141189839999794,-0.028566644048504092,0.019249505016951635,0.019249505016951635,0.5789473684210527,44
resid_tangential_speed_mean,tangential_swirl,19,1471,0.0019617695530473322,0.015235681235762702,-0.007097983579051226,0.007097983579051226,0.5263157894736842,44
edge_minus_core_resid_speed,edge_core,19,1471,0.10581510105062021,-0.009132648713027991,0.09406379935227305,0.09406379935227305,0.631578947368421,45
resid_speed_rms,residual_intensity,19,1471,-0.006750198415421266,0.1480271914507966,-0.09351876866867609,0.09351876866867609,0.5789473684210527,45
resid_velocity_cov_trace,residual_intensity,19,1471,-0.010957179470536371,0.14749931339702416,-0.08864223898311765,0.08864223898311765,0.5789473684210527,45
radius_resid_speed_corr,edge_core,19,1471,0.022001402839350828,-0.03390969364979032,0.08527837058084414,0.08527837058084414,0.5263157894736842,45
resid_inward_fraction,radial,19,1471,-0.007331291939163265,0.07032824067274562,-0.07328974191989845,0.07328974191989845,0.631578947368421,45
resid_radial_abs_mean,radial,19,1471,-0.03394939617169148,-0.02447425827890659,0.06181009058418968,0.06181009058418968,0.5263157894736842,45
resid_tangential_fraction,tangential_swirl,19,1471,0.09673210327345194,0.08736147209372552,-0.04642532002315167,0.04642532002315167,0.631578947368421,45
resid_polarization,residual_order,19,1471,-0.07619478002708613,-0.024860070162525783,-0.04254750335907226,0.04254750335907226,0.5263157894736842,45
resid_tangential_speed_mean,tangential_swirl,19,1471,0.07458990937915633,0.023160388566432766,0.04017198249078731,0.04017198249078731,0.6842105263157895,45
edge_minus_core_resid_tangential,edge_core,19,1471,0.04184506993183191,-0.04483064888603211,0.02735011684509192,0.02735011684509192,0.5263157894736842,45
resid_radial_velocity_mean,radial,19,1471,-0.08202369598410347,-0.11885370345853416,0.019290136708955116,0.019290136708955116,0.5789473684210527,45
radius_resid_tangential_corr,edge_core,19,1471,0.05415993543794673,0.06909104834782903,-0.01345548806647287,0.01345548806647287,0.5263157894736842,45
resid_inward_fraction,radial,19,1471,0.015022954545454686,0.17962868861410547,-0.24805843776280767,0.24805843776280767,0.631578947368421,46
edge_minus_core_resid_speed,edge_core,19,1471,0.13157483381733046,-0.010372375714449544,0.1481142260874489,0.1481142260874489,0.631578947368421,46
radius_resid_tangential_corr,edge_core,19,1471,0.09854055036792171,0.01614990525541804,0.1399398010592,0.1399398010592,0.5263157894736842,46
edge_minus_core_resid_tangential,edge_core,19,1471,0.12500323625096482,0.04068358164076934,0.11488572675625691,0.11488572675625691,0.5789473684210527,46
resid_radial_velocity_mean,radial,19,1471,-0.08086031201792537,-0.07204553762341148,0.11345710332733015,0.11345710332733015,0.5789473684210527,46
radius_resid_speed_corr,edge_core,19,1471,0.05630713922169282,0.07940832846426438,0.08160984669413797,0.08160984669413797,0.5263157894736842,46
resid_speed_rms,residual_intensity,19,1471,0.032447838640241936,-0.035193140991841745,-0.04857536598616033,0.04857536598616033,0.5263157894736842,46
resid_polarization,residual_order,19,1471,-0.07171287286462835,-0.027773010404612483,-0.04596604695926121,0.04596604695926121,0.5263157894736842,46
resid_tangential_fraction,tangential_swirl,19,1471,0.09604036271798921,0.10665101744353477,-0.043188988083267044,0.043188988083267044,0.5789473684210527,46
resid_velocity_cov_trace,residual_intensity,19,1471,0.024851171696377093,-0.018641020906537353,-0.039378575127762355,0.039378575127762355,0.5263157894736842,46
resid_radial_abs_mean,radial,19,1471,-0.12099525975831849,-0.09266946266518233,-0.035149998406509744,0.035149998406509744,0.5789473684210527,46
resid_tangential_speed_mean,tangential_swirl,19,1471,0.10298818449742891,-0.027122648855333387,0.016793602264182972,0.016793602264182972,0.631578947368421,46
radius_resid_speed_corr,edge_core,19,1471,0.03208012440128993,-0.13239572196100402,0.1534218153668139,0.1534218153668139,0.7368421052631579,47
resid_speed_rms,residual_intensity,19,1471,0.11814741915887023,0.014130000695587355,0.14776745463086555,0.14776745463086555,0.7368421052631579,47
resid_velocity_cov_trace,residual_intensity,19,1471,0.10693202658810438,0.007924166078481454,0.13817283437159847,0.13817283437159847,0.7368421052631579,47
resid_tangential_speed_mean,tangential_swirl,19,1471,0.16854855289949594,0.004621514157964968,0.10420443063439998,0.10420443063439998,0.5263157894736842,47
resid_polarization,residual_order,19,1471,-0.0474443883267881,0.12165828861349048,-0.09672031313411619,0.09672031313411619,0.631578947368421,47
edge_minus_core_resid_tangential,edge_core,19,1471,-0.06878322191455286,0.09101462179479514,-0.08085158996547209,0.08085158996547209,0.6842105263157895,47
resid_tangential_fraction,tangential_swirl,19,1471,0.01865981751902096,0.10784967026469912,-0.04767317118855302,0.04767317118855302,0.631578947368421,47
resid_radial_velocity_mean,radial,19,1471,-0.02039871018991716,0.022094215287680803,-0.036118729100106745,0.036118729100106745,0.5263157894736842,47
edge_minus_core_resid_speed,edge_core,19,1471,-0.02416187230821238,-0.07419734513799892,-0.02323344280719758,0.02323344280719758,0.5263157894736842,47
resid_radial_abs_mean,radial,19,1471,-0.11641810363661714,0.0002710717707360699,0.01907542338122316,0.01907542338122316,0.5789473684210527,47
radius_resid_tangential_corr,edge_core,19,1471,0.018510583935760966,-0.026111450950932428,-0.009537969870310775,0.009537969870310775,0.5263157894736842,47
resid_inward_fraction,radial,19,1471,0.012973792139750057,-0.001895401672793895,0.004343810932064762,0.004343810932064762,0.5263157894736842,47
resid_inward_fraction,radial,19,1470,0.005284860795454482,0.039226781242090114,0.10420849004659577,0.10420849004659577,0.5263157894736842,48
radius_resid_speed_corr,edge_core,19,1469,0.050482643699158086,-0.0653205025970687,0.07346114660743353,0.07346114660743353,0.5263157894736842,48
radius_resid_tangential_corr,edge_core,19,1469,0.04508750921369126,-0.0085392338376151,0.06737609787389293,0.06737609787389293,0.5789473684210527,48
edge_minus_core_resid_speed,edge_core,19,1470,0.013864745082619201,0.037558142983151716,-0.05171871966485936,0.05171871966485936,0.631578947368421,48
edge_minus_core_resid_tangential,edge_core,19,1470,0.007134832930309264,-0.0340135815897436,0.04926821932146086,0.04926821932146086,0.5263157894736842,48
resid_radial_abs_mean,radial,19,1469,-0.03861762929747031,-0.0006847871729430896,-0.04367997259455375,0.04367997259455375,0.5263157894736842,48
resid_speed_rms,residual_intensity,19,1470,0.11954774128449847,0.07749309581840867,0.030388616375232103,0.030388616375232103,0.5789473684210527,48
resid_tangential_fraction,tangential_swirl,19,1469,0.06313372018601204,0.04186752483745264,0.024290581630472097,0.024290581630472097,0.5263157894736842,48
resid_velocity_cov_trace,residual_intensity,19,1470,0.12821847891585453,0.08547036867230551,0.022594751599327,0.022594751599327,0.5789473684210527,48
resid_tangential_speed_mean,tangential_swirl,19,1470,0.003282788300667777,0.025232644545272073,0.014736223350003186,0.014736223350003186,0.5263157894736842,48
resid_radial_velocity_mean,radial,19,1469,-0.03633405966512615,-0.07658941583484255,0.00475565696564418,0.00475565696564418,0.5263157894736842,48
resid_polarization,residual_order,19,1469,-0.024142974507954496,0.026180458923114047,0.004681595261141758,0.004681595261141758,0.5263157894736842,48
resid_tangential_speed_mean,tangential_swirl,19,1470,0.11850604492876643,-0.0714202630884403,0.11713362639050251,0.11713362639050251,0.5263157894736842,49
resid_polarization,residual_order,19,1470,0.07731840021822989,-0.059491447333405056,0.11315529384564649,0.11315529384564649,0.5263157894736842,49
resid_speed_rms,residual_intensity,19,1470,0.02556671862312898,-0.0648091281496579,0.11061662984576909,0.11061662984576909,0.631578947368421,49
edge_minus_core_resid_speed,edge_core,19,1470,0.03888692138532478,0.09869215679065385,-0.0991568165091643,0.0991568165091643,0.5789473684210527,49
resid_velocity_cov_trace,residual_intensity,19,1470,0.02891272902214015,-0.06870565859503606,0.08651794441593663,0.08651794441593663,0.631578947368421,49
radius_resid_speed_corr,edge_core,19,1470,0.059625445128949406,0.08598042909346099,0.07276522243020911,0.07276522243020911,0.5789473684210527,49
radius_resid_tangential_corr,edge_core,19,1470,0.0032740968570438983,-0.031217637220439243,-0.05468711705566304,0.05468711705566304,0.5263157894736842,49
edge_minus_core_resid_tangential,edge_core,19,1470,0.022327708394449725,-0.008360999007041181,-0.04635030161110709,0.04635030161110709,0.5263157894736842,49
resid_radial_velocity_mean,radial,19,1470,-0.06915804750018606,0.010630726238897215,-0.027360896070759665,0.027360896070759665,0.5263157894736842,49
resid_tangential_fraction,tangential_swirl,19,1470,-0.058226298045905484,-0.058198572707840346,-0.02535963495012658,0.02535963495012658,0.5789473684210527,49
resid_inward_fraction,radial,19,1470,-0.0356488579545457,-0.015515561173063908,-0.019785811945552373,0.019785811945552373,0.5263157894736842,49
resid_radial_abs_mean,radial,19,1470,0.0002255339025874492,0.05314142880913775,0.0010602826336204574,0.0010602826336204574,0.5263157894736842,49
resid_tangential_speed_mean,tangential_swirl,19,1471,0.02319359751672456,-0.0826557683936433,0.13321277131153347,0.13321277131153347,0.631578947368421,50
resid_radial_velocity_mean,radial,19,1471,0.04296085138222246,-0.09511994728585073,0.12595517161103958,0.12595517161103958,0.5789473684210527,50
resid_inward_fraction,radial,19,1471,0.03689353171579221,-0.11688840606874679,0.12499947202797237,0.12499947202797237,0.6842105263157895,50
resid_speed_rms,residual_intensity,19,1471,0.009005622117337332,0.012583965535834823,-0.12293816728471099,0.12293816728471099,0.5789473684210527,50
resid_velocity_cov_trace,residual_intensity,19,1471,0.01831045190608456,0.013645740087976165,-0.10945719284006249,0.10945719284006249,0.5789473684210527,50
radius_resid_speed_corr,edge_core,19,1471,0.03742316354989142,-0.046912378381935224,0.09211762556783866,0.09211762556783866,0.631578947368421,50
edge_minus_core_resid_speed,edge_core,19,1471,-0.002972459492662699,-0.029211393322137735,-0.07051080147079782,0.07051080147079782,0.5789473684210527,50
resid_tangential_fraction,tangential_swirl,19,1471,-0.005122067063538516,-0.07287495220848947,0.062391788885558686,0.062391788885558686,0.6842105263157895,50
resid_polarization,residual_order,19,1471,0.04641281904276501,-0.07970952009966428,0.059422230177312546,0.059422230177312546,0.631578947368421,50
resid_radial_abs_mean,radial,19,1471,0.03238606119244325,-0.0027544166834706507,0.0351404778759139,0.0351404778759139,0.5789473684210527,50
edge_minus_core_resid_tangential,edge_core,19,1471,-0.10523251421205158,-0.08551727240991132,-0.03509065330366601,0.03509065330366601,0.5263157894736842,50
radius_resid_tangential_corr,edge_core,19,1471,-0.12646595976897435,-0.10859162662507338,0.005244512867041251,0.005244512867041251,0.5789473684210527,50
resid_radial_abs_mean,radial,19,1470,0.07995607016687518,-0.006406234692754809,0.21673425194454438,0.21673425194454438,0.631578947368421,51
resid_radial_velocity_mean,radial,19,1470,-0.12545830005546676,0.006903894912684283,-0.20539233275528102,0.20539233275528102,0.6842105263157895,51
radius_resid_speed_corr,edge_core,19,1470,0.07130800958219222,-0.019835710747027044,0.16668176030424925,0.16668176030424925,0.631578947368421,51
resid_inward_fraction,radial,19,1470,0.028436306818181767,-0.06125264677882716,0.13058605124618083,0.13058605124618083,0.6842105263157895,51
edge_minus_core_resid_tangential,edge_core,19,1470,-0.039809218341055164,0.0028341099714918674,0.09364221995276259,0.09364221995276259,0.5789473684210527,51
radius_resid_tangential_corr,edge_core,19,1470,0.039040618682760264,0.0006543148918066177,0.07904153900806787,0.07904153900806787,0.5789473684210527,51
resid_tangential_fraction,tangential_swirl,19,1470,0.019096825372654933,-0.04896955418638377,0.03976591090623305,0.03976591090623305,0.5263157894736842,51
edge_minus_core_resid_speed,edge_core,19,1470,0.01665219083608771,0.04415588579603952,-0.03072985576990897,0.03072985576990897,0.5263157894736842,51
resid_polarization,residual_order,19,1470,-0.016849535301776908,0.0034867374671440077,-0.028822827593216513,0.028822827593216513,0.5789473684210527,51
resid_velocity_cov_trace,residual_intensity,19,1470,-0.013670036416915297,-0.08736617354139486,0.026055294284596103,0.026055294284596103,0.5263157894736842,51
resid_speed_rms,residual_intensity,19,1470,-0.016078070806941215,0.04907197580736776,0.015604434227407427,0.015604434227407427,0.5263157894736842,51
resid_tangential_speed_mean,tangential_swirl,19,1470,0.04541452697842241,0.1033155498382568,0.004641768333359664,0.004641768333359664,0.5263157894736842,51
resid_velocity_cov_trace,residual_intensity,19,1470,0.04675508252266547,-0.1549188603820904,0.2383616685541084,0.2383616685541084,0.6842105263157895,52
radius_resid_speed_corr,edge_core,19,1470,-0.12477623445745589,0.0857631804254575,-0.2237469018637529,0.2237469018637529,0.6842105263157895,52
resid_speed_rms,residual_intensity,19,1470,-0.007217022045182264,-0.1493020499919646,0.19691311914262224,0.19691311914262224,0.6842105263157895,52
edge_minus_core_resid_tangential,edge_core,19,1470,0.010989383591574621,-0.04140977920379543,0.11230032919406374,0.11230032919406374,0.631578947368421,52
resid_inward_fraction,radial,19,1470,-0.035322319945084314,0.0666735191596579,-0.10153328375561649,0.10153328375561649,0.7894736842105263,52
edge_minus_core_resid_speed,edge_core,19,1470,-0.013769632536345403,-0.058247235455639035,-0.10120769090121007,0.10120769090121007,0.7368421052631579,52
resid_radial_velocity_mean,radial,19,1470,-0.03346997309597832,-0.0380841401968558,-0.07588199952772273,0.07588199952772273,0.5789473684210527,52
resid_polarization,residual_order,19,1470,0.014348707372986214,0.0660205059430995,-0.055255882367249876,0.055255882367249876,0.5263157894736842,52
resid_tangential_speed_mean,tangential_swirl,19,1470,0.057601392611531466,-0.06807086820513086,0.050832317330885,0.050832317330885,0.5263157894736842,52
radius_resid_tangential_corr,edge_core,19,1470,0.027978737815070834,-0.03029624940252662,0.024301218683370318,0.024301218683370318,0.5263157894736842,52
resid_tangential_fraction,tangential_swirl,19,1470,-0.002401131651603605,0.10770576323022518,0.020205691184257746,0.020205691184257746,0.5263157894736842,52
resid_radial_abs_mean,radial,19,1470,0.0579263384805459,0.016381377182041176,0.013641832624069206,0.013641832624069206,0.5263157894736842,52
resid_tangential_fraction,tangential_swirl,19,1471,-0.1479163496258904,-0.025526477982662554,-0.2071386351658211,0.2071386351658211,0.6842105263157895,53
edge_minus_core_resid_tangential,edge_core,19,1471,0.09830511285544555,0.030521458144777053,0.11958404255744548,0.11958404255744548,0.5789473684210527,53
edge_minus_core_resid_speed,edge_core,19,1471,-0.06207739588046518,0.005246658141892319,0.11213893051623419,0.11213893051623419,0.5789473684210527,53
resid_tangential_speed_mean,tangential_swirl,19,1471,-0.15831352749353342,0.056453366475143416,-0.09312213148093641,0.09312213148093641,0.631578947368421,53
resid_radial_abs_mean,radial,19,1471,0.06491295716170369,-0.017473994776546764,0.08405542245312696,0.08405542245312696,0.7368421052631579,53
resid_inward_fraction,radial,19,1471,-0.0066958085588025296,0.00618769516886189,0.08122371070975176,0.08122371070975176,0.631578947368421,53
resid_polarization,residual_order,19,1471,0.025865680495175652,-0.03265792957579129,0.0623785844254743,0.0623785844254743,0.631578947368421,53
radius_resid_tangential_corr,edge_core,19,1471,0.07712131980130876,0.053804163892443545,0.060501558079824685,0.060501558079824685,0.631578947368421,53
radius_resid_speed_corr,edge_core,19,1471,-0.03093493911536689,0.01037709131395817,-0.036177758641696256,0.036177758641696256,0.5263157894736842,53
resid_velocity_cov_trace,residual_intensity,19,1471,0.006563586781210606,-0.017388188122794912,0.02883318329318546,0.02883318329318546,0.5263157894736842,53
resid_speed_rms,residual_intensity,19,1471,-0.0022143312750885213,-0.004965742949582533,-0.023334435584443147,0.023334435584443147,0.5263157894736842,53
resid_radial_velocity_mean,radial,19,1471,-0.03570192257945359,0.007608682151650059,0.00921951495563074,0.00921951495563074,0.5263157894736842,53
resid_polarization,residual_order,19,1471,-0.0243219563739539,-0.1182121793355321,0.19171959265034316,0.19171959265034316,0.631578947368421,54
radius_resid_tangential_corr,edge_core,19,1471,0.07782859947298842,-0.10165371886653388,0.17380070715716667,0.17380070715716667,0.6842105263157895,54
radius_resid_speed_corr,edge_core,19,1471,0.005488107851250423,-0.07487068360938198,0.1404598368619499,0.1404598368619499,0.5789473684210527,54
edge_minus_core_resid_tangential,edge_core,19,1471,0.024410161551213838,-0.11627899023311755,0.13632522712947015,0.13632522712947015,0.6842105263157895,54
edge_minus_core_resid_speed,edge_core,19,1471,0.15374869765865018,-0.14240569574289053,0.1245795868364965,0.1245795868364965,0.631578947368421,54
resid_tangential_fraction,tangential_swirl,19,1471,0.14169819008555984,0.01662022697287671,0.11841326011814951,0.11841326011814951,0.6842105263157895,54
resid_radial_velocity_mean,radial,19,1471,0.025533421914431753,-0.06857813153641157,0.08639878542789514,0.08639878542789514,0.6842105263157895,54
resid_inward_fraction,radial,19,1471,0.007041527199942485,-0.026081926157892864,0.08052653789417069,0.08052653789417069,0.5789473684210527,54
resid_radial_abs_mean,radial,19,1471,-0.117756415635177,0.04204748068357311,-0.05880603529292858,0.05880603529292858,0.6842105263157895,54
resid_velocity_cov_trace,residual_intensity,19,1471,0.027787442356494135,0.029667478306018485,-0.014491330584006423,0.014491330584006423,0.5263157894736842,54
resid_tangential_speed_mean,tangential_swirl,19,1471,-0.020750105818668013,-0.05173448199542219,0.006090441112636624,0.006090441112636624,0.5789473684210527,54
resid_speed_rms,residual_intensity,19,1471,0.009795384871774199,0.024281639520971177,-0.005630024907090664,0.005630024907090664,0.5263157894736842,54
resid_tangential_fraction,tangential_swirl,19,1470,-0.09499011700149873,-0.03577436938986034,-0.09997998921359005,0.09997998921359005,0.631578947368421,55
radius_resid_speed_corr,edge_core,19,1470,-0.05705218290386658,0.06605915051910115,-0.09611914769072932,0.09611914769072932,0.6842105263157895,55
edge_minus_core_resid_speed,edge_core,19,1471,0.04231814824375957,0.11151402484686912,-0.0861693054036552,0.0861693054036552,0.5789473684210527,55
resid_velocity_cov_trace,residual_intensity,19,1471,-0.024640632868080325,-0.04946109884957228,0.05572623047657502,0.05572623047657502,0.631578947368421,55
resid_inward_fraction,radial,19,1471,-0.029499631584786343,-0.01201552757558609,-0.05152046039024083,0.05152046039024083,0.631578947368421,55
resid_tangential_speed_mean,tangential_swirl,19,1471,-0.015825490640444195,-0.08401244113271811,-0.050132863089301705,0.050132863089301705,0.5263157894736842,55
radius_resid_tangential_corr,edge_core,19,1470,-0.04306601464885069,-0.0639847289689456,-0.047096800190247534,0.047096800190247534,0.5263157894736842,55
resid_speed_rms,residual_intensity,19,1471,-0.024182881387308924,-0.0247483491240076,0.04063315301018944,0.04063315301018944,0.631578947368421,55
resid_polarization,residual_order,19,1470,0.06353518101806532,-0.057744357011513286,0.03326617170819576,0.03326617170819576,0.5789473684210527,55
resid_radial_velocity_mean,radial,19,1470,-0.0361986555478338,-0.01922185825141033,-0.02859500178921573,0.02859500178921573,0.5263157894736842,55
edge_minus_core_resid_tangential,edge_core,19,1471,-0.02854520231626162,0.014479673880428989,0.026161669163756673,0.026161669163756673,0.5789473684210527,55
resid_radial_abs_mean,radial,19,1470,-0.01428206375253531,0.051299579364483476,0.02054275215433672,0.02054275215433672,0.5263157894736842,55
resid_polarization,residual_order,19,1470,0.1285071557218589,-0.10106934084996488,0.18638430604935868,0.18638430604935868,0.7894736842105263,56
resid_tangential_fraction,tangential_swirl,19,1470,-0.05128243113765102,0.05498183642162846,-0.13288777105277433,0.13288777105277433,0.631578947368421,56
resid_tangential_speed_mean,tangential_swirl,19,1470,0.05434961838539427,0.0794046312963698,-0.11725076297553316,0.11725076297553316,0.5263157894736842,56
resid_inward_fraction,radial,19,1470,-0.034656911621008424,-0.0021566910383779003,-0.09301201704545468,0.09301201704545468,0.6842105263157895,56
resid_speed_rms,residual_intensity,19,1470,-0.0669839875407141,0.031706618584797036,-0.048236026223383716,0.048236026223383716,0.5789473684210527,56
resid_radial_abs_mean,radial,19,1470,0.03586278977929999,-0.0486569372361601,-0.04439103313852805,0.04439103313852805,0.5263157894736842,56
resid_radial_velocity_mean,radial,19,1470,-0.005026190739129466,0.018945159281665284,-0.04417503828299185,0.04417503828299185,0.631578947368421,56
edge_minus_core_resid_tangential,edge_core,19,1470,-0.006420660291984515,-0.05161218041793575,0.026523528779878222,0.026523528779878222,0.5789473684210527,56
edge_minus_core_resid_speed,edge_core,19,1470,-0.01341948058456699,-0.048573938168055275,-0.014980190144983113,0.014980190144983113,0.5263157894736842,56
radius_resid_tangential_corr,edge_core,19,1470,-0.0364620946849268,-0.03615091994802097,0.014514278045852202,0.014514278045852202,0.5789473684210527,56
resid_velocity_cov_trace,residual_intensity,19,1470,-0.05009689603677325,0.03097777894349942,-0.014391621410945021,0.014391621410945021,0.5263157894736842,56
radius_resid_speed_corr,edge_core,19,1470,-0.038592632215167455,0.06671374282659082,0.0016887121458781518,0.0016887121458781518,0.5263157894736842,56
radius_resid_tangential_corr,edge_core,19,1471,-0.04523012046234917,-0.12380624009484632,0.20669505900988677,0.20669505900988677,0.631578947368421,57
edge_minus_core_resid_speed,edge_core,19,1471,0.02701023999742258,-0.14988976587418062,0.17620518796425833,0.17620518796425833,0.6842105263157895,57
radius_resid_speed_corr,edge_core,19,1471,-0.020638549605778378,-0.1902794814008946,0.07516033899833477,0.07516033899833477,0.5789473684210527,57
edge_minus_core_resid_tangential,edge_core,19,1471,-0.07683237706049972,-0.11457811125543499,0.07036851489044293,0.07036851489044293,0.5263157894736842,57
resid_tangential_fraction,tangential_swirl,19,1471,0.009430209653096516,-0.05180709082142233,0.06873611588531467,0.06873611588531467,0.5263157894736842,57
resid_velocity_cov_trace,residual_intensity,19,1471,-0.019151001886358543,0.05327010962503276,-0.061800963215403765,0.061800963215403765,0.631578947368421,57
resid_speed_rms,residual_intensity,19,1471,-0.01851618799142546,0.050347432990127006,-0.05182613599165023,0.05182613599165023,0.631578947368421,57
resid_radial_abs_mean,radial,19,1471,0.036011708530419656,0.008775874934942654,-0.04379780396591533,0.04379780396591533,0.631578947368421,57
resid_tangential_speed_mean,tangential_swirl,19,1471,0.12609028487745594,0.05823581874450623,0.04169256104471697,0.04169256104471697,0.5789473684210527,57
resid_radial_velocity_mean,radial,19,1471,-0.06353592126954605,-0.14126816806036863,-0.020251664190880758,0.020251664190880758,0.5263157894736842,57
resid_inward_fraction,radial,19,1471,0.052337937155277126,0.08651708978729611,-0.009793876789125244,0.009793876789125244,0.5263157894736842,57
resid_polarization,residual_order,19,1471,-0.024736050748085978,-0.0033191468934559987,0.0014307347646183022,0.0014307347646183022,0.5789473684210527,57
radius_resid_tangential_corr,edge_core,19,1471,0.17807377020765489,-0.12796971362749548,0.2468957988360435,0.2468957988360435,0.631578947368421,58
edge_minus_core_resid_tangential,edge_core,19,1471,0.17615245407484348,-0.0963608667505651,0.17419970609336344,0.17419970609336344,0.5789473684210527,58
edge_minus_core_resid_speed,edge_core,19,1471,0.05242581400799745,-0.11631508496712595,0.1687408989751234,0.1687408989751234,0.6842105263157895,58
resid_polarization,residual_order,19,1471,0.06724791728172419,-0.020237370759736528,0.16510988295615592,0.16510988295615592,0.7894736842105263,58
resid_radial_velocity_mean,radial,19,1471,0.06928105678806712,-0.007942417626854756,0.11236764597901083,0.11236764597901083,0.631578947368421,58
resid_radial_abs_mean,radial,19,1471,-0.017461565191568162,0.07507147707528393,-0.10116021575531936,0.10116021575531936,0.631578947368421,58
radius_resid_speed_corr,edge_core,19,1471,0.07261159611500112,-0.06645157350479408,0.0548056402127336,0.0548056402127336,0.5789473684210527,58
resid_inward_fraction,radial,19,1471,0.04396896875000006,0.003582874179887681,0.014514127006755688,0.014514127006755688,0.5263157894736842,58
resid_tangential_speed_mean,tangential_swirl,19,1471,0.033297316557137274,0.050104881828373374,-0.006828453737456441,0.006828453737456441,0.5263157894736842,58
resid_velocity_cov_trace,residual_intensity,19,1471,0.0369469201714345,0.05221627519334948,0.004948593717623961,0.004948593717623961,0.5263157894736842,58
resid_tangential_fraction,tangential_swirl,19,1471,-0.010137141160858537,-0.0018818654678358915,0.0038990263153825255,0.0038990263153825255,0.5263157894736842,58
resid_speed_rms,residual_intensity,19,1471,0.04667258487466511,0.08003921879894972,0.0015768194288378612,0.0015768194288378612,0.5263157894736842,58
edge_minus_core_resid_speed,edge_core,19,1471,-0.0570822753745982,0.031202470724770417,-0.13765893088618453,0.13765893088618453,0.7894736842105263,59
edge_minus_core_resid_tangential,edge_core,19,1471,-0.00966800381109667,0.09758134325576509,-0.13696759939984862,0.13696759939984862,0.631578947368421,59
resid_radial_abs_mean,radial,19,1471,0.11186384493204513,-0.030804366501715197,0.11298446011049658,0.11298446011049658,0.5789473684210527,59
radius_resid_tangential_corr,edge_core,19,1471,-0.0345030249356455,0.044685824037260534,-0.10720683876150444,0.10720683876150444,0.631578947368421,59
resid_polarization,residual_order,19,1471,-0.0710206304779547,-0.017875297846687385,-0.09327182360035736,0.09327182360035736,0.631578947368421,59
resid_tangential_fraction,tangential_swirl,19,1471,-0.0026198697187370112,0.1448882400163375,-0.07353678976203226,0.07353678976203226,0.6842105263157895,59
resid_speed_rms,residual_intensity,19,1471,0.00898314748202133,-0.03658351388168686,-0.05136915999184272,0.05136915999184272,0.5263157894736842,59
resid_tangential_speed_mean,tangential_swirl,19,1471,-0.028459466537692574,0.04724051576267402,0.03361746646282243,0.03361746646282243,0.5789473684210527,59
resid_velocity_cov_trace,residual_intensity,19,1471,-0.007178088949970608,-0.031450077437557095,-0.03166199295382183,0.03166199295382183,0.5263157894736842,59
radius_resid_speed_corr,edge_core,19,1471,-0.039892332979642314,-0.060385235499963344,-0.026632748215687008,0.026632748215687008,0.5789473684210527,59
resid_inward_fraction,radial,19,1471,0.015924954987407793,-0.016850427397402848,-0.026054614883567334,0.026054614883567334,0.5263157894736842,59
resid_radial_velocity_mean,radial,19,1471,-0.07988147386359268,-0.11350462026593267,0.004005745847104142,0.004005745847104142,0.5263157894736842,59
edge_minus_core_resid_tangential,edge_core,19,1471,0.010544747247447361,0.018728388844005295,-0.1474899649920508,0.1474899649920508,0.5789473684210527,60
resid_tangential_fraction,tangential_swirl,19,1471,-0.05731205522723204,0.06776464759315907,-0.1309823876406731,0.1309823876406731,0.6842105263157895,60
radius_resid_speed_corr,edge_core,19,1471,-0.010806272996027377,-0.06529223268005979,0.1291698381091737,0.1291698381091737,0.6842105263157895,60
resid_tangential_speed_mean,tangential_swirl,19,1471,-0.02826701918010671,-0.009502288207861767,-0.10830281474163933,0.10830281474163933,0.5789473684210527,60
radius_resid_tangential_corr,edge_core,19,1471,-0.1154629861421011,-0.05188886122423886,0.105138675493568,0.105138675493568,0.5263157894736842,60
resid_radial_abs_mean,radial,19,1471,0.07059687937796388,-0.03469457272446802,0.06700347312034041,0.06700347312034041,0.631578947368421,60
resid_velocity_cov_trace,residual_intensity,19,1471,0.07792137205761507,0.003772851652905293,0.052460842195471535,0.052460842195471535,0.5263157894736842,60
resid_radial_velocity_mean,radial,19,1471,-0.05729005585833122,0.015712986921098026,-0.04990342902004827,0.04990342902004827,0.6842105263157895,60
resid_inward_fraction,radial,19,1471,0.06304326231252999,-0.050090118221661956,-0.030456300967990124,0.030456300967990124,0.5789473684210527,60
resid_speed_rms,residual_intensity,19,1471,0.08420734544430503,-0.0034398386234997247,-0.0080092879715188,0.0080092879715188,0.5263157894736842,60
resid_polarization,residual_order,19,1471,0.06684142200296514,-0.07671025375638822,0.003090645733364969,0.003090645733364969,0.5263157894736842,60
edge_minus_core_resid_speed,edge_core,19,1471,-0.006031108603023916,0.07552200591786706,-0.0003936125476682317,0.0003936125476682317,0.5263157894736842,60
edge_minus_core_resid_tangential,edge_core,19,1471,0.03238742019272328,0.030079217219473917,0.1918871322610925,0.1918871322610925,0.631578947368421,61
resid_radial_abs_mean,radial,19,1471,-0.15302070660413042,0.0007435987505111097,-0.15999662961094438,0.15999662961094438,0.7368421052631579,61
resid_inward_fraction,radial,19,1471,0.018039935899956644,-0.07125766521153723,0.12611006872510416,0.12611006872510416,0.7894736842105263,61
resid_radial_velocity_mean,radial,19,1471,-0.028613096742419422,-0.0593833230384497,-0.12048645861247476,0.12048645861247476,0.6842105263157895,61
edge_minus_core_resid_speed,edge_core,19,1471,-0.06158819585015094,-0.10694641045997604,0.11642502472223792,0.11642502472223792,0.5263157894736842,61
radius_resid_tangential_corr,edge_core,19,1471,0.030291016311006336,-0.12025967387814787,0.0899411233097695,0.0899411233097695,0.5789473684210527,61
resid_speed_rms,residual_intensity,19,1471,-0.10481827754702322,-0.020150373871348326,-0.0660199131868649,0.0660199131868649,0.5789473684210527,61
resid_polarization,residual_order,19,1471,0.07468963363329438,0.002597509965756889,-0.05784770775305939,0.05784770775305939,0.5789473684210527,61
radius_resid_speed_corr,edge_core,19,1471,0.0026066754522721114,-0.058036046224879456,-0.04263183734280662,0.04263183734280662,0.5263157894736842,61
resid_velocity_cov_trace,residual_intensity,19,1471,-0.11665079405222946,-0.020323742476090312,-0.041214189286385705,0.041214189286385705,0.5789473684210527,61
resid_tangential_fraction,tangential_swirl,19,1471,0.034720380843305074,0.004905530676362735,0.0359955012994867,0.0359955012994867,0.5263157894736842,61
resid_tangential_speed_mean,tangential_swirl,19,1471,-0.03760289643964998,-0.022359274621646635,-0.027021854396367256,0.027021854396367256,0.631578947368421,61
resid_inward_fraction,radial,19,1470,0.04321228135830191,-0.0861269379733987,0.11928409243584587,0.11928409243584587,0.5789473684210527,62
edge_minus_core_resid_tangential,edge_core,19,1470,0.08909778390279866,0.010619622167187391,0.1115868668880064,0.1115868668880064,0.5789473684210527,62
resid_polarization,residual_order,19,1470,0.04457997757230592,0.004154381264173196,0.10383726705321841,0.10383726705321841,0.631578947368421,62
radius_resid_speed_corr,edge_core,19,1470,0.07130800958219222,0.11487365670125568,-0.08769198388640426,0.08769198388640426,0.6842105263157895,62
resid_velocity_cov_trace,residual_intensity,19,1470,0.06720027718368862,-0.029156923503394383,0.08153945445925197,0.08153945445925197,0.5263157894736842,62
resid_speed_rms,residual_intensity,19,1470,0.07373443658273332,-0.031088111411313624,0.07045135895666754,0.07045135895666754,0.5263157894736842,62
resid_radial_velocity_mean,radial,19,1470,-0.014733663597199298,0.033392608889208475,-0.06718231008424781,0.06718231008424781,0.631578947368421,62
edge_minus_core_resid_speed,edge_core,19,1470,0.003303565086003546,0.0016420797529363013,-0.061745894045217325,0.061745894045217325,0.5789473684210527,62
resid_tangential_speed_mean,tangential_swirl,19,1470,-0.007039636777461,0.02515526647116363,-0.04766484549986305,0.04766484549986305,0.5263157894736842,62
resid_tangential_fraction,tangential_swirl,19,1470,-0.016550090300370086,-0.008624710764221916,-0.04708474096293125,0.04708474096293125,0.5789473684210527,62
resid_radial_abs_mean,radial,19,1470,-0.09029851447659369,-0.0737825718882591,0.03562467495418353,0.03562467495418353,0.5263157894736842,62
radius_resid_tangential_corr,edge_core,19,1470,0.031074186622848887,0.04591262732110646,-0.013088429102494692,0.013088429102494692,0.5263157894736842,62
radius_resid_speed_corr,edge_core,19,1471,-0.08828758119078539,0.13912509987404426,-0.20378979394581614,0.20378979394581614,0.7368421052631579,63
resid_tangential_speed_mean,tangential_swirl,19,1471,0.056319043967446136,-0.08455186427431624,0.20158183662979848,0.20158183662979848,0.631578947368421,63
resid_speed_rms,residual_intensity,19,1471,0.027222290093386503,-0.025897202804524566,0.15326864888124955,0.15326864888124955,0.5263157894736842,63
resid_velocity_cov_trace,residual_intensity,19,1471,0.05996289496126567,-0.0316558536673647,0.08815507793268874,0.08815507793268874,0.5263157894736842,63
resid_tangential_fraction,tangential_swirl,19,1471,-0.061498618657082255,-0.03473481099708502,0.08450850845504843,0.08450850845504843,0.5789473684210527,63
edge_minus_core_resid_tangential,edge_core,19,1471,-0.01574561816685477,0.09268501744247998,-0.06421319434456516,0.06421319434456516,0.7368421052631579,63
edge_minus_core_resid_speed,edge_core,19,1471,-0.0044774201420699974,0.022563856626574424,-0.05813584190959928,0.05813584190959928,0.5263157894736842,63
resid_inward_fraction,radial,19,1471,0.03045304378342245,-0.028644977341324207,0.04433523547136428,0.04433523547136428,0.5789473684210527,63
resid_polarization,residual_order,19,1471,-0.042244185887478525,-0.07720338910405708,-0.03878011263292533,0.03878011263292533,0.5263157894736842,63
resid_radial_velocity_mean,radial,19,1471,-0.04197528282675378,-0.08039034796852074,0.03237928808016827,0.03237928808016827,0.5789473684210527,63
resid_radial_abs_mean,radial,19,1471,-0.00038257909562605663,-0.013038494215241087,-0.01912688378875821,0.01912688378875821,0.5789473684210527,63
radius_resid_tangential_corr,edge_core,19,1471,-0.014435714342299732,0.06584995004208172,-0.00023033249051152005,0.00023033249051152005,0.5263157894736842,63
resid_polarization,residual_order,19,1471,-0.1292274023754415,0.03651066458329805,-0.21266380943678415,0.21266380943678415,0.631578947368421,64
resid_tangential_speed_mean,tangential_swirl,19,1471,0.13688131295635242,-0.10467992222672445,0.12364110900645461,0.12364110900645461,0.631578947368421,64
edge_minus_core_resid_speed,edge_core,19,1471,-0.03493100558258011,0.004674255831536217,-0.06591557412506,0.06591557412506,0.5789473684210527,64
resid_radial_velocity_mean,radial,19,1471,0.02498636859541871,-0.054870013875770535,0.029320542601218316,0.029320542601218316,0.5789473684210527,64
resid_radial_abs_mean,radial,19,1471,0.018702214683480656,-0.010468276507591856,0.029170491191072512,0.029170491191072512,0.5789473684210527,64
radius_resid_tangential_corr,edge_core,19,1471,0.05213727753330211,0.017410745151335782,0.02764783264810068,0.02764783264810068,0.5789473684210527,64
resid_inward_fraction,radial,19,1471,-0.004027323531137578,0.003906709074148085,-0.024414069930069976,0.024414069930069976,0.5263157894736842,64
resid_tangential_fraction,tangential_swirl,19,1471,0.0015333558490276677,-0.029173596299174043,0.018333560095954216,0.018333560095954216,0.5789473684210527,64
edge_minus_core_resid_tangential,edge_core,19,1471,0.04018386657182721,0.012703798151096665,0.01559758696153657,0.01559758696153657,0.5263157894736842,64
resid_speed_rms,residual_intensity,19,1471,0.033428210549405896,0.020602272400302657,0.008730986820729009,0.008730986820729009,0.5263157894736842,64
radius_resid_speed_corr,edge_core,19,1471,0.013120833829304263,0.00442149885327392,-0.00820783598948338,0.00820783598948338,0.5263157894736842,64
resid_velocity_cov_trace,residual_intensity,19,1471,0.028230620385665317,0.0017469694789893908,0.007610352966539058,0.007610352966539058,0.5263157894736842,64
resid_radial_velocity_mean,radial,19,1471,0.2145758652842304,-0.14943349574615966,0.2878231591141793,0.2878231591141793,0.7894736842105263,65
resid_tangential_fraction,tangential_swirl,19,1471,-0.02452311666455026,0.009561567383210026,0.13580888989044337,0.13580888989044337,0.5789473684210527,65
edge_minus_core_resid_speed,edge_core,19,1471,-0.014489487626725417,-0.1267568021700327,0.12952276636361673,0.12952276636361673,0.631578947368421,65
resid_tangential_speed_mean,tangential_swirl,19,1471,0.013255762097292623,0.15083550858092087,-0.08681047816952159,0.08681047816952159,0.6842105263157895,65
resid_velocity_cov_trace,residual_intensity,19,1471,0.02369520797862544,0.07026202848098709,0.04698661698756769,0.04698661698756769,0.631578947368421,65
resid_radial_abs_mean,radial,19,1471,0.050016254955829925,0.07696935023021226,-0.046287733899022854,0.046287733899022854,0.5789473684210527,65
radius_resid_tangential_corr,edge_core,19,1471,0.014217253862857104,-0.008999717502465098,0.04469851996573851,0.04469851996573851,0.5789473684210527,65
resid_speed_rms,residual_intensity,19,1471,0.017161506002230625,0.054484905115421034,0.038518855296704846,0.038518855296704846,0.631578947368421,65
radius_resid_speed_corr,edge_core,19,1471,0.10904697033821403,0.015345789109816155,0.038040558751386,0.038040558751386,0.6842105263157895,65
resid_polarization,residual_order,19,1471,-0.03190243216917643,-0.032516850761455565,0.036903398696594175,0.036903398696594175,0.5263157894736842,65
resid_inward_fraction,radial,19,1471,0.021251999145644185,-0.014397040359147392,0.017576469432277517,0.017576469432277517,0.5263157894736842,65
edge_minus_core_resid_tangential,edge_core,19,1471,-0.011200063882902095,0.011874345646652545,0.0030491987450537994,0.0030491987450537994,0.5263157894736842,65
resid_radial_velocity_mean,radial,19,1470,-0.09056107571728732,0.10383551497761596,-0.23216300662781025,0.23216300662781025,0.6842105263157895,66
resid_inward_fraction,radial,19,1470,0.046115422384153615,-0.09711487990680981,0.2076201095002445,0.2076201095002445,0.6842105263157895,66
resid_polarization,residual_order,19,1470,0.07044321098753652,-0.08559833461039341,0.1513889913107727,0.1513889913107727,0.6842105263157895,66
radius_resid_speed_corr,edge_core,19,1470,0.022937789526337737,-0.12283068214960934,0.0991280109696524,0.0991280109696524,0.631578947368421,66
edge_minus_core_resid_tangential,edge_core,19,1470,-0.0007542557502288813,0.011278623741608096,-0.09589993318107631,0.09589993318107631,0.5789473684210527,66
resid_radial_abs_mean,radial,19,1470,-0.00842297244778523,0.013669451824069367,-0.08984287161413534,0.08984287161413534,0.5263157894736842,66
radius_resid_tangential_corr,edge_core,19,1470,-0.04023793675364301,-0.10368699801459522,0.0634490612609522,0.0634490612609522,0.631578947368421,66
edge_minus_core_resid_speed,edge_core,19,1470,-0.002972459492662699,0.007605344326276409,-0.06226583423619811,0.06226583423619811,0.5789473684210527,66
resid_velocity_cov_trace,residual_intensity,19,1470,-0.028118034677843212,0.027900898578867687,-0.055148169531984925,0.055148169531984925,0.631578947368421,66
resid_speed_rms,residual_intensity,19,1470,-0.040883104921848185,0.013231844380032831,-0.051087265489506456,0.051087265489506456,0.5789473684210527,66
resid_tangential_speed_mean,tangential_swirl,19,1470,-0.05259483116587092,-0.01381202389583669,-0.013342104411156352,0.013342104411156352,0.5263157894736842,66
resid_tangential_fraction,tangential_swirl,19,1470,0.007390834516445066,-0.08879569753976424,-0.00027661676526662647,0.00027661676526662647,0.5263157894736842,66
resid_tangential_speed_mean,tangential_swirl,19,1471,-0.08043681828211093,0.03808697106462822,-0.18834614973001973,0.18834614973001973,0.631578947368421,67
resid_velocity_cov_trace,residual_intensity,19,1471,-0.0990472259331964,-0.018473129728287463,-0.13394744092111172,0.13394744092111172,0.6842105263157895,67
resid_polarization,residual_order,19,1471,0.055603865463301844,-0.04027873790331346,0.133005614215418,0.133005614215418,0.631578947368421,67
resid_radial_velocity_mean,radial,19,1471,0.043424319693845304,-0.08581315104619786,0.12923747074004316,0.12923747074004316,0.7368421052631579,67
resid_speed_rms,residual_intensity,19,1471,-0.12147985243440507,-0.0286890917516327,-0.11561314889498353,0.11561314889498353,0.6842105263157895,67
radius_resid_speed_corr,edge_core,19,1471,0.06030898652786579,0.05899574376096908,-0.10709879783437964,0.10709879783437964,0.631578947368421,67
resid_inward_fraction,radial,19,1471,0.023404710067250006,0.041590239665026174,-0.08512101638935425,0.08512101638935425,0.5789473684210527,67
radius_resid_tangential_corr,edge_core,19,1471,0.031159982162138028,0.054702018087024074,-0.08169241104797625,0.08169241104797625,0.631578947368421,67
edge_minus_core_resid_tangential,edge_core,19,1471,0.052231172902771794,0.12554836758364774,-0.07331719468087594,0.07331719468087594,0.6842105263157895,67
resid_tangential_fraction,tangential_swirl,19,1471,0.008021348362526104,-0.025000855193317795,0.03675322685856812,0.03675322685856812,0.5789473684210527,67
resid_radial_abs_mean,radial,19,1471,-0.11779630954303003,-0.015302237059702128,-0.007780870428532136,0.007780870428532136,0.5263157894736842,67
edge_minus_core_resid_speed,edge_core,19,1471,0.00729189636670885,0.11695451824325631,-0.0052298536260550615,0.0052298536260550615,0.5263157894736842,67
resid_tangential_speed_mean,tangential_swirl,19,1471,0.06857357041695467,-0.01921377997094542,0.1746983410613347,0.1746983410613347,0.6842105263157895,68
resid_tangential_fraction,tangential_swirl,19,1471,0.06042962602146054,-0.11409610528366715,0.13861291120416103,0.13861291120416103,0.631578947368421,68
edge_minus_core_resid_speed,edge_core,19,1471,0.041094372919158295,-0.038604363922114145,0.13105076364905135,0.13105076364905135,0.631578947368421,68
resid_velocity_cov_trace,residual_intensity,19,1471,0.036483005130365065,-0.004499306889799895,0.09205979939559951,0.09205979939559951,0.5263157894736842,68
resid_polarization,residual_order,19,1471,0.02564550337044548,0.01096604707399107,0.09146377508381677,0.09146377508381677,0.5789473684210527,68
resid_speed_rms,residual_intensity,19,1471,0.034298355534877256,-0.012550329514736364,0.08685873974152081,0.08685873974152081,0.5263157894736842,68
radius_resid_speed_corr,edge_core,19,1471,-0.0036980118144152863,-0.03468656021672495,0.08189924091649295,0.08189924091649295,0.631578947368421,68
resid_radial_abs_mean,radial,19,1471,-0.01083363181590058,0.06417610141567476,0.05220758658329966,0.05220758658329966,0.5789473684210527,68
radius_resid_tangential_corr,edge_core,19,1471,-0.016020568925466605,0.01247692920168171,-0.042196468199993106,0.042196468199993106,0.5789473684210527,68
resid_inward_fraction,radial,19,1471,0.08776493434790461,-0.028151138480677282,0.03673717346216787,0.03673717346216787,0.5789473684210527,68
edge_minus_core_resid_tangential,edge_core,19,1471,0.12637607584407454,0.07642189586553363,0.025576221452471348,0.025576221452471348,0.5263157894736842,68
resid_radial_velocity_mean,radial,19,1471,-0.09624899518159868,-0.08589793364792432,0.019712637958293644,0.019712637958293644,0.5263157894736842,68
resid_tangential_fraction,tangential_swirl,19,1470,-0.03597809037748767,0.11886041001382017,-0.12742330313576505,0.12742330313576505,0.6842105263157895,69
radius_resid_tangential_corr,edge_core,19,1470,0.016642556560411748,-0.09599848704084357,0.12084277056336817,0.12084277056336817,0.631578947368421,69
edge_minus_core_resid_tangential,edge_core,19,1470,-0.04481753136357014,-0.007037793745894999,0.11543280453423724,0.11543280453423724,0.631578947368421,69
resid_polarization,residual_order,19,1470,0.045994394028335384,-0.015291169355007614,0.11262108100250781,0.11262108100250781,0.5789473684210527,69
resid_inward_fraction,radial,19,1470,-0.03819033580436147,0.09661476653455767,-0.1083417311517732,0.1083417311517732,0.6842105263157895,69
resid_speed_rms,residual_intensity,19,1470,-0.0021722316490408525,0.14474775609783758,-0.09732594563214647,0.09732594563214647,0.5789473684210527,69
resid_radial_abs_mean,radial,19,1470,-0.062373476986124166,-0.08207339292794247,0.09186450549966979,0.09186450549966979,0.631578947368421,69
resid_tangential_speed_mean,tangential_swirl,19,1470,0.11095121922719635,0.12366806254350507,-0.05249209335563454,0.05249209335563454,0.5263157894736842,69
resid_velocity_cov_trace,residual_intensity,19,1470,-0.001453272211548881,0.13618848495064015,-0.0381278636949931,0.0381278636949931,0.5789473684210527,69
resid_radial_velocity_mean,radial,19,1470,0.01716188756582057,-0.0977638741009618,0.03220352569768181,0.03220352569768181,0.5263157894736842,69
edge_minus_core_resid_speed,edge_core,19,1470,0.017501979531478664,-0.033694815573605943,-0.03133055420261863,0.03133055420261863,0.5263157894736842,69
radius_resid_speed_corr,edge_core,19,1470,0.10648397527776096,0.00893660238477495,0.01149939934429245,0.01149939934429245,0.5263157894736842,69
edge_minus_core_resid_tangential,edge_core,19,1470,-0.0008252131552785313,0.0646101925977341,-0.23349254416189427,0.23349254416189427,0.6842105263157895,70
radius_resid_tangential_corr,edge_core,19,1470,-0.03333279091224417,0.08635642695015182,-0.2047697257514226,0.2047697257514226,0.6842105263157895,70
resid_polarization,residual_order,19,1470,-0.023484275902014656,-0.1212950977877074,0.17756129768451545,0.17756129768451545,0.7368421052631579,70
resid_radial_abs_mean,radial,19,1470,0.013270977299066516,0.1013033027961919,-0.16674052467057549,0.16674052467057549,0.631578947368421,70
resid_tangential_fraction,tangential_swirl,19,1470,-0.0022766779646524737,-0.09860794578258876,0.16406046580140493,0.16406046580140493,0.7368421052631579,70
resid_inward_fraction,radial,19,1470,0.08388233354132335,-0.032007379696089744,0.14755750859563477,0.14755750859563477,0.5789473684210527,70
resid_tangential_speed_mean,tangential_swirl,19,1470,-0.017721325879399327,0.021436338696349658,-0.11082132686112424,0.11082132686112424,0.5789473684210527,70
radius_resid_speed_corr,edge_core,19,1470,0.08663771580619345,0.1479650499633246,-0.08644650481640845,0.08644650481640845,0.5789473684210527,70
edge_minus_core_resid_speed,edge_core,19,1470,-0.05137568683652549,0.039908312094596055,-0.06810940967595652,0.06810940967595652,0.5789473684210527,70
resid_radial_velocity_mean,radial,19,1470,0.049150569792011524,-0.049838346679216175,0.028954907873625833,0.028954907873625833,0.5263157894736842,70
resid_speed_rms,residual_intensity,19,1470,0.04106350890117537,-0.09571775277544625,-0.02361514101691753,0.02361514101691753,0.5263157894736842,70
resid_velocity_cov_trace,residual_intensity,19,1470,0.0444986311555261,-0.09905360618682484,-0.0029039143394252176,0.0029039143394252176,0.5263157894736842,70
resid_radial_abs_mean,radial,19,1471,-0.05592305981693437,0.02307420664175236,-0.2501938638589658,0.2501938638589658,0.5789473684210527,71
resid_tangential_fraction,tangential_swirl,19,1471,0.06502780271313668,0.03807433076660557,0.1923946051061785,0.1923946051061785,0.6842105263157895,71
resid_tangential_speed_mean,tangential_swirl,19,1471,0.07719321202214387,-0.04688249955955995,0.16542107937224293,0.16542107937224293,0.631578947368421,71
resid_radial_velocity_mean,radial,19,1471,0.03410757391833056,0.03839385151841013,0.12260327419442349,0.12260327419442349,0.5789473684210527,71
resid_velocity_cov_trace,residual_intensity,19,1471,-0.008309002310623093,0.06855925286059242,-0.1128857642904564,0.1128857642904564,0.5789473684210527,71
resid_speed_rms,residual_intensity,19,1471,-0.004037872769194262,0.06443661771242479,-0.06945584295584543,0.06945584295584543,0.5789473684210527,71
resid_polarization,residual_order,19,1471,0.07525550786398139,-0.006327215458613887,0.056857755657994835,0.056857755657994835,0.6842105263157895,71
radius_resid_speed_corr,edge_core,19,1471,0.04984349453453041,-0.07764276077713804,0.04842362368398956,0.04842362368398956,0.5263157894736842,71
edge_minus_core_resid_tangential,edge_core,19,1471,-0.006467204082642952,0.009890665170577073,0.04115421270877764,0.04115421270877764,0.5789473684210527,71
edge_minus_core_resid_speed,edge_core,19,1471,0.017507586366728417,-0.061753930881475544,0.03594528138860015,0.03594528138860015,0.5789473684210527,71
resid_inward_fraction,radial,19,1471,0.05350184176529133,0.08821754164471095,0.01805515692239429,0.01805515692239429,0.5263157894736842,71
radius_resid_tangential_corr,edge_core,19,1471,-0.09085985496546767,-0.04690212136929603,0.014984652865815504,0.014984652865815504,0.5789473684210527,71
resid_tangential_fraction,tangential_swirl,19,1471,-0.03391890613972137,0.14782673967605492,-0.19638804909213872,0.19638804909213872,0.6842105263157895,72
edge_minus_core_resid_tangential,edge_core,19,1471,0.010189172971862316,-0.10143164619251951,0.15701619784043438,0.15701619784043438,0.631578947368421,72
resid_tangential_speed_mean,tangential_swirl,19,1471,0.01608635222056151,0.07800909656032873,-0.13635823198344837,0.13635823198344837,0.5263157894736842,72
radius_resid_speed_corr,edge_core,19,1471,-0.012877275294482793,-0.04524689499627521,0.11560355115204479,0.11560355115204479,0.5789473684210527,72
edge_minus_core_resid_speed,edge_core,19,1471,0.02788186536307602,-0.11151263006571183,0.09248063612148047,0.09248063612148047,0.5789473684210527,72
radius_resid_tangential_corr,edge_core,19,1471,0.04297566691357438,-0.05401786359039131,0.06516367790019545,0.06516367790019545,0.5789473684210527,72
resid_radial_velocity_mean,radial,19,1471,-0.11077846616334774,0.01884312560587134,0.04978052728138621,0.04978052728138621,0.5263157894736842,72
resid_inward_fraction,radial,19,1471,0.038686028784248164,0.0731516416400982,0.03623065362208258,0.03623065362208258,0.5263157894736842,72
resid_polarization,residual_order,19,1471,-0.03137330319168888,-0.0021381035135815754,-0.029928354485272757,0.029928354485272757,0.5789473684210527,72
resid_radial_abs_mean,radial,19,1471,0.04640360051356092,0.02753038887465148,-0.015110488369321329,0.015110488369321329,0.631578947368421,72
resid_speed_rms,residual_intensity,19,1471,0.03174709079178416,0.012277996760789334,0.009685618385225164,0.009685618385225164,0.5789473684210527,72
resid_velocity_cov_trace,residual_intensity,19,1471,0.05170341019137448,0.004015342796571231,-0.0015063467075805415,0.0015063467075805415,0.5263157894736842,72
resid_tangential_fraction,tangential_swirl,19,1470,-0.08188317621795617,0.005670755371397135,-0.12683606950976853,0.12683606950976853,0.631578947368421,73
resid_speed_rms,residual_intensity,19,1470,-0.08628636984594112,0.04264892381190605,-0.09664403657459003,0.09664403657459003,0.6842105263157895,73
resid_velocity_cov_trace,residual_intensity,19,1470,-0.07640363099569272,0.03433155052344161,-0.07813416494070813,0.07813416494070813,0.6842105263157895,73
resid_radial_abs_mean,radial,19,1470,-0.01962496433672048,-0.11406131505785247,0.07719032454843996,0.07719032454843996,0.631578947368421,73
resid_radial_velocity_mean,radial,19,1470,-0.03559406790489142,-0.07485254514612516,-0.07310541479009913,0.07310541479009913,0.5263157894736842,73
resid_inward_fraction,radial,19,1470,0.0880609097242745,0.01933603357705513,0.06728650434642061,0.06728650434642061,0.5263157894736842,73
resid_polarization,residual_order,19,1470,0.09582199062771085,-0.03151550666174982,0.061645209840200776,0.061645209840200776,0.5789473684210527,73
radius_resid_tangential_corr,edge_core,19,1470,-0.022383723409039297,0.06604409688060045,-0.06104015531369335,0.06104015531369335,0.631578947368421,73
edge_minus_core_resid_tangential,edge_core,19,1470,-0.05056958991807947,0.030809016752168517,0.05296921973750923,0.05296921973750923,0.5789473684210527,73
resid_tangential_speed_mean,tangential_swirl,19,1470,0.05592295536913282,0.030506153981689516,0.047362860756157865,0.047362860756157865,0.5263157894736842,73
radius_resid_speed_corr,edge_core,19,1470,-0.0014641467852406498,0.010898001732452617,-0.03854398685160944,0.03854398685160944,0.5789473684210527,73
edge_minus_core_resid_speed,edge_core,19,1470,-0.09355906872375722,-0.03017440404628835,-0.017536387746173353,0.017536387746173353,0.5263157894736842,73
resid_tangential_fraction,tangential_swirl,19,1470,-0.06914907042499141,0.03954743901671706,-0.17650367826231725,0.17650367826231725,0.5789473684210527,74
resid_velocity_cov_trace,residual_intensity,19,1470,-0.011490700376155294,0.08403995601108669,-0.1616716697611285,0.1616716697611285,0.5789473684210527,74
resid_speed_rms,residual_intensity,19,1470,-0.062354200996102116,0.08819907193418589,-0.14956459444138123,0.14956459444138123,0.631578947368421,74
resid_tangential_speed_mean,tangential_swirl,19,1470,-0.016657780097813935,0.12051840854723486,-0.11872140416964475,0.11872140416964475,0.5263157894736842,74
resid_radial_velocity_mean,radial,19,1470,0.009937869152644996,0.006294334022149378,0.0589468903686963,0.0589468903686963,0.631578947368421,74
resid_polarization,residual_order,19,1470,-0.04231831913056462,-0.06242513210362066,0.05320901375825279,0.05320901375825279,0.631578947368421,74
resid_radial_abs_mean,radial,19,1470,-0.03463557642948764,-0.044361647953748126,0.03624297186711577,0.03624297186711577,0.5789473684210527,74
edge_minus_core_resid_speed,edge_core,19,1470,0.020654364522245172,0.009167744294067928,-0.03253412170885149,0.03253412170885149,0.5789473684210527,74
radius_resid_speed_corr,edge_core,19,1470,-0.0042486716176133865,0.04700244128296331,0.024560743238173144,0.024560743238173144,0.5789473684210527,74
edge_minus_core_resid_tangential,edge_core,19,1470,0.021145716754399885,0.028660970609350717,-0.018780175895473317,0.018780175895473317,0.5263157894736842,74
radius_resid_tangential_corr,edge_core,19,1470,0.016235289959020793,-0.024726396367908514,0.014807263544763138,0.014807263544763138,0.5263157894736842,74
resid_inward_fraction,radial,19,1470,0.023346009110399316,0.04613121387496999,-0.004990583878129784,0.004990583878129784,0.5263157894736842,74
resid_radial_velocity_mean,radial,19,1471,-0.04617304276900469,0.09430776275986041,-0.16022299872276755,0.16022299872276755,0.7368421052631579,75
resid_tangential_fraction,tangential_swirl,19,1471,0.053368382056072944,-0.05074246200125426,0.13629933983325873,0.13629933983325873,0.631578947368421,75
resid_radial_abs_mean,radial,19,1471,-0.06971203606377466,0.054112072436860656,-0.13218838362731217,0.13218838362731217,0.6842105263157895,75
resid_velocity_cov_trace,residual_intensity,19,1471,-0.036316489815684354,0.05456222326367302,-0.06555292576865207,0.06555292576865207,0.5789473684210527,75
resid_polarization,residual_order,19,1471,0.049457968244946804,0.032474111958616714,0.06255059061808699,0.06255059061808699,0.6842105263157895,75
resid_tangential_speed_mean,tangential_swirl,19,1471,-0.02992061017603531,0.009265854076793423,0.06108261375277921,0.06108261375277921,0.631578947368421,75
radius_resid_speed_corr,edge_core,19,1471,-0.07230417117726881,-0.08615888205659106,0.044489688556213436,0.044489688556213436,0.631578947368421,75
edge_minus_core_resid_tangential,edge_core,19,1471,-0.06274892326284752,-0.08787120499931611,-0.037530476224434596,0.037530476224434596,0.5263157894736842,75
resid_inward_fraction,radial,19,1471,-0.01832470279720294,-0.05173047854989132,0.03717810851544311,0.03717810851544311,0.7368421052631579,75
edge_minus_core_resid_speed,edge_core,19,1471,-0.0754580230766827,-0.20109333289059433,-0.03287597895996919,0.03287597895996919,0.5263157894736842,75
resid_speed_rms,residual_intensity,19,1471,-0.01994639508942414,0.048292594909095,-0.028101105087548678,0.028101105087548678,0.5789473684210527,75
radius_resid_tangential_corr,edge_core,19,1471,-0.16763104462686762,-0.16298822274551528,0.012414842709332796,0.012414842709332796,0.5263157894736842,75
edge_minus_core_resid_speed,edge_core,19,1471,0.07730192361086949,-0.07999228233270339,0.22298026429403797,0.22298026429403797,0.5789473684210527,76
radius_resid_speed_corr,edge_core,19,1471,0.06534546865347635,-0.09248373346292005,0.16611592920674384,0.16611592920674384,0.7894736842105263,76
radius_resid_tangential_corr,edge_core,19,1471,0.01129655203166946,-0.11783864951463441,0.13905548974387344,0.13905548974387344,0.631578947368421,76
resid_radial_velocity_mean,radial,19,1471,-0.13417090977936474,0.0021166791720587663,-0.13459158091648415,0.13459158091648415,0.631578947368421,76
resid_radial_abs_mean,radial,19,1471,0.17412924544442013,0.006060434091783723,0.09166865107880288,0.09166865107880288,0.631578947368421,76
resid_tangential_fraction,tangential_swirl,19,1471,-0.09175631115152394,-0.0653239415789657,-0.06757255622481717,0.06757255622481717,0.5263157894736842,76
resid_tangential_speed_mean,tangential_swirl,19,1471,-0.039876977315700834,0.02362078907426224,0.0608702780505436,0.0608702780505436,0.5789473684210527,76
edge_minus_core_resid_tangential,edge_core,19,1471,-0.052545099868620763,-0.14725982535770807,0.04937441484880095,0.04937441484880095,0.6842105263157895,76
resid_polarization,residual_order,19,1471,-0.00024084115976491516,-0.016110621443030868,-0.04256081667855191,0.04256081667855191,0.5789473684210527,76
resid_speed_rms,residual_intensity,19,1471,0.03217054773558797,0.09803532829422032,0.025091795793009797,0.025091795793009797,0.5263157894736842,76
resid_inward_fraction,radial,19,1471,0.04972444154421565,0.031110792712757476,0.008776512447246657,0.008776512447246657,0.5263157894736842,76
resid_velocity_cov_trace,residual_intensity,19,1471,0.03336518525854204,0.09720181846757105,0.004768443999750162,0.004768443999750162,0.5263157894736842,76
resid_radial_velocity_mean,radial,19,1471,-0.058640363607499496,-0.05506888847473003,-0.0752316578461582,0.0752316578461582,0.5263157894736842,77
edge_minus_core_resid_tangential,edge_core,19,1471,-0.013897853414248706,-0.03671900384510823,0.07014596995412428,0.07014596995412428,0.631578947368421,77
resid_tangential_speed_mean,tangential_swirl,19,1471,0.03867713525481464,0.10337451523175342,0.06893292019433778,0.06893292019433778,0.5263157894736842,77
radius_resid_tangential_corr,edge_core,19,1471,-0.0391696461484867,0.004193469096356525,0.06695520008759454,0.06695520008759454,0.631578947368421,77
edge_minus_core_resid_speed,edge_core,19,1471,0.09317658462987366,0.043016157617941864,0.06563996292456609,0.06563996292456609,0.5789473684210527,77
resid_velocity_cov_trace,residual_intensity,19,1471,-0.02154821035342519,0.06028809823324714,-0.03931569654680492,0.03931569654680492,0.5789473684210527,77
resid_tangential_fraction,tangential_swirl,19,1471,-0.031354935072093415,-0.06143846410535106,-0.02765534318229413,0.02765534318229413,0.631578947368421,77
radius_resid_speed_corr,edge_core,19,1471,0.05335127664865083,0.0036625352201551248,0.02595434254420312,0.02595434254420312,0.631578947368421,77
resid_polarization,residual_order,19,1471,0.005170185030770991,-0.04742443705585156,0.024294976630188134,0.024294976630188134,0.5789473684210527,77
resid_speed_rms,residual_intensity,19,1471,-0.03603802314006954,0.06214192237474438,0.020286733540266777,0.020286733540266777,0.5263157894736842,77
resid_inward_fraction,radial,19,1471,0.09799453025010785,-0.05291969293355811,-0.010126781465820384,0.010126781465820384,0.5263157894736842,77
resid_radial_abs_mean,radial,19,1471,-0.08148770493833302,-0.06222475857504808,-0.0039617735115294594,0.0039617735115294594,0.5263157894736842,77
resid_radial_abs_mean,radial,19,1470,-0.10666990505245086,0.026557523173377062,-0.1243494461322025,0.1243494461322025,0.6842105263157895,78
edge_minus_core_resid_tangential,edge_core,19,1470,0.0440865149170991,0.07364630872531558,-0.11335393953789165,0.11335393953789165,0.5263157894736842,78
resid_tangential_fraction,tangential_swirl,19,1470,-0.013923200169339456,-0.036416725846876385,0.09057881575685911,0.09057881575685911,0.631578947368421,78
resid_radial_velocity_mean,radial,19,1470,0.07019414674144075,-0.006261077416173558,0.08248150712931274,0.08248150712931274,0.6842105263157895,78
resid_tangential_speed_mean,tangential_swirl,19,1470,-0.05408669493966339,-0.015841775079712628,0.07961885907872099,0.07961885907872099,0.5263157894736842,78
resid_velocity_cov_trace,residual_intensity,19,1470,-0.11147973663410093,-0.05845315857794817,-0.075966884660481,0.075966884660481,0.5263157894736842,78
resid_speed_rms,residual_intensity,19,1470,-0.12842530670173466,-0.014979419554728216,-0.07105289584710642,0.07105289584710642,0.5263157894736842,78
radius_resid_tangential_corr,edge_core,19,1470,-0.033784391076524756,0.011308577261469166,0.057618813489430154,0.057618813489430154,0.5263157894736842,78
edge_minus_core_resid_speed,edge_core,19,1470,-0.05029602751590989,0.06775897311636037,-0.04651179569369754,0.04651179569369754,0.5263157894736842,78
resid_inward_fraction,radial,19,1470,-0.04954924535592813,0.005587470027953567,-0.0392937965955159,0.0392937965955159,0.5789473684210527,78
resid_polarization,residual_order,19,1470,-0.032334835975177945,0.0034460415224816243,-0.027325503091087305,0.027325503091087305,0.5263157894736842,78
radius_resid_speed_corr,edge_core,19,1470,0.09234311790220652,0.026006194524549553,0.019557173001925166,0.019557173001925166,0.5789473684210527,78
resid_tangential_speed_mean,tangential_swirl,19,1471,0.030156007080268388,0.08715755197420189,-0.12266169151120876,0.12266169151120876,0.631578947368421,79
resid_radial_abs_mean,radial,19,1471,0.039643360141997985,-0.025867211665604233,0.0945307067940031,0.0945307067940031,0.631578947368421,79
resid_tangential_fraction,tangential_swirl,19,1471,-0.004278967254058186,0.027587301987262267,-0.05837358874013498,0.05837358874013498,0.631578947368421,79
resid_speed_rms,residual_intensity,19,1471,-0.01095643009555508,0.06485391555858458,-0.055221068341634594,0.055221068341634594,0.5263157894736842,79
resid_inward_fraction,radial,19,1471,-0.04504775849380477,0.034444396162317426,0.04793547197393569,0.04793547197393569,0.631578947368421,79
resid_polarization,residual_order,19,1471,0.03877312326085243,-0.03181082029077317,0.04266899758696696,0.04266899758696696,0.5263157894736842,79
resid_velocity_cov_trace,residual_intensity,19,1471,-0.004274197293709252,0.07138265864032589,-0.039785707356834676,0.039785707356834676,0.5789473684210527,79
edge_minus_core_resid_speed,edge_core,19,1471,0.022098939522257024,-0.0058798413487727574,-0.03266950203950425,0.03266950203950425,0.5789473684210527,79
edge_minus_core_resid_tangential,edge_core,19,1471,0.09915177654550167,0.06367104214476352,-0.031190195691629896,0.031190195691629896,0.5789473684210527,79
radius_resid_speed_corr,edge_core,19,1471,0.008034876653202933,0.07321501403499464,-0.023014963872845712,0.023014963872845712,0.5789473684210527,79
radius_resid_tangential_corr,edge_core,19,1471,-0.023089944049921984,0.05976946818176554,-0.017111863510960168,0.017111863510960168,0.5789473684210527,79
resid_radial_velocity_mean,radial,19,1471,-0.10505430150704032,-0.11486736775164341,0.0017536122130348275,0.0017536122130348275,0.5263157894736842,79
resid_tangential_speed_mean,tangential_swirl,19,1471,-0.020468822051384936,-0.10476569357280235,0.1390331677352214,0.1390331677352214,0.6842105263157895,80
resid_inward_fraction,radial,19,1471,-0.052208739313654884,0.05997722936603354,-0.07717229193488329,0.07717229193488329,0.631578947368421,80
resid_tangential_fraction,tangential_swirl,19,1471,0.09623650635382754,-0.021327030834687927,0.07486140041564408,0.07486140041564408,0.5789473684210527,80
edge_minus_core_resid_tangential,edge_core,19,1471,0.016711803152776955,0.019481319129049046,-0.07122868949113914,0.07122868949113914,0.7368421052631579,80
resid_velocity_cov_trace,residual_intensity,19,1471,0.01799471914682138,-0.06090968142476265,0.051328017411674476,0.051328017411674476,0.5789473684210527,80
resid_polarization,residual_order,19,1471,-0.07416918841987974,-0.05741279436037611,-0.03838268480661279,0.03838268480661279,0.5263157894736842,80
resid_speed_rms,residual_intensity,19,1471,0.04226308304044804,-0.05122213871107867,0.035742236288849594,0.035742236288849594,0.5789473684210527,80
resid_radial_abs_mean,radial,19,1471,-0.06906151798024115,0.05232550927786406,-0.024458655538041607,0.024458655538041607,0.5789473684210527,80
edge_minus_core_resid_speed,edge_core,19,1471,0.047685239905932195,0.027175214569127748,0.02329599841382654,0.02329599841382654,0.5263157894736842,80
resid_radial_velocity_mean,radial,19,1471,-0.07400494309469584,-0.05719975266022248,0.013554467580689011,0.013554467580689011,0.5263157894736842,80
radius_resid_speed_corr,edge_core,19,1471,0.029703041865751456,-0.03342849517093849,0.009331855729190028,0.009331855729190028,0.5263157894736842,80
radius_resid_tangential_corr,edge_core,19,1471,-0.03534432524481203,0.05574920178609849,0.005893603873929787,0.005893603873929787,0.5263157894736842,80
resid_tangential_speed_mean,tangential_swirl,19,1471,0.17139523575227805,-0.09631723395385572,0.20121096278257405,0.20121096278257405,0.5789473684210527,81
resid_radial_velocity_mean,radial,19,1471,0.02327678567942442,-0.18565317287620114,0.18638461559975955,0.18638461559975955,0.6842105263157895,81
edge_minus_core_resid_speed,edge_core,19,1471,0.024610921369498717,-0.18523355760349278,0.17069319905202235,0.17069319905202235,0.631578947368421,81
radius_resid_speed_corr,edge_core,19,1471,-0.025053876762893834,-0.03026792117266741,0.14858285137739083,0.14858285137739083,0.5789473684210527,81
radius_resid_tangential_corr,edge_core,19,1471,-0.1030231386972662,0.01598658471363068,-0.1075257758462029,0.1075257758462029,0.5789473684210527,81
edge_minus_core_resid_tangential,edge_core,19,1471,0.0818663192329066,-0.07369116339871484,0.0999559902950506,0.0999559902950506,0.5789473684210527,81
resid_speed_rms,residual_intensity,19,1471,-0.0839765463173639,-0.1344093086927755,0.07621072539335935,0.07621072539335935,0.631578947368421,81
resid_velocity_cov_trace,residual_intensity,19,1471,-0.09230446636900302,-0.13030292977576075,0.04017645342777941,0.04017645342777941,0.5789473684210527,81
resid_tangential_fraction,tangential_swirl,19,1471,0.06577493705732695,-0.09098725096968643,0.0379997232680325,0.0379997232680325,0.5263157894736842,81
resid_radial_abs_mean,radial,19,1471,-0.06598864932138987,-0.12308898130477837,0.03322033522166354,0.03322033522166354,0.5263157894736842,81
resid_inward_fraction,radial,19,1471,-0.0021151907808977105,0.05392934090909074,0.01835734129128369,0.01835734129128369,0.5263157894736842,81
resid_polarization,residual_order,19,1471,-0.029414697357297903,-0.04670158507153027,0.01728688771423237,0.01728688771423237,0.5263157894736842,81
edge_minus_core_resid_speed,edge_core,19,1471,0.02309359583751422,-0.03784386026125966,0.20604413291182216,0.20604413291182216,0.631578947368421,82
radius_resid_tangential_corr,edge_core,19,1471,0.026681997986271744,0.0026781092442499377,0.1252773482377957,0.1252773482377957,0.631578947368421,82
edge_minus_core_resid_tangential,edge_core,19,1471,0.16433527442005733,-0.06212630750535589,0.11980902821493922,0.11980902821493922,0.6842105263157895,82
resid_inward_fraction,radial,19,1471,0.05178929635401702,-0.07110682561057785,-0.10578388680069928,0.10578388680069928,0.5789473684210527,82
resid_radial_abs_mean,radial,19,1471,0.1499659526888193,0.019564529871848535,0.07245734811753493,0.07245734811753493,0.5789473684210527,82
resid_velocity_cov_trace,residual_intensity,19,1471,0.07908139889950613,0.14636680872773272,-0.05215451928174103,0.05215451928174103,0.5789473684210527,82
resid_radial_velocity_mean,radial,19,1471,0.0023126075983333494,-0.017675435573839493,-0.05036232320784126,0.05036232320784126,0.5263157894736842,82
resid_speed_rms,residual_intensity,19,1471,0.09998600759164133,0.11217679454231919,-0.03878994881585582,0.03878994881585582,0.5789473684210527,82
radius_resid_speed_corr,edge_core,19,1471,0.007137036103204597,0.07237447799732788,0.03514412562093566,0.03514412562093566,0.5263157894736842,82
resid_polarization,residual_order,19,1471,0.015733384681556675,0.07888229241735606,-0.033307986775406626,0.033307986775406626,0.5263157894736842,82
resid_tangential_fraction,tangential_swirl,19,1471,-0.03567147731160905,-0.12979256327186572,0.015158887029960488,0.015158887029960488,0.5263157894736842,82
resid_tangential_speed_mean,tangential_swirl,19,1471,-0.030497810198863023,-0.05762193987367481,0.002166177690430926,0.002166177690430926,0.5263157894736842,82
radius_resid_tangential_corr,edge_core,19,1468,0.008380176150201382,-0.001905502497512996,-0.16804585050603504,0.16804585050603504,0.5263157894736842,83
resid_radial_abs_mean,radial,19,1468,-0.00037294775309759665,-0.0007075151589459594,0.10461675502948095,0.10461675502948095,0.5263157894736842,83
edge_minus_core_resid_tangential,edge_core,19,1468,0.024076470347546834,0.01639274720465997,-0.0955598585335091,0.0955598585335091,0.5789473684210527,83
edge_minus_core_resid_speed,edge_core,19,1468,0.05911623983171693,0.04362834221585854,0.09465153308542251,0.09465153308542251,0.5263157894736842,83
resid_tangential_fraction,tangential_swirl,19,1468,0.02547007880402781,-0.01050606897674733,-0.0748546910288771,0.0748546910288771,0.5789473684210527,83
resid_tangential_speed_mean,tangential_swirl,19,1468,-0.022270195036850265,0.0199434521548687,0.05380504429260985,0.05380504429260985,0.5789473684210527,83
radius_resid_speed_corr,edge_core,19,1468,0.045383450792156804,-0.008859252266515849,0.034620290539578186,0.034620290539578186,0.5263157894736842,83
resid_polarization,residual_order,19,1468,-0.032748190175722725,-0.012238937518393167,0.03274863723928376,0.03274863723928376,0.5789473684210527,83
resid_inward_fraction,radial,19,1468,0.05388263285379591,-0.014370785913014224,0.028266464345823042,0.028266464345823042,0.5789473684210527,83
resid_radial_velocity_mean,radial,19,1468,0.010372832092395007,0.03975996494823952,0.02118413150494658,0.02118413150494658,0.5789473684210527,83
resid_speed_rms,residual_intensity,19,1468,-0.16858897602838943,0.03703654164166981,0.019405108499262663,0.019405108499262663,0.5263157894736842,83
resid_velocity_cov_trace,residual_intensity,19,1468,-0.15580398813602908,0.017209463877215003,-0.010320482945175707,0.010320482945175707,0.5263157894736842,83
resid_tangential_speed_mean,tangential_swirl,19,1471,-0.196343139403708,0.033856518417951106,-0.2359553831993688,0.2359553831993688,0.6842105263157895,84
resid_speed_rms,residual_intensity,19,1471,-0.16784860344652863,0.035074810566589926,-0.2314748598933053,0.2314748598933053,0.631578947368421,84
resid_velocity_cov_trace,residual_intensity,19,1471,-0.17826288971028076,0.0383280809522851,-0.23064028256824254,0.23064028256824254,0.631578947368421,84
resid_polarization,residual_order,19,1471,-0.15747289463572217,0.018225204642280002,-0.11301040078957925,0.11301040078957925,0.5263157894736842,84
resid_tangential_fraction,tangential_swirl,19,1471,-0.085769925095711,0.05088526397488402,-0.10871507573816841,0.10871507573816841,0.5263157894736842,84
radius_resid_speed_corr,edge_core,19,1471,0.022626115493988467,0.07553876700574375,-0.09130205577321879,0.09130205577321879,0.5263157894736842,84
resid_radial_velocity_mean,radial,19,1471,-0.07698012832114864,-0.03348496619922228,0.07808660362972208,0.07808660362972208,0.5263157894736842,84
edge_minus_core_resid_speed,edge_core,19,1471,0.03483004266447215,0.05761428205003859,-0.046139445359353326,0.046139445359353326,0.5789473684210527,84
resid_radial_abs_mean,radial,19,1471,-0.12218195539637652,-0.11233455799087821,0.03314744066113898,0.03314744066113898,0.5789473684210527,84
radius_resid_tangential_corr,edge_core,19,1471,0.05833582259271286,0.03724768319231782,-0.026529996936610317,0.026529996936610317,0.5263157894736842,84
edge_minus_core_resid_tangential,edge_core,19,1471,0.023312419328522627,0.005197306206702723,0.017745236840831347,0.017745236840831347,0.5263157894736842,84
resid_inward_fraction,radial,19,1471,-0.027118057752054753,0.07051435843521318,0.0021854887135793477,0.0021854887135793477,0.5263157894736842,84
resid_polarization,residual_order,19,1471,-0.13960367216162445,0.11682925910792445,-0.214064301892859,0.214064301892859,0.7894736842105263,85
radius_resid_tangential_corr,edge_core,19,1471,0.01417047450652592,0.09176662669863987,-0.16911513654315016,0.16911513654315016,0.7894736842105263,85
edge_minus_core_resid_speed,edge_core,19,1471,0.04327638443618509,0.12752434777457278,-0.15541565989806,0.15541565989806,0.631578947368421,85
edge_minus_core_resid_tangential,edge_core,19,1471,0.05294425449899571,0.06868865205709415,-0.12785874153395718,0.12785874153395718,0.5789473684210527,85
radius_resid_speed_corr,edge_core,19,1471,-0.033325443543472444,0.06830549548098201,-0.11268437775341447,0.11268437775341447,0.631578947368421,85
resid_radial_abs_mean,radial,19,1471,-0.01297311119747857,0.07036495732803043,-0.09992343110330365,0.09992343110330365,0.6842105263157895,85
resid_radial_velocity_mean,radial,19,1471,-0.025294089613897675,-0.09760087976804649,0.08750996430191499,0.08750996430191499,0.631578947368421,85
resid_tangential_speed_mean,tangential_swirl,19,1471,0.09015951926013685,-0.04157732084037147,0.0871674805148539,0.0871674805148539,0.631578947368421,85
resid_inward_fraction,radial,19,1471,0.02348265407477182,0.10868647727272718,-0.04835538086950114,0.04835538086950114,0.5789473684210527,85
resid_speed_rms,residual_intensity,19,1471,0.06127413979503721,0.03103846668250146,0.025643899970859585,0.025643899970859585,0.5263157894736842,85
resid_tangential_fraction,tangential_swirl,19,1471,-0.017365223398392082,-0.07675780429954512,-0.015535678131279845,0.015535678131279845,0.5263157894736842,85
resid_velocity_cov_trace,residual_intensity,19,1471,0.012497005626727203,0.025658773303414914,0.012938663103341186,0.012938663103341186,0.5263157894736842,85
edge_minus_core_resid_tangential,edge_core,19,1471,0.08798070608086547,-0.10537707209212721,0.2772840845364424,0.2772840845364424,0.7368421052631579,86
radius_resid_tangential_corr,edge_core,19,1471,0.08179054782373091,0.08696643334737587,0.2290344741412718,0.2290344741412718,0.631578947368421,86
resid_radial_velocity_mean,radial,19,1471,0.101845464623943,-0.07775502597455744,0.18862548831639106,0.18862548831639106,0.5789473684210527,86
resid_tangential_speed_mean,tangential_swirl,19,1471,0.034733588067059534,-0.04906626232294331,0.17942034719708633,0.17942034719708633,0.6842105263157895,86
edge_minus_core_resid_speed,edge_core,19,1471,0.14064709942105028,-0.07515193717811977,0.15368525374912242,0.15368525374912242,0.631578947368421,86
resid_velocity_cov_trace,residual_intensity,19,1471,-0.03780899270500941,0.05012677463854864,-0.14532524419767262,0.14532524419767262,0.5789473684210527,86
resid_speed_rms,residual_intensity,19,1471,-0.07741123121028542,-0.009168339556727245,-0.10859360742665897,0.10859360742665897,0.5789473684210527,86
resid_polarization,residual_order,19,1471,0.026549926915420907,0.010041775838738977,-0.10113605430481987,0.10113605430481987,0.5789473684210527,86
resid_tangential_fraction,tangential_swirl,19,1471,0.021445855618677054,-0.003712949323624981,-0.09757980138181727,0.09757980138181727,0.5263157894736842,86
radius_resid_speed_corr,edge_core,19,1471,0.01651668442762272,0.03001453399868126,0.09634178394282399,0.09634178394282399,0.631578947368421,86
resid_radial_abs_mean,radial,19,1471,0.05397238396454596,-0.11355901825002696,0.02616834016652178,0.02616834016652178,0.5263157894736842,86
resid_inward_fraction,radial,19,1471,-0.0705998897119604,0.0712539812087769,-0.010276559149493547,0.010276559149493547,0.5263157894736842,86
radius_resid_tangential_corr,edge_core,19,1470,0.06402875084479492,0.0833936016184032,-0.17509393098617557,0.17509393098617557,0.6842105263157895,87
radius_resid_speed_corr,edge_core,19,1470,0.17646394084284484,0.009041019554074506,0.16742292128877034,0.16742292128877034,0.631578947368421,87
edge_minus_core_resid_tangential,edge_core,19,1470,-0.03034960696656397,0.03386971014260079,-0.16453650602295466,0.16453650602295466,0.6842105263157895,87
resid_polarization,residual_order,19,1470,0.050298163807404234,-0.048331234489735975,0.11917276014909284,0.11917276014909284,0.5789473684210527,87
resid_inward_fraction,radial,19,1470,0.04525681941708759,0.09429810496000585,-0.09060367141843839,0.09060367141843839,0.5789473684210527,87
edge_minus_core_resid_speed,edge_core,19,1470,0.08782807052672548,-0.007969975385945571,0.04379346372174936,0.04379346372174936,0.5789473684210527,87
resid_radial_velocity_mean,radial,19,1470,-0.09315849174405347,-0.13071553509861775,0.0409393878473755,0.0409393878473755,0.5789473684210527,87
resid_tangential_speed_mean,tangential_swirl,19,1470,0.06487836704724281,0.06357288313251086,-0.013630722272634954,0.013630722272634954,0.5263157894736842,87
resid_velocity_cov_trace,residual_intensity,19,1470,0.022543833016275605,-0.05990788070864882,0.005848833447016921,0.005848833447016921,0.5263157894736842,87
resid_radial_abs_mean,radial,19,1470,-0.06379009575831657,-0.024174011180220223,0.005429707317538168,0.005429707317538168,0.5263157894736842,87
resid_tangential_fraction,tangential_swirl,19,1470,0.06080904218612618,-0.010891680539474643,-0.005209283940191184,0.005209283940191184,0.5263157894736842,87
resid_speed_rms,residual_intensity,19,1470,0.0558697017349532,-0.06622071092311493,0.0018332029581779041,0.0018332029581779041,0.5263157894736842,87
resid_polarization,residual_order,19,1470,0.03780290980038703,-0.05539630772013386,0.28584054715800256,0.28584054715800256,0.6842105263157895,88
resid_speed_rms,residual_intensity,19,1470,0.058407527507572055,-0.12262282297475494,0.1714848674007215,0.1714848674007215,0.631578947368421,88
resid_velocity_cov_trace,residual_intensity,19,1470,0.04762840709128088,-0.1174087893216133,0.1439840947814448,0.1439840947814448,0.631578947368421,88
resid_radial_velocity_mean,radial,19,1470,0.05783190906820357,-0.06535064969001247,0.12419312748499561,0.12419312748499561,0.6842105263157895,88
edge_minus_core_resid_tangential,edge_core,19,1470,0.08483868098080484,0.016550532627901182,0.11711729902745155,0.11711729902745155,0.5263157894736842,88
radius_resid_tangential_corr,edge_core,19,1470,0.055804101598721734,-0.08020872759134898,0.10722881578823311,0.10722881578823311,0.631578947368421,88
resid_tangential_speed_mean,tangential_swirl,19,1470,0.06315283824034656,0.008170812763813023,0.08919197848430406,0.08919197848430406,0.5263157894736842,88
resid_radial_abs_mean,radial,19,1470,-0.04858886177635396,-0.04203765826590397,-0.08783321486966542,0.08783321486966542,0.631578947368421,88
edge_minus_core_resid_speed,edge_core,19,1470,0.10323217107887339,-0.049969076363162,0.0796484218197891,0.0796484218197891,0.5789473684210527,88
radius_resid_speed_corr,edge_core,19,1470,0.018393324150069335,-0.09985917452099079,0.07185750903321914,0.07185750903321914,0.631578947368421,88
resid_tangential_fraction,tangential_swirl,19,1470,-0.0274333126758827,-0.03604256382671784,0.05862223932387363,0.05862223932387363,0.5263157894736842,88
resid_inward_fraction,radial,19,1470,0.034584668293352494,0.1022358365532422,-0.027691911892959595,0.027691911892959595,0.5263157894736842,88
resid_polarization,residual_order,19,1471,0.01692027597035914,-0.053865930188182864,0.19702776787777188,0.19702776787777188,0.7368421052631579,89
resid_tangential_speed_mean,tangential_swirl,19,1471,-0.07085474061364261,-0.03905584316462468,0.07433617635676712,0.07433617635676712,0.5263157894736842,89
resid_tangential_fraction,tangential_swirl,19,1471,-0.03384540020761888,0.010000060194891098,-0.0742417599169735,0.0742417599169735,0.5263157894736842,89
resid_velocity_cov_trace,residual_intensity,19,1471,-0.03345836717160776,0.007223750251683203,-0.06905111379759851,0.06905111379759851,0.5789473684210527,89
edge_minus_core_resid_speed,edge_core,19,1471,0.09189023493341675,-0.040629149897019184,0.0652233385582599,0.0652233385582599,0.5789473684210527,89
resid_speed_rms,residual_intensity,19,1471,-0.02710496901683275,0.02358410063897308,-0.060996569451215954,0.060996569451215954,0.631578947368421,89
radius_resid_tangential_corr,edge_core,19,1471,-0.04902139258283089,-0.08398019098966703,0.053596693409781515,0.053596693409781515,0.5789473684210527,89
edge_minus_core_resid_tangential,edge_core,19,1471,0.04740256051816408,0.003519428132892327,-0.047865866025913084,0.047865866025913084,0.5263157894736842,89
resid_inward_fraction,radial,19,1471,0.06413259814600758,-0.013979477794905139,0.04364033726522226,0.04364033726522226,0.631578947368421,89
resid_radial_abs_mean,radial,19,1471,-0.0851738714691202,-0.004147163974476731,-0.04050166521010362,0.04050166521010362,0.5789473684210527,89
resid_radial_velocity_mean,radial,19,1471,0.06111412366617474,0.06939455899517073,-0.021744334249971686,0.021744334249971686,0.5263157894736842,89
radius_resid_speed_corr,edge_core,19,1471,0.06966716666422329,0.039308472447116244,-0.02050822783814485,0.02050822783814485,0.5263157894736842,89
resid_radial_velocity_mean,radial,19,1471,0.07352901582087179,-0.13299375351153847,0.24428860248229073,0.24428860248229073,0.7368421052631579,90
radius_resid_tangential_corr,edge_core,19,1471,0.08382256081557005,0.06355787046436649,0.2179917980579671,0.2179917980579671,0.5263157894736842,90
edge_minus_core_resid_speed,edge_core,19,1471,0.10468111504522165,-0.030412944743912054,0.11116323344791704,0.11116323344791704,0.631578947368421,90
resid_tangential_speed_mean,tangential_swirl,19,1471,0.007080366183776929,0.005623467197867646,-0.08482042557859724,0.08482042557859724,0.5263157894736842,90
resid_tangential_fraction,tangential_swirl,19,1471,-0.04783586675606455,0.010959741923006194,-0.07094174101951892,0.07094174101951892,0.631578947368421,90
radius_resid_speed_corr,edge_core,19,1471,0.00031948424624289595,0.0032715863864883343,0.05627482519536019,0.05627482519536019,0.5789473684210527,90
resid_speed_rms,residual_intensity,19,1471,0.05464571003347335,0.012666922010544535,0.047256866768352,0.047256866768352,0.5263157894736842,90
edge_minus_core_resid_tangential,edge_core,19,1471,-0.07205705666188472,0.047330990296308675,0.04262172988908597,0.04262172988908597,0.5263157894736842,90
resid_radial_abs_mean,radial,19,1471,0.05626729731344349,0.0678096760044309,0.030192663483611465,0.030192663483611465,0.6842105263157895,90
resid_inward_fraction,radial,19,1471,0.013395566782151494,0.08252955268839066,-0.027024440036553618,0.027024440036553618,0.5789473684210527,90
resid_velocity_cov_trace,residual_intensity,19,1471,0.031150104498329348,0.03288140956913016,0.012784244757624519,0.012784244757624519,0.5263157894736842,90
resid_polarization,residual_order,19,1471,0.04667422903659979,0.017972856098528167,-0.0074984385249790494,0.0074984385249790494,0.5263157894736842,90
resid_radial_velocity_mean,radial,19,1470,0.0025485663624218446,-0.06533875448576176,0.13133301900791108,0.13133301900791108,0.5263157894736842,91
edge_minus_core_resid_speed,edge_core,19,1470,-0.04911569302348894,-0.10505499578095881,0.09262116349251337,0.09262116349251337,0.5263157894736842,91
resid_tangential_fraction,tangential_swirl,19,1470,0.033774568225433454,0.07937950720550734,-0.07807784894635864,0.07807784894635864,0.631578947368421,91
edge_minus_core_resid_tangential,edge_core,19,1470,-0.025108752974725007,-0.08965928509305121,0.06663207273340788,0.06663207273340788,0.5789473684210527,91
resid_polarization,residual_order,19,1470,0.012499760170150642,0.048212061529763005,-0.0599458360863199,0.0599458360863199,0.631578947368421,91
resid_inward_fraction,radial,19,1470,-0.005961699124972811,0.001322244069686767,0.05366684294118834,0.05366684294118834,0.6842105263157895,91
resid_speed_rms,residual_intensity,19,1470,-0.04467255921772298,0.009353043364622782,-0.04816862187943263,0.04816862187943263,0.631578947368421,91
radius_resid_speed_corr,edge_core,19,1470,-0.05854208057606236,-0.07752945780942849,0.02998425350839105,0.02998425350839105,0.5789473684210527,91
radius_resid_tangential_corr,edge_core,19,1470,0.0037579243446588945,-0.08154841096290301,0.02985339531970549,0.02985339531970549,0.5263157894736842,91
resid_velocity_cov_trace,residual_intensity,19,1470,-0.047979350326296466,0.00455753626798662,-0.020764100146277054,0.020764100146277054,0.5789473684210527,91
resid_radial_abs_mean,radial,19,1470,0.012702004550846524,-0.04341119720368192,-0.019642382915473877,0.019642382915473877,0.5263157894736842,91
resid_tangential_speed_mean,tangential_swirl,19,1470,-0.0795563099872281,0.01209510782419862,-0.016855142255284034,0.016855142255284034,0.5789473684210527,91
resid_polarization,residual_order,19,1471,-0.08709366716691441,0.0071137096043360215,-0.20751678886079983,0.20751678886079983,0.6842105263157895,92
resid_radial_abs_mean,radial,19,1471,-0.07846460771102037,-0.08103458985733634,-0.1594477330647867,0.1594477330647867,0.5789473684210527,92
radius_resid_speed_corr,edge_core,19,1471,0.0376567813267189,0.05629638125050379,-0.14008931579038325,0.14008931579038325,0.5263157894736842,92
edge_minus_core_resid_speed,edge_core,19,1471,-0.06134725461942836,0.05606324128800478,-0.12638753308350065,0.12638753308350065,0.631578947368421,92
resid_tangential_speed_mean,tangential_swirl,19,1471,0.09223216461515099,-0.03809766231077821,0.11696245306972597,0.11696245306972597,0.5263157894736842,92
radius_resid_tangential_corr,edge_core,19,1471,-0.0381810638246205,0.055736299662170585,-0.10788697216522986,0.10788697216522986,0.5789473684210527,92
edge_minus_core_resid_tangential,edge_core,19,1471,-0.13357508113439864,0.040142345246297145,-0.09107577898157254,0.09107577898157254,0.5789473684210527,92
resid_velocity_cov_trace,residual_intensity,19,1471,0.010036506741231715,-0.02321303756235782,0.059696042692722884,0.059696042692722884,0.5263157894736842,92
resid_speed_rms,residual_intensity,19,1471,0.015822840360213003,0.0319717841742147,0.04244804568320426,0.04244804568320426,0.5263157894736842,92
resid_inward_fraction,radial,19,1471,-0.025340418834833622,0.02504456324694046,-0.03976808259183623,0.03976808259183623,0.5263157894736842,92
resid_tangential_fraction,tangential_swirl,19,1471,0.023564681983597735,-0.04392628185123161,0.028902262568141213,0.028902262568141213,0.5263157894736842,92
resid_radial_velocity_mean,radial,19,1471,0.0035040208491719516,-0.08576594870854956,-0.00874201656451884,0.00874201656451884,0.5263157894736842,92
resid_radial_abs_mean,radial,19,1470,0.07137064629484086,-0.1027358258857829,0.19278826574237795,0.19278826574237795,0.7368421052631579,93
resid_polarization,residual_order,19,1470,0.0038382135363254077,0.04361702131056017,-0.12939128127941013,0.12939128127941013,0.5789473684210527,93
resid_velocity_cov_trace,residual_intensity,19,1470,0.04873880478102932,-0.031132900329993538,0.12250115904136305,0.12250115904136305,0.5789473684210527,93
edge_minus_core_resid_tangential,edge_core,19,1470,0.07096961354818271,0.03837620016637899,0.11342113734680034,0.11342113734680034,0.5263157894736842,93
resid_tangential_fraction,tangential_swirl,19,1470,-0.12473954604792986,0.01885619995980986,-0.11124371754007689,0.11124371754007689,0.5789473684210527,93
resid_speed_rms,residual_intensity,19,1470,0.06203696034949281,-0.04382646028586359,0.07979227077710303,0.07979227077710303,0.5263157894736842,93
resid_inward_fraction,radial,19,1470,-0.03359893373132866,0.053191243598973786,-0.06834894465878688,0.06834894465878688,0.6842105263157895,93
radius_resid_tangential_corr,edge_core,19,1470,-0.03605550649548425,-0.015582010335771806,0.0674329193023665,0.0674329193023665,0.5263157894736842,93
edge_minus_core_resid_speed,edge_core,19,1470,0.07684500792780671,0.01173531151493129,0.06614579214505541,0.06614579214505541,0.5263157894736842,93
radius_resid_speed_corr,edge_core,19,1470,0.07050468041417614,-0.05575924454506458,0.053850548628385835,0.053850548628385835,0.5789473684210527,93
resid_tangential_speed_mean,tangential_swirl,19,1470,-0.010553718835640047,0.00013577318939650418,-0.03197705491837688,0.03197705491837688,0.5263157894736842,93
resid_radial_velocity_mean,radial,19,1470,0.10142170521295557,-0.08202510230208299,0.012162867627720009,0.012162867627720009,0.5789473684210527,93
resid_velocity_cov_trace,residual_intensity,19,1471,0.07754727206411074,-0.15858394229813122,0.22864239537470027,0.22864239537470027,0.7894736842105263,94
resid_speed_rms,residual_intensity,19,1471,0.07590623326417312,-0.21183162985864298,0.22771002779582233,0.22771002779582233,0.7368421052631579,94
resid_tangential_speed_mean,tangential_swirl,19,1471,0.1265524915376005,-0.05619686586580447,0.16676085221311604,0.16676085221311604,0.7894736842105263,94
edge_minus_core_resid_speed,edge_core,19,1471,-0.07248203594279212,-0.0572355964643359,-0.16324312589575063,0.16324312589575063,0.5263157894736842,94
radius_resid_speed_corr,edge_core,19,1471,-0.03513432798119409,-0.06289391452949111,0.1565063549064708,0.1565063549064708,0.5263157894736842,94
resid_radial_velocity_mean,radial,19,1471,0.10093702534707771,-0.10834678311609064,0.15365957892996596,0.15365957892996596,0.5263157894736842,94
resid_polarization,residual_order,19,1471,0.07912071640463118,0.0029968141346576327,0.08710970579960906,0.08710970579960906,0.631578947368421,94
resid_inward_fraction,radial,19,1471,-0.026955673309014314,0.0378413638443342,-0.08226844032640207,0.08226844032640207,0.631578947368421,94
radius_resid_tangential_corr,edge_core,19,1471,-0.0909934845662621,-0.016027229274945057,-0.07820294911333668,0.07820294911333668,0.6842105263157895,94
resid_radial_abs_mean,radial,19,1471,0.08302567710909586,-0.022097987430016452,0.07235516434896916,0.07235516434896916,0.6842105263157895,94
resid_tangential_fraction,tangential_swirl,19,1471,0.06250584215038296,0.06671111242482672,0.03141870399131658,0.03141870399131658,0.5263157894736842,94
edge_minus_core_resid_tangential,edge_core,19,1471,-0.07538426093813405,-0.03895734828705483,-0.0061235144445934,0.0061235144445934,0.5263157894736842,94
resid_radial_abs_mean,radial,19,1471,-0.11864509907167642,0.00036393930030333144,-0.11075844616610354,0.11075844616610354,0.5789473684210527,95
resid_inward_fraction,radial,19,1471,0.040401017045454624,-0.012153279372611125,-0.0830324829545458,0.0830324829545458,0.5789473684210527,95
radius_resid_tangential_corr,edge_core,19,1471,0.0675644746511491,-0.06571742991857248,0.0804415879347498,0.0804415879347498,0.631578947368421,95
radius_resid_speed_corr,edge_core,19,1471,0.056651122264646914,0.017538493016296175,0.07373509430546653,0.07373509430546653,0.5263157894736842,95
resid_tangential_speed_mean,tangential_swirl,19,1471,0.13859633088295525,0.06851862266610248,0.05513791337059429,0.05513791337059429,0.5789473684210527,95
edge_minus_core_resid_speed,edge_core,19,1471,0.029563839219733934,0.06073901949613947,0.020334275961313708,0.020334275961313708,0.5789473684210527,95
resid_polarization,residual_order,19,1471,-0.03654373168890589,-0.017667618923222286,-0.0188761127656836,0.0188761127656836,0.5789473684210527,95
resid_radial_velocity_mean,radial,19,1471,-0.01828381352515443,-0.00830132149562185,-0.015805206999774557,0.015805206999774557,0.5263157894736842,95
resid_speed_rms,residual_intensity,19,1471,0.07316379623987124,0.06779646500755446,0.012936243078189275,0.012936243078189275,0.5263157894736842,95
edge_minus_core_resid_tangential,edge_core,19,1471,0.01280164646665749,0.06488241882018142,-0.011695172301301043,0.011695172301301043,0.631578947368421,95
resid_tangential_fraction,tangential_swirl,19,1471,-0.021665504986131456,0.00010008882432054056,0.010719230225823717,0.010719230225823717,0.5263157894736842,95
resid_velocity_cov_trace,residual_intensity,19,1471,0.06613582309714883,0.07898901532865926,-0.007447971731748687,0.007447971731748687,0.5263157894736842,95
resid_speed_rms,residual_intensity,19,1470,-0.010734653531498672,-0.09516709906196084,0.2535364408845553,0.2535364408845553,0.5789473684210527,96
resid_velocity_cov_trace,residual_intensity,19,1470,-0.020576190132098392,-0.1180577257108183,0.2456100535850937,0.2456100535850937,0.631578947368421,96
edge_minus_core_resid_tangential,edge_core,19,1470,-0.02854427913135351,0.018383412131950994,-0.15072237443813402,0.15072237443813402,0.5789473684210527,96
edge_minus_core_resid_speed,edge_core,19,1470,-0.06416867111363916,0.03288128330594803,0.11127215253842403,0.11127215253842403,0.631578947368421,96
resid_tangential_speed_mean,tangential_swirl,19,1470,-0.10062512860630661,-0.023285923591849153,-0.08478802301285261,0.08478802301285261,0.6842105263157895,96
resid_tangential_fraction,tangential_swirl,19,1470,-0.026932704819394082,0.005635704887250098,-0.08329329856922302,0.08329329856922302,0.5263157894736842,96
resid_inward_fraction,radial,19,1470,-0.024720757613986045,0.018127366627252662,0.07543413268971,0.07543413268971,0.631578947368421,96
resid_radial_velocity_mean,radial,19,1470,-0.049586351960224935,0.04600433326552117,0.07181940035194623,0.07181940035194623,0.5789473684210527,96
radius_resid_speed_corr,edge_core,19,1470,-0.08294299332623609,-0.01018068356330376,-0.06273620883445052,0.06273620883445052,0.5789473684210527,96
resid_polarization,residual_order,19,1470,-0.04664485815548692,0.06518624382713234,-0.016768082733103568,0.016768082733103568,0.631578947368421,96
radius_resid_tangential_corr,edge_core,19,1470,-0.009714038259325042,0.0694594688153366,-0.010977250243565023,0.010977250243565023,0.5789473684210527,96
resid_radial_abs_mean,radial,19,1470,0.15847524109668107,0.00033271327703268683,0.010296801982825093,0.010296801982825093,0.5789473684210527,96
resid_tangential_fraction,tangential_swirl,19,1469,0.06120801612881557,-0.058923489822398395,0.16139786108148968,0.16139786108148968,0.631578947368421,97
radius_resid_tangential_corr,edge_core,19,1469,-0.0010516257890544334,0.029225069334541415,-0.13071199397890332,0.13071199397890332,0.5789473684210527,97
edge_minus_core_resid_speed,edge_core,19,1469,0.10504214258378586,-0.00047459084881362745,0.08992685241185434,0.08992685241185434,0.631578947368421,97
resid_speed_rms,residual_intensity,19,1469,-0.06721745928818632,0.016213902547580428,-0.07591589014187344,0.07591589014187344,0.631578947368421,97
resid_inward_fraction,radial,19,1469,-0.05674154941043047,-0.04589575735294116,-0.06791180440667234,0.06791180440667234,0.5263157894736842,97
radius_resid_speed_corr,edge_core,19,1469,0.002918270306493609,-0.026081020460167692,0.062681706272778,0.062681706272778,0.5789473684210527,97
edge_minus_core_resid_tangential,edge_core,19,1469,0.002446675447098458,-0.024503329420688558,-0.049870864370032034,0.049870864370032034,0.5263157894736842,97
resid_velocity_cov_trace,residual_intensity,19,1469,-0.06433563396996529,0.015381494683893292,-0.04951553247511101,0.04951553247511101,0.5789473684210527,97
resid_tangential_speed_mean,tangential_swirl,19,1469,-0.04982199744764483,0.02277252685751245,-0.009096689064604951,0.009096689064604951,0.5263157894736842,97
resid_radial_velocity_mean,radial,19,1469,-0.06064475388350449,-0.004537124960481254,0.007541675585083785,0.007541675585083785,0.5263157894736842,97
resid_radial_abs_mean,radial,19,1469,-0.00027824093448652193,-0.03822328276955317,-0.007411945714308157,0.007411945714308157,0.5263157894736842,97
resid_polarization,residual_order,19,1469,-0.03186040075191268,0.0029193352869294614,0.006947659257418498,0.006947659257418498,0.5263157894736842,97
resid_radial_velocity_mean,radial,19,1471,0.008183726248427226,-0.1287164329821658,0.14431751251622532,0.14431751251622532,0.5789473684210527,98
resid_speed_rms,residual_intensity,19,1471,0.052678180772822866,0.11151853792605593,0.10128990789696904,0.10128990789696904,0.5789473684210527,98
resid_velocity_cov_trace,residual_intensity,19,1471,0.03630470244874978,0.0888056480659174,0.09235328291719999,0.09235328291719999,0.5789473684210527,98
edge_minus_core_resid_tangential,edge_core,19,1471,0.0293703083268875,0.0015838221094717983,0.06651818600801157,0.06651818600801157,0.5789473684210527,98
resid_tangential_fraction,tangential_swirl,19,1471,-0.05276825990305678,0.030466689013486842,-0.06129172555813845,0.06129172555813845,0.631578947368421,98
resid_tangential_speed_mean,tangential_swirl,19,1471,0.010412555949184166,0.0493579913740646,0.05984569138604873,0.05984569138604873,0.631578947368421,98
radius_resid_speed_corr,edge_core,19,1471,0.03313512785905531,-0.050153214390222,0.05426743634269122,0.05426743634269122,0.5263157894736842,98
resid_inward_fraction,radial,19,1471,-0.0038178142292062123,-0.046460083425938145,0.04274815441643394,0.04274815441643394,0.7368421052631579,98
edge_minus_core_resid_speed,edge_core,19,1471,-0.00973140678488469,0.05253884003583437,-0.04030748605180787,0.04030748605180787,0.5263157894736842,98
resid_polarization,residual_order,19,1471,0.027043214517854686,0.04475030600005328,0.025472095655490246,0.025472095655490246,0.631578947368421,98
resid_radial_abs_mean,radial,19,1471,0.029362599533695438,0.02868899499167088,0.006111933834746494,0.006111933834746494,0.5263157894736842,98
radius_resid_tangential_corr,edge_core,19,1471,0.006414198561407902,-0.0017684377512888483,-0.0010988681818811241,0.0010988681818811241,0.5263157894736842,98
resid_speed_rms,residual_intensity,19,1470,0.058929785410520796,-0.06516120041290378,0.2203271162893657,0.2203271162893657,0.6842105263157895,99
resid_velocity_cov_trace,residual_intensity,19,1470,0.031049208188022814,-0.06416749081456746,0.16042760694032318,0.16042760694032318,0.7368421052631579,99
radius_resid_tangential_corr,edge_core,19,1470,-0.018902258709936212,-0.14096178600742043,0.14994776033082724,0.14994776033082724,0.6842105263157895,99
radius_resid_speed_corr,edge_core,19,1470,0.015692840749181924,-0.0641897352651733,0.13646603176640537,0.13646603176640537,0.6842105263157895,99
resid_tangential_speed_mean,tangential_swirl,19,1470,0.02496600186335464,-0.0651059501265068,0.1301580600113724,0.1301580600113724,0.631578947368421,99
resid_inward_fraction,radial,19,1470,-0.03862451898828104,0.078399373430008,-0.11923703843661627,0.11923703843661627,0.631578947368421,99
resid_polarization,residual_order,19,1470,-0.12595452433878684,-0.004046776710920699,-0.04797758011631745,0.04797758011631745,0.631578947368421,99
edge_minus_core_resid_speed,edge_core,19,1470,-0.002200343429311996,-0.10220587342536762,0.039600705096026395,0.039600705096026395,0.5263157894736842,99
resid_tangential_fraction,tangential_swirl,19,1470,0.05206025308644763,-0.06125147403932413,0.021380040956028468,0.021380040956028468,0.5789473684210527,99
edge_minus_core_resid_tangential,edge_core,19,1470,-0.010865203430319381,-0.07083282581772374,-0.011733443742854094,0.011733443742854094,0.5263157894736842,99
resid_radial_abs_mean,radial,19,1470,-0.04050235402039819,-0.0694503404609067,0.00946732206341877,0.00946732206341877,0.5263157894736842,99
resid_radial_velocity_mean,radial,19,1470,0.008025245758120025,-0.0035591124343538894,-0.0009411177614174829,0.0009411177614174829,0.5263157894736842,99
edge_minus_core_resid_speed,edge_core,19,1470,0.010645959593266738,-0.09019387523280933,-0.14967316386044846,0.14967316386044846,0.5263157894736842,100
resid_polarization,residual_order,19,1470,0.16998056826567795,-0.03370132591101677,0.14928384493694036,0.14928384493694036,0.631578947368421,100
resid_tangential_speed_mean,tangential_swirl,19,1470,-0.0261068939067296,0.12957909599687245,-0.13682318113778735,0.13682318113778735,0.631578947368421,100
edge_minus_core_resid_tangential,edge_core,19,1470,0.11144604451529522,0.024378700334859282,0.12988048761670887,0.12988048761670887,0.5263157894736842,100
resid_radial_velocity_mean,radial,19,1470,-0.08636729252594766,-0.11591109008147574,0.11709233535351796,0.11709233535351796,0.6842105263157895,100
resid_inward_fraction,radial,19,1470,-0.005298473582589613,0.08489632899592073,-0.11319820558059446,0.11319820558059446,0.631578947368421,100
resid_speed_rms,residual_intensity,19,1470,-0.05779029675686459,0.09381246030500628,-0.08856093491609118,0.08856093491609118,0.5263157894736842,100
resid_velocity_cov_trace,residual_intensity,19,1470,-0.04553639804483289,0.08323806192223115,-0.08361788498745493,0.08361788498745493,0.5263157894736842,100
radius_resid_tangential_corr,edge_core,19,1470,0.04593807346237494,-0.06377636552022206,0.07448977991735149,0.07448977991735149,0.5263157894736842,100
resid_radial_abs_mean,radial,19,1470,-0.016149965901949948,0.05336079924664988,-0.06332208413273177,0.06332208413273177,0.631578947368421,100
resid_tangential_fraction,tangential_swirl,19,1470,0.03652607595799229,0.02517539256667367,0.047513387186827266,0.047513387186827266,0.631578947368421,100
radius_resid_speed_corr,edge_core,19,1470,-0.010899802949708881,-0.10607819607876859,-0.0367411742706933,0.0367411742706933,0.5263157894736842,100
edge_minus_core_resid_speed,edge_core,19,1471,-0.013944973196852117,0.13754434781752975,-0.19564962470198038,0.19564962470198038,0.6842105263157895,101
radius_resid_speed_corr,edge_core,19,1470,-0.0040153345469510215,0.11136783705801356,-0.18215075135227,0.18215075135227,0.6842105263157895,101
resid_radial_velocity_mean,radial,19,1470,-0.10738163151429109,-0.0824790941544063,-0.10749948728651726,0.10749948728651726,0.6842105263157895,101
resid_inward_fraction,radial,19,1471,-0.02585362429140997,0.03399547623524812,-0.10734741886054602,0.10734741886054602,0.5789473684210527,101
resid_velocity_cov_trace,residual_intensity,19,1471,-0.12713606477986317,-0.06051335763185012,-0.08562191616219683,0.08562191616219683,0.5789473684210527,101
resid_polarization,residual_order,19,1470,-0.02801576823602861,0.02444932291475691,-0.0851321204387343,0.0851321204387343,0.631578947368421,101
resid_tangential_fraction,tangential_swirl,19,1470,-0.018145598554583503,0.031562081773298764,-0.07544677626247717,0.07544677626247717,0.5263157894736842,101
edge_minus_core_resid_tangential,edge_core,19,1471,-0.003928885987144831,0.030464922027566788,-0.07275339970542238,0.07275339970542238,0.6842105263157895,101
resid_speed_rms,residual_intensity,19,1471,-0.1330478144088377,-0.056399252234927685,-0.060996569451215954,0.060996569451215954,0.631578947368421,101
radius_resid_tangential_corr,edge_core,19,1470,-0.0039566126289765635,0.030322478670357644,-0.05446624946956017,0.05446624946956017,0.5789473684210527,101
resid_tangential_speed_mean,tangential_swirl,19,1471,0.0020260860818076543,0.02789785565303765,0.03106156269343764,0.03106156269343764,0.5789473684210527,101
resid_radial_abs_mean,radial,19,1470,-0.004261880343798569,-0.035895606138580505,-0.015115101211743087,0.015115101211743087,0.5789473684210527,101
edge_minus_core_resid_speed,edge_core,19,1469,-0.08169413491324626,0.08002354316048348,-0.1443966875615308,0.1443966875615308,0.7894736842105263,102
radius_resid_speed_corr,edge_core,19,1467,-0.06592441780342517,0.039309042370975045,-0.12069345988195915,0.12069345988195915,0.6842105263157895,102
resid_tangential_speed_mean,tangential_swirl,19,1469,-0.008865748399576953,-0.0856600679551001,0.10449168745221749,0.10449168745221749,0.5789473684210527,102
resid_polarization,residual_order,19,1467,0.018216686492661893,0.10789800441327936,-0.08104761824029638,0.08104761824029638,0.5789473684210527,102
resid_radial_abs_mean,radial,19,1467,0.03881517368121834,-0.06741273034336305,0.07845939466328875,0.07845939466328875,0.5263157894736842,102
radius_resid_tangential_corr,edge_core,19,1467,-0.020962735708803734,-0.005718610219911449,-0.029885757871795218,0.029885757871795218,0.5789473684210527,102
resid_inward_fraction,radial,19,1469,0.10115734672413768,0.021059594783109203,0.029099623904049687,0.029099623904049687,0.5263157894736842,102
resid_speed_rms,residual_intensity,19,1469,-0.14663622444709046,-0.1431607487328984,0.016834417790950962,0.016834417790950962,0.5263157894736842,102
resid_tangential_fraction,tangential_swirl,19,1467,-0.016641097221093026,0.009421994487542162,-0.016120156820245535,0.016120156820245535,0.5789473684210527,102
edge_minus_core_resid_tangential,edge_core,19,1469,0.01917206323947082,-0.05350378293145641,0.013949610465951862,0.013949610465951862,0.5263157894736842,102
resid_velocity_cov_trace,residual_intensity,19,1469,-0.11618675717058835,-0.1471910200826747,0.011712564473174703,0.011712564473174703,0.5263157894736842,102
resid_radial_velocity_mean,radial,19,1467,-0.12445353469267272,-0.05300450883854074,0.0014586452249228249,0.0014586452249228249,0.5263157894736842,102
radius_resid_tangential_corr,edge_core,19,1471,-0.026575622488129863,-0.004286546851997652,0.12813737192323946,0.12813737192323946,0.631578947368421,103
resid_radial_abs_mean,radial,19,1471,-0.048425743493164586,-0.06129151915173402,-0.12703907488256247,0.12703907488256247,0.5789473684210527,103
radius_resid_speed_corr,edge_core,19,1471,-0.07567357588175141,-0.02943676359395292,-0.068316676321872,0.068316676321872,0.631578947368421,103
resid_tangential_speed_mean,tangential_swirl,19,1471,-0.022420838035029755,0.03329597892158043,-0.06243261543150172,0.06243261543150172,0.5263157894736842,103
resid_radial_velocity_mean,radial,19,1471,-0.16026985705633784,-0.0186084965835438,-0.05274715962641091,0.05274715962641091,0.631578947368421,103
resid_tangential_fraction,tangential_swirl,19,1471,-0.01835858688932676,0.003812440194141453,0.047587396097286405,0.047587396097286405,0.5789473684210527,103
resid_velocity_cov_trace,residual_intensity,19,1471,0.02163108456419549,-0.04521244450948872,-0.03771286037358623,0.03771286037358623,0.5263157894736842,103
resid_polarization,residual_order,19,1471,0.07206768459088203,0.03847392814173939,-0.035704921588303115,0.035704921588303115,0.5789473684210527,103
edge_minus_core_resid_speed,edge_core,19,1471,-0.10828033253700037,0.02816757367709418,0.03380462740244716,0.03380462740244716,0.5263157894736842,103
resid_inward_fraction,radial,19,1471,0.04201817478627701,0.03772307249635831,-0.03294019760505823,0.03294019760505823,0.5263157894736842,103
resid_speed_rms,residual_intensity,19,1471,0.01876027724404862,-0.04004825080232552,-0.0228026149341094,0.0228026149341094,0.5263157894736842,103
edge_minus_core_resid_tangential,edge_core,19,1471,-0.012420341937841917,0.014943964702793577,0.00476557769721403,0.00476557769721403,0.5263157894736842,103
resid_speed_rms,residual_intensity,19,1471,0.07737901446131662,-0.06501205533694061,0.20115698871766466,0.20115698871766466,0.6842105263157895,104
resid_velocity_cov_trace,residual_intensity,19,1471,0.04896825493706691,-0.09347683745154456,0.1997170578944119,0.1997170578944119,0.6842105263157895,104
edge_minus_core_resid_tangential,edge_core,19,1471,-0.16396547313598692,0.07116988642591421,-0.19131139816445342,0.19131139816445342,0.6842105263157895,104
radius_resid_speed_corr,edge_core,19,1471,-0.10956338745606908,0.1449332722622677,-0.1724324341943586,0.1724324341943586,0.7368421052631579,104
edge_minus_core_resid_speed,edge_core,19,1471,-0.06547746625308551,0.034020382766789384,-0.17092079050902545,0.17092079050902545,0.7894736842105263,104
resid_radial_abs_mean,radial,19,1471,0.04674363025908551,-0.03210463012156603,0.1658909401704924,0.1658909401704924,0.7368421052631579,104
resid_polarization,residual_order,19,1471,-0.075479797019921,0.0028852290800501224,-0.12145130528636466,0.12145130528636466,0.5789473684210527,104
resid_tangential_speed_mean,tangential_swirl,19,1471,0.06007798324648075,-0.0013746144343504407,0.11870822529327339,0.11870822529327339,0.6842105263157895,104
radius_resid_tangential_corr,edge_core,19,1471,-0.041391226962243066,0.003036100110858475,-0.09009554750268087,0.09009554750268087,0.5789473684210527,104
resid_radial_velocity_mean,radial,19,1471,0.02508894288513952,0.007137671040443397,0.020286532128921952,0.020286532128921952,0.5789473684210527,104
resid_inward_fraction,radial,19,1471,0.02448441041679339,0.017839758522727275,-0.01917752051124086,0.01917752051124086,0.5263157894736842,104
resid_tangential_fraction,tangential_swirl,19,1471,-0.02180815955603814,0.0435254450513511,-0.017056238264016865,0.017056238264016865,0.5263157894736842,104
resid_tangential_speed_mean,tangential_swirl,19,1471,0.043579266343182745,-0.03126276316159449,0.12011072517862081,0.12011072517862081,0.6842105263157895,105
resid_speed_rms,residual_intensity,19,1471,0.012107047867645743,0.02676033842986092,-0.07982344478774553,0.07982344478774553,0.5263157894736842,105
edge_minus_core_resid_speed,edge_core,19,1471,-0.019127146817351212,-0.03145418577640646,0.07779717536320349,0.07779717536320349,0.5263157894736842,105
resid_tangential_fraction,tangential_swirl,19,1471,-0.06918315932753719,0.06207229122868049,-0.07421660938163643,0.07421660938163643,0.5263157894736842,105
resid_radial_velocity_mean,radial,19,1471,-0.013986309992750467,0.12664088305496954,-0.07232900353225521,0.07232900353225521,0.5789473684210527,105
edge_minus_core_resid_tangential,edge_core,19,1471,0.08239801212450786,-0.07652170226557886,0.045819306029689755,0.045819306029689755,0.631578947368421,105
resid_velocity_cov_trace,residual_intensity,19,1471,0.006482268135202696,0.019267833322261008,-0.03194790374092249,0.03194790374092249,0.5789473684210527,105
resid_radial_abs_mean,radial,19,1471,0.052389298331600775,-0.010337805090952834,-0.02702680125473972,0.02702680125473972,0.5263157894736842,105
radius_resid_tangential_corr,edge_core,19,1471,-0.058332145210297295,-0.0632383273566352,0.02515669385666683,0.02515669385666683,0.5263157894736842,105
radius_resid_speed_corr,edge_core,19,1471,-0.06313267251187607,-0.05466709578857987,-0.020457945909370945,0.020457945909370945,0.5263157894736842,105
resid_polarization,residual_order,19,1471,-0.03138509780012541,-0.04004999755298755,0.01784374828078611,0.01784374828078611,0.5263157894736842,105
resid_inward_fraction,radial,19,1471,-0.01064881539737457,-0.04317340355195241,0.015771564682550004,0.015771564682550004,0.5789473684210527,105
edge_minus_core_resid_speed,edge_core,19,1470,-0.030721193811982697,-0.11704377734683635,0.18710058197474616,0.18710058197474616,0.631578947368421,106
edge_minus_core_resid_tangential,edge_core,19,1470,0.08609846497644552,-0.08013960181467927,0.18025715389101885,0.18025715389101885,0.6842105263157895,106
resid_speed_rms,residual_intensity,19,1470,-0.06562201650365174,0.11340395810327998,-0.15362022183024848,0.15362022183024848,0.631578947368421,106
resid_velocity_cov_trace,residual_intensity,19,1470,-0.05455409253703447,0.10649156393822294,-0.15260645120448324,0.15260645120448324,0.631578947368421,106
resid_tangential_fraction,tangential_swirl,19,1470,-0.16760829796475424,-0.03401912066672755,-0.1447824305587254,0.1447824305587254,0.7368421052631579,106
resid_radial_velocity_mean,radial,19,1470,-0.149458259729897,0.003350766410745637,-0.12357799137381398,0.12357799137381398,0.6842105263157895,106
resid_radial_abs_mean,radial,19,1470,0.042568663828656206,0.02702382160729999,0.12005711117952739,0.12005711117952739,0.5789473684210527,106
resid_polarization,residual_order,19,1470,-0.010157380873352828,0.021627794838220995,-0.07601514276078947,0.07601514276078947,0.631578947368421,106
resid_tangential_speed_mean,tangential_swirl,19,1470,-0.10503505028350413,-0.009857785814766838,-0.053183033090667714,0.053183033090667714,0.5789473684210527,106
resid_inward_fraction,radial,19,1470,-0.03175658231421047,-0.10476594477663533,0.039882857462264915,0.039882857462264915,0.5263157894736842,106
radius_resid_tangential_corr,edge_core,19,1470,0.032357384835666275,0.06609892497731484,-0.03275699455821228,0.03275699455821228,0.6842105263157895,106
radius_resid_speed_corr,edge_core,19,1470,0.041307027521255965,0.003975964879283589,-0.005886405478935042,0.005886405478935042,0.5263157894736842,106
radius_resid_tangential_corr,edge_core,19,1471,0.09657697757299433,-0.040156678385142364,0.11460142732107127,0.11460142732107127,0.7368421052631579,107
resid_radial_abs_mean,radial,19,1471,-0.06251502903117395,0.04068659860990992,-0.09743577096661162,0.09743577096661162,0.5789473684210527,107
radius_resid_speed_corr,edge_core,19,1471,-0.05733360779076009,0.06691652265378567,-0.09335290450700405,0.09335290450700405,0.631578947368421,107
resid_polarization,residual_order,19,1471,0.022585950295428238,-0.009432312016517674,0.07120030963779775,0.07120030963779775,0.5789473684210527,107
resid_velocity_cov_trace,residual_intensity,19,1471,-0.00714884534945992,0.024745459791774033,0.053819655393831045,0.053819655393831045,0.5263157894736842,107
resid_tangential_speed_mean,tangential_swirl,19,1471,-0.007746324948403244,0.022592055135103477,-0.05131516205319969,0.05131516205319969,0.5263157894736842,107
resid_tangential_fraction,tangential_swirl,19,1471,-0.024362818517977225,-0.005899869010820735,-0.04816781790582647,0.04816781790582647,0.5263157894736842,107
edge_minus_core_resid_speed,edge_core,19,1471,-0.012401538607405213,-0.020534114542960072,-0.04388876813738135,0.04388876813738135,0.5263157894736842,107
resid_speed_rms,residual_intensity,19,1471,-0.028899798030378454,0.016359526092328505,0.024254013182370623,0.024254013182370623,0.5789473684210527,107
edge_minus_core_resid_tangential,edge_core,19,1471,-0.021542518012542262,-0.07464950882255238,-0.018721222648565017,0.018721222648565017,0.5263157894736842,107
resid_inward_fraction,radial,19,1471,0.03460760338250418,0.07203312430111124,0.014969549813283689,0.014969549813283689,0.5263157894736842,107
resid_radial_velocity_mean,radial,19,1471,-0.07617279238830285,-0.04315354344520639,-0.0024521333618144625,0.0024521333618144625,0.5263157894736842,107
resid_radial_velocity_mean,radial,19,1470,0.0012211116694461621,-0.14531648572735384,0.18786903855189319,0.18786903855189319,0.7368421052631579,108
resid_velocity_cov_trace,residual_intensity,19,1470,0.06940741969975218,-0.08839174238210129,0.15620736924959078,0.15620736924959078,0.631578947368421,108
edge_minus_core_resid_tangential,edge_core,19,1470,-0.021694488346787083,0.03821498209664109,-0.14770969816171486,0.14770969816171486,0.5789473684210527,108
resid_speed_rms,residual_intensity,19,1470,0.06941586083106999,-0.09501935907184189,0.144925601114247,0.144925601114247,0.631578947368421,108
resid_tangential_fraction,tangential_swirl,19,1470,-0.0366004989343921,-0.04891817840664037,-0.14253855142318433,0.14253855142318433,0.6842105263157895,108
radius_resid_speed_corr,edge_core,19,1470,-0.06775632310915607,0.018160865100315893,-0.09035237714649876,0.09035237714649876,0.5263157894736842,108
resid_tangential_speed_mean,tangential_swirl,19,1470,0.005985364291106576,-0.03111965127766507,0.08598675362482541,0.08598675362482541,0.5263157894736842,108
resid_inward_fraction,radial,19,1470,0.027270852568001214,-0.010941609010051617,0.07601934836533925,0.07601934836533925,0.6842105263157895,108
edge_minus_core_resid_speed,edge_core,19,1470,-0.0463944546896798,0.051552208342866904,-0.07585866924464071,0.07585866924464071,0.5789473684210527,108
resid_radial_abs_mean,radial,19,1470,0.03478560775370923,-0.00598439884531865,0.057252764017072966,0.057252764017072966,0.5263157894736842,108
radius_resid_tangential_corr,edge_core,19,1470,-0.01459398779664418,-0.07460128333864763,0.03822762468848645,0.03822762468848645,0.5263157894736842,108
resid_polarization,residual_order,19,1470,0.02634770056851546,-0.11813431762783999,-0.007436422766613174,0.007436422766613174,0.5789473684210527,108
resid_inward_fraction,radial,19,1471,-0.0746096189877466,0.05958262931086151,-0.13069502211467016,0.13069502211467016,0.6842105263157895,109
resid_polarization,residual_order,19,1471,-0.053983884109149546,0.09435969704518476,-0.12143349900955329,0.12143349900955329,0.631578947368421,109
edge_minus_core_resid_speed,edge_core,19,1471,-0.005762380816321189,0.06224373891046464,-0.0933005319567704,0.0933005319567704,0.5263157894736842,109
resid_velocity_cov_trace,residual_intensity,19,1471,-0.009591154641341165,-0.10155074282411783,0.08424236759190853,0.08424236759190853,0.6842105263157895,109
edge_minus_core_resid_tangential,edge_core,19,1471,-0.06616453201515979,-0.03397525299012641,-0.08002294797213674,0.08002294797213674,0.5789473684210527,109
resid_radial_abs_mean,radial,19,1471,-0.07212082607284619,0.002431106758117141,0.07981359860025189,0.07981359860025189,0.5789473684210527,109
radius_resid_tangential_corr,edge_core,19,1471,-0.017992669851454618,0.042840904540300595,-0.07151729225126394,0.07151729225126394,0.5263157894736842,109
resid_speed_rms,residual_intensity,19,1471,-0.01418557072584535,-0.10919188464716484,0.06817968128979196,0.06817968128979196,0.631578947368421,109
radius_resid_speed_corr,edge_core,19,1471,0.00581092905799941,-0.03678229165591797,-0.05373102061903012,0.05373102061903012,0.5263157894736842,109
resid_tangential_fraction,tangential_swirl,19,1471,-0.03253265392778834,-0.0027896447151772863,0.037961465107812245,0.037961465107812245,0.631578947368421,109
resid_tangential_speed_mean,tangential_swirl,19,1471,-0.009169089903895089,-0.06131149353470633,0.025405426660081568,0.025405426660081568,0.5263157894736842,109
resid_radial_velocity_mean,radial,19,1471,-0.03269619510086874,0.006062923712055537,0.006049906417805326,0.006049906417805326,0.5263157894736842,109
resid_tangential_fraction,tangential_swirl,19,1471,0.009101779714514119,-0.08275820422804361,0.17766727350615044,0.17766727350615044,0.6842105263157895,110
radius_resid_speed_corr,edge_core,19,1471,0.006195926563767606,0.029270873190241797,-0.10381108252743321,0.10381108252743321,0.5789473684210527,110
resid_polarization,residual_order,19,1471,0.02276864179141139,0.008957363006629748,-0.09657237092863954,0.09657237092863954,0.5263157894736842,110
radius_resid_tangential_corr,edge_core,19,1471,-0.013269206601689398,-0.010463031367472841,-0.08683597443956587,0.08683597443956587,0.631578947368421,110
resid_radial_abs_mean,radial,19,1471,0.001882982131703348,0.02577757919612844,-0.0840050452399985,0.0840050452399985,0.6842105263157895,110
resid_tangential_speed_mean,tangential_swirl,19,1471,0.0014312529242343913,-0.09059990892738223,0.06207304740638325,0.06207304740638325,0.5789473684210527,110
resid_radial_velocity_mean,radial,19,1471,-0.09253442938345585,-0.1745338454126634,-0.05147264637505783,0.05147264637505783,0.5263157894736842,110
resid_velocity_cov_trace,residual_intensity,19,1471,-0.06683220979999449,-0.06572743307099754,-0.02435051126028054,0.02435051126028054,0.5789473684210527,110
resid_speed_rms,residual_intensity,19,1471,-0.055762262457287576,-0.06518166533916173,-0.018369752236415626,0.018369752236415626,0.5789473684210527,110
resid_inward_fraction,radial,19,1471,0.09203105050527668,-0.059018749999999995,0.01580859374999989,0.01580859374999989,0.5789473684210527,110
edge_minus_core_resid_speed,edge_core,19,1471,-0.06201598401481988,0.04991474092042625,-0.013836287201157205,0.013836287201157205,0.5263157894736842,110
edge_minus_core_resid_tangential,edge_core,19,1471,-0.04465009300576844,-0.05737551286011412,0.01272541985434568,0.01272541985434568,0.5263157894736842,110
resid_radial_abs_mean,radial,19,1470,0.16093324412192783,-0.12135265451924156,0.27836828223251253,0.27836828223251253,0.8421052631578947,111
resid_speed_rms,residual_intensity,19,1470,0.12878709913654887,0.020754070197935737,0.15368243970959788,0.15368243970959788,0.6842105263157895,111
resid_tangential_fraction,tangential_swirl,19,1470,-0.06120871276191797,0.10428222097984834,-0.14578699139813,0.14578699139813,0.6842105263157895,111
resid_velocity_cov_trace,residual_intensity,19,1470,0.12226649498069439,0.032059546466875366,0.1343403638014966,0.1343403638014966,0.6842105263157895,111
resid_radial_velocity_mean,radial,19,1470,-0.057333043657207886,0.05607522595965278,-0.09284731284946529,0.09284731284946529,0.6842105263157895,111
edge_minus_core_resid_speed,edge_core,19,1470,-0.010224860563445959,0.09170634377022058,-0.08885941846970671,0.08885941846970671,0.5263157894736842,111
resid_inward_fraction,radial,19,1470,-0.0427835683559567,-0.08048011363636362,0.08218882199891303,0.08218882199891303,0.5789473684210527,111
radius_resid_tangential_corr,edge_core,19,1470,0.007516776204635256,-0.0531809799309923,0.07985525757869835,0.07985525757869835,0.5263157894736842,111
resid_tangential_speed_mean,tangential_swirl,19,1470,0.12806477455249138,0.015291525243595727,0.04529767446528747,0.04529767446528747,0.5789473684210527,111
radius_resid_speed_corr,edge_core,19,1470,-0.13811947794666588,-0.021688919251203642,-0.010867679465990432,0.010867679465990432,0.5263157894736842,111
edge_minus_core_resid_tangential,edge_core,19,1470,0.048957302676836845,-0.04038194474996759,-0.009514797508726996,0.009514797508726996,0.5263157894736842,111
resid_polarization,residual_order,19,1470,0.008490585411068195,0.005996432899892379,-0.00023869401038750793,0.00023869401038750793,0.5263157894736842,111
edge_minus_core_resid_speed,edge_core,19,1471,-0.10112560551302752,-0.006963335745427859,-0.17485168123816866,0.17485168123816866,0.6842105263157895,112
resid_velocity_cov_trace,residual_intensity,19,1471,-0.004286819589633825,0.07335395004193707,-0.11861664356634524,0.11861664356634524,0.7368421052631579,112
resid_tangential_fraction,tangential_swirl,19,1471,-0.027887538337862047,-0.10446241117158622,0.11405111097259449,0.11405111097259449,0.631578947368421,112
resid_speed_rms,residual_intensity,19,1471,-0.036020569223561186,0.09055249529920473,-0.11325834990999895,0.11325834990999895,0.8421052631578947,112
resid_tangential_speed_mean,tangential_swirl,19,1471,-0.02779667682886744,0.04130584795302715,0.0849819901088825,0.0849819901088825,0.5789473684210527,112
resid_radial_velocity_mean,radial,19,1471,0.06777767721011019,-0.0253988035528932,0.06583964565062533,0.06583964565062533,0.5789473684210527,112
radius_resid_tangential_corr,edge_core,19,1471,-0.020050280378028834,0.019588974712365287,0.06545765099675843,0.06545765099675843,0.5263157894736842,112
edge_minus_core_resid_tangential,edge_core,19,1471,-0.0698022734757924,0.01895535616176039,-0.05761899323309064,0.05761899323309064,0.5789473684210527,112
radius_resid_speed_corr,edge_core,19,1471,-0.08404367182598943,-0.040166410354813054,-0.03896669335173966,0.03896669335173966,0.5789473684210527,112
resid_polarization,residual_order,19,1471,-0.03458334776379646,-0.13310025543047765,0.029803204531524713,0.029803204531524713,0.5263157894736842,112
resid_radial_abs_mean,radial,19,1471,-0.001580034217787074,0.0626700757315906,-0.01661290151410278,0.01661290151410278,0.631578947368421,112
resid_inward_fraction,radial,19,1471,-0.0026064678899145877,-0.018127711140718338,0.014463389012017519,0.014463389012017519,0.5263157894736842,112
resid_velocity_cov_trace,residual_intensity,19,1471,0.14505767369406625,-0.0634862280901181,0.1308296983882519,0.1308296983882519,0.7368421052631579,113
resid_radial_velocity_mean,radial,19,1471,-0.0038484511801528676,-0.007118822320628937,-0.12996647087821567,0.12996647087821567,0.6842105263157895,113
resid_speed_rms,residual_intensity,19,1471,0.13859372253811603,-0.06309641342913204,0.1276750630019044,0.1276750630019044,0.7368421052631579,113
resid_inward_fraction,radial,19,1471,0.1214653695525468,-0.02194429890883108,0.12050373286319413,0.12050373286319413,0.5789473684210527,113
edge_minus_core_resid_tangential,edge_core,19,1471,-0.08820262747765967,-0.025323344681383683,-0.09612026247943173,0.09612026247943173,0.631578947368421,113
resid_polarization,residual_order,19,1471,0.010932835950309028,0.05234358897536506,-0.08642502439043909,0.08642502439043909,0.7368421052631579,113
edge_minus_core_resid_speed,edge_core,19,1471,-0.07829432020365276,0.021042666054930825,-0.0732656177822765,0.0732656177822765,0.7368421052631579,113
radius_resid_speed_corr,edge_core,19,1471,-0.03589524870923741,0.0991026779556866,-0.07251843444130841,0.07251843444130841,0.5789473684210527,113
radius_resid_tangential_corr,edge_core,19,1471,-0.048197069386742175,0.011792505036074985,-0.05892846758448969,0.05892846758448969,0.631578947368421,113
resid_tangential_fraction,tangential_swirl,19,1471,-0.017295483867913047,0.0957139670020169,-0.054854466937960256,0.054854466937960256,0.5263157894736842,113
resid_tangential_speed_mean,tangential_swirl,19,1471,0.05595077157720986,-0.0013769502968555003,0.028389191496053456,0.028389191496053456,0.5789473684210527,113
resid_radial_abs_mean,radial,19,1471,0.06861821893852837,-0.07775909229156736,0.02163398590910058,0.02163398590910058,0.5789473684210527,113
edge_minus_core_resid_tangential,edge_core,19,1471,0.13526545724501693,-0.13213822957165067,0.3061991655583918,0.3061991655583918,0.6842105263157895,114
resid_tangential_speed_mean,tangential_swirl,19,1471,-0.036715229279098774,0.029467289659671048,-0.17849958199149707,0.17849958199149707,0.631578947368421,114
radius_resid_tangential_corr,edge_core,19,1471,0.05678043701970714,-0.09369248842861042,0.14627827903233034,0.14627827903233034,0.7368421052631579,114
resid_polarization,residual_order,19,1471,0.13930622238802415,0.0960540275007381,0.1219191648653851,0.1219191648653851,0.5789473684210527,114
resid_tangential_fraction,tangential_swirl,19,1471,0.10862977916880343,0.019981292216475308,0.11115853243927154,0.11115853243927154,0.631578947368421,114
resid_inward_fraction,radial,19,1471,0.08535556732813476,-0.06927703921952566,0.060742071324234204,0.060742071324234204,0.5263157894736842,114
resid_radial_velocity_mean,radial,19,1471,0.01866403958377813,0.008869831894606228,0.03947302968988178,0.03947302968988178,0.5263157894736842,114
resid_radial_abs_mean,radial,19,1471,-0.09465298104292472,-0.1250649725159967,0.01536100130634599,0.01536100130634599,0.5263157894736842,114
resid_speed_rms,residual_intensity,19,1471,-0.07989726338241462,0.10813018913113245,-0.010708255716388226,0.010708255716388226,0.5263157894736842,114
resid_velocity_cov_trace,residual_intensity,19,1471,-0.08405424366949099,0.0937738756308966,-0.009525815040020813,0.009525815040020813,0.5789473684210527,114
radius_resid_speed_corr,edge_core,19,1471,-0.03003567093490549,-0.039523203981561617,0.006615618984669815,0.006615618984669815,0.5789473684210527,114
edge_minus_core_resid_speed,edge_core,19,1471,0.03583802120036805,-0.04794600505826276,-0.003628523981867471,0.003628523981867471,0.5263157894736842,114
resid_inward_fraction,radial,19,1471,0.021722469401572853,-0.12739851628331664,0.1866795619728756,0.1866795619728756,0.7368421052631579,115
resid_tangential_fraction,tangential_swirl,19,1471,-0.09984884406277196,0.027493255176875564,-0.1504476840822268,0.1504476840822268,0.6842105263157895,115
edge_minus_core_resid_speed,edge_core,19,1471,0.04972007051756061,-0.0157893055976856,0.14334828486948886,0.14334828486948886,0.6842105263157895,115
resid_polarization,residual_order,19,1471,-0.13012629200040038,0.05050833510970627,-0.142779332420511,0.142779332420511,0.5789473684210527,115
edge_minus_core_resid_tangential,edge_core,19,1471,0.08304756760800089,-0.03656601904970569,0.1295754129147056,0.1295754129147056,0.6842105263157895,115
radius_resid_tangential_corr,edge_core,19,1471,-0.05930612975162944,-0.03587385214739683,0.12031523702805569,0.12031523702805569,0.5789473684210527,115
resid_radial_velocity_mean,radial,19,1471,-0.020767679891376123,-0.04468208132814083,0.09728282220090004,0.09728282220090004,0.5263157894736842,115
radius_resid_speed_corr,edge_core,19,1471,0.13112942126127486,0.01439797740152915,0.08634850988648793,0.08634850988648793,0.6842105263157895,115
resid_radial_abs_mean,radial,19,1471,-0.03799504814440324,-0.1057137353043642,-0.04407295115554233,0.04407295115554233,0.5263157894736842,115
resid_velocity_cov_trace,residual_intensity,19,1471,-0.09529190738854118,-0.046279656324890006,-0.0423532113721336,0.0423532113721336,0.5263157894736842,115
resid_speed_rms,residual_intensity,19,1471,-0.12231146801395576,-0.06064558136479825,-0.03433491161500635,0.03433491161500635,0.5263157894736842,115
resid_tangential_speed_mean,tangential_swirl,19,1471,-0.01569621416110152,-0.08567131307892609,-0.0036216181790746926,0.0036216181790746926,0.5263157894736842,115
resid_radial_abs_mean,radial,19,1471,0.06328096091425264,-0.026867549564575766,0.3439324440200905,0.3439324440200905,0.5789473684210527,116
resid_inward_fraction,radial,19,1471,0.027239423076923286,-0.13261931810130745,0.15217115256215522,0.15217115256215522,0.631578947368421,116
resid_radial_velocity_mean,radial,19,1471,-0.062382695514218434,0.077361859798242,-0.1013128096101858,0.1013128096101858,0.631578947368421,116
radius_resid_tangential_corr,edge_core,19,1471,-0.06475691535593066,-0.007609491519338707,-0.04754090661067506,0.04754090661067506,0.5789473684210527,116
resid_velocity_cov_trace,residual_intensity,19,1471,0.000298210575434138,-0.024744266284899563,-0.04738461506920047,0.04738461506920047,0.5789473684210527,116
resid_speed_rms,residual_intensity,19,1471,-0.003496093670336209,-0.0358633337833717,-0.04633852982746421,0.04633852982746421,0.5789473684210527,116
resid_tangential_speed_mean,tangential_swirl,19,1471,0.1610091876490634,-0.004551727148802261,0.044998576358976417,0.044998576358976417,0.5263157894736842,116
edge_minus_core_resid_speed,edge_core,19,1471,-0.00047643146354392485,-0.08433716027600258,0.02841149831786817,0.02841149831786817,0.6842105263157895,116
radius_resid_speed_corr,edge_core,19,1471,-0.003731543646882496,-0.029972193126167335,0.0225686822719783,0.0225686822719783,0.5263157894736842,116
resid_polarization,residual_order,19,1471,-0.04403179260387396,-0.023317080119002104,-0.01718191687919912,0.01718191687919912,0.5789473684210527,116
resid_tangential_fraction,tangential_swirl,19,1471,-0.11517603033634889,0.0487183434036797,-0.015266886526528911,0.015266886526528911,0.5263157894736842,116
edge_minus_core_resid_tangential,edge_core,19,1471,0.16720279187853293,-0.03938859145859297,-0.009393127981803251,0.009393127981803251,0.5263157894736842,116
edge_minus_core_resid_tangential,edge_core,19,1471,0.06882300997567965,0.01326678412827259,0.09035961952968066,0.09035961952968066,0.5263157894736842,117
radius_resid_tangential_corr,edge_core,19,1471,0.0711358250886505,0.015216784652756138,0.0886335700136329,0.0886335700136329,0.6842105263157895,117
resid_tangential_speed_mean,tangential_swirl,19,1471,0.056244390625113855,-0.07136390342240645,0.06788975651741364,0.06788975651741364,0.5263157894736842,117
resid_velocity_cov_trace,residual_intensity,19,1471,0.036330302834261224,0.060515789632500226,0.06096686653762001,0.06096686653762001,0.631578947368421,117
resid_radial_velocity_mean,radial,19,1471,-0.13174073929185093,-0.04505776037417632,0.05369085559731082,0.05369085559731082,0.5789473684210527,117
radius_resid_speed_corr,edge_core,19,1471,-0.04762814482910848,-0.10083966181559623,0.05231165480102873,0.05231165480102873,0.5789473684210527,117
resid_polarization,residual_order,19,1471,-0.030936760426103133,-0.00955761067774058,0.04873255640418421,0.04873255640418421,0.631578947368421,117
resid_speed_rms,residual_intensity,19,1471,0.038145288612771694,0.04520577553604044,0.048119778321379286,0.048119778321379286,0.631578947368421,117
resid_inward_fraction,radial,19,1471,-0.011632609000504952,-0.02351274419130201,-0.04754129228948842,0.04754129228948842,0.631578947368421,117
edge_minus_core_resid_speed,edge_core,19,1471,0.012852444665572282,-0.057499129944733385,0.02710195525449932,0.02710195525449932,0.5263157894736842,117
resid_radial_abs_mean,radial,19,1471,0.027606395269865525,-0.010875297471065842,0.026411360381296337,0.026411360381296337,0.5263157894736842,117
resid_tangential_fraction,tangential_swirl,19,1471,-0.008100440473042647,-0.012554435914104572,0.021877439837876836,0.021877439837876836,0.5263157894736842,117
resid_tangential_fraction,tangential_swirl,19,1471,-0.002196959082375466,0.04957692421005469,0.1047926762574497,0.1047926762574497,0.631578947368421,118
resid_speed_rms,residual_intensity,19,1471,-0.043089290461732224,0.03314618225481744,0.08133689234536837,0.08133689234536837,0.5263157894736842,118
resid_velocity_cov_trace,residual_intensity,19,1471,-0.01675988505069024,0.01860649873903758,0.07949726383652767,0.07949726383652767,0.5263157894736842,118
resid_inward_fraction,radial,19,1471,0.0007637491533740715,-0.06513896815619509,0.06590271730956916,0.06590271730956916,0.5789473684210527,118
resid_polarization,residual_order,19,1471,0.030706573262393656,-0.04866825802713426,0.05955149216005915,0.05955149216005915,0.5263157894736842,118
radius_resid_speed_corr,edge_core,19,1471,0.08495135867002857,0.10324537569548031,-0.054303441332448854,0.054303441332448854,0.5789473684210527,118
resid_tangential_speed_mean,tangential_swirl,19,1471,0.022243399449112966,-0.024070293737206955,0.05191616763288323,0.05191616763288323,0.5263157894736842,118
edge_minus_core_resid_tangential,edge_core,19,1471,-0.007495087062462297,0.1767215558073426,-0.039983747525785235,0.039983747525785235,0.631578947368421,118
resid_radial_abs_mean,radial,19,1471,0.009766806102908532,0.028718784532304586,-0.03365077749575418,0.03365077749575418,0.5263157894736842,118
resid_radial_velocity_mean,radial,19,1471,-0.04843953729688821,-0.1316231884893291,-0.03262893446307463,0.03262893446307463,0.5263157894736842,118
radius_resid_tangential_corr,edge_core,19,1471,0.020784565800978372,0.05654985507136434,-0.02588363483178202,0.02588363483178202,0.5263157894736842,118
edge_minus_core_resid_speed,edge_core,19,1471,0.058335399463849,0.11161436560375869,0.013476982296830642,0.013476982296830642,0.5789473684210527,118
resid_tangential_speed_mean,tangential_swirl,19,1470,0.09522600423568514,-0.06919168144840979,0.2547863269292438,0.2547863269292438,0.6842105263157895,119
resid_tangential_fraction,tangential_swirl,19,1470,0.01634634622045024,0.012302032207960278,-0.10738604114428665,0.10738604114428665,0.631578947368421,119
resid_speed_rms,residual_intensity,19,1470,0.046163715318543214,-0.13178522504370124,0.09468839241174075,0.09468839241174075,0.5789473684210527,119
resid_radial_abs_mean,radial,19,1470,-0.02388897865013917,-0.11728160760043328,0.07518793712048001,0.07518793712048001,0.7368421052631579,119
resid_velocity_cov_trace,residual_intensity,19,1470,0.02959294591859407,-0.11771125736374935,0.0705898792987704,0.0705898792987704,0.5789473684210527,119
resid_radial_velocity_mean,radial,19,1470,0.03812866746971477,-0.01733640930822189,0.06598741533881547,0.06598741533881547,0.631578947368421,119
edge_minus_core_resid_tangential,edge_core,19,1470,0.04767169187817849,-0.007177853826934685,0.044579008079303845,0.044579008079303845,0.5789473684210527,119
edge_minus_core_resid_speed,edge_core,19,1470,-0.04121430457696562,-0.0996124628525305,-0.02868647472162017,0.02868647472162017,0.5263157894736842,119
radius_resid_speed_corr,edge_core,19,1470,0.04079573460007275,-0.029186248165030203,0.017547859975474978,0.017547859975474978,0.5789473684210527,119
radius_resid_tangential_corr,edge_core,19,1470,0.007616825025915486,0.05868355942361431,-0.016962410227900078,0.016962410227900078,0.5789473684210527,119
resid_polarization,residual_order,19,1470,0.0017898217898086877,0.0025357013844359705,-0.009340577418855467,0.009340577418855467,0.5263157894736842,119
resid_inward_fraction,radial,19,1470,0.015809504825335885,-0.06574738075218653,0.007826181835523749,0.007826181835523749,0.5263157894736842,119
resid_tangential_speed_mean,tangential_swirl,19,1468,-0.06317383915188257,0.003089500684477997,-0.15199615001789946,0.15199615001789946,0.631578947368421,120
radius_resid_speed_corr,edge_core,19,1468,-0.20100531042661768,0.017626877857029433,-0.1476306745840304,0.1476306745840304,0.5789473684210527,120
radius_resid_tangential_corr,edge_core,19,1468,-0.04963389715956868,-0.03360965557027697,-0.12980731017949426,0.12980731017949426,0.5789473684210527,120
resid_radial_velocity_mean,radial,19,1468,0.09766153664061372,-0.03253993117159382,0.1226255621964405,0.1226255621964405,0.7368421052631579,120
resid_inward_fraction,radial,19,1468,0.005234726322577488,0.09551138127213196,-0.10617600401375676,0.10617600401375676,0.631578947368421,120
edge_minus_core_resid_speed,edge_core,19,1468,-0.10996770228904651,-0.03031896321704039,-0.0978899963092435,0.0978899963092435,0.631578947368421,120
edge_minus_core_resid_tangential,edge_core,19,1468,-0.06553934452138095,0.03952080029352084,-0.06206983289581541,0.06206983289581541,0.631578947368421,120
resid_polarization,residual_order,19,1468,0.15356097865094565,0.10139415354161649,0.049581739706997904,0.049581739706997904,0.6842105263157895,120
resid_speed_rms,residual_intensity,19,1468,-0.039761731024037295,0.022243886475835875,-0.03911097974339203,0.03911097974339203,0.5789473684210527,120
resid_velocity_cov_trace,residual_intensity,19,1468,-0.05197725361208502,0.05177581241758119,-0.03774080211636471,0.03774080211636471,0.5789473684210527,120
resid_radial_abs_mean,radial,19,1468,-0.0012019925041089063,0.0823252161702164,-0.033319192897707794,0.033319192897707794,0.631578947368421,120
resid_tangential_fraction,tangential_swirl,19,1468,-0.0223352593319674,-0.1241379725472929,0.007796229540377342,0.007796229540377342,0.5263157894736842,120
edge_minus_core_resid_speed,edge_core,19,1469,0.11601156755885497,-0.06484533963091099,0.18696672088701072,0.18696672088701072,0.631578947368421,121
edge_minus_core_resid_tangential,edge_core,19,1469,0.08865649631880154,0.01505898654965021,0.15259918100756342,0.15259918100756342,0.6842105263157895,121
radius_resid_tangential_corr,edge_core,19,1469,0.14777215448232262,-0.0396571625377346,0.13485660953388864,0.13485660953388864,0.631578947368421,121
radius_resid_speed_corr,edge_core,19,1469,0.11954721186136652,0.0095261341848763,0.10560491704074348,0.10560491704074348,0.631578947368421,121
resid_tangential_fraction,tangential_swirl,19,1469,-0.032011760280226564,-0.017544956146921725,-0.07609426548908978,0.07609426548908978,0.5789473684210527,121
resid_inward_fraction,radial,19,1469,0.03781498665011657,-0.005146395429860923,0.06988700628908662,0.06988700628908662,0.5263157894736842,121
resid_radial_velocity_mean,radial,19,1469,-0.07086870373320547,-0.03771371162334669,-0.06687366308736425,0.06687366308736425,0.5263157894736842,121
resid_velocity_cov_trace,residual_intensity,19,1469,-0.036552361386254506,0.0325057345202011,-0.055835142208839825,0.055835142208839825,0.5789473684210527,121
resid_speed_rms,residual_intensity,19,1469,-0.032215830094324494,0.04407495745950385,-0.05077958343419796,0.05077958343419796,0.5789473684210527,121
resid_tangential_speed_mean,tangential_swirl,19,1469,-0.011856565791330917,-0.024729774404325888,0.030096203727879356,0.030096203727879356,0.5263157894736842,121
resid_polarization,residual_order,19,1469,0.027728585165956388,0.09593387757580366,-0.008466730444738654,0.008466730444738654,0.5263157894736842,121
resid_radial_abs_mean,radial,19,1469,-0.03622531460195066,0.003308703981956436,-0.0007380926354923489,0.0007380926354923489,0.5263157894736842,121
edge_minus_core_resid_tangential,edge_core,19,1471,-0.017337684808808373,0.04916617849647059,0.13059839393764472,0.13059839393764472,0.5263157894736842,122
radius_resid_speed_corr,edge_core,19,1471,0.009449940333885631,0.04571317108125373,-0.12792724444152231,0.12792724444152231,0.5263157894736842,122
resid_inward_fraction,radial,19,1471,0.0772560224965634,-0.025536952201479557,0.11256993885198709,0.11256993885198709,0.5789473684210527,122
resid_polarization,residual_order,19,1471,0.0477377967115937,-0.008765045624327616,0.11105074275046217,0.11105074275046217,0.5789473684210527,122
edge_minus_core_resid_speed,edge_core,19,1471,-0.05276791379227708,0.07267634425998357,-0.10281026636722564,0.10281026636722564,0.5789473684210527,122
resid_radial_abs_mean,radial,19,1471,0.0922668478475615,0.05354973168797644,0.08977299205950137,0.08977299205950137,0.5263157894736842,122
resid_velocity_cov_trace,residual_intensity,19,1471,0.0659224818366066,-0.06920735069965911,0.07693097665396698,0.07693097665396698,0.631578947368421,122
resid_tangential_speed_mean,tangential_swirl,19,1471,0.13020880227019185,0.014802942377320868,0.06844052329988995,0.06844052329988995,0.631578947368421,122
resid_speed_rms,residual_intensity,19,1471,0.09573684807777698,-0.06381342041126026,0.05910602659607633,0.05910602659607633,0.5789473684210527,122
resid_radial_velocity_mean,radial,19,1471,0.01612144109341984,0.048075598711722956,-0.03442637161743356,0.03442637161743356,0.5263157894736842,122
radius_resid_tangential_corr,edge_core,19,1471,0.031478832376063165,0.05076068906050202,-0.020973798376627134,0.020973798376627134,0.5789473684210527,122
resid_tangential_fraction,tangential_swirl,19,1471,-0.01832738396661379,-0.04530174331294411,-0.01860365787845323,0.01860365787845323,0.5789473684210527,122
resid_radial_velocity_mean,radial,19,1471,-0.00446814511513749,-0.02739908676756743,0.1765716267600338,0.1765716267600338,0.6842105263157895,123
resid_tangential_speed_mean,tangential_swirl,19,1471,0.15228139860970946,0.027352259898038023,0.15518824290152777,0.15518824290152777,0.5789473684210527,123
radius_resid_tangential_corr,edge_core,19,1471,-0.13497471381516368,-0.035089354780303464,-0.13643957649292587,0.13643957649292587,0.6842105263157895,123
edge_minus_core_resid_speed,edge_core,19,1471,-0.034734999314912196,-0.11226290806310057,0.10818761130144117,0.10818761130144117,0.5789473684210527,123
resid_speed_rms,residual_intensity,19,1471,0.08536792384127506,-0.04490306899940372,0.10629426787015,0.10629426787015,0.631578947368421,123
resid_velocity_cov_trace,residual_intensity,19,1471,0.07975722697821357,-0.028543033859529582,0.10315374156154661,0.10315374156154661,0.631578947368421,123
resid_polarization,residual_order,19,1471,-0.0333207581743723,0.05390259311034154,-0.09436815964623495,0.09436815964623495,0.6842105263157895,123
radius_resid_speed_corr,edge_core,19,1471,-0.04166185183780313,-0.0229140590766517,-0.08335490015066557,0.08335490015066557,0.631578947368421,123
resid_radial_abs_mean,radial,19,1471,-0.06338796383475866,-0.06335562503975813,-0.04407169309171012,0.04407169309171012,0.631578947368421,123
edge_minus_core_resid_tangential,edge_core,19,1471,-0.0017358339579561788,-0.006957197966525608,-0.031897450539716654,0.031897450539716654,0.5263157894736842,123
resid_tangential_fraction,tangential_swirl,19,1471,0.043942391486887805,0.006032100691436781,-0.0207728203133839,0.0207728203133839,0.5263157894736842,123
resid_inward_fraction,radial,19,1471,0.03559462425803572,-0.046855596178148246,0.0025819227084715873,0.0025819227084715873,0.5263157894736842,123
resid_speed_rms,residual_intensity,19,1471,-0.08836482739559459,-0.012340878780214086,-0.2015196596338686,0.2015196596338686,0.6842105263157895,124
resid_velocity_cov_trace,residual_intensity,19,1471,-0.0936525439818951,0.025970718133589754,-0.1842164289084619,0.1842164289084619,0.6842105263157895,124
resid_inward_fraction,radial,19,1471,-0.06820411089424927,0.05165130412843244,-0.11985541502268171,0.11985541502268171,0.6842105263157895,124
edge_minus_core_resid_speed,edge_core,19,1471,-0.0397171912325871,-0.023218744015509742,0.11129313710226296,0.11129313710226296,0.5263157894736842,124
resid_tangential_speed_mean,tangential_swirl,19,1471,-0.1600359008213657,-0.048456416350451156,-0.09924784255894725,0.09924784255894725,0.6842105263157895,124
radius_resid_speed_corr,edge_core,19,1471,-0.01991391554168878,0.040042616651098935,-0.09837415645265019,0.09837415645265019,0.631578947368421,124
radius_resid_tangential_corr,edge_core,19,1471,0.023664193127043487,-0.024871803347502136,-0.06438058653313737,0.06438058653313737,0.631578947368421,124
resid_tangential_fraction,tangential_swirl,19,1471,-0.006480897644483258,-0.0759776108452544,-0.06208894071433196,0.06208894071433196,0.5263157894736842,124
edge_minus_core_resid_tangential,edge_core,19,1471,-0.05540137668614885,-0.0024805663296166847,-0.05513405615076783,0.05513405615076783,0.5263157894736842,124
resid_polarization,residual_order,19,1471,-0.06779081496150613,-0.0205531856055803,0.054134758064845245,0.054134758064845245,0.5263157894736842,124
resid_radial_velocity_mean,radial,19,1471,-0.003245159253548291,0.026052868196163398,-0.020348130114402563,0.020348130114402563,0.5789473684210527,124
resid_radial_abs_mean,radial,19,1471,-0.03417487272725154,-0.05681810838091539,0.014423979429306316,0.014423979429306316,0.5263157894736842,124
edge_minus_core_resid_tangential,edge_core,19,1471,0.11339323691070982,-0.0795692780485775,0.1263815480579338,0.1263815480579338,0.7894736842105263,125
radius_resid_speed_corr,edge_core,19,1471,0.08249012321962726,-0.010434673221909385,0.12132839403401711,0.12132839403401711,0.7368421052631579,125
resid_velocity_cov_trace,residual_intensity,19,1471,0.00916352638294804,-0.024461519678090737,0.11792875446805548,0.11792875446805548,0.5789473684210527,125
radius_resid_tangential_corr,edge_core,19,1471,0.1087551019297279,-0.03351867272688561,0.09862072368878542,0.09862072368878542,0.7368421052631579,125
resid_radial_velocity_mean,radial,19,1471,0.014010585760134697,-0.020982332529466227,0.08517218955016287,0.08517218955016287,0.5789473684210527,125
resid_polarization,residual_order,19,1471,-0.04477077718986554,0.004494733889533472,-0.08253544356176998,0.08253544356176998,0.6842105263157895,125
resid_speed_rms,residual_intensity,19,1471,-0.011768489905379875,-0.026279883184247538,0.08087440691640002,0.08087440691640002,0.5789473684210527,125
edge_minus_core_resid_speed,edge_core,19,1471,0.04192944707697155,0.0409935964499754,0.06276197288567875,0.06276197288567875,0.5263157894736842,125
resid_inward_fraction,radial,19,1471,-0.0513689189646562,0.079498734074747,-0.05832120534884683,0.05832120534884683,0.631578947368421,125
resid_tangential_fraction,tangential_swirl,19,1471,0.10392939842414659,0.06634422599207201,0.05312002883314265,0.05312002883314265,0.631578947368421,125
resid_radial_abs_mean,radial,19,1471,0.003976774218935178,-0.039874585833114096,0.03016050850326403,0.03016050850326403,0.5789473684210527,125
resid_tangential_speed_mean,tangential_swirl,19,1471,0.07097794990550926,0.0026431193643090406,-0.0019320776133736062,0.0019320776133736062,0.5263157894736842,125
edge_minus_core_resid_speed,edge_core,19,1471,-0.06123725337958674,0.11535607544272554,-0.2409426769950992,0.2409426769950992,0.5789473684210527,126
edge_minus_core_resid_tangential,edge_core,19,1471,-0.08031542544908354,0.06891904497544875,-0.19171676698897946,0.19171676698897946,0.5789473684210527,126
resid_velocity_cov_trace,residual_intensity,19,1471,-0.10840624788290917,-0.03976414017132002,-0.1651807063666341,0.1651807063666341,0.5789473684210527,126
resid_speed_rms,residual_intensity,19,1471,-0.12377936701373041,-0.022599865390608043,-0.16327105884224574,0.16327105884224574,0.631578947368421,126
resid_inward_fraction,radial,19,1471,-0.06024766418678573,0.0644113057186588,-0.14420165305812882,0.14420165305812882,0.7368421052631579,126
resid_polarization,residual_order,19,1471,-0.09806120145562774,0.05858512847661687,-0.10702680796958261,0.10702680796958261,0.6842105263157895,126
resid_radial_velocity_mean,radial,19,1471,0.0025485663624218446,-0.11960472464401528,0.10405027046558468,0.10405027046558468,0.7368421052631579,126
radius_resid_speed_corr,edge_core,19,1471,0.036359786764147174,-0.004988080429937702,0.07332181658159707,0.07332181658159707,0.5263157894736842,126
radius_resid_tangential_corr,edge_core,19,1471,0.11761366847811366,0.02898899930630335,-0.04833064657026698,0.04833064657026698,0.5789473684210527,126
resid_tangential_fraction,tangential_swirl,19,1471,-0.03883198490661399,-0.010215625066897438,-0.036880584265062744,0.036880584265062744,0.5263157894736842,126
resid_tangential_speed_mean,tangential_swirl,19,1471,-0.04196489321904484,-0.03378616506582732,-0.02762878444622809,0.02762878444622809,0.5789473684210527,126
resid_radial_abs_mean,radial,19,1471,-0.046729713808994155,0.00538718633171055,0.02100463923952689,0.02100463923952689,0.5263157894736842,126
resid_inward_fraction,radial,19,1471,-0.03519746420049702,0.12022105879604086,-0.1942717546305458,0.1942717546305458,0.6842105263157895,127
resid_radial_abs_mean,radial,19,1471,0.04776968016054639,-0.13188945055457527,0.120866492791464,0.120866492791464,0.6842105263157895,127
resid_tangential_fraction,tangential_swirl,19,1471,-0.003782609011002802,0.010491461333376959,-0.0901999787369356,0.0901999787369356,0.631578947368421,127
edge_minus_core_resid_speed,edge_core,19,1471,-0.0026208731364931737,-0.041043107995866634,0.07742402254736758,0.07742402254736758,0.5263157894736842,127
resid_polarization,residual_order,19,1471,-0.0016254454079865643,0.01009317919552169,-0.07382874396081529,0.07382874396081529,0.5263157894736842,127
radius_resid_tangential_corr,edge_core,19,1471,0.08918323302026723,-0.037846050452522206,0.07379838291508606,0.07379838291508606,0.5789473684210527,127
resid_velocity_cov_trace,residual_intensity,19,1471,-0.17120628782547798,-0.09834970349963636,-0.044583853062405615,0.044583853062405615,0.5263157894736842,127
resid_speed_rms,residual_intensity,19,1471,-0.15701960535707923,-0.12668892867033887,-0.043933690522943436,0.043933690522943436,0.5263157894736842,127
edge_minus_core_resid_tangential,edge_core,19,1471,0.16010142485436557,0.02251340928095863,0.04180248820104929,0.04180248820104929,0.5263157894736842,127
resid_tangential_speed_mean,tangential_swirl,19,1471,-0.04110924538218891,-0.10911086772182182,0.026868114323097048,0.026868114323097048,0.5789473684210527,127
radius_resid_speed_corr,edge_core,19,1471,0.026221277767266127,-0.027545468028031816,-0.01998388009513334,0.01998388009513334,0.5263157894736842,127
resid_radial_velocity_mean,radial,19,1471,-0.1158509377601793,-0.13132910134088457,-0.0027313813653279118,0.0027313813653279118,0.5263157894736842,127
resid_speed_rms,residual_intensity,19,1471,0.09429747754158546,-0.06083040892120073,0.17065607116868592,0.17065607116868592,0.6842105263157895,128
resid_velocity_cov_trace,residual_intensity,19,1471,0.10732900917895477,-0.08039174405190569,0.1447544576899351,0.1447544576899351,0.6842105263157895,128
radius_resid_tangential_corr,edge_core,19,1471,0.04444339581721914,0.08654515575069915,-0.12008386773502266,0.12008386773502266,0.631578947368421,128
resid_radial_velocity_mean,radial,19,1471,0.030594808563103898,0.011542671425066153,-0.07722614393047647,0.07722614393047647,0.5789473684210527,128
resid_tangential_speed_mean,tangential_swirl,19,1471,0.08446544486565663,0.046073047263801986,0.06812854021377904,0.06812854021377904,0.5789473684210527,128
resid_inward_fraction,radial,19,1471,0.02312835483104856,0.06328311597092984,-0.040768171731185625,0.040768171731185625,0.5789473684210527,128
resid_tangential_fraction,tangential_swirl,19,1471,-0.0030257625919082043,-0.02762273183070041,0.03843385823226453,0.03843385823226453,0.5263157894736842,128
resid_polarization,residual_order,19,1471,-0.0032897022625599168,-0.0717951487822352,-0.032747123883236945,0.032747123883236945,0.5263157894736842,128
radius_resid_speed_corr,edge_core,19,1471,-0.04023100756684979,0.06526365055370484,-0.020382291115890835,0.020382291115890835,0.5263157894736842,128
edge_minus_core_resid_tangential,edge_core,19,1471,0.03955965650777438,0.0518295098366829,0.01594887395470726,0.01594887395470726,0.5263157894736842,128
edge_minus_core_resid_speed,edge_core,19,1471,-0.028503311674886345,0.04726556285184236,-0.012359871239879361,0.012359871239879361,0.5789473684210527,128
resid_radial_abs_mean,radial,19,1471,-0.04438887908843662,-0.0992826363070759,-3.685079207044195e-05,3.685079207044195e-05,0.5263157894736842,128
resid_tangential_fraction,tangential_swirl,19,1471,0.0051070299556653515,0.14647966286458575,-0.13033010287917404,0.13033010287917404,0.6842105263157895,129
resid_polarization,residual_order,19,1471,-0.027049867529941485,0.0064024480307903735,-0.12101649438686188,0.12101649438686188,0.631578947368421,129
resid_tangential_speed_mean,tangential_swirl,19,1471,-0.005681713935279525,0.0666038686821102,-0.10550383971117966,0.10550383971117966,0.6842105263157895,129
edge_minus_core_resid_speed,edge_core,19,1471,0.0035742616781760383,-0.12156889076965406,0.08207187891685111,0.08207187891685111,0.6842105263157895,129
radius_resid_speed_corr,edge_core,19,1471,0.1000394400301844,-0.028064538859523425,0.06466740027181994,0.06466740027181994,0.5263157894736842,129
resid_speed_rms,residual_intensity,19,1471,-0.023644906088759188,0.06702252020933247,-0.0543463346156981,0.0543463346156981,0.5789473684210527,129
resid_radial_abs_mean,radial,19,1471,0.004721364036264164,-0.042839846886943866,0.03996096370081992,0.03996096370081992,0.5263157894736842,129
resid_inward_fraction,radial,19,1471,0.05014663031442085,0.05960852662970417,-0.030203520985099708,0.030203520985099708,0.631578947368421,129
resid_velocity_cov_trace,residual_intensity,19,1471,0.007648690585090878,0.08985136009676278,-0.02956834951105261,0.02956834951105261,0.5789473684210527,129
edge_minus_core_resid_tangential,edge_core,19,1471,0.03506566928714383,-0.02254763742023059,0.012917082754607068,0.012917082754607068,0.5263157894736842,129
resid_radial_velocity_mean,radial,19,1471,-0.009172535281893296,-0.00956056321911851,-0.008484272808042537,0.008484272808042537,0.5263157894736842,129
radius_resid_tangential_corr,edge_core,19,1471,0.02844168330364749,0.02495758832458539,0.0011145176003643162,0.0011145176003643162,0.5263157894736842,129
edge_minus_core_resid_speed,edge_core,19,1470,-0.05725380270317931,0.06822507481095125,-0.17710159581129098,0.17710159581129098,0.6842105263157895,130
resid_velocity_cov_trace,residual_intensity,19,1470,0.05163018178816544,0.14496802130424336,-0.17230529861047927,0.17230529861047927,0.5789473684210527,130
resid_speed_rms,residual_intensity,19,1470,0.05437963176616397,0.1487782617008802,-0.16665136066622407,0.16665136066622407,0.5789473684210527,130
radius_resid_speed_corr,edge_core,19,1470,-0.01810654626519584,0.025731797427916765,-0.15453639930863003,0.15453639930863003,0.5263157894736842,130
resid_polarization,residual_order,19,1470,0.06640476307005555,0.004068159144642952,0.12951854961038584,0.12951854961038584,0.5789473684210527,130
resid_tangential_speed_mean,tangential_swirl,19,1470,0.05100602937306675,0.18366928334675503,-0.11593241509141701,0.11593241509141701,0.7894736842105263,130
radius_resid_tangential_corr,edge_core,19,1470,-0.05627524037280086,0.08989110025303182,-0.08549098979432734,0.08549098979432734,0.631578947368421,130
edge_minus_core_resid_tangential,edge_core,19,1470,-0.021963310094993832,0.06415180146015151,-0.07633823890247829,0.07633823890247829,0.5789473684210527,130
resid_tangential_fraction,tangential_swirl,19,1470,0.09357522261436746,-0.05375507555306565,-0.06298423650762558,0.06298423650762558,0.5789473684210527,130
resid_radial_abs_mean,radial,19,1470,0.005260430427973417,-0.048001716995361876,-0.052914045553347056,0.052914045553347056,0.5263157894736842,130
resid_radial_velocity_mean,radial,19,1470,0.03953105519176667,0.07308933255442318,-0.031102860247000194,0.031102860247000194,0.631578947368421,130
resid_inward_fraction,radial,19,1470,0.05499582547391624,-0.05672160006390761,-0.009070228236615796,0.009070228236615796,0.5263157894736842,130
edge_minus_core_resid_speed,edge_core,19,1471,0.1716341514302399,-0.027539678589744224,0.2667019688267831,0.2667019688267831,0.7894736842105263,131
edge_minus_core_resid_tangential,edge_core,19,1471,0.1143275790043527,0.061700549956202555,0.14597251801672417,0.14597251801672417,0.631578947368421,131
radius_resid_tangential_corr,edge_core,19,1471,0.0833155514975682,-0.022442477319412235,0.1264208422306382,0.1264208422306382,0.6842105263157895,131
resid_inward_fraction,radial,19,1471,-0.06099428920777328,0.04009976963005138,-0.12349322083014638,0.12349322083014638,0.5789473684210527,131
resid_polarization,residual_order,19,1471,-0.061487892388035544,-0.03268826207675912,0.11386366693663609,0.11386366693663609,0.5789473684210527,131
radius_resid_speed_corr,edge_core,19,1471,0.1238427174216716,-0.040966662326066716,0.10540877116828873,0.10540877116828873,0.7368421052631579,131
resid_tangential_fraction,tangential_swirl,19,1471,0.03645571986502058,-0.053308437183039126,0.05082385547837076,0.05082385547837076,0.5263157894736842,131
resid_radial_velocity_mean,radial,19,1471,0.04866444790711112,0.04573022997526434,0.01749707376196541,0.01749707376196541,0.5263157894736842,131
resid_tangential_speed_mean,tangential_swirl,19,1471,-0.008614893071139058,-0.004997762945538886,-0.01733513626351388,0.01733513626351388,0.5789473684210527,131
resid_radial_abs_mean,radial,19,1471,0.023716396297553732,0.014982330545999734,0.010247988855181994,0.010247988855181994,0.5263157894736842,131
resid_velocity_cov_trace,residual_intensity,19,1471,-0.03875944034580624,0.03909558097505336,-0.004193770672442934,0.004193770672442934,0.5263157894736842,131
resid_speed_rms,residual_intensity,19,1471,-0.035633217469960676,0.06799267259516,0.001011374552357558,0.001011374552357558,0.5263157894736842,131
edge_minus_core_resid_tangential,edge_core,19,1470,0.10815761072031088,-0.08207434663125088,0.2034500678444927,0.2034500678444927,0.631578947368421,132
radius_resid_speed_corr,edge_core,19,1470,0.04705492401306418,0.015869802367048748,0.16954986661837157,0.16954986661837157,0.631578947368421,132
resid_radial_velocity_mean,radial,19,1470,-0.08217096950601924,-0.0909191097889207,0.12208028698748835,0.12208028698748835,0.631578947368421,132
resid_velocity_cov_trace,residual_intensity,19,1470,0.03905076643368889,-0.08056652480840279,0.09616865745227157,0.09616865745227157,0.5263157894736842,132
edge_minus_core_resid_speed,edge_core,19,1470,-0.035540580718545045,-0.05862098621375278,0.07796667787972086,0.07796667787972086,0.5263157894736842,132
resid_speed_rms,residual_intensity,19,1470,0.031936416686975645,-0.0791215791848584,0.07183067309830804,0.07183067309830804,0.5263157894736842,132
resid_polarization,residual_order,19,1470,0.018384355826073506,0.058826856506546815,0.07120395585712924,0.07120395585712924,0.631578947368421,132
radius_resid_tangential_corr,edge_core,19,1470,-0.03553134239173955,-0.05069064609929386,0.036948311631497366,0.036948311631497366,0.6842105263157895,132
resid_tangential_fraction,tangential_swirl,19,1470,0.048662068430729594,-0.0043092073600894225,0.02324596783053276,0.02324596783053276,0.5263157894736842,132
resid_tangential_speed_mean,tangential_swirl,19,1470,0.028776606266729288,-0.06736559907343637,-0.021737614522571863,0.021737614522571863,0.5263157894736842,132
resid_radial_abs_mean,radial,19,1470,-0.0876380440446376,-0.09288903176978731,0.015635153691447523,0.015635153691447523,0.5263157894736842,132
resid_inward_fraction,radial,19,1470,-0.054649623032987094,-0.02416086287288033,0.012451089296654241,0.012451089296654241,0.5263157894736842,132
resid_speed_rms,residual_intensity,19,1471,0.04785672361302455,-0.07366892153971771,0.20197735887292342,0.20197735887292342,0.631578947368421,133
resid_radial_abs_mean,radial,19,1471,0.03255701658432647,-0.10767908089430511,0.17295851942964657,0.17295851942964657,0.6842105263157895,133
resid_tangential_fraction,tangential_swirl,19,1471,-0.0544162922479777,0.10405340454113347,-0.16926280101858,0.16926280101858,0.631578947368421,133
resid_velocity_cov_trace,residual_intensity,19,1471,0.05427995481646199,-0.03964607218638483,0.1586418739945683,0.1586418739945683,0.631578947368421,133
radius_resid_speed_corr,edge_core,19,1471,0.0471458355939276,-0.08588349361795208,0.13302932921187968,0.13302932921187968,0.7368421052631579,133
radius_resid_tangential_corr,edge_core,19,1471,-0.02640769797725878,-0.05172722217227477,0.12465423215233279,0.12465423215233279,0.5789473684210527,133
resid_radial_velocity_mean,radial,19,1471,-0.11498315258708852,-0.08032167493738529,-0.07710800863662748,0.07710800863662748,0.5263157894736842,133
edge_minus_core_resid_speed,edge_core,19,1471,8.131668261157632e-05,-0.05844240654212993,0.040330074570496366,0.040330074570496366,0.631578947368421,133
edge_minus_core_resid_tangential,edge_core,19,1471,0.06753996431880846,-0.04769732377985669,0.022156250797212312,0.022156250797212312,0.631578947368421,133
resid_polarization,residual_order,19,1471,0.009986681200781666,-0.059120821519526245,-0.01759741193866113,0.01759741193866113,0.5263157894736842,133
resid_tangential_speed_mean,tangential_swirl,19,1471,-0.10652278275402306,0.015894494515073063,0.012985564876534489,0.012985564876534489,0.5263157894736842,133
resid_inward_fraction,radial,19,1471,0.03747932609110455,0.035163618881118894,-0.009321116401497409,0.009321116401497409,0.5263157894736842,133
resid_tangential_fraction,tangential_swirl,19,1471,0.10597113178243861,-0.09062301371163903,0.14002689890943998,0.14002689890943998,0.5263157894736842,134
resid_speed_rms,residual_intensity,19,1471,0.12519010317579116,-0.12175881553220866,0.1376449805440493,0.1376449805440493,0.631578947368421,134
edge_minus_core_resid_speed,edge_core,19,1471,-0.05348869895407636,-0.03066702805774446,-0.13277393000509127,0.13277393000509127,0.5263157894736842,134
resid_velocity_cov_trace,residual_intensity,19,1471,0.0926754026212473,-0.12841555494425927,0.12365776366905334,0.12365776366905334,0.631578947368421,134
resid_tangential_speed_mean,tangential_swirl,19,1471,0.07487965147412387,-0.020861925815569476,0.12034795877785306,0.12034795877785306,0.631578947368421,134
radius_resid_tangential_corr,edge_core,19,1471,0.03996869414618924,-0.13941438536768594,0.10110390885075038,0.10110390885075038,0.6842105263157895,134
resid_radial_velocity_mean,radial,19,1471,0.008666497749236557,-0.10155818715255457,0.09393093866531849,0.09393093866531849,0.5789473684210527,134
resid_radial_abs_mean,radial,19,1471,-0.047416824500136956,-0.06361973879353225,0.09214447746623312,0.09214447746623312,0.5789473684210527,134
radius_resid_speed_corr,edge_core,19,1471,-0.035552827050588376,0.05886432160393676,-0.08444075647703503,0.08444075647703503,0.6842105263157895,134
edge_minus_core_resid_tangential,edge_core,19,1471,0.02750057103188136,-0.009191513106508814,0.05804209597253601,0.05804209597253601,0.5263157894736842,134
resid_inward_fraction,radial,19,1471,0.023470756083744437,-0.025989097176025183,0.025374577313226974,0.025374577313226974,0.631578947368421,134
resid_polarization,residual_order,19,1471,-0.0715920817082801,-0.007819833372682924,0.0024207373742432814,0.0024207373742432814,0.5263157894736842,134
edge_minus_core_resid_speed,edge_core,19,1471,-0.06062376326301013,0.03684843599892873,-0.15062751620878312,0.15062751620878312,0.631578947368421,135
radius_resid_speed_corr,edge_core,19,1471,0.027321591443210336,0.02461190140857436,0.1017838688513735,0.1017838688513735,0.5789473684210527,135
radius_resid_tangential_corr,edge_core,19,1471,-0.04187660111405163,0.07710415918717525,-0.08358564524029641,0.08358564524029641,0.6842105263157895,135
resid_speed_rms,residual_intensity,19,1471,-0.012774374662755716,0.003232437672326973,-0.054450024834307165,0.054450024834307165,0.631578947368421,135
resid_velocity_cov_trace,residual_intensity,19,1471,-0.005457890442693791,-0.0024952696763753043,-0.04810269618178896,0.04810269618178896,0.5789473684210527,135
resid_polarization,residual_order,19,1471,-0.02210589711542199,0.08251355297866783,-0.03955199051997052,0.03955199051997052,0.6842105263157895,135
resid_inward_fraction,radial,19,1471,0.041536128043930726,0.04703103457471067,-0.029253808709890416,0.029253808709890416,0.5263157894736842,135
resid_tangential_fraction,tangential_swirl,19,1471,-0.04685618174142947,-0.056750837735901796,0.023244763972793736,0.023244763972793736,0.5263157894736842,135
resid_radial_velocity_mean,radial,19,1471,-0.023440426073079335,-0.01946726522943998,0.02195288289052512,0.02195288289052512,0.5263157894736842,135
edge_minus_core_resid_tangential,edge_core,19,1471,-0.049441945948000166,-0.028718909327528755,0.02079471631241899,0.02079471631241899,0.5789473684210527,135
resid_radial_abs_mean,radial,19,1471,0.030639440259555506,0.050525203744041486,-0.013342084400078114,0.013342084400078114,0.5263157894736842,135
resid_tangential_speed_mean,tangential_swirl,19,1471,-0.09057154792355981,0.027987654080024002,4.870624628755538e-05,4.870624628755538e-05,0.5263157894736842,135
resid_radial_velocity_mean,radial,19,1471,-0.0862939894141182,0.13663512699520886,-0.2650830104724934,0.2650830104724934,0.6842105263157895,136
resid_polarization,residual_order,19,1471,-0.06480002432187622,0.017646057199508763,-0.1428590285731402,0.1428590285731402,0.631578947368421,136
radius_resid_speed_corr,edge_core,19,1471,-0.026989609965099123,0.06442775690357183,-0.10818747415660263,0.10818747415660263,0.5263157894736842,136
resid_radial_abs_mean,radial,19,1471,-0.05772307158041434,-0.01934823883614991,-0.10264031249769684,0.10264031249769684,0.5263157894736842,136
edge_minus_core_resid_speed,edge_core,19,1471,-0.06962002929147437,0.0626943696715399,-0.06049516680502676,0.06049516680502676,0.7368421052631579,136
resid_tangential_fraction,tangential_swirl,19,1471,0.020773715657874586,0.0667888932557379,-0.05178969639324449,0.05178969639324449,0.5263157894736842,136
resid_velocity_cov_trace,residual_intensity,19,1471,-0.04799191895008681,-0.0924045021116331,0.0363856000899212,0.0363856000899212,0.5789473684210527,136
resid_tangential_speed_mean,tangential_swirl,19,1471,0.004241591828673119,0.040458634991931766,-0.032025813158731986,0.032025813158731986,0.631578947368421,136
resid_inward_fraction,radial,19,1471,-0.009813676425536488,-0.05502481515989491,0.030045517991370174,0.030045517991370174,0.5263157894736842,136
resid_speed_rms,residual_intensity,19,1471,-0.035863157388105804,-0.09316016438619573,0.022532326951711174,0.022532326951711174,0.5263157894736842,136
edge_minus_core_resid_tangential,edge_core,19,1471,0.03554228497521661,-0.009619373490331151,-0.010481046666123789,0.010481046666123789,0.5789473684210527,136
radius_resid_tangential_corr,edge_core,19,1471,-0.008133412450541888,0.011025024793696048,-0.008084181327646517,0.008084181327646517,0.5789473684210527,136
resid_tangential_speed_mean,tangential_swirl,19,1470,0.10276947540463878,0.006883137355098601,0.19793049195241413,0.19793049195241413,0.7368421052631579,137
resid_radial_abs_mean,radial,19,1470,0.0027024578456794277,-0.10016970395197172,0.19040081306818143,0.19040081306818143,0.6842105263157895,137
resid_velocity_cov_trace,residual_intensity,19,1470,0.11712668040650279,0.0049924192245228705,0.12607048287491512,0.12607048287491512,0.6842105263157895,137
resid_radial_velocity_mean,radial,19,1470,-0.10393955520768693,0.02705919072844145,-0.12160698575970952,0.12160698575970952,0.5789473684210527,137
resid_speed_rms,residual_intensity,19,1470,0.09278231157674334,-0.017492544789155906,0.11726263398832204,0.11726263398832204,0.6842105263157895,137
resid_inward_fraction,radial,19,1470,-0.0913231035755881,0.021059594783109203,-0.10362747631733346,0.10362747631733346,0.5789473684210527,137
edge_minus_core_resid_tangential,edge_core,19,1470,0.01832570414374285,0.05134654108745101,-0.05682298308421173,0.05682298308421173,0.5263157894736842,137
edge_minus_core_resid_speed,edge_core,19,1470,-0.023595555344465724,-0.026377728409439492,-0.031634570768131,0.031634570768131,0.5263157894736842,137
resid_polarization,residual_order,19,1470,-0.021296359169297757,-0.007989389383610018,0.02698720095735052,0.02698720095735052,0.5263157894736842,137
resid_tangential_fraction,tangential_swirl,19,1470,0.04695740262790854,0.03905858652348172,0.0208094715218399,0.0208094715218399,0.5263157894736842,137
radius_resid_tangential_corr,edge_core,19,1470,-0.020962735708803734,0.05339678994617372,-0.015244125488892285,0.015244125488892285,0.5263157894736842,137
radius_resid_speed_corr,edge_core,19,1470,0.06264007901213485,-0.009509558513805333,-0.010615104365845368,0.010615104365845368,0.5263157894736842,137
resid_radial_velocity_mean,radial,19,1470,-0.14095071910999207,-0.03179560158192207,-0.12956875372520682,0.12956875372520682,0.6842105263157895,138
edge_minus_core_resid_speed,edge_core,19,1470,-0.00974378067547177,-0.06298656252403806,0.1150443835903362,0.1150443835903362,0.5789473684210527,138
resid_velocity_cov_trace,residual_intensity,19,1470,0.01642110977719024,0.10724411202171424,-0.08079326458572436,0.08079326458572436,0.5789473684210527,138
resid_inward_fraction,radial,19,1470,0.026876695447427372,-0.07376670129245766,0.0777527975338929,0.0777527975338929,0.5789473684210527,138
resid_radial_abs_mean,radial,19,1470,0.09328775985621536,0.04670832992980556,0.06840559453936346,0.06840559453936346,0.631578947368421,138
resid_tangential_speed_mean,tangential_swirl,19,1470,0.013806767485735838,0.008830130054767293,-0.06426866322213182,0.06426866322213182,0.5789473684210527,138
resid_speed_rms,residual_intensity,19,1470,0.006308414856926662,0.09291585243337866,-0.06233510307113255,0.06233510307113255,0.5789473684210527,138
resid_tangential_fraction,tangential_swirl,19,1470,-0.03879277303217876,0.015353610914343459,-0.05652060464501013,0.05652060464501013,0.631578947368421,138
radius_resid_speed_corr,edge_core,19,1470,-0.0412701858689104,-0.037618864563047305,-0.05645841794852707,0.05645841794852707,0.5789473684210527,138
resid_polarization,residual_order,19,1470,-0.09969710785349069,-0.0035358176799503704,-0.05069378800031804,0.05069378800031804,0.5789473684210527,138
radius_resid_tangential_corr,edge_core,19,1470,-0.08718068947513741,-0.03448566059788785,-0.029943186252085863,0.029943186252085863,0.5789473684210527,138
edge_minus_core_resid_tangential,edge_core,19,1470,-0.11270442547457463,-0.10136783149250178,0.015536294276426776,0.015536294276426776,0.5263157894736842,138
resid_speed_rms,residual_intensity,19,1471,-0.013316282235951049,0.07463567903691014,-0.20167686357486586,0.20167686357486586,0.5789473684210527,139
resid_radial_abs_mean,radial,19,1471,-0.164812594054009,0.05741025792248264,-0.18537593167502067,0.18537593167502067,0.6842105263157895,139
resid_velocity_cov_trace,residual_intensity,19,1471,-0.009178496447400875,0.05179705301615582,-0.1789675961920063,0.1789675961920063,0.5263157894736842,139
resid_polarization,residual_order,19,1471,0.0008513480321604983,-0.1508795976066799,0.1578566124474682,0.1578566124474682,0.6842105263157895,139
resid_tangential_fraction,tangential_swirl,19,1471,0.13550423138112883,-0.03777324232054208,0.10205056472634949,0.10205056472634949,0.5789473684210527,139
radius_resid_speed_corr,edge_core,19,1471,0.02934969076672332,-0.0009918556784981845,-0.07049003379992072,0.07049003379992072,0.6842105263157895,139
resid_tangential_speed_mean,tangential_swirl,19,1471,-0.03576807161207651,-0.08715022912452758,-0.060940711895761834,0.060940711895761834,0.5263157894736842,139
edge_minus_core_resid_tangential,edge_core,19,1471,0.03973518311497487,0.04822781185668645,-0.04458887744017356,0.04458887744017356,0.5789473684210527,139
radius_resid_tangential_corr,edge_core,19,1471,-0.012236007169993623,-0.05174606805952181,0.033173751413658664,0.033173751413658664,0.5263157894736842,139
resid_radial_velocity_mean,radial,19,1471,-0.0002452569877285232,-0.06395873424944643,-0.012777926349119562,0.012777926349119562,0.5263157894736842,139
resid_inward_fraction,radial,19,1471,-0.035185504060837924,-0.005367970924062299,0.011838975195857243,0.011838975195857243,0.5263157894736842,139
edge_minus_core_resid_speed,edge_core,19,1471,-0.06932469753569803,0.010030605579321006,-0.010388303700686108,0.010388303700686108,0.5263157894736842,139
resid_inward_fraction,radial,19,1470,0.051219288919032824,-0.1377014744318182,0.14900349329159757,0.14900349329159757,0.6842105263157895,140
resid_polarization,residual_order,19,1470,0.07312095532762886,0.08663389908619235,-0.1247896326855181,0.1247896326855181,0.6842105263157895,140
resid_radial_velocity_mean,radial,19,1470,0.016453344275308646,0.05931766349514889,-0.06754799270867098,0.06754799270867098,0.5789473684210527,140
resid_tangential_fraction,tangential_swirl,19,1470,-0.08935358479742274,-0.03482514796414421,-0.04724108058958154,0.04724108058958154,0.5263157894736842,140
edge_minus_core_resid_speed,edge_core,19,1470,-0.051169385952019475,-0.08218788615466321,0.03350292977370467,0.03350292977370467,0.5263157894736842,140
resid_tangential_speed_mean,tangential_swirl,19,1470,-0.06825820143598835,0.035777414502801634,-0.02689694058259645,0.02689694058259645,0.5263157894736842,140
resid_velocity_cov_trace,residual_intensity,19,1470,0.12821547886316975,0.06588280172282802,-0.02124329956669707,0.02124329956669707,0.5263157894736842,140
resid_radial_abs_mean,radial,19,1470,0.0932601572713041,0.0986291467875407,-0.01873482695468298,0.01873482695468298,0.5263157894736842,140
radius_resid_tangential_corr,edge_core,19,1470,-0.002277645349959924,-0.053762070046423305,-0.01714101407374586,0.01714101407374586,0.5263157894736842,140
resid_speed_rms,residual_intensity,19,1470,0.07253353359470026,0.06966960840470235,-0.014532191955583168,0.014532191955583168,0.5263157894736842,140
radius_resid_speed_corr,edge_core,19,1470,-0.07888393951661898,-0.02469564582447764,0.006921053442883102,0.006921053442883102,0.5263157894736842,140
edge_minus_core_resid_tangential,edge_core,19,1470,-0.04805756023929031,-0.08791692421782306,0.004844658479667641,0.004844658479667641,0.5263157894736842,140
edge_minus_core_resid_tangential,edge_core,19,1470,0.09524356741838291,-0.0655182108827495,0.26590981075206627,0.26590981075206627,0.631578947368421,141
radius_resid_speed_corr,edge_core,19,1470,0.13498661678512658,-0.1475263330349964,0.20391185475401408,0.20391185475401408,0.7894736842105263,141
edge_minus_core_resid_speed,edge_core,19,1470,-0.005807453760686088,-0.035151990407873646,0.15904784914685072,0.15904784914685072,0.5789473684210527,141
resid_tangential_speed_mean,tangential_swirl,19,1470,-0.07483126050885203,0.044639960119024796,-0.15044204113448556,0.15044204113448556,0.7368421052631579,141
resid_velocity_cov_trace,residual_intensity,19,1470,-0.10589608699987296,0.06269061659925157,-0.13682348120042984,0.13682348120042984,0.5789473684210527,141
radius_resid_tangential_corr,edge_core,19,1470,0.12947328676301445,-0.1340502925669031,0.1288423695945998,0.1288423695945998,0.8421052631578947,141
resid_speed_rms,residual_intensity,19,1470,-0.1119303009607206,0.010692569255573936,-0.10657179737015701,0.10657179737015701,0.5789473684210527,141
resid_polarization,residual_order,19,1470,0.03590545427254599,-0.026513811163868528,0.0957044291537257,0.0957044291537257,0.5789473684210527,141
resid_inward_fraction,radial,19,1470,0.1299649090204085,-0.02466385778064826,0.06824084384435333,0.06824084384435333,0.5789473684210527,141
resid_radial_velocity_mean,radial,19,1470,-0.11183359465396481,-0.036562848127486815,-0.06608887514635489,0.06608887514635489,0.631578947368421,141
resid_radial_abs_mean,radial,19,1470,0.01143608283074743,0.060719008209704745,-0.049282925378957315,0.049282925378957315,0.5263157894736842,141
resid_tangential_fraction,tangential_swirl,19,1470,-0.0683928689255043,0.015889615159276005,-0.04074180477318565,0.04074180477318565,0.631578947368421,141
radius_resid_tangential_corr,edge_core,19,1471,-0.02613789999940505,0.11965440606397769,-0.15675029873101076,0.15675029873101076,0.6842105263157895,142
resid_radial_velocity_mean,radial,19,1471,-0.11217667366937412,-0.0053097892376864075,-0.1518534722774589,0.1518534722774589,0.631578947368421,142
resid_inward_fraction,radial,19,1471,-0.0413394037019738,0.13606859350349504,-0.14792967409302515,0.14792967409302515,0.631578947368421,142
resid_radial_abs_mean,radial,19,1471,-0.06287692606501127,0.04140836106083695,-0.13795583198635153,0.13795583198635153,0.631578947368421,142
resid_polarization,residual_order,19,1471,0.0457958631617246,-0.022871239698175908,0.06536913141427475,0.06536913141427475,0.5263157894736842,142
resid_tangential_fraction,tangential_swirl,19,1471,0.05809753481658164,0.014052323367787056,0.05824473421598944,0.05824473421598944,0.5789473684210527,142
radius_resid_speed_corr,edge_core,19,1471,-0.04136979984391126,-0.016370114561119864,0.05720628183606566,0.05720628183606566,0.5263157894736842,142
edge_minus_core_resid_speed,edge_core,19,1471,-0.041618268909763584,0.014537021701511277,-0.055672796753883855,0.055672796753883855,0.631578947368421,142
edge_minus_core_resid_tangential,edge_core,19,1471,0.0029263575301196887,0.009188743755679796,-0.03752500777877166,0.03752500777877166,0.5263157894736842,142
resid_tangential_speed_mean,tangential_swirl,19,1471,0.02450966768077595,0.12061075992319747,0.03015521557705049,0.03015521557705049,0.5789473684210527,142
resid_speed_rms,residual_intensity,19,1471,0.0696874219807243,0.12955827294565228,0.017324736085837983,0.017324736085837983,0.5263157894736842,142
resid_velocity_cov_trace,residual_intensity,19,1471,0.05454725164511742,0.13350624832800737,0.00218021980350544,0.00218021980350544,0.5263157894736842,142
edge_minus_core_resid_tangential,edge_core,19,1471,0.1635629511616011,-0.054130391486682305,0.283302678591234,0.283302678591234,0.631578947368421,143
radius_resid_tangential_corr,edge_core,19,1471,0.1078866772820628,0.00937540760619493,0.15294172221318544,0.15294172221318544,0.631578947368421,143
resid_tangential_speed_mean,tangential_swirl,19,1471,-0.05585936971740142,0.05662800967645959,-0.11564047614519607,0.11564047614519607,0.5789473684210527,143
radius_resid_speed_corr,edge_core,19,1471,-0.01431064894872447,-0.02348812128073316,0.11477836973364505,0.11477836973364505,0.5789473684210527,143
resid_polarization,residual_order,19,1471,0.07171470505024469,-0.052349319168879624,0.10973845027874372,0.10973845027874372,0.6842105263157895,143
resid_tangential_fraction,tangential_swirl,19,1471,-0.10139476769323713,0.01990380785459306,-0.10701848836243444,0.10701848836243444,0.631578947368421,143
edge_minus_core_resid_speed,edge_core,19,1471,0.04563132755761061,-0.013188766439531097,-0.10558787141956105,0.10558787141956105,0.5789473684210527,143
resid_speed_rms,residual_intensity,19,1471,0.02825794354718507,0.03687871609328777,-0.0924689361338211,0.0924689361338211,0.631578947368421,143
resid_velocity_cov_trace,residual_intensity,19,1471,0.03487285085362172,0.03303183445550659,-0.05188897264450548,0.05188897264450548,0.5789473684210527,143
resid_inward_fraction,radial,19,1471,0.09765670932125403,0.038009903927136046,-0.03467961074109527,0.03467961074109527,0.5263157894736842,143
resid_radial_velocity_mean,radial,19,1471,-0.010893785380214127,0.054125780549493296,0.030132743066922818,0.030132743066922818,0.5263157894736842,143
resid_radial_abs_mean,radial,19,1471,-0.02825236510357798,-0.10877480591847155,-0.023898009908662643,0.023898009908662643,0.5263157894736842,143
resid_speed_rms,residual_intensity,19,1471,-0.04774349510584916,0.028053337117089808,-0.1282459757943289,0.1282459757943289,0.631578947368421,144
resid_velocity_cov_trace,residual_intensity,19,1471,-0.044278999801887556,0.051727452469969515,-0.12461738211352827,0.12461738211352827,0.6842105263157895,144
radius_resid_tangential_corr,edge_core,19,1471,-0.12534712863678044,0.006043315699601259,-0.11373273636842662,0.11373273636842662,0.5789473684210527,144
resid_polarization,residual_order,19,1471,0.024644688205170573,-0.04634009293398372,0.09665361927375235,0.09665361927375235,0.631578947368421,144
resid_tangential_speed_mean,tangential_swirl,19,1471,0.06125609748176478,0.07877891933423789,-0.08585812949119159,0.08585812949119159,0.5789473684210527,144
radius_resid_speed_corr,edge_core,19,1471,-0.01906354890019457,-0.015965305338691095,-0.059127749099453786,0.059127749099453786,0.5789473684210527,144
resid_radial_abs_mean,radial,19,1471,0.05351730668978277,-0.060409713355706024,0.054441572499329766,0.054441572499329766,0.631578947368421,144
resid_tangential_fraction,tangential_swirl,19,1471,0.004386835112077769,0.056190452225668375,-0.054022615335099625,0.054022615335099625,0.5789473684210527,144
edge_minus_core_resid_speed,edge_core,19,1471,-0.044040175397974946,0.00022780083187190492,-0.04639798792509381,0.04639798792509381,0.5263157894736842,144
resid_radial_velocity_mean,radial,19,1471,-0.03177799883200283,0.020408837615139425,-0.019556969247948697,0.019556969247948697,0.5263157894736842,144
edge_minus_core_resid_tangential,edge_core,19,1471,-0.12083834467497107,-0.13971744791537677,-0.00923070827510361,0.00923070827510361,0.5263157894736842,144
resid_inward_fraction,radial,19,1471,-0.03556050077948125,-0.027253426737111966,0.0045391927747050614,0.0045391927747050614,0.5263157894736842,144
resid_polarization,residual_order,19,1471,0.0221324937100189,-0.1079476850979934,0.14716329640908565,0.14716329640908565,0.631578947368421,145
edge_minus_core_resid_tangential,edge_core,19,1471,-0.11721009321359334,-0.06963902713621749,-0.12364077648543728,0.12364077648543728,0.5789473684210527,145
edge_minus_core_resid_speed,edge_core,19,1471,-0.03072810769771138,-0.20366429174251988,0.09304480638204626,0.09304480638204626,0.631578947368421,145
resid_tangential_speed_mean,tangential_swirl,19,1471,-0.01241266989877371,0.042487470034704475,-0.06276858323438728,0.06276858323438728,0.5789473684210527,145
resid_radial_abs_mean,radial,19,1471,-0.08496678586441875,-0.05039566733272896,0.0526177990418934,0.0526177990418934,0.5263157894736842,145
resid_radial_velocity_mean,radial,19,1471,-0.07961429487839877,-0.06559698271081843,-0.05132195553159724,0.05132195553159724,0.5789473684210527,145
radius_resid_tangential_corr,edge_core,19,1471,-0.025657007293021505,-0.016478047790627975,0.04821518673199788,0.04821518673199788,0.5789473684210527,145
resid_tangential_fraction,tangential_swirl,19,1471,0.08491989901700898,-0.00913107388258444,0.022399858308296244,0.022399858308296244,0.5263157894736842,145
resid_inward_fraction,radial,19,1471,-0.027752175506405963,0.08115987190198129,0.013081391349695548,0.013081391349695548,0.5263157894736842,145
resid_velocity_cov_trace,residual_intensity,19,1471,0.03360832603424149,0.0006716439470577651,-0.007294593038882441,0.007294593038882441,0.5263157894736842,145
resid_speed_rms,residual_intensity,19,1471,0.07524073345257598,0.023500285334293936,-0.006030432568037369,0.006030432568037369,0.5263157894736842,145
radius_resid_speed_corr,edge_core,19,1471,-0.028495571577248913,-0.013525532709395091,0.00419269385591594,0.00419269385591594,0.5263157894736842,145
resid_tangential_speed_mean,tangential_swirl,19,1471,-0.05769357105970829,-0.037239149736939516,-0.10679170153742688,0.10679170153742688,0.5789473684210527,146
radius_resid_speed_corr,edge_core,19,1471,0.016610589318824087,-0.06811792359099406,0.10616637602499612,0.10616637602499612,0.6842105263157895,146
resid_velocity_cov_trace,residual_intensity,19,1471,0.026983406677215344,-0.05620604370286891,0.10237481718406144,0.10237481718406144,0.6842105263157895,146
resid_speed_rms,residual_intensity,19,1471,0.02879350870882147,-0.08341349012326368,0.0910763324405305,0.0910763324405305,0.6842105263157895,146
resid_radial_velocity_mean,radial,19,1471,0.016132863377849277,-0.04763785288762026,0.08790926904709986,0.08790926904709986,0.5789473684210527,146
resid_radial_abs_mean,radial,19,1471,-0.03987329554654698,-0.03396973125056715,0.08345106924642931,0.08345106924642931,0.5263157894736842,146
edge_minus_core_resid_speed,edge_core,19,1471,-0.06608136258674532,-0.028672945435727522,-0.06142732342514062,0.06142732342514062,0.5789473684210527,146
resid_tangential_fraction,tangential_swirl,19,1471,0.09700753184377246,0.01657878264592491,0.05022808996328859,0.05022808996328859,0.5263157894736842,146
resid_polarization,residual_order,19,1471,-0.01470279841509084,0.02821814701820624,-0.0322070270271831,0.0322070270271831,0.5263157894736842,146
edge_minus_core_resid_tangential,edge_core,19,1471,-0.07478140296826413,-0.04785984537010571,0.026807647342174862,0.026807647342174862,0.5263157894736842,146
radius_resid_tangential_corr,edge_core,19,1471,0.05980625063665079,-0.03348968771539156,-0.019086896472784276,0.019086896472784276,0.5263157894736842,146
resid_inward_fraction,radial,19,1471,-0.035919770148091945,-0.025153171374096287,-0.006639445451666816,0.006639445451666816,0.5263157894736842,146
resid_inward_fraction,radial,19,1470,0.13839592886382665,-0.05261866477272724,0.16494396858802102,0.16494396858802102,0.8421052631578947,147
radius_resid_tangential_corr,edge_core,19,1470,0.09454544746277854,-0.026239444288612856,0.13065014294380625,0.13065014294380625,0.6842105263157895,147
resid_tangential_speed_mean,tangential_swirl,19,1470,-0.0072518810835363184,-0.03212645305284946,0.10612660496004969,0.10612660496004969,0.5789473684210527,147
resid_radial_abs_mean,radial,19,1470,0.10825689578422387,-0.03417624670576522,0.09326180559730424,0.09326180559730424,0.5789473684210527,147
edge_minus_core_resid_speed,edge_core,19,1470,-0.011275300941292088,-0.07328387129485736,0.09254170456274313,0.09254170456274313,0.5263157894736842,147
resid_speed_rms,residual_intensity,19,1470,0.009718118492304001,-0.0028500602896099347,0.07547352438844529,0.07547352438844529,0.5789473684210527,147
resid_velocity_cov_trace,residual_intensity,19,1470,0.006280577351016087,0.03146254021587895,0.07031984843064838,0.07031984843064838,0.5263157894736842,147
radius_resid_speed_corr,edge_core,19,1470,0.0221074457142465,-0.042874174805311194,0.04840029781249876,0.04840029781249876,0.5789473684210527,147
resid_radial_velocity_mean,radial,19,1470,-0.07775502597455744,-0.005775501296650165,-0.04199325350010756,0.04199325350010756,0.5263157894736842,147
edge_minus_core_resid_tangential,edge_core,19,1470,0.030810493004212933,-0.011549386072559774,0.040299522404862204,0.040299522404862204,0.631578947368421,147
resid_tangential_fraction,tangential_swirl,19,1470,-0.1019300192944649,0.007246830362562545,-0.03718908251933378,0.03718908251933378,0.5263157894736842,147
resid_polarization,residual_order,19,1470,0.006517309251234615,0.03940054024224826,-0.027441554207705887,0.027441554207705887,0.5789473684210527,147
edge_minus_core_resid_speed,edge_core,19,1471,-0.07556683684074875,0.05764267259928407,-0.23700653370741925,0.23700653370741925,0.5789473684210527,148
resid_polarization,residual_order,19,1471,-0.025927267971478263,0.027994830637853463,-0.12461691492720778,0.12461691492720778,0.5789473684210527,148
resid_velocity_cov_trace,residual_intensity,19,1471,0.024658619989960252,-0.05368348556356989,0.11242945073069166,0.11242945073069166,0.6842105263157895,148
radius_resid_speed_corr,edge_core,19,1471,-0.05229308654447867,0.07737194310566448,-0.10890633304956433,0.10890633304956433,0.5789473684210527,148
resid_speed_rms,residual_intensity,19,1471,0.053868421869300354,-0.03938603709303862,0.08463160659374037,0.08463160659374037,0.6842105263157895,148
radius_resid_tangential_corr,edge_core,19,1471,0.006007706356457511,-0.03308860986107956,0.07502342774190585,0.07502342774190585,0.5789473684210527,148
resid_radial_velocity_mean,radial,19,1471,-0.06104494766967683,0.00263914093548534,-0.06864802951974988,0.06864802951974988,0.5263157894736842,148
edge_minus_core_resid_tangential,edge_core,19,1471,0.049608797686943484,-0.06568952640158907,0.05889372583562848,0.05889372583562848,0.5789473684210527,148
resid_radial_abs_mean,radial,19,1471,0.11777952534158942,0.07426909258796477,-0.03948093927125029,0.03948093927125029,0.5263157894736842,148
resid_inward_fraction,radial,19,1471,0.045468260479974716,-0.019464690340909807,0.037975116477273446,0.037975116477273446,0.5263157894736842,148
resid_tangential_fraction,tangential_swirl,19,1471,-0.05588503751795404,-0.0777169663372066,-0.0237198775389047,0.0237198775389047,0.5789473684210527,148
resid_tangential_speed_mean,tangential_swirl,19,1471,-0.07736125793424536,-0.050405137882654764,-0.023436110911810193,0.023436110911810193,0.5263157894736842,148
resid_tangential_fraction,tangential_swirl,19,1470,-0.08373441689368738,0.07402172611430574,-0.15090081625267326,0.15090081625267326,0.631578947368421,149
resid_speed_rms,residual_intensity,19,1470,-0.07925283348709113,-0.029024393346138093,-0.12803476612598247,0.12803476612598247,0.631578947368421,149
resid_velocity_cov_trace,residual_intensity,19,1470,-0.0776090819533641,-0.016176182020549355,-0.1164966475633975,0.1164966475633975,0.631578947368421,149
resid_tangential_speed_mean,tangential_swirl,19,1470,-0.025925232172592377,0.048272019468262456,-0.09796210958471999,0.09796210958471999,0.5789473684210527,149
resid_inward_fraction,radial,19,1470,-0.05726228279436244,0.06630140936442647,-0.09432224157842076,0.09432224157842076,0.631578947368421,149
edge_minus_core_resid_speed,edge_core,19,1470,-0.01458275121767727,0.03125178856277799,-0.07791905152282236,0.07791905152282236,0.5789473684210527,149
resid_polarization,residual_order,19,1470,0.005075524511849755,-0.05101274247467952,0.04812911626381816,0.04812911626381816,0.6842105263157895,149
resid_radial_abs_mean,radial,19,1470,0.013863581031164446,-0.04686776385276337,0.046755115683115106,0.046755115683115106,0.631578947368421,149
resid_radial_velocity_mean,radial,19,1470,-0.026462580565491212,0.01841129869901001,-0.035280911114356384,0.035280911114356384,0.5789473684210527,149
radius_resid_tangential_corr,edge_core,19,1470,-0.01171874195840239,0.07574009259935538,0.01986515579454967,0.01986515579454967,0.5263157894736842,149
edge_minus_core_resid_tangential,edge_core,19,1470,-0.11029873038528004,-0.024284983903253312,0.016149040525687372,0.016149040525687372,0.5263157894736842,149
radius_resid_speed_corr,edge_core,19,1470,0.07706728550768041,-0.011922434389928238,0.01458864190694921,0.01458864190694921,0.5263157894736842,149
resid_velocity_cov_trace,residual_intensity,19,1470,-0.017395913983970446,0.04895107991296993,-0.10843011510847446,0.10843011510847446,0.631578947368421,150
resid_speed_rms,residual_intensity,19,1470,-0.019548921383648166,0.05731322301526881,-0.10505303186115714,0.10505303186115714,0.6842105263157895,150
resid_tangential_speed_mean,tangential_swirl,19,1470,-0.005183412895136574,0.030623881748595483,0.07047557657814431,0.07047557657814431,0.5263157894736842,150
resid_inward_fraction,radial,19,1470,0.06010208777563825,0.034988797788258835,-0.049731967785654654,0.049731967785654654,0.5263157894736842,150
radius_resid_tangential_corr,edge_core,19,1470,0.05894465421024009,0.05787678427588275,-0.04625268505321822,0.04625268505321822,0.5789473684210527,150
radius_resid_speed_corr,edge_core,19,1470,-0.06887195017181796,-0.004040276390232744,-0.03972923611863616,0.03972923611863616,0.5263157894736842,150
resid_tangential_fraction,tangential_swirl,19,1470,0.0002651190570981399,-0.014026268330967345,0.03364283125669823,0.03364283125669823,0.5263157894736842,150
edge_minus_core_resid_speed,edge_core,19,1470,-0.101635568482738,-0.10856105199822741,-0.027629010924592246,0.027629010924592246,0.5263157894736842,150
edge_minus_core_resid_tangential,edge_core,19,1470,-0.04644230957436959,-0.024553729493306947,0.01941049141222581,0.01941049141222581,0.5263157894736842,150
resid_radial_velocity_mean,radial,19,1470,-0.08099096641489434,-0.0737541984241126,0.00760391205008884,0.00760391205008884,0.5263157894736842,150
resid_polarization,residual_order,19,1470,0.07176997744811542,0.16026438941805124,0.006477520387668245,0.006477520387668245,0.5263157894736842,150
resid_radial_abs_mean,radial,19,1470,-0.0024782894564312485,0.050062312651388,-0.005492434430043797,0.005492434430043797,0.5263157894736842,150
resid_radial_velocity_mean,radial,19,1471,-0.04782405783296528,0.021942250161461903,-0.10430116753370491,0.10430116753370491,0.5789473684210527,151
resid_radial_abs_mean,radial,19,1471,-0.09835418765299545,0.08424323934944661,-0.06894550439724595,0.06894550439724595,0.7368421052631579,151
resid_velocity_cov_trace,residual_intensity,19,1471,-0.062291973989865135,0.007286709958364362,-0.06757286514864627,0.06757286514864627,0.5789473684210527,151
resid_speed_rms,residual_intensity,19,1471,-0.053069943940899665,0.010341752254751119,-0.05845722063690326,0.05845722063690326,0.5789473684210527,151
resid_polarization,residual_order,19,1471,0.026456023007577878,0.08257820057763765,-0.05573673967642054,0.05573673967642054,0.7368421052631579,151
resid_tangential_speed_mean,tangential_swirl,19,1471,0.031683483502728024,0.07562859084842977,-0.05211765863064266,0.05211765863064266,0.5789473684210527,151
radius_resid_speed_corr,edge_core,19,1471,0.03936649923976972,0.08995296750356574,0.04466066303830318,0.04466066303830318,0.5263157894736842,151
resid_inward_fraction,radial,19,1471,0.026698702035635572,0.05351565819129779,-0.041880612980769005,0.041880612980769005,0.5263157894736842,151
edge_minus_core_resid_tangential,edge_core,19,1471,0.05908027896967531,0.006886923296254954,-0.02956811122409847,0.02956811122409847,0.5263157894736842,151
radius_resid_tangential_corr,edge_core,19,1471,0.10399165203508356,0.059383701354438684,-0.02274660054672041,0.02274660054672041,0.5263157894736842,151
resid_tangential_fraction,tangential_swirl,19,1471,0.05254218559331181,0.006272437747134929,0.010723292816040647,0.010723292816040647,0.5263157894736842,151
edge_minus_core_resid_speed,edge_core,19,1471,-0.01337076257896519,0.08860251658122853,-0.006132404849057416,0.006132404849057416,0.5263157894736842,151
edge_minus_core_resid_tangential,edge_core,19,1470,0.09710201259900707,-0.15829499360027155,0.2632142269299279,0.2632142269299279,0.6842105263157895,152
resid_tangential_speed_mean,tangential_swirl,19,1470,-0.029263315741271057,0.06245054253927849,-0.20844105066089175,0.20844105066089175,0.7894736842105263,152
resid_speed_rms,residual_intensity,19,1470,-0.05576038835288033,0.04243783411384132,-0.19216936265405843,0.19216936265405843,0.7894736842105263,152
resid_velocity_cov_trace,residual_intensity,19,1470,-0.045448616343427804,0.02258647127392502,-0.17990736650795364,0.17990736650795364,0.7894736842105263,152
edge_minus_core_resid_speed,edge_core,19,1470,0.03891738020639079,-0.12211994153821076,0.13410719129793888,0.13410719129793888,0.7368421052631579,152
radius_resid_speed_corr,edge_core,19,1470,0.015080159406682253,-0.049690167189039375,0.07417663927188095,0.07417663927188095,0.631578947368421,152
resid_radial_abs_mean,radial,19,1470,-0.023614843142716974,0.1350418824789531,-0.06654123876378082,0.06654123876378082,0.5263157894736842,152
resid_inward_fraction,radial,19,1470,-0.02229299147727265,0.036274228629026184,-0.05947353482786868,0.05947353482786868,0.5263157894736842,152
resid_polarization,residual_order,19,1470,-0.14377067740811666,0.04084306715391084,-0.05399669866599388,0.05399669866599388,0.5789473684210527,152
resid_tangential_fraction,tangential_swirl,19,1470,-0.03329470991410022,0.05279059290740773,-0.04630356043839556,0.04630356043839556,0.631578947368421,152
resid_radial_velocity_mean,radial,19,1470,-0.09479941981692921,-0.011094680335236196,-0.023221913804280188,0.023221913804280188,0.5263157894736842,152
radius_resid_tangential_corr,edge_core,19,1470,0.004911408180527738,-0.06507190483838227,0.0008731971361833624,0.0008731971361833624,0.5263157894736842,152
radius_resid_tangential_corr,edge_core,19,1470,0.12846106013045683,-0.04253327159165153,0.15859000104377396,0.15859000104377396,0.6842105263157895,153
edge_minus_core_resid_tangential,edge_core,19,1470,0.053097469538201464,0.044374346021982425,0.13313071118477635,0.13313071118477635,0.5789473684210527,153
resid_polarization,residual_order,19,1470,-0.07561343547706911,-0.0027618377563702785,-0.12238752930363742,0.12238752930363742,0.631578947368421,153
edge_minus_core_resid_speed,edge_core,19,1470,0.011711692236960891,-0.08522097683970938,0.08361242120421691,0.08361242120421691,0.7368421052631579,153
resid_velocity_cov_trace,residual_intensity,19,1470,-0.02794110786707593,-0.0028928801099406404,-0.08153982567742224,0.08153982567742224,0.631578947368421,153
resid_inward_fraction,radial,19,1470,-0.03201213018803997,-0.05065190716178951,0.08030284774350097,0.08030284774350097,0.5789473684210527,153
resid_speed_rms,residual_intensity,19,1470,-0.008970080169329986,0.008144127189713954,-0.07933024948349132,0.07933024948349132,0.631578947368421,153
resid_radial_velocity_mean,radial,19,1470,-0.023918831490157083,-0.08749518405218543,0.07823992240772737,0.07823992240772737,0.5789473684210527,153
radius_resid_speed_corr,edge_core,19,1470,0.02495604720272937,-0.002373630718001396,-0.04168060154803224,0.04168060154803224,0.5789473684210527,153
resid_tangential_fraction,tangential_swirl,19,1470,-0.010131961948619428,-0.03217524382799469,-0.014710309582342318,0.014710309582342318,0.5789473684210527,153
resid_radial_abs_mean,radial,19,1470,0.05115071248392584,0.0045608904048451415,0.01028586024675765,0.01028586024675765,0.5263157894736842,153
resid_tangential_speed_mean,tangential_swirl,19,1470,-0.059325034535596455,0.00673900574306778,-0.00750799254163656,0.00750799254163656,0.5789473684210527,153
resid_tangential_fraction,tangential_swirl,19,1471,-0.11119761583250676,-0.025735273033823725,-0.15335946243219506,0.15335946243219506,0.6842105263157895,154
resid_speed_rms,residual_intensity,19,1471,0.018302526233980973,-0.01564788521142635,0.1178737896237823,0.1178737896237823,0.5789473684210527,154
resid_inward_fraction,radial,19,1471,0.029914204373051145,-0.02957749834351797,0.11714253552663478,0.11714253552663478,0.7368421052631579,154
resid_radial_abs_mean,radial,19,1471,0.059963307278593225,-0.0333577585383954,0.11329531677568186,0.11329531677568186,0.7894736842105263,154
resid_velocity_cov_trace,residual_intensity,19,1471,0.02586586648110606,-0.051813779401465254,0.10784144514774868,0.10784144514774868,0.5789473684210527,154
resid_polarization,residual_order,19,1471,-0.04531468684788709,0.01624047727721787,-0.09609889695167037,0.09609889695167037,0.631578947368421,154
radius_resid_tangential_corr,edge_core,19,1471,0.016235289959020793,-0.03677581212538039,0.07035257946896165,0.07035257946896165,0.6842105263157895,154
resid_radial_velocity_mean,radial,19,1471,-0.007993230155045494,0.021886707411017503,-0.05048760274810829,0.05048760274810829,0.5789473684210527,154
radius_resid_speed_corr,edge_core,19,1471,0.03650337403843526,-0.03489445170464761,0.04888500549906585,0.04888500549906585,0.5789473684210527,154
edge_minus_core_resid_speed,edge_core,19,1471,-0.0309542055400064,-0.030832332473113247,0.03910105554914982,0.03910105554914982,0.631578947368421,154
resid_tangential_speed_mean,tangential_swirl,19,1471,-0.015008733792612111,0.0592655304884962,0.03133566957184758,0.03133566957184758,0.5263157894736842,154
edge_minus_core_resid_tangential,edge_core,19,1471,0.034533009336149334,0.0017706878894369615,-0.021718268634125903,0.021718268634125903,0.5789473684210527,154
resid_velocity_cov_trace,residual_intensity,19,1470,0.036020178637895944,-0.12428255359510613,0.17577496262800407,0.17577496262800407,0.7368421052631579,155
resid_speed_rms,residual_intensity,19,1470,0.031582616903590155,-0.12521740663169972,0.1637034937350338,0.1637034937350338,0.631578947368421,155
resid_tangential_speed_mean,tangential_swirl,19,1470,-0.010879478813305588,-0.06338223850482289,0.15335942361102112,0.15335942361102112,0.631578947368421,155
radius_resid_speed_corr,edge_core,19,1470,-0.013639954626398824,-0.09222051838450207,0.12265933557372505,0.12265933557372505,0.631578947368421,155
resid_radial_abs_mean,radial,19,1470,-0.0820108400941866,-0.058703145563662074,0.12186576701462337,0.12186576701462337,0.5263157894736842,155
resid_radial_velocity_mean,radial,19,1470,0.02877421225773584,-0.08791305321157843,0.11668726546931427,0.11668726546931427,0.7368421052631579,155
resid_polarization,residual_order,19,1470,-0.07519064487248546,0.06648601655732089,-0.0974135204982445,0.0974135204982445,0.7368421052631579,155
edge_minus_core_resid_tangential,edge_core,19,1470,-0.04161900907320393,-0.009619373490331151,-0.09095248505297238,0.09095248505297238,0.631578947368421,155
resid_tangential_fraction,tangential_swirl,19,1470,0.024690462898657728,0.11032528422020943,-0.0856348213215517,0.0856348213215517,0.5263157894736842,155
radius_resid_tangential_corr,edge_core,19,1470,-0.07367393734354777,-0.04976991748043938,-0.06845543031730265,0.06845543031730265,0.5789473684210527,155
edge_minus_core_resid_speed,edge_core,19,1470,-0.06475143927587448,-0.016508823462056503,-0.018564000110415924,0.018564000110415924,0.5263157894736842,155
resid_inward_fraction,radial,19,1470,-0.05457300707634549,-0.004676641470258078,-0.015130261363636294,0.015130261363636294,0.5789473684210527,155
radius_resid_tangential_corr,edge_core,19,1470,-0.10351325457489402,0.0328163053546347,-0.16167560620597785,0.16167560620597785,0.7368421052631579,156
resid_tangential_fraction,tangential_swirl,19,1470,-0.019650122541996273,-0.058198572707840346,0.13135040644152174,0.13135040644152174,0.5263157894736842,156
resid_tangential_speed_mean,tangential_swirl,19,1470,-0.04404053317425327,-0.03877281185231801,-0.11722464087837406,0.11722464087837406,0.5789473684210527,156
edge_minus_core_resid_speed,edge_core,19,1470,-0.028150149089435847,0.01777158489327957,-0.11254420891552855,0.11254420891552855,0.631578947368421,156
resid_velocity_cov_trace,residual_intensity,19,1470,-0.10709231403453612,-0.019549199208197976,-0.09218611663680643,0.09218611663680643,0.5789473684210527,156
resid_speed_rms,residual_intensity,19,1470,-0.09233361849912194,-0.037241169493860804,-0.07661638283326463,0.07661638283326463,0.5789473684210527,156
edge_minus_core_resid_tangential,edge_core,19,1470,-0.04348177644614133,0.061815068470782136,-0.07445260753083288,0.07445260753083288,0.6842105263157895,156
resid_inward_fraction,radial,19,1470,0.01577454357123826,0.03401154468014084,0.03866875949435078,0.03866875949435078,0.5263157894736842,156
radius_resid_speed_corr,edge_core,19,1470,-0.06101964727015627,0.038081744022972,-0.037792142472488834,0.037792142472488834,0.5263157894736842,156
resid_polarization,residual_order,19,1470,0.035147375981358975,0.0022985242186899513,0.0360374068173952,0.0360374068173952,0.5789473684210527,156
resid_radial_velocity_mean,radial,19,1470,-0.0744345340133171,-0.09050580474898914,-0.026626263260072128,0.026626263260072128,0.5263157894736842,156
resid_radial_abs_mean,radial,19,1470,-0.06866121611561857,0.030860109454579093,0.019749582094425407,0.019749582094425407,0.5263157894736842,156
radius_resid_tangential_corr,edge_core,19,1471,-0.11873801626495248,0.12417643632670042,-0.21402251169100056,0.21402251169100056,0.631578947368421,157
resid_radial_velocity_mean,radial,19,1471,0.034052003812449216,0.08647864024471619,-0.17559542313857346,0.17559542313857346,0.6842105263157895,157
resid_polarization,residual_order,19,1471,-0.03213900279364485,-0.010518299235582895,0.12449111916641584,0.12449111916641584,0.631578947368421,157
resid_speed_rms,residual_intensity,19,1471,0.009792457887139783,0.016481173626282708,-0.12278843083395762,0.12278843083395762,0.5263157894736842,157
resid_velocity_cov_trace,residual_intensity,19,1471,0.011527797441517662,0.013825557428834637,-0.10372033039033968,0.10372033039033968,0.5263157894736842,157
edge_minus_core_resid_tangential,edge_core,19,1471,-0.0878832417862528,0.0786760076121964,-0.09717923126504774,0.09717923126504774,0.7368421052631579,157
radius_resid_speed_corr,edge_core,19,1471,-0.06879002510723439,0.030907093003589306,-0.0929025743223902,0.0929025743223902,0.631578947368421,157
resid_tangential_fraction,tangential_swirl,19,1471,-0.0317961319562927,0.004534088160853322,-0.07078183936063748,0.07078183936063748,0.5263157894736842,157
resid_inward_fraction,radial,19,1471,0.03927706562327615,-0.03856592357965807,0.06451660244889504,0.06451660244889504,0.5789473684210527,157
edge_minus_core_resid_speed,edge_core,19,1471,0.005052227026603462,0.10148716858365542,-0.0568388989478007,0.0568388989478007,0.5263157894736842,157
resid_tangential_speed_mean,tangential_swirl,19,1471,-0.14660537734358714,-0.06816256384845339,-0.02220925510631072,0.02220925510631072,0.5263157894736842,157
resid_radial_abs_mean,radial,19,1471,-0.03381120527504117,-0.09729484265929764,-0.008806924800331739,0.008806924800331739,0.5263157894736842,157
edge_minus_core_resid_speed,edge_core,19,1470,0.00411554100451289,0.0033014504422424484,0.0962850820519322,0.0962850820519322,0.5263157894736842,158
resid_radial_abs_mean,radial,19,1470,0.0758350702589938,-0.09629963459991964,0.09579172335494163,0.09579172335494163,0.631578947368421,158
resid_radial_velocity_mean,radial,19,1470,-0.038501364110754804,-0.0970327181443858,0.06733673829831843,0.06733673829831843,0.5789473684210527,158
resid_polarization,residual_order,19,1470,0.020340562081125002,0.02070244414635336,-0.051737686030887714,0.051737686030887714,0.5263157894736842,158
radius_resid_speed_corr,edge_core,19,1470,-0.050732303310646015,-0.0991747570151972,0.05158011761614237,0.05158011761614237,0.5789473684210527,158
resid_tangential_speed_mean,tangential_swirl,19,1470,0.10921628729897914,0.004559802401208679,0.04364101164987272,0.04364101164987272,0.5263157894736842,158
edge_minus_core_resid_tangential,edge_core,19,1470,0.13443832946640705,0.00469703015415901,-0.03514690298491881,0.03514690298491881,0.5263157894736842,158
resid_speed_rms,residual_intensity,19,1470,0.042634154865877516,0.017867679752145954,-0.021919364719051176,0.021919364719051176,0.5263157894736842,158
resid_inward_fraction,radial,19,1470,-0.03350779986629318,0.0006094328638414845,-0.012681366477272499,0.012681366477272499,0.5789473684210527,158
resid_tangential_fraction,tangential_swirl,19,1470,-0.043313298426219116,-0.014377107838385306,-0.012034923573978284,0.012034923573978284,0.5263157894736842,158
radius_resid_tangential_corr,edge_core,19,1470,0.021103326197814187,0.0696692674431505,0.007406123873234249,0.007406123873234249,0.5263157894736842,158
resid_velocity_cov_trace,residual_intensity,19,1470,0.004950324485013591,-0.011518888600190874,0.0003842929703771897,0.0003842929703771897,0.5263157894736842,158
edge_minus_core_resid_speed,edge_core,19,1471,0.06345256984038802,-0.08983329618676694,0.2397255460793972,0.2397255460793972,0.5789473684210527,159
resid_inward_fraction,radial,19,1471,-0.03917996408958724,0.06070224657495418,-0.1582522278206565,0.1582522278206565,0.6842105263157895,159
resid_tangential_fraction,tangential_swirl,19,1471,0.10222684349313643,-0.02464043278649486,0.1268672762796313,0.1268672762796313,0.5263157894736842,159
edge_minus_core_resid_tangential,edge_core,19,1471,-0.03941311923264301,0.012365815415168457,-0.12290269934103681,0.12290269934103681,0.631578947368421,159
resid_tangential_speed_mean,tangential_swirl,19,1471,0.03349258430948668,-0.00823455680831861,0.08577389119523432,0.08577389119523432,0.631578947368421,159
radius_resid_speed_corr,edge_core,19,1471,-0.012946651281489007,0.020958694465832095,0.0781342928097597,0.0781342928097597,0.5789473684210527,159
resid_radial_velocity_mean,radial,19,1471,-0.015201035923604653,-0.025836911448640032,0.05430284745384978,0.05430284745384978,0.5263157894736842,159
radius_resid_tangential_corr,edge_core,19,1471,-0.008604584742467836,0.03503865307357347,-0.042371184906608184,0.042371184906608184,0.631578947368421,159
resid_radial_abs_mean,radial,19,1471,-0.007990537754096895,-0.0012296731655558335,0.03176694172577421,0.03176694172577421,0.5263157894736842,159
resid_velocity_cov_trace,residual_intensity,19,1471,-0.07460016045939669,-0.10690272187953508,-0.014459535437683524,0.014459535437683524,0.5263157894736842,159
resid_speed_rms,residual_intensity,19,1471,-0.08163406810618704,-0.1046139640586525,0.0058762570190343255,0.0058762570190343255,0.5263157894736842,159
resid_polarization,residual_order,19,1471,-0.027331305437211628,-0.05112841976107619,-0.0033243030615560942,0.0033243030615560942,0.5263157894736842,159
radius_resid_speed_corr,edge_core,19,1470,-0.06587784845615796,0.007278672233834826,-0.12085860240062177,0.12085860240062177,0.6842105263157895,160
resid_tangential_fraction,tangential_swirl,19,1470,-0.10694998164587766,-0.16507157222117375,0.11359209897824224,0.11359209897824224,0.5789473684210527,160
resid_radial_abs_mean,radial,19,1470,0.07710739065716976,0.01739136364972322,0.0936515389054436,0.0936515389054436,0.631578947368421,160
resid_polarization,residual_order,19,1470,-0.0442309416558647,-0.041771954635054676,-0.06820545840304204,0.06820545840304204,0.5789473684210527,160
resid_inward_fraction,radial,19,1470,0.04207137707060085,0.03743812534173646,0.06524671427294348,0.06524671427294348,0.5263157894736842,160
resid_tangential_speed_mean,tangential_swirl,19,1470,-0.06395428159973915,-0.10469249429604299,0.04959175132092336,0.04959175132092336,0.5789473684210527,160
edge_minus_core_resid_tangential,edge_core,19,1470,0.050607366053507394,0.05020623023233317,-0.0459770913622827,0.0459770913622827,0.5263157894736842,160
resid_velocity_cov_trace,residual_intensity,19,1470,-0.0180595155024863,-0.01587171770905149,0.03943142249804785,0.03943142249804785,0.5263157894736842,160
resid_speed_rms,residual_intensity,19,1470,0.00994003175321867,-0.03192082333631996,0.029970941256351205,0.029970941256351205,0.5263157894736842,160
resid_radial_velocity_mean,radial,19,1470,-0.0774596000458152,-0.15783316413628812,0.02291332469049495,0.02291332469049495,0.5263157894736842,160
edge_minus_core_resid_speed,edge_core,19,1470,-0.008297918787078772,0.027124164257157357,0.020944704863892938,0.020944704863892938,0.5263157894736842,160
radius_resid_tangential_corr,edge_core,19,1470,0.02925013920413022,0.06392690592979117,0.007228774984457474,0.007228774984457474,0.5263157894736842,160
