variable,family,n_ob,n_events,null_median_low_to_high_delta_z,null_median_high_to_low_delta_z,null_median_direction_contrast_z,null_abs_median_direction_contrast_z,null_median_oriented_delta_z,null_oriented_positive_fraction,replicate
top_tangential_radius_mean_z,high_residual_fish_location,1,28,-0.7381838031984173,0.527368970853006,-1.2655527740514234,1.2655527740514234,-0.5610977081657866,0.35714285714285715,1
edge_energy_share,residual_energy_distribution,1,28,-0.9133618366966683,0.274922902594832,-1.1882847392915004,1.1882847392915004,-0.7047567215051743,0.32142857142857145,1
edge_minus_core_speed_mean,shell_residual_speed,1,28,-0.8050854519399097,-0.0638713000849162,-0.7412141518549935,0.7412141518549935,-0.31583271358355813,0.39285714285714285,1
edge_minus_core_energy_share,residual_energy_distribution,1,28,-0.8092062220474268,-0.0945638054448231,-0.7146424166026036,0.7146424166026036,-0.42951549373831116,0.42857142857142855,1
edge_minus_core_tangential_q75,shell_tangential_state,1,28,-0.5483628973483452,-0.08115039632764903,-0.46721250102069617,0.46721250102069617,-0.22018890957506612,0.42857142857142855,1
edge_minus_core_tangential_mean,shell_tangential_state,1,28,-0.5889262985496129,-0.12364709886992026,-0.4652791996796926,0.4652791996796926,-0.0438399092286993,0.42857142857142855,1
edge_minus_core_radial_abs_q75,shell_radial_state,1,28,0.21891874736319203,-0.23983854566623464,0.4587572930294267,0.4587572930294267,0.22083138697526133,0.6428571428571429,1
edge_high_speed_fraction_minus_core,high_residual_fish_location,1,28,-0.33387054037351477,-0.01958578061425824,-0.3142847597592565,0.3142847597592565,-0.05735252619119685,0.4642857142857143,1
top_speed_radius_mean_z,high_residual_fish_location,1,28,-0.24777665504651766,0.00477583034948198,-0.2525524853959996,0.2525524853959996,-0.1703950901750742,0.42857142857142855,1
core_energy_share,residual_energy_distribution,1,28,0.5895855853442616,0.3463925255457416,0.24319305979852002,0.24319305979852002,0.14077135461141146,0.5357142857142857,1
resid_energy_shell_entropy,residual_state_concentration,1,28,-0.10074237454165724,-0.32695237116053644,0.2262099966188792,0.2262099966188792,0.13998240267559298,0.5714285714285714,1
edge_minus_core_radial_abs_mean,shell_radial_state,1,28,-0.5144951445235333,-0.3071188998805037,-0.20737624464302956,0.20737624464302956,0.15758203271882193,0.5714285714285714,1
resid_speed_gini,residual_state_concentration,1,28,-0.1296874580267976,0.028282437199449104,-0.15796989522624671,0.15796989522624671,-0.028282437199449104,0.5,1
edge_minus_core_radial_signed_mean,shell_radial_state,1,28,0.6039598102488921,0.7249869320304108,-0.12102712178151864,0.12102712178151864,-0.19658102857034193,0.4642857142857143,1
edge_minus_core_speed_q75,shell_residual_speed,1,28,-0.11357185185296392,-0.10166925560269291,-0.011902596250271014,0.011902596250271014,0.03690843016649897,0.5357142857142857,1
edge_minus_core_radial_abs_mean,shell_radial_state,1,28,-0.5739634406371271,0.3197844269557607,-0.8937478675928878,0.8937478675928878,-0.5739634406371271,0.35714285714285715,2
edge_minus_core_speed_q75,shell_residual_speed,1,28,-0.8301896932577375,-0.22827579669087109,-0.6019138965668664,0.6019138965668664,-0.3458481757004343,0.39285714285714285,2
top_tangential_radius_mean_z,high_residual_fish_location,1,28,0.07014086779682827,-0.5284961582418088,0.5986370260386371,0.5986370260386371,0.4416028090624144,0.6428571428571429,2
edge_minus_core_speed_mean,shell_residual_speed,1,28,-0.566886276065928,-0.009215863320057985,-0.55767041274587,0.55767041274587,-0.3626572230923495,0.35714285714285715,2
edge_high_speed_fraction_minus_core,high_residual_fish_location,1,28,-0.763752912629973,-0.2070769226819581,-0.5566759899480149,0.5566759899480149,-0.47893285191500057,0.39285714285714285,2
top_speed_radius_mean_z,high_residual_fish_location,1,28,-0.5779476895227837,-0.1032438916309078,-0.47470379789187594,0.47470379789187594,-0.29112114277480927,0.42857142857142855,2
edge_minus_core_radial_abs_q75,shell_radial_state,1,28,-0.3194213155033081,0.07198171733200928,-0.3914030328353174,0.3914030328353174,-0.19158049157000812,0.35714285714285715,2
core_energy_share,residual_energy_distribution,1,28,0.48809329679224095,0.12892508505116315,0.3591682117410778,0.3591682117410778,0.20942062942719675,0.5714285714285714,2
edge_minus_core_energy_share,residual_energy_distribution,1,28,-0.3148649376155134,0.03770916585495561,-0.35257410347046897,0.35257410347046897,-0.14131738539481697,0.35714285714285715,2
edge_energy_share,residual_energy_distribution,1,28,-0.37545994806691907,-0.09940834470825263,-0.2760516033586664,0.2760516033586664,-0.13413169728187588,0.42857142857142855,2
resid_speed_gini,residual_state_concentration,1,28,0.10913231832467524,-0.13561922241284957,0.2447515407375248,0.2447515407375248,0.13561922241284957,0.5714285714285714,2
edge_minus_core_tangential_q75,shell_tangential_state,1,28,-0.4366102959144149,-0.26441769950254074,-0.17219259641187418,0.17219259641187418,-0.05869271505437523,0.39285714285714285,2
edge_minus_core_tangential_mean,shell_tangential_state,1,28,-0.2742714164783991,-0.10706994124874983,-0.16720147522964926,0.16720147522964926,-0.10146285753106388,0.42857142857142855,2
edge_minus_core_radial_signed_mean,shell_radial_state,1,28,0.19347455854174261,0.32501994488055963,-0.13154538633881702,0.13154538633881702,-0.09370345313516933,0.5,2
resid_energy_shell_entropy,residual_state_concentration,1,28,0.009927636054256513,0.0942189106324993,-0.08429127457824279,0.08429127457824279,-0.007817024302584526,0.4642857142857143,2
edge_minus_core_radial_abs_q75,shell_radial_state,1,28,0.7856239068028225,0.23926920968003368,0.5463546971227888,0.5463546971227888,0.12285723300991584,0.5357142857142857,3
core_energy_share,residual_energy_distribution,1,28,-0.6641106949358953,-0.12023451006631516,-0.5438761848695801,0.5438761848695801,-0.18074350711210357,0.4642857142857143,3
edge_minus_core_radial_abs_mean,shell_radial_state,1,28,0.42315022702234306,-0.11217575835360852,0.5353259853759516,0.5353259853759516,0.2682788942079504,0.6428571428571429,3
edge_minus_core_radial_signed_mean,shell_radial_state,1,28,0.1493886443186178,-0.3599537169751037,0.5093423612937216,0.5093423612937216,0.3513628118395448,0.6428571428571429,3
edge_high_speed_fraction_minus_core,high_residual_fish_location,1,28,0.4007822895529175,-0.052807931199758185,0.4535902207526757,0.4535902207526757,0.2244250179821707,0.6785714285714286,3
edge_minus_core_speed_q75,shell_residual_speed,1,28,0.27153275396506693,-0.09334446528661555,0.3648772192516825,0.3648772192516825,0.15538426268828043,0.6428571428571429,3
top_tangential_radius_mean_z,high_residual_fish_location,1,28,-0.021013712126687872,0.31642057933482315,-0.33743429146151105,0.33743429146151105,-0.21101558875449125,0.4642857142857143,3
top_speed_radius_mean_z,high_residual_fish_location,1,28,0.30762478459068127,0.021790250433512737,0.28583453415716853,0.28583453415716853,0.12553376321796816,0.5714285714285714,3
edge_minus_core_tangential_q75,shell_tangential_state,1,28,0.3909557980693661,0.16364262965430282,0.22731316841506327,0.22731316841506327,0.19629545927761258,0.6071428571428571,3
edge_energy_share,residual_energy_distribution,1,28,0.4894407882746143,0.2797249422343777,0.20971584604023658,0.20971584604023658,0.10377259937475555,0.5357142857142857,3
edge_minus_core_speed_mean,shell_residual_speed,1,28,0.3216798686719739,0.19992373139790376,0.12175613727407014,0.12175613727407014,0.0471665507092588,0.5357142857142857,3
edge_minus_core_tangential_mean,shell_tangential_state,1,28,0.5027702713954665,0.40209709499224666,0.10067317640321982,0.10067317640321982,0.06653790819532195,0.5357142857142857,3
edge_minus_core_energy_share,residual_energy_distribution,1,28,0.390515797993194,0.3591133726966056,0.03140242529658843,0.03140242529658843,0.08679084520933442,0.5357142857142857,3
resid_energy_shell_entropy,residual_state_concentration,1,28,-0.05883478177594503,-0.04025244334117088,-0.01858233843477415,0.01858233843477415,-0.05883478177594503,0.4642857142857143,3
resid_speed_gini,residual_state_concentration,1,28,0.11491464021159688,0.12643976267847856,-0.011525122466881685,0.011525122466881685,-0.036607441384142056,0.5,3
resid_speed_gini,residual_state_concentration,1,28,-0.3030457192648067,0.5035320991336752,-0.806577818398482,0.806577818398482,-0.3567863610185309,0.32142857142857145,4
core_energy_share,residual_energy_distribution,1,28,-0.3542429634018217,0.3831266981955115,-0.7373696615973332,0.7373696615973332,-0.3831266981955115,0.39285714285714285,4
resid_energy_shell_entropy,residual_state_concentration,1,28,0.2171494075698249,-0.3347734055842235,0.5519228131540485,0.5519228131540485,0.27990480194184114,0.7142857142857143,4
edge_minus_core_tangential_q75,shell_tangential_state,1,28,-0.11127095431092934,0.3847019579321272,-0.4959729122430565,0.4959729122430565,-0.24308430937884468,0.39285714285714285,4
edge_minus_core_radial_signed_mean,shell_radial_state,1,28,-0.007464812528161016,-0.4335734103177498,0.4261085977895888,0.4261085977895888,0.17012709027583167,0.5357142857142857,4
edge_energy_share,residual_energy_distribution,1,28,0.331555905498085,0.7211475924977915,-0.3895916869997065,0.3895916869997065,-0.028612840047230546,0.5,4
edge_minus_core_radial_abs_mean,shell_radial_state,1,28,-0.24975372177487618,-0.005028955499587595,-0.24472476627528858,0.24472476627528858,-0.12208756121397127,0.42857142857142855,4
edge_high_speed_fraction_minus_core,high_residual_fish_location,1,28,-0.22979293815066681,-0.03469043914643605,-0.19510249900423077,0.19510249900423077,-0.13002998924237727,0.4642857142857143,4
edge_minus_core_speed_q75,shell_residual_speed,1,28,-0.37790114789753787,-0.19992712849058603,-0.17797401940695184,0.17797401940695184,0.04260694228049339,0.5357142857142857,4
edge_minus_core_radial_abs_q75,shell_radial_state,1,28,-0.004791133139356413,0.1578269312740991,-0.16261806441345553,0.16261806441345553,-0.08869196232403467,0.42857142857142855,4
edge_minus_core_tangential_mean,shell_tangential_state,1,28,0.41835483994890565,0.5647160200495309,-0.14636118010062527,0.14636118010062527,-0.03431642063231691,0.5,4
edge_minus_core_speed_mean,shell_residual_speed,1,28,0.013790163323955551,0.13116019482863445,-0.1173700315046789,0.1173700315046789,-0.13116019482863445,0.4642857142857143,4
top_speed_radius_mean_z,high_residual_fish_location,1,28,0.03264848573771678,0.09267189925837002,-0.06002341352065324,0.06002341352065324,0.00940321456603005,0.5,4
top_tangential_radius_mean_z,high_residual_fish_location,1,28,0.24599054745647372,0.29595832329640914,-0.04996777583993542,0.04996777583993542,0.08628739901246549,0.5357142857142857,4
edge_minus_core_energy_share,residual_energy_distribution,1,28,0.16350087899931207,0.15119725550067858,0.012303623498633481,0.012303623498633481,-0.08633609152282598,0.42857142857142855,4
edge_minus_core_radial_abs_mean,shell_radial_state,1,28,-0.14123470633360968,0.9152296038080666,-1.0564643101416764,1.0564643101416764,-0.4026572424349537,0.2857142857142857,5
edge_minus_core_radial_abs_q75,shell_radial_state,1,28,-0.23339841820061652,0.5863676865089447,-0.8197661047095612,0.8197661047095612,-0.39429825978033783,0.32142857142857145,5
edge_minus_core_energy_share,residual_energy_distribution,1,28,-0.03980009791754352,0.6531265419835104,-0.6929266399010539,0.6929266399010539,-0.4612008370853454,0.39285714285714285,5
edge_energy_share,residual_energy_distribution,1,28,-0.06822421370385656,0.4542875452763504,-0.522511758980207,0.522511758980207,-0.26051673449622403,0.32142857142857145,5
edge_high_speed_fraction_minus_core,high_residual_fish_location,1,28,0.7135976830614407,0.2077454854165022,0.5058521976449385,0.5058521976449385,0.07951112217071779,0.5357142857142857,5
edge_minus_core_radial_signed_mean,shell_radial_state,1,28,-0.1958274631206078,0.1934845492517152,-0.38931201237232305,0.38931201237232305,-0.1934845492517152,0.35714285714285715,5
edge_minus_core_speed_mean,shell_residual_speed,1,28,0.11645101257988294,0.46379556457541615,-0.3473445519955332,0.3473445519955332,-0.3272909832411509,0.39285714285714285,5
edge_minus_core_speed_q75,shell_residual_speed,1,28,0.38805944894231037,0.0638458484219345,0.32421360052037584,0.32421360052037584,0.055030716103536714,0.5357142857142857,5
top_tangential_radius_mean_z,high_residual_fish_location,1,28,0.22236933750163201,-0.05644452149352165,0.27881385899515365,0.27881385899515365,0.14411714395554953,0.5357142857142857,5
core_energy_share,residual_energy_distribution,1,28,-0.3573616633855747,-0.6329327947056327,0.275571131320058,0.275571131320058,0.5344915251365225,0.6071428571428571,5
top_speed_radius_mean_z,high_residual_fish_location,1,28,0.3630986106804289,0.11176737611373447,0.2513312345666945,0.2513312345666945,-0.023590116674572698,0.5,5
edge_minus_core_tangential_q75,shell_tangential_state,1,28,0.24091889834941002,0.06648801937478371,0.1744308789746263,0.1744308789746263,-0.03816884971057777,0.4642857142857143,5
resid_speed_gini,residual_state_concentration,1,28,-0.02504766669675694,-0.19206160670157912,0.16701394000482217,0.16701394000482217,0.16816837786247352,0.5357142857142857,5
resid_energy_shell_entropy,residual_state_concentration,1,28,0.174036385884235,0.2599370989427141,-0.0859007130584791,0.0859007130584791,-0.1644388602866684,0.4642857142857143,5
edge_minus_core_tangential_mean,shell_tangential_state,1,28,-0.018303599890437963,-0.02215302605435042,0.003849426163912456,0.003849426163912456,0.02215302605435042,0.5,5
resid_speed_gini,residual_state_concentration,1,28,-0.4650279248525505,0.38882169773523834,-0.8538496225877888,0.8538496225877888,-0.4650279248525505,0.42857142857142855,6
edge_high_speed_fraction_minus_core,high_residual_fish_location,1,28,0.1312495011622641,-0.5376916135451147,0.6689411147073788,0.6689411147073788,0.292739854152034,0.6071428571428571,6
edge_minus_core_radial_signed_mean,shell_radial_state,1,28,-0.6124659417207501,-0.03740530730019543,-0.5750606344205547,0.5750606344205547,-0.2281421198342844,0.4642857142857143,6
edge_minus_core_speed_q75,shell_residual_speed,1,28,-0.08241237645336977,-0.6210495051190318,0.538637128665662,0.538637128665662,0.1456907803723621,0.5357142857142857,6
resid_energy_shell_entropy,residual_state_concentration,1,28,-0.0704756082172911,-0.4382490827368435,0.3677734745195524,0.3677734745195524,0.185708258839698,0.5714285714285714,6
edge_minus_core_energy_share,residual_energy_distribution,1,28,0.2738317940277374,-0.09078162139689744,0.3646134154246348,0.3646134154246348,0.17029339987147918,0.5714285714285714,6
edge_minus_core_tangential_mean,shell_tangential_state,1,28,0.018926982325258433,-0.33731588257369804,0.35624286489895646,0.35624286489895646,0.17515257765786751,0.5714285714285714,6
edge_energy_share,residual_energy_distribution,1,28,0.27303609190849903,-0.00749577152449557,0.28053186343299463,0.28053186343299463,0.04463876557282487,0.5357142857142857,6
edge_minus_core_radial_abs_q75,shell_radial_state,1,28,-0.0736160676854401,-0.3486580832494487,0.2750420155640086,0.2750420155640086,0.19469451213621308,0.5714285714285714,6
core_energy_share,residual_energy_distribution,1,28,0.0470881008931362,0.3076817701358631,-0.2605936692427269,0.2605936692427269,0.0470881008931362,0.5,6
top_speed_radius_mean_z,high_residual_fish_location,1,28,0.16115768560402755,-0.08592246106143325,0.2470801466654608,0.2470801466654608,0.16115768560402755,0.5714285714285714,6
edge_minus_core_tangential_q75,shell_tangential_state,1,28,-0.14841491646601196,-0.25138948176958914,0.10297456530357718,0.10297456530357718,0.2234960528529098,0.5714285714285714,6
edge_minus_core_radial_abs_mean,shell_radial_state,1,28,-0.22370540127127883,-0.31635352416198714,0.09264812289070831,0.09264812289070831,0.11096906218465027,0.5,6
edge_minus_core_speed_mean,shell_residual_speed,1,28,0.02183387406868323,0.11092217334318336,-0.08908829927450013,0.08908829927450013,-0.015315426015989786,0.5,6
top_tangential_radius_mean_z,high_residual_fish_location,1,28,-0.10229941923246738,-0.09489574027541908,-0.007403678957048299,0.007403678957048299,0.07562414055291161,0.5357142857142857,6
edge_energy_share,residual_energy_distribution,1,28,1.143920193593938,-0.5125979652928805,1.6565181588868185,1.6565181588868185,0.5816662862161996,0.75,7
edge_minus_core_speed_mean,shell_residual_speed,1,28,1.390257109780308,0.15407412028409123,1.2361829894962169,1.2361829894962169,0.47229888491166294,0.5714285714285714,7
edge_high_speed_fraction_minus_core,high_residual_fish_location,1,28,1.0457273729591,0.04214732061980152,1.0035800523392984,1.0035800523392984,0.15680371669848556,0.5357142857142857,7
edge_minus_core_speed_q75,shell_residual_speed,1,28,0.9474932820156039,-0.04065318936060591,0.9881464713762098,0.9881464713762098,0.16191164353993054,0.6428571428571429,7
edge_minus_core_energy_share,residual_energy_distribution,1,28,0.841072975307922,0.05518554339000369,0.7858874319179183,0.7858874319179183,0.35504984527308625,0.5714285714285714,7
edge_minus_core_radial_signed_mean,shell_radial_state,1,28,-0.8042939115357448,-0.10403496972506919,-0.7002589418106756,0.7002589418106756,-0.11907778701488131,0.5,7
edge_minus_core_tangential_mean,shell_tangential_state,1,28,0.7856725218341042,0.1716992462458079,0.6139732755882963,0.6139732755882963,0.13652691622371466,0.5357142857142857,7
top_speed_radius_mean_z,high_residual_fish_location,1,28,0.35713918882665335,-0.21227646880709813,0.5694156576337515,0.5694156576337515,0.28596068395014784,0.7142857142857143,7
edge_minus_core_tangential_q75,shell_tangential_state,1,28,0.7717248571459795,0.26284194480711687,0.5088829123388626,0.5088829123388626,0.4015089277619347,0.5357142857142857,7
core_energy_share,residual_energy_distribution,1,28,-0.5621698377390584,-0.14301144367489557,-0.4191583940641628,0.4191583940641628,-0.04410646300955226,0.42857142857142855,7
edge_minus_core_radial_abs_q75,shell_radial_state,1,28,0.07364542556666971,-0.2703705618372901,0.3440159874039598,0.3440159874039598,0.19240596417678335,0.5357142857142857,7
resid_speed_gini,residual_state_concentration,1,28,-0.34399748861705326,-0.20295301834629173,-0.14104447027076153,0.14104447027076153,0.07957212828692256,0.5714285714285714,7
edge_minus_core_radial_abs_mean,shell_radial_state,1,28,-0.2097933322232022,-0.305484178690857,0.09569084646765477,0.09569084646765477,0.06780903453952453,0.5714285714285714,7
resid_energy_shell_entropy,residual_state_concentration,1,28,-0.1348638864633136,-0.20575300061506105,0.07088911415174745,0.07088911415174745,0.05286647771580566,0.5357142857142857,7
top_tangential_radius_mean_z,high_residual_fish_location,1,28,0.07111216241315929,0.12775264900425007,-0.05664048659109078,0.05664048659109078,-0.09765707253553844,0.42857142857142855,7
edge_minus_core_tangential_mean,shell_tangential_state,1,28,0.807963823338233,-0.7628861872689516,1.5708500106071845,1.5708500106071845,0.7628861872689516,0.6428571428571429,8
top_tangential_radius_mean_z,high_residual_fish_location,1,28,0.6926617695640979,-0.6473648593250672,1.3400266288891651,1.3400266288891651,0.6653209596184342,0.6785714285714286,8
edge_minus_core_tangential_q75,shell_tangential_state,1,28,0.36471384168131193,-0.7408183322397943,1.1055321739211061,1.1055321739211061,0.48635028095083777,0.6785714285714286,8
resid_energy_shell_entropy,residual_state_concentration,1,28,0.6199074000969211,-0.24985431498877098,0.8697617150856921,0.8697617150856921,0.26765555464145185,0.6785714285714286,8
edge_minus_core_radial_signed_mean,shell_radial_state,1,28,0.18935314832160538,-0.50800482376682,0.6973579720884253,0.6973579720884253,0.3180646340472116,0.6071428571428571,8
top_speed_radius_mean_z,high_residual_fish_location,1,28,0.39390588519466474,-0.2564833468780462,0.6503892320727109,0.6503892320727109,0.3848670382397994,0.5357142857142857,8
core_energy_share,residual_energy_distribution,1,28,-0.4316177459633502,0.1111139997542374,-0.5427317457175875,0.5427317457175875,-0.3476833463540502,0.4642857142857143,8
edge_energy_share,residual_energy_distribution,1,28,0.10353326761001276,-0.43044074751459427,0.5339740151246071,0.5339740151246071,0.25266407596037654,0.5714285714285714,8
edge_minus_core_radial_abs_mean,shell_radial_state,1,28,-0.7464882134241058,-0.2411312112677027,-0.5053570021564031,0.5053570021564031,-0.22966960332507166,0.4642857142857143,8
edge_minus_core_speed_mean,shell_residual_speed,1,28,0.09840044235926212,-0.3596416995331667,0.45804214189242887,0.45804214189242887,0.2707623172189061,0.6071428571428571,8
edge_minus_core_radial_abs_q75,shell_radial_state,1,28,-0.49745012376278647,-0.05250976998412232,-0.44494035377866414,0.44494035377866414,-0.19160240218970215,0.42857142857142855,8
edge_minus_core_energy_share,residual_energy_distribution,1,28,0.06958495386469389,-0.3222745124804888,0.39185946634518265,0.39185946634518265,0.17159960474052455,0.5714285714285714,8
edge_high_speed_fraction_minus_core,high_residual_fish_location,1,28,0.1813277327275493,-0.11703649123648988,0.29836422396403917,0.29836422396403917,0.1813277327275493,0.5357142857142857,8
resid_speed_gini,residual_state_concentration,1,28,0.44117560868748945,0.22292298901789118,0.21825261966959827,0.21825261966959827,-0.1448232112253429,0.4642857142857143,8
edge_minus_core_speed_q75,shell_residual_speed,1,28,-0.01919055103449563,-0.21815054283022295,0.19895999179572732,0.19895999179572732,0.18729016902768164,0.5714285714285714,8
edge_minus_core_speed_mean,shell_residual_speed,1,28,0.4248439578058991,-0.2708366981063404,0.6956806559122395,0.6956806559122395,0.30046336470902546,0.6071428571428571,9
edge_minus_core_energy_share,residual_energy_distribution,1,28,0.16684646865124705,-0.4991709171004409,0.666017385751688,0.666017385751688,0.37026167253516806,0.6428571428571429,9
edge_energy_share,residual_energy_distribution,1,28,0.16883306844881735,-0.39956812037377126,0.5684011888225886,0.5684011888225886,0.3809178391175117,0.5714285714285714,9
edge_minus_core_tangential_mean,shell_tangential_state,1,28,0.3575805435212489,-0.05928888819589351,0.4168694317171424,0.4168694317171424,0.2239488520981676,0.5714285714285714,9
resid_speed_gini,residual_state_concentration,1,28,-0.3960597749507593,-0.012023767027525924,-0.38403600792323334,0.38403600792323334,-0.30006948808718903,0.42857142857142855,9
edge_minus_core_tangential_q75,shell_tangential_state,1,28,0.025969549256748214,0.34890795574091343,-0.3229384064841652,0.3229384064841652,-0.029825048466515847,0.5,9
edge_minus_core_radial_signed_mean,shell_radial_state,1,28,0.1657524803033829,-0.14277654193344086,0.30852902223682377,0.30852902223682377,0.14277654193344086,0.5714285714285714,9
edge_minus_core_radial_abs_mean,shell_radial_state,1,28,-0.019495033508692652,0.2046368730425165,-0.22413190655120913,0.22413190655120913,-0.10611771317892452,0.4642857142857143,9
edge_minus_core_speed_q75,shell_residual_speed,1,28,0.09794248142712152,-0.029949927315420913,0.12789240874254243,0.12789240874254243,0.09794248142712152,0.5357142857142857,9
top_tangential_radius_mean_z,high_residual_fish_location,1,28,0.2075510850763142,0.10516113410113678,0.10238995097517742,0.10238995097517742,-0.02692757483218721,0.5,9
edge_high_speed_fraction_minus_core,high_residual_fish_location,1,28,0.1529737564145217,0.10477998629101146,0.048193770123510254,0.048193770123510254,0.05224751385089245,0.5357142857142857,9
resid_energy_shell_entropy,residual_state_concentration,1,28,-0.3447374553843869,-0.3923022116224231,0.04756475623803624,0.04756475623803624,0.24785556442249784,0.5714285714285714,9
core_energy_share,residual_energy_distribution,1,28,0.2850653702452459,0.25264299929029904,0.03242237095494688,0.03242237095494688,-0.0073392766057356895,0.4642857142857143,9
edge_minus_core_radial_abs_q75,shell_radial_state,1,28,-0.026405543715691704,-0.0036338561129569402,-0.022771687602734764,0.022771687602734764,0.0036338561129569402,0.5,9
top_speed_radius_mean_z,high_residual_fish_location,1,28,-0.07806364897745077,-0.09305982133170732,0.014996172354256543,0.014996172354256543,0.09305982133170732,0.6071428571428571,9
top_tangential_radius_mean_z,high_residual_fish_location,1,28,0.6132107289569205,-0.2056737500245569,0.8188844789814774,0.8188844789814774,0.3326127060618659,0.6428571428571429,10
edge_minus_core_tangential_q75,shell_tangential_state,1,28,0.5689438955310777,0.015365330291959842,0.5535785652391179,0.5535785652391179,0.2862402564470708,0.5714285714285714,10
top_speed_radius_mean_z,high_residual_fish_location,1,28,0.4932575160643865,-0.022956807064622706,0.5162143231290092,0.5162143231290092,0.3462958873321656,0.6428571428571429,10
edge_minus_core_speed_mean,shell_residual_speed,1,28,0.4017303137471997,-0.10284527481527775,0.5045755885624774,0.5045755885624774,0.21573946835001703,0.6071428571428571,10
edge_minus_core_radial_signed_mean,shell_radial_state,1,28,0.32684777785854446,-0.10971585607709669,0.4365636339356411,0.4365636339356411,0.19164927740061144,0.6071428571428571,10
edge_minus_core_radial_abs_mean,shell_radial_state,1,28,-0.43484257464085907,-0.0035164448546345928,-0.4313261297862245,0.4313261297862245,-0.2821087752263519,0.42857142857142855,10
resid_energy_shell_entropy,residual_state_concentration,1,28,0.24214259466370766,-0.1762841713321118,0.41842676599581946,0.41842676599581946,0.1762841713321118,0.5714285714285714,10
edge_minus_core_tangential_mean,shell_tangential_state,1,28,0.5013842020011687,0.10400671210363635,0.3973774898975324,0.3973774898975324,0.19322138250211396,0.5714285714285714,10
edge_energy_share,residual_energy_distribution,1,28,0.4373562089551484,0.09128328786178518,0.3460729210933632,0.3460729210933632,0.0997069630306603,0.5714285714285714,10
edge_high_speed_fraction_minus_core,high_residual_fish_location,1,28,0.3945037705883636,0.08769302466658052,0.3068107459217831,0.3068107459217831,0.1972460889330118,0.5714285714285714,10
resid_speed_gini,residual_state_concentration,1,28,-0.0776356357043047,0.20864803546908603,-0.2862836711733907,0.2862836711733907,-0.12903843064089218,0.32142857142857145,10
edge_minus_core_energy_share,residual_energy_distribution,1,28,0.37666625896256667,0.11614490826179374,0.2605213507007729,0.2605213507007729,0.015455498815271501,0.5,10
edge_minus_core_radial_abs_q75,shell_radial_state,1,28,-0.22596566460446726,-0.44758093994229575,0.2216152753378285,0.2216152753378285,-0.11578097233616048,0.4642857142857143,10
edge_minus_core_speed_q75,shell_residual_speed,1,28,0.29281308402706857,0.24805181147488814,0.04476127255218043,0.04476127255218043,0.22122040256694264,0.5714285714285714,10
core_energy_share,residual_energy_distribution,1,28,-0.0690241180156825,-0.03951759930384191,-0.029506518711840596,0.029506518711840596,0.016774062835299114,0.5357142857142857,10
edge_minus_core_energy_share,residual_energy_distribution,1,28,0.7272225051398336,-0.18877454056999732,0.9159970457098309,0.9159970457098309,0.4533033377989389,0.5714285714285714,11
core_energy_share,residual_energy_distribution,1,28,-0.726289676841994,0.11688674774229443,-0.8431764245842884,0.8431764245842884,-0.26516536490448744,0.35714285714285715,11
edge_energy_share,residual_energy_distribution,1,28,0.6057078798410034,-0.1754959658472389,0.7812038456882423,0.7812038456882423,0.3468579881076792,0.6071428571428571,11
top_speed_radius_mean_z,high_residual_fish_location,1,28,0.4462664340089121,-0.23819091472185236,0.6844573487307645,0.6844573487307645,0.33158560572105367,0.6071428571428571,11
edge_minus_core_speed_q75,shell_residual_speed,1,28,0.3749118518114784,-0.30087643363659744,0.6757882854480759,0.6757882854480759,0.30087643363659744,0.5714285714285714,11
edge_minus_core_radial_signed_mean,shell_radial_state,1,28,-0.02624002400097475,-0.5270119840254415,0.5007719600244667,0.5007719600244667,0.22884533305923244,0.5357142857142857,11
edge_high_speed_fraction_minus_core,high_residual_fish_location,1,28,0.32601201380087375,-0.12445761748479396,0.4504696312856677,0.4504696312856677,0.16775785065208082,0.5714285714285714,11
edge_minus_core_speed_mean,shell_residual_speed,1,28,0.4160242254199663,0.2517227542219062,0.1643014711980601,0.1643014711980601,0.17316719605592495,0.5357142857142857,11
edge_minus_core_radial_abs_mean,shell_radial_state,1,28,0.01667058538426408,-0.1426528733935352,0.15932345877779927,0.15932345877779927,0.1426528733935352,0.5714285714285714,11
top_tangential_radius_mean_z,high_residual_fish_location,1,28,-0.02324486503919848,-0.1552677334437579,0.13202286840455943,0.13202286840455943,0.1552677334437579,0.5357142857142857,11
edge_minus_core_tangential_mean,shell_tangential_state,1,28,-0.02324312678798479,-0.1510053570373167,0.12776223024933192,0.12776223024933192,0.0956209147934441,0.5,11
resid_energy_shell_entropy,residual_state_concentration,1,28,-0.1484570749163036,-0.2268731926657429,0.0784161177494393,0.0784161177494393,0.08280135685791619,0.5357142857142857,11
resid_speed_gini,residual_state_concentration,1,28,0.14499681256227603,0.21401516424556277,-0.06901835168328674,0.06901835168328674,-0.020024014985663707,0.5,11
edge_minus_core_radial_abs_q75,shell_radial_state,1,28,-0.12378674746546645,-0.08885133826807637,-0.03493540919739008,0.03493540919739008,0.08885133826807637,0.5714285714285714,11
edge_minus_core_tangential_q75,shell_tangential_state,1,28,-0.05144894370330372,-0.017200388443599515,-0.0342485552597042,0.0342485552597042,0.017200388443599515,0.5,11
edge_energy_share,residual_energy_distribution,1,28,-0.5038511523652287,0.21299272797673993,-0.7168438803419687,0.7168438803419687,-0.2783051558159876,0.42857142857142855,12
edge_minus_core_energy_share,residual_energy_distribution,1,28,-0.3528741294220132,0.3463026507118725,-0.6991767801338857,0.6991767801338857,-0.3528741294220132,0.35714285714285715,12
resid_speed_gini,residual_state_concentration,1,28,0.4055440530449226,-0.26625964047352735,0.6718036935184499,0.6718036935184499,0.2900004166138775,0.6428571428571429,12
core_energy_share,residual_energy_distribution,1,28,0.7738968603538725,0.1319163002360499,0.6419805601178226,0.6419805601178226,0.36476775316919297,0.5714285714285714,12
edge_minus_core_tangential_mean,shell_tangential_state,1,28,-0.537890515279623,0.050138936459192776,-0.5880294517388157,0.5880294517388157,-0.21032959377057858,0.42857142857142855,12
edge_minus_core_radial_abs_mean,shell_radial_state,1,28,-0.14311476783587643,0.20645623287957215,-0.34957100071544855,0.34957100071544855,-0.14311476783587643,0.42857142857142855,12
edge_minus_core_radial_abs_q75,shell_radial_state,1,28,-0.07864021543820048,0.24255816273368508,-0.32119837817188557,0.32119837817188557,-0.1184192224710459,0.42857142857142855,12
edge_minus_core_tangential_q75,shell_tangential_state,1,28,-0.4184907742742042,-0.6668534237971817,0.24836264952297749,0.24836264952297749,-0.06769772947519687,0.5,12
edge_high_speed_fraction_minus_core,high_residual_fish_location,1,28,-0.10734817109850453,-0.25616309189791303,0.1488149207994085,0.1488149207994085,0.09140510807093682,0.5,12
edge_minus_core_radial_signed_mean,shell_radial_state,1,28,0.11956834367050012,0.03056963746225949,0.08899870620824063,0.08899870620824063,0.04880787353638741,0.5357142857142857,12
top_speed_radius_mean_z,high_residual_fish_location,1,28,-0.34593928311999667,-0.2581295611428702,-0.08780972197712644,0.08780972197712644,0.13891442521901068,0.5714285714285714,12
edge_minus_core_speed_mean,shell_residual_speed,1,28,-0.13805904994494678,-0.0733986778174906,-0.06466037212745618,0.06466037212745618,-0.00587454234904819,0.5,12
top_tangential_radius_mean_z,high_residual_fish_location,1,28,-0.38595079182866004,-0.43938523769208676,0.053434445863426716,0.053434445863426716,-0.18249856501836875,0.42857142857142855,12
resid_energy_shell_entropy,residual_state_concentration,1,28,-0.3766435025553656,-0.3377110889744447,-0.03893241358092092,0.03893241358092092,0.22497767172424435,0.5357142857142857,12
edge_minus_core_speed_q75,shell_residual_speed,1,28,-0.07839716168998864,-0.08706269914826553,0.00866553745827689,0.00866553745827689,0.08706269914826553,0.5,12
edge_minus_core_radial_signed_mean,shell_radial_state,1,28,0.28389117450787216,-0.2436215634232002,0.5275127379310723,0.5275127379310723,0.27754542425928475,0.6071428571428571,13
edge_minus_core_radial_abs_q75,shell_radial_state,1,28,0.0484156377197109,-0.4048151667357911,0.453230804455502,0.453230804455502,0.32275581349366966,0.6071428571428571,13
edge_high_speed_fraction_minus_core,high_residual_fish_location,1,28,-0.5390106399316147,-0.10431457546338338,-0.4346960644682313,0.4346960644682313,-0.015802169340995292,0.5,13
top_tangential_radius_mean_z,high_residual_fish_location,1,28,-0.313678912526699,0.03982809296942802,-0.353507005496127,0.353507005496127,-0.2078456916302141,0.39285714285714285,13
resid_energy_shell_entropy,residual_state_concentration,1,28,0.2517665481036061,-0.07614254878135225,0.32790909688495834,0.32790909688495834,0.19645383954177104,0.6428571428571429,13
edge_energy_share,residual_energy_distribution,1,28,-0.48527696454862435,-0.16094366164418028,-0.32433330290444407,0.32433330290444407,-0.020457195398243574,0.5,13
edge_minus_core_tangential_q75,shell_tangential_state,1,28,-0.5331417664603593,-0.22944229616183065,-0.3036994702985286,0.3036994702985286,-0.014444849027254299,0.5,13
edge_minus_core_speed_q75,shell_residual_speed,1,28,-0.4979368686044168,-0.2423146647497576,-0.2556222038546592,0.2556222038546592,-0.020563081539229533,0.5,13
resid_speed_gini,residual_state_concentration,1,28,0.4681500601850229,0.24204826495952506,0.22610179522549786,0.22610179522549786,0.13791384992697128,0.5357142857142857,13
edge_minus_core_energy_share,residual_energy_distribution,1,28,-0.12164675304752287,-0.3304348699937447,0.20878811694622185,0.20878811694622185,0.18801370749223006,0.5714285714285714,13
top_speed_radius_mean_z,high_residual_fish_location,1,28,-0.28132587151721633,-0.12703041201060106,-0.15429545950661527,0.15429545950661527,-0.042808007097655976,0.4642857142857143,13
edge_minus_core_speed_mean,shell_residual_speed,1,28,-0.28882356984447244,-0.4058772346495058,0.11705366480503338,0.11705366480503338,-0.21415005610574722,0.42857142857142855,13
edge_minus_core_tangential_mean,shell_tangential_state,1,28,-0.08676406064480495,-0.19584496356498404,0.1090809029201791,0.1090809029201791,0.05561900152146056,0.5,13
edge_minus_core_radial_abs_mean,shell_radial_state,1,28,-0.23206814538343448,-0.3138551044146689,0.08178695903123442,0.08178695903123442,-0.01731435119502705,0.5,13
core_energy_share,residual_energy_distribution,1,28,0.20693507335884465,0.17576235994016376,0.031172713418680886,0.031172713418680886,-0.05342012582931896,0.4642857142857143,13
resid_speed_gini,residual_state_concentration,1,28,0.7577553491972278,-0.1344432530480924,0.8921986022453201,0.8921986022453201,0.35219049728195456,0.6785714285714286,14
edge_minus_core_radial_abs_mean,shell_radial_state,1,28,0.6112519698252971,-0.1822454839385205,0.7934974537638175,0.7934974537638175,0.33116227475058224,0.6428571428571429,14
resid_energy_shell_entropy,residual_state_concentration,1,28,-0.4869321133445891,0.07439979900040875,-0.5613319123449978,0.5613319123449978,-0.36954476108993617,0.35714285714285715,14
edge_minus_core_tangential_mean,shell_tangential_state,1,28,-0.6124618426081165,-0.17225581668793027,-0.44020602592018626,0.44020602592018626,-0.4234834382854331,0.4642857142857143,14
core_energy_share,residual_energy_distribution,1,28,0.13092764233050475,0.49414613825828346,-0.3632184959277787,0.3632184959277787,-0.1360071759530378,0.42857142857142855,14
edge_minus_core_speed_mean,shell_residual_speed,1,28,-0.16325152381905944,-0.4585837614629421,0.29533223764388267,0.29533223764388267,0.12223546011113823,0.5714285714285714,14
edge_minus_core_radial_abs_q75,shell_radial_state,1,28,0.3464573754006937,0.07794865304791339,0.26850872235278034,0.26850872235278034,0.055158598276529275,0.5,14
edge_high_speed_fraction_minus_core,high_residual_fish_location,1,28,-0.3834504372575826,-0.16178042925208963,-0.22167000800549297,0.22167000800549297,0.005015656558725601,0.5,14
edge_minus_core_speed_q75,shell_residual_speed,1,28,-0.15611818103625333,-0.3249334390172233,0.16881525798097,0.16881525798097,0.23118048933608454,0.5357142857142857,14
edge_minus_core_tangential_q75,shell_tangential_state,1,28,-0.5740689770026087,-0.4368073136409894,-0.13726166336161932,0.13726166336161932,-0.25926418683438285,0.42857142857142855,14
edge_minus_core_energy_share,residual_energy_distribution,1,28,-0.4088232306408942,-0.2755143737777499,-0.1333088568631443,0.1333088568631443,-0.008667155848458258,0.5,14
edge_minus_core_radial_signed_mean,shell_radial_state,1,28,0.38368956475197613,0.2998864022719227,0.08380316248005343,0.08380316248005343,0.06970138865178574,0.5357142857142857,14
top_speed_radius_mean_z,high_residual_fish_location,1,28,0.0711690066663873,-0.00796748274077641,0.07913648940716371,0.07913648940716371,0.00796748274077641,0.5357142857142857,14
top_tangential_radius_mean_z,high_residual_fish_location,1,28,-0.13854521569623018,-0.20513919629309516,0.06659398059686497,0.06659398059686497,-0.005123060872926619,0.5,14
edge_energy_share,residual_energy_distribution,1,28,-0.16149577237816043,-0.17955093466864375,0.018055162290483318,0.018055162290483318,0.055389257894892005,0.5357142857142857,14
edge_minus_core_radial_signed_mean,shell_radial_state,1,28,0.38327234026756,-0.26277619092325494,0.646048531190815,0.646048531190815,0.32987270125738943,0.7142857142857143,15
core_energy_share,residual_energy_distribution,1,28,0.5272582939447916,-0.0615224461567931,0.5887807401015848,0.5887807401015848,0.26594413156984975,0.5714285714285714,15
resid_speed_gini,residual_state_concentration,1,28,0.07331115797949991,0.5923385613687628,-0.5190274033892629,0.5190274033892629,-0.10474902189574306,0.4642857142857143,15
edge_minus_core_radial_abs_q75,shell_radial_state,1,28,-0.43235952156864055,0.08141685589801834,-0.5137763774666588,0.5137763774666588,-0.13879153233948224,0.42857142857142855,15
edge_high_speed_fraction_minus_core,high_residual_fish_location,1,28,-0.18310003241652184,0.1659952102377651,-0.34909524265428693,0.34909524265428693,-0.18310003241652184,0.35714285714285715,15
edge_energy_share,residual_energy_distribution,1,28,0.058130701263122087,0.29814380801518564,-0.24001310675206355,0.24001310675206355,-0.1606991575282784,0.4642857142857143,15
top_speed_radius_mean_z,high_residual_fish_location,1,28,-0.2619109974201459,-0.024125985645060716,-0.23778501177508518,0.23778501177508518,-0.035716582678515414,0.4642857142857143,15
edge_minus_core_energy_share,residual_energy_distribution,1,28,-0.18663637586171813,0.051066936035298494,-0.23770331189701663,0.23770331189701663,-0.13575870510458982,0.42857142857142855,15
top_tangential_radius_mean_z,high_residual_fish_location,1,28,-0.20889554822871145,-0.4323672950633515,0.22347174683464002,0.22347174683464002,0.20778353896396407,0.5357142857142857,15
edge_minus_core_radial_abs_mean,shell_radial_state,1,28,-0.24770600838725687,-0.03973390148582159,-0.20797210690143528,0.20797210690143528,-0.0914725778971539,0.4642857142857143,15
edge_minus_core_tangential_mean,shell_tangential_state,1,28,-0.30562946990903517,-0.16493053065150629,-0.14069893925752888,0.14069893925752888,0.10928055030031505,0.5357142857142857,15
resid_energy_shell_entropy,residual_state_concentration,1,28,0.08007196616521017,0.2166581278255672,-0.13658616166035703,0.13658616166035703,0.03193899312659987,0.5,15
edge_minus_core_tangential_q75,shell_tangential_state,1,28,-0.0465991244705678,-0.09790988103326012,0.05131075656269232,0.05131075656269232,-0.008113958982751523,0.4642857142857143,15
edge_minus_core_speed_q75,shell_residual_speed,1,28,-0.020288069759778204,-0.03957925872642013,0.019291188966641927,0.019291188966641927,-0.01546116634313565,0.5,15
edge_minus_core_speed_mean,shell_residual_speed,1,28,-0.02953067151940547,-0.03961333645490435,0.010082664935498878,0.010082664935498878,0.03961333645490435,0.5357142857142857,15
edge_minus_core_tangential_mean,shell_tangential_state,1,28,-0.5078347591789065,0.39582040296610843,-0.903655162145015,0.903655162145015,-0.39582040296610843,0.32142857142857145,16
resid_energy_shell_entropy,residual_state_concentration,1,28,0.23105489747596175,-0.562628921421884,0.7936838188978458,0.7936838188978458,0.38202640423260525,0.6071428571428571,16
edge_energy_share,residual_energy_distribution,1,28,-0.10181340106680214,0.5348557002559121,-0.6366691013227143,0.6366691013227143,-0.3676131801505411,0.42857142857142855,16
top_tangential_radius_mean_z,high_residual_fish_location,1,28,-0.4512832382416757,0.10773385968773025,-0.559017097929406,0.559017097929406,-0.23657849231595446,0.39285714285714285,16
edge_minus_core_speed_mean,shell_residual_speed,1,28,-0.1873685996918576,0.282360538063729,-0.4697291377555866,0.4697291377555866,-0.2647805800699869,0.32142857142857145,16
edge_minus_core_tangential_q75,shell_tangential_state,1,28,-0.1401956894122009,0.2763154779821662,-0.4165111673943671,0.4165111673943671,-0.1401956894122009,0.42857142857142855,16
edge_minus_core_radial_abs_mean,shell_radial_state,1,28,-0.2553184641735835,0.15455129300401776,-0.40986975717760127,0.40986975717760127,-0.2553184641735835,0.42857142857142855,16
resid_speed_gini,residual_state_concentration,1,28,-0.3276512207794391,0.004211680922145661,-0.3318629017015847,0.3318629017015847,-0.14931679194365882,0.4642857142857143,16
edge_minus_core_radial_abs_q75,shell_radial_state,1,28,-0.1011080704399545,0.2162971037944736,-0.3174051742344281,0.3174051742344281,-0.17147953168096602,0.39285714285714285,16
edge_minus_core_speed_q75,shell_residual_speed,1,28,0.05060158374006281,0.3619242862492522,-0.3113227025091894,0.3113227025091894,-0.19808260550715645,0.4642857142857143,16
edge_high_speed_fraction_minus_core,high_residual_fish_location,1,28,0.0355754563229586,0.3423140905106188,-0.3067386341876602,0.3067386341876602,-0.2921782388464348,0.39285714285714285,16
top_speed_radius_mean_z,high_residual_fish_location,1,28,-0.3605753235393232,-0.09415018623919119,-0.266425137300132,0.266425137300132,-0.16378270874251472,0.42857142857142855,16
core_energy_share,residual_energy_distribution,1,28,-0.09317969746188995,0.14241092252551063,-0.23559061998740058,0.23559061998740058,-0.12940609175699289,0.42857142857142855,16
edge_minus_core_energy_share,residual_energy_distribution,1,28,0.03942458545393551,0.15201387019765547,-0.11258928474371996,0.11258928474371996,-0.010910717601748741,0.5,16
edge_minus_core_radial_signed_mean,shell_radial_state,1,28,-0.171647934267609,-0.16075095745204324,-0.010896976815565756,0.010896976815565756,0.07820486729567394,0.5357142857142857,16
resid_speed_gini,residual_state_concentration,1,28,-1.3361636933500036,0.1302948218647044,-1.466458515214708,1.466458515214708,-0.6267816702165921,0.2857142857142857,17
edge_minus_core_tangential_q75,shell_tangential_state,1,28,0.04119894798241286,-0.4208904362117718,0.46208938419418466,0.46208938419418466,0.17244855452279065,0.5714285714285714,17
core_energy_share,residual_energy_distribution,1,28,0.4140217016923128,0.008081538261690752,0.405940163430622,0.405940163430622,0.16730800369166024,0.6071428571428571,17
edge_minus_core_radial_abs_q75,shell_radial_state,1,28,-0.3461930438958728,0.03077443268661577,-0.3769674765824886,0.3769674765824886,-0.04413929619259089,0.42857142857142855,17
edge_minus_core_tangential_mean,shell_tangential_state,1,28,-0.3610563397357145,-0.05959702936760519,-0.3014593103681093,0.3014593103681093,-0.22746939563743762,0.35714285714285715,17
edge_minus_core_radial_abs_mean,shell_radial_state,1,28,0.12757296901426565,-0.1516892497172993,0.279262218731565,0.279262218731565,0.12757296901426565,0.5714285714285714,17
edge_high_speed_fraction_minus_core,high_residual_fish_location,1,28,-0.03121021541848573,-0.29035918754887724,0.2591489721303915,0.2591489721303915,0.19685182083522496,0.6071428571428571,17
edge_minus_core_speed_mean,shell_residual_speed,1,28,-0.17420703082389521,-0.4082103641414841,0.23400333331758888,0.23400333331758888,0.2947580798289371,0.5357142857142857,17
edge_minus_core_speed_q75,shell_residual_speed,1,28,-0.14838078535147337,-0.35827690972953524,0.20989612437806188,0.20989612437806188,0.19968838944828998,0.5714285714285714,17
edge_energy_share,residual_energy_distribution,1,28,-0.20172010487226666,-0.3801965747302929,0.17847646985802623,0.17847646985802623,0.133390810836843,0.5357142857142857,17
top_tangential_radius_mean_z,high_residual_fish_location,1,28,0.12607161941050965,-0.05117415134696965,0.1772457707574793,0.1772457707574793,0.10944812000605683,0.5714285714285714,17
resid_energy_shell_entropy,residual_state_concentration,1,28,0.18050998056624784,0.022964928992514826,0.15754505157373302,0.15754505157373302,0.04417623581099818,0.5,17
top_speed_radius_mean_z,high_residual_fish_location,1,28,-0.22740705356537355,-0.14410463271992377,-0.08330242084544978,0.08330242084544978,-0.1487029235880039,0.4642857142857143,17
edge_minus_core_energy_share,residual_energy_distribution,1,28,-0.3678172124646978,-0.39699289216223954,0.029175679697541756,0.029175679697541756,0.18039130370976983,0.5357142857142857,17
edge_minus_core_radial_signed_mean,shell_radial_state,1,28,-0.06320151140238914,-0.09159137213261506,0.028389860730225924,0.028389860730225924,-0.013631316689622447,0.5,17
edge_energy_share,residual_energy_distribution,1,28,-0.2530763670997048,0.4929221672060589,-0.7459985343057638,0.7459985343057638,-0.4571266279884001,0.35714285714285715,18
edge_minus_core_radial_signed_mean,shell_radial_state,1,28,0.015033423586955807,-0.6811044518117013,0.6961378753986571,0.6961378753986571,0.08188351248196571,0.5714285714285714,18
resid_energy_shell_entropy,residual_state_concentration,1,28,0.31492602727715896,-0.202902812939155,0.5178288402163139,0.5178288402163139,0.202902812939155,0.6071428571428571,18
edge_minus_core_energy_share,residual_energy_distribution,1,28,-0.18035750202314937,0.30085623628947816,-0.48121373831262754,0.48121373831262754,-0.18035750202314937,0.42857142857142855,18
top_tangential_radius_mean_z,high_residual_fish_location,1,28,0.44354851054541405,-0.025310972162231604,0.46885948270764566,0.46885948270764566,0.1667346094091331,0.6428571428571429,18
edge_minus_core_tangential_mean,shell_tangential_state,1,28,0.21933652978056384,0.6148786033892902,-0.3955420736087264,0.3955420736087264,-0.07861685579646126,0.5,18
edge_minus_core_tangential_q75,shell_tangential_state,1,28,0.5055549399236348,0.14799967077470064,0.3575552691489341,0.3575552691489341,-0.01226582864400877,0.4642857142857143,18
edge_minus_core_speed_q75,shell_residual_speed,1,28,-0.2357921861603609,0.09009472464466534,-0.32588691080502624,0.32588691080502624,-0.14870978392970383,0.42857142857142855,18
edge_high_speed_fraction_minus_core,high_residual_fish_location,1,28,-0.12382733916218322,0.1212201221348101,-0.2450474612969933,0.2450474612969933,-0.1212201221348101,0.42857142857142855,18
edge_minus_core_speed_mean,shell_residual_speed,1,28,0.10284811577784664,0.31631278181897526,-0.21346466604112863,0.21346466604112863,-0.003536179067268108,0.5,18
top_speed_radius_mean_z,high_residual_fish_location,1,28,0.08762300903703331,0.2469675309498892,-0.15934452191285592,0.15934452191285592,-0.08405142762396423,0.5,18
resid_speed_gini,residual_state_concentration,1,28,-0.0008786110814611447,-0.14860739953369384,0.1477287884522327,0.1477287884522327,0.1308117597669624,0.5357142857142857,18
core_energy_share,residual_energy_distribution,1,28,-0.18281345481104438,-0.3178949841511568,0.13508152934011242,0.13508152934011242,0.07132211487485976,0.5,18
edge_minus_core_radial_abs_q75,shell_radial_state,1,28,-0.22466222261441654,-0.31360161870039066,0.08893939608597412,0.08893939608597412,-0.06029747336631491,0.4642857142857143,18
edge_minus_core_radial_abs_mean,shell_radial_state,1,28,-0.20494886731487097,-0.19601008314570345,-0.008938784169167519,0.008938784169167519,-0.05617635042981172,0.5,18
edge_minus_core_speed_mean,shell_residual_speed,1,28,0.8091578286526631,-0.18213169704195284,0.9912895256946159,0.9912895256946159,0.31187220178961966,0.6785714285714286,19
edge_minus_core_energy_share,residual_energy_distribution,1,28,0.5158287930331613,-0.20537696023474478,0.7212057532679061,0.7212057532679061,0.296458842683992,0.6785714285714286,19
edge_energy_share,residual_energy_distribution,1,28,0.481134744314338,-0.15952510302440748,0.6406598473387455,0.6406598473387455,0.33202238003272044,0.6428571428571429,19
edge_minus_core_tangential_mean,shell_tangential_state,1,28,0.6029523625229318,-0.019700470267562498,0.6226528327904943,0.6226528327904943,0.10020933846410632,0.6071428571428571,19
core_energy_share,residual_energy_distribution,1,28,-0.42571755058046573,0.1335272539244555,-0.5592448045049212,0.5592448045049212,-0.21493429145330256,0.35714285714285715,19
edge_minus_core_speed_q75,shell_residual_speed,1,28,0.42115370177472966,-0.08797510244512743,0.5091288042198571,0.5091288042198571,0.12029831619600925,0.5714285714285714,19
edge_minus_core_radial_abs_q75,shell_radial_state,1,28,0.329503448915874,-0.15751110026943216,0.4870145491853062,0.4870145491853062,0.22307584374321418,0.6071428571428571,19
edge_minus_core_radial_abs_mean,shell_radial_state,1,28,0.1270442551240821,-0.3158808776563809,0.44292513278046297,0.44292513278046297,0.22169455002805052,0.6071428571428571,19
edge_high_speed_fraction_minus_core,high_residual_fish_location,1,28,0.4666185541218984,0.08268962582582065,0.3839289282960777,0.3839289282960777,0.06540648707344682,0.6071428571428571,19
top_speed_radius_mean_z,high_residual_fish_location,1,28,0.4800805506658684,0.09847368566531825,0.3816068650005502,0.3816068650005502,-0.034223010124575716,0.4642857142857143,19
top_tangential_radius_mean_z,high_residual_fish_location,1,28,0.35433210731657483,0.024170436949961405,0.3301616703666134,0.3301616703666134,0.08860083818994305,0.5714285714285714,19
edge_minus_core_radial_signed_mean,shell_radial_state,1,28,-0.4688464060829599,-0.1807521419208138,-0.2880942641621461,0.2880942641621461,-0.24654740059045757,0.4642857142857143,19
edge_minus_core_tangential_q75,shell_tangential_state,1,28,0.18170172188051356,0.09889031751300334,0.08281140436751022,0.08281140436751022,0.019122031328063865,0.5714285714285714,19
resid_energy_shell_entropy,residual_state_concentration,1,28,-0.11902702374523247,-0.04514391637762405,-0.07388310736760842,0.07388310736760842,0.03691238042310846,0.5714285714285714,19
resid_speed_gini,residual_state_concentration,1,28,-0.2622851194680956,-0.24446426006202016,-0.017820859406075418,0.017820859406075418,0.194328515462049,0.5714285714285714,19
edge_minus_core_tangential_mean,shell_tangential_state,1,28,0.011928169138907041,-0.9414568415761908,0.9533850107150978,0.9533850107150978,0.387578135962478,0.6428571428571429,20
top_speed_radius_mean_z,high_residual_fish_location,1,28,0.08958673644566305,-0.8602646084893582,0.9498513449350212,0.9498513449350212,0.2890885469593114,0.6428571428571429,20
edge_minus_core_energy_share,residual_energy_distribution,1,28,0.42633461601890077,-0.3497689363998349,0.7761035524187356,0.7761035524187356,0.3938437949289103,0.6428571428571429,20
edge_minus_core_tangential_q75,shell_tangential_state,1,28,-0.16719423219176285,-0.9279032536690417,0.7607090214772788,0.7607090214772788,0.09550004486401509,0.5357142857142857,20
edge_minus_core_speed_mean,shell_residual_speed,1,28,0.49124668214535994,-0.26064481536750533,0.7518914975128652,0.7518914975128652,0.3919923130956872,0.6428571428571429,20
edge_energy_share,residual_energy_distribution,1,28,0.3237890419050927,-0.270325656893828,0.5941146987989208,0.5941146987989208,0.3237890419050927,0.6785714285714286,20
edge_high_speed_fraction_minus_core,high_residual_fish_location,1,28,-0.12847440963157952,-0.6430508102545336,0.5145764006229541,0.5145764006229541,0.25146898087157676,0.6071428571428571,20
top_tangential_radius_mean_z,high_residual_fish_location,1,28,0.12477230608643072,-0.2995121459777228,0.42428445206415355,0.42428445206415355,0.2544951182087922,0.6071428571428571,20
edge_minus_core_speed_q75,shell_residual_speed,1,28,-0.05953529142298166,-0.46961793964946086,0.4100826482264792,0.4100826482264792,0.09181832910755394,0.5714285714285714,20
edge_minus_core_radial_abs_mean,shell_radial_state,1,28,-0.22857092811665342,0.05317049235900506,-0.2817414204756585,0.2817414204756585,-0.11942584408002596,0.4642857142857143,20
edge_minus_core_radial_signed_mean,shell_radial_state,1,28,-0.2711437490145643,-0.029863927546405544,-0.24127982146815874,0.24127982146815874,0.0012312867949585693,0.5,20
resid_energy_shell_entropy,residual_state_concentration,1,28,-0.16716216808638695,0.04602982661247429,-0.21319199469886124,0.21319199469886124,-0.14396166044893988,0.4642857142857143,20
resid_speed_gini,residual_state_concentration,1,28,0.0402205585632785,-0.1574139705816729,0.1976345291449514,0.1976345291449514,0.11717625222639293,0.5357142857142857,20
core_energy_share,residual_energy_distribution,1,28,-0.12374032117177453,0.06850296620962773,-0.19224328738140226,0.19224328738140226,-0.06850296620962773,0.4642857142857143,20
edge_minus_core_radial_abs_q75,shell_radial_state,1,28,-0.14134309657845123,-0.25125941161038273,0.1099163150319315,0.1099163150319315,0.09671220129740285,0.5357142857142857,20
edge_minus_core_radial_abs_q75,shell_radial_state,1,28,-0.6308908721776009,0.36260388097931295,-0.9934947531569138,0.9934947531569138,-0.40686262256046635,0.2857142857142857,21
edge_minus_core_tangential_mean,shell_tangential_state,1,28,0.47670102748364473,-0.19693189379206344,0.6736329212757082,0.6736329212757082,0.38744825225766266,0.5357142857142857,21
edge_minus_core_radial_abs_mean,shell_radial_state,1,28,-0.1651704466498567,0.46637629336300646,-0.6315467400128632,0.6315467400128632,-0.46637629336300646,0.35714285714285715,21
top_tangential_radius_mean_z,high_residual_fish_location,1,28,0.30722529790150516,-0.319696681996411,0.6269219798979162,0.6269219798979162,0.319696681996411,0.6785714285714286,21
top_speed_radius_mean_z,high_residual_fish_location,1,28,0.5763114140630189,-0.047151987197184275,0.6234634012602032,0.6234634012602032,0.19587776721909209,0.5357142857142857,21
edge_minus_core_radial_signed_mean,shell_radial_state,1,28,-0.33528439960864787,0.21250834690788453,-0.5477927465165324,0.5477927465165324,-0.2864649417409347,0.39285714285714285,21
edge_energy_share,residual_energy_distribution,1,28,0.16542265676874807,0.5871914419405694,-0.4217687851718213,0.4217687851718213,-0.3131681183144369,0.42857142857142855,21
edge_minus_core_speed_mean,shell_residual_speed,1,28,0.18747296301309826,0.5920782317283015,-0.4046052687152033,0.4046052687152033,-0.2307488532912899,0.4642857142857143,21
resid_energy_shell_entropy,residual_state_concentration,1,28,0.022306036513501187,-0.32865727395121813,0.3509633104647193,0.3509633104647193,0.19969546011228112,0.6071428571428571,21
edge_minus_core_energy_share,residual_energy_distribution,1,28,0.3412262911584132,0.6201799221922073,-0.2789536310337941,0.2789536310337941,-0.12724738605395491,0.4642857142857143,21
edge_minus_core_tangential_q75,shell_tangential_state,1,28,0.10515953634798192,-0.14627524279995244,0.25143477914793433,0.25143477914793433,0.14627524279995244,0.5714285714285714,21
core_energy_share,residual_energy_distribution,1,28,0.02313518750292415,-0.19829242177227513,0.22142760927519928,0.22142760927519928,0.05145548576603301,0.5714285714285714,21
edge_minus_core_speed_q75,shell_residual_speed,1,28,0.1461217803149208,-0.042360123838095454,0.18848190415301624,0.18848190415301624,0.12232383312005242,0.5714285714285714,21
resid_speed_gini,residual_state_concentration,1,28,0.11525580334035744,0.06083295697938948,0.05442284636096796,0.05442284636096796,-0.031701914126956374,0.4642857142857143,21
edge_high_speed_fraction_minus_core,high_residual_fish_location,1,28,0.042973490074768764,0.06779116636953322,-0.02481767629476446,0.02481767629476446,0.042973490074768764,0.5357142857142857,21
core_energy_share,residual_energy_distribution,1,28,-0.727753173593564,0.20665301785213208,-0.934406191445696,0.934406191445696,-0.43557569987891165,0.39285714285714285,22
edge_minus_core_energy_share,residual_energy_distribution,1,28,0.685999079782349,-0.21438064481699476,0.9003797245993437,0.9003797245993437,0.4950011225804349,0.5714285714285714,22
edge_energy_share,residual_energy_distribution,1,28,0.35990780104750997,-0.17793018545145828,0.5378379864989682,0.5378379864989682,0.2878322150167192,0.6071428571428571,22
edge_minus_core_tangential_q75,shell_tangential_state,1,28,-0.28272698211328684,0.23685133714266737,-0.5195783192559542,0.5195783192559542,-0.2664246081641159,0.42857142857142855,22
edge_minus_core_speed_mean,shell_residual_speed,1,28,0.4795100757488436,0.06342304522368071,0.4160870305251629,0.4160870305251629,0.39790264422146904,0.5357142857142857,22
edge_minus_core_speed_q75,shell_residual_speed,1,28,0.21537771669949568,-0.15478553913071608,0.37016325583021176,0.37016325583021176,0.21537771669949568,0.5357142857142857,22
edge_high_speed_fraction_minus_core,high_residual_fish_location,1,28,0.26575217631014963,-0.07115205959125423,0.33690423590140384,0.33690423590140384,0.15368092960255036,0.5714285714285714,22
edge_minus_core_radial_signed_mean,shell_radial_state,1,28,-0.15434996815475455,-0.47492394567102547,0.3205739775162709,0.3205739775162709,0.14722344957243705,0.5714285714285714,22
resid_energy_shell_entropy,residual_state_concentration,1,28,0.0263712853599313,-0.26973461523426967,0.29610590059420094,0.29610590059420094,0.22250150176043063,0.5714285714285714,22
top_speed_radius_mean_z,high_residual_fish_location,1,28,0.31904746177350496,0.044993557756305355,0.2740539040171996,0.2740539040171996,0.1130797533891541,0.5357142857142857,22
edge_minus_core_radial_abs_mean,shell_radial_state,1,28,0.1366327552496639,-0.06774507247331028,0.2043778277229742,0.2043778277229742,0.06774507247331028,0.5,22
resid_speed_gini,residual_state_concentration,1,28,0.27445360034925076,0.16721274139152686,0.1072408589577239,0.1072408589577239,-0.028906626547525432,0.4642857142857143,22
top_tangential_radius_mean_z,high_residual_fish_location,1,28,-0.13742655643633492,-0.24399746632969177,0.10657090989335685,0.10657090989335685,0.11038205370298965,0.5357142857142857,22
edge_minus_core_tangential_mean,shell_tangential_state,1,28,-0.043456544396405866,-0.134901086503596,0.09144454210719014,0.09144454210719014,-0.03128560540014501,0.5,22
edge_minus_core_radial_abs_q75,shell_radial_state,1,28,-0.1313227011363206,-0.11733535017015909,-0.013987350966161521,0.013987350966161521,0.11733535017015909,0.5357142857142857,22
top_tangential_radius_mean_z,high_residual_fish_location,1,28,0.8402252023028229,-0.7186909291286175,1.5589161314314404,1.5589161314314404,0.8170880000156079,0.7142857142857143,23
edge_minus_core_tangential_mean,shell_tangential_state,1,28,0.43057906875977797,-0.48557636211216193,0.91615543087194,0.91615543087194,0.4569806951234503,0.6785714285714286,23
edge_minus_core_tangential_q75,shell_tangential_state,1,28,0.5909535703933994,-0.2169670903917424,0.8079206607851417,0.8079206607851417,0.4131797823503547,0.5714285714285714,23
edge_minus_core_radial_abs_mean,shell_radial_state,1,28,-0.6400671590780259,0.039882197071814285,-0.6799493561498402,0.6799493561498402,-0.28421685747388936,0.32142857142857145,23
edge_minus_core_radial_abs_q75,shell_radial_state,1,28,-0.31878258207572735,0.15828230037772956,-0.4770648824534569,0.4770648824534569,-0.18537046556120476,0.42857142857142855,23
resid_speed_gini,residual_state_concentration,1,28,-0.050600777598293574,0.1822314907530836,-0.23283226835137716,0.23283226835137716,-0.09254438923056138,0.39285714285714285,23
edge_high_speed_fraction_minus_core,high_residual_fish_location,1,28,-0.43460253358202117,-0.203476570292754,-0.23112596328926716,0.23112596328926716,-0.05700462101982731,0.4642857142857143,23
core_energy_share,residual_energy_distribution,1,28,0.12072623247011094,0.32658326655548875,-0.2058570340853778,0.2058570340853778,-0.16849403703626595,0.35714285714285715,23
resid_energy_shell_entropy,residual_state_concentration,1,28,0.07290645436007903,-0.0745771524543531,0.14748360681443212,0.14748360681443212,0.0745771524543531,0.5357142857142857,23
edge_minus_core_speed_mean,shell_residual_speed,1,28,-0.06552011412947892,-0.19879129881779295,0.13327118468831403,0.13327118468831403,-0.016088980532303933,0.4642857142857143,23
edge_energy_share,residual_energy_distribution,1,28,-0.3301606469096399,-0.20807725818381972,-0.1220833887258202,0.1220833887258202,-0.061804458685837754,0.4642857142857143,23
edge_minus_core_speed_q75,shell_residual_speed,1,28,-0.2948981097978879,-0.1757548494355343,-0.11914326036235359,0.11914326036235359,0.03964451118148493,0.5,23
top_speed_radius_mean_z,high_residual_fish_location,1,28,0.25992455658397184,0.179035162976566,0.08088939360740585,0.08088939360740585,-0.07407216758549459,0.4642857142857143,23
edge_minus_core_energy_share,residual_energy_distribution,1,28,-0.12633174489255294,-0.1788618834386525,0.05253013854609956,0.05253013854609956,0.08111822018006336,0.5357142857142857,23
edge_minus_core_radial_signed_mean,shell_radial_state,1,28,-0.07547585686593311,-0.06085127423337827,-0.014624582632554839,0.014624582632554839,-0.05410966646828097,0.5,23
edge_minus_core_speed_mean,shell_residual_speed,1,28,1.1493456483402196,-0.04889136153891316,1.1982370098791328,1.1982370098791328,0.32709137391352294,0.6071428571428571,24
edge_minus_core_energy_share,residual_energy_distribution,1,28,0.9806131641358529,-0.19338377160255754,1.1739969357384104,1.1739969357384104,0.6582548462476808,0.7142857142857143,24
edge_minus_core_tangential_mean,shell_tangential_state,1,28,1.0695657403188115,0.02639293042632279,1.0431728098924886,1.0431728098924886,0.4092777534976489,0.5714285714285714,24
edge_high_speed_fraction_minus_core,high_residual_fish_location,1,28,0.7852584301228898,-0.19001355799394698,0.9752719881168368,0.9752719881168368,0.29802086078443857,0.6428571428571429,24
edge_minus_core_radial_abs_mean,shell_radial_state,1,28,0.17954375922503518,-0.793694701445192,0.9732384606702272,0.9732384606702272,0.49718496786948474,0.6428571428571429,24
edge_energy_share,residual_energy_distribution,1,28,0.7553310420865347,-0.16748407044942507,0.9228151125359597,0.9228151125359597,0.43963654941208385,0.6071428571428571,24
edge_minus_core_speed_q75,shell_residual_speed,1,28,0.5720501887897929,0.05735527120289183,0.514694917586901,0.514694917586901,0.36490516748078844,0.6071428571428571,24
edge_minus_core_radial_signed_mean,shell_radial_state,1,28,0.6332783072792252,0.1331364712754244,0.5001418360038008,0.5001418360038008,0.21302337291303805,0.5714285714285714,24
edge_minus_core_radial_abs_q75,shell_radial_state,1,28,0.19588124733369183,-0.2850106082472054,0.48089185558089725,0.48089185558089725,0.27992669432218376,0.6428571428571429,24
core_energy_share,residual_energy_distribution,1,28,-0.44231958394544396,0.004532790600869696,-0.44685237454631366,0.44685237454631366,-0.21357610878981506,0.42857142857142855,24
edge_minus_core_tangential_q75,shell_tangential_state,1,28,0.6968402457667215,0.3706657860541349,0.32617445971258663,0.32617445971258663,-0.24988831667187653,0.39285714285714285,24
resid_speed_gini,residual_state_concentration,1,28,-0.4917856829483256,-0.17381438067546123,-0.31797130227286435,0.31797130227286435,-0.061360207765645824,0.4642857142857143,24
resid_energy_shell_entropy,residual_state_concentration,1,28,-0.3043668578194057,-0.49099067396355844,0.18662381614415274,0.18662381614415274,-0.03264126108978366,0.5,24
top_speed_radius_mean_z,high_residual_fish_location,1,28,0.45146265830392784,0.28232827586841275,0.1691343824355151,0.1691343824355151,-0.04633049292716044,0.4642857142857143,24
top_tangential_radius_mean_z,high_residual_fish_location,1,28,0.2835407538566827,0.3776155808675463,-0.09407482701086362,0.09407482701086362,-0.09730119754958216,0.39285714285714285,24
core_energy_share,residual_energy_distribution,1,28,0.6828700942688688,-0.37110066379779566,1.0539707580666644,1.0539707580666644,0.37110066379779566,0.6428571428571429,25
edge_minus_core_tangential_q75,shell_tangential_state,1,28,-0.3125798184552434,0.3816471400757979,-0.6942269585310413,0.6942269585310413,-0.3125798184552434,0.42857142857142855,25
top_tangential_radius_mean_z,high_residual_fish_location,1,28,-0.09378729064545728,0.5089871978485683,-0.6027744884940256,0.6027744884940256,-0.41969906660010387,0.42857142857142855,25
top_speed_radius_mean_z,high_residual_fish_location,1,28,-0.42546641895080417,0.12208934750473786,-0.547555766455542,0.547555766455542,-0.1766791209222609,0.39285714285714285,25
resid_energy_shell_entropy,residual_state_concentration,1,28,0.5428940848613288,0.015004526091493034,0.5278895587698358,0.5278895587698358,0.0030069593136564862,0.5,25
edge_minus_core_radial_signed_mean,shell_radial_state,1,28,-0.42613194771975355,0.03125878420506545,-0.457390731924819,0.457390731924819,-0.220089441099439,0.4642857142857143,25
edge_high_speed_fraction_minus_core,high_residual_fish_location,1,28,-0.24476949907140583,0.13858665762660916,-0.383356156698015,0.383356156698015,-0.15898539639137385,0.35714285714285715,25
resid_speed_gini,residual_state_concentration,1,28,-0.1031292417668963,0.26776736042917537,-0.3708966021960717,0.3708966021960717,-0.24015849680768042,0.42857142857142855,25
edge_minus_core_speed_mean,shell_residual_speed,1,28,-0.13493434455530792,0.1838258812451803,-0.31876022580048824,0.31876022580048824,-0.1838258812451803,0.4642857142857143,25
edge_minus_core_energy_share,residual_energy_distribution,1,28,-0.10778407018961056,0.2077473175000131,-0.31553138768962363,0.31553138768962363,-0.2077473175000131,0.42857142857142855,25
edge_minus_core_speed_q75,shell_residual_speed,1,28,-0.2649030567072156,0.04112684087405841,-0.30602989758127397,0.30602989758127397,-0.11786771695115192,0.42857142857142855,25
edge_minus_core_radial_abs_mean,shell_radial_state,1,28,-0.5595612037689668,-0.28823517870365556,-0.2713260250653112,0.2713260250653112,-0.07705661046006518,0.4642857142857143,25
edge_energy_share,residual_energy_distribution,1,28,0.18566517925204815,0.4477574506148091,-0.2620922713627609,0.2620922713627609,-0.2573971029854769,0.4642857142857143,25
edge_minus_core_tangential_mean,shell_tangential_state,1,28,0.043934229638380534,0.17579676255367896,-0.13186253291529842,0.13186253291529842,0.043934229638380534,0.5,25
edge_minus_core_radial_abs_q75,shell_radial_state,1,28,-0.3896640157736909,-0.27600587898546025,-0.11365813678823067,0.11365813678823067,-0.21923492100994674,0.42857142857142855,25
edge_minus_core_tangential_mean,shell_tangential_state,1,28,0.5296893379051647,-0.07907102236492708,0.6087603602700917,0.6087603602700917,0.1997369113617921,0.6071428571428571,26
edge_minus_core_energy_share,residual_energy_distribution,1,28,0.46264284916469045,-0.10112253157304985,0.5637653807377403,0.5637653807377403,0.1550874304697044,0.6071428571428571,26
edge_minus_core_speed_mean,shell_residual_speed,1,28,0.32750357501119715,-0.21502916392000082,0.542532738931198,0.542532738931198,0.21502916392000082,0.6071428571428571,26
edge_energy_share,residual_energy_distribution,1,28,0.24164568079023457,-0.2588955260387034,0.500541206828938,0.500541206828938,0.24870408304202568,0.6428571428571429,26
core_energy_share,residual_energy_distribution,1,28,-0.34024339153274796,0.031146623144840208,-0.37139001467758814,0.37139001467758814,-0.09834258472330104,0.4642857142857143,26
top_tangential_radius_mean_z,high_residual_fish_location,1,28,-0.2960859541723802,0.052148852432074164,-0.3482348066044544,0.3482348066044544,-0.1670650372970669,0.4642857142857143,26
top_speed_radius_mean_z,high_residual_fish_location,1,28,0.11864051804339505,-0.18502164994675235,0.3036621679901474,0.3036621679901474,0.12609670683196655,0.5714285714285714,26
resid_energy_shell_entropy,residual_state_concentration,1,28,-0.38156468719174474,-0.11824348326900339,-0.2633212039227414,0.2633212039227414,0.0011507073663751602,0.5,26
edge_minus_core_radial_signed_mean,shell_radial_state,1,28,0.015145685243804469,-0.24148600805260584,0.25663169329641033,0.25663169329641033,0.07091239075666225,0.5714285714285714,26
edge_minus_core_radial_abs_q75,shell_radial_state,1,28,0.16618329727474057,-0.07211047986343098,0.23829377713817157,0.23829377713817157,0.12496508662421567,0.5357142857142857,26
edge_minus_core_tangential_q75,shell_tangential_state,1,28,-0.3637025368092959,-0.15199499292403484,-0.21170754388526103,0.21170754388526103,-0.14001299879397283,0.4642857142857143,26
edge_minus_core_speed_q75,shell_residual_speed,1,28,-0.1787398826278569,0.0006023640028440247,-0.17934224663070092,0.17934224663070092,-0.06245373588791242,0.4642857142857143,26
resid_speed_gini,residual_state_concentration,1,28,0.19959182894775027,0.04830331628181664,0.15128851266593363,0.15128851266593363,0.11597941950883112,0.5357142857142857,26
edge_minus_core_radial_abs_mean,shell_radial_state,1,28,0.0980364345683061,0.0006997928328142666,0.09733664173549184,0.09733664173549184,0.0980364345683061,0.5714285714285714,26
edge_high_speed_fraction_minus_core,high_residual_fish_location,1,28,-0.08278359804230206,-0.15611543209612272,0.07333183405382065,0.07333183405382065,0.01424636812214189,0.5357142857142857,26
edge_high_speed_fraction_minus_core,high_residual_fish_location,1,28,0.17640129242646857,-0.5144386714061469,0.6908399638326155,0.6908399638326155,0.3264659171415791,0.6071428571428571,27
top_speed_radius_mean_z,high_residual_fish_location,1,28,0.19102372148096897,-0.4298372722672026,0.6208609937481715,0.6208609937481715,0.35561082698516033,0.6071428571428571,27
resid_speed_gini,residual_state_concentration,1,28,0.20558270096152242,-0.3802381763667314,0.5858208773282538,0.5858208773282538,0.328928516475865,0.6428571428571429,27
edge_minus_core_radial_signed_mean,shell_radial_state,1,28,0.02302961851558774,-0.5617604418501408,0.5847900603657286,0.5847900603657286,0.10308753252855643,0.5714285714285714,27
edge_minus_core_speed_q75,shell_residual_speed,1,28,0.08588981308052845,-0.41168205984173434,0.4975718729222628,0.4975718729222628,0.3024754248151501,0.6071428571428571,27
top_tangential_radius_mean_z,high_residual_fish_location,1,28,0.4638471663555639,-0.020029142768960603,0.4838763091245245,0.4838763091245245,0.30384629606995267,0.6428571428571429,27
edge_minus_core_radial_abs_q75,shell_radial_state,1,28,-0.4059750424335351,0.0043170476020301975,-0.4102920900355653,0.4102920900355653,-0.014646917474822267,0.5,27
edge_minus_core_tangential_mean,shell_tangential_state,1,28,0.10309192486061815,0.37341826052172755,-0.2703263356611094,0.2703263356611094,-0.2128019435266772,0.4642857142857143,27
edge_minus_core_tangential_q75,shell_tangential_state,1,28,-0.09965184209248994,0.14818584830685608,-0.247837690399346,0.247837690399346,-0.14818584830685608,0.4642857142857143,27
edge_energy_share,residual_energy_distribution,1,28,0.21422959897384475,-0.027967546436873457,0.2421971454107182,0.2421971454107182,0.1261089554864792,0.5357142857142857,27
edge_minus_core_radial_abs_mean,shell_radial_state,1,28,-0.3643950134710811,-0.5074223434130352,0.14302732994195405,0.14302732994195405,0.347526798631691,0.6428571428571429,27
edge_minus_core_speed_mean,shell_residual_speed,1,28,0.1915543308092354,0.07536586263478326,0.11618846817445214,0.11618846817445214,0.1164204966625135,0.5357142857142857,27
resid_energy_shell_entropy,residual_state_concentration,1,28,0.309425430356485,0.19544584409526414,0.11397958626122087,0.11397958626122087,0.05284717641494737,0.5,27
core_energy_share,residual_energy_distribution,1,28,0.08662727948640267,0.026790386250216527,0.05983689323618614,0.05983689323618614,0.0203479798119503,0.5,27
edge_minus_core_energy_share,residual_energy_distribution,1,28,0.0045631024787169405,0.005820047870325931,-0.0012569453916089907,0.0012569453916089907,-0.005820047870325931,0.5,27
resid_speed_gini,residual_state_concentration,1,28,-0.5440475836197554,0.28050728617859216,-0.8245548697983476,0.8245548697983476,-0.36356610162709796,0.32142857142857145,28
edge_minus_core_radial_signed_mean,shell_radial_state,1,28,-0.03973522470367158,0.6516295306517634,-0.691364755355435,0.691364755355435,-0.3663755385396215,0.35714285714285715,28
edge_minus_core_speed_q75,shell_residual_speed,1,28,0.5833895534614773,0.0588246150155816,0.5245649384458957,0.5245649384458957,0.18670023303562266,0.5357142857142857,28
edge_minus_core_radial_abs_mean,shell_radial_state,1,28,0.46235321892583126,-0.04450140267591873,0.50685462160175,0.50685462160175,0.1662973767967439,0.6071428571428571,28
top_speed_radius_mean_z,high_residual_fish_location,1,28,0.2205272845153974,0.6104074563688742,-0.3898801718534768,0.3898801718534768,-0.2775235623628245,0.4642857142857143,28
resid_energy_shell_entropy,residual_state_concentration,1,28,0.19901394087109792,0.5002609691905959,-0.301247028319498,0.301247028319498,-0.012926565456399863,0.5,28
edge_minus_core_speed_mean,shell_residual_speed,1,28,0.5717320154992969,0.27522226574357284,0.29650974975572403,0.29650974975572403,-0.03937482152093441,0.4642857142857143,28
core_energy_share,residual_energy_distribution,1,28,-0.5326018354881917,-0.34719055180519276,-0.18541128368299897,0.18541128368299897,0.06259855969636935,0.5,28
edge_minus_core_tangential_mean,shell_tangential_state,1,28,0.42115842789575736,0.24361401233385796,0.1775444155618994,0.1775444155618994,-0.18102424683451426,0.4642857142857143,28
top_tangential_radius_mean_z,high_residual_fish_location,1,28,0.5337054711416256,0.3958151240058912,0.1378903471357344,0.1378903471357344,-0.05492495213360479,0.5,28
edge_high_speed_fraction_minus_core,high_residual_fish_location,1,28,0.42784747620125096,0.3224117058512025,0.10543577035004847,0.10543577035004847,-0.1029494864527219,0.4642857142857143,28
edge_minus_core_radial_abs_q75,shell_radial_state,1,28,0.22647670234269784,0.31926851595303274,-0.0927918136103349,0.0927918136103349,-0.017798220976635942,0.42857142857142855,28
edge_energy_share,residual_energy_distribution,1,28,0.10725205307720106,0.18019461204752374,-0.07294255897032267,0.07294255897032267,-0.07263516563382093,0.39285714285714285,28
edge_minus_core_tangential_q75,shell_tangential_state,1,28,-0.00561027994675925,-0.01731347735141145,0.0117031974046522,0.0117031974046522,0.01731347735141145,0.5357142857142857,28
edge_minus_core_energy_share,residual_energy_distribution,1,28,0.3535806227521301,0.3645785483698941,-0.010997925617764026,0.010997925617764026,-0.23294381370647438,0.42857142857142855,28
core_energy_share,residual_energy_distribution,1,28,-0.5442387773079032,0.43588435037409157,-0.9801231276819947,0.9801231276819947,-0.5029833664183798,0.35714285714285715,29
resid_energy_shell_entropy,residual_state_concentration,1,28,0.15959127865808798,-0.4634797388146431,0.6230710174727311,0.6230710174727311,0.3760816338924535,0.6785714285714286,29
resid_speed_gini,residual_state_concentration,1,28,-0.13835696714275034,0.37303134040305025,-0.5113883075458006,0.5113883075458006,-0.3096881135600733,0.35714285714285715,29
edge_energy_share,residual_energy_distribution,1,28,0.11052506710152882,0.4684309142919286,-0.3579058471903998,0.3579058471903998,-0.03807242463874322,0.4642857142857143,29
edge_minus_core_radial_signed_mean,shell_radial_state,1,28,-0.20319355608996176,-0.4645229713385601,0.2613294152485983,0.2613294152485983,0.07928805806054195,0.5357142857142857,29
top_speed_radius_mean_z,high_residual_fish_location,1,28,-0.00860455486934289,-0.2637543567243107,0.25514980185496783,0.25514980185496783,0.10850107918214025,0.5357142857142857,29
edge_minus_core_tangential_q75,shell_tangential_state,1,28,-0.009830830622725495,0.20466099559641562,-0.21449182621914112,0.21449182621914112,-0.023095255144185787,0.5,29
edge_minus_core_tangential_mean,shell_tangential_state,1,28,0.5839880582043903,0.4189292483647765,0.16505880983961374,0.16505880983961374,0.09127377609571792,0.5,29
edge_minus_core_radial_abs_mean,shell_radial_state,1,28,-0.08148068234970837,0.08233708680150628,-0.16381776915121465,0.16381776915121465,-0.08148068234970837,0.5,29
edge_minus_core_radial_abs_q75,shell_radial_state,1,28,-0.003025438392158679,0.15141159265769374,-0.15443703104985243,0.15443703104985243,-0.0912354307235379,0.4642857142857143,29
edge_high_speed_fraction_minus_core,high_residual_fish_location,1,28,-0.21632695804215257,-0.08321213542110616,-0.1331148226210464,0.1331148226210464,0.023677676028826547,0.5357142857142857,29
top_tangential_radius_mean_z,high_residual_fish_location,1,28,0.30533788411780727,0.19416264623046794,0.11117523788733932,0.11117523788733932,0.14220286982301844,0.6428571428571429,29
edge_minus_core_speed_q75,shell_residual_speed,1,28,-0.2915123915309994,-0.3409373175833538,0.049424926052354434,0.049424926052354434,0.10791791268198442,0.5,29
edge_minus_core_energy_share,residual_energy_distribution,1,28,0.13194279652684043,0.1025375537944418,0.02940524273239864,0.02940524273239864,-0.024919663010783022,0.4642857142857143,29
edge_minus_core_speed_mean,shell_residual_speed,1,28,0.06178506364298503,0.07054009486948147,-0.008755031226496443,0.008755031226496443,-0.07054009486948147,0.4642857142857143,29
edge_minus_core_radial_signed_mean,shell_radial_state,1,28,1.0053638237368188,-0.10832165805876337,1.1136854817955821,1.1136854817955821,0.5099913924857351,0.5714285714285714,30
core_energy_share,residual_energy_distribution,1,28,0.18619418135460458,-0.207641813554597,0.39383599490920157,0.39383599490920157,0.207641813554597,0.5357142857142857,30
edge_minus_core_tangential_mean,shell_tangential_state,1,28,-0.08129128272426081,-0.44409700192752,0.3628057192032592,0.3628057192032592,0.31835145855574465,0.6071428571428571,30
edge_minus_core_speed_q75,shell_residual_speed,1,28,0.3686352736649493,0.00800847095998246,0.36062680270496683,0.36062680270496683,0.09543105792297604,0.5357142857142857,30
edge_energy_share,residual_energy_distribution,1,28,0.3143397003770074,-0.019533270809210336,0.3338729711862178,0.3338729711862178,0.21774191884686778,0.5714285714285714,30
resid_energy_shell_entropy,residual_state_concentration,1,28,-0.42239368564223734,-0.15768844912146202,-0.2647052365207753,0.2647052365207753,-0.1264325380502583,0.42857142857142855,30
top_speed_radius_mean_z,high_residual_fish_location,1,28,0.024479425862957815,0.2654005689142245,-0.24092114305126666,0.24092114305126666,-0.14021930611943134,0.4642857142857143,30
edge_minus_core_speed_mean,shell_residual_speed,1,28,0.2849899159281458,0.09628968482094921,0.1887002311071966,0.1887002311071966,-0.049573423139162326,0.4642857142857143,30
edge_minus_core_tangential_q75,shell_tangential_state,1,28,-0.22425858706612323,-0.40932419343319204,0.1850656063670688,0.1850656063670688,0.2072424929547016,0.5357142857142857,30
edge_minus_core_energy_share,residual_energy_distribution,1,28,0.03904201020433129,0.19063116090322224,-0.15158915069889095,0.15158915069889095,-0.030909631896419106,0.5,30
edge_minus_core_radial_abs_mean,shell_radial_state,1,28,0.21392215443688684,0.3512842923807118,-0.13736213794382496,0.13736213794382496,-0.16772591317752306,0.4642857142857143,30
edge_minus_core_radial_abs_q75,shell_radial_state,1,28,0.18904328899662054,0.16127561071030416,0.027767678286316377,0.027767678286316377,-0.10985180162164715,0.4642857142857143,30
top_tangential_radius_mean_z,high_residual_fish_location,1,28,-0.29870428375696223,-0.3243464787136169,0.02564219495665465,0.02564219495665465,-0.1425745880301008,0.4642857142857143,30
resid_speed_gini,residual_state_concentration,1,28,-0.13027898557526202,-0.11919766365509069,-0.011081321920171333,0.011081321920171333,-0.06063431229488016,0.4642857142857143,30
edge_high_speed_fraction_minus_core,high_residual_fish_location,1,28,-0.0058537963569261775,-0.011024015420971547,0.00517021906404537,0.00517021906404537,0.011024015420971547,0.5357142857142857,30
edge_minus_core_tangential_mean,shell_tangential_state,1,28,-0.38331732618144854,0.43357928462106504,-0.8168966108025135,0.8168966108025135,-0.4058011356038823,0.39285714285714285,31
edge_minus_core_tangential_q75,shell_tangential_state,1,28,-0.34194738920716966,0.4195073026061885,-0.7614546918133582,0.7614546918133582,-0.37720660054581634,0.42857142857142855,31
top_tangential_radius_mean_z,high_residual_fish_location,1,28,-0.3763877247911376,0.28333939661645535,-0.6597271214075929,0.6597271214075929,-0.2896762610196302,0.39285714285714285,31
edge_minus_core_energy_share,residual_energy_distribution,1,28,-0.02549017829297298,0.5850591864650576,-0.6105493647580306,0.6105493647580306,-0.33329461754615075,0.4642857142857143,31
core_energy_share,residual_energy_distribution,1,28,0.22203108156541196,-0.35547182218556117,0.5775029037509731,0.5775029037509731,0.22203108156541196,0.6428571428571429,31
edge_minus_core_radial_abs_mean,shell_radial_state,1,28,-0.30541265826446434,0.22800498767649585,-0.5334176459409602,0.5334176459409602,-0.28540471735550527,0.35714285714285715,31
edge_minus_core_speed_mean,shell_residual_speed,1,28,-0.15193842858935447,0.22928168340637767,-0.38122011199573214,0.38122011199573214,-0.1831798262352756,0.39285714285714285,31
resid_speed_gini,residual_state_concentration,1,28,0.14885164930517317,-0.186340130421001,0.3351917797261742,0.3351917797261742,0.186340130421001,0.5714285714285714,31
edge_minus_core_speed_q75,shell_residual_speed,1,28,0.02931274302316271,0.2542940229085172,-0.2249812798853545,0.2249812798853545,-0.15426017271040426,0.42857142857142855,31
edge_minus_core_radial_signed_mean,shell_radial_state,1,28,0.12832951434446832,-0.06741240740189954,0.19574192174636784,0.19574192174636784,0.12832951434446832,0.5357142857142857,31
top_speed_radius_mean_z,high_residual_fish_location,1,28,-0.07384622889356882,0.09815945475461937,-0.1720056836481882,0.1720056836481882,-0.07384622889356882,0.5,31
edge_high_speed_fraction_minus_core,high_residual_fish_location,1,28,0.3166738934175986,0.18630935115465708,0.13036454226294153,0.13036454226294153,-0.17958434591679873,0.4642857142857143,31
resid_energy_shell_entropy,residual_state_concentration,1,28,-0.17857728429168968,-0.061903454623086884,-0.11667382966860279,0.11667382966860279,-0.14945228726822285,0.42857142857142855,31
edge_minus_core_radial_abs_q75,shell_radial_state,1,28,-0.06819113741213337,-0.01688212748121029,-0.05130900993092308,0.05130900993092308,-0.06819113741213337,0.5,31
edge_energy_share,residual_energy_distribution,1,28,0.23693485085982066,0.2818246950779052,-0.044889844218084535,0.044889844218084535,0.059835370493736426,0.5357142857142857,31
edge_minus_core_tangential_q75,shell_tangential_state,1,28,0.5728476826710456,0.05399363588034267,0.5188540467907029,0.5188540467907029,0.16449375086013784,0.5357142857142857,32
edge_energy_share,residual_energy_distribution,1,28,-0.14761563334860578,0.36870807049305093,-0.5163237038416567,0.5163237038416567,-0.3365714762561153,0.42857142857142855,32
resid_speed_gini,residual_state_concentration,1,28,-0.32856184440677494,0.06412958048965398,-0.39269142489642894,0.39269142489642894,-0.1217391227208286,0.42857142857142855,32
edge_minus_core_speed_q75,shell_residual_speed,1,28,0.0940852369147795,0.46744745264767484,-0.37336221573289535,0.37336221573289535,-0.17037468247280974,0.39285714285714285,32
top_speed_radius_mean_z,high_residual_fish_location,1,28,0.03367439805638178,0.3463484335374603,-0.3126740354810785,0.3126740354810785,-0.16894243744489695,0.39285714285714285,32
resid_energy_shell_entropy,residual_state_concentration,1,28,-0.028747908254424692,-0.334561193747437,0.3058132854930123,0.3058132854930123,0.14932213627748542,0.5357142857142857,32
core_energy_share,residual_energy_distribution,1,28,-0.3359464444204263,-0.07018898511745615,-0.2657574593029702,0.2657574593029702,-0.08242195478445107,0.4642857142857143,32
edge_minus_core_tangential_mean,shell_tangential_state,1,28,0.5899088792411972,0.3268661356219595,0.2630427436192377,0.2630427436192377,0.07706888065440307,0.5,32
top_tangential_radius_mean_z,high_residual_fish_location,1,28,0.4562821819746061,0.6624028109165402,-0.20612062894193406,0.20612062894193406,-0.277779081687414,0.4642857142857143,32
edge_minus_core_speed_mean,shell_residual_speed,1,28,0.03460332786452716,-0.12260387264833367,0.15720720051286083,0.15720720051286083,0.1050919954104754,0.5357142857142857,32
edge_minus_core_energy_share,residual_energy_distribution,1,28,-0.06651883838979576,-0.19973235535142891,0.13321351696163314,0.13321351696163314,0.033055854051843914,0.5,32
edge_high_speed_fraction_minus_core,high_residual_fish_location,1,28,0.1017700926035508,0.17452669384964076,-0.07275660124608996,0.07275660124608996,-0.0935480116110322,0.4642857142857143,32
edge_minus_core_radial_signed_mean,shell_radial_state,1,28,0.09096656676481207,0.03472231973737745,0.05624424702743462,0.05624424702743462,-0.03472231973737745,0.4642857142857143,32
edge_minus_core_radial_abs_q75,shell_radial_state,1,28,0.09643904477061191,0.15139700532526593,-0.05495796055465402,0.05495796055465402,-0.012719778125589276,0.5,32
edge_minus_core_radial_abs_mean,shell_radial_state,1,28,0.10634104176278233,0.15686089719256094,-0.050519855429778604,0.050519855429778604,0.011488834140875676,0.5,32
edge_energy_share,residual_energy_distribution,1,28,0.6081749558158052,-0.5382483766821029,1.146423332497908,1.146423332497908,0.6081749558158052,0.6071428571428571,33
edge_minus_core_tangential_mean,shell_tangential_state,1,28,-0.4061602719794474,0.28808720101665264,-0.6942474729961,0.6942474729961,-0.31977455641007724,0.35714285714285715,33
edge_minus_core_speed_q75,shell_residual_speed,1,28,-0.01208016677406179,-0.5909315777984272,0.5788514110243654,0.5788514110243654,0.2678925448740637,0.5357142857142857,33
edge_minus_core_tangential_q75,shell_tangential_state,1,28,-0.14899344766018938,0.42913066912843567,-0.5781241167886251,0.5781241167886251,-0.22569688205260022,0.39285714285714285,33
core_energy_share,residual_energy_distribution,1,28,0.3639034510385099,-0.19673899613499174,0.5606424471735016,0.5606424471735016,0.28482547836718763,0.6071428571428571,33
edge_minus_core_radial_abs_mean,shell_radial_state,1,28,0.22643648602282446,-0.2717795372619394,0.49821602328476383,0.49821602328476383,0.26163756882655687,0.6071428571428571,33
edge_high_speed_fraction_minus_core,high_residual_fish_location,1,28,-0.007411897042693169,-0.2341493771480348,0.22673748010534162,0.22673748010534162,0.11606246761730268,0.5714285714285714,33
resid_energy_shell_entropy,residual_state_concentration,1,28,-0.08541570205643667,-0.266925853914564,0.18151015185812736,0.18151015185812736,0.008177560996671496,0.5,33
edge_minus_core_radial_abs_q75,shell_radial_state,1,28,0.06545779027693363,-0.09782940200755305,0.16328719228448668,0.16328719228448668,0.06545779027693363,0.5,33
edge_minus_core_radial_signed_mean,shell_radial_state,1,28,-0.5339263049043128,-0.3747798409764818,-0.159146463927831,0.159146463927831,0.29303758425989185,0.5714285714285714,33
resid_speed_gini,residual_state_concentration,1,28,-0.0011879053515195734,-0.12533537608013198,0.1241474707286124,0.1241474707286124,0.09754355017119748,0.5357142857142857,33
top_tangential_radius_mean_z,high_residual_fish_location,1,28,0.13444561609993125,0.2569863705016836,-0.12254075440175236,0.12254075440175236,-0.17040171411047947,0.35714285714285715,33
edge_minus_core_energy_share,residual_energy_distribution,1,28,0.08617155105973515,0.1508428383646624,-0.06467128730492724,0.06467128730492724,-0.0051440388886921165,0.5,33
top_speed_radius_mean_z,high_residual_fish_location,1,28,0.2798799427690383,0.21553049842816718,0.06434944434087114,0.06434944434087114,0.19128877906012487,0.5714285714285714,33
edge_minus_core_speed_mean,shell_residual_speed,1,28,-0.08932756304630139,-0.06590909708153593,-0.02341846596476546,0.02341846596476546,-0.028256145826026216,0.5,33
edge_minus_core_radial_signed_mean,shell_radial_state,1,28,0.840429942133563,-0.12817741704927535,0.9686073591828384,0.9686073591828384,0.30293150701239924,0.6071428571428571,34
top_speed_radius_mean_z,high_residual_fish_location,1,28,-0.599213534199067,0.09905395352723739,-0.6982674877263044,0.6982674877263044,-0.1747337046830052,0.39285714285714285,34
edge_minus_core_radial_abs_mean,shell_radial_state,1,28,-0.3143162049535594,0.3272455318418069,-0.6415617367953663,0.6415617367953663,-0.3272455318418069,0.32142857142857145,34
edge_minus_core_radial_abs_q75,shell_radial_state,1,28,-0.5611858094754321,0.04075983075710898,-0.601945640232541,0.601945640232541,-0.16123565433500175,0.42857142857142855,34
resid_energy_shell_entropy,residual_state_concentration,1,28,-0.5438097886895182,-0.04585541415714167,-0.49795437453237656,0.49795437453237656,-0.12080838289270368,0.42857142857142855,34
edge_minus_core_tangential_mean,shell_tangential_state,1,28,-0.5906822809897282,-0.12411044473631067,-0.4665718362534175,0.4665718362534175,-0.2385810645280686,0.4642857142857143,34
core_energy_share,residual_energy_distribution,1,28,0.18773989316803422,-0.2690755416168207,0.45681543478485487,0.45681543478485487,0.20823874480208895,0.6071428571428571,34
edge_minus_core_energy_share,residual_energy_distribution,1,28,-0.5392284000949521,-0.1342156862422979,-0.4050127138526542,0.4050127138526542,-0.1671167466810431,0.4642857142857143,34
edge_minus_core_speed_mean,shell_residual_speed,1,28,-0.42204670390638177,-0.1252458099215077,-0.2968008939848741,0.2968008939848741,0.0015967198726697385,0.5,34
edge_minus_core_tangential_q75,shell_tangential_state,1,28,-0.32590300385227666,-0.06822716693674677,-0.25767583691552987,0.25767583691552987,-0.11300955275263809,0.4642857142857143,34
edge_high_speed_fraction_minus_core,high_residual_fish_location,1,28,-0.352774165061991,-0.215398399289363,-0.137375765772628,0.137375765772628,-0.004449896914581378,0.5,34
top_tangential_radius_mean_z,high_residual_fish_location,1,28,-0.3666491615489256,-0.31040869132742155,-0.056240470221504024,0.056240470221504024,0.025844129435020208,0.5,34
resid_speed_gini,residual_state_concentration,1,28,0.04838289789954181,0.020446336078857846,0.027936561820683964,0.027936561820683964,-0.020446336078857846,0.5,34
edge_minus_core_speed_q75,shell_residual_speed,1,28,-0.3692606157865165,-0.37496950094632586,0.005708885159809385,0.005708885159809385,0.23588755149148077,0.5714285714285714,34
edge_energy_share,residual_energy_distribution,1,28,-0.26823886322142093,-0.2724776960391293,0.004238832817708371,0.004238832817708371,0.008493705499318327,0.5,34
edge_minus_core_radial_abs_q75,shell_radial_state,1,28,-0.38124502417773065,0.6674651076016698,-1.0487101317794005,1.0487101317794005,-0.44330365829548657,0.2857142857142857,35
edge_minus_core_radial_abs_mean,shell_radial_state,1,28,-0.24339274462051919,0.6162192923268626,-0.8596120369473818,0.8596120369473818,-0.40484570699772787,0.32142857142857145,35
top_speed_radius_mean_z,high_residual_fish_location,1,28,-0.4234736052091508,0.33456411491637367,-0.7580377201255244,0.7580377201255244,-0.3736159298060744,0.39285714285714285,35
edge_energy_share,residual_energy_distribution,1,28,-0.7194324360621235,-0.03170751182792564,-0.6877249242341978,0.6877249242341978,-0.3600528970929858,0.42857142857142855,35
edge_minus_core_speed_mean,shell_residual_speed,1,28,-0.4817487840760907,0.18141296562398393,-0.6631617497000746,0.6631617497000746,-0.3196914914317388,0.39285714285714285,35
top_tangential_radius_mean_z,high_residual_fish_location,1,28,-0.47266578612419263,0.16132290074212985,-0.6339886868663225,0.6339886868663225,-0.24741845513902555,0.32142857142857145,35
resid_speed_gini,residual_state_concentration,1,28,-0.003797900755367775,-0.6318103549053677,0.62801245415,0.62801245415,0.38409381700329254,0.6785714285714286,35
edge_minus_core_speed_q75,shell_residual_speed,1,28,-0.25011275322846266,0.30919271335379805,-0.5593054665822608,0.5593054665822608,-0.30919271335379805,0.32142857142857145,35
core_energy_share,residual_energy_distribution,1,28,0.18427624621308317,-0.29063204855677743,0.47490829476986063,0.47490829476986063,0.26482183635042306,0.5714285714285714,35
edge_minus_core_energy_share,residual_energy_distribution,1,28,-0.3093122799759426,0.1619057064301285,-0.47121798640607104,0.47121798640607104,-0.21732575787206457,0.4642857142857143,35
edge_minus_core_radial_signed_mean,shell_radial_state,1,28,-0.24016168680990316,0.1557507514305472,-0.39591243824045036,0.39591243824045036,-0.1557507514305472,0.42857142857142855,35
edge_high_speed_fraction_minus_core,high_residual_fish_location,1,28,0.07247437070169445,0.43273037424343674,-0.3602560035417423,0.3602560035417423,-0.05764245952604245,0.4642857142857143,35
edge_minus_core_tangential_mean,shell_tangential_state,1,28,-0.31219464180403633,-0.025459635766379336,-0.286735006037657,0.286735006037657,-0.02751454530774139,0.42857142857142855,35
edge_minus_core_tangential_q75,shell_tangential_state,1,28,0.10558848042127361,0.31778618293655747,-0.21219770251528386,0.21219770251528386,-0.21253964652712184,0.42857142857142855,35
resid_energy_shell_entropy,residual_state_concentration,1,28,0.18862797601525197,0.05993861024718232,0.12868936576806966,0.12868936576806966,-0.0327018075844768,0.4642857142857143,35
resid_speed_gini,residual_state_concentration,1,28,0.12162781654211463,-0.7366814518825294,0.8583092684246441,0.8583092684246441,0.6477182149058538,0.75,36
edge_minus_core_radial_abs_mean,shell_radial_state,1,28,0.1833146390065368,-0.5101963390841042,0.693510978090641,0.693510978090641,0.42870339848869793,0.6428571428571429,36
edge_minus_core_speed_mean,shell_residual_speed,1,28,0.49310730025371674,-0.09846441372839264,0.5915717139821094,0.5915717139821094,0.4231672155320082,0.5714285714285714,36
top_speed_radius_mean_z,high_residual_fish_location,1,28,0.49548121024792885,-0.04224488699475225,0.5377260972426811,0.5377260972426811,0.19784612311449612,0.5357142857142857,36
edge_high_speed_fraction_minus_core,high_residual_fish_location,1,28,0.36079650407116215,-0.10075350891543625,0.46155001298659837,0.46155001298659837,0.303160785460017,0.5714285714285714,36
edge_minus_core_energy_share,residual_energy_distribution,1,28,0.4038887660569246,-0.006459463210129135,0.4103482292670537,0.4103482292670537,0.21005551171517517,0.6071428571428571,36
edge_minus_core_speed_q75,shell_residual_speed,1,28,0.22126903263140554,-0.1706284949680149,0.3918975275994204,0.3918975275994204,0.1706284949680149,0.5714285714285714,36
edge_minus_core_radial_signed_mean,shell_radial_state,1,28,0.10578514335297154,-0.24916255604597234,0.3549476993989439,0.3549476993989439,0.2002131343789674,0.6428571428571429,36
edge_minus_core_tangential_q75,shell_tangential_state,1,28,-0.035011995494836384,0.2414065685589188,-0.2764185640537552,0.2764185640537552,-0.2414065685589188,0.4642857142857143,36
core_energy_share,residual_energy_distribution,1,28,-0.417527950529334,-0.18456780331070402,-0.23296014721862998,0.23296014721862998,-0.13667727182123637,0.4642857142857143,36
edge_minus_core_radial_abs_q75,shell_radial_state,1,28,-0.1950915070987257,-0.4120420800465177,0.21695057294779202,0.21695057294779202,0.3185560849863036,0.6071428571428571,36
top_tangential_radius_mean_z,high_residual_fish_location,1,28,0.08956484296482185,0.2873985053262001,-0.19783366236137823,0.19783366236137823,-0.008328015077516609,0.5,36
resid_energy_shell_entropy,residual_state_concentration,1,28,0.28324285670808075,0.16084777068025075,0.12239508602783,0.12239508602783,-0.07845786042705752,0.4642857142857143,36
edge_energy_share,residual_energy_distribution,1,28,0.1593596401915536,0.060457726479900144,0.09890191371165347,0.09890191371165347,0.0018343853937390076,0.5,36
edge_minus_core_tangential_mean,shell_tangential_state,1,28,0.13838167662309964,0.12725949655009072,0.011122180073008914,0.011122180073008914,0.06479669626938478,0.5357142857142857,36
edge_minus_core_radial_abs_mean,shell_radial_state,1,28,-0.31924763833577346,0.594958331242694,-0.9142059695784674,0.9142059695784674,-0.3917278209909776,0.32142857142857145,37
edge_minus_core_speed_mean,shell_residual_speed,1,28,-0.5856984858324372,0.32130137953002813,-0.9069998653624654,0.9069998653624654,-0.4844827786201293,0.25,37
edge_minus_core_tangential_mean,shell_tangential_state,1,28,-0.7007175576365573,0.04736967899261463,-0.748087236629172,0.748087236629172,-0.22290971031911636,0.35714285714285715,37
top_speed_radius_mean_z,high_residual_fish_location,1,28,-0.5546308996349288,0.1329975437266265,-0.6876284433615554,0.6876284433615554,-0.28373828956829084,0.32142857142857145,37
resid_speed_gini,residual_state_concentration,1,28,-0.4873079151929884,0.1263328027708181,-0.6136407179638065,0.6136407179638065,-0.28612367129428806,0.39285714285714285,37
top_tangential_radius_mean_z,high_residual_fish_location,1,28,-0.4724520777561528,0.0652767328806346,-0.5377288106367873,0.5377288106367873,-0.2720347854338576,0.35714285714285715,37
edge_minus_core_energy_share,residual_energy_distribution,1,28,-0.35216882279933515,0.1106853093127243,-0.46285413211205945,0.46285413211205945,-0.2912302236047051,0.35714285714285715,37
edge_energy_share,residual_energy_distribution,1,28,-0.29723483040095894,0.047651448822727954,-0.34488627922368686,0.34488627922368686,-0.19818003884945706,0.42857142857142855,37
core_energy_share,residual_energy_distribution,1,28,0.5132031360742527,0.2034136158073759,0.3097895202668768,0.3097895202668768,0.17143802685713816,0.5714285714285714,37
edge_minus_core_speed_q75,shell_residual_speed,1,28,-0.19013456736924988,0.058462068822873414,-0.2485966361921233,0.2485966361921233,-0.11487344206446123,0.32142857142857145,37
edge_minus_core_radial_signed_mean,shell_radial_state,1,28,-0.24851317199313172,-0.04951396143488623,-0.1989992105582455,0.1989992105582455,-0.10387814186775618,0.4642857142857143,37
resid_energy_shell_entropy,residual_state_concentration,1,28,0.4645335392798461,0.2941403407112939,0.17039319856855217,0.17039319856855217,-0.06777679915637749,0.4642857142857143,37
edge_minus_core_tangential_q75,shell_tangential_state,1,28,-0.4456217745586643,-0.565327281969114,0.11970550741044966,0.11970550741044966,-0.14495478344443963,0.4642857142857143,37
edge_minus_core_radial_abs_q75,shell_radial_state,1,28,0.13158799132598747,0.21365308657986157,-0.08206509525387409,0.08206509525387409,-0.1348258496996375,0.4642857142857143,37
edge_high_speed_fraction_minus_core,high_residual_fish_location,1,28,-0.011305783916966738,0.03418924767119971,-0.04549503158816645,0.04549503158816645,-0.027203256039815063,0.4642857142857143,37
resid_energy_shell_entropy,residual_state_concentration,1,28,-0.5193760410833002,0.7971686206877178,-1.316544661771018,1.316544661771018,-0.5460086414628207,0.35714285714285715,38
edge_minus_core_speed_q75,shell_residual_speed,1,28,0.6249293897135342,-0.6271245153217608,1.252053905035295,1.252053905035295,0.6271245153217608,0.6428571428571429,38
edge_minus_core_radial_signed_mean,shell_radial_state,1,28,0.5959186288228164,-0.18847410239259796,0.7843927312154144,0.7843927312154144,0.32084169411632535,0.6071428571428571,38
edge_energy_share,residual_energy_distribution,1,28,0.21531697624872254,-0.5343951161613891,0.7497120924101117,0.7497120924101117,0.3751057281400972,0.5714285714285714,38
core_energy_share,residual_energy_distribution,1,28,3.283682177265823e-05,0.7065133461136588,-0.7064805092918861,0.7064805092918861,-0.24127341687763795,0.4642857142857143,38
edge_minus_core_energy_share,residual_energy_distribution,1,28,0.3333620787254295,-0.2936075085612201,0.6269695872866496,0.6269695872866496,0.2936075085612201,0.6071428571428571,38
edge_minus_core_tangential_q75,shell_tangential_state,1,28,0.0741928358774459,-0.5479616414144213,0.6221544772918672,0.6221544772918672,0.3630598815496586,0.6428571428571429,38
edge_minus_core_speed_mean,shell_residual_speed,1,28,0.28937453662319745,-0.2847520081307332,0.5741265447539307,0.5741265447539307,0.28937453662319745,0.5714285714285714,38
edge_minus_core_radial_abs_q75,shell_radial_state,1,28,-0.41798674692565874,0.11546776424134018,-0.5334545111669989,0.5334545111669989,-0.3293731635085603,0.25,38
edge_high_speed_fraction_minus_core,high_residual_fish_location,1,28,0.22690443281533718,-0.23682500611293242,0.46372943892826957,0.46372943892826957,0.23682500611293242,0.6428571428571429,38
edge_minus_core_tangential_mean,shell_tangential_state,1,28,0.21290968429185456,-0.24777657283080307,0.46068625712265765,0.46068625712265765,0.22195771046758095,0.6428571428571429,38
edge_minus_core_radial_abs_mean,shell_radial_state,1,28,-0.20708276294842548,0.10928366737259054,-0.316366430321016,0.316366430321016,-0.17041535630013688,0.42857142857142855,38
top_speed_radius_mean_z,high_residual_fish_location,1,28,-0.3372088516136167,-0.09497998157189574,-0.24222887004172095,0.24222887004172095,-0.12840600027565244,0.4642857142857143,38
top_tangential_radius_mean_z,high_residual_fish_location,1,28,0.07119197639344371,0.147428980506917,-0.07623700411347328,0.07623700411347328,0.048734286254950285,0.5357142857142857,38
resid_speed_gini,residual_state_concentration,1,28,-0.3282422540789126,-0.331485041033145,0.003242786954232413,0.003242786954232413,-0.01057215867915616,0.5,38
resid_energy_shell_entropy,residual_state_concentration,1,28,0.6134834071697396,-0.38770270522094874,1.0011861123906884,1.0011861123906884,0.4452954575542595,0.6785714285714286,39
resid_speed_gini,residual_state_concentration,1,28,0.7716984885375092,0.0062731967449073285,0.7654252917926019,0.7654252917926019,0.3544167769705143,0.6428571428571429,39
core_energy_share,residual_energy_distribution,1,28,0.04663379238122693,-0.6203734925948274,0.6670072849760543,0.6670072849760543,0.34875814558488705,0.6071428571428571,39
edge_minus_core_energy_share,residual_energy_distribution,1,28,0.1944441425607521,0.8269162226310527,-0.6324720800703005,0.6324720800703005,-0.14952098682897327,0.5,39
edge_minus_core_speed_mean,shell_residual_speed,1,28,0.20839546802925107,0.8165900560410084,-0.6081945880117574,0.6081945880117574,-0.14938546437659417,0.4642857142857143,39
top_tangential_radius_mean_z,high_residual_fish_location,1,28,0.09582462488719931,-0.3967317747778321,0.4925563996650314,0.4925563996650314,0.1780532028809193,0.6428571428571429,39
edge_energy_share,residual_energy_distribution,1,28,0.0712377509299334,0.5293140528810605,-0.4580763019511271,0.4580763019511271,-0.4293779140598974,0.39285714285714285,39
edge_minus_core_radial_abs_mean,shell_radial_state,1,28,-0.09640856722624905,0.3598505472528044,-0.45625911447905343,0.45625911447905343,-0.28280186313841105,0.35714285714285715,39
edge_minus_core_radial_abs_q75,shell_radial_state,1,28,0.14389161274703266,0.5701074972150493,-0.4262158844680166,0.4262158844680166,-0.5328751984486095,0.39285714285714285,39
edge_minus_core_radial_signed_mean,shell_radial_state,1,28,0.16865034423528294,-0.19472870861514935,0.36337905285043226,0.36337905285043226,0.16865034423528294,0.5714285714285714,39
edge_minus_core_tangential_q75,shell_tangential_state,1,28,0.07490674776938769,0.27990958392557397,-0.20500283615618628,0.20500283615618628,-0.033787880297229816,0.5,39
edge_high_speed_fraction_minus_core,high_residual_fish_location,1,28,0.3530110039042007,0.20397211524222245,0.14903888866197826,0.14903888866197826,0.20283741846864461,0.5357142857142857,39
top_speed_radius_mean_z,high_residual_fish_location,1,28,0.02117589279880977,0.15796340757450777,-0.136787514775698,0.136787514775698,-0.007497240045786668,0.5,39
edge_minus_core_speed_q75,shell_residual_speed,1,28,0.29389172344893744,0.17954312351665463,0.1143485999322828,0.1143485999322828,-0.03579146536851724,0.42857142857142855,39
edge_minus_core_tangential_mean,shell_tangential_state,1,28,-0.15893747395884894,-0.05089904595475858,-0.10803842800409036,0.10803842800409036,-0.15893747395884894,0.4642857142857143,39
edge_minus_core_energy_share,residual_energy_distribution,1,28,-1.1263564526823386,0.07262929059670324,-1.1989857432790418,1.1989857432790418,-0.351699576107735,0.35714285714285715,40
edge_energy_share,residual_energy_distribution,1,28,-1.0617168163922241,0.07013566002226643,-1.1318524764144906,1.1318524764144906,-0.1217138799726939,0.35714285714285715,40
top_speed_radius_mean_z,high_residual_fish_location,1,28,-0.958411433875825,0.007140776969692161,-0.9655522108455171,0.9655522108455171,-0.36252321536890797,0.35714285714285715,40
top_tangential_radius_mean_z,high_residual_fish_location,1,28,-0.9457013620136454,-0.05615328037239557,-0.8895480816412499,0.8895480816412499,-0.3083445641560304,0.35714285714285715,40
edge_minus_core_radial_abs_mean,shell_radial_state,1,28,-0.796733691053915,0.0681804798246102,-0.8649141708785252,0.8649141708785252,-0.3207617835347989,0.42857142857142855,40
edge_minus_core_radial_signed_mean,shell_radial_state,1,28,-0.6731557885777903,0.16355817195690286,-0.8367139605346932,0.8367139605346932,-0.49498414358047915,0.25,40
edge_minus_core_speed_mean,shell_residual_speed,1,28,-0.7750767219070571,-0.0043473174456701985,-0.7707294044613869,0.7707294044613869,-0.2977275529378597,0.42857142857142855,40
core_energy_share,residual_energy_distribution,1,28,0.6884341825821287,-0.017197414602221378,0.7056315971843501,0.7056315971843501,0.034793952281104434,0.6071428571428571,40
edge_minus_core_tangential_q75,shell_tangential_state,1,28,-0.6786717578850714,-0.015529864449506825,-0.6631418934355646,0.6631418934355646,-0.3201702427623501,0.42857142857142855,40
edge_high_speed_fraction_minus_core,high_residual_fish_location,1,28,-0.45318369697894795,-0.004996548142632111,-0.44818714883631583,0.44818714883631583,-0.16021447744692047,0.42857142857142855,40
edge_minus_core_speed_q75,shell_residual_speed,1,28,-0.5104609364265252,-0.06551649079625724,-0.444944445630268,0.444944445630268,-0.3624218662000597,0.42857142857142855,40
edge_minus_core_radial_abs_q75,shell_radial_state,1,28,-0.6729964539901098,-0.3130426451171935,-0.3599538088729163,0.3599538088729163,-0.21619091848924438,0.4642857142857143,40
edge_minus_core_tangential_mean,shell_tangential_state,1,28,-0.39653835399955073,-0.05244804686551208,-0.34409030713403865,0.34409030713403865,0.05244804686551208,0.5357142857142857,40
resid_energy_shell_entropy,residual_state_concentration,1,28,0.20493030803033896,-0.08627926396453026,0.2912095719948692,0.2912095719948692,0.1384148615268566,0.6071428571428571,40
resid_speed_gini,residual_state_concentration,1,28,-0.02161493227163863,-0.007338198484091667,-0.014276733787546965,0.014276733787546965,0.004371605978094328,0.5,40
resid_energy_shell_entropy,residual_state_concentration,1,28,0.6779494735055887,-0.3396039512229795,1.0175534247285682,1.0175534247285682,0.4632874918509261,0.6428571428571429,41
edge_minus_core_radial_signed_mean,shell_radial_state,1,28,-0.1542952450663831,0.8253806262292087,-0.9796758712955917,0.9796758712955917,-0.4888527637439204,0.2857142857142857,41
edge_minus_core_speed_q75,shell_residual_speed,1,28,0.4556764658800068,-0.08712817596560704,0.5428046418456138,0.5428046418456138,0.16132618275893812,0.6071428571428571,41
edge_high_speed_fraction_minus_core,high_residual_fish_location,1,28,0.5480338012088863,0.031127800315913973,0.5169060008929723,0.5169060008929723,0.3129524140760755,0.5357142857142857,41
edge_minus_core_tangential_q75,shell_tangential_state,1,28,0.37963884324236735,0.027159321600856864,0.3524795216415105,0.3524795216415105,0.06810484191485323,0.5714285714285714,41
resid_speed_gini,residual_state_concentration,1,28,-0.11442730490365827,0.20558205016415923,-0.32000935506781747,0.32000935506781747,-0.1904918538706964,0.39285714285714285,41
top_speed_radius_mean_z,high_residual_fish_location,1,28,0.06477287679142771,0.374556702389315,-0.3097838255978873,0.3097838255978873,-0.012401586605449127,0.5,41
edge_energy_share,residual_energy_distribution,1,28,0.08851079691562024,-0.214578067985302,0.30308886490092224,0.30308886490092224,0.16193176732052783,0.6428571428571429,41
core_energy_share,residual_energy_distribution,1,28,-0.10202418657450497,-0.3193629263990636,0.21733873982455865,0.21733873982455865,0.1924269796127283,0.6071428571428571,41
top_tangential_radius_mean_z,high_residual_fish_location,1,28,0.20033784378811717,0.014798886500140884,0.18553895728797629,0.18553895728797629,0.042604505482653904,0.6071428571428571,41
edge_minus_core_energy_share,residual_energy_distribution,1,28,0.14707633634601458,-0.03481275041115682,0.18188908675717141,0.18188908675717141,0.044654121718485526,0.5,41
edge_minus_core_radial_abs_mean,shell_radial_state,1,28,0.1648315862266311,0.2602051065836059,-0.0953735203569748,0.0953735203569748,-0.11794940037311417,0.4642857142857143,41
edge_minus_core_radial_abs_q75,shell_radial_state,1,28,0.16735340586284664,0.25836113683612355,-0.09100773097327691,0.09100773097327691,-0.036662446851421365,0.4642857142857143,41
edge_minus_core_speed_mean,shell_residual_speed,1,28,0.08830805562109234,0.1543659545354752,-0.06605789891438285,0.06605789891438285,0.01597659381284154,0.5,41
edge_minus_core_tangential_mean,shell_tangential_state,1,28,-0.011054164073925484,0.009174764264567689,-0.02022892833849317,0.02022892833849317,-0.011054164073925484,0.5,41
edge_minus_core_tangential_q75,shell_tangential_state,1,28,-0.05776074387178229,-0.9162895280760599,0.8585287842042776,0.8585287842042776,0.4835571523746489,0.6071428571428571,42
edge_minus_core_radial_abs_q75,shell_radial_state,1,28,0.1748750651078177,0.9511295575159511,-0.7762544924081334,0.7762544924081334,-0.5391002095117495,0.42857142857142855,42
resid_speed_gini,residual_state_concentration,1,28,0.677383846065235,-0.06059784281595057,0.7379816888811856,0.7379816888811856,0.2242236807200395,0.75,42
edge_minus_core_radial_abs_mean,shell_radial_state,1,28,-0.08166367536596525,0.6484684765953947,-0.7301321519613599,0.7301321519613599,-0.34853198648642425,0.39285714285714285,42
edge_minus_core_tangential_mean,shell_tangential_state,1,28,-0.14092405193584717,-0.8540310626273001,0.713107010691453,0.713107010691453,0.5108320861458757,0.6071428571428571,42
core_energy_share,residual_energy_distribution,1,28,-0.1605950031486562,0.2692227118835753,-0.42981771503223154,0.42981771503223154,-0.1758442748006786,0.42857142857142855,42
edge_minus_core_speed_mean,shell_residual_speed,1,28,-0.03247738369362613,-0.44358839687246043,0.4111110131788343,0.4111110131788343,0.206174397988521,0.6071428571428571,42
edge_minus_core_energy_share,residual_energy_distribution,1,28,-0.0717655110686668,-0.3772208209757254,0.3054553099070586,0.3054553099070586,0.2747378171342554,0.6428571428571429,42
resid_energy_shell_entropy,residual_state_concentration,1,28,0.13689556994389207,-0.1277360561271129,0.264631626071005,0.264631626071005,0.13689556994389207,0.6071428571428571,42
top_tangential_radius_mean_z,high_residual_fish_location,1,28,-0.4439554955501913,-0.6773196936300268,0.23336419807983544,0.23336419807983544,0.31446274209515707,0.5357142857142857,42
top_speed_radius_mean_z,high_residual_fish_location,1,28,-0.12448914449704461,0.10066510430942838,-0.225154248806473,0.225154248806473,-0.12448914449704461,0.39285714285714285,42
edge_energy_share,residual_energy_distribution,1,28,-0.3559580169989841,-0.5040621801102665,0.14810416311128238,0.14810416311128238,0.25983071594541907,0.5357142857142857,42
edge_high_speed_fraction_minus_core,high_residual_fish_location,1,28,-0.17302637018752462,-0.08186605785135267,-0.09116031233617194,0.09116031233617194,-0.16962746676460172,0.4642857142857143,42
edge_minus_core_speed_q75,shell_residual_speed,1,28,-0.22136398847661273,-0.28794109800368256,0.06657710952706983,0.06657710952706983,0.19717834893055255,0.5714285714285714,42
edge_minus_core_radial_signed_mean,shell_radial_state,1,28,-0.014691574437324786,0.03012602031762568,-0.044817594754950466,0.044817594754950466,-0.014691574437324786,0.5,42
resid_speed_gini,residual_state_concentration,1,28,-0.4376326059746197,0.20578370049980857,-0.6434163064744283,0.6434163064744283,-0.20578370049980857,0.42857142857142855,43
edge_minus_core_energy_share,residual_energy_distribution,1,28,-0.03203474550749544,0.5877552605277023,-0.6197900060351977,0.6197900060351977,-0.16790772501381215,0.35714285714285715,43
edge_minus_core_tangential_mean,shell_tangential_state,1,28,-0.2845928120476719,0.3153679607120487,-0.5999607727597206,0.5999607727597206,-0.2845928120476719,0.35714285714285715,43
edge_minus_core_speed_mean,shell_residual_speed,1,28,-0.2043912758268393,0.3374637752124746,-0.5418550510393139,0.5418550510393139,-0.3374637752124746,0.39285714285714285,43
edge_energy_share,residual_energy_distribution,1,28,0.07854806002045339,0.46900238932537586,-0.39045432930492247,0.39045432930492247,-0.2856987217760231,0.35714285714285715,43
edge_minus_core_tangential_q75,shell_tangential_state,1,28,-0.011582873747390199,0.20875644651904565,-0.22033932026643585,0.22033932026643585,-0.06158260806433885,0.42857142857142855,43
resid_energy_shell_entropy,residual_state_concentration,1,28,0.14006202210569,-0.013864082925136509,0.1539261050308265,0.1539261050308265,0.0329968824125275,0.5357142857142857,43
top_speed_radius_mean_z,high_residual_fish_location,1,28,0.08969420200417791,-0.05465656531250833,0.14435076731668622,0.14435076731668622,0.08969420200417791,0.5357142857142857,43
core_energy_share,residual_energy_distribution,1,28,0.10640194018040128,-0.006882084213431033,0.11328402439383231,0.11328402439383231,0.08011971367805365,0.6071428571428571,43
edge_minus_core_radial_abs_q75,shell_radial_state,1,28,0.16208412761386037,0.23618829714276732,-0.07410416952890694,0.07410416952890694,0.02649842892109691,0.5,43
edge_high_speed_fraction_minus_core,high_residual_fish_location,1,28,0.32497425893075643,0.2644780985071822,0.06049616042357425,0.06049616042357425,-0.0565321051856188,0.4642857142857143,43
top_tangential_radius_mean_z,high_residual_fish_location,1,28,0.14481012466124074,0.08672839799181775,0.05808172666942299,0.05808172666942299,-0.015040639406664669,0.5,43
edge_minus_core_radial_abs_mean,shell_radial_state,1,28,0.040693582697970354,0.08455493027636846,-0.0438613475783981,0.0438613475783981,-0.05889588360836939,0.4642857142857143,43
edge_minus_core_speed_q75,shell_residual_speed,1,28,0.11939646796319187,0.14633371476701612,-0.026937246803824255,0.026937246803824255,-0.05979306519845315,0.42857142857142855,43
edge_minus_core_radial_signed_mean,shell_radial_state,1,28,-0.2162864998758771,-0.21643376188112917,0.00014726200525208566,0.00014726200525208566,-0.02246271968925715,0.4642857142857143,43
top_tangential_radius_mean_z,high_residual_fish_location,1,28,0.9116714713975789,-0.11713783685228069,1.0288093082498595,1.0288093082498595,0.16893675483898496,0.6428571428571429,44
edge_minus_core_radial_signed_mean,shell_radial_state,1,28,0.49922945159484067,-0.24838354663861442,0.7476129982334551,0.7476129982334551,0.24838354663861442,0.6428571428571429,44
top_speed_radius_mean_z,high_residual_fish_location,1,28,0.4193751585960097,-0.07160335515846593,0.49097851375447565,0.49097851375447565,0.16168881237378613,0.6785714285714286,44
edge_minus_core_radial_abs_mean,shell_radial_state,1,28,-0.10940184671557793,-0.5764033831445632,0.46700153642898523,0.46700153642898523,0.2881574826248874,0.5714285714285714,44
edge_high_speed_fraction_minus_core,high_residual_fish_location,1,28,0.47891232766149705,0.08518652397781684,0.3937258036836802,0.3937258036836802,0.10119225490783534,0.5,44
edge_minus_core_radial_abs_q75,shell_radial_state,1,28,-0.04675106627823987,-0.4324019097579067,0.3856508434796668,0.3856508434796668,0.24219280590375222,0.5714285714285714,44
resid_energy_shell_entropy,residual_state_concentration,1,28,0.09628108150224768,-0.22688831149265942,0.3231693929949071,0.3231693929949071,0.18880233307768352,0.5714285714285714,44
edge_minus_core_tangential_mean,shell_tangential_state,1,28,0.3183470483143118,0.04088045043185454,0.2774665978824573,0.2774665978824573,0.14559944272971426,0.5714285714285714,44
edge_energy_share,residual_energy_distribution,1,28,0.00022637686375337474,-0.20548707461017046,0.20571345147392384,0.20571345147392384,0.13853652840623226,0.5357142857142857,44
core_energy_share,residual_energy_distribution,1,28,-0.35079823068983046,-0.15348959415718844,-0.19730863653264202,0.19730863653264202,0.055648790250011,0.5,44
edge_minus_core_tangential_q75,shell_tangential_state,1,28,0.09084839562858663,-0.10211959479336472,0.19296799042195134,0.19296799042195134,0.09875770899234226,0.6071428571428571,44
edge_minus_core_speed_q75,shell_residual_speed,1,28,0.20735672638485325,0.023579911085773897,0.18377681529907935,0.18377681529907935,0.20735672638485325,0.5714285714285714,44
edge_minus_core_energy_share,residual_energy_distribution,1,28,-0.23097867057158591,-0.09576399525206272,-0.1352146753195232,0.1352146753195232,-0.10876837858908309,0.4642857142857143,44
edge_minus_core_speed_mean,shell_residual_speed,1,28,-0.22723346765243216,-0.1309434108191392,-0.09629005683329295,0.09629005683329295,-0.22723346765243216,0.4642857142857143,44
resid_speed_gini,residual_state_concentration,1,28,-0.08500693770403543,-0.03167324894383755,-0.05333368876019788,0.05333368876019788,-0.019295755671540626,0.5,44
edge_minus_core_radial_signed_mean,shell_radial_state,1,28,0.4284849487731209,-0.5790507436810248,1.0075356924541456,1.0075356924541456,0.49138061242239456,0.6071428571428571,45
top_speed_radius_mean_z,high_residual_fish_location,1,28,-0.5662988373994792,0.2681407897633878,-0.8344396271628669,0.8344396271628669,-0.38846270585074105,0.39285714285714285,45
edge_minus_core_speed_q75,shell_residual_speed,1,28,0.5449046892428792,-0.2777837297860619,0.8226884190289411,0.8226884190289411,0.4065628078664376,0.6785714285714286,45
edge_minus_core_energy_share,residual_energy_distribution,1,28,0.6630996137851562,-0.13847639109030058,0.8015760048754568,0.8015760048754568,0.3750254770090833,0.6071428571428571,45
edge_energy_share,residual_energy_distribution,1,28,0.8836155628745722,0.12637397542167006,0.7572415874529022,0.7572415874529022,0.43424236990718,0.6071428571428571,45
edge_minus_core_tangential_mean,shell_tangential_state,1,28,0.32416603278157297,-0.4043017587080976,0.7284677914896706,0.7284677914896706,0.32416603278157297,0.6071428571428571,45
edge_minus_core_speed_mean,shell_residual_speed,1,28,0.6000014578817309,-0.0743607246678164,0.6743621825495473,0.6743621825495473,0.23559441189518618,0.6071428571428571,45
core_energy_share,residual_energy_distribution,1,28,-0.7100274902576915,-0.096427473838367,-0.6136000164193245,0.6136000164193245,-0.20136939317031297,0.4642857142857143,45
top_tangential_radius_mean_z,high_residual_fish_location,1,28,-0.4500635143601831,0.08159377869715932,-0.5316572930573424,0.5316572930573424,-0.3495369648724855,0.39285714285714285,45
resid_speed_gini,residual_state_concentration,1,28,-0.2605900153022974,0.10465359400020464,-0.36524360930250205,0.36524360930250205,-0.1357243110784359,0.39285714285714285,45
edge_minus_core_tangential_q75,shell_tangential_state,1,28,0.20517049134344012,-0.1176758180994226,0.32284630944286274,0.32284630944286274,0.1699447976422478,0.6428571428571429,45
edge_high_speed_fraction_minus_core,high_residual_fish_location,1,28,0.2677057762736327,0.05199185537108089,0.2157139209025518,0.2157139209025518,0.22506588281028195,0.5357142857142857,45
resid_energy_shell_entropy,residual_state_concentration,1,28,-0.06684011209502588,-0.27770087645123537,0.21086076435620948,0.21086076435620948,0.12163144693837558,0.5357142857142857,45
edge_minus_core_radial_abs_q75,shell_radial_state,1,28,0.506537874648573,0.5823388012234244,-0.07580092657485138,0.07580092657485138,-0.2650986656983352,0.39285714285714285,45
edge_minus_core_radial_abs_mean,shell_radial_state,1,28,0.258337568584521,0.30902921681497536,-0.050691648230454356,0.050691648230454356,-0.20760524234124633,0.4642857142857143,45
edge_minus_core_tangential_mean,shell_tangential_state,1,28,0.7158108329063504,-0.19786534240234205,0.9136761753086924,0.9136761753086924,0.3654541555883385,0.5714285714285714,46
resid_speed_gini,residual_state_concentration,1,28,-0.15640111762159314,0.46116548083992925,-0.6175665984615224,0.6175665984615224,-0.38658124659350224,0.32142857142857145,46
resid_energy_shell_entropy,residual_state_concentration,1,28,-0.24204114539622684,0.2361247688841155,-0.47816591428034233,0.47816591428034233,-0.24204114539622684,0.42857142857142855,46
edge_minus_core_tangential_q75,shell_tangential_state,1,28,0.14687727453712224,-0.2383556798537877,0.38523295439090993,0.38523295439090993,0.19177796384124368,0.5,46
edge_high_speed_fraction_minus_core,high_residual_fish_location,1,28,0.3468028437815683,-0.02721802385350111,0.37402086763506937,0.37402086763506937,0.3290270978817616,0.6071428571428571,46
top_speed_radius_mean_z,high_residual_fish_location,1,28,0.1737567310808933,0.47995373161928234,-0.30619700053838905,0.30619700053838905,-0.25680237714744886,0.42857142857142855,46
edge_minus_core_energy_share,residual_energy_distribution,1,28,-0.12109094825907685,0.14121878841690433,-0.2623097366759812,0.2623097366759812,-0.14121878841690433,0.42857142857142855,46
edge_minus_core_radial_signed_mean,shell_radial_state,1,28,0.24407404892208023,0.48841073708096383,-0.2443366881588836,0.2443366881588836,-0.09956659579115881,0.4642857142857143,46
edge_minus_core_speed_q75,shell_residual_speed,1,28,0.4996460380598702,0.26594907533855583,0.23369696272131435,0.23369696272131435,0.13584998011837404,0.5357142857142857,46
edge_energy_share,residual_energy_distribution,1,28,-0.22161959343202264,-0.08698643926981861,-0.13463315416220403,0.13463315416220403,0.026748014786430685,0.5357142857142857,46
top_tangential_radius_mean_z,high_residual_fish_location,1,28,0.29275512578630214,0.3657281258304139,-0.07297300004411178,0.07297300004411178,-0.17107196506006034,0.42857142857142855,46
edge_minus_core_radial_abs_q75,shell_radial_state,1,28,-0.21312658184961022,-0.25546560265030593,0.04233902080069571,0.04233902080069571,-0.02902814275551982,0.5,46
edge_minus_core_speed_mean,shell_residual_speed,1,28,-0.1759742720726431,-0.14099209535900276,-0.034982176713640345,0.034982176713640345,0.06272014809527,0.5357142857142857,46
edge_minus_core_radial_abs_mean,shell_radial_state,1,28,-0.3482074369611723,-0.3305532545706694,-0.01765418239050287,0.01765418239050287,-0.08748091769610966,0.42857142857142855,46
core_energy_share,residual_energy_distribution,1,28,-0.05091625683387946,-0.04383073401790148,-0.0070855228159779765,0.0070855228159779765,0.029567244851727403,0.5,46
resid_speed_gini,residual_state_concentration,1,28,0.6578979574391873,-0.05223668019539032,0.7101346376345776,0.7101346376345776,0.26495691399688825,0.5714285714285714,47
edge_minus_core_radial_abs_mean,shell_radial_state,1,28,0.3619963050898445,-0.28863069811057906,0.6506270032004235,0.6506270032004235,0.28863069811057906,0.6071428571428571,47
edge_minus_core_speed_mean,shell_residual_speed,1,28,0.23225184466281118,-0.4027758741596149,0.635027718822426,0.635027718822426,0.30423646491531486,0.5714285714285714,47
edge_minus_core_energy_share,residual_energy_distribution,1,28,0.0956479248626161,-0.39961783865107237,0.49526576351368845,0.49526576351368845,0.2441600554389121,0.5714285714285714,47
edge_minus_core_radial_abs_q75,shell_radial_state,1,28,0.34468703958265157,-0.10964587814646198,0.45433291772911355,0.45433291772911355,0.12000377472466038,0.5714285714285714,47
edge_minus_core_radial_signed_mean,shell_radial_state,1,28,0.23250732238790137,0.6131564404468792,-0.38064911805897783,0.38064911805897783,-0.26777539351347357,0.42857142857142855,47
edge_minus_core_tangential_q75,shell_tangential_state,1,28,-0.6064510085689361,-0.31629187108688894,-0.29015913748204714,0.29015913748204714,-0.3275508555479133,0.42857142857142855,47
core_energy_share,residual_energy_distribution,1,28,-0.062421526989208526,0.13308307272852604,-0.19550459971773457,0.19550459971773457,-0.062421526989208526,0.4642857142857143,47
top_tangential_radius_mean_z,high_residual_fish_location,1,28,0.03461160050446188,-0.13968882337258268,0.17430042387704456,0.17430042387704456,0.13968882337258268,0.6071428571428571,47
edge_minus_core_speed_q75,shell_residual_speed,1,28,-0.2700521081223817,-0.1057853537799576,-0.16426675434242408,0.16426675434242408,-0.07596940271180508,0.42857142857142855,47
edge_high_speed_fraction_minus_core,high_residual_fish_location,1,28,-0.2946052332672694,-0.42478574279781667,0.13018050953054727,0.13018050953054727,-0.21121237881917485,0.42857142857142855,47
edge_minus_core_tangential_mean,shell_tangential_state,1,28,-0.25615257974594713,-0.36004681725868004,0.10389423751273291,0.10389423751273291,-0.07937613645509294,0.4642857142857143,47
resid_energy_shell_entropy,residual_state_concentration,1,28,-0.10466787870579566,-0.15463471025196823,0.04996683154617257,0.04996683154617257,0.049026461168144436,0.5,47
edge_energy_share,residual_energy_distribution,1,28,-0.15219214818974783,-0.13200370132141823,-0.0201884468683296,0.0201884468683296,-0.007891478197618717,0.5,47
top_speed_radius_mean_z,high_residual_fish_location,1,28,-0.12592043798464195,-0.12059984066035824,-0.005320597324283707,0.005320597324283707,0.03538884882479097,0.5,47
core_energy_share,residual_energy_distribution,1,28,0.9002706248910513,-0.15209555021992008,1.0523661751109714,1.0523661751109714,0.5250463387911084,0.6428571428571429,48
edge_minus_core_energy_share,residual_energy_distribution,1,28,-0.46748058715109886,0.4300037213208464,-0.8974843084719453,0.8974843084719453,-0.4300037213208464,0.32142857142857145,48
resid_energy_shell_entropy,residual_state_concentration,1,28,-0.5430782459085152,0.15557244931065867,-0.6986506952191738,0.6986506952191738,-0.2098617632170341,0.32142857142857145,48
edge_high_speed_fraction_minus_core,high_residual_fish_location,1,28,-0.4937184193159064,0.16135206899326351,-0.6550704883091699,0.6550704883091699,-0.36755630568727815,0.39285714285714285,48
edge_minus_core_speed_q75,shell_residual_speed,1,28,-0.32991353461258205,0.13247456396124196,-0.462388098573824,0.462388098573824,-0.26578381038285565,0.39285714285714285,48
edge_minus_core_radial_abs_mean,shell_radial_state,1,28,0.19751190923149647,-0.18512646234888733,0.38263837158038383,0.38263837158038383,0.18512646234888733,0.5357142857142857,48
top_speed_radius_mean_z,high_residual_fish_location,1,28,0.04856113812530885,-0.22171033147174768,0.2702714695970565,0.2702714695970565,0.15815968584051368,0.5714285714285714,48
edge_energy_share,residual_energy_distribution,1,28,-0.30769653705236055,-0.05587541271730956,-0.251821124335051,0.251821124335051,0.0426546508155608,0.5357142857142857,48
edge_minus_core_radial_abs_q75,shell_radial_state,1,28,0.12719444170399116,-0.05409653141937686,0.18129097312336803,0.18129097312336803,0.11375301173469267,0.5357142857142857,48
edge_minus_core_tangential_q75,shell_tangential_state,1,28,-0.1329736050850125,-0.2730792060813945,0.14010560099638203,0.14010560099638203,0.005920241041328683,0.5357142857142857,48
edge_minus_core_speed_mean,shell_residual_speed,1,28,-0.26617084108113614,-0.12706313193963475,-0.1391077091415014,0.1391077091415014,-0.06376590020940501,0.42857142857142855,48
top_tangential_radius_mean_z,high_residual_fish_location,1,28,-0.20639592991121172,-0.08641358389855427,-0.11998234601265745,0.11998234601265745,-0.10476069332105672,0.42857142857142855,48
resid_speed_gini,residual_state_concentration,1,28,-0.3997930039822729,-0.47514054768987707,0.07534754370760416,0.07534754370760416,0.15117154398610666,0.5357142857142857,48
edge_minus_core_radial_signed_mean,shell_radial_state,1,28,-0.13789659815735517,-0.19489838983744698,0.05700179168009181,0.05700179168009181,0.16421589061902886,0.5714285714285714,48
edge_minus_core_tangential_mean,shell_tangential_state,1,28,-0.19887026743446123,-0.22566283297949852,0.026792565545037283,0.026792565545037283,0.0015323872170512134,0.5,48
edge_minus_core_radial_signed_mean,shell_radial_state,1,28,0.4264398896279321,-0.45309342568432687,0.879533315312259,0.879533315312259,0.45309342568432687,0.6428571428571429,49
edge_minus_core_tangential_q75,shell_tangential_state,1,28,0.3199478791015686,-0.33277215666236215,0.6527200357639307,0.6527200357639307,0.3239811241789453,0.6071428571428571,49
resid_speed_gini,residual_state_concentration,1,28,0.13890820790163555,0.4809232944395013,-0.3420150865378658,0.3420150865378658,-0.2219442731129488,0.39285714285714285,49
edge_minus_core_tangential_mean,shell_tangential_state,1,28,-0.03844867581867303,-0.33850349498013776,0.30005481916146476,0.30005481916146476,0.10254852578614168,0.5357142857142857,49
edge_energy_share,residual_energy_distribution,1,28,-0.04492765795401854,0.24421077050958753,-0.28913842846360605,0.28913842846360605,-0.10713904672814142,0.42857142857142855,49
core_energy_share,residual_energy_distribution,1,28,0.04445733336807821,0.32075203232799504,-0.2762946989599168,0.2762946989599168,-0.17746488414354514,0.39285714285714285,49
edge_minus_core_energy_share,residual_energy_distribution,1,28,-0.1301863405096337,0.1255396120872585,-0.25572595259689224,0.25572595259689224,-0.1255396120872585,0.42857142857142855,49
edge_minus_core_speed_q75,shell_residual_speed,1,28,-0.1986151640119596,-0.06482551240639038,-0.13378965160556922,0.13378965160556922,0.06482551240639038,0.5357142857142857,49
edge_minus_core_radial_abs_mean,shell_radial_state,1,28,-0.05048751450319999,-0.17759420280568108,0.1271066883024811,0.1271066883024811,0.01782227864037067,0.5,49
edge_minus_core_speed_mean,shell_residual_speed,1,28,-0.13398719186809588,-0.031814332505605114,-0.10217285936249076,0.10217285936249076,-0.07468875457543836,0.5,49
resid_energy_shell_entropy,residual_state_concentration,1,28,-0.36491607356719974,-0.4376548931314957,0.07273881956429595,0.07273881956429595,0.05596570641064097,0.5,49
edge_high_speed_fraction_minus_core,high_residual_fish_location,1,28,-0.02681298785085462,0.04418397883816588,-0.0709969666890205,0.0709969666890205,-0.02681298785085462,0.5,49
edge_minus_core_radial_abs_q75,shell_radial_state,1,28,-0.1309843943054059,-0.07963049158674448,-0.051353902718661415,0.051353902718661415,0.007914306525514114,0.5,49
top_tangential_radius_mean_z,high_residual_fish_location,1,28,-0.06701908442908477,-0.03531262426469546,-0.031706460164389313,0.031706460164389313,0.007058015212920776,0.5,49
top_speed_radius_mean_z,high_residual_fish_location,1,28,-0.04872761678944228,-0.03545398696179136,-0.013273629827650915,0.013273629827650915,0.0003704029497259842,0.5,49
edge_minus_core_tangential_mean,shell_tangential_state,1,28,0.17132976756656623,-0.3682605848825081,0.5395903524490744,0.5395903524490744,0.3682605848825081,0.5714285714285714,50
edge_minus_core_radial_abs_q75,shell_radial_state,1,28,-0.029528447680774284,0.45095900561091906,-0.48048745329169334,0.48048745329169334,-0.3237310537276406,0.42857142857142855,50
top_speed_radius_mean_z,high_residual_fish_location,1,28,0.19530686620280524,-0.2755879775091743,0.47089484371197954,0.47089484371197954,0.24711230300105766,0.6428571428571429,50
core_energy_share,residual_energy_distribution,1,28,0.34055505559194366,0.025731129306684808,0.31482392628525885,0.31482392628525885,0.17262152754677687,0.5714285714285714,50
edge_minus_core_energy_share,residual_energy_distribution,1,28,-0.1381390992714213,0.1552195712013399,-0.2933586704727612,0.2933586704727612,-0.1381390992714213,0.4642857142857143,50
top_tangential_radius_mean_z,high_residual_fish_location,1,28,-0.09890329605877773,0.13347005754089603,-0.23237335359967376,0.23237335359967376,-0.09890329605877773,0.42857142857142855,50
edge_minus_core_speed_q75,shell_residual_speed,1,28,0.05539646842578037,-0.16587631380276047,0.22127278222854083,0.22127278222854083,0.11899034410716129,0.5714285714285714,50
resid_speed_gini,residual_state_concentration,1,28,0.16169704051181283,0.3170787798567689,-0.15538173934495608,0.15538173934495608,-0.047512977037512345,0.42857142857142855,50
edge_high_speed_fraction_minus_core,high_residual_fish_location,1,28,0.1822057182467529,0.04456366504045632,0.13764205320629658,0.13764205320629658,0.021719923877629277,0.5357142857142857,50
edge_minus_core_radial_signed_mean,shell_radial_state,1,28,-0.30848332062573863,-0.19904285165565389,-0.10944046897008475,0.10944046897008475,0.13953706541284727,0.5714285714285714,50
edge_minus_core_speed_mean,shell_residual_speed,1,28,-0.024714349939711583,0.04607500333368676,-0.07078935327339834,0.07078935327339834,-0.04607500333368676,0.4642857142857143,50
edge_minus_core_radial_abs_mean,shell_radial_state,1,28,0.30055285071848153,0.36492876043836664,-0.0643759097198851,0.0643759097198851,-0.2125109110936069,0.42857142857142855,50
resid_energy_shell_entropy,residual_state_concentration,1,28,-0.035393514282430004,-0.06342980980314888,0.02803629552071888,0.02803629552071888,0.023660259117537694,0.5,50
edge_minus_core_tangential_q75,shell_tangential_state,1,28,-0.1816736835576215,-0.15522880483469628,-0.026444878722925225,0.026444878722925225,0.0024883523757092407,0.5,50
edge_energy_share,residual_energy_distribution,1,28,0.2223174702013021,0.19988324407741878,0.022434226123883322,0.022434226123883322,-0.0023150834889834326,0.5,50
resid_energy_shell_entropy,residual_state_concentration,1,28,-0.37341240756532523,0.3217139201723296,-0.6951263277376548,0.6951263277376548,-0.37341240756532523,0.39285714285714285,51
edge_minus_core_tangential_mean,shell_tangential_state,1,28,0.3626911696896353,-0.22565637561658486,0.5883475453062201,0.5883475453062201,0.22565637561658486,0.5714285714285714,51
edge_minus_core_radial_signed_mean,shell_radial_state,1,28,-0.4980720795931295,0.07111098682379,-0.5691830664169195,0.5691830664169195,-0.30036344336736975,0.42857142857142855,51
edge_minus_core_tangential_q75,shell_tangential_state,1,28,0.4435229782272384,-0.0762295948375495,0.519752573064788,0.519752573064788,0.31216535497677644,0.6071428571428571,51
top_tangential_radius_mean_z,high_residual_fish_location,1,28,0.6000303322910354,0.1415828209525276,0.4584475113385078,0.4584475113385078,0.23818473171734705,0.5714285714285714,51
top_speed_radius_mean_z,high_residual_fish_location,1,28,0.4333956686776653,0.04314589555575886,0.39024977312190645,0.39024977312190645,0.13739981878852575,0.5357142857142857,51
edge_minus_core_energy_share,residual_energy_distribution,1,28,-0.10409165101749586,0.05999698701797925,-0.1640886380354751,0.1640886380354751,-0.07637949692919943,0.5,51
core_energy_share,residual_energy_distribution,1,28,0.013084839478460848,0.1624814971716292,-0.14939665769316837,0.14939665769316837,-0.055874077718251335,0.42857142857142855,51
edge_minus_core_speed_mean,shell_residual_speed,1,28,-0.04993033574787917,-0.16422981793673874,0.11429948218885957,0.11429948218885957,0.11328306737525529,0.5357142857142857,51
edge_minus_core_speed_q75,shell_residual_speed,1,28,-0.24380707834626275,-0.13779024702939885,-0.1060168313168639,0.1060168313168639,0.019598283344966022,0.5,51
edge_minus_core_radial_abs_mean,shell_radial_state,1,28,-0.28253862069990743,-0.17797950346699404,-0.10455911723291339,0.10455911723291339,-0.029810259100940328,0.5,51
edge_minus_core_radial_abs_q75,shell_radial_state,1,28,-0.01463392592644771,-0.1092793208512954,0.09464539492484769,0.09464539492484769,0.1092793208512954,0.5357142857142857,51
resid_speed_gini,residual_state_concentration,1,28,0.3749352076977016,0.314833433821182,0.060101773876519604,0.060101773876519604,0.2344102430086602,0.5357142857142857,51
edge_energy_share,residual_energy_distribution,1,28,-0.12870348333210746,-0.18541597189967396,0.0567124885675665,0.0567124885675665,0.16300192757867593,0.5357142857142857,51
edge_high_speed_fraction_minus_core,high_residual_fish_location,1,28,-0.05467328631059715,-0.09458561925072179,0.03991233294012464,0.03991233294012464,0.03598561443365156,0.5357142857142857,51
edge_high_speed_fraction_minus_core,high_residual_fish_location,1,28,0.7240077833144635,0.02410937576870166,0.6998984075457618,0.6998984075457618,0.2109707754954838,0.5714285714285714,52
edge_minus_core_speed_q75,shell_residual_speed,1,28,0.6530284464099081,0.022242620466134636,0.6307858259437734,0.6307858259437734,0.3064847348431428,0.5714285714285714,52
edge_minus_core_radial_signed_mean,shell_radial_state,1,28,0.07008024666125609,0.6382931102863787,-0.5682128636251226,0.5682128636251226,-0.5797164324198361,0.35714285714285715,52
top_speed_radius_mean_z,high_residual_fish_location,1,28,0.5318087150109073,0.02980111823628444,0.5020075967746229,0.5020075967746229,0.36035450360056864,0.6785714285714286,52
edge_minus_core_tangential_q75,shell_tangential_state,1,28,0.577221677744254,0.07807402541309708,0.499147652331157,0.499147652331157,0.1126890019290489,0.5714285714285714,52
edge_minus_core_energy_share,residual_energy_distribution,1,28,0.3853172330261263,0.0538025116893841,0.3315147213367422,0.3315147213367422,-0.0538025116893841,0.5,52
resid_energy_shell_entropy,residual_state_concentration,1,28,-0.275088954150252,-0.0049676559800055226,-0.27012129817024644,0.27012129817024644,-0.16674860579942236,0.42857142857142855,52
core_energy_share,residual_energy_distribution,1,28,0.20601072951073768,-0.043911747939156115,0.2499224774498938,0.2499224774498938,0.043911747939156115,0.5357142857142857,52
edge_minus_core_speed_mean,shell_residual_speed,1,28,0.2764542501142724,0.02685574994521118,0.2495985001690612,0.2495985001690612,0.005810085458877458,0.5714285714285714,52
edge_energy_share,residual_energy_distribution,1,28,0.37301460704488,0.14160173449298,0.2314128725519,0.2314128725519,0.03879792227951023,0.5357142857142857,52
edge_minus_core_radial_abs_q75,shell_radial_state,1,28,0.29411068053217826,0.06603746689837266,0.22807321363380562,0.22807321363380562,0.11304562918003322,0.5357142857142857,52
top_tangential_radius_mean_z,high_residual_fish_location,1,28,0.12584637862934567,-0.0685286454168379,0.19437502404618356,0.19437502404618356,0.08593652865610057,0.6071428571428571,52
resid_speed_gini,residual_state_concentration,1,28,-0.4862134238226944,-0.3642793585853954,-0.121934065237299,0.121934065237299,-0.03459554314935537,0.5,52
edge_minus_core_tangential_mean,shell_tangential_state,1,28,0.20305358049612932,0.2467538268358218,-0.043700246339692495,0.043700246339692495,-0.04557749583173809,0.4642857142857143,52
edge_minus_core_radial_abs_mean,shell_radial_state,1,28,0.15239559405046427,0.13274729082032494,0.01964830323013933,0.01964830323013933,0.11265303702538132,0.5357142857142857,52
edge_minus_core_radial_signed_mean,shell_radial_state,1,28,0.38784293359448857,-0.4383967728306102,0.8262397064250988,0.8262397064250988,0.4383967728306102,0.6071428571428571,53
core_energy_share,residual_energy_distribution,1,28,0.3605554043427594,-0.4010914897027515,0.7616468940455109,0.7616468940455109,0.4010914897027515,0.6428571428571429,53
top_tangential_radius_mean_z,high_residual_fish_location,1,28,-0.3306699905331286,0.20516906804109672,-0.5358390585742253,0.5358390585742253,-0.24377104919690162,0.39285714285714285,53
edge_minus_core_tangential_q75,shell_tangential_state,1,28,-0.4898191438384817,0.016220084827412065,-0.5060392286658938,0.5060392286658938,-0.44628251298136,0.35714285714285715,53
resid_energy_shell_entropy,residual_state_concentration,1,28,0.063872595475198,-0.3242429717817911,0.38811556725698915,0.38811556725698915,0.19033736554909694,0.6428571428571429,53
edge_energy_share,residual_energy_distribution,1,28,0.08758732562730025,-0.2739689127037177,0.36155623833101797,0.36155623833101797,0.17249051166671797,0.6428571428571429,53
edge_minus_core_speed_q75,shell_residual_speed,1,28,-0.4652899679819591,-0.25077920325901276,-0.21451076472294633,0.21451076472294633,-0.07653978022560565,0.4642857142857143,53
edge_high_speed_fraction_minus_core,high_residual_fish_location,1,28,-0.3870192521479814,-0.17669922580940678,-0.2103200263385746,0.2103200263385746,-0.19761973105614106,0.4642857142857143,53
edge_minus_core_speed_mean,shell_residual_speed,1,28,-0.14572307433049508,0.02773619166867805,-0.17345926599917313,0.17345926599917313,-0.14572307433049508,0.4642857142857143,53
resid_speed_gini,residual_state_concentration,1,28,-0.32498765627597725,-0.15282726833964302,-0.17216038793633423,0.17216038793633423,-0.02828793048415816,0.5,53
edge_minus_core_radial_abs_mean,shell_radial_state,1,28,-0.1395527835680281,0.024199828482831587,-0.1637526120508597,0.1637526120508597,-0.06987688562610171,0.4642857142857143,53
edge_minus_core_radial_abs_q75,shell_radial_state,1,28,0.01416066972151711,0.14780366031000183,-0.13364299058848472,0.13364299058848472,-0.14261820713167617,0.42857142857142855,53
edge_minus_core_tangential_mean,shell_tangential_state,1,28,-0.14335705355186826,-0.0098497397867367,-0.13350731376513156,0.13350731376513156,-0.11995579620140262,0.5,53
edge_minus_core_energy_share,residual_energy_distribution,1,28,0.035071504738158156,-0.03275824785491066,0.06782975259306881,0.06782975259306881,0.035071504738158156,0.5357142857142857,53
top_speed_radius_mean_z,high_residual_fish_location,1,28,-0.13343156977971482,-0.1044823651347572,-0.02894920464495762,0.02894920464495762,-0.08287856343397512,0.4642857142857143,53
core_energy_share,residual_energy_distribution,1,28,-0.514289556772332,0.30481411306266903,-0.819103669835001,0.819103669835001,-0.30481411306266903,0.32142857142857145,54
edge_high_speed_fraction_minus_core,high_residual_fish_location,1,28,0.42367352988493245,-0.12779529132032547,0.5514688212052579,0.5514688212052579,0.18132335928421056,0.6071428571428571,54
edge_minus_core_speed_q75,shell_residual_speed,1,28,0.3956215423423638,-0.10249443691498188,0.4981159792573457,0.4981159792573457,0.18788533167176838,0.5714285714285714,54
top_speed_radius_mean_z,high_residual_fish_location,1,28,-0.2923880337297472,0.18347611103575118,-0.4758641447654984,0.4758641447654984,-0.18347611103575118,0.39285714285714285,54
edge_minus_core_tangential_mean,shell_tangential_state,1,28,0.09874650930236686,-0.35407315158018227,0.4528196608825491,0.4528196608825491,0.21368273263449197,0.6071428571428571,54
edge_minus_core_speed_mean,shell_residual_speed,1,28,0.029199765162570335,-0.40312165423827806,0.4323214194008484,0.4323214194008484,0.31431445824170884,0.6071428571428571,54
resid_speed_gini,residual_state_concentration,1,28,-0.18799090262393175,0.1475626413555238,-0.3355535439794556,0.3355535439794556,-0.18799090262393175,0.4642857142857143,54
edge_energy_share,residual_energy_distribution,1,28,-0.35240859492269444,-0.022869178245084013,-0.32953941667761044,0.32953941667761044,-0.059945290520428365,0.4642857142857143,54
edge_minus_core_radial_abs_mean,shell_radial_state,1,28,0.30146617014011606,-0.007434190461881304,0.3089003606019974,0.3089003606019974,0.021647287201948154,0.5357142857142857,54
top_tangential_radius_mean_z,high_residual_fish_location,1,28,-0.1570367811548235,0.11885472432226121,-0.27589150547708474,0.27589150547708474,-0.1570367811548235,0.39285714285714285,54
edge_minus_core_energy_share,residual_energy_distribution,1,28,-0.02777676336919921,-0.27869018653751904,0.2509134231683198,0.2509134231683198,0.20860659254800268,0.5357142857142857,54
resid_energy_shell_entropy,residual_state_concentration,1,28,-0.3941498295348044,-0.5130233452369338,0.11887351570212945,0.11887351570212945,0.1126078067327197,0.5357142857142857,54
edge_minus_core_radial_abs_q75,shell_radial_state,1,28,0.11408156558090758,0.18137939860485933,-0.06729783302395174,0.06729783302395174,-0.12169356818972296,0.42857142857142855,54
edge_minus_core_radial_signed_mean,shell_radial_state,1,28,0.00032775735403017814,-0.04437975097273546,0.044707508326765635,0.044707508326765635,0.00032775735403017814,0.5,54
edge_minus_core_tangential_q75,shell_tangential_state,1,28,0.09160587459912607,0.0864212654683068,0.005184609130819279,0.005184609130819279,0.019098693167033495,0.5357142857142857,54
resid_speed_gini,residual_state_concentration,1,28,0.8222214027292045,-0.09090122425529615,0.9131226269845006,0.9131226269845006,0.40010277233408964,0.5714285714285714,55
edge_energy_share,residual_energy_distribution,1,28,-0.46839282284026956,0.12091154516631353,-0.589304368006583,0.589304368006583,-0.35966319202351993,0.39285714285714285,55
edge_minus_core_radial_signed_mean,shell_radial_state,1,28,-0.44862212791371914,0.11918712444856788,-0.5678092523622871,0.5678092523622871,-0.2798848918644144,0.39285714285714285,55
edge_minus_core_speed_q75,shell_residual_speed,1,28,-0.03101527397574254,0.4782328956676842,-0.5092481696434267,0.5092481696434267,-0.27962211541644244,0.42857142857142855,55
edge_minus_core_energy_share,residual_energy_distribution,1,28,-0.19496979797626054,0.3003211864219789,-0.4952909843982395,0.4952909843982395,-0.2679392457093497,0.4642857142857143,55
top_speed_radius_mean_z,high_residual_fish_location,1,28,-0.1521820282084056,0.32453419773186254,-0.47671622594026813,0.47671622594026813,-0.2650591681597376,0.32142857142857145,55
edge_minus_core_radial_abs_q75,shell_radial_state,1,28,0.022548324842695935,-0.22737367017029048,0.2499219950129864,0.2499219950129864,0.11771318399357938,0.5714285714285714,55
edge_minus_core_radial_abs_mean,shell_radial_state,1,28,-0.22873303118642008,-0.470829947391305,0.24209691620488494,0.24209691620488494,0.17366459394890837,0.5714285714285714,55
edge_high_speed_fraction_minus_core,high_residual_fish_location,1,28,0.09358270795922059,0.33009841002331264,-0.23651570206409206,0.23651570206409206,-0.20503252416613027,0.4642857142857143,55
resid_energy_shell_entropy,residual_state_concentration,1,28,0.09926862740285641,-0.13222282944205868,0.2314914568449151,0.2314914568449151,0.13222282944205868,0.5357142857142857,55
edge_minus_core_tangential_mean,shell_tangential_state,1,28,0.21708207559457873,0.3234611195716593,-0.10637904397708056,0.10637904397708056,-0.17379662858183578,0.42857142857142855,55
edge_minus_core_tangential_q75,shell_tangential_state,1,28,-0.059311536177058234,0.014709160715072625,-0.07402069689213087,0.07402069689213087,-0.019099216285140407,0.42857142857142855,55
top_tangential_radius_mean_z,high_residual_fish_location,1,28,0.02644152273488455,0.0873729909560194,-0.06093146822113485,0.06093146822113485,-0.0873729909560194,0.4642857142857143,55
core_energy_share,residual_energy_distribution,1,28,-0.22767020824599143,-0.17269526161012858,-0.05497494663586286,0.05497494663586286,0.0068853026906681575,0.5,55
edge_minus_core_speed_mean,shell_residual_speed,1,28,0.031778655466132184,0.014890972258387078,0.016887683207745106,0.016887683207745106,-0.014890972258387078,0.4642857142857143,55
edge_high_speed_fraction_minus_core,high_residual_fish_location,1,28,-0.20253299048610088,0.8417732312266754,-1.0443062217127763,1.0443062217127763,-0.34637963167606844,0.2857142857142857,56
edge_minus_core_speed_mean,shell_residual_speed,1,28,-0.08814513390646944,0.777734341402704,-0.8658794753091734,0.8658794753091734,-0.31792219465560834,0.39285714285714285,56
top_tangential_radius_mean_z,high_residual_fish_location,1,28,-0.12319593291403545,0.6393713029127006,-0.762567235826736,0.762567235826736,-0.3632573774598103,0.21428571428571427,56
edge_minus_core_speed_q75,shell_residual_speed,1,28,-0.12001690687783209,0.6224427891005799,-0.742459695978412,0.742459695978412,-0.20952305843984087,0.32142857142857145,56
edge_minus_core_radial_abs_mean,shell_radial_state,1,28,0.43654744499123466,-0.2459919999733565,0.6825394449645912,0.6825394449645912,0.42080230245005934,0.6071428571428571,56
edge_minus_core_tangential_q75,shell_tangential_state,1,28,-0.3384193510022102,0.33015382230509926,-0.6685731733073095,0.6685731733073095,-0.3384193510022102,0.21428571428571427,56
edge_minus_core_radial_abs_q75,shell_radial_state,1,28,0.5368669992993835,-0.05524913298396913,0.5921161322833527,0.5921161322833527,0.08764346077296989,0.5714285714285714,56
top_speed_radius_mean_z,high_residual_fish_location,1,28,0.032829302285364625,0.5655929267425174,-0.5327636244571528,0.5327636244571528,-0.2941890129595657,0.35714285714285715,56
edge_minus_core_energy_share,residual_energy_distribution,1,28,-0.1502892135478446,0.3160639987779443,-0.46635321232578886,0.46635321232578886,-0.1502892135478446,0.4642857142857143,56
edge_energy_share,residual_energy_distribution,1,28,0.04633158565999919,0.4490124877461683,-0.40268090208616913,0.40268090208616913,-0.28642994271260297,0.39285714285714285,56
edge_minus_core_tangential_mean,shell_tangential_state,1,28,-0.3563190111980449,0.03849505521036066,-0.39481406640840555,0.39481406640840555,-0.19044446148891375,0.35714285714285715,56
resid_speed_gini,residual_state_concentration,1,28,0.4525666069263145,0.08072985359835688,0.3718367533279576,0.3718367533279576,0.21099851820892576,0.5714285714285714,56
edge_minus_core_radial_signed_mean,shell_radial_state,1,28,-0.46748894102190797,-0.17391119924924123,-0.2935777417726667,0.2935777417726667,-0.14364219659275107,0.4642857142857143,56
core_energy_share,residual_energy_distribution,1,28,0.08930823655605369,-0.18884331898646353,0.27815155554251725,0.27815155554251725,0.11037775712588738,0.5357142857142857,56
resid_energy_shell_entropy,residual_state_concentration,1,28,0.20368767609307015,-0.042164753069247496,0.24585242916231764,0.24585242916231764,0.15617942504870064,0.5357142857142857,56
resid_speed_gini,residual_state_concentration,1,28,0.6949903675056588,-0.04660832276364196,0.7415986902693008,0.7415986902693008,0.18052119930822558,0.5714285714285714,57
top_tangential_radius_mean_z,high_residual_fish_location,1,28,-0.3270502774880083,0.22398882796441488,-0.5510391054524232,0.5510391054524232,-0.23346165284777867,0.35714285714285715,57
edge_minus_core_energy_share,residual_energy_distribution,1,28,-0.49697551438268045,-0.16298153831747414,-0.3339939760652063,0.3339939760652063,0.06867417899021797,0.5714285714285714,57
edge_minus_core_tangential_mean,shell_tangential_state,1,28,0.035450660088817754,-0.24347097795521108,0.2789216380440288,0.2789216380440288,0.22842259314827448,0.5357142857142857,57
edge_minus_core_speed_q75,shell_residual_speed,1,28,-0.4906107574218105,-0.213831761978444,-0.2767789954433665,0.2767789954433665,0.12265474424830616,0.5357142857142857,57
top_speed_radius_mean_z,high_residual_fish_location,1,28,-0.3743922080604937,-0.1008721104593551,-0.2735200976011386,0.2735200976011386,-0.15025453121695254,0.4642857142857143,57
edge_minus_core_radial_signed_mean,shell_radial_state,1,28,0.011721911863410567,-0.19584124350118756,0.20756315536459813,0.20756315536459813,0.16746436212089763,0.5357142857142857,57
edge_minus_core_radial_abs_q75,shell_radial_state,1,28,-0.19677674932579822,0.009605536202946317,-0.20638228552874455,0.20638228552874455,-0.056643047806954,0.42857142857142855,57
edge_minus_core_tangential_q75,shell_tangential_state,1,28,-0.25011146346920277,-0.09823214432671253,-0.15187931914249025,0.15187931914249025,-0.07320097630458366,0.5,57
core_energy_share,residual_energy_distribution,1,28,0.27260804733308636,0.1244684969181366,0.14813955041494975,0.14813955041494975,0.022825815880820888,0.5,57
edge_minus_core_speed_mean,shell_residual_speed,1,28,-0.4645986253553383,-0.3700874351026448,-0.0945111902526935,0.0945111902526935,0.1594245385055717,0.5357142857142857,57
resid_energy_shell_entropy,residual_state_concentration,1,28,-0.08671253387632441,-0.06967404145714348,-0.01703849241918093,0.01703849241918093,-0.07434880407356131,0.42857142857142855,57
edge_minus_core_radial_abs_mean,shell_radial_state,1,28,-0.22954773582371008,-0.24603505462574243,0.016487318802032358,0.016487318802032358,-0.052413946055112806,0.5,57
edge_energy_share,residual_energy_distribution,1,28,-0.23034411154066986,-0.24168809635853006,0.011343984817860198,0.011343984817860198,-0.14765305388028466,0.4642857142857143,57
edge_high_speed_fraction_minus_core,high_residual_fish_location,1,28,-0.297238317750991,-0.30829895670935836,0.011060638958367341,0.011060638958367341,0.08522459493403436,0.5357142857142857,57
edge_minus_core_radial_abs_mean,shell_radial_state,1,28,0.4747148875316327,-0.4824714574324483,0.957186344964081,0.957186344964081,0.4747148875316327,0.5714285714285714,58
edge_minus_core_radial_abs_q75,shell_radial_state,1,28,0.551559468701138,-0.2520524334228974,0.8036119021240354,0.8036119021240354,0.5325033827072183,0.5357142857142857,58
edge_energy_share,residual_energy_distribution,1,28,0.09569961212720929,-0.5615536399765952,0.6572532521038046,0.6572532521038046,0.4437900031008544,0.6071428571428571,58
edge_minus_core_speed_mean,shell_residual_speed,1,28,0.28503975353778066,-0.36916621909312847,0.6542059726309091,0.6542059726309091,0.293792788344074,0.6428571428571429,58
edge_minus_core_energy_share,residual_energy_distribution,1,28,0.060925476456138786,-0.5828800015562539,0.6438054780123926,0.6438054780123926,0.37794153616722453,0.5714285714285714,58
edge_minus_core_tangential_mean,shell_tangential_state,1,28,0.21748993401278433,-0.4219746217052693,0.6394645557180536,0.6394645557180536,0.29078950644601065,0.6785714285714286,58
edge_minus_core_tangential_q75,shell_tangential_state,1,28,0.005819094346257714,-0.6147809318106721,0.6206000261569298,0.6206000261569298,0.3310051929380754,0.6428571428571429,58
resid_speed_gini,residual_state_concentration,1,28,-0.2634685687028212,0.3561550748335895,-0.6196236435364106,0.6196236435364106,-0.2634685687028212,0.32142857142857145,58
core_energy_share,residual_energy_distribution,1,28,-0.0031150935257864415,0.23861164886930836,-0.24172674239509478,0.24172674239509478,-0.10773499571302866,0.42857142857142855,58
edge_minus_core_radial_signed_mean,shell_radial_state,1,28,-0.009299462525750452,-0.19543114961586572,0.18613168709011527,0.18613168709011527,0.19543114961586572,0.5357142857142857,58
edge_minus_core_speed_q75,shell_residual_speed,1,28,-0.190083080873216,-0.3524550588813683,0.1623719780081523,0.1623719780081523,0.15168747712238284,0.5357142857142857,58
top_tangential_radius_mean_z,high_residual_fish_location,1,28,-0.6177858863705791,-0.5191807066924299,-0.09860517967814919,0.09860517967814919,0.03257562640345496,0.5,58
top_speed_radius_mean_z,high_residual_fish_location,1,28,-0.3492922045942081,-0.2722662504300551,-0.07702595416415303,0.07702595416415303,-0.11494915880735707,0.39285714285714285,58
edge_high_speed_fraction_minus_core,high_residual_fish_location,1,28,0.01522470578327989,-0.03308037950142291,0.0483050852847028,0.0483050852847028,0.03308037950142291,0.5,58
resid_energy_shell_entropy,residual_state_concentration,1,28,0.05382447755589132,0.018890153005867605,0.03493432455002372,0.03493432455002372,-0.005927475826436247,0.5,58
top_speed_radius_mean_z,high_residual_fish_location,1,28,-0.7196644681230688,0.27224586160568487,-0.9919103297287537,0.9919103297287537,-0.37412630208947023,0.32142857142857145,59
edge_minus_core_tangential_mean,shell_tangential_state,1,28,-0.6328467899291311,0.27729637946307906,-0.9101431693922102,0.9101431693922102,-0.41577586460684324,0.32142857142857145,59
edge_minus_core_speed_mean,shell_residual_speed,1,28,-0.4895123943664994,0.21289829845701702,-0.7024106928235164,0.7024106928235164,-0.4235458927581335,0.35714285714285715,59
top_tangential_radius_mean_z,high_residual_fish_location,1,28,-0.541219430039211,-0.038711834077229196,-0.5025075959619818,0.5025075959619818,-0.3341035137816593,0.35714285714285715,59
edge_minus_core_speed_q75,shell_residual_speed,1,28,-0.3065555035555265,0.11236157767971015,-0.4189170812352367,0.4189170812352367,-0.14776869080635166,0.35714285714285715,59
edge_minus_core_radial_abs_mean,shell_radial_state,1,28,-0.27309312977990163,0.13019242544559148,-0.40328555522549314,0.40328555522549314,-0.16580050009638714,0.35714285714285715,59
resid_speed_gini,residual_state_concentration,1,28,-0.41619652909872507,-0.030503563022659524,-0.3856929660760655,0.3856929660760655,-0.132961757846699,0.39285714285714285,59
edge_minus_core_energy_share,residual_energy_distribution,1,28,-0.20669759804637067,0.1666547278826473,-0.37335232592901796,0.37335232592901796,-0.20669759804637067,0.35714285714285715,59
edge_energy_share,residual_energy_distribution,1,28,-0.3211158328537876,0.014798279671247888,-0.33591411252503545,0.33591411252503545,-0.23825229266822456,0.39285714285714285,59
edge_high_speed_fraction_minus_core,high_residual_fish_location,1,28,-0.173885053538274,0.1061909642031679,-0.28007601774144186,0.28007601774144186,-0.14005843014084549,0.39285714285714285,59
core_energy_share,residual_energy_distribution,1,28,0.39472694817002085,0.1822197693323719,0.21250717883764894,0.21250717883764894,0.12579006852121524,0.5357142857142857,59
edge_minus_core_radial_abs_q75,shell_radial_state,1,28,0.204680250355867,0.05764551456618216,0.14703473578968485,0.14703473578968485,-0.03879173468610295,0.4642857142857143,59
edge_minus_core_tangential_q75,shell_tangential_state,1,28,-0.2939097369202759,-0.41043398087134825,0.11652424395107236,0.11652424395107236,-0.18923047410176058,0.42857142857142855,59
resid_energy_shell_entropy,residual_state_concentration,1,28,0.5039868587185782,0.3996446158344186,0.10434224288415955,0.10434224288415955,0.08629384265472974,0.5357142857142857,59
edge_minus_core_radial_signed_mean,shell_radial_state,1,28,-0.18999523517939193,-0.19607642038709755,0.006081185207705619,0.006081185207705619,0.0002137027417053461,0.5,59
edge_high_speed_fraction_minus_core,high_residual_fish_location,1,28,-0.724648247075502,0.35758344829842453,-1.0822316953739266,1.0822316953739266,-0.5256516076692932,0.35714285714285715,60
core_energy_share,residual_energy_distribution,1,28,0.6721537158679715,-0.1190434235837649,0.7911971394517363,0.7911971394517363,0.4559317027311758,0.6428571428571429,60
edge_minus_core_speed_q75,shell_residual_speed,1,28,-0.4898421099570611,0.2825555854998616,-0.7723976954569227,0.7723976954569227,-0.40316489373129716,0.32142857142857145,60
edge_minus_core_energy_share,residual_energy_distribution,1,28,-0.3159249087873048,0.3357688278865734,-0.6516937366738782,0.6516937366738782,-0.3296620541056403,0.2857142857142857,60
edge_minus_core_radial_signed_mean,shell_radial_state,1,28,0.0250573673054503,-0.5995275809553863,0.6245849482608365,0.6245849482608365,0.3066786818754894,0.5357142857142857,60
edge_energy_share,residual_energy_distribution,1,28,-0.1525698393236195,0.34673811724014003,-0.49930795656375954,0.49930795656375954,-0.2131683299277991,0.39285714285714285,60
resid_energy_shell_entropy,residual_state_concentration,1,28,-0.24646690231638269,0.21433257519021165,-0.46079947750659433,0.46079947750659433,-0.21433257519021165,0.39285714285714285,60
edge_minus_core_tangential_mean,shell_tangential_state,1,28,-0.6742730028583728,-0.2829279835416257,-0.3913450193167471,0.3913450193167471,-0.16672888403718744,0.42857142857142855,60
edge_minus_core_tangential_q75,shell_tangential_state,1,28,-0.45212026896666,-0.14266378796499923,-0.3094564810016608,0.3094564810016608,-0.1252259819156592,0.39285714285714285,60
resid_speed_gini,residual_state_concentration,1,28,-0.4357580990190417,-0.20643195698658423,-0.2293261420324575,0.2293261420324575,0.03360976283977386,0.5,60
edge_minus_core_speed_mean,shell_residual_speed,1,28,-0.364422006460265,-0.16472942876197716,-0.19969257769828785,0.19969257769828785,-0.13544419825759302,0.39285714285714285,60
edge_minus_core_radial_abs_mean,shell_radial_state,1,28,-0.0435408419853123,-0.19534163504688168,0.15180079306156938,0.15180079306156938,0.1689981989112537,0.5357142857142857,60
edge_minus_core_radial_abs_q75,shell_radial_state,1,28,-0.28611922881615154,-0.19228278347379985,-0.0938364453423517,0.0938364453423517,-0.0001567235464937644,0.5,60
top_tangential_radius_mean_z,high_residual_fish_location,1,28,-0.2080111267409433,-0.1877224957411033,-0.02028863099983999,0.02028863099983999,-0.02784743505122994,0.4642857142857143,60
top_speed_radius_mean_z,high_residual_fish_location,1,28,-0.050900356493588206,-0.04221765522338619,-0.008682701270202015,0.008682701270202015,0.04221765522338619,0.5,60
edge_minus_core_speed_q75,shell_residual_speed,1,28,-0.3576371241930636,0.6283780495296436,-0.9860151737227072,0.9860151737227072,-0.5098221856138928,0.2857142857142857,61
edge_high_speed_fraction_minus_core,high_residual_fish_location,1,28,-0.1783603105428545,0.6033334603139627,-0.7816937708568172,0.7816937708568172,-0.41867600589073495,0.2857142857142857,61
edge_energy_share,residual_energy_distribution,1,28,-0.14532851099824634,0.44458493694692,-0.5899134479451663,0.5899134479451663,-0.19081706298021114,0.42857142857142855,61
resid_speed_gini,residual_state_concentration,1,28,0.160999297968502,-0.24014873544917542,0.4011480334176774,0.4011480334176774,0.24014873544917542,0.5357142857142857,61
edge_minus_core_tangential_mean,shell_tangential_state,1,28,0.09887398461977658,-0.21716468381979254,0.3160386684395691,0.3160386684395691,0.1650218542435709,0.6071428571428571,61
edge_minus_core_speed_mean,shell_residual_speed,1,28,-0.022065382122934754,0.28157065792620284,-0.3036360400491376,0.3036360400491376,-0.13260885957959995,0.4642857142857143,61
edge_minus_core_radial_signed_mean,shell_radial_state,1,28,0.2758536099066098,-0.0031384286363572156,0.278992038542967,0.278992038542967,0.15669678657734723,0.5357142857142857,61
edge_minus_core_energy_share,residual_energy_distribution,1,28,0.13078720525277493,0.351010819021743,-0.2202236137689681,0.2202236137689681,-0.06884793523430553,0.4642857142857143,61
edge_minus_core_radial_abs_q75,shell_radial_state,1,28,0.2929044270833584,0.0835865899821158,0.2093178371012426,0.2093178371012426,0.0378396480531594,0.5,61
top_tangential_radius_mean_z,high_residual_fish_location,1,28,0.1316750853259566,-0.05902874219408701,0.1907038275200436,0.1907038275200436,0.11517795943692546,0.6071428571428571,61
edge_minus_core_radial_abs_mean,shell_radial_state,1,28,0.05912514015460471,0.24215145469399557,-0.18302631453939086,0.18302631453939086,-0.10420724537597267,0.39285714285714285,61
core_energy_share,residual_energy_distribution,1,28,-0.4203559599007249,-0.24544907297230062,-0.17490688692842427,0.17490688692842427,0.08537399805652857,0.5357142857142857,61
top_speed_radius_mean_z,high_residual_fish_location,1,28,0.1347581143697893,0.029008977687857762,0.10574913668193153,0.10574913668193153,-0.010847285660775696,0.5,61
resid_energy_shell_entropy,residual_state_concentration,1,28,-0.32070269617396974,-0.4045309676563552,0.08382827148238547,0.08382827148238547,-0.03196290622563444,0.4642857142857143,61
edge_minus_core_tangential_q75,shell_tangential_state,1,28,-0.04253172104632226,-0.12375199927185325,0.08122027822553099,0.08122027822553099,0.06193277307147421,0.5357142857142857,61
edge_minus_core_radial_abs_mean,shell_radial_state,1,28,-0.3029268919776909,0.39535242925431435,-0.6982793212320053,0.6982793212320053,-0.39535242925431435,0.39285714285714285,62
top_tangential_radius_mean_z,high_residual_fish_location,1,28,-0.49120561276324426,0.023858712502561885,-0.5150643252658061,0.5150643252658061,-0.2743681597891839,0.39285714285714285,62
edge_minus_core_radial_abs_q75,shell_radial_state,1,28,-0.29790543900904726,0.12047004232514501,-0.4183754813341923,0.4183754813341923,-0.1994130199729624,0.42857142857142855,62
top_speed_radius_mean_z,high_residual_fish_location,1,28,0.11600663982205658,-0.2991076353239916,0.41511427514604815,0.41511427514604815,0.12996826207405873,0.5714285714285714,62
edge_minus_core_energy_share,residual_energy_distribution,1,28,-0.26606382877090434,0.024031886038222094,-0.29009571480912644,0.29009571480912644,-0.024031886038222094,0.5,62
resid_speed_gini,residual_state_concentration,1,28,-0.00033656565883699585,0.27894770381020095,-0.27928426946903795,0.27928426946903795,-0.14234602587292078,0.42857142857142855,62
edge_high_speed_fraction_minus_core,high_residual_fish_location,1,28,-0.22938618789479576,0.0228352907957365,-0.25222147869053224,0.25222147869053224,-0.14027706416065383,0.4642857142857143,62
edge_minus_core_tangential_mean,shell_tangential_state,1,28,-0.0474982702037528,-0.28077245094200165,0.23327418073824885,0.23327418073824885,0.10704076697116466,0.6071428571428571,62
edge_energy_share,residual_energy_distribution,1,28,-0.3785139788151046,-0.1753493385263722,-0.20316464028873243,0.20316464028873243,-0.12362290181796481,0.4642857142857143,62
edge_minus_core_speed_mean,shell_residual_speed,1,28,-0.015437164705498163,-0.21760183903484048,0.20216467432934232,0.20216467432934232,0.1335405219659317,0.5357142857142857,62
edge_minus_core_radial_signed_mean,shell_radial_state,1,28,0.33959968818394604,0.5317217150760742,-0.1921220268921282,0.1921220268921282,-0.21873239832814484,0.42857142857142855,62
resid_energy_shell_entropy,residual_state_concentration,1,28,-0.20584929050152517,-0.0552801478497705,-0.15056914265175467,0.15056914265175467,-0.03635693469120699,0.5,62
core_energy_share,residual_energy_distribution,1,28,0.05807253873780821,0.20155351390212412,-0.1434809751643159,0.1434809751643159,-0.20155351390212412,0.4642857142857143,62
edge_minus_core_speed_q75,shell_residual_speed,1,28,0.04650741160040833,-0.03153618714218111,0.07804359874258944,0.07804359874258944,0.03153618714218111,0.5357142857142857,62
edge_minus_core_tangential_q75,shell_tangential_state,1,28,-0.2654321803533569,-0.25850060440841005,-0.006931575944946866,0.006931575944946866,-0.1321385120849733,0.4642857142857143,62
edge_minus_core_speed_q75,shell_residual_speed,1,28,0.07709682125838713,0.5762518645910728,-0.4991550433326857,0.4991550433326857,-0.3552273648803433,0.32142857142857145,63
edge_high_speed_fraction_minus_core,high_residual_fish_location,1,28,0.056724534497136186,0.5536748968524725,-0.4969503623553363,0.4969503623553363,-0.4050056385821261,0.39285714285714285,63
resid_speed_gini,residual_state_concentration,1,28,0.7082606101103643,0.22184425403378252,0.48641635607658185,0.48641635607658185,0.19811372476840783,0.5357142857142857,63
edge_minus_core_radial_abs_mean,shell_radial_state,1,28,0.12062619023224186,0.5054692450954704,-0.38484305486322856,0.38484305486322856,-0.08628796781709344,0.5,63
edge_minus_core_tangential_mean,shell_tangential_state,1,28,-0.02176617919567126,-0.3928384675612233,0.37107228836555206,0.37107228836555206,0.16634991768173182,0.5714285714285714,63
edge_minus_core_tangential_q75,shell_tangential_state,1,28,-0.13657742815634616,0.22292826181977443,-0.3595056899761206,0.3595056899761206,-0.16502378555032962,0.5,63
top_speed_radius_mean_z,high_residual_fish_location,1,28,-0.26677042618859653,0.03232126714402189,-0.2990916933326184,0.2990916933326184,-0.07668800708449303,0.5,63
core_energy_share,residual_energy_distribution,1,28,0.2339199271154872,0.007836672972150086,0.22608325414333713,0.22608325414333713,0.12921149321845865,0.5357142857142857,63
edge_minus_core_radial_signed_mean,shell_radial_state,1,28,0.041873241001118916,-0.16884444873967014,0.21071768974078905,0.21071768974078905,0.041873241001118916,0.6071428571428571,63
resid_energy_shell_entropy,residual_state_concentration,1,28,0.29570854378225697,0.1764980452488838,0.11921049853337318,0.11921049853337318,-0.07752807120522189,0.42857142857142855,63
edge_energy_share,residual_energy_distribution,1,28,0.3752921512932449,0.2695660582591525,0.10572609303409242,0.10572609303409242,-0.08991212335067039,0.4642857142857143,63
edge_minus_core_energy_share,residual_energy_distribution,1,28,0.22037043862515873,0.14714286196533416,0.07322757665982457,0.07322757665982457,-0.04824741157706422,0.42857142857142855,63
edge_minus_core_radial_abs_q75,shell_radial_state,1,28,0.04225989366170223,-0.027961337752868798,0.07022123141457103,0.07022123141457103,0.04225989366170223,0.6071428571428571,63
top_tangential_radius_mean_z,high_residual_fish_location,1,28,0.0016672346193718351,-0.06722343188665936,0.06889066650603119,0.06889066650603119,0.06722343188665936,0.5,63
edge_minus_core_speed_mean,shell_residual_speed,1,28,0.028522843744894444,0.031721454237144786,-0.0031986104922503422,0.0031986104922503422,-0.004175892070065468,0.5,63
edge_minus_core_speed_q75,shell_residual_speed,1,28,1.0343944291240927,-0.27552321781418343,1.3099176469382763,1.3099176469382763,0.5162787361136986,0.6785714285714286,64
edge_high_speed_fraction_minus_core,high_residual_fish_location,1,28,0.9460375436660259,-0.21882024562196514,1.164857789287991,1.164857789287991,0.47890545055381517,0.6785714285714286,64
top_speed_radius_mean_z,high_residual_fish_location,1,28,0.6692501483087971,-0.04916438350706415,0.7184145318158612,0.7184145318158612,0.32746915598672993,0.6071428571428571,64
edge_minus_core_radial_abs_q75,shell_radial_state,1,28,0.1997105289365365,-0.3898842748705923,0.5895948038071288,0.5895948038071288,0.31800807359449335,0.6428571428571429,64
edge_minus_core_tangential_q75,shell_tangential_state,1,28,0.6803904453164975,0.09489965179777181,0.5854907935187257,0.5854907935187257,0.1191834746677362,0.5714285714285714,64
edge_minus_core_speed_mean,shell_residual_speed,1,28,0.7892462392953388,0.2297379560795698,0.559508283215769,0.559508283215769,0.1573555596489668,0.6071428571428571,64
core_energy_share,residual_energy_distribution,1,28,-0.23216098774508187,0.268775559388464,-0.5009365471335459,0.5009365471335459,-0.268775559388464,0.39285714285714285,64
edge_minus_core_energy_share,residual_energy_distribution,1,28,0.7183357426134789,0.29783229723448595,0.4205034453789929,0.4205034453789929,0.2031910279492254,0.5714285714285714,64
edge_minus_core_tangential_mean,shell_tangential_state,1,28,0.7636689116140671,0.35519168241731064,0.4084772291967565,0.4084772291967565,-0.1205221293082642,0.42857142857142855,64
resid_speed_gini,residual_state_concentration,1,28,-0.24375260993999076,0.13152938248393709,-0.37528199242392785,0.37528199242392785,-0.13152938248393709,0.42857142857142855,64
top_tangential_radius_mean_z,high_residual_fish_location,1,28,0.5280147115923575,0.17083430824680962,0.35718040334554785,0.35718040334554785,-0.022578524575055048,0.5,64
edge_minus_core_radial_signed_mean,shell_radial_state,1,28,-0.2099862178017689,0.06157042701952395,-0.2715566448212928,0.2715566448212928,-0.1622624392820643,0.4642857142857143,64
edge_energy_share,residual_energy_distribution,1,28,0.6596434714884456,0.43030466753637553,0.22933880395207007,0.22933880395207007,0.19606516556137826,0.5714285714285714,64
edge_minus_core_radial_abs_mean,shell_radial_state,1,28,0.047445839442917165,-0.16326404977094433,0.2107098892138615,0.2107098892138615,0.07550314972371149,0.5714285714285714,64
resid_energy_shell_entropy,residual_state_concentration,1,28,0.02194156600027443,-0.012320413593471677,0.034261979593746106,0.034261979593746106,0.012320413593471677,0.5,64
